Datetime,Ticker,Adj Close,Close,High,Low,Open,Volume
2024-08-27 09:30:00+00:00,AEP,99.12999725341797,99.12999725341797,99.31999969482422,99.01000213623047,99.0199966430664,34981.0
2024-08-27 09:30:00+00:00,ARTNA,36.119998931884766,36.119998931884766,36.119998931884766,36.119998931884766,36.119998931884766,0.0
2024-08-27 09:30:00+00:00,AY,22.273000717163086,22.273000717163086,22.273000717163086,22.25,22.25,0.0
2024-08-27 09:30:00+00:00,BNRG,0.6949999928474426,0.6949999928474426,0.6949999928474426,0.6949999928474426,0.6949999928474426,0.0
2024-08-27 09:30:00+00:00,CDZI,3.2706000804901123,3.2706000804901123,3.3299999237060547,3.2706000804901123,3.3299999237060547,1037.0
2024-08-27 09:30:00+00:00,CEG,194.0850067138672,194.0850067138672,194.88999938964844,194.0800018310547,194.88999938964844,23585.0
2024-08-27 09:30:00+00:00,CREG,0.8149999976158142,0.8149999976158142,0.8149999976158142,0.8149999976158142,0.8149999976158142,1006.0
2024-08-27 09:30:00+00:00,CWCO,27.100000381469727,27.100000381469727,27.100000381469727,27.100000381469727,27.100000381469727,2649.0
2024-08-27 09:30:00+00:00,EXC,37.9900016784668,37.9900016784668,38.029998779296875,37.95000076293945,38.0,50996.0
2024-08-27 09:30:00+00:00,FLNC,19.139999389648438,19.139999389648438,19.15999984741211,18.924999237060547,19.079999923706055,56742.0
2024-08-27 09:30:00+00:00,GWRS,12.789999961853027,12.789999961853027,12.789999961853027,12.789999961853027,12.789999961853027,0.0
2024-08-27 09:30:00+00:00,HTOO,0.625,0.625,0.6251999735832214,0.625,0.6251999735832214,3962.0
2024-08-27 09:30:00+00:00,LNT,58.22999954223633,58.22999954223633,58.25,58.18000030517578,58.18000030517578,8510.0
2024-08-27 09:30:00+00:00,MGEE,87.23999786376953,87.23999786376953,87.23999786376953,87.23999786376953,87.23999786376953,0.0
2024-08-27 09:30:00+00:00,MNTK,4.579999923706055,4.579999923706055,4.579999923706055,4.579999923706055,4.579999923706055,0.0
2024-08-27 09:30:00+00:00,MSEX,61.459999084472656,61.459999084472656,61.459999084472656,61.459999084472656,61.459999084472656,0.0
2024-08-27 09:30:00+00:00,NFE,13.0649995803833,13.0649995803833,13.15999984741211,13.010000228881836,13.15999984741211,26830.0
2024-08-27 09:30:00+00:00,NWE,54.130001068115234,54.130001068115234,54.130001068115234,54.130001068115234,54.130001068115234,0.0
2024-08-27 09:30:00+00:00,OPAL,3.6500000953674316,3.6500000953674316,3.6500000953674316,3.6500000953674316,3.6500000953674316,0.0
2024-08-27 09:30:00+00:00,OTTR,91.72000122070312,91.72000122070312,91.72000122070312,91.72000122070312,91.72000122070312,1304.0
2024-08-27 09:30:00+00:00,PCYO,10.449999809265137,10.449999809265137,10.449999809265137,10.449999809265137,10.449999809265137,6824.0
2024-08-27 09:30:00+00:00,RGCO,20.770000457763672,20.770000457763672,20.770000457763672,20.770000457763672,20.770000457763672,0.0
2024-08-27 09:30:00+00:00,RNW,5.820000171661377,5.820000171661377,5.820000171661377,5.739999771118164,5.739999771118164,123856.0
2024-08-27 09:30:00+00:00,WAVE,4.164999961853027,4.164999961853027,4.170100212097168,4.130000114440918,4.130000114440918,5049.0
2024-08-27 09:30:00+00:00,XEL,61.599998474121094,61.599998474121094,61.65999984741211,61.47999954223633,61.540000915527344,41013.0
2024-08-27 09:30:00+00:00,YORW,38.209999084472656,38.209999084472656,38.209999084472656,38.209999084472656,38.209999084472656,1619.0
2024-08-27 09:31:00+00:00,AEP,99.125,99.125,99.1449966430664,99.0999984741211,99.125,3637.0
2024-08-27 09:31:00+00:00,ARTNA,36.01499938964844,36.01499938964844,36.01499938964844,36.01499938964844,36.01499938964844,718.0
2024-08-27 09:31:00+00:00,CEG,194.0850067138672,194.0850067138672,194.0850067138672,193.6490020751953,193.6490020751953,1232.0
2024-08-27 09:31:00+00:00,CWCO,27.079999923706055,27.079999923706055,27.079999923706055,27.079999923706055,27.079999923706055,413.0
2024-08-27 09:31:00+00:00,EXC,37.970001220703125,37.970001220703125,37.9900016784668,37.95000076293945,37.9900016784668,7287.0
2024-08-27 09:31:00+00:00,FLNC,18.971500396728516,18.971500396728516,19.0625,18.90690040588379,18.90690040588379,3490.0
2024-08-27 09:31:00+00:00,GWRS,12.779999732971191,12.779999732971191,12.779999732971191,12.779999732971191,12.779999732971191,423.0
2024-08-27 09:31:00+00:00,HTOO,0.6200000047683716,0.6200000047683716,0.625,0.6200000047683716,0.625,10547.0
2024-08-27 09:31:00+00:00,LNT,58.20000076293945,58.20000076293945,58.20000076293945,58.1150016784668,58.119998931884766,2675.0
2024-08-27 09:31:00+00:00,MNTK,4.559999942779541,4.559999942779541,4.559999942779541,4.559999942779541,4.559999942779541,402.0
2024-08-27 09:31:00+00:00,NFE,13.020000457763672,13.020000457763672,13.093099594116211,13.020000457763672,13.079999923706055,2297.0
2024-08-27 09:31:00+00:00,RNW,5.880300045013428,5.880300045013428,5.949999809265137,5.789999961853027,5.820000171661377,37352.0
2024-08-27 09:31:00+00:00,XEL,61.56999969482422,61.56999969482422,61.630001068115234,61.564998626708984,61.564998626708984,2278.0
2024-08-27 09:32:00+00:00,AEP,99.18499755859375,99.18499755859375,99.20999908447266,99.1449966430664,99.20999908447266,1097.0
2024-08-27 09:32:00+00:00,CEG,193.57000732421875,193.57000732421875,194.24000549316406,193.57000732421875,194.24000549316406,1288.0
2024-08-27 09:32:00+00:00,CWCO,27.290000915527344,27.290000915527344,27.290000915527344,27.09000015258789,27.09000015258789,859.0
2024-08-27 09:32:00+00:00,EXC,37.93000030517578,37.93000030517578,37.95000076293945,37.915000915527344,37.95000076293945,6434.0
2024-08-27 09:32:00+00:00,FLNC,18.885000228881836,18.885000228881836,18.93000030517578,18.760000228881836,18.90999984741211,26471.0
2024-08-27 09:32:00+00:00,HTOO,0.6200000047683716,0.6200000047683716,0.6205000281333923,0.6111000180244446,0.6140000224113464,20940.0
2024-08-27 09:32:00+00:00,NFE,13.069000244140625,13.069000244140625,13.069000244140625,12.979999542236328,13.020000457763672,12912.0
2024-08-27 09:32:00+00:00,NWE,53.83000183105469,53.83000183105469,53.83000183105469,53.83000183105469,53.83000183105469,337.0
2024-08-27 09:32:00+00:00,PCYO,10.479999542236328,10.479999542236328,10.479999542236328,10.479999542236328,10.479999542236328,442.0
2024-08-27 09:32:00+00:00,RNW,5.9008002281188965,5.9008002281188965,5.909999847412109,5.850100040435791,5.880000114440918,24206.0
2024-08-27 09:32:00+00:00,XEL,61.560001373291016,61.560001373291016,61.59000015258789,61.560001373291016,61.564998626708984,951.0
2024-08-27 09:33:00+00:00,AEP,99.08999633789062,99.08999633789062,99.15650177001953,99.05000305175781,99.15650177001953,4463.0
2024-08-27 09:33:00+00:00,AY,22.264999389648438,22.264999389648438,22.264999389648438,22.25,22.25,1388.0
2024-08-27 09:33:00+00:00,CEG,194.50999450683594,194.50999450683594,194.50999450683594,193.63999938964844,194.0850067138672,13414.0
2024-08-27 09:33:00+00:00,CWCO,27.485000610351562,27.485000610351562,27.489999771118164,27.239999771118164,27.290000915527344,1900.0
2024-08-27 09:33:00+00:00,EXC,37.93000030517578,37.93000030517578,37.939998626708984,37.900001525878906,37.939998626708984,7039.0
2024-08-27 09:33:00+00:00,FLNC,18.8700008392334,18.8700008392334,18.8700008392334,18.739999771118164,18.850000381469727,15715.0
2024-08-27 09:33:00+00:00,GWRS,12.681699752807617,12.681699752807617,12.684599876403809,12.681699752807617,12.684599876403809,365.0
2024-08-27 09:33:00+00:00,LNT,58.060001373291016,58.060001373291016,58.060001373291016,58.060001373291016,58.060001373291016,367.0
2024-08-27 09:33:00+00:00,RNW,5.945000171661377,5.945000171661377,5.945000171661377,5.912099838256836,5.912099838256836,12438.0
2024-08-27 09:33:00+00:00,XEL,61.380001068115234,61.380001068115234,61.5,61.380001068115234,61.5,4859.0
2024-08-27 09:34:00+00:00,AEP,99.05999755859375,99.05999755859375,99.05999755859375,99.05999755859375,99.05999755859375,616.0
2024-08-27 09:34:00+00:00,CEG,195.1750030517578,195.1750030517578,195.25,193.8719940185547,193.8719940185547,5396.0
2024-08-27 09:34:00+00:00,CREG,0.8650000095367432,0.8650000095367432,0.8650000095367432,0.8650000095367432,0.8650000095367432,707.0
2024-08-27 09:34:00+00:00,CWCO,27.469999313354492,27.469999313354492,27.469999313354492,27.469999313354492,27.469999313354492,432.0
2024-08-27 09:34:00+00:00,EXC,37.95500183105469,37.95500183105469,37.95500183105469,37.90999984741211,37.935001373291016,12235.0
2024-08-27 09:34:00+00:00,FLNC,19.049999237060547,19.049999237060547,19.079999923706055,18.860000610351562,18.8799991607666,10030.0
2024-08-27 09:34:00+00:00,LNT,58.040000915527344,58.040000915527344,58.060001373291016,58.040000915527344,58.060001373291016,558.0
2024-08-27 09:34:00+00:00,NFE,13.029999732971191,13.029999732971191,13.084799766540527,13.029999732971191,13.084799766540527,1328.0
2024-08-27 09:34:00+00:00,RNW,5.945000171661377,5.945000171661377,5.945000171661377,5.940100193023682,5.945000171661377,152.0
2024-08-27 09:34:00+00:00,WAVE,3.9000000953674316,3.9000000953674316,3.940000057220459,3.9000000953674316,3.9100000858306885,2801.0
2024-08-27 09:34:00+00:00,XEL,61.41999816894531,61.41999816894531,61.459999084472656,61.41999816894531,61.459999084472656,1919.0
2024-08-27 09:35:00+00:00,AEP,98.98500061035156,98.98500061035156,98.98999786376953,98.98500061035156,98.98999786376953,558.0
2024-08-27 09:35:00+00:00,AY,22.260000228881836,22.260000228881836,22.260000228881836,22.260000228881836,22.260000228881836,419.0
2024-08-27 09:35:00+00:00,CEG,195.17999267578125,195.17999267578125,195.17999267578125,194.88999938964844,195.1750030517578,2577.0
2024-08-27 09:35:00+00:00,CWCO,27.389999389648438,27.389999389648438,27.59000015258789,27.3799991607666,27.3799991607666,3152.0
2024-08-27 09:35:00+00:00,EXC,37.974998474121094,37.974998474121094,37.974998474121094,37.95000076293945,37.95000076293945,4781.0
2024-08-27 09:35:00+00:00,FLNC,19.014999389648438,19.014999389648438,19.030000686645508,19.014999389648438,19.030000686645508,2550.0
2024-08-27 09:35:00+00:00,HTOO,0.6100000143051147,0.6100000143051147,0.6200000047683716,0.6100000143051147,0.6200000047683716,0.0
2024-08-27 09:35:00+00:00,LNT,58.099998474121094,58.099998474121094,58.099998474121094,58.099998474121094,58.099998474121094,465.0
2024-08-27 09:35:00+00:00,NFE,13.100000381469727,13.100000381469727,13.100000381469727,13.0649995803833,13.0649995803833,4286.0
2024-08-27 09:35:00+00:00,OPAL,3.619999885559082,3.619999885559082,3.6700000762939453,3.609999895095825,3.6500000953674316,23110.0
2024-08-27 09:35:00+00:00,RNW,5.954999923706055,5.954999923706055,5.954999923706055,5.949999809265137,5.954999923706055,3562.0
2024-08-27 09:35:00+00:00,XEL,61.4900016784668,61.4900016784668,61.560001373291016,61.4900016784668,61.5099983215332,2532.0
2024-08-27 09:36:00+00:00,AEP,98.98999786376953,98.98999786376953,98.98999786376953,98.98999786376953,98.98999786376953,568.0
2024-08-27 09:36:00+00:00,AY,22.264999389648438,22.264999389648438,22.264999389648438,22.260000228881836,22.264999389648438,2442.0
2024-08-27 09:36:00+00:00,CEG,196.22999572753906,196.22999572753906,196.22999572753906,195.10000610351562,195.10000610351562,4203.0
2024-08-27 09:36:00+00:00,EXC,37.95000076293945,37.95000076293945,37.974998474121094,37.95000076293945,37.974998474121094,4095.0
2024-08-27 09:36:00+00:00,FLNC,19.030000686645508,19.030000686645508,19.06999969482422,18.980899810791016,19.030000686645508,3185.0
2024-08-27 09:36:00+00:00,HTOO,0.6299999952316284,0.6299999952316284,0.6299999952316284,0.6299999952316284,0.6299999952316284,3024.0
2024-08-27 09:36:00+00:00,LNT,58.064998626708984,58.064998626708984,58.099998474121094,58.064998626708984,58.099998474121094,2692.0
2024-08-27 09:36:00+00:00,MSEX,61.630001068115234,61.630001068115234,61.630001068115234,61.619998931884766,61.619998931884766,1012.0
2024-08-27 09:36:00+00:00,NFE,13.100000381469727,13.100000381469727,13.109999656677246,13.071499824523926,13.071499824523926,3378.0
2024-08-27 09:36:00+00:00,RNW,5.960000038146973,5.960000038146973,6.010000228881836,5.949999809265137,5.960000038146973,53534.0
2024-08-27 09:36:00+00:00,XEL,61.43000030517578,61.43000030517578,61.47999954223633,61.43000030517578,61.47999954223633,2236.0
2024-08-27 09:37:00+00:00,AEP,98.92500305175781,98.92500305175781,98.92500305175781,98.84010314941406,98.86000061035156,1719.0
2024-08-27 09:37:00+00:00,AY,22.260000228881836,22.260000228881836,22.260000228881836,22.260000228881836,22.260000228881836,1643.0
2024-08-27 09:37:00+00:00,CEG,196.39999389648438,196.39999389648438,196.77499389648438,195.86000061035156,195.86000061035156,19425.0
2024-08-27 09:37:00+00:00,EXC,37.970001220703125,37.970001220703125,37.970001220703125,37.90999984741211,37.939998626708984,10697.0
2024-08-27 09:37:00+00:00,FLNC,19.030000686645508,19.030000686645508,19.030000686645508,18.9596004486084,19.030000686645508,3819.0
2024-08-27 09:37:00+00:00,LNT,58.099998474121094,58.099998474121094,58.099998474121094,58.099998474121094,58.099998474121094,1162.0
2024-08-27 09:37:00+00:00,MNTK,4.570000171661377,4.570000171661377,4.579999923706055,4.559999942779541,4.579999923706055,1240.0
2024-08-27 09:37:00+00:00,MSEX,61.630001068115234,61.630001068115234,61.630001068115234,61.630001068115234,61.630001068115234,195.0
2024-08-27 09:37:00+00:00,NFE,13.100000381469727,13.100000381469727,13.109999656677246,13.100000381469727,13.109999656677246,2300.0
2024-08-27 09:37:00+00:00,OPAL,3.609999895095825,3.609999895095825,3.609999895095825,3.609999895095825,3.609999895095825,781.0
2024-08-27 09:37:00+00:00,OTTR,91.21820068359375,91.21820068359375,91.21820068359375,91.21820068359375,91.21820068359375,676.0
2024-08-27 09:37:00+00:00,RNW,5.880000114440918,5.880000114440918,5.960000038146973,5.880000114440918,5.949999809265137,17019.0
2024-08-27 09:37:00+00:00,XEL,61.45000076293945,61.45000076293945,61.45000076293945,61.45000076293945,61.45000076293945,969.0
2024-08-27 09:37:00+00:00,YORW,38.040000915527344,38.040000915527344,38.040000915527344,38.040000915527344,38.040000915527344,412.0
2024-08-27 09:38:00+00:00,AEP,99.0,99.0,99.0,98.93000030517578,98.94999694824219,2586.0
2024-08-27 09:38:00+00:00,BNRG,0.6671000123023987,0.6671000123023987,0.6672000288963318,0.6671000123023987,0.6672000288963318,1172.0
2024-08-27 09:38:00+00:00,CDZI,3.3299999237060547,3.3299999237060547,3.3299999237060547,3.3299999237060547,3.3299999237060547,455.0
2024-08-27 09:38:00+00:00,CEG,196.39999389648438,196.39999389648438,196.39999389648438,196.11000061035156,196.24000549316406,6670.0
2024-08-27 09:38:00+00:00,EXC,37.959999084472656,37.959999084472656,37.970001220703125,37.95000076293945,37.959999084472656,2777.0
2024-08-27 09:38:00+00:00,FLNC,19.079999923706055,19.079999923706055,19.079999923706055,19.0,19.0,20776.0
2024-08-27 09:38:00+00:00,NFE,13.199999809265137,13.199999809265137,13.199999809265137,13.119999885559082,13.119999885559082,21802.0
2024-08-27 09:38:00+00:00,NWE,54.05500030517578,54.05500030517578,54.05500030517578,54.05500030517578,54.05500030517578,231.0
2024-08-27 09:38:00+00:00,RNW,5.851099967956543,5.851099967956543,5.851099967956543,5.851099967956543,5.851099967956543,2533.0
2024-08-27 09:38:00+00:00,XEL,61.439998626708984,61.439998626708984,61.439998626708984,61.439998626708984,61.439998626708984,553.0
2024-08-27 09:39:00+00:00,AEP,99.0,99.0,99.0,98.94000244140625,98.98999786376953,2663.0
2024-08-27 09:39:00+00:00,AY,22.264999389648438,22.264999389648438,22.264999389648438,22.264999389648438,22.264999389648438,733.0
2024-08-27 09:39:00+00:00,CEG,196.5050048828125,196.5050048828125,196.50999450683594,196.39500427246094,196.39500427246094,2018.0
2024-08-27 09:39:00+00:00,CWCO,27.75,27.75,27.760000228881836,27.635000228881836,27.635000228881836,1432.0
2024-08-27 09:39:00+00:00,EXC,37.95000076293945,37.95000076293945,37.96500015258789,37.939998626708984,37.95500183105469,9264.0
2024-08-27 09:39:00+00:00,FLNC,19.030000686645508,19.030000686645508,19.030000686645508,18.989999771118164,19.0,3746.0
2024-08-27 09:39:00+00:00,MNTK,4.570000171661377,4.570000171661377,4.570000171661377,4.570000171661377,4.570000171661377,355.0
2024-08-27 09:39:00+00:00,NFE,13.25,13.25,13.25,13.234999656677246,13.239999771118164,2799.0
2024-08-27 09:39:00+00:00,RNW,5.856800079345703,5.856800079345703,5.856800079345703,5.849999904632568,5.849999904632568,1513.0
2024-08-27 09:39:00+00:00,WAVE,3.9100000858306885,3.9100000858306885,3.9100000858306885,3.9100000858306885,3.9100000858306885,318.0
2024-08-27 09:39:00+00:00,XEL,61.38999938964844,61.38999938964844,61.45000076293945,61.375,61.45000076293945,2768.0
2024-08-27 09:40:00+00:00,AEP,99.0,99.0,99.0199966430664,98.94999694824219,98.95999908447266,14740.0
2024-08-27 09:40:00+00:00,AY,22.264999389648438,22.264999389648438,22.264999389648438,22.264999389648438,22.264999389648438,349.0
2024-08-27 09:40:00+00:00,CEG,196.5,196.5,196.63999938964844,196.26499938964844,196.5050048828125,7501.0
2024-08-27 09:40:00+00:00,CWCO,27.770000457763672,27.770000457763672,27.770000457763672,27.760000228881836,27.760000228881836,1165.0
2024-08-27 09:40:00+00:00,EXC,37.970001220703125,37.970001220703125,38.0,37.959999084472656,37.959999084472656,9571.0
2024-08-27 09:40:00+00:00,FLNC,18.969999313354492,18.969999313354492,19.040000915527344,18.950000762939453,19.040000915527344,3618.0
2024-08-27 09:40:00+00:00,MNTK,4.579999923706055,4.579999923706055,4.579999923706055,4.579999923706055,4.579999923706055,133.0
2024-08-27 09:40:00+00:00,NFE,13.229999542236328,13.229999542236328,13.25,13.220000267028809,13.229999542236328,4816.0
2024-08-27 09:40:00+00:00,NWE,54.06999969482422,54.06999969482422,54.06999969482422,54.06999969482422,54.06999969482422,122.0
2024-08-27 09:40:00+00:00,RNW,5.860000133514404,5.860000133514404,5.864999771118164,5.849999904632568,5.849999904632568,1916.0
2024-08-27 09:40:00+00:00,XEL,61.45500183105469,61.45500183105469,61.45500183105469,61.415000915527344,61.415000915527344,2297.0
2024-08-27 09:40:00+00:00,YORW,37.88999938964844,37.88999938964844,37.90999984741211,37.88999938964844,37.90999984741211,578.0
2024-08-27 09:41:00+00:00,AEP,99.13999938964844,99.13999938964844,99.13999938964844,98.99500274658203,99.0260009765625,6133.0
2024-08-27 09:41:00+00:00,AY,22.264999389648438,22.264999389648438,22.264999389648438,22.264999389648438,22.264999389648438,162.0
2024-08-27 09:41:00+00:00,CEG,196.77499389648438,196.77499389648438,196.77499389648438,196.22000122070312,196.27999877929688,7375.0
2024-08-27 09:41:00+00:00,CWCO,27.969999313354492,27.969999313354492,28.0,27.75200080871582,27.77519989013672,7632.0
2024-08-27 09:41:00+00:00,EXC,37.939998626708984,37.939998626708984,37.970001220703125,37.939998626708984,37.970001220703125,13983.0
2024-08-27 09:41:00+00:00,FLNC,19.03499984741211,19.03499984741211,19.06999969482422,18.969999313354492,18.969999313354492,7703.0
2024-08-27 09:41:00+00:00,GWRS,12.779999732971191,12.779999732971191,12.779999732971191,12.779999732971191,12.779999732971191,192.0
2024-08-27 09:41:00+00:00,LNT,58.029998779296875,58.029998779296875,58.029998779296875,58.029998779296875,58.029998779296875,387.0
2024-08-27 09:41:00+00:00,MSEX,61.849998474121094,61.849998474121094,61.849998474121094,61.39500045776367,61.39500045776367,300.0
2024-08-27 09:41:00+00:00,NFE,13.229999542236328,13.229999542236328,13.25,13.229999542236328,13.229999542236328,8207.0
2024-08-27 09:41:00+00:00,RNW,5.840000152587891,5.840000152587891,5.840000152587891,5.840000152587891,5.840000152587891,1073.0
2024-08-27 09:41:00+00:00,XEL,61.43000030517578,61.43000030517578,61.46500015258789,61.43000030517578,61.439998626708984,3268.0
2024-08-27 09:42:00+00:00,AEP,99.07250213623047,99.07250213623047,99.16000366210938,99.07250213623047,99.13500213623047,4003.0
2024-08-27 09:42:00+00:00,AY,22.260000228881836,22.260000228881836,22.264999389648438,22.260000228881836,22.260000228881836,2848.0
2024-08-27 09:42:00+00:00,CEG,196.91000366210938,196.91000366210938,197.2790069580078,196.50999450683594,196.89500427246094,6638.0
2024-08-27 09:42:00+00:00,EXC,37.959999084472656,37.959999084472656,37.974998474121094,37.94499969482422,37.95000076293945,10966.0
2024-08-27 09:42:00+00:00,FLNC,18.979999542236328,18.979999542236328,19.030000686645508,18.979999542236328,19.030000686645508,5615.0
2024-08-27 09:42:00+00:00,LNT,58.02000045776367,58.02000045776367,58.02000045776367,58.02000045776367,58.02000045776367,229.0
2024-08-27 09:42:00+00:00,MNTK,4.570000171661377,4.570000171661377,4.579999923706055,4.570000171661377,4.579999923706055,2292.0
2024-08-27 09:42:00+00:00,NFE,13.1899995803833,13.1899995803833,13.210000038146973,13.15999984741211,13.210000038146973,3637.0
2024-08-27 09:42:00+00:00,RNW,5.800000190734863,5.800000190734863,5.840000152587891,5.800000190734863,5.840000152587891,3940.0
2024-08-27 09:42:00+00:00,XEL,61.39500045776367,61.39500045776367,61.45500183105469,61.380001068115234,61.439998626708984,2611.0
2024-08-27 09:43:00+00:00,AEP,99.16000366210938,99.16000366210938,99.16000366210938,99.12999725341797,99.12999725341797,1045.0
2024-08-27 09:43:00+00:00,CEG,197.0449981689453,197.0449981689453,197.04750061035156,196.875,196.9149932861328,10838.0
2024-08-27 09:43:00+00:00,CWCO,28.190000534057617,28.190000534057617,28.190000534057617,28.190000534057617,28.190000534057617,480.0
2024-08-27 09:43:00+00:00,EXC,37.91999816894531,37.91999816894531,37.95000076293945,37.915000915527344,37.94499969482422,13751.0
2024-08-27 09:43:00+00:00,FLNC,18.93000030517578,18.93000030517578,18.93000030517578,18.8799991607666,18.899999618530273,10357.0
2024-08-27 09:43:00+00:00,LNT,58.04999923706055,58.04999923706055,58.04999923706055,58.04999923706055,58.04999923706055,398.0
2024-08-27 09:43:00+00:00,MNTK,4.559999942779541,4.559999942779541,4.559999942779541,4.559999942779541,4.559999942779541,104.0
2024-08-27 09:43:00+00:00,NFE,13.101799964904785,13.101799964904785,13.1899995803833,13.101799964904785,13.175000190734863,5257.0
2024-08-27 09:43:00+00:00,NWE,53.97999954223633,53.97999954223633,53.9900016784668,53.97999954223633,53.9900016784668,623.0
2024-08-27 09:43:00+00:00,RNW,5.775000095367432,5.775000095367432,5.78000020980835,5.775000095367432,5.78000020980835,1669.0
2024-08-27 09:43:00+00:00,XEL,61.45500183105469,61.45500183105469,61.45500183105469,61.369998931884766,61.369998931884766,2177.0
2024-08-27 09:43:00+00:00,YORW,37.779998779296875,37.779998779296875,37.779998779296875,37.779998779296875,37.779998779296875,1690.0
2024-08-27 09:44:00+00:00,AEP,99.22000122070312,99.22000122070312,99.2699966430664,99.22000122070312,99.2699966430664,1569.0
2024-08-27 09:44:00+00:00,AY,22.2549991607666,22.2549991607666,22.260000228881836,22.2549991607666,22.260000228881836,3107.0
2024-08-27 09:44:00+00:00,CEG,196.8000946044922,196.8000946044922,197.27000427246094,196.8000946044922,197.0500030517578,4163.0
2024-08-27 09:44:00+00:00,CWCO,28.148000717163086,28.148000717163086,28.148000717163086,28.024999618530273,28.079999923706055,2022.0
2024-08-27 09:44:00+00:00,EXC,37.96500015258789,37.96500015258789,37.96500015258789,37.93000030517578,37.939998626708984,7356.0
2024-08-27 09:44:00+00:00,FLNC,18.959999084472656,18.959999084472656,19.010000228881836,18.93000030517578,18.950000762939453,6315.0
2024-08-27 09:44:00+00:00,HTOO,0.6100000143051147,0.6100000143051147,0.6100000143051147,0.6100000143051147,0.6100000143051147,3416.0
2024-08-27 09:44:00+00:00,LNT,58.099998474121094,58.099998474121094,58.099998474121094,58.099998474121094,58.099998474121094,707.0
2024-08-27 09:44:00+00:00,MNTK,4.570000171661377,4.570000171661377,4.570000171661377,4.570000171661377,4.570000171661377,1800.0
2024-08-27 09:44:00+00:00,NFE,13.119999885559082,13.119999885559082,13.140000343322754,13.100000381469727,13.125,3878.0
2024-08-27 09:44:00+00:00,RNW,5.784999847412109,5.784999847412109,5.784999847412109,5.769999980926514,5.769999980926514,1543.0
2024-08-27 09:44:00+00:00,XEL,61.43000030517578,61.43000030517578,61.459999084472656,61.42499923706055,61.459999084472656,3651.0
2024-08-27 09:45:00+00:00,AEP,99.3499984741211,99.3499984741211,99.37000274658203,99.27999877929688,99.27999877929688,1534.0
2024-08-27 09:45:00+00:00,AY,22.2549991607666,22.2549991607666,22.2549991607666,22.2549991607666,22.2549991607666,340.0
2024-08-27 09:45:00+00:00,CEG,197.0,197.0,197.0449981689453,196.75,197.0399932861328,14832.0
2024-08-27 09:45:00+00:00,EXC,38.03499984741211,38.03499984741211,38.060001373291016,37.970001220703125,37.970001220703125,9684.0
2024-08-27 09:45:00+00:00,FLNC,18.89080047607422,18.89080047607422,18.940000534057617,18.889999389648438,18.940000534057617,3149.0
2024-08-27 09:45:00+00:00,LNT,58.15999984741211,58.15999984741211,58.189998626708984,58.1150016784668,58.1150016784668,5464.0
2024-08-27 09:45:00+00:00,MNTK,4.570000171661377,4.570000171661377,4.570000171661377,4.570000171661377,4.570000171661377,755.0
2024-08-27 09:45:00+00:00,NFE,13.149999618530273,13.149999618530273,13.149999618530273,13.130000114440918,13.130000114440918,4682.0
2024-08-27 09:45:00+00:00,NWE,54.060001373291016,54.060001373291016,54.060001373291016,54.060001373291016,54.060001373291016,656.0
2024-08-27 09:45:00+00:00,OPAL,3.565000057220459,3.565000057220459,3.630000114440918,3.565000057220459,3.609999895095825,12272.0
2024-08-27 09:45:00+00:00,RNW,5.784999847412109,5.784999847412109,5.784999847412109,5.784999847412109,5.784999847412109,800.0
2024-08-27 09:45:00+00:00,XEL,61.44499969482422,61.44499969482422,61.45000076293945,61.380001068115234,61.39500045776367,12883.0
2024-08-27 09:46:00+00:00,AEP,99.33000183105469,99.33000183105469,99.41999816894531,99.30999755859375,99.30999755859375,6452.0
2024-08-27 09:46:00+00:00,CEG,197.15370178222656,197.15370178222656,197.2949981689453,196.83399963378906,197.0,6262.0
2024-08-27 09:46:00+00:00,CWCO,28.387800216674805,28.387800216674805,28.387800216674805,28.387800216674805,28.387800216674805,124.0
2024-08-27 09:46:00+00:00,EXC,37.9900016784668,37.9900016784668,38.029998779296875,37.9900016784668,38.029998779296875,6866.0
2024-08-27 09:46:00+00:00,FLNC,19.010000228881836,19.010000228881836,19.010000228881836,18.896799087524414,18.93000030517578,5047.0
2024-08-27 09:46:00+00:00,NFE,13.149999618530273,13.149999618530273,13.170000076293945,13.149999618530273,13.164999961853027,2705.0
2024-08-27 09:46:00+00:00,OPAL,3.549999952316284,3.549999952316284,3.549999952316284,3.549999952316284,3.549999952316284,199.0
2024-08-27 09:46:00+00:00,XEL,61.31999969482422,61.31999969482422,61.38999938964844,61.31999969482422,61.38999938964844,2570.0
2024-08-27 09:47:00+00:00,AEP,99.27999877929688,99.27999877929688,99.30999755859375,99.2300033569336,99.30999755859375,17864.0
2024-08-27 09:47:00+00:00,AY,22.2549991607666,22.2549991607666,22.2549991607666,22.2549991607666,22.2549991607666,762.0
2024-08-27 09:47:00+00:00,CEG,197.75999450683594,197.75999450683594,197.8000030517578,197.19500732421875,197.19500732421875,11459.0
2024-08-27 09:47:00+00:00,CWCO,28.270000457763672,28.270000457763672,28.280000686645508,28.270000457763672,28.280000686645508,362.0
2024-08-27 09:47:00+00:00,EXC,37.994998931884766,37.994998931884766,38.0,37.974998474121094,37.97999954223633,8561.0
2024-08-27 09:47:00+00:00,FLNC,19.030000686645508,19.030000686645508,19.040000915527344,18.950000762939453,19.040000915527344,11193.0
2024-08-27 09:47:00+00:00,LNT,58.1150016784668,58.1150016784668,58.1150016784668,58.1150016784668,58.1150016784668,2451.0
2024-08-27 09:47:00+00:00,MSEX,61.959999084472656,61.959999084472656,62.0,61.849998474121094,61.849998474121094,1337.0
2024-08-27 09:47:00+00:00,NFE,13.229999542236328,13.229999542236328,13.229999542236328,13.140000343322754,13.140000343322754,6211.0
2024-08-27 09:47:00+00:00,RNW,5.789999961853027,5.789999961853027,5.789999961853027,5.781000137329102,5.781000137329102,3627.0
2024-08-27 09:47:00+00:00,XEL,61.279998779296875,61.279998779296875,61.31999969482422,61.279998779296875,61.31999969482422,1812.0
2024-08-27 09:48:00+00:00,AEP,99.26000213623047,99.26000213623047,99.29000091552734,99.26000213623047,99.29000091552734,683.0
2024-08-27 09:48:00+00:00,AY,22.2549991607666,22.2549991607666,22.2549991607666,22.2549991607666,22.2549991607666,2300.0
2024-08-27 09:48:00+00:00,CEG,197.25,197.25,198.02999877929688,197.25,197.58999633789062,18385.0
2024-08-27 09:48:00+00:00,CWCO,28.1200008392334,28.1200008392334,28.1200008392334,28.1200008392334,28.1200008392334,203.0
2024-08-27 09:48:00+00:00,EXC,37.98500061035156,37.98500061035156,37.994998931884766,37.98500061035156,37.994998931884766,4688.0
2024-08-27 09:48:00+00:00,FLNC,19.100000381469727,19.100000381469727,19.100000381469727,19.0,19.014999389648438,23161.0
2024-08-27 09:48:00+00:00,HTOO,0.6299999952316284,0.6299999952316284,0.6299999952316284,0.6299999952316284,0.6299999952316284,864.0
2024-08-27 09:48:00+00:00,MSEX,61.88999938964844,61.88999938964844,61.93000030517578,61.86000061035156,61.86000061035156,1305.0
2024-08-27 09:48:00+00:00,NFE,13.194999694824219,13.194999694824219,13.217100143432617,13.180000305175781,13.217100143432617,7033.0
2024-08-27 09:48:00+00:00,OPAL,3.559999942779541,3.559999942779541,3.559999942779541,3.559999942779541,3.559999942779541,200.0
2024-08-27 09:48:00+00:00,XEL,61.279998779296875,61.279998779296875,61.290000915527344,61.27450180053711,61.27450180053711,1360.0
2024-08-27 09:49:00+00:00,AEP,99.33000183105469,99.33000183105469,99.33999633789062,99.2750015258789,99.30000305175781,1991.0
2024-08-27 09:49:00+00:00,CEG,196.5800018310547,196.5800018310547,197.2550048828125,196.5800018310547,197.25,6910.0
2024-08-27 09:49:00+00:00,CWCO,28.1299991607666,28.1299991607666,28.1299991607666,27.989999771118164,27.989999771118164,295.0
2024-08-27 09:49:00+00:00,EXC,38.0,38.0,38.01499938964844,37.98500061035156,37.98500061035156,4611.0
2024-08-27 09:49:00+00:00,FLNC,19.079999923706055,19.079999923706055,19.1200008392334,19.079999923706055,19.110000610351562,6592.0
2024-08-27 09:49:00+00:00,LNT,58.06999969482422,58.06999969482422,58.06999969482422,58.06999969482422,58.06999969482422,296.0
2024-08-27 09:49:00+00:00,MNTK,4.579999923706055,4.579999923706055,4.579999923706055,4.574999809265137,4.574999809265137,1841.0
2024-08-27 09:49:00+00:00,NFE,13.15999984741211,13.15999984741211,13.220000267028809,13.15999984741211,13.220000267028809,104978.0
2024-08-27 09:49:00+00:00,OPAL,3.569999933242798,3.569999933242798,3.569999933242798,3.569999933242798,3.569999933242798,707.0
2024-08-27 09:49:00+00:00,OTTR,91.1500015258789,91.1500015258789,91.19499969482422,91.1500015258789,91.19499969482422,1240.0
2024-08-27 09:49:00+00:00,XEL,61.22999954223633,61.22999954223633,61.25,61.22999954223633,61.25,1501.0
2024-08-27 09:50:00+00:00,AEP,99.41000366210938,99.41000366210938,99.41000366210938,99.31999969482422,99.31999969482422,2320.0
2024-08-27 09:50:00+00:00,ARTNA,35.80500030517578,35.80500030517578,35.80500030517578,35.80500030517578,35.80500030517578,168.0
2024-08-27 09:50:00+00:00,CEG,197.0050048828125,197.0050048828125,197.02000427246094,196.60000610351562,196.60000610351562,5650.0
2024-08-27 09:50:00+00:00,EXC,38.0,38.0,38.005001068115234,38.0,38.0,1783.0
2024-08-27 09:50:00+00:00,FLNC,19.09000015258789,19.09000015258789,19.09000015258789,19.059999465942383,19.059999465942383,997.0
2024-08-27 09:50:00+00:00,HTOO,0.6100000143051147,0.6100000143051147,0.6200000047683716,0.6100000143051147,0.6200000047683716,868.0
2024-08-27 09:50:00+00:00,LNT,58.099998474121094,58.099998474121094,58.099998474121094,58.09000015258789,58.09000015258789,779.0
2024-08-27 09:50:00+00:00,NFE,13.180000305175781,13.180000305175781,13.1899995803833,13.180000305175781,13.1899995803833,1059.0
2024-08-27 09:50:00+00:00,XEL,61.209999084472656,61.209999084472656,61.25,61.209999084472656,61.25,5018.0
2024-08-27 09:51:00+00:00,AEP,99.41999816894531,99.41999816894531,99.41999816894531,99.36499786376953,99.41999816894531,6894.0
2024-08-27 09:51:00+00:00,AY,22.2549991607666,22.2549991607666,22.2549991607666,22.2549991607666,22.2549991607666,208.0
2024-08-27 09:51:00+00:00,CEG,197.19000244140625,197.19000244140625,197.1925048828125,196.8800048828125,196.8800048828125,7576.0
2024-08-27 09:51:00+00:00,EXC,38.005001068115234,38.005001068115234,38.02000045776367,38.005001068115234,38.005001068115234,3833.0
2024-08-27 09:51:00+00:00,FLNC,19.079999923706055,19.079999923706055,19.079999923706055,19.014999389648438,19.030000686645508,6859.0
2024-08-27 09:51:00+00:00,HTOO,0.6100000143051147,0.6100000143051147,0.6100000143051147,0.6100000143051147,0.6100000143051147,5.0
2024-08-27 09:51:00+00:00,LNT,58.09000015258789,58.09000015258789,58.11000061035156,58.09000015258789,58.11000061035156,1910.0
2024-08-27 09:51:00+00:00,MSEX,61.849998474121094,61.849998474121094,61.91999816894531,61.849998474121094,61.91999816894531,2005.0
2024-08-27 09:51:00+00:00,NFE,13.179200172424316,13.179200172424316,13.180000305175781,13.175000190734863,13.180000305175781,2953.0
2024-08-27 09:51:00+00:00,OPAL,3.569999933242798,3.569999933242798,3.569999933242798,3.569999933242798,3.569999933242798,935.0
2024-08-27 09:51:00+00:00,RNW,5.800000190734863,5.800000190734863,5.800000190734863,5.795000076293945,5.795000076293945,587.0
2024-08-27 09:51:00+00:00,XEL,61.18000030517578,61.18000030517578,61.22999954223633,61.17499923706055,61.220001220703125,10257.0
2024-08-27 09:52:00+00:00,AEP,99.28500366210938,99.28500366210938,99.4000015258789,99.28500366210938,99.4000015258789,4489.0
2024-08-27 09:52:00+00:00,AY,22.25,22.25,22.25,22.25,22.25,522.0
2024-08-27 09:52:00+00:00,CEG,197.34500122070312,197.34500122070312,197.44000244140625,197.0800018310547,197.10440063476562,6650.0
2024-08-27 09:52:00+00:00,CWCO,28.094999313354492,28.094999313354492,28.094999313354492,28.094999313354492,28.094999313354492,380.0
2024-08-27 09:52:00+00:00,EXC,37.96500015258789,37.96500015258789,37.9900016784668,37.96500015258789,37.97999954223633,1950.0
2024-08-27 09:52:00+00:00,FLNC,19.06999969482422,19.06999969482422,19.06999969482422,19.010000228881836,19.049999237060547,7477.0
2024-08-27 09:52:00+00:00,LNT,58.06999969482422,58.06999969482422,58.08000183105469,58.06999969482422,58.08000183105469,1314.0
2024-08-27 09:52:00+00:00,NFE,13.1899995803833,13.1899995803833,13.1899995803833,13.130000114440918,13.180000305175781,9269.0
2024-08-27 09:52:00+00:00,NWE,54.02000045776367,54.02000045776367,54.029998779296875,54.02000045776367,54.029998779296875,706.0
2024-08-27 09:52:00+00:00,RNW,5.789999961853027,5.789999961853027,5.800000190734863,5.789999961853027,5.800000190734863,1818.0
2024-08-27 09:52:00+00:00,XEL,61.125,61.125,61.125,61.125,61.125,1860.0
2024-08-27 09:53:00+00:00,AEP,99.19000244140625,99.19000244140625,99.2300033569336,99.19000244140625,99.2300033569336,2466.0
2024-08-27 09:53:00+00:00,AY,22.2549991607666,22.2549991607666,22.2549991607666,22.2549991607666,22.2549991607666,377.0
2024-08-27 09:53:00+00:00,CEG,197.14999389648438,197.14999389648438,197.33999633789062,196.8300018310547,197.33999633789062,8444.0
2024-08-27 09:53:00+00:00,EXC,37.93000030517578,37.93000030517578,37.95000076293945,37.92499923706055,37.95000076293945,1448.0
2024-08-27 09:53:00+00:00,FLNC,19.09000015258789,19.09000015258789,19.1299991607666,19.049999237060547,19.049999237060547,2936.0
2024-08-27 09:53:00+00:00,MNTK,4.579999923706055,4.579999923706055,4.579999923706055,4.579999923706055,4.579999923706055,2194.0
2024-08-27 09:53:00+00:00,MSEX,61.90999984741211,61.90999984741211,61.90999984741211,61.90999984741211,61.90999984741211,256.0
2024-08-27 09:53:00+00:00,NFE,13.130000114440918,13.130000114440918,13.1899995803833,13.130000114440918,13.1850004196167,7841.0
2024-08-27 09:53:00+00:00,NWE,54.0099983215332,54.0099983215332,54.0099983215332,54.0099983215332,54.0099983215332,2121.0
2024-08-27 09:53:00+00:00,RNW,5.78000020980835,5.78000020980835,5.78000020980835,5.78000020980835,5.78000020980835,2568.0
2024-08-27 09:53:00+00:00,XEL,60.9900016784668,60.9900016784668,61.06460189819336,60.97999954223633,61.06460189819336,6104.0
2024-08-27 09:54:00+00:00,AEP,99.26249694824219,99.26249694824219,99.27999877929688,99.20670318603516,99.21499633789062,9121.0
2024-08-27 09:54:00+00:00,AY,22.260000228881836,22.260000228881836,22.260000228881836,22.260000228881836,22.260000228881836,1516.0
2024-08-27 09:54:00+00:00,CEG,197.0800018310547,197.0800018310547,197.3074951171875,196.96409606933594,197.24000549316406,4155.0
2024-08-27 09:54:00+00:00,EXC,37.96500015258789,37.96500015258789,37.96500015258789,37.93989944458008,37.939998626708984,2368.0
2024-08-27 09:54:00+00:00,FLNC,19.0856990814209,19.0856990814209,19.09000015258789,19.084999084472656,19.084999084472656,3359.0
2024-08-27 09:54:00+00:00,MSEX,61.849998474121094,61.849998474121094,61.90999984741211,61.849998474121094,61.90999984741211,2229.0
2024-08-27 09:54:00+00:00,NFE,13.09000015258789,13.09000015258789,13.100000381469727,13.09000015258789,13.100000381469727,3514.0
2024-08-27 09:54:00+00:00,RNW,5.78000020980835,5.78000020980835,5.789899826049805,5.78000020980835,5.78000020980835,1488.0
2024-08-27 09:54:00+00:00,WAVE,3.9049999713897705,3.9049999713897705,3.930000066757202,3.9000000953674316,3.9149999618530273,1400.0
2024-08-27 09:54:00+00:00,XEL,61.04999923706055,61.04999923706055,61.04999923706055,61.0,61.0,3177.0
2024-08-27 09:55:00+00:00,AEP,99.25,99.25,99.26000213623047,99.19000244140625,99.24500274658203,2255.0
2024-08-27 09:55:00+00:00,AY,22.25,22.25,22.2549991607666,22.25,22.25,7113.0
2024-08-27 09:55:00+00:00,CEG,196.97999572753906,196.97999572753906,197.0800018310547,196.97999572753906,197.0800018310547,1915.0
2024-08-27 09:55:00+00:00,EXC,37.92499923706055,37.92499923706055,37.959999084472656,37.915000915527344,37.959999084472656,6438.0
2024-08-27 09:55:00+00:00,FLNC,19.06999969482422,19.06999969482422,19.06999969482422,19.06999969482422,19.06999969482422,435.0
2024-08-27 09:55:00+00:00,HTOO,0.6110000014305115,0.6110000014305115,0.6110000014305115,0.6110000014305115,0.6110000014305115,100.0
2024-08-27 09:55:00+00:00,LNT,57.970001220703125,57.970001220703125,57.970001220703125,57.970001220703125,57.970001220703125,1044.0
2024-08-27 09:55:00+00:00,MSEX,61.849998474121094,61.849998474121094,61.849998474121094,61.849998474121094,61.849998474121094,593.0
2024-08-27 09:55:00+00:00,NFE,13.09000015258789,13.09000015258789,13.09000015258789,13.0600004196167,13.09000015258789,9158.0
2024-08-27 09:55:00+00:00,WAVE,3.7799999713897705,3.7799999713897705,3.9049999713897705,3.7799999713897705,3.9049999713897705,2300.0
2024-08-27 09:55:00+00:00,XEL,61.029998779296875,61.029998779296875,61.029998779296875,60.98500061035156,61.02000045776367,2349.0
2024-08-27 09:56:00+00:00,AEP,99.23999786376953,99.23999786376953,99.23999786376953,99.23999786376953,99.23999786376953,1254.0
2024-08-27 09:56:00+00:00,AY,22.25,22.25,22.25,22.25,22.25,1614.0
2024-08-27 09:56:00+00:00,CEG,196.65499877929688,196.65499877929688,197.0500030517578,196.4600067138672,197.0500030517578,6402.0
2024-08-27 09:56:00+00:00,EXC,37.915000915527344,37.915000915527344,37.93000030517578,37.904998779296875,37.93000030517578,4234.0
2024-08-27 09:56:00+00:00,FLNC,18.979999542236328,18.979999542236328,19.059999465942383,18.979999542236328,19.059999465942383,2564.0
2024-08-27 09:56:00+00:00,LNT,57.974998474121094,57.974998474121094,57.974998474121094,57.959999084472656,57.959999084472656,478.0
2024-08-27 09:56:00+00:00,NFE,13.089500427246094,13.089500427246094,13.09000015258789,13.069999694824219,13.09000015258789,3707.0
2024-08-27 09:56:00+00:00,NWE,53.900001525878906,53.900001525878906,53.900001525878906,53.900001525878906,53.900001525878906,646.0
2024-08-27 09:56:00+00:00,OTTR,90.99500274658203,90.99500274658203,90.99500274658203,90.99500274658203,90.99500274658203,124.0
2024-08-27 09:56:00+00:00,XEL,61.019901275634766,61.019901275634766,61.040000915527344,61.0099983215332,61.040000915527344,2302.0
2024-08-27 09:57:00+00:00,AEP,99.23999786376953,99.23999786376953,99.26000213623047,99.23999786376953,99.26000213623047,6455.0
2024-08-27 09:57:00+00:00,AY,22.2549991607666,22.2549991607666,22.2549991607666,22.2549991607666,22.2549991607666,1463.0
2024-08-27 09:57:00+00:00,CEG,196.13999938964844,196.13999938964844,196.5500030517578,196.08999633789062,196.3300018310547,5072.0
2024-08-27 09:57:00+00:00,CWCO,27.889999389648438,27.889999389648438,27.940000534057617,27.889999389648438,27.940000534057617,1028.0
2024-08-27 09:57:00+00:00,EXC,37.93000030517578,37.93000030517578,37.93000030517578,37.915000915527344,37.915000915527344,7060.0
2024-08-27 09:57:00+00:00,FLNC,18.969999313354492,18.969999313354492,18.969999313354492,18.920000076293945,18.940000534057617,2626.0
2024-08-27 09:57:00+00:00,GWRS,12.770000457763672,12.770000457763672,12.770000457763672,12.770000457763672,12.770000457763672,117.0
2024-08-27 09:57:00+00:00,LNT,58.0,58.0,58.0,58.0,58.0,11858.0
2024-08-27 09:57:00+00:00,MNTK,4.53000020980835,4.53000020980835,4.579999923706055,4.53000020980835,4.570000171661377,4582.0
2024-08-27 09:57:00+00:00,NFE,13.088199615478516,13.088199615478516,13.088199615478516,13.069999694824219,13.069999694824219,4575.0
2024-08-27 09:57:00+00:00,OTTR,90.73999786376953,90.73999786376953,90.73999786376953,90.73999786376953,90.73999786376953,294.0
2024-08-27 09:57:00+00:00,XEL,61.064998626708984,61.064998626708984,61.08000183105469,61.03499984741211,61.03499984741211,2556.0
2024-08-27 09:58:00+00:00,AEP,99.2750015258789,99.2750015258789,99.30999755859375,99.26000213623047,99.26000213623047,10029.0
2024-08-27 09:58:00+00:00,CEG,196.5,196.5,196.50999450683594,196.0500030517578,196.22999572753906,3629.0
2024-08-27 09:58:00+00:00,EXC,37.90999984741211,37.90999984741211,37.93000030517578,37.90999984741211,37.93000030517578,2478.0
2024-08-27 09:58:00+00:00,FLNC,18.93000030517578,18.93000030517578,18.990100860595703,18.93000030517578,18.975000381469727,15814.0
2024-08-27 09:58:00+00:00,MNTK,4.579999923706055,4.579999923706055,4.579999923706055,4.539999961853027,4.539999961853027,3665.0
2024-08-27 09:58:00+00:00,NFE,13.085000038146973,13.085000038146973,13.100000381469727,13.069999694824219,13.09000015258789,5294.0
2024-08-27 09:58:00+00:00,XEL,61.04999923706055,61.04999923706055,61.08000183105469,61.04999923706055,61.079498291015625,2980.0
2024-08-27 09:59:00+00:00,AEP,99.24749755859375,99.24749755859375,99.25980377197266,99.2249984741211,99.25,1694.0
2024-08-27 09:59:00+00:00,CEG,196.55999755859375,196.55999755859375,196.85989379882812,196.44000244140625,196.5,4904.0
2024-08-27 09:59:00+00:00,EXC,37.904998779296875,37.904998779296875,37.9093017578125,37.8849983215332,37.900001525878906,5321.0
2024-08-27 09:59:00+00:00,FLNC,19.010000228881836,19.010000228881836,19.010000228881836,18.969999313354492,18.969999313354492,2301.0
2024-08-27 09:59:00+00:00,MNTK,4.550000190734863,4.550000190734863,4.570000171661377,4.550000190734863,4.570000171661377,1950.0
2024-08-27 09:59:00+00:00,NFE,13.029999732971191,13.029999732971191,13.085000038146973,13.029999732971191,13.085000038146973,8209.0
2024-08-27 09:59:00+00:00,OPAL,3.569999933242798,3.569999933242798,3.569999933242798,3.569999933242798,3.569999933242798,192.0
2024-08-27 09:59:00+00:00,OTTR,90.55999755859375,90.55999755859375,90.55999755859375,90.55999755859375,90.55999755859375,274.0
2024-08-27 09:59:00+00:00,RNW,5.769999980926514,5.769999980926514,5.78000020980835,5.769999980926514,5.78000020980835,1382.0
2024-08-27 09:59:00+00:00,WAVE,3.809999942779541,3.809999942779541,3.809999942779541,3.809999942779541,3.809999942779541,620.0
2024-08-27 09:59:00+00:00,XEL,60.97999954223633,60.97999954223633,61.0099983215332,60.970001220703125,61.005001068115234,4344.0
2024-08-27 10:00:00+00:00,AEP,99.22000122070312,99.22000122070312,99.23999786376953,99.1980972290039,99.19999694824219,4630.0
2024-08-27 10:00:00+00:00,ARTNA,35.994998931884766,35.994998931884766,35.994998931884766,35.994998931884766,35.994998931884766,1468.0
2024-08-27 10:00:00+00:00,AY,22.25,22.25,22.25,22.25,22.25,1178.0
2024-08-27 10:00:00+00:00,CEG,196.47500610351562,196.47500610351562,196.61000061035156,196.2100067138672,196.61000061035156,2039.0
2024-08-27 10:00:00+00:00,EXC,37.900001525878906,37.900001525878906,37.90999984741211,37.88999938964844,37.90999984741211,4481.0
2024-08-27 10:00:00+00:00,FLNC,19.010000228881836,19.010000228881836,19.030000686645508,19.010000228881836,19.020000457763672,2114.0
2024-08-27 10:00:00+00:00,LNT,57.939998626708984,57.939998626708984,57.939998626708984,57.939998626708984,57.939998626708984,549.0
2024-08-27 10:00:00+00:00,MNTK,4.559999942779541,4.559999942779541,4.570000171661377,4.550000190734863,4.559999942779541,2350.0
2024-08-27 10:00:00+00:00,MSEX,61.849998474121094,61.849998474121094,61.88999938964844,61.849998474121094,61.88999938964844,2643.0
2024-08-27 10:00:00+00:00,NFE,13.01159954071045,13.01159954071045,13.015000343322754,12.99899959564209,13.010000228881836,2941.0
2024-08-27 10:00:00+00:00,RNW,5.775000095367432,5.775000095367432,5.775000095367432,5.775000095367432,5.775000095367432,173.0
2024-08-27 10:00:00+00:00,XEL,60.95000076293945,60.95000076293945,61.0,60.91999816894531,60.9900016784668,7661.0
2024-08-27 10:01:00+00:00,AEP,99.12999725341797,99.12999725341797,99.19499969482422,99.12999725341797,99.19499969482422,1868.0
2024-08-27 10:01:00+00:00,ARTNA,36.349998474121094,36.349998474121094,36.349998474121094,36.349998474121094,36.349998474121094,424.0
2024-08-27 10:01:00+00:00,CEG,196.39999389648438,196.39999389648438,196.5399932861328,196.38999938964844,196.5399932861328,1922.0
2024-08-27 10:01:00+00:00,CWCO,27.895000457763672,27.895000457763672,27.895000457763672,27.895000457763672,27.895000457763672,211.0
2024-08-27 10:01:00+00:00,EXC,37.85499954223633,37.85499954223633,37.90999984741211,37.85499954223633,37.90999984741211,3814.0
2024-08-27 10:01:00+00:00,FLNC,19.04800033569336,19.04800033569336,19.04800033569336,19.010000228881836,19.010000228881836,2849.0
2024-08-27 10:01:00+00:00,LNT,57.900001525878906,57.900001525878906,57.935001373291016,57.900001525878906,57.935001373291016,10224.0
2024-08-27 10:01:00+00:00,MSEX,61.849998474121094,61.849998474121094,61.849998474121094,61.849998474121094,61.849998474121094,1337.0
2024-08-27 10:01:00+00:00,NFE,13.0,13.0,13.0,12.989999771118164,13.0,3044.0
2024-08-27 10:01:00+00:00,NWE,53.90999984741211,53.90999984741211,53.91999816894531,53.90999984741211,53.91999816894531,818.0
2024-08-27 10:01:00+00:00,XEL,60.95500183105469,60.95500183105469,60.970001220703125,60.91999816894531,60.95000076293945,3862.0
2024-08-27 10:02:00+00:00,AEP,99.13500213623047,99.13500213623047,99.13500213623047,99.08999633789062,99.08999633789062,1815.0
2024-08-27 10:02:00+00:00,AY,22.25,22.25,22.25,22.25,22.25,1421.0
2024-08-27 10:02:00+00:00,CDZI,3.3499999046325684,3.3499999046325684,3.3499999046325684,3.3499999046325684,3.3499999046325684,304.0
2024-08-27 10:02:00+00:00,CEG,196.375,196.375,196.375,196.375,196.375,1785.0
2024-08-27 10:02:00+00:00,EXC,37.85499954223633,37.85499954223633,37.85499954223633,37.845001220703125,37.849998474121094,4580.0
2024-08-27 10:02:00+00:00,FLNC,19.059999465942383,19.059999465942383,19.059999465942383,19.040000915527344,19.040000915527344,1752.0
2024-08-27 10:02:00+00:00,LNT,57.939998626708984,57.939998626708984,57.939998626708984,57.900001525878906,57.900001525878906,2240.0
2024-08-27 10:02:00+00:00,NFE,13.0,13.0,13.020000457763672,13.0,13.010000228881836,13865.0
2024-08-27 10:02:00+00:00,RNW,5.775000095367432,5.775000095367432,5.775000095367432,5.775000095367432,5.775000095367432,1425.0
2024-08-27 10:02:00+00:00,XEL,60.91999816894531,60.91999816894531,60.939998626708984,60.91999816894531,60.939998626708984,2620.0
2024-08-27 10:02:00+00:00,YORW,38.0,38.0,38.11000061035156,38.0,38.11000061035156,961.0
2024-08-27 10:03:00+00:00,AEP,99.20999908447266,99.20999908447266,99.20999908447266,99.13999938964844,99.13999938964844,6382.0
2024-08-27 10:03:00+00:00,AY,22.239999771118164,22.239999771118164,22.25,22.239999771118164,22.25,2149.0
2024-08-27 10:03:00+00:00,CEG,196.5,196.5,196.7899932861328,196.375,196.375,4022.0
2024-08-27 10:03:00+00:00,EXC,37.875,37.875,37.875,37.85499954223633,37.85499954223633,3179.0
2024-08-27 10:03:00+00:00,FLNC,19.049999237060547,19.049999237060547,19.06999969482422,19.045000076293945,19.045000076293945,2432.0
2024-08-27 10:03:00+00:00,HTOO,0.6299999952316284,0.6299999952316284,0.6299999952316284,0.6299999952316284,0.6299999952316284,140.0
2024-08-27 10:03:00+00:00,MGEE,87.24500274658203,87.24500274658203,87.24500274658203,87.24500274658203,87.24500274658203,743.0
2024-08-27 10:03:00+00:00,NFE,13.0,13.0,13.002900123596191,13.0,13.002900123596191,864.0
2024-08-27 10:03:00+00:00,RNW,5.764999866485596,5.764999866485596,5.769999980926514,5.764999866485596,5.769999980926514,1166.0
2024-08-27 10:03:00+00:00,XEL,60.95000076293945,60.95000076293945,60.959999084472656,60.93000030517578,60.93000030517578,1925.0
2024-08-27 10:04:00+00:00,AEP,99.22640228271484,99.22640228271484,99.2300033569336,99.19000244140625,99.2300033569336,9060.0
2024-08-27 10:04:00+00:00,AY,22.239999771118164,22.239999771118164,22.239999771118164,22.239999771118164,22.239999771118164,685.0
2024-08-27 10:04:00+00:00,CEG,196.7449951171875,196.7449951171875,196.7449951171875,196.5,196.5,5188.0
2024-08-27 10:04:00+00:00,CWCO,27.860000610351562,27.860000610351562,27.860000610351562,27.860000610351562,27.860000610351562,304.0
2024-08-27 10:04:00+00:00,EXC,37.8849983215332,37.8849983215332,37.88999938964844,37.8849983215332,37.8849983215332,8394.0
2024-08-27 10:04:00+00:00,FLNC,19.040000915527344,19.040000915527344,19.049999237060547,19.002399444580078,19.020000457763672,3667.0
2024-08-27 10:04:00+00:00,HTOO,0.6200000047683716,0.6200000047683716,0.6200000047683716,0.6200000047683716,0.6200000047683716,0.0
2024-08-27 10:04:00+00:00,LNT,57.96500015258789,57.96500015258789,57.96500015258789,57.96500015258789,57.96500015258789,103.0
2024-08-27 10:04:00+00:00,NFE,12.9399995803833,12.9399995803833,12.9399995803833,12.9399995803833,12.9399995803833,6284.0
2024-08-27 10:04:00+00:00,OTTR,90.66500091552734,90.66500091552734,90.66500091552734,90.66500091552734,90.66500091552734,1050.0
2024-08-27 10:04:00+00:00,RNW,5.775000095367432,5.775000095367432,5.775000095367432,5.775000095367432,5.775000095367432,5818.0
2024-08-27 10:04:00+00:00,XEL,60.97999954223633,60.97999954223633,61.005001068115234,60.97999954223633,61.005001068115234,8851.0
2024-08-27 10:05:00+00:00,AEP,99.2300033569336,99.2300033569336,99.2300033569336,99.19000244140625,99.22000122070312,3808.0
2024-08-27 10:05:00+00:00,AY,22.249000549316406,22.249000549316406,22.25,22.239999771118164,22.239999771118164,5036.0
2024-08-27 10:05:00+00:00,CEG,196.82000732421875,196.82000732421875,196.9199981689453,196.7646942138672,196.88999938964844,2946.0
2024-08-27 10:05:00+00:00,EXC,37.904998779296875,37.904998779296875,37.904998779296875,37.89500045776367,37.89500045776367,7239.0
2024-08-27 10:05:00+00:00,FLNC,19.030000686645508,19.030000686645508,19.059999465942383,19.0,19.059999465942383,2478.0
2024-08-27 10:05:00+00:00,LNT,57.96500015258789,57.96500015258789,57.96500015258789,57.96500015258789,57.96500015258789,627.0
2024-08-27 10:05:00+00:00,NFE,12.930000305175781,12.930000305175781,12.930000305175781,12.930000305175781,12.930000305175781,2556.0
2024-08-27 10:05:00+00:00,RNW,5.789999961853027,5.789999961853027,5.795000076293945,5.775000095367432,5.775000095367432,949.0
2024-08-27 10:05:00+00:00,WAVE,4.0,4.0,4.0,4.0,4.0,567.0
2024-08-27 10:05:00+00:00,XEL,60.9900016784668,60.9900016784668,60.9900016784668,60.970001220703125,60.970001220703125,2374.0
2024-08-27 10:06:00+00:00,AEP,99.25499725341797,99.25499725341797,99.27999877929688,99.21499633789062,99.21499633789062,6261.0
2024-08-27 10:06:00+00:00,AY,22.25,22.25,22.25,22.25,22.25,442.0
2024-08-27 10:06:00+00:00,CEG,196.8249969482422,196.8249969482422,196.8249969482422,196.8249969482422,196.8249969482422,1354.0
2024-08-27 10:06:00+00:00,CWCO,27.850000381469727,27.850000381469727,27.850000381469727,27.850000381469727,27.850000381469727,221.0
2024-08-27 10:06:00+00:00,EXC,37.904998779296875,37.904998779296875,37.90999984741211,37.900001525878906,37.904998779296875,6674.0
2024-08-27 10:06:00+00:00,FLNC,19.030000686645508,19.030000686645508,19.040000915527344,19.030000686645508,19.030000686645508,2310.0
2024-08-27 10:06:00+00:00,HTOO,0.6299999952316284,0.6299999952316284,0.6299999952316284,0.6299999952316284,0.6299999952316284,400.0
2024-08-27 10:06:00+00:00,LNT,57.98500061035156,57.98500061035156,57.98500061035156,57.98500061035156,57.98500061035156,850.0
2024-08-27 10:06:00+00:00,MSEX,61.93000030517578,61.93000030517578,61.93000030517578,61.93000030517578,61.93000030517578,113.0
2024-08-27 10:06:00+00:00,NFE,12.949999809265137,12.949999809265137,12.949999809265137,12.90999984741211,12.90999984741211,14116.0
2024-08-27 10:06:00+00:00,OPAL,3.5810000896453857,3.5810000896453857,3.5810000896453857,3.5799999237060547,3.5799999237060547,4312.0
2024-08-27 10:06:00+00:00,PCYO,10.5,10.5,10.5,10.5,10.5,454.0
2024-08-27 10:06:00+00:00,RNW,5.78000020980835,5.78000020980835,5.78000020980835,5.78000020980835,5.78000020980835,749.0
2024-08-27 10:06:00+00:00,XEL,61.02000045776367,61.02000045776367,61.040000915527344,61.0099983215332,61.0099983215332,2597.0
2024-08-27 10:07:00+00:00,AEP,99.25,99.25,99.2969970703125,99.25,99.2699966430664,4749.0
2024-08-27 10:07:00+00:00,AY,22.25,22.25,22.25,22.25,22.25,386.0
2024-08-27 10:07:00+00:00,CDZI,3.3499999046325684,3.3499999046325684,3.3499999046325684,3.3499999046325684,3.3499999046325684,113.0
2024-08-27 10:07:00+00:00,CEG,197.0,197.0,197.0,196.6999969482422,196.8249969482422,2548.0
2024-08-27 10:07:00+00:00,EXC,37.89500045776367,37.89500045776367,37.915000915527344,37.89500045776367,37.900001525878906,7931.0
2024-08-27 10:07:00+00:00,FLNC,19.014999389648438,19.014999389648438,19.049999237060547,19.014999389648438,19.049999237060547,1429.0
2024-08-27 10:07:00+00:00,GWRS,12.720000267028809,12.720000267028809,12.720000267028809,12.720000267028809,12.720000267028809,307.0
2024-08-27 10:07:00+00:00,MSEX,62.040000915527344,62.040000915527344,62.040000915527344,62.0099983215332,62.0099983215332,316.0
2024-08-27 10:07:00+00:00,NFE,12.920000076293945,12.920000076293945,12.930000305175781,12.920000076293945,12.930000305175781,3554.0
2024-08-27 10:07:00+00:00,OPAL,3.5850000381469727,3.5850000381469727,3.5850000381469727,3.5850000381469727,3.5850000381469727,804.0
2024-08-27 10:07:00+00:00,RNW,5.775000095367432,5.775000095367432,5.775000095367432,5.775000095367432,5.775000095367432,806.0
2024-08-27 10:07:00+00:00,XEL,61.040000915527344,61.040000915527344,61.040000915527344,61.029998779296875,61.03499984741211,1900.0
2024-08-27 10:08:00+00:00,AEP,99.19999694824219,99.19999694824219,99.25,99.18000030517578,99.25,3256.0
2024-08-27 10:08:00+00:00,AY,22.25,22.25,22.25,22.25,22.25,464.0
2024-08-27 10:08:00+00:00,CEG,196.88999938964844,196.88999938964844,197.00999450683594,196.86000061035156,197.00999450683594,4989.0
2024-08-27 10:08:00+00:00,EXC,37.8650016784668,37.8650016784668,37.89500045776367,37.86000061035156,37.89500045776367,4030.0
2024-08-27 10:08:00+00:00,FLNC,19.020000457763672,19.020000457763672,19.06999969482422,19.010000228881836,19.020000457763672,1568.0
2024-08-27 10:08:00+00:00,HTOO,0.6100000143051147,0.6100000143051147,0.6100000143051147,0.6100000143051147,0.6100000143051147,0.0
2024-08-27 10:08:00+00:00,LNT,57.92789840698242,57.92789840698242,57.92789840698242,57.92789840698242,57.92789840698242,1987.0
2024-08-27 10:08:00+00:00,MSEX,61.849998474121094,61.849998474121094,61.869998931884766,61.849998474121094,61.869998931884766,1283.0
2024-08-27 10:08:00+00:00,NFE,12.90999984741211,12.90999984741211,12.90999984741211,12.899999618530273,12.90999984741211,11933.0
2024-08-27 10:08:00+00:00,NWE,53.93000030517578,53.93000030517578,53.93000030517578,53.93000030517578,53.93000030517578,246.0
2024-08-27 10:08:00+00:00,XEL,60.970001220703125,60.970001220703125,61.02000045776367,60.970001220703125,61.02000045776367,3314.0
2024-08-27 10:09:00+00:00,AEP,99.19000244140625,99.19000244140625,99.19000244140625,99.16000366210938,99.16999816894531,1274.0
2024-08-27 10:09:00+00:00,AY,22.25,22.25,22.25,22.25,22.25,344.0
2024-08-27 10:09:00+00:00,CEG,196.875,196.875,196.88999938964844,196.81939697265625,196.88999938964844,1030.0
2024-08-27 10:09:00+00:00,CWCO,27.93000030517578,27.93000030517578,27.93000030517578,27.864999771118164,27.864999771118164,4080.0
2024-08-27 10:09:00+00:00,EXC,37.849998474121094,37.849998474121094,37.849998474121094,37.845001220703125,37.849998474121094,4110.0
2024-08-27 10:09:00+00:00,FLNC,19.030000686645508,19.030000686645508,19.030000686645508,19.010000228881836,19.020000457763672,2272.0
2024-08-27 10:09:00+00:00,NFE,12.90999984741211,12.90999984741211,12.90999984741211,12.890000343322754,12.899999618530273,8274.0
2024-08-27 10:09:00+00:00,PCYO,10.475000381469727,10.475000381469727,10.475000381469727,10.475000381469727,10.475000381469727,0.0
2024-08-27 10:09:00+00:00,RNW,5.784999847412109,5.784999847412109,5.784999847412109,5.764999866485596,5.769999980926514,4351.0
2024-08-27 10:09:00+00:00,XEL,60.970001220703125,60.970001220703125,60.970001220703125,60.959999084472656,60.959999084472656,3066.0
2024-08-27 10:10:00+00:00,AEP,99.08000183105469,99.08000183105469,99.18499755859375,99.08000183105469,99.18499755859375,2134.0
2024-08-27 10:10:00+00:00,AY,22.25,22.25,22.25,22.25,22.25,339.0
2024-08-27 10:10:00+00:00,CEG,197.05999755859375,197.05999755859375,197.22000122070312,196.875,196.875,4775.0
2024-08-27 10:10:00+00:00,CREG,0.8999999761581421,0.8999999761581421,0.8999999761581421,0.8999999761581421,0.8999999761581421,132.0
2024-08-27 10:10:00+00:00,CWCO,28.079999923706055,28.079999923706055,28.079999923706055,28.079999923706055,28.079999923706055,548.0
2024-08-27 10:10:00+00:00,EXC,37.81999969482422,37.81999969482422,37.849998474121094,37.81999969482422,37.849998474121094,3097.0
2024-08-27 10:10:00+00:00,FLNC,19.059999465942383,19.059999465942383,19.09000015258789,19.040000915527344,19.09000015258789,2193.0
2024-08-27 10:10:00+00:00,LNT,57.880001068115234,57.880001068115234,57.88999938964844,57.880001068115234,57.88999938964844,497.0
2024-08-27 10:10:00+00:00,MSEX,61.86000061035156,61.86000061035156,61.93000030517578,61.86000061035156,61.93000030517578,289.0
2024-08-27 10:10:00+00:00,NFE,12.859999656677246,12.859999656677246,12.880000114440918,12.859999656677246,12.880000114440918,1855.0
2024-08-27 10:10:00+00:00,RNW,5.769999980926514,5.769999980926514,5.78000020980835,5.769999980926514,5.78000020980835,1136.0
2024-08-27 10:10:00+00:00,XEL,60.935001373291016,60.935001373291016,60.95000076293945,60.91999816894531,60.95000076293945,3446.0
2024-08-27 10:11:00+00:00,AEP,99.1050033569336,99.1050033569336,99.12000274658203,99.06500244140625,99.06500244140625,3187.0
2024-08-27 10:11:00+00:00,AY,22.253799438476562,22.253799438476562,22.253799438476562,22.25,22.25,517.0
2024-08-27 10:11:00+00:00,CDZI,3.359999895095825,3.359999895095825,3.359999895095825,3.3550000190734863,3.3550000190734863,706.0
2024-08-27 10:11:00+00:00,CEG,197.0850067138672,197.0850067138672,197.0850067138672,197.0850067138672,197.0850067138672,1593.0
2024-08-27 10:11:00+00:00,EXC,37.82500076293945,37.82500076293945,37.82500076293945,37.80500030517578,37.814998626708984,7289.0
2024-08-27 10:11:00+00:00,FLNC,19.09000015258789,19.09000015258789,19.1299991607666,19.06999969482422,19.06999969482422,2828.0
2024-08-27 10:11:00+00:00,LNT,57.880001068115234,57.880001068115234,57.90999984741211,57.880001068115234,57.8849983215332,2855.0
2024-08-27 10:11:00+00:00,MSEX,61.970001220703125,61.970001220703125,61.970001220703125,61.92499923706055,61.92499923706055,526.0
2024-08-27 10:11:00+00:00,NFE,12.850000381469727,12.850000381469727,12.854999542236328,12.829999923706055,12.854999542236328,3378.0
2024-08-27 10:11:00+00:00,NWE,53.90999984741211,53.90999984741211,53.90999984741211,53.88999938964844,53.88999938964844,759.0
2024-08-27 10:11:00+00:00,PCYO,10.449999809265137,10.449999809265137,10.449999809265137,10.449999809265137,10.449999809265137,203.0
2024-08-27 10:11:00+00:00,RNW,5.769999980926514,5.769999980926514,5.769999980926514,5.769999980926514,5.769999980926514,429.0
2024-08-27 10:11:00+00:00,XEL,60.915000915527344,60.915000915527344,60.91999816894531,60.90999984741211,60.90999984741211,2196.0
2024-08-27 10:12:00+00:00,AEP,99.05999755859375,99.05999755859375,99.09500122070312,99.05999755859375,99.0875015258789,4112.0
2024-08-27 10:12:00+00:00,AY,22.25,22.25,22.25,22.25,22.25,314.0
2024-08-27 10:12:00+00:00,CDZI,3.359999895095825,3.359999895095825,3.359999895095825,3.359999895095825,3.359999895095825,256.0
2024-08-27 10:12:00+00:00,CEG,197.0850067138672,197.0850067138672,197.0850067138672,196.9532928466797,197.0850067138672,2145.0
2024-08-27 10:12:00+00:00,EXC,37.80500030517578,37.80500030517578,37.814998626708984,37.80500030517578,37.814998626708984,3310.0
2024-08-27 10:12:00+00:00,FLNC,19.1299991607666,19.1299991607666,19.1299991607666,19.09000015258789,19.09000015258789,2990.0
2024-08-27 10:12:00+00:00,LNT,57.869998931884766,57.869998931884766,57.880001068115234,57.869998931884766,57.880001068115234,470.0
2024-08-27 10:12:00+00:00,MNTK,4.610000133514404,4.610000133514404,4.610000133514404,4.585000038146973,4.585000038146973,4133.0
2024-08-27 10:12:00+00:00,MSEX,61.849998474121094,61.849998474121094,61.849998474121094,61.849998474121094,61.849998474121094,733.0
2024-08-27 10:12:00+00:00,NFE,12.890000343322754,12.890000343322754,12.890000343322754,12.850000381469727,12.850000381469727,6886.0
2024-08-27 10:12:00+00:00,RNW,5.775000095367432,5.775000095367432,5.775000095367432,5.775000095367432,5.775000095367432,1330.0
2024-08-27 10:12:00+00:00,XEL,60.90999984741211,60.90999984741211,60.915000915527344,60.900001525878906,60.904998779296875,2037.0
2024-08-27 10:12:00+00:00,YORW,38.099998474121094,38.099998474121094,38.099998474121094,38.099998474121094,38.099998474121094,2468.0
2024-08-27 10:13:00+00:00,AEP,99.06500244140625,99.06500244140625,99.0999984741211,99.06500244140625,99.08999633789062,1646.0
2024-08-27 10:13:00+00:00,AY,22.25,22.25,22.25,22.25,22.25,414.0
2024-08-27 10:13:00+00:00,CEG,196.5800018310547,196.5800018310547,197.08999633789062,196.5800018310547,197.08999633789062,4734.0
2024-08-27 10:13:00+00:00,EXC,37.82500076293945,37.82500076293945,37.82500076293945,37.80500030517578,37.80500030517578,4452.0
2024-08-27 10:13:00+00:00,FLNC,19.110000610351562,19.110000610351562,19.139999389648438,19.110000610351562,19.139999389648438,1895.0
2024-08-27 10:13:00+00:00,LNT,57.88520050048828,57.88520050048828,57.88520050048828,57.88520050048828,57.88520050048828,1263.0
2024-08-27 10:13:00+00:00,MNTK,4.61899995803833,4.61899995803833,4.61899995803833,4.61899995803833,4.61899995803833,2808.0
2024-08-27 10:13:00+00:00,MSEX,61.849998474121094,61.849998474121094,61.86000061035156,61.810001373291016,61.86000061035156,1351.0
2024-08-27 10:13:00+00:00,NFE,12.869999885559082,12.869999885559082,12.880000114440918,12.869999885559082,12.880000114440918,6752.0
2024-08-27 10:13:00+00:00,XEL,60.935001373291016,60.935001373291016,60.939998626708984,60.90999984741211,60.91999816894531,3756.0
2024-08-27 10:14:00+00:00,AEP,99.06999969482422,99.06999969482422,99.11329650878906,99.05999755859375,99.08499908447266,5241.0
2024-08-27 10:14:00+00:00,AY,22.25,22.25,22.25,22.25,22.25,232.0
2024-08-27 10:14:00+00:00,CEG,196.9550018310547,196.9550018310547,196.9550018310547,196.4600067138672,196.57000732421875,17538.0
2024-08-27 10:14:00+00:00,EXC,37.82500076293945,37.82500076293945,37.83000183105469,37.810001373291016,37.81999969482422,4934.0
2024-08-27 10:14:00+00:00,FLNC,19.100000381469727,19.100000381469727,19.100000381469727,19.079999923706055,19.094999313354492,2016.0
2024-08-27 10:14:00+00:00,LNT,57.86000061035156,57.86000061035156,57.86000061035156,57.849998474121094,57.849998474121094,759.0
2024-08-27 10:14:00+00:00,NFE,12.894800186157227,12.894800186157227,12.894800186157227,12.880000114440918,12.880000114440918,3407.0
2024-08-27 10:14:00+00:00,PCYO,10.479999542236328,10.479999542236328,10.479999542236328,10.479999542236328,10.479999542236328,1218.0
2024-08-27 10:14:00+00:00,VIASP,21.909900665283203,21.909900665283203,21.909900665283203,21.909900665283203,21.909900665283203,0.0
2024-08-27 10:14:00+00:00,XEL,60.900001525878906,60.900001525878906,60.935001373291016,60.900001525878906,60.935001373291016,5179.0
2024-08-27 10:15:00+00:00,AY,22.2549991607666,22.2549991607666,22.2549991607666,22.25,22.25,526.0
2024-08-27 10:15:00+00:00,FLNC,19.1299991607666,19.1299991607666,19.149999618530273,19.110000610351562,19.110000610351562,2565.0
2024-08-27 10:15:00+00:00,MSEX,61.959999084472656,61.959999084472656,61.959999084472656,61.959999084472656,61.959999084472656,1571.0
2024-08-27 10:15:00+00:00,OPAL,3.609999895095825,3.609999895095825,3.609999895095825,3.609999895095825,3.609999895095825,1106.0
2024-08-27 10:15:00+00:00,RNW,5.760000228881836,5.760000228881836,5.771699905395508,5.760000228881836,5.771699905395508,4549.0
2024-08-27 10:16:00+00:00,AEP,99.0999984741211,99.0999984741211,99.0999984741211,99.0999984741211,99.0999984741211,10658.0
2024-08-27 10:16:00+00:00,AY,22.2549991607666,22.2549991607666,22.2549991607666,22.2549991607666,22.2549991607666,449.0
2024-08-27 10:16:00+00:00,BNRG,0.6671000123023987,0.6671000123023987,0.6671000123023987,0.6671000123023987,0.6671000123023987,2449.0
2024-08-27 10:16:00+00:00,CEG,196.9199981689453,196.9199981689453,197.0,196.9199981689453,196.9199981689453,5914.0
2024-08-27 10:16:00+00:00,EXC,37.845001220703125,37.845001220703125,37.845001220703125,37.834999084472656,37.84000015258789,17080.0
2024-08-27 10:16:00+00:00,FLNC,19.1200008392334,19.1200008392334,19.1200008392334,19.1200008392334,19.1200008392334,2417.0
2024-08-27 10:16:00+00:00,LNT,57.90999984741211,57.90999984741211,57.90999984741211,57.90999984741211,57.90999984741211,3251.0
2024-08-27 10:16:00+00:00,MNTK,4.619999885559082,4.619999885559082,4.619999885559082,4.610000133514404,4.610000133514404,549.0
2024-08-27 10:16:00+00:00,NFE,12.930000305175781,12.930000305175781,12.9399995803833,12.930000305175781,12.9399995803833,20499.0
2024-08-27 10:16:00+00:00,NWE,53.849998474121094,53.849998474121094,53.849998474121094,53.849998474121094,53.849998474121094,1171.0
2024-08-27 10:16:00+00:00,OPAL,3.5899999141693115,3.5899999141693115,3.5899999141693115,3.5899999141693115,3.5899999141693115,200.0
2024-08-27 10:16:00+00:00,RNW,5.760900020599365,5.760900020599365,5.760900020599365,5.760900020599365,5.760900020599365,1358.0
2024-08-27 10:16:00+00:00,XEL,60.959999084472656,60.959999084472656,60.970001220703125,60.95000076293945,60.95500183105469,14308.0
2024-08-27 10:17:00+00:00,AEP,99.13500213623047,99.13500213623047,99.15499877929688,99.12999725341797,99.15499877929688,2541.0
2024-08-27 10:17:00+00:00,AY,22.25,22.25,22.25,22.25,22.25,697.0
2024-08-27 10:17:00+00:00,CEG,197.02000427246094,197.02000427246094,197.13999938964844,196.9199981689453,196.9199981689453,2869.0
2024-08-27 10:17:00+00:00,CWCO,27.790000915527344,27.790000915527344,28.11199951171875,27.790000915527344,27.969999313354492,627.0
2024-08-27 10:17:00+00:00,EXC,37.85499954223633,37.85499954223633,37.85499954223633,37.845001220703125,37.84550094604492,2659.0
2024-08-27 10:17:00+00:00,FLNC,19.06999969482422,19.06999969482422,19.079999923706055,19.05500030517578,19.075000762939453,3733.0
2024-08-27 10:17:00+00:00,LNT,57.90999984741211,57.90999984741211,57.90999984741211,57.90999984741211,57.90999984741211,641.0
2024-08-27 10:17:00+00:00,MSEX,61.93000030517578,61.93000030517578,61.93000030517578,61.93000030517578,61.93000030517578,386.0
2024-08-27 10:17:00+00:00,NFE,12.930000305175781,12.930000305175781,12.9350004196167,12.930000305175781,12.9350004196167,732.0
2024-08-27 10:17:00+00:00,NWE,53.900001525878906,53.900001525878906,53.900001525878906,53.900001525878906,53.900001525878906,613.0
2024-08-27 10:17:00+00:00,RNW,5.764999866485596,5.764999866485596,5.764999866485596,5.7600998878479,5.764999866485596,2294.0
2024-08-27 10:17:00+00:00,XEL,60.974998474121094,60.974998474121094,60.974998474121094,60.96500015258789,60.970001220703125,1985.0
2024-08-27 10:18:00+00:00,AEP,99.07499694824219,99.07499694824219,99.08999633789062,99.07499694824219,99.08999633789062,3705.0
2024-08-27 10:18:00+00:00,AY,22.25,22.25,22.25,22.25,22.25,559.0
2024-08-27 10:18:00+00:00,CEG,197.24749755859375,197.24749755859375,197.30999755859375,197.0500030517578,197.10499572753906,5062.0
2024-08-27 10:18:00+00:00,EXC,37.84000015258789,37.84000015258789,37.849998474121094,37.834999084472656,37.834999084472656,9328.0
2024-08-27 10:18:00+00:00,FLNC,19.079999923706055,19.079999923706055,19.09000015258789,19.059999465942383,19.059999465942383,1359.0
2024-08-27 10:18:00+00:00,LNT,57.875,57.875,57.875,57.875,57.875,513.0
2024-08-27 10:18:00+00:00,MNTK,4.625,4.625,4.625,4.625,4.625,164.0
2024-08-27 10:18:00+00:00,MSEX,62.04999923706055,62.04999923706055,62.04999923706055,62.04999923706055,62.04999923706055,696.0
2024-08-27 10:18:00+00:00,NFE,12.9399995803833,12.9399995803833,12.9399995803833,12.930000305175781,12.930000305175781,8084.0
2024-08-27 10:18:00+00:00,XEL,60.939998626708984,60.939998626708984,60.939998626708984,60.939998626708984,60.939998626708984,5485.0
2024-08-27 10:19:00+00:00,ADN,3.3499999046325684,3.3499999046325684,3.3499999046325684,3.3499999046325684,3.3499999046325684,488.0
2024-08-27 10:19:00+00:00,AEP,99.1050033569336,99.1050033569336,99.1050033569336,99.05000305175781,99.05999755859375,3026.0
2024-08-27 10:19:00+00:00,CEG,197.17999267578125,197.17999267578125,197.17999267578125,197.17999267578125,197.17999267578125,1760.0
2024-08-27 10:19:00+00:00,CWCO,27.79010009765625,27.79010009765625,27.791000366210938,27.79010009765625,27.791000366210938,1319.0
2024-08-27 10:19:00+00:00,EXC,37.845001220703125,37.845001220703125,37.86000061035156,37.845001220703125,37.845001220703125,2671.0
2024-08-27 10:19:00+00:00,FLNC,19.1200008392334,19.1200008392334,19.1200008392334,19.079999923706055,19.079999923706055,1415.0
2024-08-27 10:19:00+00:00,MNTK,4.625,4.625,4.625,4.625,4.625,179.0
2024-08-27 10:19:00+00:00,NFE,12.9399995803833,12.9399995803833,12.9399995803833,12.9399995803833,12.9399995803833,510.0
2024-08-27 10:19:00+00:00,OTTR,90.37329864501953,90.37329864501953,90.37329864501953,90.37329864501953,90.37329864501953,493.0
2024-08-27 10:19:00+00:00,RNW,5.769499778747559,5.769499778747559,5.769499778747559,5.769499778747559,5.769499778747559,235.0
2024-08-27 10:19:00+00:00,XEL,60.97999954223633,60.97999954223633,60.9900016784668,60.959999084472656,60.970001220703125,6350.0
2024-08-27 10:20:00+00:00,AEP,99.13500213623047,99.13500213623047,99.19000244140625,99.125,99.13500213623047,9010.0
2024-08-27 10:20:00+00:00,AY,22.25,22.25,22.25,22.25,22.25,472.0
2024-08-27 10:20:00+00:00,CEG,197.22999572753906,197.22999572753906,197.32000732421875,197.0800018310547,197.2050018310547,4436.0
2024-08-27 10:20:00+00:00,EXC,37.8650016784668,37.8650016784668,37.8650016784668,37.845001220703125,37.845001220703125,4203.0
2024-08-27 10:20:00+00:00,FLNC,19.06999969482422,19.06999969482422,19.100000381469727,19.06999969482422,19.100000381469727,2570.0
2024-08-27 10:20:00+00:00,HTOO,0.6100000143051147,0.6100000143051147,0.6200000047683716,0.6100000143051147,0.6100000143051147,13903.0
2024-08-27 10:20:00+00:00,LNT,57.880001068115234,57.880001068115234,57.88999938964844,57.880001068115234,57.88999938964844,743.0
2024-08-27 10:20:00+00:00,NFE,12.9399995803833,12.9399995803833,12.949999809265137,12.9399995803833,12.949999809265137,1503.0
2024-08-27 10:20:00+00:00,NWE,53.939998626708984,53.939998626708984,53.939998626708984,53.939998626708984,53.939998626708984,520.0
2024-08-27 10:20:00+00:00,OTTR,90.44999694824219,90.44999694824219,90.44999694824219,90.44999694824219,90.44999694824219,271.0
2024-08-27 10:20:00+00:00,RNW,5.764999866485596,5.764999866485596,5.764999866485596,5.764999866485596,5.764999866485596,573.0
2024-08-27 10:20:00+00:00,XEL,61.02000045776367,61.02000045776367,61.02000045776367,60.97999954223633,60.97999954223633,5088.0
2024-08-27 10:21:00+00:00,AEP,99.09500122070312,99.09500122070312,99.1500015258789,99.08999633789062,99.1500015258789,6699.0
2024-08-27 10:21:00+00:00,AY,22.254199981689453,22.254199981689453,22.254199981689453,22.25,22.25,1080.0
2024-08-27 10:21:00+00:00,CDZI,3.369999885559082,3.369999885559082,3.369999885559082,3.359999895095825,3.359999895095825,2265.0
2024-08-27 10:21:00+00:00,CEG,197.2949981689453,197.2949981689453,197.2949981689453,197.27000427246094,197.27000427246094,1570.0
2024-08-27 10:21:00+00:00,EXC,37.834999084472656,37.834999084472656,37.86000061035156,37.83000183105469,37.86000061035156,7124.0
2024-08-27 10:21:00+00:00,FLNC,19.075000762939453,19.075000762939453,19.075000762939453,19.06999969482422,19.06999969482422,628.0
2024-08-27 10:21:00+00:00,LNT,57.869998931884766,57.869998931884766,57.869998931884766,57.869998931884766,57.869998931884766,345.0
2024-08-27 10:21:00+00:00,MNTK,4.630000114440918,4.630000114440918,4.630000114440918,4.630000114440918,4.630000114440918,500.0
2024-08-27 10:21:00+00:00,NFE,12.970000267028809,12.970000267028809,12.970000267028809,12.9399995803833,12.9399995803833,5383.0
2024-08-27 10:21:00+00:00,OPAL,3.615000009536743,3.615000009536743,3.615000009536743,3.5899999141693115,3.5899999141693115,706.0
2024-08-27 10:21:00+00:00,OTTR,90.37000274658203,90.37000274658203,90.41999816894531,90.37000274658203,90.41999816894531,606.0
2024-08-27 10:21:00+00:00,PCYO,10.479999542236328,10.479999542236328,10.479999542236328,10.479999542236328,10.479999542236328,300.0
2024-08-27 10:21:00+00:00,XEL,60.9900016784668,60.9900016784668,61.0099983215332,60.98500061035156,61.0099983215332,2288.0
2024-08-27 10:22:00+00:00,AEP,99.13999938964844,99.13999938964844,99.13999938964844,99.0999984741211,99.11000061035156,1247.0
2024-08-27 10:22:00+00:00,AY,22.25,22.25,22.25,22.25,22.25,470.0
2024-08-27 10:22:00+00:00,CEG,197.01499938964844,197.01499938964844,197.4199981689453,196.97000122070312,197.39999389648438,7077.0
2024-08-27 10:22:00+00:00,EXC,37.845001220703125,37.845001220703125,37.845001220703125,37.834999084472656,37.84000015258789,3862.0
2024-08-27 10:22:00+00:00,FLNC,19.075000762939453,19.075000762939453,19.09000015258789,19.075000762939453,19.079999923706055,951.0
2024-08-27 10:22:00+00:00,LNT,57.875,57.875,57.875,57.875,57.875,895.0
2024-08-27 10:22:00+00:00,MNTK,4.635000228881836,4.635000228881836,4.635000228881836,4.635000228881836,4.635000228881836,114.0
2024-08-27 10:22:00+00:00,NFE,12.970000267028809,12.970000267028809,13.0,12.970000267028809,12.979999542236328,10071.0
2024-08-27 10:22:00+00:00,OTTR,90.23999786376953,90.23999786376953,90.23999786376953,90.23999786376953,90.23999786376953,1295.0
2024-08-27 10:22:00+00:00,PCYO,10.479999542236328,10.479999542236328,10.479999542236328,10.479999542236328,10.479999542236328,98.0
2024-08-27 10:22:00+00:00,RNW,5.764999866485596,5.764999866485596,5.764999866485596,5.764999866485596,5.764999866485596,205.0
2024-08-27 10:22:00+00:00,XEL,61.064998626708984,61.064998626708984,61.064998626708984,60.98500061035156,60.98500061035156,6783.0
2024-08-27 10:23:00+00:00,AEP,99.1500015258789,99.1500015258789,99.16799926757812,99.125,99.1449966430664,3586.0
2024-08-27 10:23:00+00:00,AY,22.25,22.25,22.25,22.25,22.25,277.0
2024-08-27 10:23:00+00:00,CEG,196.8000030517578,196.8000030517578,197.00999450683594,196.8000030517578,196.89999389648438,1820.0
2024-08-27 10:23:00+00:00,CWCO,28.1200008392334,28.1200008392334,28.1200008392334,28.1200008392334,28.1200008392334,631.0
2024-08-27 10:23:00+00:00,EXC,37.845001220703125,37.845001220703125,37.85499954223633,37.845001220703125,37.845001220703125,4163.0
2024-08-27 10:23:00+00:00,FLNC,19.075000762939453,19.075000762939453,19.09000015258789,19.075000762939453,19.075000762939453,1026.0
2024-08-27 10:23:00+00:00,HTOOW,0.04800000041723251,0.04800000041723251,0.04800000041723251,0.04800000041723251,0.04800000041723251,0.0
2024-08-27 10:23:00+00:00,MNTK,4.635000228881836,4.635000228881836,4.635000228881836,4.635000228881836,4.635000228881836,104.0
2024-08-27 10:23:00+00:00,NFE,12.960000038146973,12.960000038146973,12.979999542236328,12.960000038146973,12.979999542236328,3391.0
2024-08-27 10:23:00+00:00,RNW,5.764999866485596,5.764999866485596,5.764999866485596,5.764999866485596,5.764999866485596,531.0
2024-08-27 10:23:00+00:00,XEL,61.08000183105469,61.08000183105469,61.08000183105469,61.060001373291016,61.07500076293945,2440.0
2024-08-27 10:24:00+00:00,AEP,99.13500213623047,99.13500213623047,99.20700073242188,99.13500213623047,99.1500015258789,8462.0
2024-08-27 10:24:00+00:00,AY,22.2549991607666,22.2549991607666,22.2549991607666,22.2549991607666,22.2549991607666,142.0
2024-08-27 10:24:00+00:00,CEG,197.02499389648438,197.02499389648438,197.2100067138672,196.82000732421875,196.82000732421875,7436.0
2024-08-27 10:24:00+00:00,CREG,0.8299999833106995,0.8299999833106995,0.8299999833106995,0.8299999833106995,0.8299999833106995,200.0
2024-08-27 10:24:00+00:00,CWCO,27.950000762939453,27.950000762939453,27.950000762939453,27.950000762939453,27.950000762939453,1741.0
2024-08-27 10:24:00+00:00,EXC,37.85499954223633,37.85499954223633,37.86479949951172,37.845001220703125,37.86000061035156,6263.0
2024-08-27 10:24:00+00:00,FLNC,19.079999923706055,19.079999923706055,19.09000015258789,19.075000762939453,19.079999923706055,1455.0
2024-08-27 10:24:00+00:00,LNT,57.88999938964844,57.88999938964844,57.88999938964844,57.88999938964844,57.88999938964844,775.0
2024-08-27 10:24:00+00:00,MNTK,4.630000114440918,4.630000114440918,4.630000114440918,4.630000114440918,4.630000114440918,5632.0
2024-08-27 10:24:00+00:00,NFE,12.920000076293945,12.920000076293945,12.960000038146973,12.920000076293945,12.960000038146973,8887.0
2024-08-27 10:24:00+00:00,RNW,5.769899845123291,5.769899845123291,5.769899845123291,5.769899845123291,5.769899845123291,272.0
2024-08-27 10:24:00+00:00,WAVE,3.7899999618530273,3.7899999618530273,3.7950000762939453,3.7899999618530273,3.7950000762939453,104.0
2024-08-27 10:24:00+00:00,XEL,61.09000015258789,61.09000015258789,61.099998474121094,61.060001373291016,61.099998474121094,5351.0
2024-08-27 10:25:00+00:00,AEP,99.06999969482422,99.06999969482422,99.1449966430664,99.05000305175781,99.1449966430664,6289.0
2024-08-27 10:25:00+00:00,AY,22.25,22.25,22.25,22.25,22.25,535.0
2024-08-27 10:25:00+00:00,CEG,197.1300048828125,197.1300048828125,197.21499633789062,197.1300048828125,197.21499633789062,478.0
2024-08-27 10:25:00+00:00,EXC,37.845001220703125,37.845001220703125,37.85860061645508,37.834999084472656,37.85860061645508,4662.0
2024-08-27 10:25:00+00:00,FLNC,19.165000915527344,19.165000915527344,19.170000076293945,19.079999923706055,19.079999923706055,3869.0
2024-08-27 10:25:00+00:00,LNT,57.81999969482422,57.81999969482422,57.86000061035156,57.81999969482422,57.86000061035156,1196.0
2024-08-27 10:25:00+00:00,MNTK,4.630000114440918,4.630000114440918,4.630000114440918,4.630000114440918,4.630000114440918,1332.0
2024-08-27 10:25:00+00:00,NFE,12.889900207519531,12.889900207519531,12.90999984741211,12.880000114440918,12.90999984741211,3654.0
2024-08-27 10:25:00+00:00,NWE,53.88999938964844,53.88999938964844,53.91999816894531,53.88999938964844,53.91999816894531,840.0
2024-08-27 10:25:00+00:00,RNW,5.78000020980835,5.78000020980835,5.784999847412109,5.775000095367432,5.775000095367432,2734.0
2024-08-27 10:25:00+00:00,XEL,61.060001373291016,61.060001373291016,61.08000183105469,61.060001373291016,61.08000183105469,3011.0
2024-08-27 10:26:00+00:00,AEP,99.08999633789062,99.08999633789062,99.11000061035156,99.05000305175781,99.08000183105469,9100.0
2024-08-27 10:26:00+00:00,CEG,197.2449951171875,197.2449951171875,197.27000427246094,197.00999450683594,197.27000427246094,3456.0
2024-08-27 10:26:00+00:00,EXC,37.85499954223633,37.85499954223633,37.85499954223633,37.84000015258789,37.845001220703125,4907.0
2024-08-27 10:26:00+00:00,FLNC,19.125,19.125,19.170000076293945,19.125,19.15999984741211,3971.0
2024-08-27 10:26:00+00:00,LNT,57.83000183105469,57.83000183105469,57.83000183105469,57.83000183105469,57.83000183105469,1270.0
2024-08-27 10:26:00+00:00,MNTK,4.630000114440918,4.630000114440918,4.630000114440918,4.619999885559082,4.619999885559082,341.0
2024-08-27 10:26:00+00:00,NFE,12.880000114440918,12.880000114440918,12.880000114440918,12.869999885559082,12.869999885559082,1862.0
2024-08-27 10:26:00+00:00,OPAL,3.625,3.625,3.625,3.625,3.625,1904.0
2024-08-27 10:26:00+00:00,XEL,61.06999969482422,61.06999969482422,61.06999969482422,61.04999923706055,61.06909942626953,3375.0
2024-08-27 10:27:00+00:00,AEP,99.08999633789062,99.08999633789062,99.1050033569336,99.05000305175781,99.1050033569336,3454.0
2024-08-27 10:27:00+00:00,AY,22.260000228881836,22.260000228881836,22.260000228881836,22.25,22.25,13506.0
2024-08-27 10:27:00+00:00,CEG,196.9355926513672,196.9355926513672,197.0,196.8000030517578,197.0,3113.0
2024-08-27 10:27:00+00:00,CWCO,28.010000228881836,28.010000228881836,28.010000228881836,28.010000228881836,28.010000228881836,102.0
2024-08-27 10:27:00+00:00,EXC,37.85499954223633,37.85499954223633,37.86000061035156,37.85499954223633,37.86000061035156,2061.0
2024-08-27 10:27:00+00:00,FLNC,19.114999771118164,19.114999771118164,19.114999771118164,19.114999771118164,19.114999771118164,962.0
2024-08-27 10:27:00+00:00,MNTK,4.619999885559082,4.619999885559082,4.619999885559082,4.619999885559082,4.619999885559082,257.0
2024-08-27 10:27:00+00:00,MSEX,62.040000915527344,62.040000915527344,62.040000915527344,62.040000915527344,62.040000915527344,194.0
2024-08-27 10:27:00+00:00,NFE,12.970000267028809,12.970000267028809,12.970000267028809,12.880000114440918,12.880000114440918,7041.0
2024-08-27 10:27:00+00:00,RNW,5.78000020980835,5.78000020980835,5.78000020980835,5.78000020980835,5.78000020980835,219.0
2024-08-27 10:27:00+00:00,XEL,61.07500076293945,61.07500076293945,61.09000015258789,61.06999969482422,61.079898834228516,4888.0
2024-08-27 10:28:00+00:00,AEP,99.0999984741211,99.0999984741211,99.11799621582031,99.05999755859375,99.06999969482422,6915.0
2024-08-27 10:28:00+00:00,AY,22.2549991607666,22.2549991607666,22.2549991607666,22.2549991607666,22.2549991607666,1080.0
2024-08-27 10:28:00+00:00,CEG,196.7899932861328,196.7899932861328,196.9199981689453,196.7899932861328,196.89999389648438,1295.0
2024-08-27 10:28:00+00:00,CWCO,27.950000762939453,27.950000762939453,27.950000762939453,27.950000762939453,27.950000762939453,739.0
2024-08-27 10:28:00+00:00,EXC,37.8650016784668,37.8650016784668,37.869998931884766,37.85499954223633,37.85499954223633,4722.0
2024-08-27 10:28:00+00:00,FLNC,19.149999618530273,19.149999618530273,19.149999618530273,19.114999771118164,19.114999771118164,2559.0
2024-08-27 10:28:00+00:00,MGEE,86.56500244140625,86.56500244140625,86.56500244140625,86.56500244140625,86.56500244140625,248.0
2024-08-27 10:28:00+00:00,MNTK,4.630000114440918,4.630000114440918,4.630000114440918,4.619999885559082,4.619999885559082,1569.0
2024-08-27 10:28:00+00:00,NFE,13.020000457763672,13.020000457763672,13.020000457763672,12.970000267028809,12.979999542236328,5958.0
2024-08-27 10:28:00+00:00,RNW,5.784999847412109,5.784999847412109,5.784999847412109,5.784999847412109,5.784999847412109,1075.0
2024-08-27 10:28:00+00:00,XEL,61.09000015258789,61.09000015258789,61.09000015258789,61.064998626708984,61.07500076293945,3330.0
2024-08-27 10:29:00+00:00,AEP,99.05999755859375,99.05999755859375,99.09500122070312,99.04000091552734,99.09500122070312,3324.0
2024-08-27 10:29:00+00:00,CEG,197.02499389648438,197.02499389648438,197.0800018310547,196.7353973388672,196.8000030517578,2295.0
2024-08-27 10:29:00+00:00,EXC,37.85499954223633,37.85499954223633,37.86989974975586,37.845001220703125,37.86989974975586,6165.0
2024-08-27 10:29:00+00:00,FLNC,19.15999984741211,19.15999984741211,19.170000076293945,19.15999984741211,19.15999984741211,1182.0
2024-08-27 10:29:00+00:00,LNT,57.85499954223633,57.85499954223633,57.85499954223633,57.85499954223633,57.85499954223633,1567.0
2024-08-27 10:29:00+00:00,MNTK,4.639999866485596,4.639999866485596,4.639999866485596,4.639999866485596,4.639999866485596,254.0
2024-08-27 10:29:00+00:00,NFE,13.0600004196167,13.0600004196167,13.069999694824219,13.020000457763672,13.029999732971191,6047.0
2024-08-27 10:29:00+00:00,NWE,53.94499969482422,53.94499969482422,53.94499969482422,53.94499969482422,53.94499969482422,236.0
2024-08-27 10:29:00+00:00,OTTR,90.00499725341797,90.00499725341797,90.00499725341797,90.00499725341797,90.00499725341797,492.0
2024-08-27 10:29:00+00:00,RNW,5.784999847412109,5.784999847412109,5.789999961853027,5.784999847412109,5.789999961853027,530.0
2024-08-27 10:29:00+00:00,XEL,61.06999969482422,61.06999969482422,61.078800201416016,61.05500030517578,61.078800201416016,3413.0
2024-08-27 10:30:00+00:00,AEP,99.06999969482422,99.06999969482422,99.06999969482422,99.00499725341797,99.04000091552734,7255.0
2024-08-27 10:30:00+00:00,AY,22.2549991607666,22.2549991607666,22.2549991607666,22.2549991607666,22.2549991607666,1084.0
2024-08-27 10:30:00+00:00,CEG,197.58999633789062,197.58999633789062,197.6300048828125,197.0500030517578,197.0500030517578,15184.0
2024-08-27 10:30:00+00:00,EXC,37.845001220703125,37.845001220703125,37.849998474121094,37.84000015258789,37.849998474121094,15968.0
2024-08-27 10:30:00+00:00,FLNC,19.16469955444336,19.16469955444336,19.16469955444336,19.15999984741211,19.15999984741211,3515.0
2024-08-27 10:30:00+00:00,MNTK,4.650000095367432,4.650000095367432,4.659999847412109,4.650000095367432,4.65500020980835,1098.0
2024-08-27 10:30:00+00:00,NFE,13.079999923706055,13.079999923706055,13.100000381469727,13.050000190734863,13.0649995803833,2862.0
2024-08-27 10:30:00+00:00,NWE,53.91999816894531,53.91999816894531,53.91999816894531,53.91999816894531,53.91999816894531,1219.0
2024-08-27 10:30:00+00:00,OTTR,89.6500015258789,89.6500015258789,90.00499725341797,89.6500015258789,90.00499725341797,1915.0
2024-08-27 10:30:00+00:00,RNW,5.784999847412109,5.784999847412109,5.789999961853027,5.784999847412109,5.789999961853027,506.0
2024-08-27 10:30:00+00:00,XEL,61.025001525878906,61.025001525878906,61.06999969482422,61.02000045776367,61.06999969482422,12881.0
2024-08-27 10:31:00+00:00,AEP,99.02300262451172,99.02300262451172,99.08000183105469,99.02300262451172,99.06500244140625,6224.0
2024-08-27 10:31:00+00:00,AY,22.2549991607666,22.2549991607666,22.256000518798828,22.2549991607666,22.2549991607666,2171.0
2024-08-27 10:31:00+00:00,CEG,197.65499877929688,197.65499877929688,197.81500244140625,197.57000732421875,197.63999938964844,6414.0
2024-08-27 10:31:00+00:00,EXC,37.84000015258789,37.84000015258789,37.85499954223633,37.834999084472656,37.849998474121094,6201.0
2024-08-27 10:31:00+00:00,FLNC,19.219999313354492,19.219999313354492,19.229999542236328,19.20400047302246,19.229999542236328,1488.0
2024-08-27 10:31:00+00:00,HTOO,0.6100000143051147,0.6100000143051147,0.6100000143051147,0.6100000143051147,0.6100000143051147,1462.0
2024-08-27 10:31:00+00:00,LNT,57.82939910888672,57.82939910888672,57.82939910888672,57.82899856567383,57.82899856567383,908.0
2024-08-27 10:31:00+00:00,MNTK,4.650000095367432,4.650000095367432,4.650000095367432,4.64900016784668,4.64900016784668,524.0
2024-08-27 10:31:00+00:00,MSEX,62.06999969482422,62.06999969482422,62.06999969482422,62.064998626708984,62.064998626708984,340.0
2024-08-27 10:31:00+00:00,NFE,13.079999923706055,13.079999923706055,13.109999656677246,13.07800006866455,13.085000038146973,4279.0
2024-08-27 10:31:00+00:00,RNW,5.795000076293945,5.795000076293945,5.796000003814697,5.789999961853027,5.789999961853027,1511.0
2024-08-27 10:31:00+00:00,XEL,60.994998931884766,60.994998931884766,61.029998779296875,60.9900016784668,61.02000045776367,5867.0
2024-08-27 10:32:00+00:00,AEP,99.05500030517578,99.05500030517578,99.05500030517578,99.02999877929688,99.02999877929688,5831.0
2024-08-27 10:32:00+00:00,AY,22.2549991607666,22.2549991607666,22.2549991607666,22.2549991607666,22.2549991607666,254.0
2024-08-27 10:32:00+00:00,CEG,197.88999938964844,197.88999938964844,197.96249389648438,197.66000366210938,197.66000366210938,9955.0
2024-08-27 10:32:00+00:00,CWCO,27.770000457763672,27.770000457763672,27.770000457763672,27.770000457763672,27.770000457763672,751.0
2024-08-27 10:32:00+00:00,EXC,37.83000183105469,37.83000183105469,37.834999084472656,37.83000183105469,37.834999084472656,1317.0
2024-08-27 10:32:00+00:00,FLNC,19.149999618530273,19.149999618530273,19.18000030517578,19.149999618530273,19.18000030517578,1223.0
2024-08-27 10:32:00+00:00,NFE,13.069999694824219,13.069999694824219,13.104999542236328,13.069999694824219,13.100000381469727,6928.0
2024-08-27 10:32:00+00:00,WAVE,3.8949999809265137,3.8949999809265137,3.8949999809265137,3.8949999809265137,3.8949999809265137,142.0
2024-08-27 10:32:00+00:00,XEL,61.0,61.0,61.0,60.98500061035156,60.9900016784668,8544.0
2024-08-27 10:33:00+00:00,AEP,98.9800033569336,98.9800033569336,99.04000091552734,98.9800033569336,99.04000091552734,9737.0
2024-08-27 10:33:00+00:00,AY,22.25,22.25,22.25,22.25,22.25,300.0
2024-08-27 10:33:00+00:00,CEG,198.07000732421875,198.07000732421875,198.3000030517578,198.04330444335938,198.07000732421875,6027.0
2024-08-27 10:33:00+00:00,EXC,37.80500030517578,37.80500030517578,37.834999084472656,37.80500030517578,37.834999084472656,11841.0
2024-08-27 10:33:00+00:00,FLNC,19.139999389648438,19.139999389648438,19.139999389648438,19.139999389648438,19.139999389648438,1175.0
2024-08-27 10:33:00+00:00,LNT,57.77000045776367,57.77000045776367,57.81999969482422,57.77000045776367,57.81999969482422,1787.0
2024-08-27 10:33:00+00:00,MSEX,62.1150016784668,62.1150016784668,62.150001525878906,61.9900016784668,62.13999938964844,1264.0
2024-08-27 10:33:00+00:00,NFE,13.029999732971191,13.029999732971191,13.050000190734863,13.029999732971191,13.050000190734863,1313.0
2024-08-27 10:33:00+00:00,XEL,60.94499969482422,60.94499969482422,61.0,60.939998626708984,61.0,7781.0
2024-08-27 10:34:00+00:00,AEP,98.94049835205078,98.94049835205078,98.97000122070312,98.93000030517578,98.97000122070312,3213.0
2024-08-27 10:34:00+00:00,AY,22.2549991607666,22.2549991607666,22.2549991607666,22.25,22.254499435424805,1695.0
2024-08-27 10:34:00+00:00,CEG,197.85000610351562,197.85000610351562,198.08999633789062,197.85000610351562,198.08999633789062,4702.0
2024-08-27 10:34:00+00:00,CWCO,27.600000381469727,27.600000381469727,27.600000381469727,27.600000381469727,27.600000381469727,285.0
2024-08-27 10:34:00+00:00,EXC,37.80500030517578,37.80500030517578,37.80500030517578,37.79499816894531,37.80500030517578,4736.0
2024-08-27 10:34:00+00:00,FLNC,19.1200008392334,19.1200008392334,19.15999984741211,19.1200008392334,19.149999618530273,2969.0
2024-08-27 10:34:00+00:00,LNT,57.774600982666016,57.774600982666016,57.790000915527344,57.774600982666016,57.779998779296875,1932.0
2024-08-27 10:34:00+00:00,MGEE,86.49500274658203,86.49500274658203,86.49500274658203,86.49500274658203,86.49500274658203,256.0
2024-08-27 10:34:00+00:00,MNTK,4.630000114440918,4.630000114440918,4.639999866485596,4.630000114440918,4.639999866485596,1384.0
2024-08-27 10:34:00+00:00,NFE,13.016300201416016,13.016300201416016,13.020000457763672,13.016300201416016,13.020000457763672,2793.0
2024-08-27 10:34:00+00:00,OTTR,89.79499816894531,89.79499816894531,89.79499816894531,89.79499816894531,89.79499816894531,262.0
2024-08-27 10:34:00+00:00,RNW,5.800000190734863,5.800000190734863,5.804999828338623,5.795000076293945,5.795000076293945,12317.0
2024-08-27 10:34:00+00:00,XEL,61.005001068115234,61.005001068115234,61.005001068115234,60.95500183105469,60.95500183105469,3847.0
2024-08-27 10:35:00+00:00,AEP,98.96499633789062,98.96499633789062,98.9800033569336,98.93000030517578,98.94000244140625,4964.0
2024-08-27 10:35:00+00:00,CEG,197.875,197.875,197.9499969482422,197.75,197.9499969482422,2757.0
2024-08-27 10:35:00+00:00,EXC,37.82500076293945,37.82500076293945,37.83000183105469,37.79999923706055,37.79999923706055,5841.0
2024-08-27 10:35:00+00:00,FLNC,19.1299991607666,19.1299991607666,19.1299991607666,19.104999542236328,19.104999542236328,1495.0
2024-08-27 10:35:00+00:00,MSEX,61.88999938964844,61.88999938964844,61.95000076293945,61.88999938964844,61.95000076293945,1917.0
2024-08-27 10:35:00+00:00,NFE,13.050000190734863,13.050000190734863,13.050000190734863,13.020000457763672,13.020000457763672,2914.0
2024-08-27 10:35:00+00:00,OTTR,89.65499877929688,89.65499877929688,89.65499877929688,89.65499877929688,89.65499877929688,0.0
2024-08-27 10:35:00+00:00,XEL,61.0099983215332,61.0099983215332,61.025001525878906,60.994998931884766,60.994998931884766,1966.0
2024-08-27 10:36:00+00:00,AEP,99.0,99.0,99.0,98.95500183105469,98.97000122070312,7340.0
2024-08-27 10:36:00+00:00,AY,22.2549991607666,22.2549991607666,22.2549991607666,22.2549991607666,22.2549991607666,253.0
2024-08-27 10:36:00+00:00,CEG,197.91000366210938,197.91000366210938,198.00999450683594,197.87249755859375,197.875,13482.0
2024-08-27 10:36:00+00:00,EXC,37.81999969482422,37.81999969482422,37.81999969482422,37.814998626708984,37.81999969482422,1235.0
2024-08-27 10:36:00+00:00,FLNC,19.110000610351562,19.110000610351562,19.1200008392334,19.084999084472656,19.104999542236328,1692.0
2024-08-27 10:36:00+00:00,LNT,57.810001373291016,57.810001373291016,57.810001373291016,57.810001373291016,57.810001373291016,878.0
2024-08-27 10:36:00+00:00,NFE,13.0600004196167,13.0600004196167,13.0600004196167,13.050000190734863,13.050000190734863,1729.0
2024-08-27 10:36:00+00:00,OPAL,3.619999885559082,3.619999885559082,3.619999885559082,3.619999885559082,3.619999885559082,878.0
2024-08-27 10:36:00+00:00,PCYO,10.484999656677246,10.484999656677246,10.484999656677246,10.484999656677246,10.484999656677246,200.0
2024-08-27 10:36:00+00:00,RNW,5.784999847412109,5.784999847412109,5.784999847412109,5.784999847412109,5.784999847412109,518.0
2024-08-27 10:36:00+00:00,XEL,61.0,61.0,61.005001068115234,60.9900016784668,61.0,2646.0
2024-08-27 10:37:00+00:00,AEP,99.01000213623047,99.01000213623047,99.02999877929688,98.97000122070312,98.9800033569336,12195.0
2024-08-27 10:37:00+00:00,AY,22.2549991607666,22.2549991607666,22.260000228881836,22.2549991607666,22.260000228881836,4498.0
2024-08-27 10:37:00+00:00,CEG,197.67999267578125,197.67999267578125,198.0,197.67999267578125,198.0,4927.0
2024-08-27 10:37:00+00:00,EXC,37.82500076293945,37.82500076293945,37.82500076293945,37.810001373291016,37.814998626708984,15645.0
2024-08-27 10:37:00+00:00,FLNC,19.087499618530273,19.087499618530273,19.1200008392334,19.084999084472656,19.114999771118164,3636.0
2024-08-27 10:37:00+00:00,LNT,57.83980178833008,57.83980178833008,57.83980178833008,57.83980178833008,57.83980178833008,608.0
2024-08-27 10:37:00+00:00,NFE,13.069999694824219,13.069999694824219,13.069999694824219,13.050000190734863,13.050000190734863,3731.0
2024-08-27 10:37:00+00:00,NWE,53.845001220703125,53.845001220703125,53.845001220703125,53.845001220703125,53.845001220703125,351.0
2024-08-27 10:37:00+00:00,OTTR,89.68000030517578,89.68000030517578,89.70999908447266,89.66500091552734,89.66500091552734,667.0
2024-08-27 10:37:00+00:00,RNW,5.795000076293945,5.795000076293945,5.800000190734863,5.795000076293945,5.800000190734863,987.0
2024-08-27 10:37:00+00:00,XEL,61.040000915527344,61.040000915527344,61.040000915527344,61.02000045776367,61.025001525878906,2364.0
2024-08-27 10:38:00+00:00,AEP,98.98500061035156,98.98500061035156,99.01499938964844,98.97000122070312,99.01499938964844,2857.0
2024-08-27 10:38:00+00:00,CDZI,3.369999885559082,3.369999885559082,3.380000114440918,3.369999885559082,3.380000114440918,310.0
2024-08-27 10:38:00+00:00,CEG,197.76499938964844,197.76499938964844,197.76499938964844,197.6300048828125,197.63999938964844,1375.0
2024-08-27 10:38:00+00:00,CWCO,27.600000381469727,27.600000381469727,27.600000381469727,27.545000076293945,27.545000076293945,898.0
2024-08-27 10:38:00+00:00,EXC,37.82500076293945,37.82500076293945,37.83000183105469,37.810001373291016,37.81999969482422,5161.0
2024-08-27 10:38:00+00:00,FLNC,19.104999542236328,19.104999542236328,19.104999542236328,19.104999542236328,19.104999542236328,859.0
2024-08-27 10:38:00+00:00,GWRS,12.6899995803833,12.6899995803833,12.6899995803833,12.6899995803833,12.6899995803833,114.0
2024-08-27 10:38:00+00:00,LNT,57.84000015258789,57.84000015258789,57.84000015258789,57.84000015258789,57.84000015258789,401.0
2024-08-27 10:38:00+00:00,NFE,13.069999694824219,13.069999694824219,13.079999923706055,13.0600004196167,13.069999694824219,6320.0
2024-08-27 10:38:00+00:00,RNW,5.800000190734863,5.800000190734863,5.800000190734863,5.800000190734863,5.800000190734863,687.0
2024-08-27 10:38:00+00:00,XEL,61.0099983215332,61.0099983215332,61.040000915527344,61.0099983215332,61.040000915527344,3757.0
2024-08-27 10:39:00+00:00,AEP,98.9800033569336,98.9800033569336,98.98999786376953,98.94499969482422,98.98999786376953,5400.0
2024-08-27 10:39:00+00:00,CEG,197.66000366210938,197.66000366210938,197.8175048828125,197.61000061035156,197.80999755859375,4535.0
2024-08-27 10:39:00+00:00,CWCO,27.600000381469727,27.600000381469727,27.6299991607666,27.600000381469727,27.600000381469727,5743.0
2024-08-27 10:39:00+00:00,EXC,37.82500076293945,37.82500076293945,37.83000183105469,37.81999969482422,37.81999969482422,11359.0
2024-08-27 10:39:00+00:00,FLNC,19.139999389648438,19.139999389648438,19.139999389648438,19.114999771118164,19.114999771118164,1341.0
2024-08-27 10:39:00+00:00,LNT,57.849998474121094,57.849998474121094,57.849998474121094,57.81999969482422,57.81999969482422,2518.0
2024-08-27 10:39:00+00:00,MNTK,4.639999866485596,4.639999866485596,4.639999866485596,4.630000114440918,4.639999866485596,1157.0
2024-08-27 10:39:00+00:00,NFE,13.050000190734863,13.050000190734863,13.069999694824219,13.045000076293945,13.069999694824219,4163.0
2024-08-27 10:39:00+00:00,XEL,61.04499816894531,61.04499816894531,61.04499816894531,61.0099983215332,61.025001525878906,2318.0
2024-08-27 10:40:00+00:00,AEP,98.94000244140625,98.94000244140625,98.9749984741211,98.94000244140625,98.9749984741211,2207.0
2024-08-27 10:40:00+00:00,AY,22.258800506591797,22.258800506591797,22.258800506591797,22.2549991607666,22.2549991607666,5134.0
2024-08-27 10:40:00+00:00,CEG,197.1699981689453,197.1699981689453,197.61000061035156,197.1699981689453,197.61000061035156,2986.0
2024-08-27 10:40:00+00:00,CWCO,27.510000228881836,27.510000228881836,27.510000228881836,27.510000228881836,27.510000228881836,163.0
2024-08-27 10:40:00+00:00,EXC,37.82500076293945,37.82500076293945,37.82500076293945,37.82500076293945,37.82500076293945,3163.0
2024-08-27 10:40:00+00:00,FLNC,19.15999984741211,19.15999984741211,19.15999984741211,19.139999389648438,19.139999389648438,812.0
2024-08-27 10:40:00+00:00,LNT,57.849998474121094,57.849998474121094,57.849998474121094,57.849998474121094,57.849998474121094,104.0
2024-08-27 10:40:00+00:00,NFE,13.039999961853027,13.039999961853027,13.0600004196167,13.029999732971191,13.0600004196167,11450.0
2024-08-27 10:40:00+00:00,RNW,5.804999828338623,5.804999828338623,5.804999828338623,5.804999828338623,5.804999828338623,285.0
2024-08-27 10:40:00+00:00,XEL,61.025001525878906,61.025001525878906,61.04999923706055,61.025001525878906,61.04499816894531,2580.0
2024-08-27 10:41:00+00:00,AEP,98.91999816894531,98.91999816894531,98.94989776611328,98.91999816894531,98.94989776611328,3919.0
2024-08-27 10:41:00+00:00,AY,22.25,22.25,22.25,22.25,22.25,437.0
2024-08-27 10:41:00+00:00,CEG,197.3300018310547,197.3300018310547,197.3300018310547,197.14999389648438,197.27999877929688,1610.0
2024-08-27 10:41:00+00:00,CWCO,27.6299991607666,27.6299991607666,27.6299991607666,27.6299991607666,27.6299991607666,170.0
2024-08-27 10:41:00+00:00,EXC,37.834999084472656,37.834999084472656,37.834999084472656,37.810001373291016,37.82500076293945,11671.0
2024-08-27 10:41:00+00:00,FLNC,19.15999984741211,19.15999984741211,19.18000030517578,19.15999984741211,19.18000030517578,735.0
2024-08-27 10:41:00+00:00,LNT,57.84000015258789,57.84000015258789,57.84000015258789,57.83000183105469,57.84000015258789,2516.0
2024-08-27 10:41:00+00:00,MSEX,61.97999954223633,61.97999954223633,61.97999954223633,61.959999084472656,61.959999084472656,310.0
2024-08-27 10:41:00+00:00,NFE,13.029999732971191,13.029999732971191,13.050000190734863,13.029999732971191,13.050000190734863,3514.0
2024-08-27 10:41:00+00:00,OTTR,89.66000366210938,89.66000366210938,89.66000366210938,89.66000366210938,89.66000366210938,564.0
2024-08-27 10:41:00+00:00,PCYO,10.484999656677246,10.484999656677246,10.484999656677246,10.484999656677246,10.484999656677246,200.0
2024-08-27 10:41:00+00:00,RNW,5.804999828338623,5.804999828338623,5.804999828338623,5.804999828338623,5.804999828338623,1153.0
2024-08-27 10:41:00+00:00,XEL,61.04999923706055,61.04999923706055,61.04999923706055,61.025001525878906,61.025001525878906,3897.0
2024-08-27 10:42:00+00:00,AEP,98.93060302734375,98.93060302734375,98.94999694824219,98.93060302734375,98.94000244140625,6629.0
2024-08-27 10:42:00+00:00,AY,22.2549991607666,22.2549991607666,22.2549991607666,22.2549991607666,22.2549991607666,1569.0
2024-08-27 10:42:00+00:00,CEG,197.3350067138672,197.3350067138672,197.3350067138672,197.25,197.25,695.0
2024-08-27 10:42:00+00:00,CWCO,27.739999771118164,27.739999771118164,27.739999771118164,27.739999771118164,27.739999771118164,261.0
2024-08-27 10:42:00+00:00,EXC,37.834999084472656,37.834999084472656,37.845001220703125,37.834999084472656,37.84000015258789,6338.0
2024-08-27 10:42:00+00:00,FLNC,19.165000915527344,19.165000915527344,19.174999237060547,19.165000915527344,19.174999237060547,947.0
2024-08-27 10:42:00+00:00,LNT,57.849998474121094,57.849998474121094,57.86000061035156,57.849998474121094,57.849998474121094,1190.0
2024-08-27 10:42:00+00:00,NFE,13.050000190734863,13.050000190734863,13.0600004196167,13.029999732971191,13.029999732971191,13176.0
2024-08-27 10:42:00+00:00,PCYO,10.484999656677246,10.484999656677246,10.484999656677246,10.484999656677246,10.484999656677246,627.0
2024-08-27 10:42:00+00:00,XEL,61.05500030517578,61.05500030517578,61.060001373291016,61.04999923706055,61.04999923706055,3577.0
2024-08-27 10:43:00+00:00,AEP,98.91000366210938,98.91000366210938,98.94000244140625,98.91000366210938,98.93000030517578,3544.0
2024-08-27 10:43:00+00:00,AY,22.2549991607666,22.2549991607666,22.2549991607666,22.25,22.25,1155.0
2024-08-27 10:43:00+00:00,CDZI,3.369999885559082,3.369999885559082,3.369999885559082,3.369999885559082,3.369999885559082,1160.0
2024-08-27 10:43:00+00:00,CEG,197.44000244140625,197.44000244140625,197.51499938964844,197.16000366210938,197.16000366210938,3271.0
2024-08-27 10:43:00+00:00,EXC,37.81999969482422,37.81999969482422,37.82500076293945,37.81999969482422,37.82500076293945,3788.0
2024-08-27 10:43:00+00:00,FLNC,19.17140007019043,19.17140007019043,19.17140007019043,19.149999618530273,19.165000915527344,4002.0
2024-08-27 10:43:00+00:00,HTOO,0.6100000143051147,0.6100000143051147,0.6100000143051147,0.6100000143051147,0.6100000143051147,3207.0
2024-08-27 10:43:00+00:00,LNT,57.84000015258789,57.84000015258789,57.84000015258789,57.83000183105469,57.83000183105469,455.0
2024-08-27 10:43:00+00:00,MNTK,4.644999980926514,4.644999980926514,4.644999980926514,4.644999980926514,4.644999980926514,220.0
2024-08-27 10:43:00+00:00,NFE,13.0600004196167,13.0600004196167,13.0600004196167,13.0600004196167,13.0600004196167,1015.0
2024-08-27 10:43:00+00:00,OTTR,89.70999908447266,89.70999908447266,89.70999908447266,89.70999908447266,89.70999908447266,193.0
2024-08-27 10:43:00+00:00,RNW,5.800000190734863,5.800000190734863,5.800000190734863,5.800000190734863,5.800000190734863,179.0
2024-08-27 10:43:00+00:00,WAVE,3.805000066757202,3.805000066757202,3.805000066757202,3.805000066757202,3.805000066757202,411.0
2024-08-27 10:43:00+00:00,XEL,61.06999969482422,61.06999969482422,61.09000015258789,61.05500030517578,61.060001373291016,9051.0
2024-08-27 10:44:00+00:00,AEP,98.87000274658203,98.87000274658203,98.87000274658203,98.87000274658203,98.87000274658203,300.0
2024-08-27 10:44:00+00:00,CEG,197.3800048828125,197.3800048828125,197.44000244140625,197.36000061035156,197.44000244140625,1581.0
2024-08-27 10:44:00+00:00,EXC,37.81999969482422,37.81999969482422,37.83000183105469,37.81999969482422,37.81999969482422,3593.0
2024-08-27 10:44:00+00:00,FLNC,19.170000076293945,19.170000076293945,19.170000076293945,19.149999618530273,19.15999984741211,1844.0
2024-08-27 10:44:00+00:00,GWRS,12.711700439453125,12.711700439453125,12.711700439453125,12.711700439453125,12.711700439453125,571.0
2024-08-27 10:44:00+00:00,LNT,57.84000015258789,57.84000015258789,57.84000015258789,57.83000183105469,57.83000183105469,373.0
2024-08-27 10:44:00+00:00,MNTK,4.644999980926514,4.644999980926514,4.644999980926514,4.644999980926514,4.644999980926514,415.0
2024-08-27 10:44:00+00:00,MSEX,62.005001068115234,62.005001068115234,62.005001068115234,62.005001068115234,62.005001068115234,268.0
2024-08-27 10:44:00+00:00,NFE,13.050000190734863,13.050000190734863,13.069999694824219,13.050000190734863,13.0600004196167,2508.0
2024-08-27 10:44:00+00:00,OTTR,89.80000305175781,89.80000305175781,89.87999725341797,89.73500061035156,89.76000213623047,3216.0
2024-08-27 10:44:00+00:00,RNW,5.800000190734863,5.800000190734863,5.800000190734863,5.800000190734863,5.800000190734863,631.0
2024-08-27 10:44:00+00:00,XEL,61.06999969482422,61.06999969482422,61.06999969482422,61.06999969482422,61.06999969482422,1529.0
2024-08-27 10:45:00+00:00,AEP,98.9000015258789,98.9000015258789,98.9000015258789,98.86000061035156,98.87000274658203,5416.0
2024-08-27 10:45:00+00:00,CEG,197.27000427246094,197.27000427246094,197.3000030517578,197.22999572753906,197.3000030517578,2793.0
2024-08-27 10:45:00+00:00,EXC,37.834999084472656,37.834999084472656,37.834999084472656,37.82500076293945,37.82500076293945,3424.0
2024-08-27 10:45:00+00:00,FLNC,19.18000030517578,19.18000030517578,19.18000030517578,19.149999618530273,19.149999618530273,1062.0
2024-08-27 10:45:00+00:00,LNT,57.849998474121094,57.849998474121094,57.849998474121094,57.849998474121094,57.849998474121094,926.0
2024-08-27 10:45:00+00:00,NFE,13.039999961853027,13.039999961853027,13.050000190734863,13.039999961853027,13.050000190734863,3458.0
2024-08-27 10:45:00+00:00,NWE,53.845001220703125,53.845001220703125,53.845001220703125,53.845001220703125,53.845001220703125,425.0
2024-08-27 10:45:00+00:00,XEL,61.084999084472656,61.084999084472656,61.084999084472656,61.06999969482422,61.06999969482422,4605.0
2024-08-27 10:46:00+00:00,AEP,98.88500213623047,98.88500213623047,98.91500091552734,98.87999725341797,98.91500091552734,10108.0
2024-08-27 10:46:00+00:00,CEG,197.24000549316406,197.24000549316406,197.27000427246094,197.1739959716797,197.27000427246094,1694.0
2024-08-27 10:46:00+00:00,EXC,37.82500076293945,37.82500076293945,37.834999084472656,37.82500076293945,37.834999084472656,7845.0
2024-08-27 10:46:00+00:00,FLNC,19.17639923095703,19.17639923095703,19.17639923095703,19.17639923095703,19.17639923095703,496.0
2024-08-27 10:46:00+00:00,LNT,57.85499954223633,57.85499954223633,57.85499954223633,57.85499954223633,57.85499954223633,404.0
2024-08-27 10:46:00+00:00,MNTK,4.644999980926514,4.644999980926514,4.644999980926514,4.639999866485596,4.639999866485596,996.0
2024-08-27 10:46:00+00:00,NFE,13.039999961853027,13.039999961853027,13.050000190734863,13.039999961853027,13.04699993133545,2546.0
2024-08-27 10:46:00+00:00,PCYO,10.484999656677246,10.484999656677246,10.484999656677246,10.484999656677246,10.484999656677246,527.0
2024-08-27 10:46:00+00:00,XEL,61.05500030517578,61.05500030517578,61.09000015258789,61.05500030517578,61.08000183105469,2843.0
2024-08-27 10:47:00+00:00,AEP,98.93000030517578,98.93000030517578,98.93000030517578,98.91500091552734,98.91500091552734,1321.0
2024-08-27 10:47:00+00:00,AY,22.2549991607666,22.2549991607666,22.2549991607666,22.2549991607666,22.2549991607666,1015.0
2024-08-27 10:47:00+00:00,CEG,197.30999755859375,197.30999755859375,197.33999633789062,197.28500366210938,197.28500366210938,3201.0
2024-08-27 10:47:00+00:00,EXC,37.82500076293945,37.82500076293945,37.845001220703125,37.82500076293945,37.82500076293945,15198.0
2024-08-27 10:47:00+00:00,FLNC,19.149999618530273,19.149999618530273,19.15999984741211,19.149999618530273,19.149999618530273,6786.0
2024-08-27 10:47:00+00:00,MNTK,4.65500020980835,4.65500020980835,4.65500020980835,4.650000095367432,4.650000095367432,879.0
2024-08-27 10:47:00+00:00,NFE,13.055000305175781,13.055000305175781,13.0600004196167,13.029999732971191,13.029999732971191,13514.0
2024-08-27 10:47:00+00:00,OTTR,89.6500015258789,89.6500015258789,89.81500244140625,89.6500015258789,89.81500244140625,3572.0
2024-08-27 10:47:00+00:00,XEL,61.02000045776367,61.02000045776367,61.060001373291016,61.02000045776367,61.05500030517578,9487.0
2024-08-27 10:48:00+00:00,AEP,98.93000030517578,98.93000030517578,98.93000030517578,98.91000366210938,98.92250061035156,924.0
2024-08-27 10:48:00+00:00,CEG,197.27000427246094,197.27000427246094,197.30999755859375,197.25999450683594,197.25999450683594,2038.0
2024-08-27 10:48:00+00:00,EXC,37.82500076293945,37.82500076293945,37.825599670410156,37.81999969482422,37.82500076293945,4376.0
2024-08-27 10:48:00+00:00,FLNC,19.135000228881836,19.135000228881836,19.139999389648438,19.1299991607666,19.139999389648438,1249.0
2024-08-27 10:48:00+00:00,LNT,57.82500076293945,57.82500076293945,57.84000015258789,57.82500076293945,57.84000015258789,1009.0
2024-08-27 10:48:00+00:00,MNTK,4.670000076293945,4.670000076293945,4.670000076293945,4.659999847412109,4.659999847412109,1413.0
2024-08-27 10:48:00+00:00,NFE,13.069999694824219,13.069999694824219,13.069999694824219,13.069999694824219,13.069999694824219,2296.0
2024-08-27 10:48:00+00:00,NWE,53.83000183105469,53.83000183105469,53.83000183105469,53.81999969482422,53.81999969482422,417.0
2024-08-27 10:48:00+00:00,RNW,5.789999961853027,5.789999961853027,5.800099849700928,5.784999847412109,5.800099849700928,9676.0
2024-08-27 10:48:00+00:00,XEL,61.0099983215332,61.0099983215332,61.01499938964844,61.0099983215332,61.01499938964844,534.0
2024-08-27 10:49:00+00:00,AEP,98.94499969482422,98.94499969482422,98.94499969482422,98.91999816894531,98.91999816894531,7524.0
2024-08-27 10:49:00+00:00,AY,22.260000228881836,22.260000228881836,22.260000228881836,22.2549991607666,22.260000228881836,5146.0
2024-08-27 10:49:00+00:00,CEG,197.41000366210938,197.41000366210938,197.42999267578125,197.32000732421875,197.36000061035156,1077.0
2024-08-27 10:49:00+00:00,CWCO,27.790700912475586,27.790700912475586,27.790700912475586,27.790700912475586,27.790700912475586,116.0
2024-08-27 10:49:00+00:00,EXC,37.82500076293945,37.82500076293945,37.83000183105469,37.82500076293945,37.82500076293945,1126.0
2024-08-27 10:49:00+00:00,FLNC,19.15999984741211,19.15999984741211,19.15999984741211,19.149999618530273,19.149999618530273,2024.0
2024-08-27 10:49:00+00:00,LNT,57.81999969482422,57.81999969482422,57.81999969482422,57.810001373291016,57.810001373291016,1359.0
2024-08-27 10:49:00+00:00,MNTK,4.659999847412109,4.659999847412109,4.659999847412109,4.659999847412109,4.659999847412109,429.0
2024-08-27 10:49:00+00:00,NFE,13.069999694824219,13.069999694824219,13.079999923706055,13.069999694824219,13.079999923706055,3696.0
2024-08-27 10:49:00+00:00,XEL,61.040000915527344,61.040000915527344,61.040000915527344,61.0099983215332,61.0099983215332,2058.0
2024-08-27 10:50:00+00:00,AEP,98.94979858398438,98.94979858398438,98.95999908447266,98.94499969482422,98.94499969482422,1230.0
2024-08-27 10:50:00+00:00,CEG,197.75999450683594,197.75999450683594,197.75999450683594,197.3800048828125,197.3800048828125,3481.0
2024-08-27 10:50:00+00:00,CWCO,27.68000030517578,27.68000030517578,27.75,27.68000030517578,27.75,944.0
2024-08-27 10:50:00+00:00,EXC,37.82500076293945,37.82500076293945,37.82749938964844,37.820098876953125,37.82749938964844,1686.0
2024-08-27 10:50:00+00:00,FLNC,19.165000915527344,19.165000915527344,19.165000915527344,19.139999389648438,19.15999984741211,963.0
2024-08-27 10:50:00+00:00,MNTK,4.670000076293945,4.670000076293945,4.670000076293945,4.670000076293945,4.670000076293945,1320.0
2024-08-27 10:50:00+00:00,NFE,13.069999694824219,13.069999694824219,13.079999923706055,13.069999694824219,13.069999694824219,2435.0
2024-08-27 10:50:00+00:00,NWE,53.84000015258789,53.84000015258789,53.86000061035156,53.810001373291016,53.810001373291016,2909.0
2024-08-27 10:50:00+00:00,XEL,61.029998779296875,61.029998779296875,61.03499984741211,61.02000045776367,61.029998779296875,2003.0
2024-08-27 10:51:00+00:00,AEP,98.91999816894531,98.91999816894531,98.94999694824219,98.90499877929688,98.94999694824219,7569.0
2024-08-27 10:51:00+00:00,CEG,197.8249969482422,197.8249969482422,197.8699951171875,197.72500610351562,197.72500610351562,3686.0
2024-08-27 10:51:00+00:00,EXC,37.82500076293945,37.82500076293945,37.82749938964844,37.82500076293945,37.82500076293945,3465.0
2024-08-27 10:51:00+00:00,FLNC,19.170000076293945,19.170000076293945,19.170000076293945,19.170000076293945,19.170000076293945,1187.0
2024-08-27 10:51:00+00:00,LNT,57.81999969482422,57.81999969482422,57.81999969482422,57.810001373291016,57.810001373291016,531.0
2024-08-27 10:51:00+00:00,NFE,13.0600004196167,13.0600004196167,13.078200340270996,13.0600004196167,13.074999809265137,7735.0
2024-08-27 10:51:00+00:00,OTTR,89.3949966430664,89.3949966430664,89.4000015258789,89.3949966430664,89.4000015258789,795.0
2024-08-27 10:51:00+00:00,XEL,61.04499816894531,61.04499816894531,61.04499816894531,61.029998779296875,61.029998779296875,1887.0
2024-08-27 10:52:00+00:00,AEP,98.8949966430664,98.8949966430664,98.91999816894531,98.8949966430664,98.91999816894531,5497.0
2024-08-27 10:52:00+00:00,AY,22.2549991607666,22.2549991607666,22.2549991607666,22.2549991607666,22.2549991607666,1265.0
2024-08-27 10:52:00+00:00,CEG,197.8249969482422,197.8249969482422,197.8249969482422,197.8249969482422,197.8249969482422,392.0
2024-08-27 10:52:00+00:00,CWCO,27.6200008392334,27.6200008392334,27.6200008392334,27.6200008392334,27.6200008392334,109.0
2024-08-27 10:52:00+00:00,EXC,37.82500076293945,37.82500076293945,37.834999084472656,37.82500076293945,37.82500076293945,17412.0
2024-08-27 10:52:00+00:00,FLNC,19.170000076293945,19.170000076293945,19.170000076293945,19.170000076293945,19.170000076293945,200.0
2024-08-27 10:52:00+00:00,LNT,57.83000183105469,57.83000183105469,57.83000183105469,57.83000183105469,57.83000183105469,1719.0
2024-08-27 10:52:00+00:00,MSEX,62.130001068115234,62.130001068115234,62.130001068115234,62.130001068115234,62.130001068115234,400.0
2024-08-27 10:52:00+00:00,NFE,13.015000343322754,13.015000343322754,13.0600004196167,13.015000343322754,13.0600004196167,5638.0
2024-08-27 10:52:00+00:00,RNW,5.800000190734863,5.800000190734863,5.820000171661377,5.789999961853027,5.795000076293945,19488.0
2024-08-27 10:52:00+00:00,XEL,61.040000915527344,61.040000915527344,61.04499816894531,61.03499984741211,61.04499816894531,2572.0
2024-08-27 10:53:00+00:00,AEP,98.91999816894531,98.91999816894531,98.91999816894531,98.88999938964844,98.90019989013672,5561.0
2024-08-27 10:53:00+00:00,CEG,197.8686981201172,197.8686981201172,197.8686981201172,197.8300018310547,197.8300018310547,2565.0
2024-08-27 10:53:00+00:00,CREG,0.8848999738693237,0.8848999738693237,0.8848999738693237,0.8848999738693237,0.8848999738693237,1700.0
2024-08-27 10:53:00+00:00,CWCO,27.639999389648438,27.639999389648438,27.639999389648438,27.639999389648438,27.639999389648438,108.0
2024-08-27 10:53:00+00:00,EXC,37.834999084472656,37.834999084472656,37.845001220703125,37.82500076293945,37.82500076293945,21733.0
2024-08-27 10:53:00+00:00,FLNC,19.149999618530273,19.149999618530273,19.18709945678711,19.149999618530273,19.18709945678711,2955.0
2024-08-27 10:53:00+00:00,LNT,57.82500076293945,57.82500076293945,57.83000183105469,57.810001373291016,57.810001373291016,1642.0
2024-08-27 10:53:00+00:00,NFE,13.020000457763672,13.020000457763672,13.020000457763672,13.010000228881836,13.010000228881836,2998.0
2024-08-27 10:53:00+00:00,OTTR,89.17500305175781,89.17500305175781,89.17500305175781,89.17500305175781,89.17500305175781,494.0
2024-08-27 10:53:00+00:00,RNW,5.79010009765625,5.79010009765625,5.795000076293945,5.79010009765625,5.795000076293945,497.0
2024-08-27 10:53:00+00:00,XEL,61.064998626708984,61.064998626708984,61.06999969482422,61.040000915527344,61.040000915527344,4723.0
2024-08-27 10:54:00+00:00,AEP,98.91999816894531,98.91999816894531,98.91999816894531,98.91000366210938,98.91999816894531,1928.0
2024-08-27 10:54:00+00:00,CEG,197.7899932861328,197.7899932861328,197.85000610351562,197.7899932861328,197.85000610351562,970.0
2024-08-27 10:54:00+00:00,EXC,37.82500076293945,37.82500076293945,37.834999084472656,37.82500076293945,37.834999084472656,2577.0
2024-08-27 10:54:00+00:00,FLNC,19.174999237060547,19.174999237060547,19.174999237060547,19.15999984741211,19.15999984741211,1677.0
2024-08-27 10:54:00+00:00,LNT,57.81999969482422,57.81999969482422,57.81999969482422,57.81999969482422,57.81999969482422,505.0
2024-08-27 10:54:00+00:00,NFE,13.0600004196167,13.0600004196167,13.0600004196167,13.020000457763672,13.020000457763672,3087.0
2024-08-27 10:54:00+00:00,NWE,53.83000183105469,53.83000183105469,53.83000183105469,53.83000183105469,53.83000183105469,449.0
2024-08-27 10:54:00+00:00,XEL,61.03499984741211,61.03499984741211,61.064998626708984,61.03499984741211,61.064998626708984,3473.0
2024-08-27 10:55:00+00:00,AEP,98.91999816894531,98.91999816894531,98.91999816894531,98.88999938964844,98.91000366210938,5207.0
2024-08-27 10:55:00+00:00,CEG,197.67999267578125,197.67999267578125,197.83999633789062,197.67999267578125,197.83999633789062,2470.0
2024-08-27 10:55:00+00:00,EXC,37.82500076293945,37.82500076293945,37.82500076293945,37.82500076293945,37.82500076293945,1149.0
2024-08-27 10:55:00+00:00,FLNC,19.18000030517578,19.18000030517578,19.18000030517578,19.18000030517578,19.18000030517578,392.0
2024-08-27 10:55:00+00:00,LNT,57.83000183105469,57.83000183105469,57.83000183105469,57.83000183105469,57.83000183105469,510.0
2024-08-27 10:55:00+00:00,NFE,13.069999694824219,13.069999694824219,13.069999694824219,13.050000190734863,13.0600004196167,2469.0
2024-08-27 10:55:00+00:00,NWE,53.80500030517578,53.80500030517578,53.80500030517578,53.80500030517578,53.80500030517578,446.0
2024-08-27 10:55:00+00:00,OTTR,88.9749984741211,88.9749984741211,88.9749984741211,88.9749984741211,88.9749984741211,606.0
2024-08-27 10:55:00+00:00,RNW,5.800000190734863,5.800000190734863,5.800000190734863,5.800000190734863,5.800000190734863,714.0
2024-08-27 10:55:00+00:00,XEL,61.040000915527344,61.040000915527344,61.040000915527344,61.02000045776367,61.029998779296875,3035.0
2024-08-27 10:56:00+00:00,AEP,98.95500183105469,98.95500183105469,98.95500183105469,98.93000030517578,98.93000030517578,1622.0
2024-08-27 10:56:00+00:00,AY,22.2549991607666,22.2549991607666,22.2549991607666,22.2549991607666,22.2549991607666,927.0
2024-08-27 10:56:00+00:00,CEG,197.57000732421875,197.57000732421875,197.73500061035156,197.57000732421875,197.73500061035156,2800.0
2024-08-27 10:56:00+00:00,EXC,37.834999084472656,37.834999084472656,37.845001220703125,37.82500076293945,37.82500076293945,26483.0
2024-08-27 10:56:00+00:00,FLNC,19.200000762939453,19.200000762939453,19.200000762939453,19.18000030517578,19.18000030517578,1126.0
2024-08-27 10:56:00+00:00,LNT,57.849998474121094,57.849998474121094,57.849998474121094,57.84000015258789,57.84000015258789,1354.0
2024-08-27 10:56:00+00:00,NFE,13.079999923706055,13.079999923706055,13.079999923706055,13.069999694824219,13.074999809265137,3017.0
2024-08-27 10:56:00+00:00,RNW,5.789999961853027,5.789999961853027,5.800000190734863,5.789999961853027,5.800000190734863,2640.0
2024-08-27 10:56:00+00:00,XEL,61.05500030517578,61.05500030517578,61.05500030517578,61.040000915527344,61.040000915527344,3121.0
2024-08-27 10:57:00+00:00,AEP,98.91000366210938,98.91000366210938,98.9800033569336,98.91000366210938,98.97000122070312,5679.0
2024-08-27 10:57:00+00:00,AY,22.2549991607666,22.2549991607666,22.2549991607666,22.2549991607666,22.2549991607666,533.0
2024-08-27 10:57:00+00:00,CEG,197.6699981689453,197.6699981689453,197.6699981689453,197.5399932861328,197.57000732421875,2259.0
2024-08-27 10:57:00+00:00,EXC,37.814998626708984,37.814998626708984,37.834999084472656,37.814998626708984,37.834999084472656,14547.0
2024-08-27 10:57:00+00:00,FLNC,19.18000030517578,19.18000030517578,19.190000534057617,19.18000030517578,19.190000534057617,897.0
2024-08-27 10:57:00+00:00,LNT,57.849998474121094,57.849998474121094,57.849998474121094,57.849998474121094,57.849998474121094,742.0
2024-08-27 10:57:00+00:00,NFE,13.079999923706055,13.079999923706055,13.079999923706055,13.069999694824219,13.069999694824219,2276.0
2024-08-27 10:57:00+00:00,XEL,61.0099983215332,61.0099983215332,61.05500030517578,61.0099983215332,61.05500030517578,3234.0
2024-08-27 10:58:00+00:00,AEP,98.93000030517578,98.93000030517578,98.94000244140625,98.90499877929688,98.90499877929688,8522.0
2024-08-27 10:58:00+00:00,AY,22.25,22.25,22.25,22.25,22.25,1301.0
2024-08-27 10:58:00+00:00,CEG,197.81500244140625,197.81500244140625,197.8175048828125,197.74000549316406,197.7899932861328,2970.0
2024-08-27 10:58:00+00:00,EXC,37.814998626708984,37.814998626708984,37.83000183105469,37.814998626708984,37.814998626708984,9616.0
2024-08-27 10:58:00+00:00,FLNC,19.170000076293945,19.170000076293945,19.190000534057617,19.170000076293945,19.18000030517578,2727.0
2024-08-27 10:58:00+00:00,LNT,57.81999969482422,57.81999969482422,57.83000183105469,57.81999969482422,57.83000183105469,1281.0
2024-08-27 10:58:00+00:00,MNTK,4.670000076293945,4.670000076293945,4.670000076293945,4.670000076293945,4.670000076293945,123.0
2024-08-27 10:58:00+00:00,NFE,13.069999694824219,13.069999694824219,13.074999809265137,13.0600004196167,13.074999809265137,2907.0
2024-08-27 10:58:00+00:00,NWE,53.79999923706055,53.79999923706055,53.79999923706055,53.79999923706055,53.79999923706055,490.0
2024-08-27 10:58:00+00:00,OPAL,3.609999895095825,3.609999895095825,3.609999895095825,3.609999895095825,3.609999895095825,224.0
2024-08-27 10:58:00+00:00,XEL,61.02000045776367,61.02000045776367,61.02000045776367,61.0,61.0,2069.0
2024-08-27 10:59:00+00:00,AEP,98.91999816894531,98.91999816894531,98.94000244140625,98.91000366210938,98.91999816894531,4235.0
2024-08-27 10:59:00+00:00,CEG,197.85499572753906,197.85499572753906,197.88999938964844,197.81500244140625,197.8800048828125,2527.0
2024-08-27 10:59:00+00:00,CWCO,27.559999465942383,27.559999465942383,27.559999465942383,27.559999465942383,27.559999465942383,152.0
2024-08-27 10:59:00+00:00,EXC,37.81999969482422,37.81999969482422,37.82500076293945,37.80500030517578,37.814998626708984,4544.0
2024-08-27 10:59:00+00:00,FLNC,19.184999465942383,19.184999465942383,19.184999465942383,19.184999465942383,19.184999465942383,567.0
2024-08-27 10:59:00+00:00,LNT,57.79499816894531,57.79499816894531,57.79499816894531,57.79499816894531,57.79499816894531,612.0
2024-08-27 10:59:00+00:00,MNTK,4.670000076293945,4.670000076293945,4.670000076293945,4.670000076293945,4.670000076293945,266.0
2024-08-27 10:59:00+00:00,NFE,13.0600004196167,13.0600004196167,13.069999694824219,13.050000190734863,13.069999694824219,5649.0
2024-08-27 10:59:00+00:00,OTTR,89.0,89.0,89.0,89.0,89.0,766.0
2024-08-27 10:59:00+00:00,XEL,61.0099983215332,61.0099983215332,61.02000045776367,61.005001068115234,61.01639938354492,3285.0
2024-08-27 11:00:00+00:00,AEP,98.93000030517578,98.93000030517578,98.96499633789062,98.91500091552734,98.93000030517578,12851.0
2024-08-27 11:00:00+00:00,CEG,198.05999755859375,198.05999755859375,198.05999755859375,197.89999389648438,197.97000122070312,12471.0
2024-08-27 11:00:00+00:00,CWCO,27.639999389648438,27.639999389648438,27.639999389648438,27.639999389648438,27.639999389648438,417.0
2024-08-27 11:00:00+00:00,EXC,37.834999084472656,37.834999084472656,37.845001220703125,37.82500076293945,37.82500076293945,18198.0
2024-08-27 11:00:00+00:00,FLNC,19.190000534057617,19.190000534057617,19.200000762939453,19.184999465942383,19.190000534057617,2011.0
2024-08-27 11:00:00+00:00,LNT,57.81999969482422,57.81999969482422,57.81999969482422,57.79999923706055,57.79999923706055,759.0
2024-08-27 11:00:00+00:00,MNTK,4.675000190734863,4.675000190734863,4.675000190734863,4.675000190734863,4.675000190734863,357.0
2024-08-27 11:00:00+00:00,NFE,13.039999961853027,13.039999961853027,13.050000190734863,13.039999961853027,13.050000190734863,3838.0
2024-08-27 11:00:00+00:00,PCYO,10.484999656677246,10.484999656677246,10.484999656677246,10.484999656677246,10.484999656677246,200.0
2024-08-27 11:00:00+00:00,RNW,5.795000076293945,5.795000076293945,5.795000076293945,5.795000076293945,5.795000076293945,433.0
2024-08-27 11:00:00+00:00,XEL,61.04999923706055,61.04999923706055,61.060001373291016,61.025001525878906,61.025001525878906,3874.0
2024-08-27 11:01:00+00:00,AEP,98.93000030517578,98.93000030517578,98.93000030517578,98.90499877929688,98.91999816894531,2067.0
2024-08-27 11:01:00+00:00,CDZI,3.369999885559082,3.369999885559082,3.369999885559082,3.369999885559082,3.369999885559082,5200.0
2024-08-27 11:01:00+00:00,CEG,198.02999877929688,198.02999877929688,198.06500244140625,198.02499389648438,198.06500244140625,1421.0
2024-08-27 11:01:00+00:00,CWCO,27.709999084472656,27.709999084472656,27.709999084472656,27.709999084472656,27.709999084472656,506.0
2024-08-27 11:01:00+00:00,EXC,37.834999084472656,37.834999084472656,37.842498779296875,37.834999084472656,37.834999084472656,6072.0
2024-08-27 11:01:00+00:00,FLNC,19.100000381469727,19.100000381469727,19.200000762939453,19.100000381469727,19.200000762939453,4120.0
2024-08-27 11:01:00+00:00,LNT,57.810001373291016,57.810001373291016,57.810001373291016,57.810001373291016,57.810001373291016,648.0
2024-08-27 11:01:00+00:00,MGEE,86.3499984741211,86.3499984741211,86.41999816894531,86.3499984741211,86.41999816894531,544.0
2024-08-27 11:01:00+00:00,MSEX,61.849998474121094,61.849998474121094,61.90999984741211,61.849998474121094,61.90999984741211,1626.0
2024-08-27 11:01:00+00:00,NFE,13.024999618530273,13.024999618530273,13.029999732971191,13.024999618530273,13.029999732971191,380.0
2024-08-27 11:01:00+00:00,PCYO,10.484999656677246,10.484999656677246,10.484999656677246,10.484999656677246,10.484999656677246,460.0
2024-08-27 11:01:00+00:00,XEL,61.060001373291016,61.060001373291016,61.060001373291016,61.03499984741211,61.05500030517578,2692.0
2024-08-27 11:02:00+00:00,AEP,98.94000244140625,98.94000244140625,98.94000244140625,98.93000030517578,98.93000030517578,1625.0
2024-08-27 11:02:00+00:00,CEG,197.72999572753906,197.72999572753906,198.03500366210938,197.72999572753906,198.03500366210938,4677.0
2024-08-27 11:02:00+00:00,EXC,37.845001220703125,37.845001220703125,37.849998474121094,37.834999084472656,37.834999084472656,6575.0
2024-08-27 11:02:00+00:00,FLNC,19.125,19.125,19.125,19.1200008392334,19.1200008392334,815.0
2024-08-27 11:02:00+00:00,LNT,57.83000183105469,57.83000183105469,57.83000183105469,57.81999969482422,57.81999969482422,264.0
2024-08-27 11:02:00+00:00,MGEE,86.41999816894531,86.41999816894531,86.58000183105469,86.41999816894531,86.58000183105469,1240.0
2024-08-27 11:02:00+00:00,NFE,12.994999885559082,12.994999885559082,13.020000457763672,12.994999885559082,13.020000457763672,3132.0
2024-08-27 11:02:00+00:00,OTTR,89.25499725341797,89.25499725341797,89.25499725341797,89.22000122070312,89.22000122070312,898.0
2024-08-27 11:02:00+00:00,RNW,5.791600227355957,5.791600227355957,5.791600227355957,5.791600227355957,5.791600227355957,1486.0
2024-08-27 11:02:00+00:00,XEL,61.060001373291016,61.060001373291016,61.060001373291016,61.029998779296875,61.05500030517578,2000.0
2024-08-27 11:02:00+00:00,YORW,38.150001525878906,38.150001525878906,38.150001525878906,38.06999969482422,38.06999969482422,1030.0
2024-08-27 11:03:00+00:00,AEP,98.95999908447266,98.95999908447266,98.9800033569336,98.93900299072266,98.93900299072266,2658.0
2024-08-27 11:03:00+00:00,AY,22.252500534057617,22.252500534057617,22.2549991607666,22.252500534057617,22.2549991607666,2456.0
2024-08-27 11:03:00+00:00,EXC,37.875,37.875,37.880001068115234,37.85499954223633,37.86000061035156,3788.0
2024-08-27 11:03:00+00:00,FLNC,19.1200008392334,19.1200008392334,19.1200008392334,19.091299057006836,19.1200008392334,6426.0
2024-08-27 11:03:00+00:00,LNT,57.849998474121094,57.849998474121094,57.849998474121094,57.84000015258789,57.84000015258789,662.0
2024-08-27 11:03:00+00:00,NFE,12.998700141906738,12.998700141906738,13.0,12.998700141906738,13.0,2386.0
2024-08-27 11:03:00+00:00,XEL,61.060001373291016,61.060001373291016,61.064998626708984,61.04999923706055,61.060001373291016,2535.0
2024-08-27 11:04:00+00:00,AEP,98.93499755859375,98.93499755859375,98.943603515625,98.91999816894531,98.943603515625,1864.0
2024-08-27 11:04:00+00:00,CEG,197.6199951171875,197.6199951171875,197.7550048828125,197.6199951171875,197.7550048828125,882.0
2024-08-27 11:04:00+00:00,CWCO,27.739999771118164,27.739999771118164,27.739999771118164,27.739999771118164,27.739999771118164,241.0
2024-08-27 11:04:00+00:00,EXC,37.8849983215332,37.8849983215332,37.88990020751953,37.875,37.875,3668.0
2024-08-27 11:04:00+00:00,FLNC,19.104999542236328,19.104999542236328,19.104999542236328,19.104999542236328,19.104999542236328,998.0
2024-08-27 11:04:00+00:00,MSEX,61.935001373291016,61.935001373291016,61.935001373291016,61.935001373291016,61.935001373291016,247.0
2024-08-27 11:04:00+00:00,NFE,12.989999771118164,12.989999771118164,12.989999771118164,12.989999771118164,12.989999771118164,1174.0
2024-08-27 11:04:00+00:00,XEL,61.06999969482422,61.06999969482422,61.06999969482422,61.05500030517578,61.060001373291016,3312.0
2024-08-27 11:05:00+00:00,AEP,98.93000030517578,98.93000030517578,98.95999908447266,98.93000030517578,98.95999908447266,1591.0
2024-08-27 11:05:00+00:00,AY,22.2549991607666,22.2549991607666,22.2549991607666,22.2549991607666,22.2549991607666,331.0
2024-08-27 11:05:00+00:00,CEG,197.75,197.75,197.7550048828125,197.64999389648438,197.7550048828125,1180.0
2024-08-27 11:05:00+00:00,EXC,37.900001525878906,37.900001525878906,37.900001525878906,37.8849983215332,37.900001525878906,4870.0
2024-08-27 11:05:00+00:00,FLNC,19.110000610351562,19.110000610351562,19.1200008392334,19.110000610351562,19.1200008392334,603.0
2024-08-27 11:05:00+00:00,LNT,57.849998474121094,57.849998474121094,57.849998474121094,57.849998474121094,57.849998474121094,775.0
2024-08-27 11:05:00+00:00,MNTK,4.675000190734863,4.675000190734863,4.675000190734863,4.675000190734863,4.675000190734863,324.0
2024-08-27 11:05:00+00:00,NFE,12.989999771118164,12.989999771118164,13.0,12.970000267028809,12.989999771118164,15325.0
2024-08-27 11:05:00+00:00,XEL,61.060001373291016,61.060001373291016,61.07500076293945,61.060001373291016,61.06999969482422,1371.0
2024-08-27 11:06:00+00:00,AEP,98.94629669189453,98.94629669189453,98.94629669189453,98.91000366210938,98.91999816894531,5382.0
2024-08-27 11:06:00+00:00,CEG,197.49000549316406,197.49000549316406,197.58999633789062,197.49000549316406,197.58999633789062,1223.0
2024-08-27 11:06:00+00:00,CWCO,27.770000457763672,27.770000457763672,27.770000457763672,27.770000457763672,27.770000457763672,532.0
2024-08-27 11:06:00+00:00,EXC,37.9099006652832,37.9099006652832,37.90999984741211,37.88999938964844,37.89500045776367,4727.0
2024-08-27 11:06:00+00:00,FLNC,19.110000610351562,19.110000610351562,19.110000610351562,19.100000381469727,19.110000610351562,1726.0
2024-08-27 11:06:00+00:00,LNT,57.81999969482422,57.81999969482422,57.83000183105469,57.81999969482422,57.83000183105469,1495.0
2024-08-27 11:06:00+00:00,NFE,12.989999771118164,12.989999771118164,12.997300148010254,12.989999771118164,12.989999771118164,1520.0
2024-08-27 11:06:00+00:00,OTTR,89.33000183105469,89.33000183105469,89.41000366210938,89.26000213623047,89.31999969482422,3325.0
2024-08-27 11:06:00+00:00,RNW,5.769999980926514,5.769999980926514,5.795000076293945,5.769999980926514,5.795000076293945,2248.0
2024-08-27 11:06:00+00:00,XEL,61.064998626708984,61.064998626708984,61.064998626708984,61.029998779296875,61.04999923706055,3270.0
2024-08-27 11:06:00+00:00,YORW,38.150001525878906,38.150001525878906,38.150001525878906,38.150001525878906,38.150001525878906,315.0
2024-08-27 11:07:00+00:00,AEP,98.91999816894531,98.91999816894531,98.93499755859375,98.9000015258789,98.93499755859375,3127.0
2024-08-27 11:07:00+00:00,AY,22.2549991607666,22.2549991607666,22.2549991607666,22.2549991607666,22.2549991607666,305.0
2024-08-27 11:07:00+00:00,CEG,197.4199981689453,197.4199981689453,197.4199981689453,197.33999633789062,197.41000366210938,1501.0
2024-08-27 11:07:00+00:00,EXC,37.90999984741211,37.90999984741211,37.90999984741211,37.90999984741211,37.90999984741211,389.0
2024-08-27 11:07:00+00:00,FLNC,19.104999542236328,19.104999542236328,19.110000610351562,19.104999542236328,19.104999542236328,354.0
2024-08-27 11:07:00+00:00,LNT,57.84000015258789,57.84000015258789,57.849998474121094,57.83000183105469,57.845001220703125,19632.0
2024-08-27 11:07:00+00:00,NFE,12.960000038146973,12.960000038146973,12.979999542236328,12.960000038146973,12.979999542236328,2761.0
2024-08-27 11:07:00+00:00,OPAL,3.614500045776367,3.614500045776367,3.614500045776367,3.614500045776367,3.614500045776367,901.0
2024-08-27 11:07:00+00:00,XEL,61.064998626708984,61.064998626708984,61.064998626708984,61.05500030517578,61.060001373291016,2750.0
2024-08-27 11:07:00+00:00,YORW,38.08000183105469,38.08000183105469,38.08000183105469,38.08000183105469,38.08000183105469,762.0
2024-08-27 11:08:00+00:00,ADN,3.3399999141693115,3.3399999141693115,3.3399999141693115,3.3399999141693115,3.3399999141693115,624.0
2024-08-27 11:08:00+00:00,AEP,98.91000366210938,98.91000366210938,98.94000244140625,98.88700103759766,98.92500305175781,4728.0
2024-08-27 11:08:00+00:00,AY,22.2549991607666,22.2549991607666,22.2549991607666,22.2549991607666,22.2549991607666,161.0
2024-08-27 11:08:00+00:00,CEG,197.41000366210938,197.41000366210938,197.57000732421875,197.41000366210938,197.4600067138672,1817.0
2024-08-27 11:08:00+00:00,CWCO,27.694900512695312,27.694900512695312,27.694900512695312,27.694900512695312,27.694900512695312,1000.0
2024-08-27 11:08:00+00:00,EXC,37.904998779296875,37.904998779296875,37.90999984741211,37.89500045776367,37.90999984741211,5157.0
2024-08-27 11:08:00+00:00,FLNC,19.110000610351562,19.110000610351562,19.114999771118164,19.100000381469727,19.100000381469727,902.0
2024-08-27 11:08:00+00:00,LNT,57.834999084472656,57.834999084472656,57.849998474121094,57.834999084472656,57.849998474121094,3157.0
2024-08-27 11:08:00+00:00,MGEE,86.94999694824219,86.94999694824219,86.94999694824219,86.94999694824219,86.94999694824219,183.0
2024-08-27 11:08:00+00:00,NFE,12.920000076293945,12.920000076293945,12.96500015258789,12.920000076293945,12.96500015258789,5519.0
2024-08-27 11:08:00+00:00,RNW,5.760000228881836,5.760000228881836,5.761199951171875,5.760000228881836,5.761199951171875,502.0
2024-08-27 11:08:00+00:00,XEL,61.060001373291016,61.060001373291016,61.08000183105469,61.04999923706055,61.064998626708984,4899.0
2024-08-27 11:09:00+00:00,AEP,98.875,98.875,98.9000015258789,98.87000274658203,98.88999938964844,1048.0
2024-08-27 11:09:00+00:00,CEG,197.3800048828125,197.3800048828125,197.4600067138672,197.33999633789062,197.4600067138672,3746.0
2024-08-27 11:09:00+00:00,CWCO,27.700000762939453,27.700000762939453,27.790000915527344,27.690000534057617,27.790000915527344,424.0
2024-08-27 11:09:00+00:00,EXC,37.904998779296875,37.904998779296875,37.904998779296875,37.900001525878906,37.904998779296875,4336.0
2024-08-27 11:09:00+00:00,FLNC,19.09000015258789,19.09000015258789,19.104999542236328,19.09000015258789,19.100000381469727,1226.0
2024-08-27 11:09:00+00:00,LNT,57.84000015258789,57.84000015258789,57.84000015258789,57.84000015258789,57.84000015258789,279.0
2024-08-27 11:09:00+00:00,NFE,12.960000038146973,12.960000038146973,12.960000038146973,12.9399995803833,12.949999809265137,2396.0
2024-08-27 11:09:00+00:00,NWE,53.790000915527344,53.790000915527344,53.790000915527344,53.790000915527344,53.790000915527344,354.0
2024-08-27 11:09:00+00:00,OPAL,3.5999999046325684,3.5999999046325684,3.5999999046325684,3.5999999046325684,3.5999999046325684,198.0
2024-08-27 11:09:00+00:00,OTTR,89.30500030517578,89.30500030517578,89.30500030517578,89.30500030517578,89.30500030517578,1027.0
2024-08-27 11:09:00+00:00,RNW,5.75,5.75,5.75,5.75,5.75,3027.0
2024-08-27 11:09:00+00:00,XEL,61.060001373291016,61.060001373291016,61.06999969482422,61.05500030517578,61.06999969482422,1672.0
2024-08-27 11:10:00+00:00,AEP,98.86000061035156,98.86000061035156,98.87000274658203,98.8550033569336,98.86000061035156,2333.0
2024-08-27 11:10:00+00:00,AY,22.2549991607666,22.2549991607666,22.2549991607666,22.25,22.2549991607666,1183.0
2024-08-27 11:10:00+00:00,CEG,197.34829711914062,197.34829711914062,197.39500427246094,197.3000030517578,197.3000030517578,2854.0
2024-08-27 11:10:00+00:00,CWCO,27.68000030517578,27.68000030517578,27.75309944152832,27.68000030517578,27.75309944152832,1029.0
2024-08-27 11:10:00+00:00,EXC,37.90999984741211,37.90999984741211,37.90999984741211,37.90999984741211,37.90999984741211,1284.0
2024-08-27 11:10:00+00:00,FLNC,19.100000381469727,19.100000381469727,19.100000381469727,19.09000015258789,19.09000015258789,1330.0
2024-08-27 11:10:00+00:00,HTOO,0.6200000047683716,0.6200000047683716,0.6200000047683716,0.6200000047683716,0.6200000047683716,1600.0
2024-08-27 11:10:00+00:00,LNT,57.880001068115234,57.880001068115234,57.880001068115234,57.84000015258789,57.84000015258789,3107.0
2024-08-27 11:10:00+00:00,NFE,12.970000267028809,12.970000267028809,12.970000267028809,12.9399995803833,12.9399995803833,3563.0
2024-08-27 11:10:00+00:00,RNW,5.760000228881836,5.760000228881836,5.760000228881836,5.760000228881836,5.760000228881836,200.0
2024-08-27 11:10:00+00:00,XEL,61.03499984741211,61.03499984741211,61.04999923706055,61.03499984741211,61.04499816894531,6376.0
2024-08-27 11:10:00+00:00,YORW,38.150001525878906,38.150001525878906,38.150001525878906,38.150001525878906,38.150001525878906,985.0
2024-08-27 11:11:00+00:00,AEP,98.86499786376953,98.86499786376953,98.86499786376953,98.86499786376953,98.86499786376953,1037.0
2024-08-27 11:11:00+00:00,AY,22.2549991607666,22.2549991607666,22.2549991607666,22.2549991607666,22.2549991607666,400.0
2024-08-27 11:11:00+00:00,CDZI,3.369999885559082,3.369999885559082,3.369999885559082,3.369999885559082,3.369999885559082,277.0
2024-08-27 11:11:00+00:00,CEG,197.2100067138672,197.2100067138672,197.3800048828125,197.2100067138672,197.22999572753906,968.0
2024-08-27 11:11:00+00:00,EXC,37.880001068115234,37.880001068115234,37.90999984741211,37.869998931884766,37.90999984741211,13191.0
2024-08-27 11:11:00+00:00,FLNC,19.09000015258789,19.09000015258789,19.094999313354492,19.09000015258789,19.094999313354492,802.0
2024-08-27 11:11:00+00:00,LNT,57.849998474121094,57.849998474121094,57.880001068115234,57.849998474121094,57.880001068115234,2336.0
2024-08-27 11:11:00+00:00,MSEX,61.939998626708984,61.939998626708984,61.939998626708984,61.939998626708984,61.939998626708984,666.0
2024-08-27 11:11:00+00:00,NFE,12.989999771118164,12.989999771118164,12.989999771118164,12.989999771118164,12.989999771118164,1112.0
2024-08-27 11:11:00+00:00,NWE,53.77000045776367,53.77000045776367,53.77000045776367,53.77000045776367,53.77000045776367,602.0
2024-08-27 11:11:00+00:00,PCYO,10.510000228881836,10.510000228881836,10.510000228881836,10.484999656677246,10.484999656677246,493.0
2024-08-27 11:11:00+00:00,RNW,5.75,5.75,5.75,5.75,5.75,3839.0
2024-08-27 11:11:00+00:00,XEL,61.025001525878906,61.025001525878906,61.040000915527344,61.02000045776367,61.040000915527344,2295.0
2024-08-27 11:12:00+00:00,AEP,98.83000183105469,98.83000183105469,98.83999633789062,98.83000183105469,98.83000183105469,1073.0
2024-08-27 11:12:00+00:00,AY,22.25,22.25,22.253299713134766,22.25,22.253299713134766,1589.0
2024-08-27 11:12:00+00:00,CEG,197.21009826660156,197.21009826660156,197.3323974609375,197.21009826660156,197.3000030517578,1392.0
2024-08-27 11:12:00+00:00,CWCO,27.672300338745117,27.672300338745117,27.672300338745117,27.672300338745117,27.672300338745117,332.0
2024-08-27 11:12:00+00:00,EXC,37.869998931884766,37.869998931884766,37.880001068115234,37.869998931884766,37.880001068115234,1930.0
2024-08-27 11:12:00+00:00,NFE,12.960000038146973,12.960000038146973,12.979999542236328,12.960000038146973,12.979999542236328,4320.0
2024-08-27 11:12:00+00:00,OTTR,89.18000030517578,89.18000030517578,89.18000030517578,89.18000030517578,89.18000030517578,410.0
2024-08-27 11:12:00+00:00,XEL,61.005001068115234,61.005001068115234,61.01499938964844,60.994998931884766,61.01499938964844,4140.0
2024-08-27 11:13:00+00:00,AEP,98.80000305175781,98.80000305175781,98.80000305175781,98.7802963256836,98.79000091552734,2934.0
2024-08-27 11:13:00+00:00,CEG,197.18499755859375,197.18499755859375,197.2100067138672,197.18499755859375,197.2100067138672,1904.0
2024-08-27 11:13:00+00:00,CWCO,27.78499984741211,27.78499984741211,27.790000915527344,27.78499984741211,27.78499984741211,847.0
2024-08-27 11:13:00+00:00,FLNC,19.040000915527344,19.040000915527344,19.06999969482422,19.040000915527344,19.06999969482422,784.0
2024-08-27 11:13:00+00:00,GWRS,12.720000267028809,12.720000267028809,12.720000267028809,12.720000267028809,12.720000267028809,151.0
2024-08-27 11:13:00+00:00,LNT,57.810001373291016,57.810001373291016,57.810001373291016,57.79999923706055,57.79999923706055,1255.0
2024-08-27 11:13:00+00:00,MGEE,86.77999877929688,86.77999877929688,86.77999877929688,86.77999877929688,86.77999877929688,426.0
2024-08-27 11:13:00+00:00,MSEX,61.939998626708984,61.939998626708984,61.939998626708984,61.939998626708984,61.939998626708984,471.0
2024-08-27 11:13:00+00:00,NFE,12.949999809265137,12.949999809265137,12.970000267028809,12.949999809265137,12.970000267028809,1141.0
2024-08-27 11:13:00+00:00,OTTR,89.18000030517578,89.18000030517578,89.22000122070312,89.05000305175781,89.22000122070312,4746.0
2024-08-27 11:13:00+00:00,RNW,5.750100135803223,5.750100135803223,5.755000114440918,5.750100135803223,5.755000114440918,574.0
2024-08-27 11:13:00+00:00,XEL,61.01499938964844,61.01499938964844,61.01499938964844,61.0099983215332,61.0099983215332,1554.0
2024-08-27 11:14:00+00:00,AEP,98.78079986572266,98.78079986572266,98.80000305175781,98.77999877929688,98.80000305175781,1062.0
2024-08-27 11:14:00+00:00,AY,22.25,22.25,22.25,22.25,22.25,197.0
2024-08-27 11:14:00+00:00,CEG,196.72000122070312,196.72000122070312,197.0,196.5500030517578,197.0,4749.0
2024-08-27 11:14:00+00:00,CWCO,27.75309944152832,27.75309944152832,27.75309944152832,27.75309944152832,27.75309944152832,503.0
2024-08-27 11:14:00+00:00,EXC,37.875,37.875,37.880001068115234,37.875,37.880001068115234,2175.0
2024-08-27 11:14:00+00:00,FLNC,19.030000686645508,19.030000686645508,19.030000686645508,19.030000686645508,19.030000686645508,1207.0
2024-08-27 11:14:00+00:00,HTOO,0.6200000047683716,0.6200000047683716,0.6200000047683716,0.6200000047683716,0.6200000047683716,21804.0
2024-08-27 11:14:00+00:00,MNTK,4.659999847412109,4.659999847412109,4.670000076293945,4.659999847412109,4.670000076293945,990.0
2024-08-27 11:14:00+00:00,MSEX,62.0,62.0,62.0,62.0,62.0,466.0
2024-08-27 11:14:00+00:00,NFE,12.9399995803833,12.9399995803833,12.949999809265137,12.9399995803833,12.949999809265137,5580.0
2024-08-27 11:14:00+00:00,OTTR,89.05000305175781,89.05000305175781,89.05000305175781,89.05000305175781,89.05000305175781,326.0
2024-08-27 11:14:00+00:00,RNW,5.755000114440918,5.755000114440918,5.764999866485596,5.75,5.75,6859.0
2024-08-27 11:14:00+00:00,XEL,61.0099983215332,61.0099983215332,61.029998779296875,61.0,61.0099983215332,5634.0
2024-08-27 11:15:00+00:00,AEP,98.79000091552734,98.79000091552734,98.80000305175781,98.76000213623047,98.76000213623047,5901.0
2024-08-27 11:15:00+00:00,AY,22.2549991607666,22.2549991607666,22.2549991607666,22.25,22.25,820.0
2024-08-27 11:15:00+00:00,CEG,196.7449951171875,196.7449951171875,196.7449951171875,196.70309448242188,196.70309448242188,423.0
2024-08-27 11:15:00+00:00,CWCO,27.75,27.75,27.75,27.75,27.75,405.0
2024-08-27 11:15:00+00:00,EXC,37.86000061035156,37.86000061035156,37.880001068115234,37.86000061035156,37.875,7576.0
2024-08-27 11:15:00+00:00,FLNC,19.024999618530273,19.024999618530273,19.024999618530273,19.024999618530273,19.024999618530273,661.0
2024-08-27 11:15:00+00:00,LNT,57.810001373291016,57.810001373291016,57.810001373291016,57.790000915527344,57.790000915527344,232.0
2024-08-27 11:15:00+00:00,MNTK,4.659999847412109,4.659999847412109,4.659999847412109,4.659999847412109,4.659999847412109,260.0
2024-08-27 11:15:00+00:00,MSEX,62.08000183105469,62.08000183105469,62.08000183105469,62.08000183105469,62.08000183105469,236.0
2024-08-27 11:15:00+00:00,NFE,12.930000305175781,12.930000305175781,12.93019962310791,12.930000305175781,12.93019962310791,3692.0
2024-08-27 11:15:00+00:00,XEL,60.9900016784668,60.9900016784668,61.0099983215332,60.9900016784668,61.0099983215332,2061.0
2024-08-27 11:16:00+00:00,AEP,98.80500030517578,98.80500030517578,98.81999969482422,98.80329895019531,98.80329895019531,1856.0
2024-08-27 11:16:00+00:00,AY,22.2549991607666,22.2549991607666,22.2549991607666,22.25,22.2549991607666,1262.0
2024-08-27 11:16:00+00:00,CEG,196.3000030517578,196.3000030517578,196.72000122070312,196.27000427246094,196.72000122070312,4207.0
2024-08-27 11:16:00+00:00,EXC,37.8650016784668,37.8650016784668,37.869998931884766,37.8650016784668,37.8650016784668,1296.0
2024-08-27 11:16:00+00:00,FLNC,19.010000228881836,19.010000228881836,19.040000915527344,19.010000228881836,19.040000915527344,1238.0
2024-08-27 11:16:00+00:00,LNT,57.810001373291016,57.810001373291016,57.810001373291016,57.79999923706055,57.79999923706055,690.0
2024-08-27 11:16:00+00:00,NFE,12.9350004196167,12.9350004196167,12.9350004196167,12.9350004196167,12.9350004196167,392.0
2024-08-27 11:16:00+00:00,NWE,53.73500061035156,53.73500061035156,53.73500061035156,53.73500061035156,53.73500061035156,391.0
2024-08-27 11:16:00+00:00,RNW,5.755000114440918,5.755000114440918,5.755000114440918,5.755000114440918,5.755000114440918,300.0
2024-08-27 11:16:00+00:00,XEL,61.0099983215332,61.0099983215332,61.0099983215332,60.994998931884766,61.0,1782.0
2024-08-27 11:17:00+00:00,AEP,98.7300033569336,98.7300033569336,98.79000091552734,98.7300033569336,98.79000091552734,3117.0
2024-08-27 11:17:00+00:00,AY,22.2549991607666,22.2549991607666,22.2549991607666,22.2549991607666,22.2549991607666,20.0
2024-08-27 11:17:00+00:00,CEG,196.26499938964844,196.26499938964844,196.3800048828125,196.2100067138672,196.2100067138672,2878.0
2024-08-27 11:17:00+00:00,EXC,37.834999084472656,37.834999084472656,37.86000061035156,37.834999084472656,37.86000061035156,2766.0
2024-08-27 11:17:00+00:00,FLNC,18.959999084472656,18.959999084472656,19.0,18.959999084472656,19.0,4847.0
2024-08-27 11:17:00+00:00,LNT,57.7400016784668,57.7400016784668,57.79999923706055,57.7400016784668,57.79999923706055,1160.0
2024-08-27 11:17:00+00:00,MGEE,86.82250213623047,86.82250213623047,86.82250213623047,86.69999694824219,86.69999694824219,794.0
2024-08-27 11:17:00+00:00,MNTK,4.639999866485596,4.639999866485596,4.639999866485596,4.639999866485596,4.639999866485596,323.0
2024-08-27 11:17:00+00:00,MSEX,61.90420150756836,61.90420150756836,61.90420150756836,61.90420150756836,61.90420150756836,200.0
2024-08-27 11:17:00+00:00,NFE,12.890000343322754,12.890000343322754,12.930000305175781,12.880000114440918,12.930000305175781,16330.0
2024-08-27 11:17:00+00:00,NWE,53.7599983215332,53.7599983215332,53.78499984741211,53.724998474121094,53.724998474121094,3531.0
2024-08-27 11:17:00+00:00,OTTR,88.93000030517578,88.93000030517578,89.04000091552734,88.93000030517578,89.04000091552734,1692.0
2024-08-27 11:17:00+00:00,PCYO,10.470000267028809,10.470000267028809,10.470000267028809,10.470000267028809,10.470000267028809,140.0
2024-08-27 11:17:00+00:00,RNW,5.75,5.75,5.75,5.75,5.75,3917.0
2024-08-27 11:17:00+00:00,XEL,60.90999984741211,60.90999984741211,61.01499938964844,60.880001068115234,61.0099983215332,14465.0
2024-08-27 11:18:00+00:00,AEP,98.6500015258789,98.6500015258789,98.689697265625,98.6500015258789,98.689697265625,3540.0
2024-08-27 11:18:00+00:00,AY,22.25,22.25,22.25,22.25,22.25,1472.0
2024-08-27 11:18:00+00:00,CDZI,3.380000114440918,3.380000114440918,3.4000000953674316,3.374500036239624,3.3757998943328857,10358.0
2024-08-27 11:18:00+00:00,CEG,195.97999572753906,195.97999572753906,196.3300018310547,195.97999572753906,196.1199951171875,2014.0
2024-08-27 11:18:00+00:00,CREG,0.8399999737739563,0.8399999737739563,0.8399999737739563,0.8399999737739563,0.8399999737739563,0.0
2024-08-27 11:18:00+00:00,EXC,37.810001373291016,37.810001373291016,37.84000015258789,37.80500030517578,37.834999084472656,7038.0
2024-08-27 11:18:00+00:00,FLNC,18.940000534057617,18.940000534057617,18.975000381469727,18.940000534057617,18.954999923706055,2904.0
2024-08-27 11:18:00+00:00,LNT,57.720001220703125,57.720001220703125,57.75,57.720001220703125,57.7400016784668,2742.0
2024-08-27 11:18:00+00:00,MGEE,86.68000030517578,86.68000030517578,86.73999786376953,86.68000030517578,86.72000122070312,766.0
2024-08-27 11:18:00+00:00,MSEX,61.869998931884766,61.869998931884766,61.880001068115234,61.869998931884766,61.880001068115234,2357.0
2024-08-27 11:18:00+00:00,NFE,12.880000114440918,12.880000114440918,12.890000343322754,12.880000114440918,12.890000343322754,3017.0
2024-08-27 11:18:00+00:00,NWE,53.779998779296875,53.779998779296875,53.779998779296875,53.779998779296875,53.779998779296875,638.0
2024-08-27 11:18:00+00:00,OPAL,3.640000104904175,3.640000104904175,3.640000104904175,3.640000104904175,3.640000104904175,139.0
2024-08-27 11:18:00+00:00,OTTR,88.7249984741211,88.7249984741211,88.83999633789062,88.7249984741211,88.83999633789062,609.0
2024-08-27 11:18:00+00:00,PCYO,10.479999542236328,10.479999542236328,10.479999542236328,10.479999542236328,10.479999542236328,811.0
2024-08-27 11:18:00+00:00,RNW,5.75,5.75,5.75,5.739999771118164,5.75,9718.0
2024-08-27 11:18:00+00:00,XEL,60.85499954223633,60.85499954223633,60.91999816894531,60.84000015258789,60.91999816894531,11669.0
2024-08-27 11:18:00+00:00,YORW,38.06999969482422,38.06999969482422,38.06999969482422,38.06999969482422,38.06999969482422,547.0
2024-08-27 11:19:00+00:00,AEP,98.62000274658203,98.62000274658203,98.66000366210938,98.61000061035156,98.6449966430664,2346.0
2024-08-27 11:19:00+00:00,AY,22.2549991607666,22.2549991607666,22.2549991607666,22.2549991607666,22.2549991607666,1499.0
2024-08-27 11:19:00+00:00,CDZI,3.4000000953674316,3.4000000953674316,3.4000000953674316,3.4000000953674316,3.4000000953674316,405.0
2024-08-27 11:19:00+00:00,CEG,196.0850067138672,196.0850067138672,196.0850067138672,196.0850067138672,196.0850067138672,718.0
2024-08-27 11:19:00+00:00,CWCO,27.65999984741211,27.65999984741211,27.68000030517578,27.65999984741211,27.68000030517578,746.0
2024-08-27 11:19:00+00:00,EXC,37.79499816894531,37.79499816894531,37.79999923706055,37.79499816894531,37.79999923706055,1372.0
2024-08-27 11:19:00+00:00,FLNC,18.934999465942383,18.934999465942383,18.940000534057617,18.93000030517578,18.940000534057617,1510.0
2024-08-27 11:19:00+00:00,LNT,57.709999084472656,57.709999084472656,57.709999084472656,57.70000076293945,57.70000076293945,682.0
2024-08-27 11:19:00+00:00,MGEE,86.82499694824219,86.82499694824219,86.82499694824219,86.80000305175781,86.80000305175781,998.0
2024-08-27 11:19:00+00:00,MNTK,4.650000095367432,4.650000095367432,4.650000095367432,4.639999866485596,4.639999866485596,727.0
2024-08-27 11:19:00+00:00,NFE,12.880000114440918,12.880000114440918,12.880000114440918,12.880000114440918,12.880000114440918,539.0
2024-08-27 11:19:00+00:00,OTTR,88.6050033569336,88.6050033569336,88.6050033569336,88.56999969482422,88.56999969482422,673.0
2024-08-27 11:19:00+00:00,RNW,5.75,5.75,5.75,5.75,5.75,2932.0
2024-08-27 11:19:00+00:00,XEL,60.79999923706055,60.79999923706055,60.84000015258789,60.7599983215332,60.84000015258789,11472.0
2024-08-27 11:20:00+00:00,AEP,98.62999725341797,98.62999725341797,98.62999725341797,98.6050033569336,98.6050033569336,1529.0
2024-08-27 11:20:00+00:00,ARTNA,36.0099983215332,36.0099983215332,36.0099983215332,36.0099983215332,36.0099983215332,1176.0
2024-08-27 11:20:00+00:00,CEG,195.97999572753906,195.97999572753906,195.97999572753906,195.97999572753906,195.97999572753906,1309.0
2024-08-27 11:20:00+00:00,EXC,37.79999923706055,37.79999923706055,37.79999923706055,37.79499816894531,37.79999923706055,7840.0
2024-08-27 11:20:00+00:00,FLNC,18.940000534057617,18.940000534057617,18.940000534057617,18.920000076293945,18.934999465942383,905.0
2024-08-27 11:20:00+00:00,LNT,57.72999954223633,57.72999954223633,57.72999954223633,57.70000076293945,57.70000076293945,1791.0
2024-08-27 11:20:00+00:00,MNTK,4.650000095367432,4.650000095367432,4.650000095367432,4.650000095367432,4.650000095367432,229.0
2024-08-27 11:20:00+00:00,NFE,12.890000343322754,12.890000343322754,12.890000343322754,12.880000114440918,12.880000114440918,4085.0
2024-08-27 11:20:00+00:00,NWE,53.76599884033203,53.76599884033203,53.76599884033203,53.755001068115234,53.755001068115234,512.0
2024-08-27 11:20:00+00:00,OTTR,88.62999725341797,88.62999725341797,88.62999725341797,88.62999725341797,88.62999725341797,319.0
2024-08-27 11:20:00+00:00,XEL,60.790000915527344,60.790000915527344,60.790000915527344,60.76499938964844,60.779998779296875,7121.0
2024-08-27 11:21:00+00:00,AEP,98.63999938964844,98.63999938964844,98.66000366210938,98.61000061035156,98.63999938964844,3739.0
2024-08-27 11:21:00+00:00,CEG,195.8800048828125,195.8800048828125,195.8800048828125,195.8800048828125,195.8800048828125,1146.0
2024-08-27 11:21:00+00:00,CWCO,27.559999465942383,27.559999465942383,27.559999465942383,27.559999465942383,27.559999465942383,729.0
2024-08-27 11:21:00+00:00,EXC,37.810001373291016,37.810001373291016,37.810001373291016,37.79999923706055,37.79999923706055,2498.0
2024-08-27 11:21:00+00:00,FLNC,18.934999465942383,18.934999465942383,18.934999465942383,18.920000076293945,18.934999465942383,1040.0
2024-08-27 11:21:00+00:00,HTOO,0.6200000047683716,0.6200000047683716,0.6200000047683716,0.6200000047683716,0.6200000047683716,4477.0
2024-08-27 11:21:00+00:00,MSEX,61.96500015258789,61.96500015258789,61.96500015258789,61.88999938964844,61.88999938964844,636.0
2024-08-27 11:21:00+00:00,NFE,12.920000076293945,12.920000076293945,12.920000076293945,12.899999618530273,12.899999618530273,4060.0
2024-08-27 11:21:00+00:00,OTTR,88.63999938964844,88.63999938964844,88.63999938964844,88.63999938964844,88.63999938964844,385.0
2024-08-27 11:21:00+00:00,RNW,5.75,5.75,5.75,5.75,5.75,250.0
2024-08-27 11:21:00+00:00,WAVE,3.805000066757202,3.805000066757202,3.809999942779541,3.799999952316284,3.809999942779541,1554.0
2024-08-27 11:21:00+00:00,XEL,60.7599983215332,60.7599983215332,60.80500030517578,60.7599983215332,60.79999923706055,11346.0
2024-08-27 11:22:00+00:00,AEP,98.6449966430664,98.6449966430664,98.66999816894531,98.63999938964844,98.6500015258789,1856.0
2024-08-27 11:22:00+00:00,AY,22.25,22.25,22.25,22.25,22.25,518.0
2024-08-27 11:22:00+00:00,CEG,195.8800048828125,195.8800048828125,195.8800048828125,195.82000732421875,195.82000732421875,581.0
2024-08-27 11:22:00+00:00,EXC,37.81999969482422,37.81999969482422,37.81999969482422,37.810001373291016,37.810001373291016,3811.0
2024-08-27 11:22:00+00:00,FLNC,18.93000030517578,18.93000030517578,18.959999084472656,18.93000030517578,18.950000762939453,1723.0
2024-08-27 11:22:00+00:00,MNTK,4.659999847412109,4.659999847412109,4.659999847412109,4.659999847412109,4.659999847412109,1062.0
2024-08-27 11:22:00+00:00,NFE,12.899999618530273,12.899999618530273,12.920000076293945,12.899999618530273,12.920000076293945,1308.0
2024-08-27 11:22:00+00:00,NWE,53.80500030517578,53.80500030517578,53.80500030517578,53.80500030517578,53.80500030517578,260.0
2024-08-27 11:22:00+00:00,OPAL,3.5899999141693115,3.5899999141693115,3.5899999141693115,3.5899999141693115,3.5899999141693115,623.0
2024-08-27 11:22:00+00:00,RNW,5.744999885559082,5.744999885559082,5.755000114440918,5.744999885559082,5.755000114440918,1331.0
2024-08-27 11:22:00+00:00,XEL,60.75,60.75,60.810001373291016,60.72999954223633,60.78499984741211,11921.0
2024-08-27 11:23:00+00:00,AEP,98.62999725341797,98.62999725341797,98.68000030517578,98.62999725341797,98.68000030517578,856.0
2024-08-27 11:23:00+00:00,AY,22.25,22.25,22.2549991607666,22.25,22.2549991607666,1364.0
2024-08-27 11:23:00+00:00,CEG,195.72500610351562,195.72500610351562,195.72500610351562,195.6699981689453,195.6699981689453,1665.0
2024-08-27 11:23:00+00:00,EXC,37.810001373291016,37.810001373291016,37.81999969482422,37.810001373291016,37.81999969482422,2185.0
2024-08-27 11:23:00+00:00,FLNC,18.9424991607666,18.9424991607666,18.9424991607666,18.920000076293945,18.920000076293945,2446.0
2024-08-27 11:23:00+00:00,GWRS,12.694999694824219,12.694999694824219,12.694999694824219,12.694999694824219,12.694999694824219,1567.0
2024-08-27 11:23:00+00:00,LNT,57.7400016784668,57.7400016784668,57.7599983215332,57.7400016784668,57.7599983215332,689.0
2024-08-27 11:23:00+00:00,NFE,12.930000305175781,12.930000305175781,12.930000305175781,12.90999984741211,12.90999984741211,5292.0
2024-08-27 11:23:00+00:00,NWE,53.79999923706055,53.79999923706055,53.810001373291016,53.79999923706055,53.810001373291016,508.0
2024-08-27 11:23:00+00:00,RNW,5.744999885559082,5.744999885559082,5.744999885559082,5.744999885559082,5.744999885559082,176.0
2024-08-27 11:23:00+00:00,XEL,60.65999984741211,60.65999984741211,60.79999923706055,60.650001525878906,60.72999954223633,14563.0
2024-08-27 11:24:00+00:00,AEP,98.56649780273438,98.56649780273438,98.61000061035156,98.56649780273438,98.61000061035156,666.0
2024-08-27 11:24:00+00:00,AY,22.25,22.25,22.25,22.25,22.25,6123.0
2024-08-27 11:24:00+00:00,CEG,195.35000610351562,195.35000610351562,195.60000610351562,195.35000610351562,195.60000610351562,2038.0
2024-08-27 11:24:00+00:00,EXC,37.790000915527344,37.790000915527344,37.790000915527344,37.790000915527344,37.790000915527344,2595.0
2024-08-27 11:24:00+00:00,FLNC,18.90999984741211,18.90999984741211,18.950000762939453,18.90999984741211,18.920000076293945,3877.0
2024-08-27 11:24:00+00:00,GWRS,12.65999984741211,12.65999984741211,12.680000305175781,12.649999618530273,12.680000305175781,644.0
2024-08-27 11:24:00+00:00,HTOO,0.6299999952316284,0.6299999952316284,0.6299999952316284,0.6299999952316284,0.6299999952316284,0.0
2024-08-27 11:24:00+00:00,LNT,57.70000076293945,57.70000076293945,57.70500183105469,57.70000076293945,57.70500183105469,816.0
2024-08-27 11:24:00+00:00,NFE,12.920000076293945,12.920000076293945,12.930000305175781,12.920000076293945,12.930000305175781,4815.0
2024-08-27 11:24:00+00:00,NWE,53.790000915527344,53.790000915527344,53.790000915527344,53.790000915527344,53.790000915527344,258.0
2024-08-27 11:24:00+00:00,OTTR,88.4000015258789,88.4000015258789,88.41500091552734,88.4000015258789,88.41500091552734,606.0
2024-08-27 11:24:00+00:00,XEL,60.610198974609375,60.610198974609375,60.64500045776367,60.560001373291016,60.63999938964844,17821.0
2024-08-27 11:25:00+00:00,AEP,98.58000183105469,98.58000183105469,98.5999984741211,98.56999969482422,98.56999969482422,4523.0
2024-08-27 11:25:00+00:00,AY,22.25,22.25,22.2549991607666,22.25,22.25,51241.0
2024-08-27 11:25:00+00:00,CEG,195.3800048828125,195.3800048828125,195.3800048828125,195.0399932861328,195.3800048828125,8945.0
2024-08-27 11:25:00+00:00,EXC,37.79999923706055,37.79999923706055,37.79999923706055,37.78010177612305,37.78010177612305,4749.0
2024-08-27 11:25:00+00:00,FLNC,18.84000015258789,18.84000015258789,18.84000015258789,18.84000015258789,18.84000015258789,176.0
2024-08-27 11:25:00+00:00,GWRS,12.649999618530273,12.649999618530273,12.65999984741211,12.649999618530273,12.649999618530273,668.0
2024-08-27 11:25:00+00:00,HTOO,0.6100000143051147,0.6100000143051147,0.6299999952316284,0.6100000143051147,0.6299999952316284,372.0
2024-08-27 11:25:00+00:00,MGEE,86.77999877929688,86.77999877929688,86.77999877929688,86.77999877929688,86.77999877929688,306.0
2024-08-27 11:25:00+00:00,NFE,12.90999984741211,12.90999984741211,12.930000305175781,12.90999984741211,12.925000190734863,3050.0
2024-08-27 11:25:00+00:00,NWE,53.785499572753906,53.785499572753906,53.785499572753906,53.785499572753906,53.785499572753906,1074.0
2024-08-27 11:25:00+00:00,RNW,5.71999979019165,5.71999979019165,5.739999771118164,5.71999979019165,5.739999771118164,2048.0
2024-08-27 11:25:00+00:00,XEL,60.650001525878906,60.650001525878906,60.68000030517578,60.59000015258789,60.619998931884766,33745.0
2024-08-27 11:26:00+00:00,AEP,98.58000183105469,98.58000183105469,98.58000183105469,98.58000183105469,98.58000183105469,682.0
2024-08-27 11:26:00+00:00,AY,22.250200271606445,22.250200271606445,22.250200271606445,22.25,22.25,1627.0
2024-08-27 11:26:00+00:00,CEG,195.08999633789062,195.08999633789062,195.23500061035156,195.08999633789062,195.23500061035156,667.0
2024-08-27 11:26:00+00:00,CWCO,27.770000457763672,27.770000457763672,27.770000457763672,27.729999542236328,27.729999542236328,1496.0
2024-08-27 11:26:00+00:00,EXC,37.790000915527344,37.790000915527344,37.79999923706055,37.790000915527344,37.79999923706055,1117.0
2024-08-27 11:26:00+00:00,FLNC,18.81999969482422,18.81999969482422,18.850000381469727,18.81999969482422,18.84000015258789,2562.0
2024-08-27 11:26:00+00:00,MSEX,61.939998626708984,61.939998626708984,61.939998626708984,61.939998626708984,61.939998626708984,883.0
2024-08-27 11:26:00+00:00,NFE,12.920000076293945,12.920000076293945,12.920000076293945,12.90999984741211,12.90999984741211,5627.0
2024-08-27 11:26:00+00:00,XEL,60.619998931884766,60.619998931884766,60.65999984741211,60.560001373291016,60.65999984741211,11433.0
2024-08-27 11:27:00+00:00,AEP,98.55999755859375,98.55999755859375,98.56999969482422,98.54000091552734,98.56999969482422,2441.0
2024-08-27 11:27:00+00:00,AY,22.25,22.25,22.25,22.25,22.25,682.0
2024-08-27 11:27:00+00:00,CEG,195.28500366210938,195.28500366210938,195.4499969482422,195.27999877929688,195.44000244140625,1861.0
2024-08-27 11:27:00+00:00,CWCO,27.689599990844727,27.689599990844727,27.689599990844727,27.689599990844727,27.689599990844727,533.0
2024-08-27 11:27:00+00:00,EXC,37.790000915527344,37.790000915527344,37.790000915527344,37.790000915527344,37.790000915527344,2968.0
2024-08-27 11:27:00+00:00,FLNC,18.799999237060547,18.799999237060547,18.821500778198242,18.790000915527344,18.809999465942383,3180.0
2024-08-27 11:27:00+00:00,LNT,57.720001220703125,57.720001220703125,57.720001220703125,57.720001220703125,57.720001220703125,1251.0
2024-08-27 11:27:00+00:00,NFE,12.920000076293945,12.920000076293945,12.920000076293945,12.920000076293945,12.920000076293945,2102.0
2024-08-27 11:27:00+00:00,OTTR,88.1500015258789,88.1500015258789,88.1500015258789,88.1500015258789,88.1500015258789,390.0
2024-08-27 11:27:00+00:00,RNW,5.71999979019165,5.71999979019165,5.71999979019165,5.71999979019165,5.71999979019165,372.0
2024-08-27 11:27:00+00:00,XEL,60.59000015258789,60.59000015258789,60.650001525878906,60.529998779296875,60.6150016784668,8935.0
2024-08-27 11:28:00+00:00,AEP,98.54920196533203,98.54920196533203,98.56999969482422,98.54920196533203,98.56999969482422,1950.0
2024-08-27 11:28:00+00:00,AY,22.2549991607666,22.2549991607666,22.2549991607666,22.25,22.2549991607666,5548.0
2024-08-27 11:28:00+00:00,CEG,195.11000061035156,195.11000061035156,195.2899932861328,195.11000061035156,195.2550048828125,1983.0
2024-08-27 11:28:00+00:00,CWCO,27.760000228881836,27.760000228881836,27.760000228881836,27.760000228881836,27.760000228881836,1307.0
2024-08-27 11:28:00+00:00,EXC,37.79999923706055,37.79999923706055,37.79999923706055,37.79999923706055,37.79999923706055,1477.0
2024-08-27 11:28:00+00:00,FLNC,18.834999084472656,18.834999084472656,18.848400115966797,18.80500030517578,18.80500030517578,4089.0
2024-08-27 11:28:00+00:00,NFE,12.920000076293945,12.920000076293945,12.930000305175781,12.920000076293945,12.920000076293945,2802.0
2024-08-27 11:28:00+00:00,OTTR,88.06500244140625,88.06500244140625,88.06500244140625,88.06500244140625,88.06500244140625,326.0
2024-08-27 11:28:00+00:00,XEL,60.654998779296875,60.654998779296875,60.654998779296875,60.59000015258789,60.59000015258789,4546.0
2024-08-27 11:28:00+00:00,YORW,38.22999954223633,38.22999954223633,38.22999954223633,38.22999954223633,38.22999954223633,229.0
2024-08-27 11:29:00+00:00,AEP,98.51499938964844,98.51499938964844,98.55000305175781,98.5,98.54499816894531,3061.0
2024-08-27 11:29:00+00:00,AY,22.25,22.25,22.25,22.25,22.25,322.0
2024-08-27 11:29:00+00:00,CEG,195.07000732421875,195.07000732421875,195.0800018310547,195.0500030517578,195.0800018310547,872.0
2024-08-27 11:29:00+00:00,CWCO,27.69059944152832,27.69059944152832,27.69059944152832,27.69059944152832,27.69059944152832,885.0
2024-08-27 11:29:00+00:00,EXC,37.779998779296875,37.779998779296875,37.79999923706055,37.779998779296875,37.79999923706055,1899.0
2024-08-27 11:29:00+00:00,FLNC,18.84000015258789,18.84000015258789,18.860000610351562,18.84000015258789,18.850000381469727,1478.0
2024-08-27 11:29:00+00:00,HTOO,0.6298999786376953,0.6298999786376953,0.6298999786376953,0.6298999786376953,0.6298999786376953,3243.0
2024-08-27 11:29:00+00:00,MNTK,4.659999847412109,4.659999847412109,4.659999847412109,4.659999847412109,4.659999847412109,323.0
2024-08-27 11:29:00+00:00,NFE,12.920000076293945,12.920000076293945,12.920000076293945,12.914999961853027,12.914999961853027,2577.0
2024-08-27 11:29:00+00:00,OTTR,88.06500244140625,88.06500244140625,88.06500244140625,88.06500244140625,88.06500244140625,349.0
2024-08-27 11:29:00+00:00,RNW,5.71999979019165,5.71999979019165,5.71999979019165,5.71999979019165,5.71999979019165,1173.0
2024-08-27 11:29:00+00:00,VIASP,21.600000381469727,21.600000381469727,21.600000381469727,21.600000381469727,21.600000381469727,1016.0
2024-08-27 11:29:00+00:00,XEL,60.65800094604492,60.65800094604492,60.65999984741211,60.63999938964844,60.65999984741211,3929.0
2024-08-27 11:30:00+00:00,AEP,98.45500183105469,98.45500183105469,98.48500061035156,98.44000244140625,98.48500061035156,1665.0
2024-08-27 11:30:00+00:00,AY,22.25,22.25,22.25,22.25,22.25,826.0
2024-08-27 11:30:00+00:00,CEG,195.02000427246094,195.02000427246094,195.1300048828125,195.0,195.02000427246094,12057.0
2024-08-27 11:30:00+00:00,EXC,37.78499984741211,37.78499984741211,37.790000915527344,37.78499984741211,37.78499984741211,1614.0
2024-08-27 11:30:00+00:00,FLNC,18.827499389648438,18.827499389648438,18.84000015258789,18.825000762939453,18.84000015258789,1888.0
2024-08-27 11:30:00+00:00,LNT,57.709999084472656,57.709999084472656,57.720001220703125,57.709999084472656,57.709999084472656,1367.0
2024-08-27 11:30:00+00:00,NFE,12.920000076293945,12.920000076293945,12.920000076293945,12.920000076293945,12.920000076293945,1026.0
2024-08-27 11:30:00+00:00,XEL,60.650001525878906,60.650001525878906,60.650001525878906,60.630001068115234,60.63999938964844,2400.0
2024-08-27 11:30:00+00:00,YORW,38.15999984741211,38.15999984741211,38.15999984741211,38.15999984741211,38.15999984741211,745.0
2024-08-27 11:31:00+00:00,AEP,98.48999786376953,98.48999786376953,98.48999786376953,98.45500183105469,98.45500183105469,4092.0
2024-08-27 11:31:00+00:00,ARTNA,35.70000076293945,35.70000076293945,35.70000076293945,35.70000076293945,35.70000076293945,694.0
2024-08-27 11:31:00+00:00,AY,22.25,22.25,22.2549991607666,22.25,22.2549991607666,2353.0
2024-08-27 11:31:00+00:00,CEG,195.0500030517578,195.0500030517578,195.2574005126953,195.0,195.0,3070.0
2024-08-27 11:31:00+00:00,CWCO,27.75,27.75,27.75,27.680599212646484,27.680599212646484,519.0
2024-08-27 11:31:00+00:00,EXC,37.790000915527344,37.790000915527344,37.790000915527344,37.78499984741211,37.78499984741211,2775.0
2024-08-27 11:31:00+00:00,LNT,57.720001220703125,57.720001220703125,57.720001220703125,57.720001220703125,57.720001220703125,507.0
2024-08-27 11:31:00+00:00,MNTK,4.650000095367432,4.650000095367432,4.65500020980835,4.650000095367432,4.65500020980835,1374.0
2024-08-27 11:31:00+00:00,NFE,12.899999618530273,12.899999618530273,12.930000305175781,12.899999618530273,12.930000305175781,7085.0
2024-08-27 11:31:00+00:00,XEL,60.709999084472656,60.709999084472656,60.709999084472656,60.65999984741211,60.65999984741211,998.0
2024-08-27 11:32:00+00:00,AEP,98.44000244140625,98.44000244140625,98.49500274658203,98.44000244140625,98.49500274658203,1677.0
2024-08-27 11:32:00+00:00,AY,22.25,22.25,22.25,22.25,22.25,772.0
2024-08-27 11:32:00+00:00,CEG,195.15499877929688,195.15499877929688,195.15499877929688,195.05999755859375,195.05999755859375,6188.0
2024-08-27 11:32:00+00:00,EXC,37.78499984741211,37.78499984741211,37.790000915527344,37.779998779296875,37.790000915527344,3737.0
2024-08-27 11:32:00+00:00,FLNC,18.75,18.75,18.790000915527344,18.75,18.790000915527344,2564.0
2024-08-27 11:32:00+00:00,LNT,57.689998626708984,57.689998626708984,57.72999954223633,57.689998626708984,57.72999954223633,686.0
2024-08-27 11:32:00+00:00,NFE,12.90999984741211,12.90999984741211,12.920000076293945,12.890000343322754,12.890000343322754,14188.0
2024-08-27 11:32:00+00:00,OTTR,88.26000213623047,88.26000213623047,88.26000213623047,88.02999877929688,88.02999877929688,3148.0
2024-08-27 11:32:00+00:00,RNW,5.710000038146973,5.710000038146973,5.715000152587891,5.710000038146973,5.715000152587891,419.0
2024-08-27 11:32:00+00:00,XEL,60.709999084472656,60.709999084472656,60.709999084472656,60.70000076293945,60.709999084472656,1837.0
2024-08-27 11:33:00+00:00,AEP,98.38999938964844,98.38999938964844,98.44999694824219,98.38999938964844,98.44999694824219,5083.0
2024-08-27 11:33:00+00:00,AY,22.2549991607666,22.2549991607666,22.2549991607666,22.2549991607666,22.2549991607666,1056.0
2024-08-27 11:33:00+00:00,CEG,195.01499938964844,195.01499938964844,195.15499877929688,194.92999267578125,195.15499877929688,10966.0
2024-08-27 11:33:00+00:00,CWCO,27.75,27.75,27.75,27.665000915527344,27.75,717.0
2024-08-27 11:33:00+00:00,EXC,37.75,37.75,37.779998779296875,37.75,37.779998779296875,7067.0
2024-08-27 11:33:00+00:00,FLNC,18.71500015258789,18.71500015258789,18.739999771118164,18.709999084472656,18.739999771118164,2524.0
2024-08-27 11:33:00+00:00,LNT,57.68000030517578,57.68000030517578,57.68000030517578,57.68000030517578,57.68000030517578,374.0
2024-08-27 11:33:00+00:00,MGEE,86.7699966430664,86.7699966430664,86.7699966430664,86.7699966430664,86.7699966430664,185.0
2024-08-27 11:33:00+00:00,NFE,12.90999984741211,12.90999984741211,12.925000190734863,12.90999984741211,12.90999984741211,4535.0
2024-08-27 11:33:00+00:00,XEL,60.654998779296875,60.654998779296875,60.689998626708984,60.650001525878906,60.689998626708984,2853.0
2024-08-27 11:34:00+00:00,AEP,98.41310119628906,98.41310119628906,98.42389678955078,98.38500213623047,98.38500213623047,3522.0
2024-08-27 11:34:00+00:00,AY,22.25,22.25,22.2549991607666,22.25,22.2549991607666,1776.0
2024-08-27 11:34:00+00:00,CEG,194.94000244140625,194.94000244140625,194.94000244140625,194.91000366210938,194.91000366210938,565.0
2024-08-27 11:34:00+00:00,CWCO,27.760000228881836,27.760000228881836,27.760000228881836,27.760000228881836,27.760000228881836,254.0
2024-08-27 11:34:00+00:00,EXC,37.779998779296875,37.779998779296875,37.779998779296875,37.744998931884766,37.755001068115234,5458.0
2024-08-27 11:34:00+00:00,FLNC,18.71500015258789,18.71500015258789,18.719999313354492,18.71500015258789,18.71500015258789,2240.0
2024-08-27 11:34:00+00:00,LNT,57.66999816894531,57.66999816894531,57.68000030517578,57.66999816894531,57.66999816894531,2362.0
2024-08-27 11:34:00+00:00,NFE,12.920000076293945,12.920000076293945,12.930000305175781,12.920000076293945,12.930000305175781,6387.0
2024-08-27 11:34:00+00:00,RNW,5.715000152587891,5.715000152587891,5.715000152587891,5.710000038146973,5.71019983291626,1572.0
2024-08-27 11:34:00+00:00,XEL,60.630001068115234,60.630001068115234,60.630001068115234,60.630001068115234,60.630001068115234,2076.0
2024-08-27 11:35:00+00:00,AEP,98.47000122070312,98.47000122070312,98.47000122070312,98.41000366210938,98.41000366210938,3761.0
2024-08-27 11:35:00+00:00,AY,22.239999771118164,22.239999771118164,22.25,22.239999771118164,22.25,16347.0
2024-08-27 11:35:00+00:00,CEG,195.0050048828125,195.0050048828125,195.0050048828125,195.0050048828125,195.0050048828125,968.0
2024-08-27 11:35:00+00:00,CWCO,27.760000228881836,27.760000228881836,27.760000228881836,27.760000228881836,27.760000228881836,1265.0
2024-08-27 11:35:00+00:00,EXC,37.79499816894531,37.79499816894531,37.79499816894531,37.77899932861328,37.77899932861328,2927.0
2024-08-27 11:35:00+00:00,FLNC,18.739999771118164,18.739999771118164,18.760000228881836,18.719999313354492,18.719999313354492,4874.0
2024-08-27 11:35:00+00:00,LNT,57.68000030517578,57.68000030517578,57.68000030517578,57.650001525878906,57.65999984741211,4615.0
2024-08-27 11:35:00+00:00,NFE,12.90999984741211,12.90999984741211,12.920000076293945,12.90999984741211,12.920000076293945,3607.0
2024-08-27 11:35:00+00:00,RNW,5.71999979019165,5.71999979019165,5.71999979019165,5.710000038146973,5.715000152587891,3498.0
2024-08-27 11:35:00+00:00,XEL,60.650001525878906,60.650001525878906,60.650001525878906,60.650001525878906,60.650001525878906,900.0
2024-08-27 11:36:00+00:00,AEP,98.54000091552734,98.54000091552734,98.55000305175781,98.44999694824219,98.44999694824219,8098.0
2024-08-27 11:36:00+00:00,AY,22.239999771118164,22.239999771118164,22.239999771118164,22.239999771118164,22.239999771118164,284.0
2024-08-27 11:36:00+00:00,CEG,194.86000061035156,194.86000061035156,195.0,194.80999755859375,195.0,41946.0
2024-08-27 11:36:00+00:00,EXC,37.81999969482422,37.81999969482422,37.82500076293945,37.79999923706055,37.79999923706055,2473.0
2024-08-27 11:36:00+00:00,FLNC,18.780000686645508,18.780000686645508,18.780000686645508,18.760000228881836,18.760000228881836,1306.0
2024-08-27 11:36:00+00:00,LNT,57.70000076293945,57.70000076293945,57.70000076293945,57.689998626708984,57.689998626708984,1977.0
2024-08-27 11:36:00+00:00,NFE,12.890000343322754,12.890000343322754,12.899999618530273,12.890000343322754,12.899999618530273,8853.0
2024-08-27 11:36:00+00:00,OPAL,3.5999999046325684,3.5999999046325684,3.5999999046325684,3.5999999046325684,3.5999999046325684,751.0
2024-08-27 11:36:00+00:00,OTTR,88.19499969482422,88.19499969482422,88.19499969482422,88.19499969482422,88.19499969482422,133.0
2024-08-27 11:36:00+00:00,XEL,60.654998779296875,60.654998779296875,60.65999984741211,60.654998779296875,60.65999984741211,961.0
2024-08-27 11:37:00+00:00,AEP,98.5425033569336,98.5425033569336,98.56999969482422,98.54000091552734,98.54000091552734,2952.0
2024-08-27 11:37:00+00:00,AY,22.239999771118164,22.239999771118164,22.239999771118164,22.239999771118164,22.239999771118164,337.0
2024-08-27 11:37:00+00:00,CDZI,3.390000104904175,3.390000104904175,3.390000104904175,3.390000104904175,3.390000104904175,200.0
2024-08-27 11:37:00+00:00,CEG,194.91000366210938,194.91000366210938,195.07000732421875,194.75999450683594,194.75999450683594,6710.0
2024-08-27 11:37:00+00:00,EXC,37.82500076293945,37.82500076293945,37.83000183105469,37.82160186767578,37.82160186767578,1123.0
2024-08-27 11:37:00+00:00,FLNC,18.7549991607666,18.7549991607666,18.764999389648438,18.739999771118164,18.764999389648438,2738.0
2024-08-27 11:37:00+00:00,NFE,12.890000343322754,12.890000343322754,12.892999649047852,12.880000114440918,12.892999649047852,3160.0
2024-08-27 11:37:00+00:00,OTTR,88.19499969482422,88.19499969482422,88.19499969482422,88.19499969482422,88.19499969482422,461.0
2024-08-27 11:37:00+00:00,RNW,5.715000152587891,5.715000152587891,5.715000152587891,5.715000152587891,5.715000152587891,625.0
2024-08-27 11:37:00+00:00,XEL,60.689998626708984,60.689998626708984,60.70000076293945,60.67499923706055,60.676300048828125,4237.0
2024-08-27 11:38:00+00:00,AEP,98.48999786376953,98.48999786376953,98.56999969482422,98.48999786376953,98.53359985351562,5761.0
2024-08-27 11:38:00+00:00,AY,22.239999771118164,22.239999771118164,22.239999771118164,22.239999771118164,22.239999771118164,467.0
2024-08-27 11:38:00+00:00,CEG,194.91000366210938,194.91000366210938,194.9149932861328,194.91000366210938,194.9149932861328,1000.0
2024-08-27 11:38:00+00:00,CWCO,27.760000228881836,27.760000228881836,27.760000228881836,27.760000228881836,27.760000228881836,1084.0
2024-08-27 11:38:00+00:00,EXC,37.81999969482422,37.81999969482422,37.83000183105469,37.81999969482422,37.82500076293945,1217.0
2024-08-27 11:38:00+00:00,FLNC,18.774999618530273,18.774999618530273,18.780000686645508,18.774999618530273,18.780000686645508,493.0
2024-08-27 11:38:00+00:00,LNT,57.720001220703125,57.720001220703125,57.720001220703125,57.720001220703125,57.720001220703125,1508.0
2024-08-27 11:38:00+00:00,NFE,12.885000228881836,12.885000228881836,12.899999618530273,12.880000114440918,12.899999618530273,3040.0
2024-08-27 11:38:00+00:00,XEL,60.689998626708984,60.689998626708984,60.70000076293945,60.689998626708984,60.70000076293945,3336.0
2024-08-27 11:39:00+00:00,AEP,98.4800033569336,98.4800033569336,98.4800033569336,98.45999908447266,98.45999908447266,2235.0
2024-08-27 11:39:00+00:00,AY,22.239999771118164,22.239999771118164,22.239999771118164,22.239999771118164,22.239999771118164,1023.0
2024-08-27 11:39:00+00:00,CEG,194.9149932861328,194.9149932861328,195.10000610351562,194.86399841308594,194.94000244140625,4863.0
2024-08-27 11:39:00+00:00,CREG,0.8600000143051147,0.8600000143051147,0.8600000143051147,0.8600000143051147,0.8600000143051147,122.0
2024-08-27 11:39:00+00:00,CWCO,27.670000076293945,27.670000076293945,27.670000076293945,27.670000076293945,27.670000076293945,831.0
2024-08-27 11:39:00+00:00,EXC,37.810001373291016,37.810001373291016,37.81999969482422,37.80500030517578,37.81999969482422,2991.0
2024-08-27 11:39:00+00:00,FLNC,18.760000228881836,18.760000228881836,18.760000228881836,18.760000228881836,18.760000228881836,716.0
2024-08-27 11:39:00+00:00,LNT,57.720001220703125,57.720001220703125,57.720001220703125,57.720001220703125,57.720001220703125,622.0
2024-08-27 11:39:00+00:00,MGEE,86.83200073242188,86.83200073242188,86.83200073242188,86.7699966430664,86.7699966430664,780.0
2024-08-27 11:39:00+00:00,MNTK,4.639999866485596,4.639999866485596,4.639999866485596,4.639999866485596,4.639999866485596,128.0
2024-08-27 11:39:00+00:00,NFE,12.869999885559082,12.869999885559082,12.880000114440918,12.869999885559082,12.880000114440918,6497.0
2024-08-27 11:39:00+00:00,RNW,5.715000152587891,5.715000152587891,5.715000152587891,5.715000152587891,5.715000152587891,144.0
2024-08-27 11:39:00+00:00,XEL,60.68000030517578,60.68000030517578,60.71500015258789,60.67499923706055,60.690101623535156,5400.0
2024-08-27 11:40:00+00:00,AEP,98.47000122070312,98.47000122070312,98.47000122070312,98.44999694824219,98.44999694824219,4354.0
2024-08-27 11:40:00+00:00,AY,22.239999771118164,22.239999771118164,22.239999771118164,22.239999771118164,22.239999771118164,160.0
2024-08-27 11:40:00+00:00,CEG,194.8699951171875,194.8699951171875,194.8699951171875,194.6999969482422,194.6999969482422,2141.0
2024-08-27 11:40:00+00:00,EXC,37.810001373291016,37.810001373291016,37.810001373291016,37.810001373291016,37.810001373291016,2094.0
2024-08-27 11:40:00+00:00,FLNC,18.7549991607666,18.7549991607666,18.7549991607666,18.7549991607666,18.7549991607666,322.0
2024-08-27 11:40:00+00:00,NFE,12.859999656677246,12.859999656677246,12.864999771118164,12.859999656677246,12.864999771118164,4069.0
2024-08-27 11:40:00+00:00,RNW,5.718900203704834,5.718900203704834,5.718900203704834,5.718900203704834,5.718900203704834,1252.0
2024-08-27 11:40:00+00:00,XEL,60.689998626708984,60.689998626708984,60.70000076293945,60.689998626708984,60.70000076293945,639.0
2024-08-27 11:40:00+00:00,YORW,38.18000030517578,38.18000030517578,38.18000030517578,38.18000030517578,38.18000030517578,518.0
2024-08-27 11:41:00+00:00,AY,22.239999771118164,22.239999771118164,22.239999771118164,22.239999771118164,22.239999771118164,716.0
2024-08-27 11:41:00+00:00,CEG,195.00999450683594,195.00999450683594,195.00999450683594,194.89500427246094,194.89500427246094,3156.0
2024-08-27 11:41:00+00:00,EXC,37.814998626708984,37.814998626708984,37.814998626708984,37.81209945678711,37.81209945678711,1005.0
2024-08-27 11:41:00+00:00,FLNC,18.739999771118164,18.739999771118164,18.739999771118164,18.739999771118164,18.739999771118164,416.0
2024-08-27 11:41:00+00:00,LNT,57.720001220703125,57.720001220703125,57.720001220703125,57.709999084472656,57.709999084472656,1130.0
2024-08-27 11:41:00+00:00,MGEE,86.94999694824219,86.94999694824219,86.94999694824219,86.94999694824219,86.94999694824219,122.0
2024-08-27 11:41:00+00:00,NFE,12.835000038146973,12.835000038146973,12.859999656677246,12.829999923706055,12.850000381469727,12075.0
2024-08-27 11:41:00+00:00,OPAL,3.5899999141693115,3.5899999141693115,3.5899999141693115,3.5899999141693115,3.5899999141693115,151.0
2024-08-27 11:41:00+00:00,OTTR,88.2699966430664,88.2699966430664,88.2699966430664,88.2699966430664,88.2699966430664,1535.0
2024-08-27 11:41:00+00:00,XEL,60.7400016784668,60.7400016784668,60.7400016784668,60.689998626708984,60.689998626708984,5087.0
2024-08-27 11:42:00+00:00,AEP,98.52999877929688,98.52999877929688,98.52999877929688,98.52999877929688,98.52999877929688,561.0
2024-08-27 11:42:00+00:00,AY,22.2450008392334,22.2450008392334,22.2450008392334,22.239999771118164,22.239999771118164,519.0
2024-08-27 11:42:00+00:00,CEG,194.90499877929688,194.90499877929688,195.13999938964844,194.89999389648438,195.13999938964844,37067.0
2024-08-27 11:42:00+00:00,EXC,37.810001373291016,37.810001373291016,37.810001373291016,37.79999923706055,37.810001373291016,3163.0
2024-08-27 11:42:00+00:00,FLNC,18.700000762939453,18.700000762939453,18.739999771118164,18.700000762939453,18.739999771118164,5000.0
2024-08-27 11:42:00+00:00,LNT,57.72999954223633,57.72999954223633,57.72999954223633,57.72999954223633,57.72999954223633,357.0
2024-08-27 11:42:00+00:00,MNTK,4.635000228881836,4.635000228881836,4.635000228881836,4.630000114440918,4.630000114440918,637.0
2024-08-27 11:42:00+00:00,NFE,12.829999923706055,12.829999923706055,12.829999923706055,12.829999923706055,12.829999923706055,538.0
2024-08-27 11:42:00+00:00,OTTR,88.26000213623047,88.26000213623047,88.26000213623047,88.26000213623047,88.26000213623047,860.0
2024-08-27 11:42:00+00:00,XEL,60.72999954223633,60.72999954223633,60.72999954223633,60.72999954223633,60.72999954223633,1261.0
2024-08-27 11:43:00+00:00,AEP,98.53250122070312,98.53250122070312,98.55999755859375,98.51000213623047,98.55999755859375,5208.0
2024-08-27 11:43:00+00:00,AY,22.239999771118164,22.239999771118164,22.239999771118164,22.239999771118164,22.239999771118164,444.0
2024-08-27 11:43:00+00:00,CDZI,3.390000104904175,3.390000104904175,3.390000104904175,3.390000104904175,3.390000104904175,1422.0
2024-08-27 11:43:00+00:00,CEG,195.33999633789062,195.33999633789062,195.33999633789062,195.17999267578125,195.17999267578125,3057.0
2024-08-27 11:43:00+00:00,CWCO,27.600000381469727,27.600000381469727,27.610000610351562,27.600000381469727,27.610000610351562,993.0
2024-08-27 11:43:00+00:00,EXC,37.81999969482422,37.81999969482422,37.82600021362305,37.81999969482422,37.81999969482422,3407.0
2024-08-27 11:43:00+00:00,FLNC,18.729999542236328,18.729999542236328,18.729999542236328,18.704999923706055,18.704999923706055,1830.0
2024-08-27 11:43:00+00:00,LNT,57.7599983215332,57.7599983215332,57.7599983215332,57.7599983215332,57.7599983215332,127.0
2024-08-27 11:43:00+00:00,MGEE,86.80999755859375,86.80999755859375,86.80999755859375,86.80999755859375,86.80999755859375,155.0
2024-08-27 11:43:00+00:00,MNTK,4.639999866485596,4.639999866485596,4.639999866485596,4.639999866485596,4.639999866485596,315.0
2024-08-27 11:43:00+00:00,MSEX,61.9900016784668,61.9900016784668,61.9900016784668,61.9900016784668,61.9900016784668,188.0
2024-08-27 11:43:00+00:00,NFE,12.850000381469727,12.850000381469727,12.850000381469727,12.84000015258789,12.84000015258789,4547.0
2024-08-27 11:43:00+00:00,NWE,53.775001525878906,53.775001525878906,53.790000915527344,53.755001068115234,53.7599983215332,2259.0
2024-08-27 11:43:00+00:00,XEL,60.77000045776367,60.77000045776367,60.77000045776367,60.77000045776367,60.77000045776367,914.0
2024-08-27 11:44:00+00:00,AEP,98.4613037109375,98.4613037109375,98.51499938964844,98.4613037109375,98.51499938964844,1204.0
2024-08-27 11:44:00+00:00,AY,22.239999771118164,22.239999771118164,22.239999771118164,22.239999771118164,22.239999771118164,260.0
2024-08-27 11:44:00+00:00,CDZI,3.380000114440918,3.380000114440918,3.380000114440918,3.380000114440918,3.380000114440918,389.0
2024-08-27 11:44:00+00:00,CEG,195.22000122070312,195.22000122070312,195.22500610351562,195.0,195.17999267578125,7209.0
2024-08-27 11:44:00+00:00,CWCO,27.59000015258789,27.59000015258789,27.59000015258789,27.59000015258789,27.59000015258789,200.0
2024-08-27 11:44:00+00:00,EXC,37.79999923706055,37.79999923706055,37.810001373291016,37.79999923706055,37.810001373291016,2471.0
2024-08-27 11:44:00+00:00,FLNC,18.7450008392334,18.7450008392334,18.7450008392334,18.739999771118164,18.739999771118164,3164.0
2024-08-27 11:44:00+00:00,LNT,57.7218017578125,57.7218017578125,57.75,57.7218017578125,57.75,3392.0
2024-08-27 11:44:00+00:00,MNTK,4.639999866485596,4.639999866485596,4.639999866485596,4.639999866485596,4.639999866485596,266.0
2024-08-27 11:44:00+00:00,NFE,12.835000038146973,12.835000038146973,12.850000381469727,12.835000038146973,12.850000381469727,3341.0
2024-08-27 11:44:00+00:00,OTTR,88.18000030517578,88.18000030517578,88.18000030517578,88.18000030517578,88.18000030517578,462.0
2024-08-27 11:44:00+00:00,XEL,60.7400016784668,60.7400016784668,60.779998779296875,60.7400016784668,60.779998779296875,5300.0
2024-08-27 11:45:00+00:00,AEP,98.46189880371094,98.46189880371094,98.48999786376953,98.46189880371094,98.4800033569336,1938.0
2024-08-27 11:45:00+00:00,AY,22.2450008392334,22.2450008392334,22.2450008392334,22.239999771118164,22.239999771118164,1032.0
2024-08-27 11:45:00+00:00,CEG,195.32000732421875,195.32000732421875,195.32000732421875,195.19000244140625,195.19000244140625,1741.0
2024-08-27 11:45:00+00:00,CWCO,27.639999389648438,27.639999389648438,27.639999389648438,27.639999389648438,27.639999389648438,548.0
2024-08-27 11:45:00+00:00,EXC,37.78499984741211,37.78499984741211,37.790000915527344,37.78499984741211,37.790000915527344,1008.0
2024-08-27 11:45:00+00:00,NFE,12.869999885559082,12.869999885559082,12.878899574279785,12.835000038146973,12.835000038146973,11328.0
2024-08-27 11:45:00+00:00,RNW,5.715000152587891,5.715000152587891,5.715000152587891,5.715000152587891,5.715000152587891,417.0
2024-08-27 11:45:00+00:00,XEL,60.7400016784668,60.7400016784668,60.7400016784668,60.72999954223633,60.72999954223633,1700.0
2024-08-27 11:46:00+00:00,AEP,98.44000244140625,98.44000244140625,98.46499633789062,98.44000244140625,98.46019744873047,1330.0
2024-08-27 11:46:00+00:00,AY,22.239999771118164,22.239999771118164,22.239999771118164,22.239999771118164,22.239999771118164,379.0
2024-08-27 11:46:00+00:00,CEG,195.3000030517578,195.3000030517578,195.42999267578125,195.23500061035156,195.24000549316406,1717.0
2024-08-27 11:46:00+00:00,EXC,37.790000915527344,37.790000915527344,37.790000915527344,37.790000915527344,37.790000915527344,993.0
2024-08-27 11:46:00+00:00,FLNC,18.760000228881836,18.760000228881836,18.760000228881836,18.760000228881836,18.760000228881836,1756.0
2024-08-27 11:46:00+00:00,NFE,12.869999885559082,12.869999885559082,12.869999885559082,12.869999885559082,12.869999885559082,1542.0
2024-08-27 11:46:00+00:00,RNW,5.71999979019165,5.71999979019165,5.71999979019165,5.71999979019165,5.71999979019165,345.0
2024-08-27 11:46:00+00:00,XEL,60.7400016784668,60.7400016784668,60.7400016784668,60.72999954223633,60.72999954223633,4503.0
2024-08-27 11:47:00+00:00,AEP,98.37000274658203,98.37000274658203,98.44999694824219,98.37000274658203,98.44999694824219,4242.0
2024-08-27 11:47:00+00:00,AY,22.239999771118164,22.239999771118164,22.239999771118164,22.239999771118164,22.239999771118164,819.0
2024-08-27 11:47:00+00:00,CEG,195.3000030517578,195.3000030517578,195.5,195.3000030517578,195.3000030517578,2057.0
2024-08-27 11:47:00+00:00,CWCO,27.635000228881836,27.635000228881836,27.635000228881836,27.635000228881836,27.635000228881836,400.0
2024-08-27 11:47:00+00:00,EXC,37.77000045776367,37.77000045776367,37.779998779296875,37.76499938964844,37.779998779296875,2554.0
2024-08-27 11:47:00+00:00,FLNC,18.739999771118164,18.739999771118164,18.75,18.739999771118164,18.75,1582.0
2024-08-27 11:47:00+00:00,LNT,57.720001220703125,57.720001220703125,57.720001220703125,57.709999084472656,57.709999084472656,495.0
2024-08-27 11:47:00+00:00,NFE,12.869999885559082,12.869999885559082,12.880000114440918,12.869999885559082,12.880000114440918,5950.0
2024-08-27 11:47:00+00:00,OTTR,88.18000030517578,88.18000030517578,88.18000030517578,88.18000030517578,88.18000030517578,538.0
2024-08-27 11:47:00+00:00,XEL,60.720001220703125,60.720001220703125,60.744998931884766,60.720001220703125,60.74250030517578,10294.0
2024-08-27 11:48:00+00:00,AEP,98.37000274658203,98.37000274658203,98.38500213623047,98.37000274658203,98.38500213623047,1541.0
2024-08-27 11:48:00+00:00,AY,22.2450008392334,22.2450008392334,22.2450008392334,22.239999771118164,22.239999771118164,726.0
2024-08-27 11:48:00+00:00,CDZI,3.3949999809265137,3.3949999809265137,3.3949999809265137,3.3949999809265137,3.3949999809265137,182.0
2024-08-27 11:48:00+00:00,CEG,195.4149932861328,195.4149932861328,195.49989318847656,195.3000030517578,195.3000030517578,2031.0
2024-08-27 11:48:00+00:00,CWCO,27.635000228881836,27.635000228881836,27.635000228881836,27.635000228881836,27.635000228881836,492.0
2024-08-27 11:48:00+00:00,EXC,37.755001068115234,37.755001068115234,37.755001068115234,37.755001068115234,37.755001068115234,261.0
2024-08-27 11:48:00+00:00,FLNC,18.729999542236328,18.729999542236328,18.729999542236328,18.729999542236328,18.729999542236328,848.0
2024-08-27 11:48:00+00:00,LNT,57.709999084472656,57.709999084472656,57.709999084472656,57.709999084472656,57.709999084472656,550.0
2024-08-27 11:48:00+00:00,MSEX,62.08000183105469,62.08000183105469,62.08000183105469,62.02000045776367,62.02000045776367,1092.0
2024-08-27 11:48:00+00:00,NFE,12.850000381469727,12.850000381469727,12.869999885559082,12.850000381469727,12.869999885559082,2650.0
2024-08-27 11:48:00+00:00,NWE,53.74509811401367,53.74509811401367,53.74509811401367,53.74509811401367,53.74509811401367,375.0
2024-08-27 11:48:00+00:00,OTTR,88.18000030517578,88.18000030517578,88.18000030517578,88.18000030517578,88.18000030517578,988.0
2024-08-27 11:48:00+00:00,RNW,5.715000152587891,5.715000152587891,5.715000152587891,5.715000152587891,5.715000152587891,305.0
2024-08-27 11:48:00+00:00,XEL,60.720001220703125,60.720001220703125,60.724998474121094,60.70000076293945,60.724998474121094,3415.0
2024-08-27 11:49:00+00:00,AEP,98.44999694824219,98.44999694824219,98.44999694824219,98.3550033569336,98.3550033569336,12244.0
2024-08-27 11:49:00+00:00,AY,22.2450008392334,22.2450008392334,22.2450008392334,22.239999771118164,22.239999771118164,1640.0
2024-08-27 11:49:00+00:00,CEG,195.35000610351562,195.35000610351562,195.4149932861328,195.35000610351562,195.4149932861328,1060.0
2024-08-27 11:49:00+00:00,EXC,37.755001068115234,37.755001068115234,37.755001068115234,37.75,37.755001068115234,1381.0
2024-08-27 11:49:00+00:00,FLNC,18.709999084472656,18.709999084472656,18.729999542236328,18.709999084472656,18.729999542236328,1782.0
2024-08-27 11:49:00+00:00,LNT,57.704498291015625,57.704498291015625,57.720001220703125,57.70000076293945,57.720001220703125,1504.0
2024-08-27 11:49:00+00:00,MSEX,62.099998474121094,62.099998474121094,62.099998474121094,62.099998474121094,62.099998474121094,386.0
2024-08-27 11:49:00+00:00,NFE,12.84000015258789,12.84000015258789,12.850000381469727,12.84000015258789,12.850000381469727,1732.0
2024-08-27 11:49:00+00:00,RNW,5.710000038146973,5.710000038146973,5.724999904632568,5.710000038146973,5.71999979019165,2236.0
2024-08-27 11:49:00+00:00,YORW,38.15999984741211,38.15999984741211,38.15999984741211,38.14500045776367,38.14500045776367,634.0
2024-08-27 11:50:00+00:00,AEP,98.44000244140625,98.44000244140625,98.4800033569336,98.44000244140625,98.44999694824219,4479.0
2024-08-27 11:50:00+00:00,CEG,195.4149932861328,195.4149932861328,195.4149932861328,195.4149932861328,195.4149932861328,237.0
2024-08-27 11:50:00+00:00,CWCO,27.61009979248047,27.61009979248047,27.61009979248047,27.61009979248047,27.61009979248047,1501.0
2024-08-27 11:50:00+00:00,EXC,37.755001068115234,37.755001068115234,37.755001068115234,37.75,37.755001068115234,1133.0
2024-08-27 11:50:00+00:00,FLNC,18.700000762939453,18.700000762939453,18.700000762939453,18.700000762939453,18.700000762939453,836.0
2024-08-27 11:50:00+00:00,LNT,57.709999084472656,57.709999084472656,57.709999084472656,57.70500183105469,57.70750045776367,1158.0
2024-08-27 11:50:00+00:00,MGEE,86.80500030517578,86.80500030517578,86.80500030517578,86.80500030517578,86.80500030517578,370.0
2024-08-27 11:50:00+00:00,NFE,12.837300300598145,12.837300300598145,12.850000381469727,12.835000038146973,12.84000015258789,18949.0
2024-08-27 11:50:00+00:00,NWE,53.66999816894531,53.66999816894531,53.7400016784668,53.66999816894531,53.7400016784668,1215.0
2024-08-27 11:50:00+00:00,OTTR,87.98999786376953,87.98999786376953,88.13999938964844,87.98999786376953,88.13999938964844,948.0
2024-08-27 11:50:00+00:00,XEL,60.720001220703125,60.720001220703125,60.724998474121094,60.720001220703125,60.724998474121094,2421.0
2024-08-27 11:50:00+00:00,YORW,38.20000076293945,38.20000076293945,38.20000076293945,38.20000076293945,38.20000076293945,102.0
2024-08-27 11:51:00+00:00,AEP,98.5,98.5,98.5,98.45999908447266,98.45999908447266,1251.0
2024-08-27 11:51:00+00:00,AY,22.2549991607666,22.2549991607666,22.2549991607666,22.2450008392334,22.2450008392334,5470.0
2024-08-27 11:51:00+00:00,CEG,195.11000061035156,195.11000061035156,195.3000030517578,195.11000061035156,195.3000030517578,2840.0
2024-08-27 11:51:00+00:00,CWCO,27.610000610351562,27.610000610351562,27.6200008392334,27.610000610351562,27.6200008392334,1659.0
2024-08-27 11:51:00+00:00,EXC,37.775001525878906,37.775001525878906,37.775001525878906,37.7599983215332,37.7599983215332,5502.0
2024-08-27 11:51:00+00:00,FLNC,18.684999465942383,18.684999465942383,18.690000534057617,18.670000076293945,18.670000076293945,924.0
2024-08-27 11:51:00+00:00,MNTK,4.630000114440918,4.630000114440918,4.630000114440918,4.630000114440918,4.630000114440918,204.0
2024-08-27 11:51:00+00:00,NFE,12.829999923706055,12.829999923706055,12.84000015258789,12.829999923706055,12.84000015258789,1381.0
2024-08-27 11:51:00+00:00,RNW,5.704999923706055,5.704999923706055,5.704999923706055,5.704999923706055,5.704999923706055,532.0
2024-08-27 11:51:00+00:00,XEL,60.75510025024414,60.75510025024414,60.75510025024414,60.720001220703125,60.720001220703125,2568.0
2024-08-27 11:52:00+00:00,AEP,98.50499725341797,98.50499725341797,98.50499725341797,98.4800033569336,98.5,3072.0
2024-08-27 11:52:00+00:00,CEG,194.89999389648438,194.89999389648438,195.0399932861328,194.85000610351562,195.0399932861328,1707.0
2024-08-27 11:52:00+00:00,EXC,37.764801025390625,37.764801025390625,37.77000045776367,37.764801025390625,37.77000045776367,699.0
2024-08-27 11:52:00+00:00,FLNC,18.69499969482422,18.69499969482422,18.700000762939453,18.65999984741211,18.670400619506836,6915.0
2024-08-27 11:52:00+00:00,LNT,57.72999954223633,57.72999954223633,57.72999954223633,57.72999954223633,57.72999954223633,635.0
2024-08-27 11:52:00+00:00,MSEX,62.20000076293945,62.20000076293945,62.20000076293945,62.20000076293945,62.20000076293945,159.0
2024-08-27 11:52:00+00:00,NFE,12.829999923706055,12.829999923706055,12.829999923706055,12.819999694824219,12.829999923706055,6584.0
2024-08-27 11:52:00+00:00,NWE,53.63999938964844,53.63999938964844,53.63999938964844,53.63999938964844,53.63999938964844,179.0
2024-08-27 11:52:00+00:00,OPAL,3.5899999141693115,3.5899999141693115,3.5899999141693115,3.5899999141693115,3.5899999141693115,2237.0
2024-08-27 11:52:00+00:00,OTTR,87.43450164794922,87.43450164794922,87.43450164794922,87.43450164794922,87.43450164794922,514.0
2024-08-27 11:52:00+00:00,XEL,60.755001068115234,60.755001068115234,60.755001068115234,60.75,60.75,499.0
2024-08-27 11:53:00+00:00,AEP,98.5,98.5,98.51000213623047,98.48999786376953,98.50499725341797,9512.0
2024-08-27 11:53:00+00:00,CEG,194.88999938964844,194.88999938964844,194.91000366210938,194.88999938964844,194.89999389648438,1045.0
2024-08-27 11:53:00+00:00,EXC,37.775001525878906,37.775001525878906,37.775001525878906,37.77000045776367,37.77000045776367,3670.0
2024-08-27 11:53:00+00:00,FLNC,18.6835994720459,18.6835994720459,18.709999084472656,18.68000030517578,18.69499969482422,2188.0
2024-08-27 11:53:00+00:00,NFE,12.859999656677246,12.859999656677246,12.859999656677246,12.819999694824219,12.819999694824219,9335.0
2024-08-27 11:53:00+00:00,OPAL,3.5899999141693115,3.5899999141693115,3.5899999141693115,3.5899999141693115,3.5899999141693115,1243.0
2024-08-27 11:53:00+00:00,RNW,5.710000038146973,5.710000038146973,5.710000038146973,5.710000038146973,5.710000038146973,324.0
2024-08-27 11:53:00+00:00,XEL,60.790000915527344,60.790000915527344,60.790000915527344,60.75,60.755001068115234,4392.0
2024-08-27 11:54:00+00:00,AEP,98.48999786376953,98.48999786376953,98.5,98.4800033569336,98.5,6095.0
2024-08-27 11:54:00+00:00,AY,22.25,22.25,22.25,22.25,22.25,879.0
2024-08-27 11:54:00+00:00,CDZI,3.3949999809265137,3.3949999809265137,3.3949999809265137,3.3949999809265137,3.3949999809265137,238.0
2024-08-27 11:54:00+00:00,CEG,194.9199981689453,194.9199981689453,194.9199981689453,194.88499450683594,194.88999938964844,1676.0
2024-08-27 11:54:00+00:00,FLNC,18.709999084472656,18.709999084472656,18.709999084472656,18.690000534057617,18.690000534057617,1043.0
2024-08-27 11:54:00+00:00,LNT,57.72999954223633,57.72999954223633,57.72999954223633,57.72999954223633,57.72999954223633,744.0
2024-08-27 11:54:00+00:00,MNTK,4.630000114440918,4.630000114440918,4.630000114440918,4.630000114440918,4.630000114440918,545.0
2024-08-27 11:54:00+00:00,NFE,12.869999885559082,12.869999885559082,12.880000114440918,12.850000381469727,12.850000381469727,4712.0
2024-08-27 11:54:00+00:00,NWE,53.68000030517578,53.68000030517578,53.68000030517578,53.68000030517578,53.68000030517578,296.0
2024-08-27 11:54:00+00:00,OTTR,87.65499877929688,87.65499877929688,87.65499877929688,87.65499877929688,87.65499877929688,545.0
2024-08-27 11:54:00+00:00,PCYO,10.479999542236328,10.479999542236328,10.479999542236328,10.479999542236328,10.479999542236328,3529.0
2024-08-27 11:54:00+00:00,WAVE,3.822499990463257,3.822499990463257,3.8450000286102295,3.822499990463257,3.8450000286102295,2250.0
2024-08-27 11:54:00+00:00,XEL,60.810001373291016,60.810001373291016,60.81679916381836,60.79999923706055,60.79999923706055,2708.0
2024-08-27 11:54:00+00:00,YORW,38.21260070800781,38.21260070800781,38.21260070800781,38.21260070800781,38.21260070800781,336.0
2024-08-27 11:55:00+00:00,AEP,98.49500274658203,98.49500274658203,98.5,98.48999786376953,98.48999786376953,4138.0
2024-08-27 11:55:00+00:00,AY,22.2450008392334,22.2450008392334,22.25,22.2450008392334,22.25,5481.0
2024-08-27 11:55:00+00:00,CEG,194.8800048828125,194.8800048828125,194.8800048828125,194.8800048828125,194.8800048828125,616.0
2024-08-27 11:55:00+00:00,CWCO,27.600000381469727,27.600000381469727,27.600000381469727,27.600000381469727,27.600000381469727,1005.0
2024-08-27 11:55:00+00:00,EXC,37.76499938964844,37.76499938964844,37.77000045776367,37.76499938964844,37.77000045776367,3332.0
2024-08-27 11:55:00+00:00,FLNC,18.709999084472656,18.709999084472656,18.709999084472656,18.68000030517578,18.68000030517578,2329.0
2024-08-27 11:55:00+00:00,NFE,12.86769962310791,12.86769962310791,12.86769962310791,12.859999656677246,12.859999656677246,3970.0
2024-08-27 11:56:00+00:00,ADN,3.2799999713897705,3.2799999713897705,3.2799999713897705,3.2799999713897705,3.2799999713897705,176.0
2024-08-27 11:56:00+00:00,AEP,98.48999786376953,98.48999786376953,98.48999786376953,98.45999908447266,98.48999786376953,3065.0
2024-08-27 11:56:00+00:00,AY,22.239999771118164,22.239999771118164,22.2450008392334,22.239999771118164,22.2450008392334,565.0
2024-08-27 11:56:00+00:00,CDZI,3.380000114440918,3.380000114440918,3.380000114440918,3.380000114440918,3.380000114440918,200.0
2024-08-27 11:56:00+00:00,CEG,195.23989868164062,195.23989868164062,195.23989868164062,195.10499572753906,195.11000061035156,2512.0
2024-08-27 11:56:00+00:00,EXC,37.775001525878906,37.775001525878906,37.775001525878906,37.77000045776367,37.77000045776367,1091.0
2024-08-27 11:56:00+00:00,FLNC,18.709999084472656,18.709999084472656,18.709999084472656,18.69499969482422,18.69499969482422,1553.0
2024-08-27 11:56:00+00:00,MNTK,4.639999866485596,4.639999866485596,4.639999866485596,4.639999866485596,4.639999866485596,562.0
2024-08-27 11:56:00+00:00,MSEX,62.20000076293945,62.20000076293945,62.20000076293945,62.20000076293945,62.20000076293945,139.0
2024-08-27 11:56:00+00:00,NFE,12.889900207519531,12.889900207519531,12.889900207519531,12.869999885559082,12.869999885559082,1782.0
2024-08-27 11:56:00+00:00,NWE,53.68000030517578,53.68000030517578,53.68000030517578,53.68000030517578,53.68000030517578,269.0
2024-08-27 11:56:00+00:00,XEL,60.81999969482422,60.81999969482422,60.81999969482422,60.81999969482422,60.81999969482422,2132.0
2024-08-27 11:57:00+00:00,AEP,98.44999694824219,98.44999694824219,98.47000122070312,98.42009735107422,98.47000122070312,2054.0
2024-08-27 11:57:00+00:00,CEG,195.02000427246094,195.02000427246094,195.02000427246094,195.02000427246094,195.02000427246094,1081.0
2024-08-27 11:57:00+00:00,EXC,37.75,37.75,37.76499938964844,37.75,37.7599983215332,2829.0
2024-08-27 11:57:00+00:00,FLNC,18.719999313354492,18.719999313354492,18.719999313354492,18.701099395751953,18.71500015258789,1680.0
2024-08-27 11:57:00+00:00,LNT,57.70750045776367,57.70750045776367,57.70750045776367,57.70750045776367,57.70750045776367,863.0
2024-08-27 11:57:00+00:00,NFE,12.869999885559082,12.869999885559082,12.880000114440918,12.869999885559082,12.869999885559082,5358.0
2024-08-27 11:57:00+00:00,XEL,60.810001373291016,60.810001373291016,60.81999969482422,60.810001373291016,60.81999969482422,2574.0
2024-08-27 11:57:00+00:00,YORW,38.334999084472656,38.334999084472656,38.334999084472656,38.334999084472656,38.334999084472656,858.0
2024-08-27 11:58:00+00:00,AEP,98.44000244140625,98.44000244140625,98.44999694824219,98.44000244140625,98.44999694824219,2020.0
2024-08-27 11:58:00+00:00,AY,22.239999771118164,22.239999771118164,22.239999771118164,22.239999771118164,22.239999771118164,592.0
2024-08-27 11:58:00+00:00,CEG,195.02499389648438,195.02499389648438,195.39999389648438,195.02000427246094,195.18499755859375,10454.0
2024-08-27 11:58:00+00:00,CWCO,27.489999771118164,27.489999771118164,27.489999771118164,27.489999771118164,27.489999771118164,1062.0
2024-08-27 11:58:00+00:00,EXC,37.75,37.75,37.75,37.75,37.75,1667.0
2024-08-27 11:58:00+00:00,FLNC,18.71500015258789,18.71500015258789,18.719999313354492,18.700000762939453,18.719999313354492,2513.0
2024-08-27 11:58:00+00:00,MNTK,4.639999866485596,4.639999866485596,4.639999866485596,4.635000228881836,4.635000228881836,836.0
2024-08-27 11:58:00+00:00,NFE,12.869799613952637,12.869799613952637,12.875,12.859999656677246,12.862500190734863,4750.0
2024-08-27 11:58:00+00:00,OTTR,87.60559844970703,87.60559844970703,87.60559844970703,87.60559844970703,87.60559844970703,881.0
2024-08-27 11:58:00+00:00,XEL,60.790000915527344,60.790000915527344,60.810001373291016,60.790000915527344,60.8025016784668,8253.0
2024-08-27 11:59:00+00:00,AEP,98.41999816894531,98.41999816894531,98.43000030517578,98.41999816894531,98.43000030517578,6456.0
2024-08-27 11:59:00+00:00,CEG,195.13999938964844,195.13999938964844,195.13999938964844,195.13499450683594,195.13499450683594,543.0
2024-08-27 11:59:00+00:00,CREG,0.8399999737739563,0.8399999737739563,0.8399999737739563,0.8399999737739563,0.8399999737739563,497.0
2024-08-27 11:59:00+00:00,EXC,37.755001068115234,37.755001068115234,37.755001068115234,37.755001068115234,37.755001068115234,928.0
2024-08-27 11:59:00+00:00,FLNC,18.709999084472656,18.709999084472656,18.709999084472656,18.704999923706055,18.709999084472656,1126.0
2024-08-27 11:59:00+00:00,LNT,57.720001220703125,57.720001220703125,57.720001220703125,57.720001220703125,57.720001220703125,857.0
2024-08-27 11:59:00+00:00,NFE,12.864999771118164,12.864999771118164,12.880000114440918,12.859999656677246,12.880000114440918,5189.0
2024-08-27 11:59:00+00:00,OTTR,87.57499694824219,87.57499694824219,87.57499694824219,87.57499694824219,87.57499694824219,101.0
2024-08-27 11:59:00+00:00,XEL,60.790000915527344,60.790000915527344,60.790000915527344,60.78499984741211,60.78499984741211,1564.0
2024-08-27 12:00:00+00:00,AEP,98.46499633789062,98.46499633789062,98.47000122070312,98.41999816894531,98.41999816894531,3355.0
2024-08-27 12:00:00+00:00,AY,22.25,22.25,22.25,22.2450008392334,22.2450008392334,587.0
2024-08-27 12:00:00+00:00,CDZI,3.390000104904175,3.390000104904175,3.390000104904175,3.390000104904175,3.390000104904175,610.0
2024-08-27 12:00:00+00:00,CEG,195.03750610351562,195.03750610351562,195.22000122070312,194.92999267578125,195.14500427246094,296900.0
2024-08-27 12:00:00+00:00,CWCO,27.600000381469727,27.600000381469727,27.600000381469727,27.600000381469727,27.600000381469727,202.0
2024-08-27 12:00:00+00:00,EXC,37.755001068115234,37.755001068115234,37.7599983215332,37.755001068115234,37.7599983215332,2457.0
2024-08-27 12:00:00+00:00,FLNC,18.709999084472656,18.709999084472656,18.709999084472656,18.709999084472656,18.709999084472656,151.0
2024-08-27 12:00:00+00:00,LNT,57.72999954223633,57.72999954223633,57.72999954223633,57.72999954223633,57.72999954223633,161.0
2024-08-27 12:00:00+00:00,NFE,12.864999771118164,12.864999771118164,12.86970043182373,12.859999656677246,12.859999656677246,4528.0
2024-08-27 12:00:00+00:00,NWE,53.70500183105469,53.70500183105469,53.70500183105469,53.67499923706055,53.67499923706055,2363.0
2024-08-27 12:00:00+00:00,OTTR,87.57499694824219,87.57499694824219,87.57499694824219,87.57499694824219,87.57499694824219,243.0
2024-08-27 12:00:00+00:00,RNW,5.704999923706055,5.704999923706055,5.710000038146973,5.704999923706055,5.704999923706055,889.0
2024-08-27 12:00:00+00:00,XEL,60.810001373291016,60.810001373291016,60.810001373291016,60.79499816894531,60.80500030517578,3262.0
2024-08-27 12:01:00+00:00,AEP,98.45999908447266,98.45999908447266,98.4800033569336,98.45999908447266,98.46499633789062,3639.0
2024-08-27 12:01:00+00:00,AY,22.2450008392334,22.2450008392334,22.2450008392334,22.2450008392334,22.2450008392334,300.0
2024-08-27 12:01:00+00:00,CEG,194.88999938964844,194.88999938964844,195.0850067138672,194.85000610351562,195.02349853515625,3332.0
2024-08-27 12:01:00+00:00,CWCO,27.59000015258789,27.59000015258789,27.59000015258789,27.59000015258789,27.59000015258789,104.0
2024-08-27 12:01:00+00:00,EXC,37.7599983215332,37.7599983215332,37.7599983215332,37.7599983215332,37.7599983215332,963.0
2024-08-27 12:01:00+00:00,FLNC,18.719999313354492,18.719999313354492,18.719999313354492,18.709999084472656,18.719999313354492,2468.0
2024-08-27 12:01:00+00:00,NFE,12.859999656677246,12.859999656677246,12.869999885559082,12.859999656677246,12.864999771118164,3152.0
2024-08-27 12:01:00+00:00,XEL,60.79999923706055,60.79999923706055,60.79999923706055,60.79999923706055,60.79999923706055,981.0
2024-08-27 12:02:00+00:00,AEP,98.44999694824219,98.44999694824219,98.48999786376953,98.44999694824219,98.45999908447266,4221.0
2024-08-27 12:02:00+00:00,CEG,195.02000427246094,195.02000427246094,195.02000427246094,195.0,195.0,1933.0
2024-08-27 12:02:00+00:00,CWCO,27.594999313354492,27.594999313354492,27.594999313354492,27.530000686645508,27.540000915527344,1503.0
2024-08-27 12:02:00+00:00,EXC,37.7599983215332,37.7599983215332,37.77000045776367,37.7599983215332,37.7599983215332,2236.0
2024-08-27 12:02:00+00:00,FLNC,18.719999313354492,18.719999313354492,18.719999313354492,18.700000762939453,18.719999313354492,2056.0
2024-08-27 12:02:00+00:00,GWRS,12.630000114440918,12.630000114440918,12.645000457763672,12.585000038146973,12.585000038146973,1531.0
2024-08-27 12:02:00+00:00,LNT,57.72999954223633,57.72999954223633,57.72999954223633,57.72999954223633,57.72999954223633,595.0
2024-08-27 12:02:00+00:00,MNTK,4.630000114440918,4.630000114440918,4.630000114440918,4.630000114440918,4.630000114440918,107.0
2024-08-27 12:02:00+00:00,NFE,12.899999618530273,12.899999618530273,12.90999984741211,12.869999885559082,12.869999885559082,3754.0
2024-08-27 12:02:00+00:00,NWE,53.68000030517578,53.68000030517578,53.685001373291016,53.68000030517578,53.685001373291016,469.0
2024-08-27 12:02:00+00:00,OTTR,87.52249908447266,87.52249908447266,87.52249908447266,87.48500061035156,87.48500061035156,1535.0
2024-08-27 12:02:00+00:00,XEL,60.80500030517578,60.80500030517578,60.81999969482422,60.80500030517578,60.810001373291016,4398.0
2024-08-27 12:03:00+00:00,AEP,98.41999816894531,98.41999816894531,98.45999908447266,98.41999816894531,98.44000244140625,8663.0
2024-08-27 12:03:00+00:00,AY,22.239999771118164,22.239999771118164,22.239999771118164,22.239999771118164,22.239999771118164,4121.0
2024-08-27 12:03:00+00:00,CEG,195.02499389648438,195.02499389648438,195.02499389648438,194.88499450683594,194.88499450683594,649.0
2024-08-27 12:03:00+00:00,EXC,37.744998931884766,37.744998931884766,37.7599983215332,37.744998931884766,37.7599983215332,1831.0
2024-08-27 12:03:00+00:00,FLNC,18.718000411987305,18.718000411987305,18.718000411987305,18.700000762939453,18.709999084472656,2684.0
2024-08-27 12:03:00+00:00,GWRS,12.585000038146973,12.585000038146973,12.585000038146973,12.585000038146973,12.585000038146973,265.0
2024-08-27 12:03:00+00:00,NFE,12.869999885559082,12.869999885559082,12.909799575805664,12.869999885559082,12.890000343322754,7438.0
2024-08-27 12:03:00+00:00,NWE,53.67499923706055,53.67499923706055,53.67499923706055,53.67499923706055,53.67499923706055,433.0
2024-08-27 12:03:00+00:00,OTTR,87.4800033569336,87.4800033569336,87.57240295410156,87.4800033569336,87.57240295410156,627.0
2024-08-27 12:03:00+00:00,XEL,60.777400970458984,60.777400970458984,60.810001373291016,60.777400970458984,60.80500030517578,2919.0
2024-08-27 12:04:00+00:00,AEP,98.41000366210938,98.41000366210938,98.41000366210938,98.41000366210938,98.41000366210938,1165.0
2024-08-27 12:04:00+00:00,AY,22.239999771118164,22.239999771118164,22.239999771118164,22.239999771118164,22.239999771118164,193.0
2024-08-27 12:04:00+00:00,CEG,195.0850067138672,195.0850067138672,195.0850067138672,194.91000366210938,194.91000366210938,1110.0
2024-08-27 12:04:00+00:00,EXC,37.7400016784668,37.7400016784668,37.7599983215332,37.73500061035156,37.73500061035156,9374.0
2024-08-27 12:04:00+00:00,FLNC,18.68000030517578,18.68000030517578,18.719999313354492,18.65999984741211,18.719999313354492,7105.0
2024-08-27 12:04:00+00:00,LNT,57.69110107421875,57.69110107421875,57.720001220703125,57.69110107421875,57.720001220703125,744.0
2024-08-27 12:04:00+00:00,MGEE,86.80500030517578,86.80500030517578,86.80500030517578,86.80500030517578,86.80500030517578,272.0
2024-08-27 12:04:00+00:00,MSEX,62.18000030517578,62.18000030517578,62.18000030517578,62.18000030517578,62.18000030517578,103.0
2024-08-27 12:04:00+00:00,NFE,12.90999984741211,12.90999984741211,12.90999984741211,12.890000343322754,12.890000343322754,3488.0
2024-08-27 12:04:00+00:00,NWE,53.630001068115234,53.630001068115234,53.630001068115234,53.630001068115234,53.630001068115234,347.0
2024-08-27 12:04:00+00:00,RNW,5.704999923706055,5.704999923706055,5.704999923706055,5.704999923706055,5.704999923706055,126.0
2024-08-27 12:04:00+00:00,XEL,60.75,60.75,60.779998779296875,60.75,60.779998779296875,5367.0
2024-08-27 12:05:00+00:00,AEP,98.3499984741211,98.3499984741211,98.3499984741211,98.3499984741211,98.3499984741211,173.0
2024-08-27 12:05:00+00:00,AY,22.239999771118164,22.239999771118164,22.239999771118164,22.239999771118164,22.239999771118164,659.0
2024-08-27 12:05:00+00:00,CEG,195.0749969482422,195.0749969482422,195.0850067138672,194.94000244140625,195.0850067138672,1320.0
2024-08-27 12:05:00+00:00,EXC,37.720001220703125,37.720001220703125,37.73500061035156,37.71500015258789,37.73500061035156,7047.0
2024-08-27 12:05:00+00:00,FLNC,18.639999389648438,18.639999389648438,18.667699813842773,18.6299991607666,18.667699813842773,4905.0
2024-08-27 12:05:00+00:00,NFE,12.890000343322754,12.890000343322754,12.899999618530273,12.880000114440918,12.890000343322754,5063.0
2024-08-27 12:05:00+00:00,RNW,5.699999809265137,5.699999809265137,5.699999809265137,5.699999809265137,5.699999809265137,268.0
2024-08-27 12:06:00+00:00,AEP,98.30999755859375,98.30999755859375,98.33999633789062,98.27999877929688,98.33999633789062,8770.0
2024-08-27 12:06:00+00:00,CEG,195.16000366210938,195.16000366210938,195.16000366210938,195.0399932861328,195.14999389648438,2344.0
2024-08-27 12:06:00+00:00,EXC,37.720001220703125,37.720001220703125,37.720001220703125,37.71500015258789,37.71500015258789,1565.0
2024-08-27 12:06:00+00:00,FLNC,18.649999618530273,18.649999618530273,18.649999618530273,18.6299991607666,18.6299991607666,2248.0
2024-08-27 12:06:00+00:00,HTOO,0.6100000143051147,0.6100000143051147,0.6100000143051147,0.6100000143051147,0.6100000143051147,2582.0
2024-08-27 12:06:00+00:00,LNT,57.65999984741211,57.65999984741211,57.65999984741211,57.65999984741211,57.65999984741211,800.0
2024-08-27 12:06:00+00:00,MNTK,4.630000114440918,4.630000114440918,4.630000114440918,4.630000114440918,4.630000114440918,605.0
2024-08-27 12:06:00+00:00,MSEX,62.189998626708984,62.189998626708984,62.189998626708984,62.099998474121094,62.099998474121094,374.0
2024-08-27 12:06:00+00:00,OTTR,87.31999969482422,87.31999969482422,87.31999969482422,87.13500213623047,87.13500213623047,486.0
2024-08-27 12:06:00+00:00,RNW,5.684999942779541,5.684999942779541,5.704999923706055,5.684999942779541,5.704999923706055,2891.0
2024-08-27 12:06:00+00:00,XEL,60.70500183105469,60.70500183105469,60.720001220703125,60.70500183105469,60.720001220703125,1826.0
2024-08-27 12:07:00+00:00,AEP,98.3499984741211,98.3499984741211,98.3499984741211,98.30999755859375,98.30999755859375,3658.0
2024-08-27 12:07:00+00:00,ARTNA,35.45000076293945,35.45000076293945,35.45000076293945,35.45000076293945,35.45000076293945,303.0
2024-08-27 12:07:00+00:00,AY,22.239999771118164,22.239999771118164,22.246000289916992,22.239999771118164,22.246000289916992,2401.0
2024-08-27 12:07:00+00:00,CDZIP,15.350000381469727,15.350000381469727,15.350000381469727,15.350000381469727,15.350000381469727,0.0
2024-08-27 12:07:00+00:00,CEG,195.16000366210938,195.16000366210938,195.16000366210938,195.16000366210938,195.16000366210938,1291.0
2024-08-27 12:07:00+00:00,EXC,37.72999954223633,37.72999954223633,37.72999954223633,37.71979904174805,37.71979904174805,2563.0
2024-08-27 12:07:00+00:00,FLNC,18.670000076293945,18.670000076293945,18.670000076293945,18.639999389648438,18.639999389648438,4631.0
2024-08-27 12:07:00+00:00,LNT,57.66999816894531,57.66999816894531,57.66999816894531,57.65999984741211,57.65999984741211,1615.0
2024-08-27 12:07:00+00:00,MGEE,86.5999984741211,86.5999984741211,86.5999984741211,86.5999984741211,86.5999984741211,188.0
2024-08-27 12:07:00+00:00,NFE,12.910099983215332,12.910099983215332,12.914999961853027,12.890000343322754,12.890000343322754,10583.0
2024-08-27 12:07:00+00:00,OPAL,3.59879994392395,3.59879994392395,3.59879994392395,3.59879994392395,3.59879994392395,301.0
2024-08-27 12:07:00+00:00,XEL,60.724998474121094,60.724998474121094,60.724998474121094,60.709999084472656,60.709999084472656,1182.0
2024-08-27 12:08:00+00:00,AEP,98.29010009765625,98.29010009765625,98.33999633789062,98.29010009765625,98.33999633789062,1253.0
2024-08-27 12:08:00+00:00,AY,22.240299224853516,22.240299224853516,22.240299224853516,22.240299224853516,22.240299224853516,448.0
2024-08-27 12:08:00+00:00,CDZI,3.380000114440918,3.380000114440918,3.380000114440918,3.380000114440918,3.380000114440918,583.0
2024-08-27 12:08:00+00:00,CEG,194.99000549316406,194.99000549316406,195.0,194.99000549316406,195.0,12450.0
2024-08-27 12:08:00+00:00,EXC,37.709999084472656,37.709999084472656,37.720001220703125,37.709999084472656,37.720001220703125,2140.0
2024-08-27 12:08:00+00:00,FLNC,18.6299991607666,18.6299991607666,18.68000030517578,18.6299991607666,18.68000030517578,8605.0
2024-08-27 12:08:00+00:00,MGEE,86.47000122070312,86.47000122070312,86.5,86.47000122070312,86.5,929.0
2024-08-27 12:08:00+00:00,MNTK,4.619999885559082,4.619999885559082,4.619999885559082,4.619999885559082,4.619999885559082,212.0
2024-08-27 12:08:00+00:00,NFE,12.930000305175781,12.930000305175781,12.9399995803833,12.920000076293945,12.920000076293945,18853.0
2024-08-27 12:08:00+00:00,OTTR,87.11499786376953,87.11499786376953,87.11499786376953,87.11499786376953,87.11499786376953,364.0
2024-08-27 12:08:00+00:00,XEL,60.720001220703125,60.720001220703125,60.720001220703125,60.720001220703125,60.720001220703125,747.0
2024-08-27 12:09:00+00:00,AEP,98.30500030517578,98.30500030517578,98.31999969482422,98.29010009765625,98.29010009765625,7277.0
2024-08-27 12:09:00+00:00,AY,22.2450008392334,22.2450008392334,22.2450008392334,22.239999771118164,22.239999771118164,526.0
2024-08-27 12:09:00+00:00,CEG,194.9600067138672,194.9600067138672,194.97610473632812,194.72000122070312,194.72000122070312,2760.0
2024-08-27 12:09:00+00:00,EXC,37.720001220703125,37.720001220703125,37.720001220703125,37.70500183105469,37.70500183105469,2327.0
2024-08-27 12:09:00+00:00,FLNC,18.59000015258789,18.59000015258789,18.645000457763672,18.59000015258789,18.6299991607666,6698.0
2024-08-27 12:09:00+00:00,LNT,57.65999984741211,57.65999984741211,57.66999816894531,57.65999984741211,57.66999816894531,246.0
2024-08-27 12:09:00+00:00,MNTK,4.610000133514404,4.610000133514404,4.610000133514404,4.610000133514404,4.610000133514404,775.0
2024-08-27 12:09:00+00:00,NFE,12.979999542236328,12.979999542236328,12.979999542236328,12.930000305175781,12.930000305175781,10128.0
2024-08-27 12:09:00+00:00,XEL,60.73820114135742,60.73820114135742,60.73820114135742,60.73820114135742,60.73820114135742,1058.0
2024-08-27 12:10:00+00:00,AEP,98.2699966430664,98.2699966430664,98.30500030517578,98.25,98.30500030517578,4245.0
2024-08-27 12:10:00+00:00,AY,22.2450008392334,22.2450008392334,22.2450008392334,22.2450008392334,22.2450008392334,842.0
2024-08-27 12:10:00+00:00,CEG,195.1999969482422,195.1999969482422,195.4199981689453,195.19000244140625,195.19000244140625,3097.0
2024-08-27 12:10:00+00:00,CWCO,27.5,27.5,27.520000457763672,27.489999771118164,27.489999771118164,1059.0
2024-08-27 12:10:00+00:00,EXC,37.709999084472656,37.709999084472656,37.720001220703125,37.709999084472656,37.720001220703125,1240.0
2024-08-27 12:10:00+00:00,FLNC,18.604999542236328,18.604999542236328,18.6200008392334,18.600000381469727,18.600000381469727,3887.0
2024-08-27 12:10:00+00:00,LNT,57.650001525878906,57.650001525878906,57.65999984741211,57.650001525878906,57.65999984741211,500.0
2024-08-27 12:10:00+00:00,NFE,12.979999542236328,12.979999542236328,12.989999771118164,12.970000267028809,12.970000267028809,6689.0
2024-08-27 12:10:00+00:00,NWE,53.54999923706055,53.54999923706055,53.54999923706055,53.54999923706055,53.54999923706055,468.0
2024-08-27 12:10:00+00:00,RNW,5.684999942779541,5.684999942779541,5.684999942779541,5.684999942779541,5.684999942779541,217.0
2024-08-27 12:10:00+00:00,XEL,60.70000076293945,60.70000076293945,60.720001220703125,60.70000076293945,60.720001220703125,1149.0
2024-08-27 12:11:00+00:00,AEP,98.29000091552734,98.29000091552734,98.29000091552734,98.25499725341797,98.25499725341797,2817.0
2024-08-27 12:11:00+00:00,AY,22.25,22.25,22.25,22.239999771118164,22.239999771118164,1384.0
2024-08-27 12:11:00+00:00,CEG,195.74000549316406,195.74000549316406,195.74000549316406,195.22000122070312,195.22000122070312,1348.0
2024-08-27 12:11:00+00:00,EXC,37.70000076293945,37.70000076293945,37.71500015258789,37.70000076293945,37.709999084472656,3384.0
2024-08-27 12:11:00+00:00,FLNC,18.68000030517578,18.68000030517578,18.68000030517578,18.604999542236328,18.6200008392334,18814.0
2024-08-27 12:11:00+00:00,LNT,57.650001525878906,57.650001525878906,57.650001525878906,57.650001525878906,57.650001525878906,481.0
2024-08-27 12:11:00+00:00,MSEX,62.099998474121094,62.099998474121094,62.099998474121094,62.099998474121094,62.099998474121094,794.0
2024-08-27 12:11:00+00:00,NFE,12.960000038146973,12.960000038146973,12.979999542236328,12.960000038146973,12.978699684143066,6279.0
2024-08-27 12:11:00+00:00,OTTR,87.08999633789062,87.08999633789062,87.1500015258789,87.08999633789062,87.1500015258789,505.0
2024-08-27 12:11:00+00:00,XEL,60.70000076293945,60.70000076293945,60.70000076293945,60.70000076293945,60.70000076293945,937.0
2024-08-27 12:12:00+00:00,AEP,98.3499984741211,98.3499984741211,98.3499984741211,98.30000305175781,98.30000305175781,3300.0
2024-08-27 12:12:00+00:00,AY,22.243099212646484,22.243099212646484,22.243099212646484,22.239999771118164,22.239999771118164,713.0
2024-08-27 12:12:00+00:00,CDZI,3.369999885559082,3.369999885559082,3.369999885559082,3.369999885559082,3.369999885559082,585.0
2024-08-27 12:12:00+00:00,CWCO,27.53689956665039,27.53689956665039,27.53689956665039,27.450000762939453,27.489999771118164,2749.0
2024-08-27 12:12:00+00:00,EXC,37.70500183105469,37.70500183105469,37.70500183105469,37.69499969482422,37.69499969482422,2998.0
2024-08-27 12:12:00+00:00,FLNC,18.760000228881836,18.760000228881836,18.760000228881836,18.68000030517578,18.68000030517578,3497.0
2024-08-27 12:12:00+00:00,MNTK,4.610000133514404,4.610000133514404,4.610000133514404,4.610000133514404,4.610000133514404,200.0
2024-08-27 12:12:00+00:00,NFE,12.970000267028809,12.970000267028809,12.970000267028809,12.949999809265137,12.949999809265137,3920.0
2024-08-27 12:12:00+00:00,NWE,53.54999923706055,53.54999923706055,53.54999923706055,53.54999923706055,53.54999923706055,613.0
2024-08-27 12:12:00+00:00,OTTR,87.52999877929688,87.52999877929688,87.52999877929688,87.16999816894531,87.28500366210938,3305.0
2024-08-27 12:12:00+00:00,RNW,5.679999828338623,5.679999828338623,5.684999942779541,5.679999828338623,5.684999942779541,278.0
2024-08-27 12:12:00+00:00,XEL,60.70000076293945,60.70000076293945,60.70000076293945,60.70000076293945,60.70000076293945,665.0
2024-08-27 12:13:00+00:00,AEP,98.37000274658203,98.37000274658203,98.37999725341797,98.3550033569336,98.37999725341797,3281.0
2024-08-27 12:13:00+00:00,AY,22.239999771118164,22.239999771118164,22.239999771118164,22.239999771118164,22.239999771118164,209.0
2024-08-27 12:13:00+00:00,CEG,195.85000610351562,195.85000610351562,195.85000610351562,195.57000732421875,195.57000732421875,1648.0
2024-08-27 12:13:00+00:00,EXC,37.709999084472656,37.709999084472656,37.709999084472656,37.709999084472656,37.709999084472656,246.0
2024-08-27 12:13:00+00:00,FLNC,18.799999237060547,18.799999237060547,18.829999923706055,18.790000915527344,18.790000915527344,7499.0
2024-08-27 12:13:00+00:00,LNT,57.63999938964844,57.63999938964844,57.63999938964844,57.62900161743164,57.62900161743164,3936.0
2024-08-27 12:13:00+00:00,MGEE,86.5999984741211,86.5999984741211,86.5999984741211,86.5999984741211,86.5999984741211,388.0
2024-08-27 12:13:00+00:00,MNTK,4.609000205993652,4.609000205993652,4.609000205993652,4.609000205993652,4.609000205993652,483.0
2024-08-27 12:13:00+00:00,NFE,12.970000267028809,12.970000267028809,12.970000267028809,12.960000038146973,12.970000267028809,729.0
2024-08-27 12:13:00+00:00,OTTR,87.1500015258789,87.1500015258789,87.19999694824219,87.1500015258789,87.19999694824219,566.0
2024-08-27 12:13:00+00:00,RNW,5.684999942779541,5.684999942779541,5.684999942779541,5.684999942779541,5.684999942779541,201.0
2024-08-27 12:13:00+00:00,XEL,60.720001220703125,60.720001220703125,60.720001220703125,60.709999084472656,60.709999084472656,1805.0
2024-08-27 12:14:00+00:00,AEP,98.34500122070312,98.34500122070312,98.37000274658203,98.33999633789062,98.3550033569336,3490.0
2024-08-27 12:14:00+00:00,AY,22.2450008392334,22.2450008392334,22.2450008392334,22.239999771118164,22.2450008392334,1527.0
2024-08-27 12:14:00+00:00,CEG,195.72000122070312,195.72000122070312,195.72000122070312,195.72000122070312,195.72000122070312,8103.0
2024-08-27 12:14:00+00:00,EXC,37.70000076293945,37.70000076293945,37.70199966430664,37.699100494384766,37.70199966430664,3227.0
2024-08-27 12:14:00+00:00,FLNC,18.829999923706055,18.829999923706055,18.829999923706055,18.81999969482422,18.81999969482422,857.0
2024-08-27 12:14:00+00:00,NFE,12.970000267028809,12.970000267028809,12.970000267028809,12.970000267028809,12.970000267028809,2484.0
2024-08-27 12:14:00+00:00,OPAL,3.5999999046325684,3.5999999046325684,3.5999999046325684,3.5950000286102295,3.5999999046325684,1426.0
2024-08-27 12:14:00+00:00,OTTR,87.35590362548828,87.35590362548828,87.35590362548828,87.0801010131836,87.0801010131836,1065.0
2024-08-27 12:14:00+00:00,RNW,5.685999870300293,5.685999870300293,5.685999870300293,5.685999870300293,5.685999870300293,1222.0
2024-08-27 12:14:00+00:00,XEL,60.709999084472656,60.709999084472656,60.709999084472656,60.709999084472656,60.709999084472656,929.0
2024-08-27 12:15:00+00:00,AEP,98.31999969482422,98.31999969482422,98.37999725341797,98.31999969482422,98.34500122070312,2129.0
2024-08-27 12:15:00+00:00,AY,22.2450008392334,22.2450008392334,22.2450008392334,22.2450008392334,22.2450008392334,602.0
2024-08-27 12:15:00+00:00,CEG,195.50860595703125,195.50860595703125,195.50860595703125,195.50860595703125,195.50860595703125,617.0
2024-08-27 12:15:00+00:00,EXC,37.69499969482422,37.69499969482422,37.70000076293945,37.69499969482422,37.69940185546875,924.0
2024-08-27 12:15:00+00:00,FLNC,18.850000381469727,18.850000381469727,18.850000381469727,18.84000015258789,18.84000015258789,1930.0
2024-08-27 12:15:00+00:00,LNT,57.650001525878906,57.650001525878906,57.650001525878906,57.63999938964844,57.63999938964844,1524.0
2024-08-27 12:15:00+00:00,MNTK,4.599999904632568,4.599999904632568,4.610000133514404,4.599999904632568,4.610000133514404,539.0
2024-08-27 12:15:00+00:00,NFE,12.989999771118164,12.989999771118164,12.989999771118164,12.979999542236328,12.979999542236328,3341.0
2024-08-27 12:15:00+00:00,OTTR,87.23500061035156,87.23500061035156,87.23500061035156,87.23500061035156,87.23500061035156,366.0
2024-08-27 12:15:00+00:00,XEL,60.720001220703125,60.720001220703125,60.720001220703125,60.709999084472656,60.709999084472656,1068.0
2024-08-27 12:16:00+00:00,AEP,98.33000183105469,98.33000183105469,98.33000183105469,98.30999755859375,98.33000183105469,2109.0
2024-08-27 12:16:00+00:00,CEG,195.72999572753906,195.72999572753906,195.97000122070312,195.72999572753906,195.97000122070312,747.0
2024-08-27 12:16:00+00:00,EXC,37.69499969482422,37.69499969482422,37.69499969482422,37.689998626708984,37.69499969482422,1213.0
2024-08-27 12:16:00+00:00,FLNC,18.864999771118164,18.864999771118164,18.8700008392334,18.864999771118164,18.8700008392334,3321.0
2024-08-27 12:16:00+00:00,NFE,12.970000267028809,12.970000267028809,12.979999542236328,12.970000267028809,12.979999542236328,6402.0
2024-08-27 12:16:00+00:00,NWE,53.52000045776367,53.52000045776367,53.54999923706055,53.52000045776367,53.54999923706055,671.0
2024-08-27 12:16:00+00:00,OTTR,87.44000244140625,87.44000244140625,87.5,87.26499938964844,87.26499938964844,3478.0
2024-08-27 12:16:00+00:00,RNW,5.689899921417236,5.689899921417236,5.689899921417236,5.689899921417236,5.689899921417236,8457.0
2024-08-27 12:16:00+00:00,XEL,60.695499420166016,60.695499420166016,60.695499420166016,60.695499420166016,60.695499420166016,578.0
2024-08-27 12:17:00+00:00,AEP,98.36990356445312,98.36990356445312,98.37000274658203,98.3499984741211,98.3499984741211,1234.0
2024-08-27 12:17:00+00:00,AY,22.239999771118164,22.239999771118164,22.239999771118164,22.239999771118164,22.239999771118164,202.0
2024-08-27 12:17:00+00:00,CEG,195.76499938964844,195.76499938964844,195.76499938964844,195.72999572753906,195.72999572753906,306.0
2024-08-27 12:17:00+00:00,EXC,37.70000076293945,37.70000076293945,37.70000076293945,37.69499969482422,37.69499969482422,1239.0
2024-08-27 12:17:00+00:00,NFE,12.960000038146973,12.960000038146973,12.960000038146973,12.954999923706055,12.960000038146973,2685.0
2024-08-27 12:17:00+00:00,NWE,53.540000915527344,53.540000915527344,53.54999923706055,53.5099983215332,53.54999923706055,1111.0
2024-08-27 12:17:00+00:00,OPAL,3.5899999141693115,3.5899999141693115,3.5899999141693115,3.5899999141693115,3.5899999141693115,102.0
2024-08-27 12:17:00+00:00,OTTR,87.62999725341797,87.62999725341797,87.62999725341797,87.55999755859375,87.55999755859375,1469.0
2024-08-27 12:17:00+00:00,RNW,5.699999809265137,5.699999809265137,5.699999809265137,5.684999942779541,5.684999942779541,4155.0
2024-08-27 12:17:00+00:00,XEL,60.70000076293945,60.70000076293945,60.70000076293945,60.70000076293945,60.70000076293945,227.0
2024-08-27 12:18:00+00:00,AEP,98.3550033569336,98.3550033569336,98.37000274658203,98.33999633789062,98.33999633789062,2790.0
2024-08-27 12:18:00+00:00,AY,22.2450008392334,22.2450008392334,22.2450008392334,22.2450008392334,22.2450008392334,222.0
2024-08-27 12:18:00+00:00,CEG,195.76499938964844,195.76499938964844,195.76499938964844,195.76499938964844,195.76499938964844,926.0
2024-08-27 12:18:00+00:00,EXC,37.70000076293945,37.70000076293945,37.70000076293945,37.69499969482422,37.69499969482422,1749.0
2024-08-27 12:18:00+00:00,FLNC,18.84000015258789,18.84000015258789,18.84000015258789,18.84000015258789,18.84000015258789,777.0
2024-08-27 12:18:00+00:00,LNT,57.64500045776367,57.64500045776367,57.650001525878906,57.619998931884766,57.650001525878906,1889.0
2024-08-27 12:18:00+00:00,MSEX,62.189998626708984,62.189998626708984,62.189998626708984,62.189998626708984,62.189998626708984,140.0
2024-08-27 12:18:00+00:00,NFE,12.949999809265137,12.949999809265137,12.970000267028809,12.949999809265137,12.970000267028809,4412.0
2024-08-27 12:18:00+00:00,RNW,5.699999809265137,5.699999809265137,5.699999809265137,5.699999809265137,5.699999809265137,504.0
2024-08-27 12:18:00+00:00,XEL,60.70000076293945,60.70000076293945,60.70000076293945,60.685001373291016,60.70000076293945,2953.0
2024-08-27 12:19:00+00:00,ADN,3.255000114440918,3.255000114440918,3.255000114440918,3.255000114440918,3.255000114440918,381.0
2024-08-27 12:19:00+00:00,AEP,98.32019805908203,98.32019805908203,98.33999633789062,98.31999969482422,98.33999633789062,2512.0
2024-08-27 12:19:00+00:00,AY,22.239999771118164,22.239999771118164,22.239999771118164,22.239999771118164,22.239999771118164,339.0
2024-08-27 12:19:00+00:00,CEG,195.7050018310547,195.7050018310547,195.74000549316406,195.7050018310547,195.74000549316406,814.0
2024-08-27 12:19:00+00:00,CWCO,27.447500228881836,27.447500228881836,27.5,27.447500228881836,27.5,263.0
2024-08-27 12:19:00+00:00,EXC,37.709999084472656,37.709999084472656,37.71500015258789,37.69499969482422,37.69499969482422,3878.0
2024-08-27 12:19:00+00:00,FLNC,18.850000381469727,18.850000381469727,18.850000381469727,18.84000015258789,18.84000015258789,2621.0
2024-08-27 12:19:00+00:00,LNT,57.65999984741211,57.65999984741211,57.65999984741211,57.65999984741211,57.65999984741211,779.0
2024-08-27 12:19:00+00:00,MNTK,4.610000133514404,4.610000133514404,4.610000133514404,4.610000133514404,4.610000133514404,451.0
2024-08-27 12:19:00+00:00,NFE,12.960000038146973,12.960000038146973,12.960000038146973,12.960000038146973,12.960000038146973,1629.0
2024-08-27 12:19:00+00:00,NWE,53.564998626708984,53.564998626708984,53.56999969482422,53.564998626708984,53.56999969482422,2113.0
2024-08-27 12:19:00+00:00,OPAL,3.609999895095825,3.609999895095825,3.609999895095825,3.609999895095825,3.609999895095825,133.0
2024-08-27 12:19:00+00:00,OTTR,87.6449966430664,87.6449966430664,87.6449966430664,87.6449966430664,87.6449966430664,485.0
2024-08-27 12:19:00+00:00,RNW,5.699999809265137,5.699999809265137,5.704999923706055,5.699999809265137,5.699999809265137,1217.0
2024-08-27 12:19:00+00:00,XEL,60.709999084472656,60.709999084472656,60.709999084472656,60.70000076293945,60.70000076293945,1554.0
2024-08-27 12:20:00+00:00,AEP,98.3499984741211,98.3499984741211,98.38999938964844,98.31999969482422,98.38999938964844,2761.0
2024-08-27 12:20:00+00:00,AY,22.25,22.25,22.25,22.2450008392334,22.2450008392334,826.0
2024-08-27 12:20:00+00:00,CWCO,27.5,27.5,27.5,27.5,27.5,153.0
2024-08-27 12:20:00+00:00,EXC,37.72370147705078,37.72370147705078,37.72370147705078,37.709999084472656,37.709999084472656,3862.0
2024-08-27 12:20:00+00:00,NFE,12.969400405883789,12.969400405883789,12.970000267028809,12.960000038146973,12.960000038146973,3990.0
2024-08-27 12:20:00+00:00,OPAL,3.5999999046325684,3.5999999046325684,3.5999999046325684,3.5999999046325684,3.5999999046325684,147.0
2024-08-27 12:20:00+00:00,RNW,5.695000171661377,5.695000171661377,5.704999923706055,5.695000171661377,5.704999923706055,1664.0
2024-08-27 12:20:00+00:00,XEL,60.70500183105469,60.70500183105469,60.70500183105469,60.70500183105469,60.70500183105469,489.0
2024-08-27 12:21:00+00:00,AEP,98.30999755859375,98.30999755859375,98.33999633789062,98.30999755859375,98.33999633789062,2627.0
2024-08-27 12:21:00+00:00,AY,22.2450008392334,22.2450008392334,22.249799728393555,22.2450008392334,22.249799728393555,10763.0
2024-08-27 12:21:00+00:00,CEG,195.52000427246094,195.52000427246094,195.60000610351562,195.52000427246094,195.60000610351562,720.0
2024-08-27 12:21:00+00:00,CWCO,27.450000762939453,27.450000762939453,27.450000762939453,27.450000762939453,27.450000762939453,153.0
2024-08-27 12:21:00+00:00,EXC,37.720001220703125,37.720001220703125,37.720001220703125,37.71500015258789,37.720001220703125,4317.0
2024-08-27 12:21:00+00:00,FLNC,18.809999465942383,18.809999465942383,18.860000610351562,18.809999465942383,18.860000610351562,2733.0
2024-08-27 12:21:00+00:00,HTOO,0.6348999738693237,0.6348999738693237,0.6348999738693237,0.6348999738693237,0.6348999738693237,2401.0
2024-08-27 12:21:00+00:00,LNT,57.650001525878906,57.650001525878906,57.650001525878906,57.650001525878906,57.650001525878906,960.0
2024-08-27 12:21:00+00:00,MSEX,62.04600143432617,62.04600143432617,62.189998626708984,62.04600143432617,62.189998626708984,321.0
2024-08-27 12:21:00+00:00,NFE,12.960000038146973,12.960000038146973,12.960000038146973,12.960000038146973,12.960000038146973,1201.0
2024-08-27 12:21:00+00:00,RNW,5.690000057220459,5.690000057220459,5.690000057220459,5.690000057220459,5.690000057220459,527.0
2024-08-27 12:21:00+00:00,XEL,60.7150993347168,60.7150993347168,60.7150993347168,60.7150993347168,60.7150993347168,295.0
2024-08-27 12:22:00+00:00,AEP,98.2699966430664,98.2699966430664,98.30169677734375,98.2699966430664,98.30020141601562,1624.0
2024-08-27 12:22:00+00:00,AY,22.255300521850586,22.255300521850586,22.255300521850586,22.2450008392334,22.2450008392334,7798.0
2024-08-27 12:22:00+00:00,CEG,195.55999755859375,195.55999755859375,195.60000610351562,195.52000427246094,195.60000610351562,1011.0
2024-08-27 12:22:00+00:00,EXC,37.72999954223633,37.72999954223633,37.72999954223633,37.72999954223633,37.72999954223633,544.0
2024-08-27 12:22:00+00:00,FLNC,18.770000457763672,18.770000457763672,18.770000457763672,18.770000457763672,18.770000457763672,491.0
2024-08-27 12:22:00+00:00,GWRS,12.630000114440918,12.630000114440918,12.630000114440918,12.630000114440918,12.630000114440918,199.0
2024-08-27 12:22:00+00:00,MSEX,62.06999969482422,62.06999969482422,62.099998474121094,62.06999969482422,62.099998474121094,1411.0
2024-08-27 12:22:00+00:00,NFE,12.960000038146973,12.960000038146973,12.960000038146973,12.954999923706055,12.960000038146973,2651.0
2024-08-27 12:22:00+00:00,RNW,5.684999942779541,5.684999942779541,5.684999942779541,5.684999942779541,5.684999942779541,203.0
2024-08-27 12:22:00+00:00,XEL,60.709999084472656,60.709999084472656,60.709999084472656,60.70000076293945,60.70000076293945,1475.0
2024-08-27 12:23:00+00:00,AEP,98.27999877929688,98.27999877929688,98.30999755859375,98.26000213623047,98.26000213623047,4181.0
2024-08-27 12:23:00+00:00,AY,22.2549991607666,22.2549991607666,22.2549991607666,22.2549991607666,22.2549991607666,575.0
2024-08-27 12:23:00+00:00,CEG,195.97000122070312,195.97000122070312,196.08999633789062,195.6649932861328,195.72999572753906,3863.0
2024-08-27 12:23:00+00:00,CWCO,27.5049991607666,27.5049991607666,27.5049991607666,27.5049991607666,27.5049991607666,282.0
2024-08-27 12:23:00+00:00,EXC,37.70000076293945,37.70000076293945,37.724998474121094,37.70000076293945,37.724998474121094,3399.0
2024-08-27 12:23:00+00:00,FLNC,18.7549991607666,18.7549991607666,18.7549991607666,18.7549991607666,18.7549991607666,637.0
2024-08-27 12:23:00+00:00,LNT,57.619998931884766,57.619998931884766,57.619998931884766,57.619998931884766,57.619998931884766,293.0
2024-08-27 12:23:00+00:00,NFE,12.970000267028809,12.970000267028809,12.970000267028809,12.960000038146973,12.969900131225586,3012.0
2024-08-27 12:23:00+00:00,XEL,60.70000076293945,60.70000076293945,60.709999084472656,60.70000076293945,60.709999084472656,1621.0
2024-08-27 12:24:00+00:00,AEP,98.29000091552734,98.29000091552734,98.29000091552734,98.2699966430664,98.2699966430664,1984.0
2024-08-27 12:24:00+00:00,CEG,196.0850067138672,196.0850067138672,196.08999633789062,196.0850067138672,196.08999633789062,446.0
2024-08-27 12:24:00+00:00,CWCO,27.524999618530273,27.524999618530273,27.524999618530273,27.524999618530273,27.524999618530273,578.0
2024-08-27 12:24:00+00:00,EXC,37.70500183105469,37.70500183105469,37.70500183105469,37.70500183105469,37.70500183105469,108.0
2024-08-27 12:24:00+00:00,FLNC,18.768999099731445,18.768999099731445,18.768999099731445,18.768999099731445,18.768999099731445,1558.0
2024-08-27 12:24:00+00:00,HTOO,0.6225000023841858,0.6225000023841858,0.6225000023841858,0.6225000023841858,0.6225000023841858,2220.0
2024-08-27 12:24:00+00:00,NFE,12.9822998046875,12.9822998046875,13.0,12.96500015258789,12.96500015258789,7630.0
2024-08-27 12:24:00+00:00,XEL,60.689998626708984,60.689998626708984,60.689998626708984,60.689998626708984,60.689998626708984,1207.0
2024-08-27 12:25:00+00:00,AEP,98.2699966430664,98.2699966430664,98.2699966430664,98.2699966430664,98.2699966430664,1930.0
2024-08-27 12:25:00+00:00,CDZI,3.380000114440918,3.380000114440918,3.380000114440918,3.380000114440918,3.380000114440918,9899.0
2024-08-27 12:25:00+00:00,CEG,196.02000427246094,196.02000427246094,196.02000427246094,196.02000427246094,196.02000427246094,702.0
2024-08-27 12:25:00+00:00,CWCO,27.524999618530273,27.524999618530273,27.524999618530273,27.524999618530273,27.524999618530273,0.0
2024-08-27 12:25:00+00:00,EXC,37.69499969482422,37.69499969482422,37.70000076293945,37.685001373291016,37.70000076293945,3669.0
2024-08-27 12:25:00+00:00,FLNC,18.774999618530273,18.774999618530273,18.774999618530273,18.770000457763672,18.770000457763672,1208.0
2024-08-27 12:25:00+00:00,LNT,57.619998931884766,57.619998931884766,57.619998931884766,57.599998474121094,57.599998474121094,2383.0
2024-08-27 12:25:00+00:00,MNTK,4.610000133514404,4.610000133514404,4.610000133514404,4.610000133514404,4.610000133514404,138.0
2024-08-27 12:25:00+00:00,NFE,12.994999885559082,12.994999885559082,13.010000228881836,12.989999771118164,13.0,9284.0
2024-08-27 12:25:00+00:00,RNW,5.675000190734863,5.675000190734863,5.679999828338623,5.675000190734863,5.679999828338623,1516.0
2024-08-27 12:25:00+00:00,XEL,60.67720031738281,60.67720031738281,60.67720031738281,60.67720031738281,60.67720031738281,1035.0
2024-08-27 12:26:00+00:00,AEP,98.30000305175781,98.30000305175781,98.30000305175781,98.27999877929688,98.27999877929688,2056.0
2024-08-27 12:26:00+00:00,AY,22.2549991607666,22.2549991607666,22.2549991607666,22.2549991607666,22.2549991607666,1256.0
2024-08-27 12:26:00+00:00,CWCO,27.40999984741211,27.40999984741211,27.40999984741211,27.40999984741211,27.40999984741211,284.0
2024-08-27 12:26:00+00:00,EXC,37.689998626708984,37.689998626708984,37.70000076293945,37.689998626708984,37.69499969482422,1280.0
2024-08-27 12:26:00+00:00,FLNC,18.739999771118164,18.739999771118164,18.774999618530273,18.739999771118164,18.774999618530273,2162.0
2024-08-27 12:26:00+00:00,GWRS,12.654999732971191,12.654999732971191,12.654999732971191,12.654999732971191,12.654999732971191,407.0
2024-08-27 12:26:00+00:00,MSEX,62.189998626708984,62.189998626708984,62.189998626708984,62.099998474121094,62.099998474121094,493.0
2024-08-27 12:26:00+00:00,NFE,12.984999656677246,12.984999656677246,13.0,12.984999656677246,13.0,5315.0
2024-08-27 12:26:00+00:00,OTTR,87.36499786376953,87.36499786376953,87.52999877929688,87.36499786376953,87.52999877929688,967.0
2024-08-27 12:26:00+00:00,XEL,60.65999984741211,60.65999984741211,60.66999816894531,60.65999984741211,60.66999816894531,1462.0
2024-08-27 12:27:00+00:00,AEP,98.23999786376953,98.23999786376953,98.23999786376953,98.19999694824219,98.23419952392578,9712.0
2024-08-27 12:27:00+00:00,CDZI,3.369999885559082,3.369999885559082,3.369999885559082,3.369999885559082,3.369999885559082,0.0
2024-08-27 12:27:00+00:00,CEG,196.02000427246094,196.02000427246094,196.02000427246094,195.9499969482422,195.9499969482422,347.0
2024-08-27 12:27:00+00:00,EXC,37.67499923706055,37.67499923706055,37.689998626708984,37.67499923706055,37.689998626708984,3423.0
2024-08-27 12:27:00+00:00,FLNC,18.75,18.75,18.75,18.739999771118164,18.739999771118164,2364.0
2024-08-27 12:27:00+00:00,LNT,57.61000061035156,57.61000061035156,57.61000061035156,57.61000061035156,57.61000061035156,1441.0
2024-08-27 12:27:00+00:00,MNTK,4.599999904632568,4.599999904632568,4.599999904632568,4.599999904632568,4.599999904632568,586.0
2024-08-27 12:27:00+00:00,NFE,12.984999656677246,12.984999656677246,12.989999771118164,12.984999656677246,12.989999771118164,3517.0
2024-08-27 12:27:00+00:00,RNW,5.664999961853027,5.664999961853027,5.670000076293945,5.664999961853027,5.670000076293945,834.0
2024-08-27 12:27:00+00:00,XEL,60.63999938964844,60.63999938964844,60.6599006652832,60.63999938964844,60.650001525878906,1963.0
2024-08-27 12:28:00+00:00,AEP,98.23999786376953,98.23999786376953,98.23999786376953,98.2300033569336,98.23999786376953,2126.0
2024-08-27 12:28:00+00:00,AY,22.25,22.25,22.25,22.25,22.25,504.0
2024-08-27 12:28:00+00:00,CEG,196.02000427246094,196.02000427246094,196.05999755859375,196.02000427246094,196.02000427246094,1218.0
2024-08-27 12:28:00+00:00,EXC,37.67499923706055,37.67499923706055,37.68000030517578,37.67499923706055,37.67499923706055,2630.0
2024-08-27 12:28:00+00:00,FLNC,18.799299240112305,18.799299240112305,18.799299240112305,18.760000228881836,18.760000228881836,2213.0
2024-08-27 12:28:00+00:00,MSEX,62.439998626708984,62.439998626708984,62.439998626708984,62.189998626708984,62.189998626708984,1321.0
2024-08-27 12:28:00+00:00,NFE,12.984999656677246,12.984999656677246,12.989800453186035,12.979999542236328,12.984999656677246,2744.0
2024-08-27 12:28:00+00:00,XEL,60.63999938964844,60.63999938964844,60.64500045776367,60.63999938964844,60.63999938964844,1583.0
2024-08-27 12:28:00+00:00,YORW,38.41999816894531,38.41999816894531,38.41999816894531,38.41999816894531,38.41999816894531,366.0
2024-08-27 12:29:00+00:00,AEP,98.2300033569336,98.2300033569336,98.2300033569336,98.2300033569336,98.2300033569336,1298.0
2024-08-27 12:29:00+00:00,AY,22.2549991607666,22.2549991607666,22.2549991607666,22.25,22.25,886.0
2024-08-27 12:29:00+00:00,CDZI,3.3399999141693115,3.3399999141693115,3.359999895095825,3.3399999141693115,3.359999895095825,2138.0
2024-08-27 12:29:00+00:00,CEG,196.0850067138672,196.0850067138672,196.13999938964844,196.02000427246094,196.1300048828125,1789.0
2024-08-27 12:29:00+00:00,EXC,37.67499923706055,37.67499923706055,37.67499923706055,37.66999816894531,37.66999816894531,2913.0
2024-08-27 12:29:00+00:00,FLNC,18.80500030517578,18.80500030517578,18.809999465942383,18.78569984436035,18.799999237060547,1898.0
2024-08-27 12:29:00+00:00,MGEE,86.41999816894531,86.41999816894531,86.41999816894531,86.41999816894531,86.41999816894531,1036.0
2024-08-27 12:29:00+00:00,NFE,12.984600067138672,12.984600067138672,12.984999656677246,12.979999542236328,12.98270034790039,7499.0
2024-08-27 12:29:00+00:00,XEL,60.650001525878906,60.650001525878906,60.650001525878906,60.630001068115234,60.630001068115234,5775.0
2024-08-27 12:30:00+00:00,AEP,98.23999786376953,98.23999786376953,98.23999786376953,98.22000122070312,98.22000122070312,2220.0
2024-08-27 12:30:00+00:00,CEG,195.94000244140625,195.94000244140625,196.0850067138672,195.94000244140625,196.0850067138672,1179.0
2024-08-27 12:30:00+00:00,EXC,37.66999816894531,37.66999816894531,37.66999816894531,37.66999816894531,37.66999816894531,3299.0
2024-08-27 12:30:00+00:00,FLNC,18.799999237060547,18.799999237060547,18.815000534057617,18.799999237060547,18.815000534057617,1496.0
2024-08-27 12:30:00+00:00,LNT,57.599998474121094,57.599998474121094,57.599998474121094,57.599998474121094,57.599998474121094,726.0
2024-08-27 12:30:00+00:00,NFE,12.985199928283691,12.985199928283691,12.985199928283691,12.984999656677246,12.984999656677246,1026.0
2024-08-27 12:30:00+00:00,OTTR,87.2249984741211,87.2249984741211,87.2249984741211,87.2249984741211,87.2249984741211,877.0
2024-08-27 12:31:00+00:00,AEP,98.2300033569336,98.2300033569336,98.2300033569336,98.20999908447266,98.2300033569336,2491.0
2024-08-27 12:31:00+00:00,AY,22.2549991607666,22.2549991607666,22.2549991607666,22.25,22.25,567.0
2024-08-27 12:31:00+00:00,CEG,195.86500549316406,195.86500549316406,195.94000244140625,195.80999755859375,195.94000244140625,2041.0
2024-08-27 12:31:00+00:00,CWCO,27.3799991607666,27.3799991607666,27.3799991607666,27.3799991607666,27.3799991607666,200.0
2024-08-27 12:31:00+00:00,EXC,37.67499923706055,37.67499923706055,37.68000030517578,37.67499923706055,37.67499923706055,1820.0
2024-08-27 12:31:00+00:00,FLNC,18.780000686645508,18.780000686645508,18.790000915527344,18.780000686645508,18.790000915527344,1754.0
2024-08-27 12:31:00+00:00,LNT,57.59000015258789,57.59000015258789,57.59000015258789,57.59000015258789,57.59000015258789,798.0
2024-08-27 12:31:00+00:00,MNTK,4.599999904632568,4.599999904632568,4.599999904632568,4.599999904632568,4.599999904632568,222.0
2024-08-27 12:31:00+00:00,NFE,12.989999771118164,12.989999771118164,12.994999885559082,12.989999771118164,12.989999771118164,5001.0
2024-08-27 12:31:00+00:00,RNW,5.664999961853027,5.664999961853027,5.664999961853027,5.664999961853027,5.664999961853027,1130.0
2024-08-27 12:31:00+00:00,XEL,60.68000030517578,60.68000030517578,60.68000030517578,60.654998779296875,60.654998779296875,6388.0
2024-08-27 12:32:00+00:00,AEP,98.24500274658203,98.24500274658203,98.24500274658203,98.24500274658203,98.24500274658203,1137.0
2024-08-27 12:32:00+00:00,AY,22.25,22.25,22.25,22.25,22.25,516.0
2024-08-27 12:32:00+00:00,CEG,196.11000061035156,196.11000061035156,196.11000061035156,196.00999450683594,196.00999450683594,1203.0
2024-08-27 12:32:00+00:00,EXC,37.685001373291016,37.685001373291016,37.689998626708984,37.68000030517578,37.689998626708984,2456.0
2024-08-27 12:32:00+00:00,FLNC,18.826000213623047,18.826000213623047,18.826000213623047,18.809999465942383,18.809999465942383,829.0
2024-08-27 12:32:00+00:00,LNT,57.61000061035156,57.61000061035156,57.619998931884766,57.60499954223633,57.61000061035156,1608.0
2024-08-27 12:32:00+00:00,NFE,12.984999656677246,12.984999656677246,12.989999771118164,12.984999656677246,12.984999656677246,5169.0
2024-08-27 12:32:00+00:00,OTTR,87.33999633789062,87.33999633789062,87.33999633789062,87.33999633789062,87.33999633789062,484.0
2024-08-27 12:32:00+00:00,XEL,60.687801361083984,60.687801361083984,60.70000076293945,60.687801361083984,60.70000076293945,1585.0
2024-08-27 12:32:00+00:00,YORW,38.35380172729492,38.35380172729492,38.35380172729492,38.35380172729492,38.35380172729492,949.0
2024-08-27 12:33:00+00:00,AEP,98.2300033569336,98.2300033569336,98.25,98.2300033569336,98.24500274658203,1625.0
2024-08-27 12:33:00+00:00,CDZI,3.3350000381469727,3.3350000381469727,3.3350000381469727,3.3350000381469727,3.3350000381469727,377.0
2024-08-27 12:33:00+00:00,CEG,196.11000061035156,196.11000061035156,196.11000061035156,196.11000061035156,196.11000061035156,1316.0
2024-08-27 12:33:00+00:00,CWCO,27.440000534057617,27.440000534057617,27.469999313354492,27.440000534057617,27.469999313354492,353.0
2024-08-27 12:33:00+00:00,EXC,37.67499923706055,37.67499923706055,37.685001373291016,37.67499923706055,37.685001373291016,1765.0
2024-08-27 12:33:00+00:00,FLNC,18.829999923706055,18.829999923706055,18.829999923706055,18.829999923706055,18.829999923706055,940.0
2024-08-27 12:33:00+00:00,LNT,57.61000061035156,57.61000061035156,57.61000061035156,57.61000061035156,57.61000061035156,968.0
2024-08-27 12:33:00+00:00,MNTK,4.599999904632568,4.599999904632568,4.599999904632568,4.599999904632568,4.599999904632568,152.0
2024-08-27 12:33:00+00:00,NFE,12.989999771118164,12.989999771118164,12.989999771118164,12.989999771118164,12.989999771118164,1737.0
2024-08-27 12:33:00+00:00,OPAL,3.5899999141693115,3.5899999141693115,3.5899999141693115,3.5899999141693115,3.5899999141693115,472.0
2024-08-27 12:33:00+00:00,OTTR,87.36000061035156,87.36000061035156,87.36000061035156,87.3499984741211,87.3499984741211,995.0
2024-08-27 12:33:00+00:00,RNW,5.664999961853027,5.664999961853027,5.664999961853027,5.659999847412109,5.659999847412109,994.0
2024-08-27 12:33:00+00:00,XEL,60.689998626708984,60.689998626708984,60.689998626708984,60.689998626708984,60.689998626708984,957.0
2024-08-27 12:34:00+00:00,AEP,98.26000213623047,98.26000213623047,98.26000213623047,98.22000122070312,98.2300033569336,6067.0
2024-08-27 12:34:00+00:00,AY,22.2549991607666,22.2549991607666,22.2549991607666,22.2549991607666,22.2549991607666,650.0
2024-08-27 12:34:00+00:00,CEG,196.02999877929688,196.02999877929688,196.02999877929688,196.02999877929688,196.02999877929688,280.0
2024-08-27 12:34:00+00:00,EXC,37.685001373291016,37.685001373291016,37.685001373291016,37.67499923706055,37.67499923706055,1298.0
2024-08-27 12:34:00+00:00,FLNC,18.81999969482422,18.81999969482422,18.825000762939453,18.809999465942383,18.825000762939453,1225.0
2024-08-27 12:34:00+00:00,LNT,57.619998931884766,57.619998931884766,57.619998931884766,57.619998931884766,57.619998931884766,337.0
2024-08-27 12:34:00+00:00,NFE,12.989999771118164,12.989999771118164,12.989999771118164,12.984999656677246,12.984999656677246,6976.0
2024-08-27 12:34:00+00:00,NWE,53.560001373291016,53.560001373291016,53.560001373291016,53.560001373291016,53.560001373291016,873.0
2024-08-27 12:34:00+00:00,XEL,60.70000076293945,60.70000076293945,60.70000076293945,60.70000076293945,60.70000076293945,539.0
2024-08-27 12:35:00+00:00,AEP,98.26000213623047,98.26000213623047,98.26000213623047,98.26000213623047,98.26000213623047,2222.0
2024-08-27 12:35:00+00:00,AY,22.2549991607666,22.2549991607666,22.2549991607666,22.2549991607666,22.2549991607666,443.0
2024-08-27 12:35:00+00:00,CEG,196.18499755859375,196.18499755859375,196.27000427246094,196.18499755859375,196.27000427246094,1015.0
2024-08-27 12:35:00+00:00,EXC,37.685001373291016,37.685001373291016,37.685001373291016,37.68470001220703,37.68470001220703,1034.0
2024-08-27 12:35:00+00:00,FLNC,18.799999237060547,18.799999237060547,18.799999237060547,18.799999237060547,18.799999237060547,1192.0
2024-08-27 12:35:00+00:00,LNT,57.619998931884766,57.619998931884766,57.619998931884766,57.619998931884766,57.619998931884766,1062.0
2024-08-27 12:35:00+00:00,MNTK,4.590000152587891,4.590000152587891,4.590000152587891,4.590000152587891,4.590000152587891,605.0
2024-08-27 12:35:00+00:00,MSEX,62.41999816894531,62.41999816894531,62.41999816894531,62.41999816894531,62.41999816894531,544.0
2024-08-27 12:35:00+00:00,NFE,12.960000038146973,12.960000038146973,13.0,12.960000038146973,13.0,6792.0
2024-08-27 12:36:00+00:00,AEP,98.27999877929688,98.27999877929688,98.30999755859375,98.2699966430664,98.29000091552734,5480.0
2024-08-27 12:36:00+00:00,CEG,196.33999633789062,196.33999633789062,196.33999633789062,196.19000244140625,196.30999755859375,756.0
2024-08-27 12:36:00+00:00,EXC,37.67499923706055,37.67499923706055,37.685001373291016,37.67499923706055,37.685001373291016,1383.0
2024-08-27 12:36:00+00:00,FLNC,18.799999237060547,18.799999237060547,18.799999237060547,18.790000915527344,18.790000915527344,1297.0
2024-08-27 12:36:00+00:00,LNT,57.619998931884766,57.619998931884766,57.619998931884766,57.619998931884766,57.619998931884766,218.0
2024-08-27 12:36:00+00:00,NFE,12.960000038146973,12.960000038146973,12.960000038146973,12.960000038146973,12.960000038146973,760.0
2024-08-27 12:36:00+00:00,OTTR,87.22000122070312,87.22000122070312,87.33999633789062,87.01000213623047,87.33999633789062,3840.0
2024-08-27 12:36:00+00:00,VIASP,21.431499481201172,21.431499481201172,21.431499481201172,21.431499481201172,21.431499481201172,496.0
2024-08-27 12:36:00+00:00,XEL,60.70000076293945,60.70000076293945,60.70000076293945,60.70000076293945,60.70000076293945,594.0
2024-08-27 12:37:00+00:00,AEP,98.2699966430664,98.2699966430664,98.2699966430664,98.2699966430664,98.2699966430664,1228.0
2024-08-27 12:37:00+00:00,AY,22.25,22.25,22.25,22.25,22.25,504.0
2024-08-27 12:37:00+00:00,CEG,196.18499755859375,196.18499755859375,196.18499755859375,196.18499755859375,196.18499755859375,217.0
2024-08-27 12:37:00+00:00,EXC,37.67499923706055,37.67499923706055,37.67499923706055,37.67499923706055,37.67499923706055,1070.0
2024-08-27 12:37:00+00:00,FLNC,18.780000686645508,18.780000686645508,18.795000076293945,18.780000686645508,18.795000076293945,1118.0
2024-08-27 12:37:00+00:00,LNT,57.630001068115234,57.630001068115234,57.630001068115234,57.630001068115234,57.630001068115234,1573.0
2024-08-27 12:37:00+00:00,NFE,12.949999809265137,12.949999809265137,12.949999809265137,12.949999809265137,12.949999809265137,3791.0
2024-08-27 12:37:00+00:00,NWE,53.54999923706055,53.54999923706055,53.54999923706055,53.540000915527344,53.540000915527344,681.0
2024-08-27 12:37:00+00:00,XEL,60.69499969482422,60.69499969482422,60.69499969482422,60.69499969482422,60.69499969482422,749.0
2024-08-27 12:38:00+00:00,AEP,98.26000213623047,98.26000213623047,98.2699966430664,98.26000213623047,98.2699966430664,1437.0
2024-08-27 12:38:00+00:00,AY,22.25,22.25,22.260000228881836,22.25,22.2549991607666,1550.0
2024-08-27 12:38:00+00:00,CDZI,3.3299999237060547,3.3299999237060547,3.3299999237060547,3.3299999237060547,3.3299999237060547,206.0
2024-08-27 12:38:00+00:00,CEG,196.17999267578125,196.17999267578125,196.17999267578125,196.17999267578125,196.17999267578125,596.0
2024-08-27 12:38:00+00:00,CWCO,27.434999465942383,27.434999465942383,27.434999465942383,27.434999465942383,27.434999465942383,538.0
2024-08-27 12:38:00+00:00,EXC,37.66999816894531,37.66999816894531,37.66999816894531,37.66999816894531,37.66999816894531,662.0
2024-08-27 12:38:00+00:00,FLNC,18.795000076293945,18.795000076293945,18.799999237060547,18.795000076293945,18.799999237060547,1320.0
2024-08-27 12:38:00+00:00,NFE,12.970000267028809,12.970000267028809,12.970000267028809,12.930000305175781,12.930000305175781,10918.0
2024-08-27 12:38:00+00:00,NWE,53.54999923706055,53.54999923706055,53.54999923706055,53.54999923706055,53.54999923706055,417.0
2024-08-27 12:38:00+00:00,XEL,60.689998626708984,60.689998626708984,60.689998626708984,60.689998626708984,60.689998626708984,326.0
2024-08-27 12:39:00+00:00,AEP,98.26000213623047,98.26000213623047,98.2699966430664,98.26000213623047,98.2699966430664,2587.0
2024-08-27 12:39:00+00:00,AY,22.2549991607666,22.2549991607666,22.2549991607666,22.2549991607666,22.2549991607666,354.0
2024-08-27 12:39:00+00:00,CEG,196.27000427246094,196.27000427246094,196.27000427246094,196.27000427246094,196.27000427246094,322.0
2024-08-27 12:39:00+00:00,EXC,37.665000915527344,37.665000915527344,37.665000915527344,37.66379928588867,37.66379928588867,1674.0
2024-08-27 12:39:00+00:00,FLNC,18.790000915527344,18.790000915527344,18.790000915527344,18.790000915527344,18.790000915527344,503.0
2024-08-27 12:39:00+00:00,NFE,12.960000038146973,12.960000038146973,12.972000122070312,12.960000038146973,12.972000122070312,4864.0
2024-08-27 12:40:00+00:00,AEP,98.23999786376953,98.23999786376953,98.2699966430664,98.23999786376953,98.2699966430664,5183.0
2024-08-27 12:40:00+00:00,AY,22.2549991607666,22.2549991607666,22.2549991607666,22.25,22.2549991607666,1716.0
2024-08-27 12:40:00+00:00,CEG,196.1699981689453,196.1699981689453,196.1699981689453,196.11959838867188,196.11959838867188,649.0
2024-08-27 12:40:00+00:00,EXC,37.662601470947266,37.662601470947266,37.662601470947266,37.662601470947266,37.662601470947266,521.0
2024-08-27 12:40:00+00:00,FLNC,18.790000915527344,18.790000915527344,18.790000915527344,18.790000915527344,18.790000915527344,275.0
2024-08-27 12:40:00+00:00,LNT,57.619998931884766,57.619998931884766,57.619998931884766,57.619998931884766,57.619998931884766,680.0
2024-08-27 12:40:00+00:00,NFE,12.960000038146973,12.960000038146973,12.96500015258789,12.960000038146973,12.96500015258789,2390.0
2024-08-27 12:40:00+00:00,NWE,53.58000183105469,53.58000183105469,53.58000183105469,53.58000183105469,53.58000183105469,2954.0
2024-08-27 12:40:00+00:00,OTTR,87.37999725341797,87.37999725341797,87.37999725341797,87.37999725341797,87.37999725341797,192.0
2024-08-27 12:40:00+00:00,XEL,60.66999816894531,60.66999816894531,60.69499969482422,60.66999816894531,60.69499969482422,2922.0
2024-08-27 12:41:00+00:00,AEP,98.27999877929688,98.27999877929688,98.27999877929688,98.26000213623047,98.26000213623047,3607.0
2024-08-27 12:41:00+00:00,CEG,195.94000244140625,195.94000244140625,196.02000427246094,195.94000244140625,196.02000427246094,1938.0
2024-08-27 12:41:00+00:00,EXC,37.65999984741211,37.65999984741211,37.665000915527344,37.654998779296875,37.665000915527344,3136.0
2024-08-27 12:41:00+00:00,FLNC,18.75,18.75,18.790000915527344,18.75,18.790000915527344,3274.0
2024-08-27 12:41:00+00:00,LNT,57.625,57.625,57.625,57.619998931884766,57.619998931884766,353.0
2024-08-27 12:41:00+00:00,NFE,12.960000038146973,12.960000038146973,12.960000038146973,12.960000038146973,12.960000038146973,105.0
2024-08-27 12:41:00+00:00,OTTR,87.52999877929688,87.52999877929688,87.52999877929688,87.47000122070312,87.47000122070312,994.0
2024-08-27 12:41:00+00:00,RNW,5.659999847412109,5.659999847412109,5.659999847412109,5.659999847412109,5.659999847412109,1165.0
2024-08-27 12:41:00+00:00,XEL,60.68000030517578,60.68000030517578,60.68000030517578,60.68000030517578,60.68000030517578,1554.0
2024-08-27 12:42:00+00:00,AEP,98.30000305175781,98.30000305175781,98.33000183105469,98.2699966430664,98.33000183105469,8505.0
2024-08-27 12:42:00+00:00,CEG,195.92999267578125,195.92999267578125,195.92999267578125,195.72000122070312,195.92999267578125,2315.0
2024-08-27 12:42:00+00:00,EXC,37.66999816894531,37.66999816894531,37.66999816894531,37.65999984741211,37.665000915527344,8546.0
2024-08-27 12:42:00+00:00,FLNC,18.7549991607666,18.7549991607666,18.760000228881836,18.729999542236328,18.729999542236328,3591.0
2024-08-27 12:42:00+00:00,LNT,57.6150016784668,57.6150016784668,57.619998931884766,57.6150016784668,57.619998931884766,1644.0
2024-08-27 12:42:00+00:00,MNTK,4.590000152587891,4.590000152587891,4.590000152587891,4.579999923706055,4.579999923706055,375.0
2024-08-27 12:42:00+00:00,MSEX,62.22999954223633,62.22999954223633,62.22999954223633,62.22999954223633,62.22999954223633,552.0
2024-08-27 12:42:00+00:00,NFE,12.930000305175781,12.930000305175781,12.949999809265137,12.930000305175781,12.949999809265137,7961.0
2024-08-27 12:42:00+00:00,OTTR,87.62000274658203,87.62000274658203,87.62000274658203,87.62000274658203,87.62000274658203,390.0
2024-08-27 12:43:00+00:00,AEP,98.32499694824219,98.32499694824219,98.33000183105469,98.29000091552734,98.29000091552734,17850.0
2024-08-27 12:43:00+00:00,AY,22.25,22.25,22.2549991607666,22.25,22.2549991607666,702.0
2024-08-27 12:43:00+00:00,CEG,195.98500061035156,195.98500061035156,195.98500061035156,195.98500061035156,195.98500061035156,370.0
2024-08-27 12:43:00+00:00,FLNC,18.7549991607666,18.7549991607666,18.7549991607666,18.7549991607666,18.7549991607666,1009.0
2024-08-27 12:43:00+00:00,MNTK,4.579999923706055,4.579999923706055,4.579999923706055,4.579999923706055,4.579999923706055,155.0
2024-08-27 12:43:00+00:00,MSEX,62.310001373291016,62.310001373291016,62.310001373291016,62.220001220703125,62.220001220703125,728.0
2024-08-27 12:43:00+00:00,NFE,12.930000305175781,12.930000305175781,12.930000305175781,12.930000305175781,12.930000305175781,1565.0
2024-08-27 12:43:00+00:00,RNW,5.659999847412109,5.659999847412109,5.659999847412109,5.659999847412109,5.659999847412109,4083.0
2024-08-27 12:44:00+00:00,CEG,195.9199981689453,195.9199981689453,195.92999267578125,195.9199981689453,195.92999267578125,1048.0
2024-08-27 12:44:00+00:00,LNT,57.619998931884766,57.619998931884766,57.619998931884766,57.619998931884766,57.619998931884766,371.0
2024-08-27 12:44:00+00:00,MSEX,62.310001373291016,62.310001373291016,62.310001373291016,62.310001373291016,62.310001373291016,704.0
2024-08-27 12:44:00+00:00,NFE,12.9399995803833,12.9399995803833,12.9399995803833,12.930000305175781,12.930000305175781,1849.0
2024-08-27 12:44:00+00:00,RNW,5.65500020980835,5.65500020980835,5.65500020980835,5.65500020980835,5.65500020980835,5017.0
2024-08-27 12:45:00+00:00,AEP,98.33999633789062,98.33999633789062,98.33999633789062,98.33999633789062,98.33999633789062,4679.0
2024-08-27 12:45:00+00:00,CEG,195.85000610351562,195.85000610351562,195.85000610351562,195.85000610351562,195.85000610351562,1196.0
2024-08-27 12:45:00+00:00,CWCO,27.459999084472656,27.459999084472656,27.459999084472656,27.459999084472656,27.459999084472656,840.0
2024-08-27 12:45:00+00:00,FLNC,18.760000228881836,18.760000228881836,18.760000228881836,18.760000228881836,18.760000228881836,956.0
2024-08-27 12:45:00+00:00,LNT,57.61600112915039,57.61600112915039,57.61600112915039,57.61600112915039,57.61600112915039,1031.0
2024-08-27 12:45:00+00:00,NFE,12.949999809265137,12.949999809265137,12.949999809265137,12.949999809265137,12.949999809265137,4121.0
2024-08-27 12:45:00+00:00,OPAL,3.5899999141693115,3.5899999141693115,3.5899999141693115,3.5899999141693115,3.5899999141693115,870.0
2024-08-27 12:45:00+00:00,XEL,60.689998626708984,60.689998626708984,60.689998626708984,60.689998626708984,60.689998626708984,5455.0
2024-08-27 12:46:00+00:00,AEP,98.30999755859375,98.30999755859375,98.3499984741211,98.30999755859375,98.3499984741211,2200.0
2024-08-27 12:46:00+00:00,AY,22.250099182128906,22.250099182128906,22.2549991607666,22.250099182128906,22.2549991607666,1146.0
2024-08-27 12:46:00+00:00,CEG,195.85000610351562,195.85000610351562,195.98500061035156,195.85000610351562,195.98500061035156,1229.0
2024-08-27 12:46:00+00:00,EXC,37.665000915527344,37.665000915527344,37.6697998046875,37.665000915527344,37.6697998046875,4771.0
2024-08-27 12:46:00+00:00,FLNC,18.739999771118164,18.739999771118164,18.770000457763672,18.739999771118164,18.760000228881836,5648.0
2024-08-27 12:46:00+00:00,MNTK,4.590000152587891,4.590000152587891,4.590000152587891,4.590000152587891,4.590000152587891,130.0
2024-08-27 12:46:00+00:00,NFE,12.949999809265137,12.949999809265137,12.949999809265137,12.949999809265137,12.949999809265137,1317.0
2024-08-27 12:46:00+00:00,XEL,60.68000030517578,60.68000030517578,60.689998626708984,60.68000030517578,60.689998626708984,1642.0
2024-08-27 12:47:00+00:00,AEP,98.25499725341797,98.25499725341797,98.27999877929688,98.25,98.27999877929688,6711.0
2024-08-27 12:47:00+00:00,CDZI,3.3299999237060547,3.3299999237060547,3.3299999237060547,3.3299999237060547,3.3299999237060547,3686.0
2024-08-27 12:47:00+00:00,CEG,195.97999572753906,195.97999572753906,195.97999572753906,195.97999572753906,195.97999572753906,673.0
2024-08-27 12:47:00+00:00,CWCO,27.469999313354492,27.469999313354492,27.559999465942383,27.469999313354492,27.559999465942383,282.0
2024-08-27 12:47:00+00:00,EXC,37.65999984741211,37.65999984741211,37.65999984741211,37.654998779296875,37.65999984741211,2454.0
2024-08-27 12:47:00+00:00,FLNC,18.780000686645508,18.780000686645508,18.780000686645508,18.753400802612305,18.753400802612305,3801.0
2024-08-27 12:47:00+00:00,LNT,57.599998474121094,57.599998474121094,57.599998474121094,57.599998474121094,57.599998474121094,343.0
2024-08-27 12:47:00+00:00,NFE,12.960000038146973,12.960000038146973,12.960000038146973,12.949999809265137,12.949999809265137,3682.0
2024-08-27 12:47:00+00:00,RNW,5.65500020980835,5.65500020980835,5.65500020980835,5.65500020980835,5.65500020980835,358.0
2024-08-27 12:47:00+00:00,XEL,60.63999938964844,60.63999938964844,60.66999816894531,60.619998931884766,60.66999816894531,6807.0
2024-08-27 12:48:00+00:00,ARTNA,35.525001525878906,35.525001525878906,35.525001525878906,35.525001525878906,35.525001525878906,591.0
2024-08-27 12:48:00+00:00,AY,22.2549991607666,22.2549991607666,22.2549991607666,22.25,22.25,923.0
2024-08-27 12:48:00+00:00,EXC,37.65999984741211,37.65999984741211,37.65999984741211,37.654998779296875,37.654998779296875,2438.0
2024-08-27 12:48:00+00:00,LNT,57.599998474121094,57.599998474121094,57.6150016784668,57.599998474121094,57.61000061035156,852.0
2024-08-27 12:48:00+00:00,NFE,12.970000267028809,12.970000267028809,12.970000267028809,12.949999809265137,12.970000267028809,6897.0
2024-08-27 12:48:00+00:00,OTTR,87.58999633789062,87.58999633789062,87.58999633789062,87.58999633789062,87.58999633789062,102.0
2024-08-27 12:48:00+00:00,RNW,5.65500020980835,5.65500020980835,5.65500020980835,5.65500020980835,5.65500020980835,1030.0
2024-08-27 12:48:00+00:00,XEL,60.64500045776367,60.64500045776367,60.650001525878906,60.61000061035156,60.650001525878906,4300.0
2024-08-27 12:49:00+00:00,AEP,98.30000305175781,98.30000305175781,98.33000183105469,98.30000305175781,98.31999969482422,4419.0
2024-08-27 12:49:00+00:00,AY,22.25,22.25,22.25,22.25,22.25,239.0
2024-08-27 12:49:00+00:00,CEG,195.75999450683594,195.75999450683594,195.75999450683594,195.75999450683594,195.75999450683594,388.0
2024-08-27 12:49:00+00:00,CWCO,27.479999542236328,27.479999542236328,27.575000762939453,27.47010040283203,27.47010040283203,964.0
2024-08-27 12:49:00+00:00,EXC,37.665000915527344,37.665000915527344,37.665000915527344,37.665000915527344,37.665000915527344,2881.0
2024-08-27 12:49:00+00:00,FLNC,18.809999465942383,18.809999465942383,18.809999465942383,18.799999237060547,18.799999237060547,1430.0
2024-08-27 12:49:00+00:00,LNT,57.630001068115234,57.630001068115234,57.630001068115234,57.619998931884766,57.619998931884766,978.0
2024-08-27 12:49:00+00:00,MGEE,86.29000091552734,86.29000091552734,86.29000091552734,86.29000091552734,86.29000091552734,262.0
2024-08-27 12:49:00+00:00,NFE,12.96500015258789,12.96500015258789,12.970000267028809,12.960000038146973,12.970000267028809,2820.0
2024-08-27 12:49:00+00:00,OTTR,87.75,87.75,87.75,87.73999786376953,87.73999786376953,1315.0
2024-08-27 12:49:00+00:00,XEL,60.65999984741211,60.65999984741211,60.689998626708984,60.619998931884766,60.66999816894531,7656.0
2024-08-27 12:50:00+00:00,AEP,98.30999755859375,98.30999755859375,98.30999755859375,98.2750015258789,98.2750015258789,1801.0
2024-08-27 12:50:00+00:00,AY,22.25,22.25,22.25,22.25,22.25,370.0
2024-08-27 12:50:00+00:00,CEG,196.1649932861328,196.1649932861328,196.1649932861328,195.8699951171875,195.88999938964844,4621.0
2024-08-27 12:50:00+00:00,CWCO,27.53499984741211,27.53499984741211,27.53499984741211,27.53499984741211,27.53499984741211,1518.0
2024-08-27 12:50:00+00:00,EXC,37.67499923706055,37.67499923706055,37.68000030517578,37.665000915527344,37.66999816894531,3633.0
2024-08-27 12:50:00+00:00,LNT,57.630001068115234,57.630001068115234,57.630001068115234,57.61000061035156,57.619998931884766,2374.0
2024-08-27 12:50:00+00:00,MGEE,86.12000274658203,86.12000274658203,86.30000305175781,86.12000274658203,86.30000305175781,866.0
2024-08-27 12:50:00+00:00,MNTK,4.599999904632568,4.599999904632568,4.599999904632568,4.590000152587891,4.590000152587891,1957.0
2024-08-27 12:50:00+00:00,NFE,12.970000267028809,12.970000267028809,12.9798002243042,12.96500015258789,12.96500015258789,3933.0
2024-08-27 12:50:00+00:00,XEL,60.650001525878906,60.650001525878906,60.68000030517578,60.619998931884766,60.68000030517578,5226.0
2024-08-27 12:51:00+00:00,AEP,98.31999969482422,98.31999969482422,98.31999969482422,98.30010223388672,98.30010223388672,3085.0
2024-08-27 12:51:00+00:00,AY,22.2549991607666,22.2549991607666,22.2549991607666,22.25,22.25,934.0
2024-08-27 12:51:00+00:00,CEG,196.3000030517578,196.3000030517578,196.3000030517578,196.18499755859375,196.18499755859375,2662.0
2024-08-27 12:51:00+00:00,CWCO,27.600000381469727,27.600000381469727,27.600000381469727,27.539600372314453,27.539600372314453,1986.0
2024-08-27 12:51:00+00:00,EXC,37.68000030517578,37.68000030517578,37.68000030517578,37.68000030517578,37.68000030517578,981.0
2024-08-27 12:51:00+00:00,FLNC,18.809999465942383,18.809999465942383,18.81999969482422,18.799999237060547,18.81999969482422,1605.0
2024-08-27 12:51:00+00:00,NFE,12.970000267028809,12.970000267028809,12.979999542236328,12.970000267028809,12.970000267028809,5513.0
2024-08-27 12:51:00+00:00,XEL,60.63999938964844,60.63999938964844,60.65999984741211,60.61000061035156,60.65999984741211,8051.0
2024-08-27 12:52:00+00:00,AEP,98.29000091552734,98.29000091552734,98.31009674072266,98.29000091552734,98.31009674072266,853.0
2024-08-27 12:52:00+00:00,AY,22.25,22.25,22.25,22.25,22.25,387.0
2024-08-27 12:52:00+00:00,CWCO,27.550100326538086,27.550100326538086,27.579999923706055,27.489999771118164,27.579999923706055,3453.0
2024-08-27 12:52:00+00:00,EXC,37.68000030517578,37.68000030517578,37.68000030517578,37.68000030517578,37.68000030517578,3013.0
2024-08-27 12:52:00+00:00,FLNC,18.757999420166016,18.757999420166016,18.799999237060547,18.757999420166016,18.799999237060547,2493.0
2024-08-27 12:52:00+00:00,NFE,12.975000381469727,12.975000381469727,12.979999542236328,12.960000038146973,12.960000038146973,5019.0
2024-08-27 12:52:00+00:00,OPAL,3.5899999141693115,3.5899999141693115,3.5899999141693115,3.5899999141693115,3.5899999141693115,133.0
2024-08-27 12:52:00+00:00,XEL,60.61000061035156,60.61000061035156,60.630001068115234,60.599998474121094,60.630001068115234,5335.0
2024-08-27 12:53:00+00:00,AEP,98.30889892578125,98.30889892578125,98.30999755859375,98.27999877929688,98.29000091552734,1990.0
2024-08-27 12:53:00+00:00,AY,22.25,22.25,22.25,22.25,22.25,381.0
2024-08-27 12:53:00+00:00,CDZI,3.3299999237060547,3.3299999237060547,3.3299999237060547,3.3299999237060547,3.3299999237060547,100.0
2024-08-27 12:53:00+00:00,EXC,37.685001373291016,37.685001373291016,37.685001373291016,37.67499923706055,37.67499923706055,8961.0
2024-08-27 12:53:00+00:00,FLNC,18.739999771118164,18.739999771118164,18.739999771118164,18.739999771118164,18.739999771118164,517.0
2024-08-27 12:53:00+00:00,LNT,57.63999938964844,57.63999938964844,57.63999938964844,57.630001068115234,57.63999938964844,12380.0
2024-08-27 12:53:00+00:00,MSEX,62.29999923706055,62.29999923706055,62.29999923706055,62.29999923706055,62.29999923706055,423.0
2024-08-27 12:53:00+00:00,NFE,12.960000038146973,12.960000038146973,12.970000267028809,12.960000038146973,12.970000267028809,9265.0
2024-08-27 12:53:00+00:00,NWE,53.625,53.625,53.625,53.625,53.625,315.0
2024-08-27 12:53:00+00:00,XEL,60.609901428222656,60.609901428222656,60.609901428222656,60.58000183105469,60.599998474121094,3197.0
2024-08-27 12:54:00+00:00,AEP,98.30500030517578,98.30500030517578,98.30500030517578,98.30500030517578,98.30500030517578,456.0
2024-08-27 12:54:00+00:00,AY,22.25309944152832,22.25309944152832,22.2549991607666,22.25,22.2549991607666,1166.0
2024-08-27 12:54:00+00:00,CEG,196.3249969482422,196.3249969482422,196.3249969482422,196.3249969482422,196.3249969482422,1388.0
2024-08-27 12:54:00+00:00,CWCO,27.489999771118164,27.489999771118164,27.489999771118164,27.489999771118164,27.489999771118164,400.0
2024-08-27 12:54:00+00:00,EXC,37.685001373291016,37.685001373291016,37.689998626708984,37.685001373291016,37.689998626708984,3250.0
2024-08-27 12:54:00+00:00,LNT,57.63999938964844,57.63999938964844,57.63999938964844,57.630001068115234,57.630001068115234,866.0
2024-08-27 12:54:00+00:00,MSEX,62.310001373291016,62.310001373291016,62.310001373291016,62.310001373291016,62.310001373291016,110.0
2024-08-27 12:54:00+00:00,NFE,12.960000038146973,12.960000038146973,12.960000038146973,12.960000038146973,12.960000038146973,1855.0
2024-08-27 12:54:00+00:00,OTTR,87.72000122070312,87.72000122070312,87.72000122070312,87.72000122070312,87.72000122070312,466.0
2024-08-27 12:54:00+00:00,XEL,60.619998931884766,60.619998931884766,60.619998931884766,60.617801666259766,60.617801666259766,511.0
2024-08-27 12:55:00+00:00,AEP,98.33000183105469,98.33000183105469,98.33000183105469,98.31500244140625,98.31500244140625,2231.0
2024-08-27 12:55:00+00:00,AY,22.2549991607666,22.2549991607666,22.259899139404297,22.25,22.25,5602.0
2024-08-27 12:55:00+00:00,CEG,196.22250366210938,196.22250366210938,196.22999572753906,196.1300048828125,196.19000244140625,1950.0
2024-08-27 12:55:00+00:00,CWCO,27.440000534057617,27.440000534057617,27.469999313354492,27.440000534057617,27.469999313354492,593.0
2024-08-27 12:55:00+00:00,EXC,37.685001373291016,37.685001373291016,37.688899993896484,37.685001373291016,37.685001373291016,837.0
2024-08-27 12:55:00+00:00,FLNC,18.75,18.75,18.75,18.75,18.75,578.0
2024-08-27 12:55:00+00:00,MSEX,62.28499984741211,62.28499984741211,62.28499984741211,62.28499984741211,62.28499984741211,568.0
2024-08-27 12:55:00+00:00,NFE,12.949999809265137,12.949999809265137,12.960000038146973,12.949999809265137,12.960000038146973,4741.0
2024-08-27 12:55:00+00:00,XEL,60.65999984741211,60.65999984741211,60.65999984741211,60.630001068115234,60.630001068115234,1346.0
2024-08-27 12:56:00+00:00,AEP,98.31999969482422,98.31999969482422,98.32119750976562,98.31999969482422,98.32119750976562,2023.0
2024-08-27 12:56:00+00:00,AY,22.2549991607666,22.2549991607666,22.2549991607666,22.25,22.2549991607666,407.0
2024-08-27 12:56:00+00:00,CEG,196.21499633789062,196.21499633789062,196.21749877929688,196.21499633789062,196.21499633789062,1181.0
2024-08-27 12:56:00+00:00,CWCO,27.56999969482422,27.56999969482422,27.56999969482422,27.5,27.5,973.0
2024-08-27 12:56:00+00:00,EXC,37.685001373291016,37.685001373291016,37.6875,37.685001373291016,37.6875,1951.0
2024-08-27 12:56:00+00:00,FLNC,18.729999542236328,18.729999542236328,18.739999771118164,18.719999313354492,18.739999771118164,2150.0
2024-08-27 12:56:00+00:00,LNT,57.689998626708984,57.689998626708984,57.689998626708984,57.689998626708984,57.689998626708984,111.0
2024-08-27 12:56:00+00:00,NFE,12.949999809265137,12.949999809265137,12.949999809265137,12.949999809265137,12.949999809265137,989.0
2024-08-27 12:56:00+00:00,XEL,60.68000030517578,60.68000030517578,60.68000030517578,60.65999984741211,60.65999984741211,780.0
2024-08-27 12:57:00+00:00,AEP,98.31999969482422,98.31999969482422,98.31999969482422,98.31999969482422,98.31999969482422,1175.0
2024-08-27 12:57:00+00:00,AY,22.25,22.25,22.2549991607666,22.25,22.2549991607666,574.0
2024-08-27 12:57:00+00:00,CEG,196.22999572753906,196.22999572753906,196.23500061035156,196.22999572753906,196.22999572753906,1244.0
2024-08-27 12:57:00+00:00,CWCO,27.44860076904297,27.44860076904297,27.5,27.44860076904297,27.5,1042.0
2024-08-27 12:57:00+00:00,EXC,37.69499969482422,37.69499969482422,37.69499969482422,37.685001373291016,37.689998626708984,3264.0
2024-08-27 12:57:00+00:00,FLNC,18.700000762939453,18.700000762939453,18.729999542236328,18.700000762939453,18.729999542236328,1671.0
2024-08-27 12:57:00+00:00,LNT,57.6870002746582,57.6870002746582,57.689998626708984,57.6870002746582,57.6870002746582,830.0
2024-08-27 12:57:00+00:00,NFE,12.949999809265137,12.949999809265137,12.949999809265137,12.949999809265137,12.949999809265137,795.0
2024-08-27 12:57:00+00:00,OTTR,87.66010284423828,87.66010284423828,87.66010284423828,87.66010284423828,87.66010284423828,255.0
2024-08-27 12:57:00+00:00,XEL,60.689998626708984,60.689998626708984,60.689998626708984,60.689998626708984,60.689998626708984,824.0
2024-08-27 12:58:00+00:00,AY,22.2549991607666,22.2549991607666,22.2549991607666,22.25,22.25,431.0
2024-08-27 12:58:00+00:00,CDZI,3.3299999237060547,3.3299999237060547,3.3299999237060547,3.3299999237060547,3.3299999237060547,100.0
2024-08-27 12:58:00+00:00,CEG,196.25,196.25,196.25,196.25,196.25,756.0
2024-08-27 12:58:00+00:00,EXC,37.68159866333008,37.68159866333008,37.689998626708984,37.68000030517578,37.689998626708984,3725.0
2024-08-27 12:58:00+00:00,FLNC,18.719999313354492,18.719999313354492,18.719999313354492,18.700000762939453,18.719999313354492,1022.0
2024-08-27 12:58:00+00:00,LNT,57.68000030517578,57.68000030517578,57.68000030517578,57.68000030517578,57.68000030517578,830.0
2024-08-27 12:58:00+00:00,NFE,12.970000267028809,12.970000267028809,12.970000267028809,12.9399995803833,12.949999809265137,3713.0
2024-08-27 12:58:00+00:00,NWE,53.625999450683594,53.625999450683594,53.625999450683594,53.625999450683594,53.625999450683594,430.0
2024-08-27 12:58:00+00:00,OPAL,3.5899999141693115,3.5899999141693115,3.5899999141693115,3.5899999141693115,3.5899999141693115,865.0
2024-08-27 12:58:00+00:00,XEL,60.68000030517578,60.68000030517578,60.689998626708984,60.66999816894531,60.689998626708984,2834.0
2024-08-27 12:59:00+00:00,AEP,98.30750274658203,98.30750274658203,98.30999755859375,98.2750015258789,98.30000305175781,6689.0
2024-08-27 12:59:00+00:00,AY,22.25,22.25,22.2549991607666,22.25,22.25,703.0
2024-08-27 12:59:00+00:00,CEG,195.97999572753906,195.97999572753906,196.25,195.97000122070312,196.25,6233.0
2024-08-27 12:59:00+00:00,EXC,37.66999816894531,37.66999816894531,37.68000030517578,37.66999816894531,37.68000030517578,2706.0
2024-08-27 12:59:00+00:00,FLNC,18.68000030517578,18.68000030517578,18.709999084472656,18.68000030517578,18.709999084472656,2385.0
2024-08-27 12:59:00+00:00,LNT,57.65999984741211,57.65999984741211,57.65999984741211,57.65999984741211,57.65999984741211,720.0
2024-08-27 12:59:00+00:00,MGEE,86.33000183105469,86.33000183105469,86.33000183105469,86.29000091552734,86.29000091552734,1244.0
2024-08-27 12:59:00+00:00,NFE,12.930000305175781,12.930000305175781,12.960000038146973,12.930000305175781,12.960000038146973,5036.0
2024-08-27 12:59:00+00:00,OTTR,87.62439727783203,87.62439727783203,87.66000366210938,87.62439727783203,87.66000366210938,1243.0
2024-08-27 12:59:00+00:00,XEL,60.70000076293945,60.70000076293945,60.70000076293945,60.689998626708984,60.689998626708984,1729.0
2024-08-27 13:00:00+00:00,AEP,98.3499984741211,98.3499984741211,98.3499984741211,98.31999969482422,98.31999969482422,4316.0
2024-08-27 13:00:00+00:00,CEG,196.02999877929688,196.02999877929688,196.02999877929688,196.00999450683594,196.00999450683594,389.0
2024-08-27 13:00:00+00:00,EXC,37.67499923706055,37.67499923706055,37.67499923706055,37.67499923706055,37.67499923706055,648.0
2024-08-27 13:00:00+00:00,FLNC,18.700000762939453,18.700000762939453,18.700000762939453,18.68000030517578,18.68000030517578,1468.0
2024-08-27 13:00:00+00:00,LNT,57.65999984741211,57.65999984741211,57.65999984741211,57.65999984741211,57.65999984741211,270.0
2024-08-27 13:00:00+00:00,NFE,12.925000190734863,12.925000190734863,12.930000305175781,12.920000076293945,12.930000305175781,3744.0
2024-08-27 13:00:00+00:00,OTTR,87.79000091552734,87.79000091552734,87.79000091552734,87.77999877929688,87.77999877929688,1388.0
2024-08-27 13:00:00+00:00,RNW,5.659999847412109,5.659999847412109,5.659999847412109,5.65500020980835,5.65500020980835,1261.0
2024-08-27 13:01:00+00:00,AEP,98.37999725341797,98.37999725341797,98.38999938964844,98.37000274658203,98.37000274658203,3494.0
2024-08-27 13:01:00+00:00,CEG,195.92999267578125,195.92999267578125,195.9499969482422,195.92999267578125,195.9499969482422,1386.0
2024-08-27 13:01:00+00:00,EXC,37.685001373291016,37.685001373291016,37.685001373291016,37.67499923706055,37.67499923706055,4624.0
2024-08-27 13:01:00+00:00,FLNC,18.68000030517578,18.68000030517578,18.6830997467041,18.68000030517578,18.6830997467041,1374.0
2024-08-27 13:01:00+00:00,HTOO,0.6298999786376953,0.6298999786376953,0.6298999786376953,0.6298999786376953,0.6298999786376953,478.0
2024-08-27 13:01:00+00:00,LNT,57.66999816894531,57.66999816894531,57.66999816894531,57.66999816894531,57.66999816894531,1499.0
2024-08-27 13:01:00+00:00,NFE,12.90999984741211,12.90999984741211,12.90999984741211,12.90999984741211,12.90999984741211,1712.0
2024-08-27 13:01:00+00:00,NWE,53.650001525878906,53.650001525878906,53.650001525878906,53.650001525878906,53.650001525878906,916.0
2024-08-27 13:01:00+00:00,RNW,5.659999847412109,5.659999847412109,5.659999847412109,5.659900188446045,5.659999847412109,1147.0
2024-08-27 13:01:00+00:00,XEL,60.720001220703125,60.720001220703125,60.720001220703125,60.720001220703125,60.720001220703125,935.0
2024-08-27 13:02:00+00:00,AEP,98.39289855957031,98.39289855957031,98.39289855957031,98.37999725341797,98.37999725341797,790.0
2024-08-27 13:02:00+00:00,AY,22.2549991607666,22.2549991607666,22.2549991607666,22.2549991607666,22.2549991607666,744.0
2024-08-27 13:02:00+00:00,CDZI,3.325000047683716,3.325000047683716,3.325000047683716,3.325000047683716,3.325000047683716,100.0
2024-08-27 13:02:00+00:00,CWCO,27.514999389648438,27.514999389648438,27.514999389648438,27.459999084472656,27.479999542236328,1354.0
2024-08-27 13:02:00+00:00,EXC,37.67499923706055,37.67499923706055,37.689998626708984,37.67499923706055,37.685001373291016,2906.0
2024-08-27 13:02:00+00:00,FLNC,18.670000076293945,18.670000076293945,18.670000076293945,18.670000076293945,18.670000076293945,331.0
2024-08-27 13:02:00+00:00,MNTK,4.59499979019165,4.59499979019165,4.59499979019165,4.59499979019165,4.59499979019165,307.0
2024-08-27 13:02:00+00:00,NFE,12.899999618530273,12.899999618530273,12.904999732971191,12.895000457763672,12.904999732971191,4072.0
2024-08-27 13:02:00+00:00,RNW,5.664999961853027,5.664999961853027,5.664999961853027,5.664999961853027,5.664999961853027,442.0
2024-08-27 13:02:00+00:00,XEL,60.749000549316406,60.749000549316406,60.75,60.7400016784668,60.75,1263.0
2024-08-27 13:03:00+00:00,AEP,98.37010192871094,98.37010192871094,98.38999938964844,98.37000274658203,98.37000274658203,1387.0
2024-08-27 13:03:00+00:00,AY,22.2549991607666,22.2549991607666,22.2549991607666,22.25,22.25,469.0
2024-08-27 13:03:00+00:00,CEG,195.88999938964844,195.88999938964844,196.02000427246094,195.88999938964844,195.9199981689453,905.0
2024-08-27 13:03:00+00:00,EXC,37.67499923706055,37.67499923706055,37.67499923706055,37.67499923706055,37.67499923706055,1642.0
2024-08-27 13:03:00+00:00,FLNC,18.690000534057617,18.690000534057617,18.690000534057617,18.68000030517578,18.68000030517578,1368.0
2024-08-27 13:03:00+00:00,MSEX,62.36000061035156,62.36000061035156,62.36000061035156,62.36000061035156,62.36000061035156,348.0
2024-08-27 13:03:00+00:00,NFE,12.920000076293945,12.920000076293945,12.920000076293945,12.899999618530273,12.899999618530273,5759.0
2024-08-27 13:03:00+00:00,NWE,53.65999984741211,53.65999984741211,53.65999984741211,53.65999984741211,53.65999984741211,366.0
2024-08-27 13:03:00+00:00,RNW,5.664999961853027,5.664999961853027,5.664999961853027,5.664999961853027,5.664999961853027,143.0
2024-08-27 13:03:00+00:00,XEL,60.744998931884766,60.744998931884766,60.744998931884766,60.744998931884766,60.744998931884766,482.0
2024-08-27 13:04:00+00:00,AEP,98.36009979248047,98.36009979248047,98.37999725341797,98.3499984741211,98.37000274658203,4657.0
2024-08-27 13:04:00+00:00,AY,22.25,22.25,22.25,22.25,22.25,407.0
2024-08-27 13:04:00+00:00,CDZI,3.3299999237060547,3.3299999237060547,3.3299999237060547,3.3299999237060547,3.3299999237060547,100.0
2024-08-27 13:04:00+00:00,CEG,195.86000061035156,195.86000061035156,195.86000061035156,195.86000061035156,195.86000061035156,107.0
2024-08-27 13:04:00+00:00,EXC,37.685001373291016,37.685001373291016,37.685001373291016,37.67499923706055,37.67499923706055,6317.0
2024-08-27 13:04:00+00:00,FLNC,18.684999465942383,18.684999465942383,18.700000762939453,18.68000030517578,18.68000030517578,2217.0
2024-08-27 13:04:00+00:00,LNT,57.67499923706055,57.67499923706055,57.67499923706055,57.67499923706055,57.67499923706055,1082.0
2024-08-27 13:04:00+00:00,MNTK,4.590000152587891,4.590000152587891,4.590000152587891,4.590000152587891,4.590000152587891,132.0
2024-08-27 13:04:00+00:00,NFE,12.920000076293945,12.920000076293945,12.920000076293945,12.90999984741211,12.90999984741211,5362.0
2024-08-27 13:04:00+00:00,OTTR,87.91999816894531,87.91999816894531,87.91999816894531,87.91999816894531,87.91999816894531,126.0
2024-08-27 13:04:00+00:00,RNW,5.659999847412109,5.659999847412109,5.659999847412109,5.659999847412109,5.659999847412109,726.0
2024-08-27 13:04:00+00:00,XEL,60.75,60.75,60.75,60.75,60.75,634.0
2024-08-27 13:05:00+00:00,AEP,98.3949966430664,98.3949966430664,98.40989685058594,98.36419677734375,98.36419677734375,2021.0
2024-08-27 13:05:00+00:00,AY,22.25,22.25,22.25,22.25,22.25,200.0
2024-08-27 13:05:00+00:00,CDZI,3.3350000381469727,3.3350000381469727,3.3399999141693115,3.3350000381469727,3.3399999141693115,724.0
2024-08-27 13:05:00+00:00,CEG,196.01699829101562,196.01699829101562,196.01699829101562,195.82000732421875,195.85000610351562,1750.0
2024-08-27 13:05:00+00:00,EXC,37.685001373291016,37.685001373291016,37.68899917602539,37.685001373291016,37.68899917602539,3275.0
2024-08-27 13:05:00+00:00,FLNC,18.729999542236328,18.729999542236328,18.729999542236328,18.690000534057617,18.690000534057617,4426.0
2024-08-27 13:05:00+00:00,MNTK,4.599999904632568,4.599999904632568,4.599999904632568,4.599999904632568,4.599999904632568,329.0
2024-08-27 13:05:00+00:00,MSEX,62.400001525878906,62.400001525878906,62.400001525878906,62.369998931884766,62.369998931884766,1044.0
2024-08-27 13:05:00+00:00,NFE,12.920000076293945,12.920000076293945,12.922699928283691,12.914999961853027,12.914999961853027,4895.0
2024-08-27 13:05:00+00:00,OTTR,87.91999816894531,87.91999816894531,87.91999816894531,87.91999816894531,87.91999816894531,102.0
2024-08-27 13:05:00+00:00,XEL,60.75,60.75,60.75,60.75,60.75,921.0
2024-08-27 13:06:00+00:00,AEP,98.41000366210938,98.41000366210938,98.41000366210938,98.41000366210938,98.41000366210938,983.0
2024-08-27 13:06:00+00:00,AY,22.25,22.25,22.2549991607666,22.25,22.2549991607666,633.0
2024-08-27 13:06:00+00:00,CEG,196.0449981689453,196.0449981689453,196.0449981689453,196.0050048828125,196.0050048828125,1043.0
2024-08-27 13:06:00+00:00,CWCO,27.524999618530273,27.524999618530273,27.524999618530273,27.524999618530273,27.524999618530273,258.0
2024-08-27 13:06:00+00:00,EXC,37.685001373291016,37.685001373291016,37.685001373291016,37.685001373291016,37.685001373291016,825.0
2024-08-27 13:06:00+00:00,FLNC,18.75,18.75,18.75,18.75,18.75,818.0
2024-08-27 13:06:00+00:00,LNT,57.70000076293945,57.70000076293945,57.70000076293945,57.69499969482422,57.69499969482422,1155.0
2024-08-27 13:06:00+00:00,MSEX,62.5,62.5,62.5,62.5,62.5,645.0
2024-08-27 13:06:00+00:00,NFE,12.899999618530273,12.899999618530273,12.90999984741211,12.899999618530273,12.90999984741211,10945.0
2024-08-27 13:06:00+00:00,OTTR,88.0167007446289,88.0167007446289,88.0167007446289,88.0167007446289,88.0167007446289,318.0
2024-08-27 13:06:00+00:00,XEL,60.7599983215332,60.7599983215332,60.7599983215332,60.75,60.75,1063.0
2024-08-27 13:07:00+00:00,AEP,98.38020324707031,98.38020324707031,98.4000015258789,98.38020324707031,98.4000015258789,2695.0
2024-08-27 13:07:00+00:00,AY,22.256000518798828,22.256000518798828,22.256000518798828,22.25,22.25,2474.0
2024-08-27 13:07:00+00:00,CEG,196.0449981689453,196.0449981689453,196.05499267578125,196.0449981689453,196.0449981689453,1653.0
2024-08-27 13:07:00+00:00,EXC,37.685001373291016,37.685001373291016,37.685001373291016,37.68000030517578,37.685001373291016,1290.0
2024-08-27 13:07:00+00:00,FLNC,18.739999771118164,18.739999771118164,18.75,18.739999771118164,18.75,797.0
2024-08-27 13:07:00+00:00,LNT,57.689998626708984,57.689998626708984,57.689998626708984,57.68000030517578,57.68000030517578,388.0
2024-08-27 13:07:00+00:00,MSEX,62.5,62.5,62.5,62.5,62.5,114.0
2024-08-27 13:07:00+00:00,NFE,12.90999984741211,12.90999984741211,12.90999984741211,12.899999618530273,12.899999618530273,6189.0
2024-08-27 13:07:00+00:00,RNW,5.670000076293945,5.670000076293945,5.670000076293945,5.670000076293945,5.670000076293945,117.0
2024-08-27 13:07:00+00:00,XEL,60.75,60.75,60.75,60.75,60.75,1130.0
2024-08-27 13:08:00+00:00,AEP,98.36000061035156,98.36000061035156,98.37999725341797,98.3499984741211,98.37999725341797,3594.0
2024-08-27 13:08:00+00:00,AY,22.25,22.25,22.2549991607666,22.25,22.2549991607666,170.0
2024-08-27 13:08:00+00:00,CEG,195.88999938964844,195.88999938964844,195.88999938964844,195.88999938964844,195.88999938964844,419.0
2024-08-27 13:08:00+00:00,EXC,37.665000915527344,37.665000915527344,37.685001373291016,37.65999984741211,37.685001373291016,5140.0
2024-08-27 13:08:00+00:00,FLNC,18.729999542236328,18.729999542236328,18.739999771118164,18.729999542236328,18.739999771118164,2253.0
2024-08-27 13:08:00+00:00,HTOO,0.6248999834060669,0.6248999834060669,0.6248999834060669,0.6248999834060669,0.6248999834060669,915.0
2024-08-27 13:08:00+00:00,LNT,57.68000030517578,57.68000030517578,57.68000030517578,57.66999816894531,57.66999816894531,2765.0
2024-08-27 13:08:00+00:00,MSEX,62.41999816894531,62.41999816894531,62.41999816894531,62.380001068115234,62.400001525878906,1638.0
2024-08-27 13:08:00+00:00,NFE,12.899999618530273,12.899999618530273,12.904999732971191,12.899999618530273,12.904999732971191,3487.0
2024-08-27 13:08:00+00:00,XEL,60.72999954223633,60.72999954223633,60.7400016784668,60.72999954223633,60.7400016784668,2727.0
2024-08-27 13:09:00+00:00,AEP,98.36000061035156,98.36000061035156,98.36000061035156,98.33999633789062,98.3499984741211,3892.0
2024-08-27 13:09:00+00:00,CEG,195.85499572753906,195.85499572753906,195.85499572753906,195.72000122070312,195.72000122070312,781.0
2024-08-27 13:09:00+00:00,EXC,37.665000915527344,37.665000915527344,37.665000915527344,37.65999984741211,37.65999984741211,4455.0
2024-08-27 13:09:00+00:00,FLNC,18.739999771118164,18.739999771118164,18.739999771118164,18.739999771118164,18.739999771118164,702.0
2024-08-27 13:09:00+00:00,LNT,57.65999984741211,57.65999984741211,57.65999984741211,57.65999984741211,57.65999984741211,448.0
2024-08-27 13:09:00+00:00,MNTK,4.610000133514404,4.610000133514404,4.610000133514404,4.610000133514404,4.610000133514404,831.0
2024-08-27 13:09:00+00:00,NFE,12.9399995803833,12.9399995803833,12.9399995803833,12.890000343322754,12.899999618530273,8413.0
2024-08-27 13:09:00+00:00,OTTR,87.79010009765625,87.79010009765625,87.79010009765625,87.79010009765625,87.79010009765625,130.0
2024-08-27 13:09:00+00:00,RNW,5.679999828338623,5.679999828338623,5.679999828338623,5.670000076293945,5.670000076293945,2035.0
2024-08-27 13:09:00+00:00,XEL,60.7400016784668,60.7400016784668,60.7400016784668,60.70000076293945,60.724998474121094,3672.0
2024-08-27 13:09:00+00:00,YORW,38.38999938964844,38.38999938964844,38.38999938964844,38.38999938964844,38.38999938964844,373.0
2024-08-27 13:10:00+00:00,AEP,98.38500213623047,98.38500213623047,98.38500213623047,98.37999725341797,98.37999725341797,1202.0
2024-08-27 13:10:00+00:00,AY,22.25,22.25,22.25,22.25,22.25,491.0
2024-08-27 13:10:00+00:00,CEG,195.74000549316406,195.74000549316406,195.7449951171875,195.74000549316406,195.7449951171875,1128.0
2024-08-27 13:10:00+00:00,EXC,37.66939926147461,37.66939926147461,37.66999816894531,37.665000915527344,37.665000915527344,5091.0
2024-08-27 13:10:00+00:00,FLNC,18.729999542236328,18.729999542236328,18.739999771118164,18.729999542236328,18.730100631713867,1541.0
2024-08-27 13:10:00+00:00,LNT,57.689998626708984,57.689998626708984,57.689998626708984,57.689998626708984,57.689998626708984,774.0
2024-08-27 13:10:00+00:00,MSEX,62.349998474121094,62.349998474121094,62.41999816894531,62.349998474121094,62.369998931884766,986.0
2024-08-27 13:10:00+00:00,NFE,12.949999809265137,12.949999809265137,12.949999809265137,12.930000305175781,12.93970012664795,4999.0
2024-08-27 13:10:00+00:00,NWE,53.650001525878906,53.650001525878906,53.650001525878906,53.650001525878906,53.650001525878906,395.0
2024-08-27 13:10:00+00:00,OPAL,3.5899999141693115,3.5899999141693115,3.5899999141693115,3.5899999141693115,3.5899999141693115,153.0
2024-08-27 13:10:00+00:00,XEL,60.75,60.75,60.75,60.7400016784668,60.7400016784668,816.0
2024-08-27 13:11:00+00:00,AEP,98.38999938964844,98.38999938964844,98.4000015258789,98.37999725341797,98.4000015258789,4200.0
2024-08-27 13:11:00+00:00,AY,22.25,22.25,22.25,22.25,22.25,300.0
2024-08-27 13:11:00+00:00,CEG,195.5,195.5,195.64999389648438,195.5,195.64999389648438,1367.0
2024-08-27 13:11:00+00:00,CWCO,27.524999618530273,27.524999618530273,27.524999618530273,27.524999618530273,27.524999618530273,963.0
2024-08-27 13:11:00+00:00,FLNC,18.725000381469727,18.725000381469727,18.725000381469727,18.725000381469727,18.725000381469727,1761.0
2024-08-27 13:11:00+00:00,LNT,57.689998626708984,57.689998626708984,57.689998626708984,57.689998626708984,57.689998626708984,766.0
2024-08-27 13:11:00+00:00,MNTK,4.599999904632568,4.599999904632568,4.599999904632568,4.599999904632568,4.599999904632568,532.0
2024-08-27 13:11:00+00:00,NFE,12.969900131225586,12.969900131225586,12.969900131225586,12.949999809265137,12.949999809265137,3563.0
2024-08-27 13:11:00+00:00,XEL,60.7400016784668,60.7400016784668,60.75,60.7400016784668,60.75,1728.0
2024-08-27 13:11:00+00:00,YORW,38.38999938964844,38.38999938964844,38.38999938964844,38.38999938964844,38.38999938964844,232.0
2024-08-27 13:12:00+00:00,AEP,98.37999725341797,98.37999725341797,98.38999938964844,98.37999725341797,98.37999725341797,3310.0
2024-08-27 13:12:00+00:00,AY,22.2549991607666,22.2549991607666,22.2549991607666,22.2549991607666,22.2549991607666,356.0
2024-08-27 13:12:00+00:00,CEG,195.36000061035156,195.36000061035156,195.5050048828125,195.36000061035156,195.4199981689453,2081.0
2024-08-27 13:12:00+00:00,EXC,37.665000915527344,37.665000915527344,37.66999816894531,37.66270065307617,37.66999816894531,4717.0
2024-08-27 13:12:00+00:00,FLNC,18.729999542236328,18.729999542236328,18.729999542236328,18.725000381469727,18.729999542236328,1368.0
2024-08-27 13:12:00+00:00,LNT,57.709999084472656,57.709999084472656,57.709999084472656,57.709999084472656,57.709999084472656,1054.0
2024-08-27 13:12:00+00:00,NFE,12.9350004196167,12.9350004196167,12.960000038146973,12.9350004196167,12.960000038146973,10960.0
2024-08-27 13:12:00+00:00,RNW,5.679699897766113,5.679699897766113,5.679699897766113,5.679699897766113,5.679699897766113,660.0
2024-08-27 13:12:00+00:00,XEL,60.7400016784668,60.7400016784668,60.7400016784668,60.72999954223633,60.72999954223633,1582.0
2024-08-27 13:13:00+00:00,AEP,98.38999938964844,98.38999938964844,98.4000015258789,98.38500213623047,98.38999938964844,1370.0
2024-08-27 13:13:00+00:00,AY,22.2549991607666,22.2549991607666,22.2549991607666,22.2549991607666,22.2549991607666,332.0
2024-08-27 13:13:00+00:00,CEG,195.3800048828125,195.3800048828125,195.3800048828125,195.32000732421875,195.36000061035156,1807.0
2024-08-27 13:13:00+00:00,EXC,37.67499923706055,37.67499923706055,37.68000030517578,37.665000915527344,37.665000915527344,9306.0
2024-08-27 13:13:00+00:00,FLNC,18.729999542236328,18.729999542236328,18.729999542236328,18.729999542236328,18.729999542236328,353.0
2024-08-27 13:13:00+00:00,HTOO,0.6115999817848206,0.6115999817848206,0.6115999817848206,0.6115999817848206,0.6115999817848206,200.0
2024-08-27 13:13:00+00:00,NFE,12.930000305175781,12.930000305175781,12.93970012664795,12.930000305175781,12.9350004196167,2524.0
2024-08-27 13:13:00+00:00,OTTR,87.93000030517578,87.93000030517578,87.93000030517578,87.93000030517578,87.93000030517578,529.0
2024-08-27 13:13:00+00:00,RNW,5.679999828338623,5.679999828338623,5.679999828338623,5.675000190734863,5.679999828338623,617.0
2024-08-27 13:13:00+00:00,XEL,60.7400016784668,60.7400016784668,60.75,60.7400016784668,60.75,415.0
2024-08-27 13:14:00+00:00,AEP,98.41999816894531,98.41999816894531,98.41999816894531,98.41000366210938,98.41000366210938,1536.0
2024-08-27 13:14:00+00:00,AY,22.25,22.25,22.25,22.25,22.25,1149.0
2024-08-27 13:14:00+00:00,CEG,195.58999633789062,195.58999633789062,195.58999633789062,195.58999633789062,195.58999633789062,1486.0
2024-08-27 13:14:00+00:00,EXC,37.67499923706055,37.67499923706055,37.68000030517578,37.67499923706055,37.67499923706055,3087.0
2024-08-27 13:14:00+00:00,FLNC,18.75,18.75,18.75,18.739999771118164,18.739999771118164,2365.0
2024-08-27 13:14:00+00:00,LNT,57.7400016784668,57.7400016784668,57.7400016784668,57.7400016784668,57.7400016784668,281.0
2024-08-27 13:14:00+00:00,MGEE,86.51000213623047,86.51000213623047,86.51000213623047,86.5,86.5,262.0
2024-08-27 13:14:00+00:00,MNTK,4.599999904632568,4.599999904632568,4.599999904632568,4.599999904632568,4.599999904632568,230.0
2024-08-27 13:14:00+00:00,MSEX,62.31999969482422,62.31999969482422,62.31999969482422,62.31999969482422,62.31999969482422,858.0
2024-08-27 13:14:00+00:00,NFE,12.949999809265137,12.949999809265137,12.949999809265137,12.930000305175781,12.930000305175781,4414.0
2024-08-27 13:14:00+00:00,NWE,53.68000030517578,53.68000030517578,53.68000030517578,53.68000030517578,53.68000030517578,241.0
2024-08-27 13:14:00+00:00,RNW,5.684999942779541,5.684999942779541,5.684999942779541,5.679999828338623,5.679999828338623,1713.0
2024-08-27 13:14:00+00:00,XEL,60.75,60.75,60.75,60.75,60.75,543.0
2024-08-27 13:15:00+00:00,AEP,98.38999938964844,98.38999938964844,98.41000366210938,98.37999725341797,98.41000366210938,1383.0
2024-08-27 13:15:00+00:00,CEG,195.52999877929688,195.52999877929688,195.63999938964844,195.4600067138672,195.4600067138672,2292.0
2024-08-27 13:15:00+00:00,EXC,37.685001373291016,37.685001373291016,37.685001373291016,37.67499923706055,37.67499923706055,8056.0
2024-08-27 13:15:00+00:00,FLNC,18.739999771118164,18.739999771118164,18.75,18.739999771118164,18.739999771118164,1377.0
2024-08-27 13:15:00+00:00,NFE,12.949899673461914,12.949899673461914,12.949999809265137,12.944999694824219,12.949999809265137,1747.0
2024-08-27 13:15:00+00:00,NWE,53.689998626708984,53.689998626708984,53.689998626708984,53.689998626708984,53.689998626708984,217.0
2024-08-27 13:15:00+00:00,OTTR,88.06500244140625,88.06500244140625,88.06500244140625,88.0250015258789,88.0250015258789,2302.0
2024-08-27 13:15:00+00:00,RNW,5.675000190734863,5.675000190734863,5.684999942779541,5.675000190734863,5.684999942779541,1606.0
2024-08-27 13:15:00+00:00,XEL,60.7599983215332,60.7599983215332,60.7599983215332,60.7599983215332,60.7599983215332,525.0
2024-08-27 13:16:00+00:00,AEP,98.41999816894531,98.41999816894531,98.41999816894531,98.4000015258789,98.41000366210938,7555.0
2024-08-27 13:16:00+00:00,CEG,195.53500366210938,195.53500366210938,195.53500366210938,195.53500366210938,195.53500366210938,456.0
2024-08-27 13:16:00+00:00,CREG,0.8949999809265137,0.8949999809265137,0.8949999809265137,0.8399999737739563,0.8399999737739563,9759.0
2024-08-27 13:16:00+00:00,EXC,37.685001373291016,37.685001373291016,37.689998626708984,37.68000030517578,37.689998626708984,8517.0
2024-08-27 13:16:00+00:00,FLNC,18.729999542236328,18.729999542236328,18.729999542236328,18.729999542236328,18.729999542236328,1065.0
2024-08-27 13:16:00+00:00,LNT,57.709999084472656,57.709999084472656,57.720001220703125,57.709999084472656,57.720001220703125,1029.0
2024-08-27 13:16:00+00:00,MNTK,4.579999923706055,4.579999923706055,4.590000152587891,4.579999923706055,4.590000152587891,1657.0
2024-08-27 13:16:00+00:00,NFE,12.9399995803833,12.9399995803833,12.9399995803833,12.9399995803833,12.9399995803833,1904.0
2024-08-27 13:16:00+00:00,NWE,53.69499969482422,53.69499969482422,53.69499969482422,53.69499969482422,53.69499969482422,686.0
2024-08-27 13:16:00+00:00,XEL,60.7599983215332,60.7599983215332,60.7599983215332,60.755001068115234,60.755001068115234,957.0
2024-08-27 13:17:00+00:00,AEP,98.39019775390625,98.39019775390625,98.41999816894531,98.38999938964844,98.41999816894531,4341.0
2024-08-27 13:17:00+00:00,CDZI,3.3299999237060547,3.3299999237060547,3.3299999237060547,3.3299999237060547,3.3299999237060547,619.0
2024-08-27 13:17:00+00:00,CEG,195.55999755859375,195.55999755859375,195.55999755859375,195.4600067138672,195.55999755859375,1183.0
2024-08-27 13:17:00+00:00,EXC,37.66999816894531,37.66999816894531,37.67499923706055,37.65999984741211,37.67499923706055,7967.0
2024-08-27 13:17:00+00:00,FLNC,18.69499969482422,18.69499969482422,18.729999542236328,18.69499969482422,18.729999542236328,2957.0
2024-08-27 13:17:00+00:00,HTOO,0.6100000143051147,0.6100000143051147,0.6100000143051147,0.6100000143051147,0.6100000143051147,9690.0
2024-08-27 13:17:00+00:00,LNT,57.70000076293945,57.70000076293945,57.70000076293945,57.70000076293945,57.70000076293945,1700.0
2024-08-27 13:17:00+00:00,MNTK,4.570000171661377,4.570000171661377,4.570000171661377,4.570000171661377,4.570000171661377,250.0
2024-08-27 13:17:00+00:00,NFE,12.930000305175781,12.930000305175781,12.9399995803833,12.930000305175781,12.9399995803833,3522.0
2024-08-27 13:17:00+00:00,NWE,53.69499969482422,53.69499969482422,53.69499969482422,53.69499969482422,53.69499969482422,351.0
2024-08-27 13:17:00+00:00,OPAL,3.5899999141693115,3.5899999141693115,3.5899999141693115,3.5899999141693115,3.5899999141693115,217.0
2024-08-27 13:17:00+00:00,OTTR,88.0199966430664,88.0199966430664,88.08999633789062,88.0,88.08999633789062,2977.0
2024-08-27 13:17:00+00:00,RNW,5.670000076293945,5.670000076293945,5.679999828338623,5.670000076293945,5.679999828338623,1894.0
2024-08-27 13:17:00+00:00,XEL,60.72999954223633,60.72999954223633,60.7599983215332,60.72999954223633,60.7599983215332,2764.0
2024-08-27 13:18:00+00:00,AEP,98.38999938964844,98.38999938964844,98.4000015258789,98.37999725341797,98.38999938964844,994.0
2024-08-27 13:18:00+00:00,AY,22.25,22.25,22.2549991607666,22.25,22.2549991607666,3174.0
2024-08-27 13:18:00+00:00,CEG,195.55999755859375,195.55999755859375,195.55999755859375,195.55999755859375,195.55999755859375,419.0
2024-08-27 13:18:00+00:00,CWCO,27.524999618530273,27.524999618530273,27.559999465942383,27.524999618530273,27.559999465942383,513.0
2024-08-27 13:18:00+00:00,EXC,37.665000915527344,37.665000915527344,37.67499923706055,37.665000915527344,37.66999816894531,1915.0
2024-08-27 13:18:00+00:00,GWRS,12.582099914550781,12.582099914550781,12.582099914550781,12.582099914550781,12.582099914550781,1151.0
2024-08-27 13:18:00+00:00,NFE,12.946800231933594,12.946800231933594,12.949999809265137,12.930000305175781,12.9399995803833,3448.0
2024-08-27 13:18:00+00:00,NWE,53.69499969482422,53.69499969482422,53.69499969482422,53.69499969482422,53.69499969482422,135.0
2024-08-27 13:18:00+00:00,RNW,5.675000190734863,5.675000190734863,5.675000190734863,5.675000190734863,5.675000190734863,358.0
2024-08-27 13:18:00+00:00,XEL,60.72999954223633,60.72999954223633,60.7400016784668,60.72999954223633,60.7400016784668,1237.0
2024-08-27 13:18:00+00:00,YORW,38.400001525878906,38.400001525878906,38.400001525878906,38.400001525878906,38.400001525878906,591.0
2024-08-27 13:19:00+00:00,AEP,98.37000274658203,98.37000274658203,98.37999725341797,98.37000274658203,98.37999725341797,450.0
2024-08-27 13:19:00+00:00,CEG,195.6300048828125,195.6300048828125,195.6300048828125,195.49000549316406,195.55999755859375,811.0
2024-08-27 13:19:00+00:00,CWCO,27.524999618530273,27.524999618530273,27.524999618530273,27.524999618530273,27.524999618530273,442.0
2024-08-27 13:19:00+00:00,EXC,37.665000915527344,37.665000915527344,37.665000915527344,37.665000915527344,37.665000915527344,1157.0
2024-08-27 13:19:00+00:00,FLNC,18.700000762939453,18.700000762939453,18.700000762939453,18.700000762939453,18.700000762939453,1543.0
2024-08-27 13:19:00+00:00,NFE,12.9350004196167,12.9350004196167,12.9350004196167,12.930000305175781,12.930000305175781,1910.0
2024-08-27 13:19:00+00:00,OTTR,88.16999816894531,88.16999816894531,88.16999816894531,88.1500015258789,88.1500015258789,967.0
2024-08-27 13:19:00+00:00,XEL,60.73500061035156,60.73500061035156,60.75,60.73500061035156,60.7400016784668,3793.0
2024-08-27 13:20:00+00:00,AEP,98.37999725341797,98.37999725341797,98.4000015258789,98.37999725341797,98.37999725341797,2255.0
2024-08-27 13:20:00+00:00,CEG,195.6199951171875,195.6199951171875,195.66000366210938,195.6199951171875,195.66000366210938,1591.0
2024-08-27 13:20:00+00:00,EXC,37.665000915527344,37.665000915527344,37.665000915527344,37.665000915527344,37.665000915527344,768.0
2024-08-27 13:20:00+00:00,FLNC,18.709999084472656,18.709999084472656,18.709999084472656,18.709999084472656,18.709999084472656,1393.0
2024-08-27 13:20:00+00:00,LNT,57.68000030517578,57.68000030517578,57.68000030517578,57.68000030517578,57.68000030517578,415.0
2024-08-27 13:20:00+00:00,NFE,12.9350004196167,12.9350004196167,12.9399995803833,12.930000305175781,12.9399995803833,5913.0
2024-08-27 13:20:00+00:00,OPAL,3.5899999141693115,3.5899999141693115,3.5899999141693115,3.5899999141693115,3.5899999141693115,600.0
2024-08-27 13:20:00+00:00,RNW,5.679999828338623,5.679999828338623,5.679999828338623,5.675000190734863,5.675000190734863,1187.0
2024-08-27 13:20:00+00:00,XEL,60.720001220703125,60.720001220703125,60.720001220703125,60.720001220703125,60.720001220703125,573.0
2024-08-27 13:21:00+00:00,AEP,98.36499786376953,98.36499786376953,98.37000274658203,98.36499786376953,98.37000274658203,1115.0
2024-08-27 13:21:00+00:00,CEG,195.59140014648438,195.59140014648438,195.6199951171875,195.59140014648438,195.6199951171875,619.0
2024-08-27 13:21:00+00:00,EXC,37.65999984741211,37.65999984741211,37.665000915527344,37.65999984741211,37.65999984741211,3051.0
2024-08-27 13:21:00+00:00,FLNC,18.719999313354492,18.719999313354492,18.719999313354492,18.709999084472656,18.709999084472656,1497.0
2024-08-27 13:21:00+00:00,LNT,57.689998626708984,57.689998626708984,57.689998626708984,57.689998626708984,57.689998626708984,1305.0
2024-08-27 13:21:00+00:00,NFE,12.930000305175781,12.930000305175781,12.9399995803833,12.930000305175781,12.9350004196167,4433.0
2024-08-27 13:21:00+00:00,OPAL,3.5999999046325684,3.5999999046325684,3.5999999046325684,3.5899999141693115,3.5899999141693115,1787.0
2024-08-27 13:21:00+00:00,XEL,60.689998626708984,60.689998626708984,60.70000076293945,60.689998626708984,60.689998626708984,1872.0
2024-08-27 13:22:00+00:00,AEP,98.3499984741211,98.3499984741211,98.36000061035156,98.3499984741211,98.36000061035156,388.0
2024-08-27 13:22:00+00:00,AY,22.25,22.25,22.25,22.25,22.25,264.0
2024-08-27 13:22:00+00:00,CEG,195.6199951171875,195.6199951171875,195.6199951171875,195.57000732421875,195.57000732421875,598.0
2024-08-27 13:22:00+00:00,EXC,37.665000915527344,37.665000915527344,37.66999816894531,37.65999984741211,37.65999984741211,1576.0
2024-08-27 13:22:00+00:00,FLNC,18.719999313354492,18.719999313354492,18.72130012512207,18.71500015258789,18.71500015258789,1435.0
2024-08-27 13:22:00+00:00,LNT,57.68870162963867,57.68870162963867,57.68870162963867,57.68870162963867,57.68870162963867,353.0
2024-08-27 13:22:00+00:00,MNTK,4.559999942779541,4.559999942779541,4.559999942779541,4.559999942779541,4.559999942779541,488.0
2024-08-27 13:22:00+00:00,NFE,12.930000305175781,12.930000305175781,12.9350004196167,12.920000076293945,12.920000076293945,8440.0
2024-08-27 13:23:00+00:00,AEP,98.3499984741211,98.3499984741211,98.37000274658203,98.33999633789062,98.3499984741211,6260.0
2024-08-27 13:23:00+00:00,AY,22.2549991607666,22.2549991607666,22.2549991607666,22.2549991607666,22.2549991607666,405.0
2024-08-27 13:23:00+00:00,CDZI,3.3299999237060547,3.3299999237060547,3.3299999237060547,3.3299999237060547,3.3299999237060547,160.0
2024-08-27 13:23:00+00:00,CEG,195.55999755859375,195.55999755859375,195.5850067138672,195.47000122070312,195.49000549316406,1900.0
2024-08-27 13:23:00+00:00,EXC,37.654998779296875,37.654998779296875,37.65999984741211,37.654998779296875,37.65999984741211,3305.0
2024-08-27 13:23:00+00:00,FLNC,18.729999542236328,18.729999542236328,18.729999542236328,18.709999084472656,18.719999313354492,3094.0
2024-08-27 13:23:00+00:00,NFE,12.949999809265137,12.949999809265137,12.960000038146973,12.930000305175781,12.930000305175781,8658.0
2024-08-27 13:23:00+00:00,NWE,53.70000076293945,53.70000076293945,53.70000076293945,53.70000076293945,53.70000076293945,360.0
2024-08-27 13:23:00+00:00,RNW,5.684999942779541,5.684999942779541,5.684999942779541,5.679999828338623,5.679999828338623,523.0
2024-08-27 13:23:00+00:00,XEL,60.685001373291016,60.685001373291016,60.689998626708984,60.68230056762695,60.685001373291016,4181.0
2024-08-27 13:24:00+00:00,AEP,98.37000274658203,98.37000274658203,98.37000274658203,98.33999633789062,98.36000061035156,2575.0
2024-08-27 13:24:00+00:00,AY,22.2549991607666,22.2549991607666,22.2549991607666,22.2549991607666,22.2549991607666,541.0
2024-08-27 13:24:00+00:00,CDZI,3.3399999141693115,3.3399999141693115,3.3399999141693115,3.3399999141693115,3.3399999141693115,307.0
2024-08-27 13:24:00+00:00,CEG,195.44000244140625,195.44000244140625,195.44000244140625,195.44000244140625,195.44000244140625,839.0
2024-08-27 13:24:00+00:00,EXC,37.654998779296875,37.654998779296875,37.654998779296875,37.650001525878906,37.654998779296875,2005.0
2024-08-27 13:24:00+00:00,FLNC,18.739999771118164,18.739999771118164,18.739999771118164,18.739999771118164,18.739999771118164,1325.0
2024-08-27 13:24:00+00:00,LNT,57.68000030517578,57.68000030517578,57.68000030517578,57.68000030517578,57.68000030517578,317.0
2024-08-27 13:24:00+00:00,NFE,12.944999694824219,12.944999694824219,12.960000038146973,12.944999694824219,12.954999923706055,4615.0
2024-08-27 13:24:00+00:00,RNW,5.679999828338623,5.679999828338623,5.679999828338623,5.679999828338623,5.679999828338623,527.0
2024-08-27 13:24:00+00:00,XEL,60.6968994140625,60.6968994140625,60.6968994140625,60.6968994140625,60.6968994140625,266.0
2024-08-27 13:25:00+00:00,AEP,98.38999938964844,98.38999938964844,98.41500091552734,98.37999725341797,98.37999725341797,3980.0
2024-08-27 13:25:00+00:00,AY,22.25,22.25,22.260000228881836,22.25,22.2549991607666,4348.0
2024-08-27 13:25:00+00:00,CEG,195.72999572753906,195.72999572753906,195.72999572753906,195.4499969482422,195.52000427246094,3876.0
2024-08-27 13:25:00+00:00,CWCO,27.579999923706055,27.579999923706055,27.579999923706055,27.579999923706055,27.579999923706055,173.0
2024-08-27 13:25:00+00:00,EXC,37.66999816894531,37.66999816894531,37.68000030517578,37.65999984741211,37.65999984741211,9770.0
2024-08-27 13:25:00+00:00,FLNC,18.780000686645508,18.780000686645508,18.780000686645508,18.7450008392334,18.7450008392334,1976.0
2024-08-27 13:25:00+00:00,LNT,57.70000076293945,57.70000076293945,57.70000076293945,57.68000030517578,57.68000030517578,702.0
2024-08-27 13:25:00+00:00,NFE,12.949999809265137,12.949999809265137,12.949999809265137,12.944999694824219,12.944999694824219,2819.0
2024-08-27 13:25:00+00:00,NWE,53.720001220703125,53.720001220703125,53.720001220703125,53.720001220703125,53.720001220703125,1836.0
2024-08-27 13:25:00+00:00,RNW,5.679999828338623,5.679999828338623,5.679999828338623,5.679999828338623,5.679999828338623,414.0
2024-08-27 13:25:00+00:00,XEL,60.689998626708984,60.689998626708984,60.689998626708984,60.689998626708984,60.689998626708984,1197.0
2024-08-27 13:26:00+00:00,AEP,98.4000015258789,98.4000015258789,98.4000015258789,98.37999725341797,98.37999725341797,835.0
2024-08-27 13:26:00+00:00,AY,22.2549991607666,22.2549991607666,22.2549991607666,22.25,22.25,1607.0
2024-08-27 13:26:00+00:00,CDZI,3.380000114440918,3.380000114440918,3.380000114440918,3.3499999046325684,3.3499999046325684,8400.0
2024-08-27 13:26:00+00:00,CEG,195.92999267578125,195.92999267578125,195.92999267578125,195.8000030517578,195.8000030517578,615.0
2024-08-27 13:26:00+00:00,EXC,37.665000915527344,37.665000915527344,37.66999816894531,37.665000915527344,37.66999816894531,2195.0
2024-08-27 13:26:00+00:00,FLNC,18.772499084472656,18.772499084472656,18.790000915527344,18.770000457763672,18.790000915527344,2277.0
2024-08-27 13:26:00+00:00,LNT,57.689998626708984,57.689998626708984,57.689998626708984,57.689998626708984,57.689998626708984,405.0
2024-08-27 13:26:00+00:00,MGEE,86.56999969482422,86.56999969482422,86.56999969482422,86.56999969482422,86.56999969482422,206.0
2024-08-27 13:26:00+00:00,MNTK,4.574999809265137,4.574999809265137,4.574999809265137,4.570000171661377,4.570000171661377,767.0
2024-08-27 13:26:00+00:00,NFE,12.960000038146973,12.960000038146973,12.960000038146973,12.949999809265137,12.949999809265137,1531.0
2024-08-27 13:26:00+00:00,RNW,5.690000057220459,5.690000057220459,5.690000057220459,5.679999828338623,5.679999828338623,1348.0
2024-08-27 13:26:00+00:00,XEL,60.68000030517578,60.68000030517578,60.68000030517578,60.68000030517578,60.68000030517578,1279.0
2024-08-27 13:27:00+00:00,AEP,98.42500305175781,98.42500305175781,98.43000030517578,98.38999938964844,98.41000366210938,2779.0
2024-08-27 13:27:00+00:00,ARTNA,35.58000183105469,35.58000183105469,35.58000183105469,35.58000183105469,35.58000183105469,273.0
2024-08-27 13:27:00+00:00,AY,22.2549991607666,22.2549991607666,22.2549991607666,22.2549991607666,22.2549991607666,540.0
2024-08-27 13:27:00+00:00,CDZI,3.380000114440918,3.380000114440918,3.380000114440918,3.380000114440918,3.380000114440918,0.0
2024-08-27 13:27:00+00:00,CEG,195.85000610351562,195.85000610351562,195.92999267578125,195.85000610351562,195.92999267578125,1530.0
2024-08-27 13:27:00+00:00,CWCO,27.56999969482422,27.56999969482422,27.56999969482422,27.530000686645508,27.530000686645508,750.0
2024-08-27 13:27:00+00:00,EXC,37.67499923706055,37.67499923706055,37.67499923706055,37.665000915527344,37.665000915527344,4594.0
2024-08-27 13:27:00+00:00,FLNC,18.774999618530273,18.774999618530273,18.774999618530273,18.770000457763672,18.770000457763672,729.0
2024-08-27 13:27:00+00:00,LNT,57.70500183105469,57.70500183105469,57.70500183105469,57.70500183105469,57.70500183105469,232.0
2024-08-27 13:27:00+00:00,MNTK,4.570000171661377,4.570000171661377,4.570000171661377,4.570000171661377,4.570000171661377,315.0
2024-08-27 13:27:00+00:00,NFE,12.954999923706055,12.954999923706055,12.960000038146973,12.9399995803833,12.9399995803833,4391.0
2024-08-27 13:27:00+00:00,OTTR,88.22000122070312,88.22000122070312,88.22000122070312,88.22000122070312,88.22000122070312,236.0
2024-08-27 13:27:00+00:00,XEL,60.70000076293945,60.70000076293945,60.70000076293945,60.68000030517578,60.68000030517578,2060.0
2024-08-27 13:28:00+00:00,AEP,98.45999908447266,98.45999908447266,98.45999908447266,98.44999694824219,98.44999694824219,5483.0
2024-08-27 13:28:00+00:00,AY,22.2549991607666,22.2549991607666,22.260000228881836,22.2549991607666,22.2549991607666,974.0
2024-08-27 13:28:00+00:00,CEG,195.88999938964844,195.88999938964844,195.93499755859375,195.88999938964844,195.93499755859375,1667.0
2024-08-27 13:28:00+00:00,EXC,37.685001373291016,37.685001373291016,37.689998626708984,37.67499923706055,37.68000030517578,10815.0
2024-08-27 13:28:00+00:00,FLNC,18.790000915527344,18.790000915527344,18.790000915527344,18.774999618530273,18.774999618530273,1293.0
2024-08-27 13:28:00+00:00,LNT,57.70500183105469,57.70500183105469,57.709999084472656,57.70500183105469,57.709999084472656,622.0
2024-08-27 13:28:00+00:00,NFE,12.970000267028809,12.970000267028809,12.970000267028809,12.960000038146973,12.970000267028809,3160.0
2024-08-27 13:28:00+00:00,OTTR,88.30000305175781,88.30000305175781,88.41000366210938,88.30000305175781,88.36000061035156,3077.0
2024-08-27 13:28:00+00:00,XEL,60.72999954223633,60.72999954223633,60.72999954223633,60.72999954223633,60.72999954223633,623.0
2024-08-27 13:29:00+00:00,AEP,98.49500274658203,98.49500274658203,98.51000213623047,98.47000122070312,98.47000122070312,2633.0
2024-08-27 13:29:00+00:00,AY,22.2549991607666,22.2549991607666,22.2549991607666,22.2549991607666,22.2549991607666,400.0
2024-08-27 13:29:00+00:00,EXC,37.69499969482422,37.69499969482422,37.69499969482422,37.685001373291016,37.685001373291016,9753.0
2024-08-27 13:29:00+00:00,FLNC,18.770000457763672,18.770000457763672,18.780000686645508,18.770000457763672,18.780000686645508,1049.0
2024-08-27 13:29:00+00:00,LNT,57.75,57.75,57.75,57.727500915527344,57.72999954223633,3012.0
2024-08-27 13:29:00+00:00,NFE,12.970000267028809,12.970000267028809,12.970000267028809,12.970000267028809,12.970000267028809,2235.0
2024-08-27 13:29:00+00:00,RNW,5.699999809265137,5.699999809265137,5.699999809265137,5.689899921417236,5.689899921417236,2498.0
2024-08-27 13:29:00+00:00,XEL,60.7599983215332,60.7599983215332,60.7599983215332,60.72999954223633,60.72999954223633,944.0
2024-08-27 13:30:00+00:00,AEP,98.48999786376953,98.48999786376953,98.51000213623047,98.48999786376953,98.51000213623047,3910.0
2024-08-27 13:30:00+00:00,CEG,195.97999572753906,195.97999572753906,196.0449981689453,195.97999572753906,196.0399932861328,596.0
2024-08-27 13:30:00+00:00,EXC,37.69499969482422,37.69499969482422,37.70000076293945,37.69499969482422,37.69499969482422,2235.0
2024-08-27 13:30:00+00:00,FLNC,18.770000457763672,18.770000457763672,18.770000457763672,18.770000457763672,18.770000457763672,758.0
2024-08-27 13:30:00+00:00,LNT,57.7400016784668,57.7400016784668,57.744998931884766,57.7400016784668,57.744998931884766,1159.0
2024-08-27 13:30:00+00:00,NFE,12.960000038146973,12.960000038146973,12.970000267028809,12.960000038146973,12.970000267028809,1468.0
2024-08-27 13:30:00+00:00,XEL,60.744998931884766,60.744998931884766,60.7599983215332,60.7400016784668,60.744998931884766,2757.0
2024-08-27 13:31:00+00:00,AEP,98.55000305175781,98.55000305175781,98.55000305175781,98.52999877929688,98.52999877929688,8363.0
2024-08-27 13:31:00+00:00,AY,22.25,22.25,22.25,22.25,22.25,941.0
2024-08-27 13:31:00+00:00,CEG,195.9949951171875,195.9949951171875,195.9949951171875,195.9949951171875,195.9949951171875,233.0
2024-08-27 13:31:00+00:00,EXC,37.65999984741211,37.65999984741211,37.689998626708984,37.65999984741211,37.689998626708984,73681.0
2024-08-27 13:31:00+00:00,FLNC,18.770000457763672,18.770000457763672,18.770000457763672,18.76959991455078,18.770000457763672,744.0
2024-08-27 13:31:00+00:00,LNT,57.75,57.75,57.77000045776367,57.75,57.77000045776367,517.0
2024-08-27 13:31:00+00:00,MSEX,62.43000030517578,62.43000030517578,62.43000030517578,62.43000030517578,62.43000030517578,573.0
2024-08-27 13:31:00+00:00,NFE,12.989999771118164,12.989999771118164,13.0,12.96500015258789,12.96500015258789,11341.0
2024-08-27 13:31:00+00:00,XEL,60.7599983215332,60.7599983215332,60.7599983215332,60.755001068115234,60.755001068115234,1328.0
2024-08-27 13:32:00+00:00,AEP,98.52999877929688,98.52999877929688,98.5999984741211,98.52999877929688,98.55999755859375,4848.0
2024-08-27 13:32:00+00:00,AY,22.25,22.25,22.2549991607666,22.25,22.2549991607666,399.0
2024-08-27 13:32:00+00:00,CEG,196.00999450683594,196.00999450683594,196.00999450683594,196.00999450683594,196.00999450683594,669.0
2024-08-27 13:32:00+00:00,CWCO,27.579999923706055,27.579999923706055,27.6200008392334,27.575000762939453,27.6200008392334,2238.0
2024-08-27 13:32:00+00:00,EXC,37.64500045776367,37.64500045776367,37.65999984741211,37.63999938964844,37.65999984741211,6828.0
2024-08-27 13:32:00+00:00,FLNC,18.759000778198242,18.759000778198242,18.760000228881836,18.75,18.760000228881836,3647.0
2024-08-27 13:32:00+00:00,LNT,57.7400016784668,57.7400016784668,57.7599983215332,57.7400016784668,57.75,1897.0
2024-08-27 13:32:00+00:00,NFE,12.989999771118164,12.989999771118164,12.989999771118164,12.979999542236328,12.989999771118164,814.0
2024-08-27 13:32:00+00:00,WAVE,3.8097000122070312,3.8097000122070312,3.8097000122070312,3.8097000122070312,3.8097000122070312,200.0
2024-08-27 13:32:00+00:00,XEL,60.70000076293945,60.70000076293945,60.75,60.70000076293945,60.75,4210.0
2024-08-27 13:33:00+00:00,AEP,98.48999786376953,98.48999786376953,98.52999877929688,98.48999786376953,98.52999877929688,2499.0
2024-08-27 13:33:00+00:00,AY,22.2549991607666,22.2549991607666,22.2549991607666,22.2549991607666,22.2549991607666,476.0
2024-08-27 13:33:00+00:00,CEG,195.97500610351562,195.97500610351562,195.97500610351562,195.86000061035156,195.86000061035156,775.0
2024-08-27 13:33:00+00:00,EXC,37.6349983215332,37.6349983215332,37.650001525878906,37.6349983215332,37.64500045776367,4720.0
2024-08-27 13:33:00+00:00,FLNC,18.75,18.75,18.75,18.75,18.75,497.0
2024-08-27 13:33:00+00:00,MGEE,86.55500030517578,86.55500030517578,86.55500030517578,86.55500030517578,86.55500030517578,115.0
2024-08-27 13:33:00+00:00,NFE,12.989999771118164,12.989999771118164,12.989999771118164,12.989999771118164,12.989999771118164,3053.0
2024-08-27 13:33:00+00:00,WAVE,3.8097000122070312,3.8097000122070312,3.8097000122070312,3.8097000122070312,3.8097000122070312,85.0
2024-08-27 13:33:00+00:00,XEL,60.66999816894531,60.66999816894531,60.7057991027832,60.66999816894531,60.7057991027832,1365.0
2024-08-27 13:34:00+00:00,AEP,98.4800033569336,98.4800033569336,98.4800033569336,98.45999908447266,98.47000122070312,1213.0
2024-08-27 13:34:00+00:00,AY,22.25,22.25,22.259899139404297,22.25,22.259899139404297,1629.0
2024-08-27 13:34:00+00:00,CDZI,3.388200044631958,3.388200044631958,3.388200044631958,3.388200044631958,3.388200044631958,201.0
2024-08-27 13:34:00+00:00,CEG,195.67999267578125,195.67999267578125,195.86000061035156,195.67999267578125,195.86000061035156,3022.0
2024-08-27 13:34:00+00:00,EXC,37.6349983215332,37.6349983215332,37.63999938964844,37.625,37.630001068115234,39781.0
2024-08-27 13:34:00+00:00,FLNC,18.725000381469727,18.725000381469727,18.735000610351562,18.719999313354492,18.729999542236328,1706.0
2024-08-27 13:34:00+00:00,NFE,12.970000267028809,12.970000267028809,12.979999542236328,12.970000267028809,12.979999542236328,7808.0
2024-08-27 13:34:00+00:00,NWE,53.739898681640625,53.739898681640625,53.739898681640625,53.739898681640625,53.739898681640625,282.0
2024-08-27 13:34:00+00:00,OTTR,88.29499816894531,88.29499816894531,88.3499984741211,88.2699966430664,88.27999877929688,1835.0
2024-08-27 13:34:00+00:00,RNW,5.690000057220459,5.690000057220459,5.690000057220459,5.690000057220459,5.690000057220459,1171.0
2024-08-27 13:34:00+00:00,XEL,60.67499923706055,60.67499923706055,60.67499923706055,60.65999984741211,60.65999984741211,2004.0
2024-08-27 13:35:00+00:00,AEP,98.5250015258789,98.5250015258789,98.5250015258789,98.48999786376953,98.48999786376953,6772.0
2024-08-27 13:35:00+00:00,ARTNA,35.57500076293945,35.57500076293945,35.619998931884766,35.57500076293945,35.619998931884766,491.0
2024-08-27 13:35:00+00:00,AY,22.25,22.25,22.25,22.25,22.25,758.0
2024-08-27 13:35:00+00:00,CEG,195.67999267578125,195.67999267578125,195.77000427246094,195.67999267578125,195.7100067138672,1087.0
2024-08-27 13:35:00+00:00,EXC,37.67499923706055,37.67499923706055,37.67499923706055,37.6349983215332,37.6349983215332,17078.0
2024-08-27 13:35:00+00:00,FLNC,18.729999542236328,18.729999542236328,18.739999771118164,18.729999542236328,18.739999771118164,1786.0
2024-08-27 13:35:00+00:00,LNT,57.709999084472656,57.709999084472656,57.709999084472656,57.709999084472656,57.709999084472656,355.0
2024-08-27 13:35:00+00:00,NFE,12.970000267028809,12.970000267028809,12.970000267028809,12.970000267028809,12.970000267028809,2661.0
2024-08-27 13:35:00+00:00,NWE,53.72999954223633,53.72999954223633,53.72999954223633,53.71500015258789,53.71500015258789,444.0
2024-08-27 13:35:00+00:00,OTTR,88.4000015258789,88.4000015258789,88.4000015258789,88.4000015258789,88.4000015258789,587.0
2024-08-27 13:35:00+00:00,XEL,60.709999084472656,60.709999084472656,60.709999084472656,60.67499923706055,60.67499923706055,4163.0
2024-08-27 13:36:00+00:00,AEP,98.55500030517578,98.55500030517578,98.55999755859375,98.55000305175781,98.55999755859375,864.0
2024-08-27 13:36:00+00:00,CDZI,3.380000114440918,3.380000114440918,3.380000114440918,3.380000114440918,3.380000114440918,879.0
2024-08-27 13:36:00+00:00,CEG,195.86500549316406,195.86500549316406,195.86500549316406,195.67999267578125,195.77000427246094,1741.0
2024-08-27 13:36:00+00:00,EXC,37.67499923706055,37.67499923706055,37.67499923706055,37.67499923706055,37.67499923706055,3092.0
2024-08-27 13:36:00+00:00,FLNC,18.739999771118164,18.739999771118164,18.739999771118164,18.739999771118164,18.739999771118164,140.0
2024-08-27 13:36:00+00:00,LNT,57.720001220703125,57.720001220703125,57.720001220703125,57.720001220703125,57.720001220703125,317.0
2024-08-27 13:36:00+00:00,NFE,12.960000038146973,12.960000038146973,12.970000267028809,12.960000038146973,12.970000267028809,1301.0
2024-08-27 13:36:00+00:00,NWE,53.73500061035156,53.73500061035156,53.73500061035156,53.73500061035156,53.73500061035156,331.0
2024-08-27 13:36:00+00:00,OPAL,3.5950000286102295,3.5950000286102295,3.5950000286102295,3.5950000286102295,3.5950000286102295,101.0
2024-08-27 13:36:00+00:00,RNW,5.679999828338623,5.679999828338623,5.679999828338623,5.679999828338623,5.679999828338623,344.0
2024-08-27 13:36:00+00:00,XEL,60.72999954223633,60.72999954223633,60.72999954223633,60.720001220703125,60.720001220703125,1058.0
2024-08-27 13:37:00+00:00,AEP,98.52999877929688,98.52999877929688,98.54499816894531,98.52999877929688,98.54000091552734,4147.0
2024-08-27 13:37:00+00:00,CEG,195.6999969482422,195.6999969482422,195.77999877929688,195.6999969482422,195.77999877929688,363.0
2024-08-27 13:37:00+00:00,EXC,37.67499923706055,37.67499923706055,37.67499923706055,37.67499923706055,37.67499923706055,3593.0
2024-08-27 13:37:00+00:00,FLNC,18.75,18.75,18.75,18.739999771118164,18.739999771118164,2036.0
2024-08-27 13:37:00+00:00,LNT,57.709999084472656,57.709999084472656,57.709999084472656,57.709999084472656,57.709999084472656,1070.0
2024-08-27 13:37:00+00:00,MNTK,4.570000171661377,4.570000171661377,4.570000171661377,4.570000171661377,4.570000171661377,112.0
2024-08-27 13:37:00+00:00,MSEX,62.43000030517578,62.43000030517578,62.43000030517578,62.43000030517578,62.43000030517578,120.0
2024-08-27 13:37:00+00:00,NFE,12.970000267028809,12.970000267028809,12.970000267028809,12.970000267028809,12.970000267028809,2618.0
2024-08-27 13:37:00+00:00,OPAL,3.5899999141693115,3.5899999141693115,3.5899999141693115,3.5899999141693115,3.5899999141693115,388.0
2024-08-27 13:37:00+00:00,RNW,5.684999942779541,5.684999942779541,5.684999942779541,5.684999942779541,5.684999942779541,559.0
2024-08-27 13:37:00+00:00,XEL,60.720001220703125,60.720001220703125,60.720001220703125,60.720001220703125,60.720001220703125,1176.0
2024-08-27 13:38:00+00:00,AEP,98.53289794921875,98.53289794921875,98.55010223388672,98.53289794921875,98.55010223388672,2422.0
2024-08-27 13:38:00+00:00,AY,22.25,22.25,22.2549991607666,22.25,22.2549991607666,6019.0
2024-08-27 13:38:00+00:00,CEG,195.64999389648438,195.64999389648438,195.73500061035156,195.64999389648438,195.6699981689453,2250.0
2024-08-27 13:38:00+00:00,EXC,37.67499923706055,37.67499923706055,37.68000030517578,37.67499923706055,37.67499923706055,7013.0
2024-08-27 13:38:00+00:00,FLNC,18.719999313354492,18.719999313354492,18.75,18.719999313354492,18.739999771118164,1890.0
2024-08-27 13:38:00+00:00,LNT,57.709999084472656,57.709999084472656,57.709999084472656,57.709999084472656,57.709999084472656,1317.0
2024-08-27 13:38:00+00:00,MGEE,86.55500030517578,86.55500030517578,86.55500030517578,86.55500030517578,86.55500030517578,113.0
2024-08-27 13:38:00+00:00,MNTK,4.570000171661377,4.570000171661377,4.570000171661377,4.570000171661377,4.570000171661377,347.0
2024-08-27 13:38:00+00:00,NFE,12.96500015258789,12.96500015258789,12.970000267028809,12.960000038146973,12.960000038146973,2653.0
2024-08-27 13:38:00+00:00,XEL,60.724998474121094,60.724998474121094,60.724998474121094,60.724998474121094,60.724998474121094,926.0
2024-08-27 13:39:00+00:00,AEP,98.55500030517578,98.55500030517578,98.55999755859375,98.53199768066406,98.53199768066406,2613.0
2024-08-27 13:39:00+00:00,BNRG,0.6600000262260437,0.6600000262260437,0.6700000166893005,0.6600000262260437,0.6700000166893005,5792.0
2024-08-27 13:39:00+00:00,CEG,195.5749969482422,195.5749969482422,195.5749969482422,195.5500030517578,195.5500030517578,746.0
2024-08-27 13:39:00+00:00,EXC,37.67499923706055,37.67499923706055,37.67499923706055,37.66999816894531,37.66999816894531,3332.0
2024-08-27 13:39:00+00:00,FLNC,18.729999542236328,18.729999542236328,18.729999542236328,18.704999923706055,18.709999084472656,2632.0
2024-08-27 13:39:00+00:00,HTOO,0.6200000047683716,0.6200000047683716,0.6200000047683716,0.6190000176429749,0.6190000176429749,2710.0
2024-08-27 13:39:00+00:00,MSEX,62.43000030517578,62.43000030517578,62.43000030517578,62.43000030517578,62.43000030517578,244.0
2024-08-27 13:39:00+00:00,NFE,12.96500015258789,12.96500015258789,12.96500015258789,12.961799621582031,12.96500015258789,3280.0
2024-08-27 13:39:00+00:00,NWE,53.7400016784668,53.7400016784668,53.7400016784668,53.7400016784668,53.7400016784668,561.0
2024-08-27 13:39:00+00:00,XEL,60.720001220703125,60.720001220703125,60.720001220703125,60.709999084472656,60.720001220703125,2033.0
2024-08-27 13:40:00+00:00,AEP,98.55000305175781,98.55000305175781,98.55000305175781,98.55000305175781,98.55000305175781,763.0
2024-08-27 13:40:00+00:00,AY,22.239999771118164,22.239999771118164,22.25,22.239999771118164,22.25,4510.0
2024-08-27 13:40:00+00:00,CEG,195.5,195.5,195.5,195.5,195.5,547.0
2024-08-27 13:40:00+00:00,EXC,37.69499969482422,37.69499969482422,37.69499969482422,37.665000915527344,37.67499923706055,50788.0
2024-08-27 13:40:00+00:00,FLNC,18.739999771118164,18.739999771118164,18.739999771118164,18.729999542236328,18.739999771118164,2281.0
2024-08-27 13:40:00+00:00,NFE,12.96500015258789,12.96500015258789,12.96500015258789,12.96500015258789,12.96500015258789,2769.0
2024-08-27 13:40:00+00:00,XEL,60.72999954223633,60.72999954223633,60.7400016784668,60.720001220703125,60.720001220703125,3659.0
2024-08-27 13:41:00+00:00,AEP,98.63999938964844,98.63999938964844,98.63999938964844,98.54000091552734,98.55500030517578,1996.0
2024-08-27 13:41:00+00:00,AY,22.2450008392334,22.2450008392334,22.2450008392334,22.2450008392334,22.2450008392334,957.0
2024-08-27 13:41:00+00:00,CEG,195.6300048828125,195.6300048828125,195.6699981689453,195.50999450683594,195.52000427246094,3647.0
2024-08-27 13:41:00+00:00,CWCO,27.6200008392334,27.6200008392334,27.6200008392334,27.6200008392334,27.6200008392334,1137.0
2024-08-27 13:41:00+00:00,EXC,37.724998474121094,37.724998474121094,37.724998474121094,37.685001373291016,37.689998626708984,8323.0
2024-08-27 13:41:00+00:00,FLNC,18.729999542236328,18.729999542236328,18.75,18.719999313354492,18.75,2376.0
2024-08-27 13:41:00+00:00,LNT,57.72999954223633,57.72999954223633,57.72999954223633,57.72999954223633,57.72999954223633,526.0
2024-08-27 13:41:00+00:00,NFE,12.970000267028809,12.970000267028809,12.979999542236328,12.96500015258789,12.96500015258789,6572.0
2024-08-27 13:41:00+00:00,OTTR,88.29000091552734,88.29000091552734,88.29000091552734,88.29000091552734,88.29000091552734,277.0
2024-08-27 13:41:00+00:00,XEL,60.7400016784668,60.7400016784668,60.7400016784668,60.7400016784668,60.7400016784668,1327.0
2024-08-27 13:42:00+00:00,AEP,98.6155014038086,98.6155014038086,98.63999938964844,98.6155014038086,98.625,5587.0
2024-08-27 13:42:00+00:00,AY,22.25,22.25,22.2549991607666,22.25,22.25,6777.0
2024-08-27 13:42:00+00:00,CEG,195.67999267578125,195.67999267578125,195.8300018310547,195.67999267578125,195.72999572753906,701.0
2024-08-27 13:42:00+00:00,EXC,37.724998474121094,37.724998474121094,37.73500061035156,37.724998474121094,37.73500061035156,4401.0
2024-08-27 13:42:00+00:00,FLNC,18.780000686645508,18.780000686645508,18.780000686645508,18.75,18.75,1764.0
2024-08-27 13:42:00+00:00,LNT,57.7400016784668,57.7400016784668,57.7400016784668,57.7400016784668,57.7400016784668,305.0
2024-08-27 13:42:00+00:00,MGEE,86.55500030517578,86.55500030517578,86.55500030517578,86.55500030517578,86.55500030517578,200.0
2024-08-27 13:42:00+00:00,NFE,12.970000267028809,12.970000267028809,12.970000267028809,12.960000038146973,12.960000038146973,3281.0
2024-08-27 13:42:00+00:00,OTTR,88.41999816894531,88.41999816894531,88.41999816894531,88.41999816894531,88.41999816894531,219.0
2024-08-27 13:43:00+00:00,AEP,98.58999633789062,98.58999633789062,98.625,98.58999633789062,98.625,1235.0
2024-08-27 13:43:00+00:00,AY,22.25,22.25,22.25,22.25,22.25,108.0
2024-08-27 13:43:00+00:00,CEG,195.77499389648438,195.77499389648438,195.77499389648438,195.77499389648438,195.77499389648438,850.0
2024-08-27 13:43:00+00:00,EXC,37.71500015258789,37.71500015258789,37.720001220703125,37.71500015258789,37.720001220703125,4759.0
2024-08-27 13:43:00+00:00,FLNC,18.790000915527344,18.790000915527344,18.799999237060547,18.790000915527344,18.799999237060547,586.0
2024-08-27 13:43:00+00:00,LNT,57.75,57.75,57.7599983215332,57.75,57.7599983215332,1198.0
2024-08-27 13:43:00+00:00,MGEE,86.54499816894531,86.54499816894531,86.54499816894531,86.54499816894531,86.54499816894531,433.0
2024-08-27 13:43:00+00:00,NFE,12.960000038146973,12.960000038146973,12.965800285339355,12.960000038146973,12.960000038146973,2386.0
2024-08-27 13:43:00+00:00,NWE,53.7599983215332,53.7599983215332,53.7599983215332,53.7599983215332,53.7599983215332,504.0
2024-08-27 13:43:00+00:00,OTTR,88.33000183105469,88.33000183105469,88.33899688720703,88.33000183105469,88.33899688720703,383.0
2024-08-27 13:43:00+00:00,XEL,60.779998779296875,60.779998779296875,60.779998779296875,60.77000045776367,60.779998779296875,6377.0
2024-08-27 13:44:00+00:00,AEP,98.58000183105469,98.58000183105469,98.58999633789062,98.58000183105469,98.58999633789062,2369.0
2024-08-27 13:44:00+00:00,ARTNA,35.57500076293945,35.57500076293945,35.57500076293945,35.57500076293945,35.57500076293945,137.0
2024-08-27 13:44:00+00:00,AY,22.25,22.25,22.25,22.25,22.25,334.0
2024-08-27 13:44:00+00:00,CEG,195.6699981689453,195.6699981689453,195.6699981689453,195.64999389648438,195.6699981689453,1737.0
2024-08-27 13:44:00+00:00,EXC,37.720001220703125,37.720001220703125,37.720001220703125,37.71500015258789,37.71500015258789,2386.0
2024-08-27 13:44:00+00:00,NFE,12.954999923706055,12.954999923706055,12.954999923706055,12.949999809265137,12.949999809265137,1054.0
2024-08-27 13:44:00+00:00,NWE,53.77000045776367,53.77000045776367,53.77000045776367,53.77000045776367,53.77000045776367,521.0
2024-08-27 13:44:00+00:00,OTTR,88.31999969482422,88.31999969482422,88.31999969482422,88.30000305175781,88.30000305175781,817.0
2024-08-27 13:44:00+00:00,RNW,5.690000057220459,5.690000057220459,5.690000057220459,5.684999942779541,5.684999942779541,318.0
2024-08-27 13:45:00+00:00,AEP,98.5999984741211,98.5999984741211,98.6050033569336,98.5801010131836,98.6050033569336,2773.0
2024-08-27 13:45:00+00:00,AY,22.25,22.25,22.2549991607666,22.25,22.2549991607666,516.0
2024-08-27 13:45:00+00:00,CEG,195.6750030517578,195.6750030517578,195.7550048828125,195.58999633789062,195.6750030517578,1043.0
2024-08-27 13:45:00+00:00,EXC,37.71500015258789,37.71500015258789,37.71500015258789,37.71500015258789,37.71500015258789,1239.0
2024-08-27 13:45:00+00:00,FLNC,18.799999237060547,18.799999237060547,18.799999237060547,18.795000076293945,18.799999237060547,1234.0
2024-08-27 13:45:00+00:00,MNTK,4.570000171661377,4.570000171661377,4.570000171661377,4.570000171661377,4.570000171661377,233.0
2024-08-27 13:45:00+00:00,MSEX,62.400001525878906,62.400001525878906,62.400001525878906,62.349998474121094,62.349998474121094,1191.0
2024-08-27 13:45:00+00:00,NFE,12.954999923706055,12.954999923706055,12.955400466918945,12.954999923706055,12.954999923706055,1223.0
2024-08-27 13:45:00+00:00,OTTR,88.29000091552734,88.29000091552734,88.29000091552734,88.29000091552734,88.29000091552734,119.0
2024-08-27 13:45:00+00:00,RNW,5.679999828338623,5.679999828338623,5.684999942779541,5.679999828338623,5.684999942779541,547.0
2024-08-27 13:46:00+00:00,AEP,98.58999633789062,98.58999633789062,98.61000061035156,98.58000183105469,98.59210205078125,1529.0
2024-08-27 13:46:00+00:00,CEG,195.66000366210938,195.66000366210938,195.6649932861328,195.66000366210938,195.6649932861328,854.0
2024-08-27 13:46:00+00:00,EXC,37.70000076293945,37.70000076293945,37.720001220703125,37.70000076293945,37.71500015258789,5606.0
2024-08-27 13:46:00+00:00,FLNC,18.795000076293945,18.795000076293945,18.795000076293945,18.790000915527344,18.790000915527344,1695.0
2024-08-27 13:46:00+00:00,LNT,57.720001220703125,57.720001220703125,57.72999954223633,57.720001220703125,57.72999954223633,1093.0
2024-08-27 13:46:00+00:00,MGEE,86.51000213623047,86.51000213623047,86.51000213623047,86.51000213623047,86.51000213623047,723.0
2024-08-27 13:46:00+00:00,MNTK,4.590000152587891,4.590000152587891,4.590000152587891,4.579999923706055,4.579999923706055,2254.0
2024-08-27 13:46:00+00:00,NFE,12.93280029296875,12.93280029296875,12.954999923706055,12.930000305175781,12.954999923706055,11148.0
2024-08-27 13:46:00+00:00,NWE,53.75,53.75,53.75,53.75,53.75,740.0
2024-08-27 13:46:00+00:00,OTTR,88.37999725341797,88.37999725341797,88.37999725341797,88.37999725341797,88.37999725341797,434.0
2024-08-27 13:46:00+00:00,RNW,5.690000057220459,5.690000057220459,5.690000057220459,5.690000057220459,5.690000057220459,898.0
2024-08-27 13:46:00+00:00,XEL,60.80500030517578,60.80500030517578,60.80500030517578,60.790000915527344,60.79999923706055,13408.0
2024-08-27 13:47:00+00:00,AEP,98.54499816894531,98.54499816894531,98.55000305175781,98.48999786376953,98.52999877929688,3372.0
2024-08-27 13:47:00+00:00,AY,22.2549991607666,22.2549991607666,22.2549991607666,22.2549991607666,22.2549991607666,820.0
2024-08-27 13:47:00+00:00,CEG,195.57000732421875,195.57000732421875,195.66000366210938,195.57000732421875,195.66000366210938,710.0
2024-08-27 13:47:00+00:00,EXC,37.70500183105469,37.70500183105469,37.70500183105469,37.689998626708984,37.70000076293945,11402.0
2024-08-27 13:47:00+00:00,LNT,57.720001220703125,57.720001220703125,57.724998474121094,57.70000076293945,57.70000076293945,1559.0
2024-08-27 13:47:00+00:00,NFE,12.930000305175781,12.930000305175781,12.930000305175781,12.930000305175781,12.930000305175781,1747.0
2024-08-27 13:47:00+00:00,XEL,60.83000183105469,60.83000183105469,60.83000183105469,60.810001373291016,60.81999969482422,4089.0
2024-08-27 13:48:00+00:00,AEP,98.58000183105469,98.58000183105469,98.58000183105469,98.56999969482422,98.58000183105469,608.0
2024-08-27 13:48:00+00:00,AY,22.25,22.25,22.25,22.25,22.25,292.0
2024-08-27 13:48:00+00:00,CEG,195.6699981689453,195.6699981689453,195.75,195.6649932861328,195.75,575.0
2024-08-27 13:48:00+00:00,EXC,37.70500183105469,37.70500183105469,37.709999084472656,37.70500183105469,37.70500183105469,6377.0
2024-08-27 13:48:00+00:00,FLNC,18.799999237060547,18.799999237060547,18.809999465942383,18.799999237060547,18.809999465942383,1368.0
2024-08-27 13:48:00+00:00,LNT,57.709999084472656,57.709999084472656,57.720001220703125,57.70000076293945,57.720001220703125,858.0
2024-08-27 13:48:00+00:00,MNTK,4.590000152587891,4.590000152587891,4.590000152587891,4.590000152587891,4.590000152587891,1131.0
2024-08-27 13:48:00+00:00,NFE,12.9350004196167,12.9350004196167,12.9350004196167,12.9350004196167,12.9350004196167,1108.0
2024-08-27 13:48:00+00:00,XEL,60.84000015258789,60.84000015258789,60.84000015258789,60.84000015258789,60.84000015258789,1009.0
2024-08-27 13:49:00+00:00,AEP,98.54499816894531,98.54499816894531,98.55999755859375,98.52999877929688,98.55999755859375,7327.0
2024-08-27 13:49:00+00:00,CEG,195.72999572753906,195.72999572753906,195.72999572753906,195.60000610351562,195.60000610351562,899.0
2024-08-27 13:49:00+00:00,EXC,37.70500183105469,37.70500183105469,37.709999084472656,37.70500183105469,37.70500183105469,4867.0
2024-08-27 13:49:00+00:00,FLNC,18.799999237060547,18.799999237060547,18.80500030517578,18.799999237060547,18.80500030517578,1390.0
2024-08-27 13:49:00+00:00,LNT,57.70000076293945,57.70000076293945,57.70000076293945,57.68000030517578,57.68000030517578,1084.0
2024-08-27 13:49:00+00:00,NFE,12.920000076293945,12.920000076293945,12.930000305175781,12.920000076293945,12.930000305175781,4226.0
2024-08-27 13:49:00+00:00,OPAL,3.593400001525879,3.593400001525879,3.593400001525879,3.593400001525879,3.593400001525879,258.0
2024-08-27 13:49:00+00:00,OTTR,88.2750015258789,88.2750015258789,88.27999877929688,88.2750015258789,88.27999877929688,1001.0
2024-08-27 13:49:00+00:00,XEL,60.83000183105469,60.83000183105469,60.83000183105469,60.83000183105469,60.83000183105469,377.0
2024-08-27 13:50:00+00:00,AEP,98.54010009765625,98.54010009765625,98.55000305175781,98.54010009765625,98.55000305175781,439.0
2024-08-27 13:50:00+00:00,AY,22.25,22.25,22.2549991607666,22.25,22.25,864.0
2024-08-27 13:50:00+00:00,CEG,195.6649932861328,195.6649932861328,195.6649932861328,195.6649932861328,195.6649932861328,992.0
2024-08-27 13:50:00+00:00,EXC,37.70500183105469,37.70500183105469,37.71500015258789,37.70500183105469,37.70500183105469,13874.0
2024-08-27 13:50:00+00:00,FLNC,18.799999237060547,18.799999237060547,18.809999465942383,18.799999237060547,18.799999237060547,967.0
2024-08-27 13:50:00+00:00,LNT,57.709999084472656,57.709999084472656,57.709999084472656,57.70000076293945,57.70000076293945,757.0
2024-08-27 13:50:00+00:00,MSEX,62.380001068115234,62.380001068115234,62.380001068115234,62.380001068115234,62.380001068115234,439.0
2024-08-27 13:50:00+00:00,NFE,12.90999984741211,12.90999984741211,12.90999984741211,12.90999984741211,12.90999984741211,2481.0
2024-08-27 13:50:00+00:00,OTTR,88.25,88.25,88.32499694824219,88.25,88.32499694824219,227.0
2024-08-27 13:50:00+00:00,XEL,60.84000015258789,60.84000015258789,60.845001220703125,60.83000183105469,60.83000183105469,1826.0
2024-08-27 13:51:00+00:00,AEP,98.61499786376953,98.61499786376953,98.61499786376953,98.57499694824219,98.57499694824219,5667.0
2024-08-27 13:51:00+00:00,ARTNA,35.599998474121094,35.599998474121094,35.599998474121094,35.599998474121094,35.599998474121094,584.0
2024-08-27 13:51:00+00:00,AY,22.2549991607666,22.2549991607666,22.2549991607666,22.2549991607666,22.2549991607666,64.0
2024-08-27 13:51:00+00:00,CEG,195.6649932861328,195.6649932861328,195.6649932861328,195.6649932861328,195.6649932861328,278.0
2024-08-27 13:51:00+00:00,EXC,37.755001068115234,37.755001068115234,37.755001068115234,37.689998626708984,37.70500183105469,70865.0
2024-08-27 13:51:00+00:00,FLNC,18.809999465942383,18.809999465942383,18.809999465942383,18.809999465942383,18.809999465942383,353.0
2024-08-27 13:51:00+00:00,LNT,57.72999954223633,57.72999954223633,57.72999954223633,57.72999954223633,57.72999954223633,776.0
2024-08-27 13:51:00+00:00,NFE,12.910300254821777,12.910300254821777,12.914999961853027,12.910300254821777,12.914999961853027,8334.0
2024-08-27 13:51:00+00:00,NWE,53.7400016784668,53.7400016784668,53.7400016784668,53.7400016784668,53.7400016784668,441.0
2024-08-27 13:51:00+00:00,WAVE,3.799999952316284,3.799999952316284,3.799999952316284,3.799999952316284,3.799999952316284,312.0
2024-08-27 13:51:00+00:00,XEL,60.869998931884766,60.869998931884766,60.869998931884766,60.849998474121094,60.849998474121094,1601.0
2024-08-27 13:52:00+00:00,AEP,98.66000366210938,98.66000366210938,98.66000366210938,98.6500015258789,98.66000366210938,3297.0
2024-08-27 13:52:00+00:00,AY,22.2549991607666,22.2549991607666,22.2549991607666,22.25,22.25,452.0
2024-08-27 13:52:00+00:00,CEG,195.82000732421875,195.82000732421875,195.82000732421875,195.6649932861328,195.6649932861328,2866.0
2024-08-27 13:52:00+00:00,EXC,37.75,37.75,37.75,37.75,37.75,2710.0
2024-08-27 13:52:00+00:00,FLNC,18.780000686645508,18.780000686645508,18.799999237060547,18.780000686645508,18.799999237060547,3268.0
2024-08-27 13:52:00+00:00,LNT,57.744998931884766,57.744998931884766,57.744998931884766,57.744998931884766,57.744998931884766,175.0
2024-08-27 13:52:00+00:00,NFE,12.899999618530273,12.899999618530273,12.914999961853027,12.899999618530273,12.914999961853027,5196.0
2024-08-27 13:52:00+00:00,OTTR,88.25499725341797,88.25499725341797,88.25499725341797,88.25499725341797,88.25499725341797,279.0
2024-08-27 13:53:00+00:00,AEP,98.66960144042969,98.66960144042969,98.69000244140625,98.66449737548828,98.69000244140625,9407.0
2024-08-27 13:53:00+00:00,AY,22.2549991607666,22.2549991607666,22.2549991607666,22.2549991607666,22.2549991607666,1086.0
2024-08-27 13:53:00+00:00,CEG,195.83999633789062,195.83999633789062,195.83999633789062,195.83999633789062,195.83999633789062,640.0
2024-08-27 13:53:00+00:00,EXC,37.755001068115234,37.755001068115234,37.7599983215332,37.75,37.7599983215332,2746.0
2024-08-27 13:53:00+00:00,FLNC,18.790000915527344,18.790000915527344,18.790000915527344,18.784000396728516,18.788000106811523,2483.0
2024-08-27 13:53:00+00:00,LNT,57.7599983215332,57.7599983215332,57.7599983215332,57.7599983215332,57.7599983215332,442.0
2024-08-27 13:53:00+00:00,NFE,12.890000343322754,12.890000343322754,12.904999732971191,12.890000343322754,12.904999732971191,4872.0
2024-08-27 13:53:00+00:00,OTTR,88.29000091552734,88.29000091552734,88.29000091552734,88.29000091552734,88.29000091552734,543.0
2024-08-27 13:53:00+00:00,RNW,5.684999942779541,5.684999942779541,5.684999942779541,5.684999942779541,5.684999942779541,333.0
2024-08-27 13:53:00+00:00,XEL,60.849998474121094,60.849998474121094,60.880001068115234,60.849998474121094,60.880001068115234,6103.0
2024-08-27 13:54:00+00:00,AEP,98.7249984741211,98.7249984741211,98.7249984741211,98.68000030517578,98.68000030517578,2716.0
2024-08-27 13:54:00+00:00,CEG,195.75999450683594,195.75999450683594,195.75999450683594,195.75999450683594,195.75999450683594,605.0
2024-08-27 13:54:00+00:00,CWCO,27.729999542236328,27.729999542236328,27.729999542236328,27.729999542236328,27.729999542236328,1000.0
2024-08-27 13:54:00+00:00,EXC,37.755001068115234,37.755001068115234,37.755001068115234,37.75,37.75,3697.0
2024-08-27 13:54:00+00:00,FLNC,18.799999237060547,18.799999237060547,18.799999237060547,18.799999237060547,18.799999237060547,1287.0
2024-08-27 13:54:00+00:00,LNT,57.7599983215332,57.7599983215332,57.7599983215332,57.7599983215332,57.7599983215332,306.0
2024-08-27 13:54:00+00:00,MSEX,62.599998474121094,62.599998474121094,62.599998474121094,62.470001220703125,62.470001220703125,208.0
2024-08-27 13:54:00+00:00,NFE,12.895000457763672,12.895000457763672,12.899999618530273,12.890000343322754,12.899999618530273,3739.0
2024-08-27 13:54:00+00:00,NWE,53.72999954223633,53.72999954223633,53.72999954223633,53.72999954223633,53.72999954223633,524.0
2024-08-27 13:54:00+00:00,XEL,60.880001068115234,60.880001068115234,60.880001068115234,60.8650016784668,60.8650016784668,8065.0
2024-08-27 13:55:00+00:00,AEP,98.69999694824219,98.69999694824219,98.7300033569336,98.69000244140625,98.7300033569336,2146.0
2024-08-27 13:55:00+00:00,AY,22.2549991607666,22.2549991607666,22.2549991607666,22.2549991607666,22.2549991607666,205.0
2024-08-27 13:55:00+00:00,CEG,195.75999450683594,195.75999450683594,195.75999450683594,195.75999450683594,195.75999450683594,859.0
2024-08-27 13:55:00+00:00,EXC,37.769901275634766,37.769901275634766,37.77000045776367,37.7588996887207,37.7588996887207,4587.0
2024-08-27 13:55:00+00:00,FLNC,18.799999237060547,18.799999237060547,18.799999237060547,18.780000686645508,18.780000686645508,1481.0
2024-08-27 13:55:00+00:00,LNT,57.7400016784668,57.7400016784668,57.75,57.7400016784668,57.75,528.0
2024-08-27 13:55:00+00:00,MNTK,4.574999809265137,4.574999809265137,4.574999809265137,4.574999809265137,4.574999809265137,200.0
2024-08-27 13:55:00+00:00,NFE,12.899999618530273,12.899999618530273,12.899999618530273,12.895000457763672,12.899999618530273,5613.0
2024-08-27 13:55:00+00:00,OPAL,3.5950000286102295,3.5950000286102295,3.5950000286102295,3.5899999141693115,3.5899999141693115,1790.0
2024-08-27 13:55:00+00:00,OTTR,88.31500244140625,88.31500244140625,88.31500244140625,88.31500244140625,88.31500244140625,145.0
2024-08-27 13:55:00+00:00,RNW,5.684999942779541,5.684999942779541,5.688799858093262,5.684999942779541,5.688799858093262,942.0
2024-08-27 13:55:00+00:00,XEL,60.880001068115234,60.880001068115234,60.880001068115234,60.880001068115234,60.880001068115234,427.0
2024-08-27 13:56:00+00:00,AEP,98.66999816894531,98.66999816894531,98.68000030517578,98.63999938964844,98.68000030517578,2257.0
2024-08-27 13:56:00+00:00,AY,22.250099182128906,22.250099182128906,22.250099182128906,22.250099182128906,22.250099182128906,145.0
2024-08-27 13:56:00+00:00,CEG,195.75999450683594,195.75999450683594,195.75999450683594,195.75999450683594,195.75999450683594,417.0
2024-08-27 13:56:00+00:00,CWCO,27.649999618530273,27.649999618530273,27.649999618530273,27.570100784301758,27.649999618530273,1703.0
2024-08-27 13:56:00+00:00,EXC,37.7599983215332,37.7599983215332,37.77000045776367,37.7599983215332,37.76499938964844,3739.0
2024-08-27 13:56:00+00:00,FLNC,18.819900512695312,18.819900512695312,18.819900512695312,18.795000076293945,18.799999237060547,2301.0
2024-08-27 13:56:00+00:00,LNT,57.720001220703125,57.720001220703125,57.720001220703125,57.720001220703125,57.720001220703125,391.0
2024-08-27 13:56:00+00:00,MSEX,62.599998474121094,62.599998474121094,62.599998474121094,62.599998474121094,62.599998474121094,510.0
2024-08-27 13:56:00+00:00,NFE,12.930000305175781,12.930000305175781,12.930000305175781,12.890000343322754,12.890000343322754,12797.0
2024-08-27 13:56:00+00:00,NWE,53.720001220703125,53.720001220703125,53.720001220703125,53.720001220703125,53.720001220703125,245.0
2024-08-27 13:56:00+00:00,OTTR,88.25,88.25,88.25,88.25,88.25,244.0
2024-08-27 13:56:00+00:00,XEL,60.86000061035156,60.86000061035156,60.880001068115234,60.86000061035156,60.880001068115234,5313.0
2024-08-27 13:57:00+00:00,AEP,98.67500305175781,98.67500305175781,98.68499755859375,98.66000366210938,98.66500091552734,2074.0
2024-08-27 13:57:00+00:00,AY,22.2549991607666,22.2549991607666,22.256000518798828,22.2549991607666,22.256000518798828,2260.0
2024-08-27 13:57:00+00:00,CEG,195.8300018310547,195.8300018310547,195.89999389648438,195.77000427246094,195.77000427246094,2023.0
2024-08-27 13:57:00+00:00,CWCO,27.570100784301758,27.570100784301758,27.579999923706055,27.56100082397461,27.579999923706055,980.0
2024-08-27 13:57:00+00:00,EXC,37.78499984741211,37.78499984741211,37.78499984741211,37.76499938964844,37.76499938964844,2957.0
2024-08-27 13:57:00+00:00,FLNC,18.829999923706055,18.829999923706055,18.829999923706055,18.81999969482422,18.81999969482422,2044.0
2024-08-27 13:57:00+00:00,LNT,57.72999954223633,57.72999954223633,57.72999954223633,57.720001220703125,57.720001220703125,1110.0
2024-08-27 13:57:00+00:00,MNTK,4.570000171661377,4.570000171661377,4.570000171661377,4.570000171661377,4.570000171661377,557.0
2024-08-27 13:57:00+00:00,NFE,12.920000076293945,12.920000076293945,12.930000305175781,12.920000076293945,12.920000076293945,4620.0
2024-08-27 13:57:00+00:00,NWE,53.70500183105469,53.70500183105469,53.70500183105469,53.70500183105469,53.70500183105469,273.0
2024-08-27 13:57:00+00:00,RNW,5.684999942779541,5.684999942779541,5.684999942779541,5.684999942779541,5.684999942779541,963.0
2024-08-27 13:57:00+00:00,XEL,60.869998931884766,60.869998931884766,60.88999938964844,60.8650016784668,60.880001068115234,6199.0
2024-08-27 13:58:00+00:00,ADN,3.2100000381469727,3.2100000381469727,3.2100000381469727,3.2100000381469727,3.2100000381469727,1258.0
2024-08-27 13:58:00+00:00,AEP,98.69010162353516,98.69010162353516,98.69999694824219,98.68000030517578,98.69000244140625,2488.0
2024-08-27 13:58:00+00:00,CEG,195.7100067138672,195.7100067138672,195.77999877929688,195.7100067138672,195.77999877929688,2030.0
2024-08-27 13:58:00+00:00,CWCO,27.604999542236328,27.604999542236328,27.604999542236328,27.604999542236328,27.604999542236328,316.0
2024-08-27 13:58:00+00:00,EXC,37.79499816894531,37.79499816894531,37.79499816894531,37.78499984741211,37.790000915527344,1848.0
2024-08-27 13:58:00+00:00,FLNC,18.81999969482422,18.81999969482422,18.829999923706055,18.81999969482422,18.829999923706055,1603.0
2024-08-27 13:58:00+00:00,LNT,57.7400016784668,57.7400016784668,57.7400016784668,57.7400016784668,57.7400016784668,502.0
2024-08-27 13:58:00+00:00,NFE,12.920000076293945,12.920000076293945,12.920000076293945,12.920000076293945,12.920000076293945,2709.0
2024-08-27 13:58:00+00:00,OPAL,3.5899999141693115,3.5899999141693115,3.5899999141693115,3.5899999141693115,3.5899999141693115,553.0
2024-08-27 13:58:00+00:00,OTTR,88.25,88.25,88.25,88.25,88.25,675.0
2024-08-27 13:58:00+00:00,RNW,5.684999942779541,5.684999942779541,5.684999942779541,5.679999828338623,5.679999828338623,1688.0
2024-08-27 13:58:00+00:00,XEL,60.900901794433594,60.900901794433594,60.904998779296875,60.8849983215332,60.8849983215332,1988.0
2024-08-27 13:59:00+00:00,AEP,98.69999694824219,98.69999694824219,98.69999694824219,98.68000030517578,98.68000030517578,1864.0
2024-08-27 13:59:00+00:00,AY,22.2549991607666,22.2549991607666,22.2549991607666,22.250099182128906,22.2549991607666,2655.0
2024-08-27 13:59:00+00:00,CEG,195.80999755859375,195.80999755859375,195.80999755859375,195.80999755859375,195.80999755859375,1314.0
2024-08-27 13:59:00+00:00,CWCO,27.56730079650879,27.56730079650879,27.56730079650879,27.56730079650879,27.56730079650879,1042.0
2024-08-27 13:59:00+00:00,EXC,37.79499816894531,37.79499816894531,37.79499816894531,37.79499816894531,37.79499816894531,398.0
2024-08-27 13:59:00+00:00,FLNC,18.829999923706055,18.829999923706055,18.829999923706055,18.829999923706055,18.829999923706055,203.0
2024-08-27 13:59:00+00:00,NFE,12.9399995803833,12.9399995803833,12.9399995803833,12.920000076293945,12.920000076293945,3870.0
2024-08-27 13:59:00+00:00,NWE,53.7400016784668,53.7400016784668,53.7400016784668,53.70500183105469,53.70500183105469,1284.0
2024-08-27 13:59:00+00:00,XEL,60.9093017578125,60.9093017578125,60.9093017578125,60.9093017578125,60.9093017578125,989.0
2024-08-27 14:00:00+00:00,AEP,98.68000030517578,98.68000030517578,98.69999694824219,98.68000030517578,98.69999694824219,1892.0
2024-08-27 14:00:00+00:00,CEG,195.82000732421875,195.82000732421875,195.82000732421875,195.72999572753906,195.72999572753906,771.0
2024-08-27 14:00:00+00:00,EXC,37.775001525878906,37.775001525878906,37.80500030517578,37.76499938964844,37.80500030517578,11662.0
2024-08-27 14:00:00+00:00,FLNC,18.84000015258789,18.84000015258789,18.84000015258789,18.81999969482422,18.81999969482422,1679.0
2024-08-27 14:00:00+00:00,LNT,57.7400016784668,57.7400016784668,57.7400016784668,57.7400016784668,57.7400016784668,372.0
2024-08-27 14:00:00+00:00,NFE,12.960000038146973,12.960000038146973,12.960000038146973,12.9399995803833,12.9399995803833,4352.0
2024-08-27 14:00:00+00:00,NWE,53.70000076293945,53.70000076293945,53.70000076293945,53.70000076293945,53.70000076293945,521.0
2024-08-27 14:00:00+00:00,OTTR,88.25499725341797,88.25499725341797,88.25499725341797,88.25499725341797,88.25499725341797,393.0
2024-08-27 14:00:00+00:00,RNW,5.684999942779541,5.684999942779541,5.684999942779541,5.684999942779541,5.684999942779541,178.0
2024-08-27 14:00:00+00:00,XEL,60.915000915527344,60.915000915527344,60.915000915527344,60.880001068115234,60.90999984741211,15697.0
2024-08-27 14:01:00+00:00,AEP,98.66500091552734,98.66500091552734,98.69000244140625,98.66000366210938,98.69000244140625,2970.0
2024-08-27 14:01:00+00:00,CEG,195.8249969482422,195.8249969482422,195.8249969482422,195.8249969482422,195.8249969482422,566.0
2024-08-27 14:01:00+00:00,EXC,37.775001525878906,37.775001525878906,37.775001525878906,37.77000045776367,37.775001525878906,6438.0
2024-08-27 14:01:00+00:00,FLNC,18.850000381469727,18.850000381469727,18.850000381469727,18.834999084472656,18.84000015258789,1549.0
2024-08-27 14:01:00+00:00,LNT,57.720001220703125,57.720001220703125,57.720001220703125,57.720001220703125,57.720001220703125,1446.0
2024-08-27 14:01:00+00:00,NFE,12.960000038146973,12.960000038146973,12.960000038146973,12.949999809265137,12.949999809265137,2047.0
2024-08-27 14:01:00+00:00,OTTR,88.33999633789062,88.33999633789062,88.44499969482422,88.2750015258789,88.2750015258789,16541.0
2024-08-27 14:01:00+00:00,RNW,5.684999942779541,5.684999942779541,5.684999942779541,5.684999942779541,5.684999942779541,216.0
2024-08-27 14:01:00+00:00,XEL,60.92250061035156,60.92250061035156,60.92599868774414,60.90999984741211,60.90999984741211,6355.0
2024-08-27 14:02:00+00:00,AEP,98.63999938964844,98.63999938964844,98.6500015258789,98.62999725341797,98.6500015258789,2569.0
2024-08-27 14:02:00+00:00,CEG,195.6999969482422,195.6999969482422,195.6999969482422,195.6199951171875,195.6999969482422,2284.0
2024-08-27 14:02:00+00:00,EXC,37.779998779296875,37.779998779296875,37.779998779296875,37.775001525878906,37.775001525878906,712.0
2024-08-27 14:02:00+00:00,FLNC,18.834999084472656,18.834999084472656,18.850000381469727,18.834999084472656,18.850000381469727,1444.0
2024-08-27 14:02:00+00:00,LNT,57.72990036010742,57.72990036010742,57.72990036010742,57.72990036010742,57.72990036010742,1202.0
2024-08-27 14:02:00+00:00,NFE,12.949999809265137,12.949999809265137,12.960000038146973,12.949999809265137,12.960000038146973,6638.0
2024-08-27 14:02:00+00:00,PCYO,10.515000343322754,10.515000343322754,10.515000343322754,10.515000343322754,10.515000343322754,219.0
2024-08-27 14:02:00+00:00,RNW,5.684999942779541,5.684999942779541,5.684999942779541,5.684999942779541,5.684999942779541,176.0
2024-08-27 14:02:00+00:00,XEL,60.90999984741211,60.90999984741211,60.92499923706055,60.90999984741211,60.91999816894531,7075.0
2024-08-27 14:02:00+00:00,YORW,38.38999938964844,38.38999938964844,38.38999938964844,38.38999938964844,38.38999938964844,2306.0
2024-08-27 14:03:00+00:00,AEP,98.61499786376953,98.61499786376953,98.63999938964844,98.61499786376953,98.63999938964844,7346.0
2024-08-27 14:03:00+00:00,CEG,195.60000610351562,195.60000610351562,195.75259399414062,195.60000610351562,195.60000610351562,1025.0
2024-08-27 14:03:00+00:00,EXC,37.77000045776367,37.77000045776367,37.775001525878906,37.77000045776367,37.775001525878906,1356.0
2024-08-27 14:03:00+00:00,FLNC,18.8799991607666,18.8799991607666,18.8799991607666,18.850000381469727,18.850000381469727,1907.0
2024-08-27 14:03:00+00:00,LNT,57.720001220703125,57.720001220703125,57.72999954223633,57.720001220703125,57.72999954223633,379.0
2024-08-27 14:03:00+00:00,MNTK,4.570000171661377,4.570000171661377,4.570000171661377,4.570000171661377,4.570000171661377,130.0
2024-08-27 14:03:00+00:00,NFE,12.960000038146973,12.960000038146973,12.960000038146973,12.949999809265137,12.949999809265137,6899.0
2024-08-27 14:03:00+00:00,RNW,5.684999942779541,5.684999942779541,5.684999942779541,5.684999942779541,5.684999942779541,414.0
2024-08-27 14:03:00+00:00,XEL,60.90999984741211,60.90999984741211,60.91999816894531,60.90999984741211,60.90999984741211,4332.0
2024-08-27 14:04:00+00:00,AEP,98.69999694824219,98.69999694824219,98.69999694824219,98.63999938964844,98.63999938964844,2998.0
2024-08-27 14:04:00+00:00,AY,22.2549991607666,22.2549991607666,22.260000228881836,22.2549991607666,22.260000228881836,1303.0
2024-08-27 14:04:00+00:00,CEG,195.60000610351562,195.60000610351562,195.60000610351562,195.60000610351562,195.60000610351562,333.0
2024-08-27 14:04:00+00:00,CWCO,27.635000228881836,27.635000228881836,27.635000228881836,27.635000228881836,27.635000228881836,750.0
2024-08-27 14:04:00+00:00,EXC,37.810001373291016,37.810001373291016,37.810001373291016,37.779998779296875,37.779998779296875,4106.0
2024-08-27 14:04:00+00:00,FLNC,18.889999389648438,18.889999389648438,18.889999389648438,18.8799991607666,18.8799991607666,1787.0
2024-08-27 14:04:00+00:00,LNT,57.72999954223633,57.72999954223633,57.72999954223633,57.72999954223633,57.72999954223633,1431.0
2024-08-27 14:04:00+00:00,MNTK,4.570000171661377,4.570000171661377,4.570000171661377,4.570000171661377,4.570000171661377,300.0
2024-08-27 14:04:00+00:00,NFE,12.960000038146973,12.960000038146973,12.960000038146973,12.960000038146973,12.960000038146973,141.0
2024-08-27 14:04:00+00:00,OTTR,88.32499694824219,88.32499694824219,88.32499694824219,88.26499938964844,88.26499938964844,1099.0
2024-08-27 14:04:00+00:00,RNW,5.690000057220459,5.690000057220459,5.690000057220459,5.690000057220459,5.690000057220459,362.0
2024-08-27 14:04:00+00:00,XEL,60.93600082397461,60.93600082397461,60.93600082397461,60.90999984741211,60.90999984741211,5168.0
2024-08-27 14:05:00+00:00,AEP,98.68499755859375,98.68499755859375,98.69999694824219,98.68499755859375,98.69999694824219,2443.0
2024-08-27 14:05:00+00:00,CEG,195.6300048828125,195.6300048828125,195.75999450683594,195.61000061035156,195.61000061035156,1700.0
2024-08-27 14:05:00+00:00,CWCO,27.799999237060547,27.799999237060547,27.799999237060547,27.68000030517578,27.68000030517578,457.0
2024-08-27 14:05:00+00:00,EXC,37.80500030517578,37.80500030517578,37.80500030517578,37.80500030517578,37.80500030517578,1012.0
2024-08-27 14:05:00+00:00,FLNC,18.899999618530273,18.899999618530273,18.90999984741211,18.889999389648438,18.889999389648438,1134.0
2024-08-27 14:05:00+00:00,MGEE,86.44000244140625,86.44000244140625,86.61499786376953,86.19999694824219,86.56500244140625,4665.0
2024-08-27 14:05:00+00:00,MNTK,4.574999809265137,4.574999809265137,4.574999809265137,4.570000171661377,4.570000171661377,364.0
2024-08-27 14:05:00+00:00,MSEX,62.599998474121094,62.599998474121094,62.599998474121094,62.599998474121094,62.599998474121094,445.0
2024-08-27 14:05:00+00:00,NFE,12.960000038146973,12.960000038146973,12.961199760437012,12.960000038146973,12.960000038146973,4636.0
2024-08-27 14:05:00+00:00,RNW,5.690000057220459,5.690000057220459,5.690000057220459,5.690000057220459,5.690000057220459,402.0
2024-08-27 14:05:00+00:00,XEL,60.91999816894531,60.91999816894531,60.935001373291016,60.91999816894531,60.935001373291016,4772.0
2024-08-27 14:05:00+00:00,YORW,38.5099983215332,38.5099983215332,38.529998779296875,38.5099983215332,38.529998779296875,611.0
2024-08-27 14:06:00+00:00,AEP,98.69499969482422,98.69499969482422,98.69499969482422,98.68000030517578,98.68000030517578,1788.0
2024-08-27 14:06:00+00:00,ARTNA,35.560001373291016,35.560001373291016,35.564998626708984,35.5,35.560001373291016,1433.0
2024-08-27 14:06:00+00:00,AY,22.25,22.25,22.260000228881836,22.25,22.25200080871582,913.0
2024-08-27 14:06:00+00:00,CEG,195.8000030517578,195.8000030517578,195.9499969482422,195.79319763183594,195.80999755859375,1475.0
2024-08-27 14:06:00+00:00,EXC,37.790000915527344,37.790000915527344,37.80500030517578,37.790000915527344,37.80500030517578,6918.0
2024-08-27 14:06:00+00:00,FLNC,18.889999389648438,18.889999389648438,18.899999618530273,18.889999389648438,18.899999618530273,2410.0
2024-08-27 14:06:00+00:00,LNT,57.72999954223633,57.72999954223633,57.72999954223633,57.72999954223633,57.72999954223633,782.0
2024-08-27 14:06:00+00:00,MSEX,62.68000030517578,62.68000030517578,62.68000030517578,62.63999938964844,62.63999938964844,840.0
2024-08-27 14:06:00+00:00,NFE,12.960000038146973,12.960000038146973,12.960000038146973,12.954999923706055,12.960000038146973,1656.0
2024-08-27 14:06:00+00:00,NWE,53.78499984741211,53.78499984741211,53.78499984741211,53.75,53.75,1496.0
2024-08-27 14:06:00+00:00,RNW,5.699999809265137,5.699999809265137,5.699999809265137,5.690000057220459,5.690000057220459,2228.0
2024-08-27 14:06:00+00:00,XEL,60.93000030517578,60.93000030517578,60.93000030517578,60.90999984741211,60.90999984741211,3452.0
2024-08-27 14:07:00+00:00,AEP,98.64409637451172,98.64409637451172,98.69000244140625,98.63999938964844,98.69000244140625,2752.0
2024-08-27 14:07:00+00:00,ARTNA,35.56999969482422,35.56999969482422,35.599998474121094,35.52000045776367,35.599998474121094,1318.0
2024-08-27 14:07:00+00:00,AY,22.2549991607666,22.2549991607666,22.2549991607666,22.25,22.25,514.0
2024-08-27 14:07:00+00:00,CEG,195.9199981689453,195.9199981689453,196.02999877929688,195.88999938964844,195.88999938964844,2710.0
2024-08-27 14:07:00+00:00,EXC,37.78499984741211,37.78499984741211,37.78499984741211,37.78499984741211,37.78499984741211,519.0
2024-08-27 14:07:00+00:00,FLNC,18.899999618530273,18.899999618530273,18.899999618530273,18.899999618530273,18.899999618530273,962.0
2024-08-27 14:07:00+00:00,MNTK,4.573999881744385,4.573999881744385,4.573999881744385,4.573999881744385,4.573999881744385,570.0
2024-08-27 14:07:00+00:00,NFE,12.954999923706055,12.954999923706055,12.960000038146973,12.949999809265137,12.960000038146973,3644.0
2024-08-27 14:07:00+00:00,PCYO,10.510000228881836,10.510000228881836,10.510000228881836,10.510000228881836,10.510000228881836,243.0
2024-08-27 14:07:00+00:00,RNW,5.699999809265137,5.699999809265137,5.699999809265137,5.699999809265137,5.699999809265137,304.0
2024-08-27 14:07:00+00:00,XEL,60.90999984741211,60.90999984741211,60.935001373291016,60.90999984741211,60.935001373291016,6934.0
2024-08-27 14:07:00+00:00,YORW,38.529998779296875,38.529998779296875,38.529998779296875,38.529998779296875,38.529998779296875,439.0
2024-08-27 14:08:00+00:00,AEP,98.68000030517578,98.68000030517578,98.68000030517578,98.6449966430664,98.6449966430664,7635.0
2024-08-27 14:08:00+00:00,AY,22.25,22.25,22.25,22.25,22.25,933.0
2024-08-27 14:08:00+00:00,CEG,195.8000030517578,195.8000030517578,195.8000030517578,195.79269409179688,195.79269409179688,759.0
2024-08-27 14:08:00+00:00,EXC,37.790000915527344,37.790000915527344,37.790000915527344,37.78499984741211,37.78499984741211,3700.0
2024-08-27 14:08:00+00:00,FLNC,18.899999618530273,18.899999618530273,18.90999984741211,18.899499893188477,18.899999618530273,1454.0
2024-08-27 14:08:00+00:00,LNT,57.7400016784668,57.7400016784668,57.7400016784668,57.709999084472656,57.709999084472656,1481.0
2024-08-27 14:08:00+00:00,MNTK,4.579999923706055,4.579999923706055,4.579999923706055,4.579999923706055,4.579999923706055,1017.0
2024-08-27 14:08:00+00:00,NFE,12.954999923706055,12.954999923706055,12.954999923706055,12.949999809265137,12.954999923706055,2657.0
2024-08-27 14:08:00+00:00,RNW,5.699999809265137,5.699999809265137,5.699999809265137,5.699999809265137,5.699999809265137,365.0
2024-08-27 14:08:00+00:00,XEL,60.88999938964844,60.88999938964844,60.88999938964844,60.8849983215332,60.8849983215332,815.0
2024-08-27 14:09:00+00:00,AEP,98.6500015258789,98.6500015258789,98.66999816894531,98.63999938964844,98.66999816894531,654.0
2024-08-27 14:09:00+00:00,CEG,195.8000030517578,195.8000030517578,195.8000030517578,195.8000030517578,195.8000030517578,770.0
2024-08-27 14:09:00+00:00,EXC,37.775001525878906,37.775001525878906,37.790000915527344,37.775001525878906,37.790000915527344,3948.0
2024-08-27 14:09:00+00:00,FLNC,18.899999618530273,18.899999618530273,18.899999618530273,18.899999618530273,18.899999618530273,1372.0
2024-08-27 14:09:00+00:00,MNTK,4.590000152587891,4.590000152587891,4.590000152587891,4.590000152587891,4.590000152587891,735.0
2024-08-27 14:09:00+00:00,MSEX,62.849998474121094,62.849998474121094,62.849998474121094,62.84000015258789,62.84000015258789,416.0
2024-08-27 14:09:00+00:00,NFE,12.949999809265137,12.949999809265137,12.954999923706055,12.944999694824219,12.954999923706055,4876.0
2024-08-27 14:09:00+00:00,OPAL,3.5899999141693115,3.5899999141693115,3.5899999141693115,3.5899999141693115,3.5899999141693115,300.0
2024-08-27 14:09:00+00:00,OTTR,88.34500122070312,88.34500122070312,88.34500122070312,88.32499694824219,88.33000183105469,1121.0
2024-08-27 14:09:00+00:00,RNW,5.704999923706055,5.704999923706055,5.704999923706055,5.704999923706055,5.704999923706055,1559.0
2024-08-27 14:09:00+00:00,XEL,60.89500045776367,60.89500045776367,60.900001525878906,60.89500045776367,60.89500045776367,4431.0
2024-08-27 14:10:00+00:00,AEP,98.66999816894531,98.66999816894531,98.66999816894531,98.63999938964844,98.63999938964844,2072.0
2024-08-27 14:10:00+00:00,CEG,195.6999969482422,195.6999969482422,195.8000030517578,195.6999969482422,195.6999969482422,757.0
2024-08-27 14:10:00+00:00,EXC,37.790000915527344,37.790000915527344,37.790000915527344,37.779998779296875,37.779998779296875,3089.0
2024-08-27 14:10:00+00:00,FLNC,18.899999618530273,18.899999618530273,18.899999618530273,18.899999618530273,18.899999618530273,1289.0
2024-08-27 14:10:00+00:00,LNT,57.7400016784668,57.7400016784668,57.7400016784668,57.720001220703125,57.720001220703125,1139.0
2024-08-27 14:10:00+00:00,MNTK,4.590000152587891,4.590000152587891,4.590000152587891,4.590000152587891,4.590000152587891,2324.0
2024-08-27 14:10:00+00:00,NFE,12.949999809265137,12.949999809265137,12.960000038146973,12.944999694824219,12.960000038146973,6535.0
2024-08-27 14:10:00+00:00,OTTR,88.34500122070312,88.34500122070312,88.34500122070312,88.34500122070312,88.34500122070312,494.0
2024-08-27 14:10:00+00:00,RNW,5.710000038146973,5.710000038146973,5.715000152587891,5.704999923706055,5.704999923706055,8379.0
2024-08-27 14:10:00+00:00,XEL,60.900001525878906,60.900001525878906,60.904998779296875,60.88999938964844,60.900001525878906,5339.0
2024-08-27 14:11:00+00:00,AEP,98.66000366210938,98.66000366210938,98.66999816894531,98.6500015258789,98.66500091552734,4147.0
2024-08-27 14:11:00+00:00,ARTNA,35.70000076293945,35.70000076293945,35.70000076293945,35.630001068115234,35.630001068115234,607.0
2024-08-27 14:11:00+00:00,AY,22.25,22.25,22.25,22.25,22.25,617.0
2024-08-27 14:11:00+00:00,CEG,195.6999969482422,195.6999969482422,195.81649780273438,195.6999969482422,195.81649780273438,809.0
2024-08-27 14:11:00+00:00,CWCO,27.722000122070312,27.722000122070312,27.732500076293945,27.649999618530273,27.690000534057617,3721.0
2024-08-27 14:11:00+00:00,EXC,37.79209899902344,37.79209899902344,37.79209899902344,37.78499984741211,37.78499984741211,2340.0
2024-08-27 14:11:00+00:00,FLNC,18.920000076293945,18.920000076293945,18.93000030517578,18.905000686645508,18.90999984741211,3476.0
2024-08-27 14:11:00+00:00,LNT,57.7400016784668,57.7400016784668,57.7400016784668,57.72999954223633,57.72999954223633,506.0
2024-08-27 14:11:00+00:00,MNTK,4.559999942779541,4.559999942779541,4.590000152587891,4.559999942779541,4.590000152587891,2606.0
2024-08-27 14:11:00+00:00,NFE,12.949999809265137,12.949999809265137,12.949999809265137,12.949999809265137,12.949999809265137,2204.0
2024-08-27 14:11:00+00:00,NWE,53.810001373291016,53.810001373291016,53.810001373291016,53.810001373291016,53.810001373291016,561.0
2024-08-27 14:11:00+00:00,OTTR,88.41000366210938,88.41000366210938,88.44000244140625,88.375,88.41999816894531,1004.0
2024-08-27 14:11:00+00:00,RNW,5.705999851226807,5.705999851226807,5.705999851226807,5.705999851226807,5.705999851226807,1622.0
2024-08-27 14:11:00+00:00,WAVE,3.7005999088287354,3.7005999088287354,3.780100107192993,3.7005999088287354,3.780100107192993,1982.0
2024-08-27 14:11:00+00:00,XEL,60.92499923706055,60.92499923706055,60.93000030517578,60.90999984741211,60.90999984741211,3816.0
2024-08-27 14:12:00+00:00,AEP,98.68000030517578,98.68000030517578,98.69000244140625,98.6500015258789,98.66000366210938,4924.0
2024-08-27 14:12:00+00:00,CEG,195.76499938964844,195.76499938964844,195.76499938964844,195.76499938964844,195.76499938964844,126.0
2024-08-27 14:12:00+00:00,EXC,37.79990005493164,37.79990005493164,37.79999923706055,37.79990005493164,37.79999923706055,1657.0
2024-08-27 14:12:00+00:00,FLNC,18.899999618530273,18.899999618530273,18.93000030517578,18.899999618530273,18.93000030517578,6131.0
2024-08-27 14:12:00+00:00,LNT,57.7400016784668,57.7400016784668,57.75,57.7400016784668,57.75,535.0
2024-08-27 14:12:00+00:00,NFE,12.949999809265137,12.949999809265137,12.949999809265137,12.949999809265137,12.949999809265137,1211.0
2024-08-27 14:12:00+00:00,OTTR,88.41500091552734,88.41500091552734,88.41500091552734,88.41500091552734,88.41500091552734,137.0
2024-08-27 14:12:00+00:00,XEL,60.900001525878906,60.900001525878906,60.92499923706055,60.88999938964844,60.92499923706055,9393.0
2024-08-27 14:13:00+00:00,AEP,98.69999694824219,98.69999694824219,98.70999908447266,98.68000030517578,98.68000030517578,2334.0
2024-08-27 14:13:00+00:00,AY,22.25,22.25,22.25,22.25,22.25,465.0
2024-08-27 14:13:00+00:00,CEG,195.74620056152344,195.74620056152344,195.74620056152344,195.6199951171875,195.6199951171875,689.0
2024-08-27 14:13:00+00:00,EXC,37.79999923706055,37.79999923706055,37.79999923706055,37.79499816894531,37.79499816894531,1479.0
2024-08-27 14:13:00+00:00,FLNC,18.90999984741211,18.90999984741211,18.90999984741211,18.90999984741211,18.90999984741211,748.0
2024-08-27 14:13:00+00:00,MNTK,4.539999961853027,4.539999961853027,4.539999961853027,4.539999961853027,4.539999961853027,996.0
2024-08-27 14:13:00+00:00,NFE,12.9399995803833,12.9399995803833,12.9399995803833,12.925000190734863,12.9399995803833,8576.0
2024-08-27 14:13:00+00:00,NWE,53.790000915527344,53.790000915527344,53.790000915527344,53.790000915527344,53.790000915527344,604.0
2024-08-27 14:13:00+00:00,OTTR,88.44999694824219,88.44999694824219,88.44999694824219,88.44999694824219,88.44999694824219,694.0
2024-08-27 14:13:00+00:00,XEL,60.92259979248047,60.92259979248047,60.92599868774414,60.90999984741211,60.90999984741211,2404.0
2024-08-27 14:14:00+00:00,AEP,98.70999908447266,98.70999908447266,98.72989654541016,98.70999908447266,98.72989654541016,2454.0
2024-08-27 14:14:00+00:00,ARTNA,35.807498931884766,35.807498931884766,35.807498931884766,35.807498931884766,35.807498931884766,142.0
2024-08-27 14:14:00+00:00,AY,22.25,22.25,22.25,22.25,22.25,773.0
2024-08-27 14:14:00+00:00,CEG,195.6300048828125,195.6300048828125,195.69000244140625,195.6300048828125,195.69000244140625,758.0
2024-08-27 14:14:00+00:00,EXC,37.79999923706055,37.79999923706055,37.809898376464844,37.79999923706055,37.79999923706055,4223.0
2024-08-27 14:14:00+00:00,FLNC,18.90999984741211,18.90999984741211,18.90999984741211,18.889999389648438,18.90999984741211,2959.0
2024-08-27 14:14:00+00:00,LNT,57.75,57.75,57.75,57.75,57.75,362.0
2024-08-27 14:14:00+00:00,MNTK,4.539999961853027,4.539999961853027,4.539999961853027,4.539999961853027,4.539999961853027,480.0
2024-08-27 14:14:00+00:00,NFE,12.920000076293945,12.920000076293945,12.930000305175781,12.920000076293945,12.930000305175781,915.0
2024-08-27 14:14:00+00:00,OTTR,88.42500305175781,88.42500305175781,88.42500305175781,88.42500305175781,88.42500305175781,623.0
2024-08-27 14:14:00+00:00,XEL,60.93000030517578,60.93000030517578,60.93000030517578,60.93000030517578,60.93000030517578,1035.0
2024-08-27 14:15:00+00:00,AEP,98.70999908447266,98.70999908447266,98.71499633789062,98.70500183105469,98.71499633789062,1373.0
2024-08-27 14:15:00+00:00,CEG,195.875,195.875,195.9499969482422,195.76499938964844,195.76499938964844,1642.0
2024-08-27 14:15:00+00:00,EXC,37.80500030517578,37.80500030517578,37.80500030517578,37.79999923706055,37.80500030517578,2083.0
2024-08-27 14:15:00+00:00,FLNC,18.93000030517578,18.93000030517578,18.93000030517578,18.920000076293945,18.920000076293945,1455.0
2024-08-27 14:15:00+00:00,LNT,57.75,57.75,57.75,57.75,57.75,499.0
2024-08-27 14:15:00+00:00,NFE,12.930000305175781,12.930000305175781,12.930000305175781,12.930000305175781,12.930000305175781,1441.0
2024-08-27 14:15:00+00:00,NWE,53.755001068115234,53.755001068115234,53.775001525878906,53.75,53.775001525878906,785.0
2024-08-27 14:15:00+00:00,OTTR,88.41000366210938,88.41000366210938,88.44499969482422,88.41000366210938,88.44499969482422,1227.0
2024-08-27 14:15:00+00:00,XEL,60.959999084472656,60.959999084472656,60.959999084472656,60.959999084472656,60.959999084472656,1463.0
2024-08-27 14:16:00+00:00,AEP,98.70999908447266,98.70999908447266,98.72000122070312,98.69999694824219,98.69999694824219,1046.0
2024-08-27 14:16:00+00:00,AY,22.25,22.25,22.2549991607666,22.25,22.2549991607666,554.0
2024-08-27 14:16:00+00:00,CDZIP,15.350000381469727,15.350000381469727,15.350000381469727,15.350000381469727,15.350000381469727,200.0
2024-08-27 14:16:00+00:00,CEG,195.72000122070312,195.72000122070312,195.875,195.72000122070312,195.875,907.0
2024-08-27 14:16:00+00:00,EXC,37.809898376464844,37.809898376464844,37.809898376464844,37.80500030517578,37.80500030517578,3220.0
2024-08-27 14:16:00+00:00,FLNC,18.90999984741211,18.90999984741211,18.93000030517578,18.899999618530273,18.93000030517578,2471.0
2024-08-27 14:16:00+00:00,HTOO,0.6299999952316284,0.6299999952316284,0.6299999952316284,0.6299999952316284,0.6299999952316284,1339.0
2024-08-27 14:16:00+00:00,LNT,57.75,57.75,57.75,57.7400016784668,57.75,1937.0
2024-08-27 14:16:00+00:00,NFE,12.90999984741211,12.90999984741211,12.920000076293945,12.90999984741211,12.920000076293945,5538.0
2024-08-27 14:16:00+00:00,XEL,60.935001373291016,60.935001373291016,60.935001373291016,60.935001373291016,60.935001373291016,812.0
2024-08-27 14:17:00+00:00,AEP,98.69000244140625,98.69000244140625,98.7300033569336,98.69000244140625,98.70999908447266,6359.0
2024-08-27 14:17:00+00:00,AY,22.25,22.25,22.25,22.25,22.25,485.0
2024-08-27 14:17:00+00:00,CEG,195.75,195.75,195.75,195.75,195.75,345.0
2024-08-27 14:17:00+00:00,EXC,37.79999923706055,37.79999923706055,37.79999923706055,37.79999923706055,37.79999923706055,721.0
2024-08-27 14:17:00+00:00,FLNC,18.889999389648438,18.889999389648438,18.899999618530273,18.889999389648438,18.899999618530273,851.0
2024-08-27 14:17:00+00:00,LNT,57.72999954223633,57.72999954223633,57.75,57.72999954223633,57.75,793.0
2024-08-27 14:17:00+00:00,NFE,12.899999618530273,12.899999618530273,12.90999984741211,12.899999618530273,12.90999984741211,3479.0
2024-08-27 14:17:00+00:00,XEL,60.959999084472656,60.959999084472656,60.959999084472656,60.95000076293945,60.95000076293945,2177.0
2024-08-27 14:18:00+00:00,AEP,98.66000366210938,98.66000366210938,98.66999816894531,98.66000366210938,98.66999816894531,2778.0
2024-08-27 14:18:00+00:00,CEG,195.78500366210938,195.78500366210938,195.86000061035156,195.7100067138672,195.86000061035156,1833.0
2024-08-27 14:18:00+00:00,EXC,37.80500030517578,37.80500030517578,37.80500030517578,37.79499816894531,37.79999923706055,4264.0
2024-08-27 14:18:00+00:00,FLNC,18.844999313354492,18.844999313354492,18.8700008392334,18.844999313354492,18.8700008392334,1279.0
2024-08-27 14:18:00+00:00,LNT,57.72999954223633,57.72999954223633,57.72999954223633,57.720001220703125,57.720001220703125,882.0
2024-08-27 14:18:00+00:00,MNTK,4.539999961853027,4.539999961853027,4.539999961853027,4.53000020980835,4.53000020980835,304.0
2024-08-27 14:18:00+00:00,MSEX,62.81999969482422,62.81999969482422,62.81999969482422,62.81999969482422,62.81999969482422,141.0
2024-08-27 14:18:00+00:00,NFE,12.899999618530273,12.899999618530273,12.899999618530273,12.895000457763672,12.899999618530273,5184.0
2024-08-27 14:18:00+00:00,PCYO,10.520000457763672,10.520000457763672,10.520000457763672,10.520000457763672,10.520000457763672,1250.0
2024-08-27 14:18:00+00:00,RNW,5.704999923706055,5.704999923706055,5.704999923706055,5.704999923706055,5.704999923706055,531.0
2024-08-27 14:18:00+00:00,XEL,60.94499969482422,60.94499969482422,60.94499969482422,60.93000030517578,60.93000030517578,2458.0
2024-08-27 14:19:00+00:00,AEP,98.72000122070312,98.72000122070312,98.72000122070312,98.69999694824219,98.69999694824219,2174.0
2024-08-27 14:19:00+00:00,AY,22.25,22.25,22.25,22.25,22.25,387.0
2024-08-27 14:19:00+00:00,CEG,195.91000366210938,195.91000366210938,195.91000366210938,195.72999572753906,195.72999572753906,2867.0
2024-08-27 14:19:00+00:00,EXC,37.810001373291016,37.810001373291016,37.81999969482422,37.80500030517578,37.80500030517578,5641.0
2024-08-27 14:19:00+00:00,FLNC,18.8799991607666,18.8799991607666,18.889999389648438,18.860000610351562,18.8700008392334,2174.0
2024-08-27 14:19:00+00:00,LNT,57.7599983215332,57.7599983215332,57.7599983215332,57.72949981689453,57.72949981689453,1066.0
2024-08-27 14:19:00+00:00,NFE,12.904999732971191,12.904999732971191,12.904999732971191,12.899999618530273,12.899999618530273,3758.0
2024-08-27 14:19:00+00:00,OTTR,88.33000183105469,88.33000183105469,88.33000183105469,88.32499694824219,88.32499694824219,883.0
2024-08-27 14:19:00+00:00,XEL,60.95500183105469,60.95500183105469,60.958900451660156,60.95000076293945,60.958900451660156,869.0
2024-08-27 14:20:00+00:00,AEP,98.69999694824219,98.69999694824219,98.71499633789062,98.69830322265625,98.71499633789062,2228.0
2024-08-27 14:20:00+00:00,AY,22.25,22.25,22.25,22.25,22.25,363.0
2024-08-27 14:20:00+00:00,CEG,195.88999938964844,195.88999938964844,196.1300048828125,195.88999938964844,196.10000610351562,710.0
2024-08-27 14:20:00+00:00,EXC,37.810001373291016,37.810001373291016,37.810001373291016,37.810001373291016,37.810001373291016,674.0
2024-08-27 14:20:00+00:00,FLNC,18.885000228881836,18.885000228881836,18.899999618530273,18.873600006103516,18.873600006103516,2008.0
2024-08-27 14:20:00+00:00,LNT,57.7599983215332,57.7599983215332,57.76100158691406,57.7599983215332,57.76100158691406,847.0
2024-08-27 14:20:00+00:00,MNTK,4.53000020980835,4.53000020980835,4.53000020980835,4.53000020980835,4.53000020980835,410.0
2024-08-27 14:20:00+00:00,NFE,12.899999618530273,12.899999618530273,12.90999984741211,12.899999618530273,12.904999732971191,5365.0
2024-08-27 14:20:00+00:00,NWE,53.755001068115234,53.755001068115234,53.755001068115234,53.755001068115234,53.755001068115234,388.0
2024-08-27 14:20:00+00:00,OTTR,88.26249694824219,88.26249694824219,88.26249694824219,88.26249694824219,88.26249694824219,147.0
2024-08-27 14:20:00+00:00,RNW,5.710000038146973,5.710000038146973,5.710000038146973,5.710000038146973,5.710000038146973,1118.0
2024-08-27 14:20:00+00:00,XEL,60.959999084472656,60.959999084472656,60.959999084472656,60.95000076293945,60.954498291015625,1253.0
2024-08-27 14:21:00+00:00,AEP,98.69000244140625,98.69000244140625,98.69999694824219,98.69000244140625,98.69999694824219,1464.0
2024-08-27 14:21:00+00:00,ARTNA,35.810001373291016,35.810001373291016,35.810001373291016,35.810001373291016,35.810001373291016,223.0
2024-08-27 14:21:00+00:00,AY,22.250200271606445,22.250200271606445,22.250200271606445,22.250200271606445,22.250200271606445,771.0
2024-08-27 14:21:00+00:00,CEG,195.89999389648438,195.89999389648438,195.89999389648438,195.89999389648438,195.89999389648438,552.0
2024-08-27 14:21:00+00:00,EXC,37.80500030517578,37.80500030517578,37.814998626708984,37.80500030517578,37.814998626708984,4758.0
2024-08-27 14:21:00+00:00,FLNC,18.90999984741211,18.90999984741211,18.90999984741211,18.889999389648438,18.899999618530273,853.0
2024-08-27 14:21:00+00:00,LNT,57.75,57.75,57.75,57.75,57.75,1499.0
2024-08-27 14:21:00+00:00,NFE,12.925000190734863,12.925000190734863,12.925000190734863,12.895000457763672,12.904999732971191,30034.0
2024-08-27 14:21:00+00:00,OPAL,3.5899999141693115,3.5899999141693115,3.5899999141693115,3.5899999141693115,3.5899999141693115,1011.0
2024-08-27 14:21:00+00:00,OTTR,88.23500061035156,88.23500061035156,88.23500061035156,88.23500061035156,88.23500061035156,387.0
2024-08-27 14:21:00+00:00,RNW,5.710000038146973,5.710000038146973,5.710000038146973,5.710000038146973,5.710000038146973,507.0
2024-08-27 14:21:00+00:00,XEL,60.939998626708984,60.939998626708984,60.95000076293945,60.93000030517578,60.95000076293945,2887.0
2024-08-27 14:22:00+00:00,AEP,98.66000366210938,98.66000366210938,98.68000030517578,98.65049743652344,98.68000030517578,2606.0
2024-08-27 14:22:00+00:00,AY,22.25,22.25,22.25,22.25,22.25,335.0
2024-08-27 14:22:00+00:00,CEG,195.88999938964844,195.88999938964844,195.9949951171875,195.88999938964844,195.9949951171875,1311.0
2024-08-27 14:22:00+00:00,EXC,37.80500030517578,37.80500030517578,37.80500030517578,37.80500030517578,37.80500030517578,562.0
2024-08-27 14:22:00+00:00,FLNC,18.90999984741211,18.90999984741211,18.90999984741211,18.899999618530273,18.90999984741211,1614.0
2024-08-27 14:22:00+00:00,MNTK,4.53000020980835,4.53000020980835,4.53000020980835,4.53000020980835,4.53000020980835,239.0
2024-08-27 14:22:00+00:00,NFE,12.90999984741211,12.90999984741211,12.914999961853027,12.90999984741211,12.914999961853027,4637.0
2024-08-27 14:22:00+00:00,OTTR,88.23500061035156,88.23500061035156,88.23500061035156,88.23500061035156,88.23500061035156,844.0
2024-08-27 14:22:00+00:00,PCYO,10.5,10.5,10.5,10.5,10.5,245.0
2024-08-27 14:22:00+00:00,RNW,5.710000038146973,5.710000038146973,5.710000038146973,5.710000038146973,5.710000038146973,871.0
2024-08-27 14:23:00+00:00,AEP,98.66000366210938,98.66000366210938,98.66999816894531,98.65499877929688,98.66000366210938,1969.0
2024-08-27 14:23:00+00:00,AY,22.25,22.25,22.2549991607666,22.25,22.2549991607666,435.0
2024-08-27 14:23:00+00:00,EXC,37.810001373291016,37.810001373291016,37.810001373291016,37.79999923706055,37.80500030517578,2074.0
2024-08-27 14:23:00+00:00,FLNC,18.905000686645508,18.905000686645508,18.90999984741211,18.905000686645508,18.90999984741211,1227.0
2024-08-27 14:23:00+00:00,NFE,12.899999618530273,12.899999618530273,12.914999961853027,12.899999618530273,12.914999961853027,6309.0
2024-08-27 14:23:00+00:00,NWE,53.72999954223633,53.72999954223633,53.72999954223633,53.72999954223633,53.72999954223633,223.0
2024-08-27 14:23:00+00:00,PCYO,10.489999771118164,10.489999771118164,10.489999771118164,10.489999771118164,10.489999771118164,687.0
2024-08-27 14:23:00+00:00,RNW,5.710000038146973,5.710000038146973,5.710000038146973,5.710000038146973,5.710000038146973,220.0
2024-08-27 14:23:00+00:00,XEL,60.95500183105469,60.95500183105469,60.95500183105469,60.95000076293945,60.95000076293945,623.0
2024-08-27 14:24:00+00:00,AEP,98.66999816894531,98.66999816894531,98.66999816894531,98.66999816894531,98.66999816894531,426.0
2024-08-27 14:24:00+00:00,AY,22.25,22.25,22.25,22.25,22.25,991.0
2024-08-27 14:24:00+00:00,CEG,195.8800048828125,195.8800048828125,195.88999938964844,195.8800048828125,195.88999938964844,1691.0
2024-08-27 14:24:00+00:00,EXC,37.80500030517578,37.80500030517578,37.80500030517578,37.80500030517578,37.80500030517578,854.0
2024-08-27 14:24:00+00:00,FLNC,18.920000076293945,18.920000076293945,18.920000076293945,18.905000686645508,18.90999984741211,899.0
2024-08-27 14:24:00+00:00,MGEE,86.5615005493164,86.5615005493164,86.5615005493164,86.5615005493164,86.5615005493164,305.0
2024-08-27 14:24:00+00:00,MSEX,62.81999969482422,62.81999969482422,62.81999969482422,62.81999969482422,62.81999969482422,207.0
2024-08-27 14:24:00+00:00,NFE,12.895000457763672,12.895000457763672,12.895000457763672,12.890000343322754,12.895000457763672,3551.0
2024-08-27 14:24:00+00:00,OPAL,3.5899999141693115,3.5899999141693115,3.5899999141693115,3.5899999141693115,3.5899999141693115,1573.0
2024-08-27 14:24:00+00:00,RNW,5.704999923706055,5.704999923706055,5.710000038146973,5.704999923706055,5.710000038146973,400.0
2024-08-27 14:24:00+00:00,XEL,60.95000076293945,60.95000076293945,60.95119857788086,60.95000076293945,60.95119857788086,1209.0
2024-08-27 14:25:00+00:00,AEP,98.625,98.625,98.66500091552734,98.625,98.65750122070312,2151.0
2024-08-27 14:25:00+00:00,CEG,195.9550018310547,195.9550018310547,195.9550018310547,195.80999755859375,195.8699951171875,1291.0
2024-08-27 14:25:00+00:00,EXC,37.78499984741211,37.78499984741211,37.80500030517578,37.78499984741211,37.80500030517578,4786.0
2024-08-27 14:25:00+00:00,FLNC,18.905000686645508,18.905000686645508,18.920000076293945,18.905000686645508,18.920000076293945,1076.0
2024-08-27 14:25:00+00:00,LNT,57.72999954223633,57.72999954223633,57.72999954223633,57.72999954223633,57.72999954223633,1022.0
2024-08-27 14:25:00+00:00,NFE,12.895000457763672,12.895000457763672,12.895000457763672,12.895000457763672,12.895000457763672,824.0
2024-08-27 14:25:00+00:00,NWE,53.75,53.75,53.75,53.75,53.75,143.0
2024-08-27 14:25:00+00:00,RNW,5.710000038146973,5.710000038146973,5.710000038146973,5.710000038146973,5.710000038146973,2249.0
2024-08-27 14:25:00+00:00,XEL,60.91999816894531,60.91999816894531,60.94879913330078,60.91999816894531,60.94879913330078,1702.0
2024-08-27 14:25:00+00:00,YORW,38.54999923706055,38.54999923706055,38.54999923706055,38.54999923706055,38.54999923706055,219.0
2024-08-27 14:26:00+00:00,AEP,98.61000061035156,98.61000061035156,98.62000274658203,98.58999633789062,98.62000274658203,5526.0
2024-08-27 14:26:00+00:00,AY,22.25,22.25,22.25,22.25,22.25,212.0
2024-08-27 14:26:00+00:00,CEG,195.9499969482422,195.9499969482422,195.9550018310547,195.9499969482422,195.9550018310547,1125.0
2024-08-27 14:26:00+00:00,EXC,37.779998779296875,37.779998779296875,37.79499816894531,37.779998779296875,37.78499984741211,8652.0
2024-08-27 14:26:00+00:00,FLNC,18.90999984741211,18.90999984741211,18.90999984741211,18.90999984741211,18.90999984741211,1281.0
2024-08-27 14:26:00+00:00,LNT,57.75,57.75,57.75,57.75,57.75,832.0
2024-08-27 14:26:00+00:00,MNTK,4.53000020980835,4.53000020980835,4.53000020980835,4.53000020980835,4.53000020980835,701.0
2024-08-27 14:26:00+00:00,NFE,12.880000114440918,12.880000114440918,12.895000457763672,12.875,12.894000053405762,7461.0
2024-08-27 14:26:00+00:00,XEL,60.91999816894531,60.91999816894531,60.91999816894531,60.910701751708984,60.91999816894531,1845.0
2024-08-27 14:26:00+00:00,YORW,38.599998474121094,38.599998474121094,38.599998474121094,38.599998474121094,38.599998474121094,222.0
2024-08-27 14:27:00+00:00,AEP,98.62000274658203,98.62000274658203,98.62000274658203,98.5999984741211,98.61000061035156,2508.0
2024-08-27 14:27:00+00:00,AY,22.2549991607666,22.2549991607666,22.2549991607666,22.25,22.25,859.0
2024-08-27 14:27:00+00:00,CDZI,3.369999885559082,3.369999885559082,3.369999885559082,3.369999885559082,3.369999885559082,212.0
2024-08-27 14:27:00+00:00,CEG,196.08999633789062,196.08999633789062,196.08999633789062,196.08999633789062,196.08999633789062,1349.0
2024-08-27 14:27:00+00:00,EXC,37.79499816894531,37.79499816894531,37.79499816894531,37.78499984741211,37.78499984741211,3414.0
2024-08-27 14:27:00+00:00,FLNC,18.90999984741211,18.90999984741211,18.90999984741211,18.899999618530273,18.899999618530273,1692.0
2024-08-27 14:27:00+00:00,MGEE,86.57499694824219,86.57499694824219,86.57499694824219,86.57499694824219,86.57499694824219,1237.0
2024-08-27 14:27:00+00:00,NFE,12.875,12.875,12.880000114440918,12.875,12.875,1638.0
2024-08-27 14:27:00+00:00,NWE,53.75,53.75,53.75,53.75,53.75,367.0
2024-08-27 14:27:00+00:00,OTTR,88.02999877929688,88.02999877929688,88.13500213623047,88.02999877929688,88.13500213623047,549.0
2024-08-27 14:27:00+00:00,XEL,60.91999816894531,60.91999816894531,60.92499923706055,60.91999816894531,60.92499923706055,1257.0
2024-08-27 14:28:00+00:00,AEP,98.63999938964844,98.63999938964844,98.63999938964844,98.62000274658203,98.62000274658203,1769.0
2024-08-27 14:28:00+00:00,AY,22.25,22.25,22.25,22.25,22.25,423.0
2024-08-27 14:28:00+00:00,CEG,196.03500366210938,196.03500366210938,196.03500366210938,196.03500366210938,196.03500366210938,334.0
2024-08-27 14:28:00+00:00,EXC,37.790000915527344,37.790000915527344,37.790000915527344,37.78990173339844,37.78990173339844,544.0
2024-08-27 14:28:00+00:00,FLNC,18.920000076293945,18.920000076293945,18.940000534057617,18.920000076293945,18.93000030517578,3917.0
2024-08-27 14:28:00+00:00,LNT,57.75,57.75,57.75,57.75,57.75,399.0
2024-08-27 14:28:00+00:00,MNTK,4.53000020980835,4.53000020980835,4.53000020980835,4.53000020980835,4.53000020980835,2773.0
2024-08-27 14:28:00+00:00,MSEX,62.81999969482422,62.81999969482422,62.81999969482422,62.81999969482422,62.81999969482422,165.0
2024-08-27 14:28:00+00:00,NFE,12.875,12.875,12.875,12.875,12.875,767.0
2024-08-27 14:28:00+00:00,OTTR,88.13500213623047,88.13500213623047,88.13500213623047,88.13500213623047,88.13500213623047,535.0
2024-08-27 14:28:00+00:00,XEL,60.935001373291016,60.935001373291016,60.935001373291016,60.935001373291016,60.935001373291016,601.0
2024-08-27 14:28:00+00:00,YORW,38.59000015258789,38.59000015258789,38.59000015258789,38.59000015258789,38.59000015258789,127.0
2024-08-27 14:29:00+00:00,AEP,98.61000061035156,98.61000061035156,98.63999938964844,98.61000061035156,98.63999938964844,2444.0
2024-08-27 14:29:00+00:00,AY,22.25,22.25,22.25,22.25,22.25,355.0
2024-08-27 14:29:00+00:00,CEG,196.01499938964844,196.01499938964844,196.0449981689453,196.01499938964844,196.0449981689453,554.0
2024-08-27 14:29:00+00:00,EXC,37.78499984741211,37.78499984741211,37.78499984741211,37.78010177612305,37.78499984741211,2240.0
2024-08-27 14:29:00+00:00,FLNC,18.93000030517578,18.93000030517578,18.93000030517578,18.93000030517578,18.93000030517578,1990.0
2024-08-27 14:29:00+00:00,LNT,57.7400016784668,57.7400016784668,57.75,57.7400016784668,57.75,1536.0
2024-08-27 14:29:00+00:00,MNTK,4.519999980926514,4.519999980926514,4.519999980926514,4.519999980926514,4.519999980926514,523.0
2024-08-27 14:29:00+00:00,NFE,12.864999771118164,12.864999771118164,12.875,12.864999771118164,12.875,5796.0
2024-08-27 14:29:00+00:00,XEL,60.89500045776367,60.89500045776367,60.936500549316406,60.89500045776367,60.936500549316406,4370.0
2024-08-27 14:30:00+00:00,AEP,98.61000061035156,98.61000061035156,98.6156997680664,98.5999984741211,98.6050033569336,1813.0
2024-08-27 14:30:00+00:00,AY,22.260000228881836,22.260000228881836,22.260000228881836,22.260000228881836,22.260000228881836,210.0
2024-08-27 14:30:00+00:00,CEG,196.02000427246094,196.02000427246094,196.02000427246094,196.02000427246094,196.02000427246094,2172.0
2024-08-27 14:30:00+00:00,EXC,37.78499984741211,37.78499984741211,37.78499984741211,37.78499984741211,37.78499984741211,2644.0
2024-08-27 14:30:00+00:00,FLNC,18.93000030517578,18.93000030517578,18.93000030517578,18.90999984741211,18.920000076293945,2330.0
2024-08-27 14:30:00+00:00,MGEE,86.50499725341797,86.50499725341797,86.50499725341797,86.33000183105469,86.3499984741211,2668.0
2024-08-27 14:30:00+00:00,NFE,12.850000381469727,12.850000381469727,12.859999656677246,12.850000381469727,12.859999656677246,7485.0
2024-08-27 14:30:00+00:00,NWE,53.72999954223633,53.72999954223633,53.72999954223633,53.72999954223633,53.72999954223633,357.0
2024-08-27 14:30:00+00:00,OTTR,88.33499908447266,88.33499908447266,88.33499908447266,88.125,88.13999938964844,4638.0
2024-08-27 14:30:00+00:00,RNW,5.724999904632568,5.724999904632568,5.730000019073486,5.724999904632568,5.724999904632568,8086.0
2024-08-27 14:30:00+00:00,XEL,60.89500045776367,60.89500045776367,60.89500045776367,60.89500045776367,60.89500045776367,494.0
2024-08-27 14:30:00+00:00,YORW,38.529998779296875,38.529998779296875,38.54999923706055,38.529998779296875,38.54999923706055,770.0
2024-08-27 14:31:00+00:00,AEP,98.62999725341797,98.62999725341797,98.62999725341797,98.5999984741211,98.61000061035156,7492.0
2024-08-27 14:31:00+00:00,AY,22.25,22.25,22.2549991607666,22.25,22.2549991607666,630.0
2024-08-27 14:31:00+00:00,CEG,196.13499450683594,196.13499450683594,196.13499450683594,196.13499450683594,196.13499450683594,1170.0
2024-08-27 14:31:00+00:00,EXC,37.78499984741211,37.78499984741211,37.790000915527344,37.78010177612305,37.78499984741211,2836.0
2024-08-27 14:31:00+00:00,FLNC,18.940000534057617,18.940000534057617,18.940000534057617,18.925199508666992,18.925199508666992,964.0
2024-08-27 14:31:00+00:00,LNT,57.731300354003906,57.731300354003906,57.73500061035156,57.731300354003906,57.73500061035156,389.0
2024-08-27 14:31:00+00:00,NFE,12.835000038146973,12.835000038146973,12.850000381469727,12.835000038146973,12.850000381469727,15897.0
2024-08-27 14:31:00+00:00,NWE,53.720001220703125,53.720001220703125,53.7400016784668,53.720001220703125,53.737998962402344,1149.0
2024-08-27 14:31:00+00:00,OTTR,88.41999816894531,88.41999816894531,88.41999816894531,88.33999633789062,88.33999633789062,430.0
2024-08-27 14:31:00+00:00,XEL,60.91429901123047,60.91429901123047,60.91429901123047,60.900001525878906,60.900001525878906,1105.0
2024-08-27 14:32:00+00:00,AEP,98.62000274658203,98.62000274658203,98.63999938964844,98.62000274658203,98.62999725341797,1938.0
2024-08-27 14:32:00+00:00,AY,22.25,22.25,22.25,22.25,22.25,233.0
2024-08-27 14:32:00+00:00,CEG,195.9250030517578,195.9250030517578,196.0399932861328,195.75,196.0399932861328,2531.0
2024-08-27 14:32:00+00:00,CWCO,27.75,27.75,27.790000915527344,27.75,27.790000915527344,3157.0
2024-08-27 14:32:00+00:00,EXC,37.77799987792969,37.77799987792969,37.78990173339844,37.775001525878906,37.78990173339844,4537.0
2024-08-27 14:32:00+00:00,FLNC,18.920000076293945,18.920000076293945,18.93000030517578,18.905000686645508,18.93000030517578,6574.0
2024-08-27 14:32:00+00:00,LNT,57.7400016784668,57.7400016784668,57.7400016784668,57.7400016784668,57.7400016784668,1743.0
2024-08-27 14:32:00+00:00,MNTK,4.519999980926514,4.519999980926514,4.519999980926514,4.519999980926514,4.519999980926514,794.0
2024-08-27 14:32:00+00:00,NFE,12.819999694824219,12.819999694824219,12.835000038146973,12.819999694824219,12.835000038146973,3403.0
2024-08-27 14:32:00+00:00,RNW,5.724999904632568,5.724999904632568,5.724999904632568,5.724999904632568,5.724999904632568,1338.0
2024-08-27 14:32:00+00:00,XEL,60.915000915527344,60.915000915527344,60.915000915527344,60.915000915527344,60.915000915527344,900.0
2024-08-27 14:33:00+00:00,AEP,98.66000366210938,98.66000366210938,98.68000030517578,98.63999938964844,98.63999938964844,1974.0
2024-08-27 14:33:00+00:00,EXC,37.775001525878906,37.775001525878906,37.779998779296875,37.775001525878906,37.775001525878906,8241.0
2024-08-27 14:33:00+00:00,MNTK,4.53000020980835,4.53000020980835,4.53000020980835,4.53000020980835,4.53000020980835,1180.0
2024-08-27 14:33:00+00:00,MSEX,62.559600830078125,62.559600830078125,62.559600830078125,62.559600830078125,62.559600830078125,491.0
2024-08-27 14:33:00+00:00,NFE,12.805000305175781,12.805000305175781,12.819999694824219,12.805000305175781,12.819999694824219,6793.0
2024-08-27 14:33:00+00:00,RNW,5.729000091552734,5.729000091552734,5.729000091552734,5.729000091552734,5.729000091552734,201.0
2024-08-27 14:33:00+00:00,XEL,60.90999984741211,60.90999984741211,60.915000915527344,60.90999984741211,60.915000915527344,1002.0
2024-08-27 14:34:00+00:00,AEP,98.68509674072266,98.68509674072266,98.70999908447266,98.67500305175781,98.67500305175781,7057.0
2024-08-27 14:34:00+00:00,AY,22.2549991607666,22.2549991607666,22.2549991607666,22.25,22.25,724.0
2024-08-27 14:34:00+00:00,CEG,195.94000244140625,195.94000244140625,195.94000244140625,195.94000244140625,195.94000244140625,569.0
2024-08-27 14:34:00+00:00,EXC,37.775001525878906,37.775001525878906,37.78499984741211,37.775001525878906,37.775001525878906,5434.0
2024-08-27 14:34:00+00:00,FLNC,18.950000762939453,18.950000762939453,18.950000762939453,18.93000030517578,18.93000030517578,1472.0
2024-08-27 14:34:00+00:00,LNT,57.750099182128906,57.750099182128906,57.75899887084961,57.750099182128906,57.75899887084961,2046.0
2024-08-27 14:34:00+00:00,NFE,12.805000305175781,12.805000305175781,12.8100004196167,12.800000190734863,12.800000190734863,6025.0
2024-08-27 14:34:00+00:00,OTTR,88.36000061035156,88.36000061035156,88.47000122070312,88.3499984741211,88.3499984741211,2349.0
2024-08-27 14:34:00+00:00,RNW,5.724999904632568,5.724999904632568,5.724999904632568,5.724999904632568,5.724999904632568,592.0
2024-08-27 14:34:00+00:00,XEL,60.90999984741211,60.90999984741211,60.915000915527344,60.90999984741211,60.915000915527344,646.0
2024-08-27 14:35:00+00:00,AEP,98.69999694824219,98.69999694824219,98.69999694824219,98.68000030517578,98.69000244140625,2850.0
2024-08-27 14:35:00+00:00,AY,22.2549991607666,22.2549991607666,22.2549991607666,22.2549991607666,22.2549991607666,1925.0
2024-08-27 14:35:00+00:00,CEG,196.07000732421875,196.07000732421875,196.07000732421875,196.07000732421875,196.07000732421875,937.0
2024-08-27 14:35:00+00:00,EXC,37.78499984741211,37.78499984741211,37.78499984741211,37.775001525878906,37.775001525878906,5744.0
2024-08-27 14:35:00+00:00,FLNC,18.979999542236328,18.979999542236328,18.979999542236328,18.950000762939453,18.950000762939453,2955.0
2024-08-27 14:35:00+00:00,LNT,57.769798278808594,57.769798278808594,57.769798278808594,57.769798278808594,57.769798278808594,1675.0
2024-08-27 14:35:00+00:00,MNTK,4.53000020980835,4.53000020980835,4.53000020980835,4.53000020980835,4.53000020980835,408.0
2024-08-27 14:35:00+00:00,NFE,12.8100004196167,12.8100004196167,12.8100004196167,12.803999900817871,12.805000305175781,5762.0
2024-08-27 14:35:00+00:00,NWE,53.75,53.75,53.75,53.75,53.75,1893.0
2024-08-27 14:35:00+00:00,OPAL,3.5850000381469727,3.5850000381469727,3.5850000381469727,3.5850000381469727,3.5850000381469727,1405.0
2024-08-27 14:35:00+00:00,OTTR,88.36499786376953,88.36499786376953,88.36499786376953,88.36499786376953,88.36499786376953,344.0
2024-08-27 14:35:00+00:00,XEL,60.90999984741211,60.90999984741211,60.91559982299805,60.90999984741211,60.915000915527344,1451.0
2024-08-27 14:36:00+00:00,AEP,98.67500305175781,98.67500305175781,98.69000244140625,98.67500305175781,98.69000244140625,1199.0
2024-08-27 14:36:00+00:00,ARTNA,35.72999954223633,35.72999954223633,35.72999954223633,35.72999954223633,35.72999954223633,110.0
2024-08-27 14:36:00+00:00,CEG,196.18800354003906,196.18800354003906,196.18800354003906,196.05999755859375,196.05999755859375,1408.0
2024-08-27 14:36:00+00:00,EXC,37.775001525878906,37.775001525878906,37.779998779296875,37.775001525878906,37.779998779296875,4508.0
2024-08-27 14:36:00+00:00,FLNC,18.989999771118164,18.989999771118164,18.989999771118164,18.989999771118164,18.989999771118164,1059.0
2024-08-27 14:36:00+00:00,LNT,57.77000045776367,57.77000045776367,57.77000045776367,57.75,57.75,807.0
2024-08-27 14:36:00+00:00,MNTK,4.519999980926514,4.519999980926514,4.519999980926514,4.519999980926514,4.519999980926514,257.0
2024-08-27 14:36:00+00:00,NFE,12.8100004196167,12.8100004196167,12.819999694824219,12.807999610900879,12.8100004196167,6701.0
2024-08-27 14:36:00+00:00,RNW,5.730000019073486,5.730000019073486,5.730000019073486,5.730000019073486,5.730000019073486,350.0
2024-08-27 14:36:00+00:00,XEL,60.904998779296875,60.904998779296875,60.90999984741211,60.900001525878906,60.90999984741211,2434.0
2024-08-27 14:37:00+00:00,AEP,98.66000366210938,98.66000366210938,98.68000030517578,98.66000366210938,98.67500305175781,2992.0
2024-08-27 14:37:00+00:00,AY,22.25,22.25,22.25,22.25,22.25,404.0
2024-08-27 14:37:00+00:00,CDZI,3.369999885559082,3.369999885559082,3.369999885559082,3.369999885559082,3.369999885559082,75.0
2024-08-27 14:37:00+00:00,CEG,196.11500549316406,196.11500549316406,196.11500549316406,196.11500549316406,196.11500549316406,188.0
2024-08-27 14:37:00+00:00,EXC,37.779998779296875,37.779998779296875,37.779998779296875,37.775001525878906,37.775001525878906,3158.0
2024-08-27 14:37:00+00:00,FLNC,18.979999542236328,18.979999542236328,18.989999771118164,18.97010040283203,18.989999771118164,1681.0
2024-08-27 14:37:00+00:00,LNT,57.7599983215332,57.7599983215332,57.7599983215332,57.7599983215332,57.7599983215332,670.0
2024-08-27 14:37:00+00:00,MSEX,62.79999923706055,62.79999923706055,62.79999923706055,62.79999923706055,62.79999923706055,180.0
2024-08-27 14:37:00+00:00,NFE,12.805000305175781,12.805000305175781,12.8100004196167,12.800000190734863,12.805000305175781,27978.0
2024-08-27 14:37:00+00:00,OTTR,88.4000015258789,88.4000015258789,88.4000015258789,88.33000183105469,88.33000183105469,806.0
2024-08-27 14:37:00+00:00,RNW,5.724999904632568,5.724999904632568,5.724999904632568,5.720399856567383,5.720399856567383,8250.0
2024-08-27 14:37:00+00:00,XEL,60.90999984741211,60.90999984741211,60.90999984741211,60.904998779296875,60.907501220703125,2027.0
2024-08-27 14:38:00+00:00,AEP,98.69999694824219,98.69999694824219,98.69999694824219,98.66000366210938,98.66000366210938,3726.0
2024-08-27 14:38:00+00:00,ARTNA,35.86000061035156,35.86000061035156,35.86000061035156,35.86000061035156,35.86000061035156,149.0
2024-08-27 14:38:00+00:00,AY,22.2549991607666,22.2549991607666,22.2549991607666,22.2549991607666,22.2549991607666,242.0
2024-08-27 14:38:00+00:00,CEG,196.2050018310547,196.2050018310547,196.2050018310547,196.11500549316406,196.11500549316406,1306.0
2024-08-27 14:38:00+00:00,EXC,37.79499816894531,37.79499816894531,37.79499816894531,37.779998779296875,37.779998779296875,5112.0
2024-08-27 14:38:00+00:00,FLNC,18.979999542236328,18.979999542236328,18.979999542236328,18.979999542236328,18.979999542236328,2334.0
2024-08-27 14:38:00+00:00,LNT,57.779998779296875,57.779998779296875,57.779998779296875,57.779998779296875,57.779998779296875,585.0
2024-08-27 14:38:00+00:00,MNTK,4.53000020980835,4.53000020980835,4.53000020980835,4.519999980926514,4.519999980926514,647.0
2024-08-27 14:38:00+00:00,MSEX,62.79999923706055,62.79999923706055,62.79999923706055,62.79999923706055,62.79999923706055,256.0
2024-08-27 14:38:00+00:00,NFE,12.805000305175781,12.805000305175781,12.805000305175781,12.795000076293945,12.805000305175781,4735.0
2024-08-27 14:38:00+00:00,OPAL,3.569999933242798,3.569999933242798,3.569999933242798,3.569999933242798,3.569999933242798,1158.0
2024-08-27 14:38:00+00:00,RNW,5.715000152587891,5.715000152587891,5.724999904632568,5.715000152587891,5.724999904632568,5911.0
2024-08-27 14:38:00+00:00,XEL,60.93000030517578,60.93000030517578,60.93000030517578,60.91999816894531,60.91999816894531,1725.0
2024-08-27 14:39:00+00:00,AEP,98.6500015258789,98.6500015258789,98.69999694824219,98.6500015258789,98.69999694824219,3811.0
2024-08-27 14:39:00+00:00,AY,22.256000518798828,22.256000518798828,22.256000518798828,22.25,22.25,611.0
2024-08-27 14:39:00+00:00,CEG,196.33999633789062,196.33999633789062,196.33999633789062,196.23500061035156,196.23500061035156,694.0
2024-08-27 14:39:00+00:00,EXC,37.790000915527344,37.790000915527344,37.790000915527344,37.78499984741211,37.790000915527344,5457.0
2024-08-27 14:39:00+00:00,FLNC,19.020000457763672,19.020000457763672,19.020000457763672,19.020000457763672,19.020000457763672,1417.0
2024-08-27 14:39:00+00:00,LNT,57.775001525878906,57.775001525878906,57.775001525878906,57.775001525878906,57.775001525878906,774.0
2024-08-27 14:39:00+00:00,MSEX,62.79999923706055,62.79999923706055,62.79999923706055,62.79999923706055,62.79999923706055,1070.0
2024-08-27 14:39:00+00:00,NFE,12.829999923706055,12.829999923706055,12.829999923706055,12.800000190734863,12.805000305175781,15770.0
2024-08-27 14:39:00+00:00,NWE,53.7400016784668,53.7400016784668,53.7400016784668,53.7400016784668,53.7400016784668,795.0
2024-08-27 14:39:00+00:00,RNW,5.715000152587891,5.715000152587891,5.715000152587891,5.715000152587891,5.715000152587891,108.0
2024-08-27 14:39:00+00:00,XEL,60.935001373291016,60.935001373291016,60.935001373291016,60.93000030517578,60.935001373291016,1884.0
2024-08-27 14:40:00+00:00,AEP,98.63999938964844,98.63999938964844,98.63999938964844,98.63999938964844,98.63999938964844,170.0
2024-08-27 14:40:00+00:00,AY,22.25,22.25,22.25,22.25,22.25,327.0
2024-08-27 14:40:00+00:00,CDZI,3.369999885559082,3.369999885559082,3.369999885559082,3.369999885559082,3.369999885559082,186.0
2024-08-27 14:40:00+00:00,CEG,196.3699951171875,196.3699951171875,196.3699951171875,196.30140686035156,196.30140686035156,1167.0
2024-08-27 14:40:00+00:00,EXC,37.78499984741211,37.78499984741211,37.78499984741211,37.78499984741211,37.78499984741211,280.0
2024-08-27 14:40:00+00:00,FLNC,19.049999237060547,19.049999237060547,19.049999237060547,19.030000686645508,19.031999588012695,1639.0
2024-08-27 14:40:00+00:00,MSEX,62.75,62.75,62.75,62.75,62.75,359.0
2024-08-27 14:40:00+00:00,NFE,12.829999923706055,12.829999923706055,12.829999923706055,12.829999923706055,12.829999923706055,1522.0
2024-08-27 14:40:00+00:00,RNW,5.715000152587891,5.715000152587891,5.715000152587891,5.715000152587891,5.715000152587891,300.0
2024-08-27 14:40:00+00:00,XEL,60.95500183105469,60.95500183105469,60.95500183105469,60.935001373291016,60.935001373291016,2538.0
2024-08-27 14:41:00+00:00,AEP,98.67500305175781,98.67500305175781,98.67500305175781,98.6500015258789,98.6500015258789,2521.0
2024-08-27 14:41:00+00:00,AY,22.2549991607666,22.2549991607666,22.2549991607666,22.25,22.25,789.0
2024-08-27 14:41:00+00:00,CEG,196.25,196.25,196.25,196.25,196.25,193.0
2024-08-27 14:41:00+00:00,CWCO,27.7450008392334,27.7450008392334,27.7450008392334,27.7450008392334,27.7450008392334,106.0
2024-08-27 14:41:00+00:00,EXC,37.79499816894531,37.79499816894531,37.79499816894531,37.78499984741211,37.78499984741211,2812.0
2024-08-27 14:41:00+00:00,FLNC,19.049999237060547,19.049999237060547,19.059999465942383,19.049999237060547,19.059999465942383,2882.0
2024-08-27 14:41:00+00:00,LNT,57.779998779296875,57.779998779296875,57.779998779296875,57.779998779296875,57.779998779296875,229.0
2024-08-27 14:41:00+00:00,NFE,12.829999923706055,12.829999923706055,12.845000267028809,12.819999694824219,12.819999694824219,7889.0
2024-08-27 14:41:00+00:00,NWE,53.72999954223633,53.72999954223633,53.7400016784668,53.72999954223633,53.72999954223633,1112.0
2024-08-27 14:41:00+00:00,RNW,5.715000152587891,5.715000152587891,5.715000152587891,5.715000152587891,5.715000152587891,1274.0
2024-08-27 14:41:00+00:00,XEL,60.95119857788086,60.95119857788086,60.95500183105469,60.95119857788086,60.95500183105469,783.0
2024-08-27 14:42:00+00:00,AEP,98.63500213623047,98.63500213623047,98.66000366210938,98.62000274658203,98.66000366210938,10320.0
2024-08-27 14:42:00+00:00,CEG,196.25,196.25,196.25,196.25,196.25,1478.0
2024-08-27 14:42:00+00:00,CWCO,27.770000457763672,27.770000457763672,27.770000457763672,27.770000457763672,27.770000457763672,217.0
2024-08-27 14:42:00+00:00,EXC,37.790000915527344,37.790000915527344,37.790000915527344,37.779998779296875,37.790000915527344,3999.0
2024-08-27 14:42:00+00:00,FLNC,19.059999465942383,19.059999465942383,19.059999465942383,19.059999465942383,19.059999465942383,711.0
2024-08-27 14:42:00+00:00,LNT,57.7599983215332,57.7599983215332,57.7599983215332,57.7599983215332,57.7599983215332,613.0
2024-08-27 14:42:00+00:00,MNTK,4.545000076293945,4.545000076293945,4.545000076293945,4.539999961853027,4.539999961853027,1516.0
2024-08-27 14:42:00+00:00,NFE,12.8149995803833,12.8149995803833,12.829999923706055,12.8149995803833,12.824999809265137,3042.0
2024-08-27 14:42:00+00:00,NWE,53.72999954223633,53.72999954223633,53.72999954223633,53.709999084472656,53.709999084472656,2134.0
2024-08-27 14:42:00+00:00,OTTR,88.33000183105469,88.33000183105469,88.38999938964844,88.33000183105469,88.38999938964844,1635.0
2024-08-27 14:42:00+00:00,RNW,5.71999979019165,5.71999979019165,5.71999979019165,5.71999979019165,5.71999979019165,375.0
2024-08-27 14:42:00+00:00,XEL,60.91999816894531,60.91999816894531,60.95000076293945,60.91999816894531,60.95000076293945,6286.0
2024-08-27 14:43:00+00:00,AEP,98.62000274658203,98.62000274658203,98.62999725341797,98.62000274658203,98.62999725341797,730.0
2024-08-27 14:43:00+00:00,AY,22.256000518798828,22.256000518798828,22.256000518798828,22.25,22.25,978.0
2024-08-27 14:43:00+00:00,EXC,37.78990173339844,37.78990173339844,37.790000915527344,37.78499984741211,37.790000915527344,4807.0
2024-08-27 14:43:00+00:00,FLNC,19.049999237060547,19.049999237060547,19.06999969482422,19.049999237060547,19.06999969482422,2724.0
2024-08-27 14:43:00+00:00,LNT,57.75,57.75,57.75,57.7400016784668,57.7400016784668,568.0
2024-08-27 14:43:00+00:00,NFE,12.835000038146973,12.835000038146973,12.835000038146973,12.8149995803833,12.8149995803833,4965.0
2024-08-27 14:43:00+00:00,XEL,60.9370002746582,60.9370002746582,60.9370002746582,60.935001373291016,60.935001373291016,1034.0
2024-08-27 14:44:00+00:00,AEP,98.6500015258789,98.6500015258789,98.6500015258789,98.62000274658203,98.62000274658203,1219.0
2024-08-27 14:44:00+00:00,AY,22.2549991607666,22.2549991607666,22.2549991607666,22.25,22.25,603.0
2024-08-27 14:44:00+00:00,CDZI,3.380000114440918,3.380000114440918,3.380000114440918,3.380000114440918,3.380000114440918,262.0
2024-08-27 14:44:00+00:00,CEG,196.3699951171875,196.3699951171875,196.3699951171875,196.3699951171875,196.3699951171875,1400.0
2024-08-27 14:44:00+00:00,CWCO,27.78499984741211,27.78499984741211,27.78499984741211,27.760000228881836,27.760000228881836,2044.0
2024-08-27 14:44:00+00:00,FLNC,19.09000015258789,19.09000015258789,19.09000015258789,19.079999923706055,19.079999923706055,1678.0
2024-08-27 14:44:00+00:00,MNTK,4.545000076293945,4.545000076293945,4.545000076293945,4.545000076293945,4.545000076293945,636.0
2024-08-27 14:44:00+00:00,NFE,12.84000015258789,12.84000015258789,12.84000015258789,12.835000038146973,12.835000038146973,3617.0
2024-08-27 14:44:00+00:00,NWE,53.77000045776367,53.77000045776367,53.77000045776367,53.7400016784668,53.7400016784668,2610.0
2024-08-27 14:44:00+00:00,PCYO,10.5,10.5,10.5,10.5,10.5,228.0
2024-08-27 14:44:00+00:00,XEL,60.957000732421875,60.957000732421875,60.957000732421875,60.93000030517578,60.93000030517578,2841.0
2024-08-27 14:45:00+00:00,AEP,98.62000274658203,98.62000274658203,98.65499877929688,98.5999984741211,98.65499877929688,4099.0
2024-08-27 14:45:00+00:00,AY,22.2549991607666,22.2549991607666,22.2549991607666,22.25,22.25,776.0
2024-08-27 14:45:00+00:00,EXC,37.76499938964844,37.76499938964844,37.78499984741211,37.76499938964844,37.78499984741211,4441.0
2024-08-27 14:45:00+00:00,FLNC,19.079999923706055,19.079999923706055,19.100000381469727,19.079999923706055,19.100000381469727,2274.0
2024-08-27 14:45:00+00:00,LNT,57.75,57.75,57.75,57.75,57.75,338.0
2024-08-27 14:45:00+00:00,NFE,12.835000038146973,12.835000038146973,12.84000015258789,12.829999923706055,12.829999923706055,4534.0
2024-08-27 14:45:00+00:00,NWE,53.75,53.75,53.75,53.75,53.75,440.0
2024-08-27 14:45:00+00:00,OTTR,88.38999938964844,88.38999938964844,88.38999938964844,88.3499984741211,88.3499984741211,1778.0
2024-08-27 14:45:00+00:00,RNW,5.719900131225586,5.719900131225586,5.71999979019165,5.715000152587891,5.715000152587891,1960.0
2024-08-27 14:45:00+00:00,XEL,60.95000076293945,60.95000076293945,60.959999084472656,60.94499969482422,60.959999084472656,2241.0
2024-08-27 14:46:00+00:00,AEP,98.58999633789062,98.58999633789062,98.61000061035156,98.58999633789062,98.61000061035156,1279.0
2024-08-27 14:46:00+00:00,CEG,196.25999450683594,196.25999450683594,196.3800048828125,196.25999450683594,196.3800048828125,4391.0
2024-08-27 14:46:00+00:00,CWCO,27.761899948120117,27.761899948120117,27.761899948120117,27.760000228881836,27.760000228881836,1809.0
2024-08-27 14:46:00+00:00,EXC,37.76499938964844,37.76499938964844,37.76499938964844,37.76499938964844,37.76499938964844,947.0
2024-08-27 14:46:00+00:00,FLNC,19.09000015258789,19.09000015258789,19.09000015258789,19.07939910888672,19.07939910888672,2492.0
2024-08-27 14:46:00+00:00,LNT,57.72999954223633,57.72999954223633,57.72999954223633,57.72999954223633,57.72999954223633,854.0
2024-08-27 14:46:00+00:00,MSEX,62.88999938964844,62.88999938964844,62.88999938964844,62.88999938964844,62.88999938964844,855.0
2024-08-27 14:46:00+00:00,NFE,12.819999694824219,12.819999694824219,12.850000381469727,12.819999694824219,12.845000267028809,9692.0
2024-08-27 14:46:00+00:00,NWE,53.7400016784668,53.7400016784668,53.7400016784668,53.7400016784668,53.7400016784668,665.0
2024-08-27 14:46:00+00:00,OPAL,3.569999933242798,3.569999933242798,3.569999933242798,3.569999933242798,3.569999933242798,1095.0
2024-08-27 14:46:00+00:00,OTTR,88.33999633789062,88.33999633789062,88.3499984741211,88.33999633789062,88.3499984741211,1219.0
2024-08-27 14:46:00+00:00,RNW,5.71999979019165,5.71999979019165,5.71999979019165,5.71999979019165,5.71999979019165,400.0
2024-08-27 14:46:00+00:00,XEL,60.95000076293945,60.95000076293945,60.95000076293945,60.93000030517578,60.948001861572266,10959.0
2024-08-27 14:47:00+00:00,AEP,98.58999633789062,98.58999633789062,98.5999984741211,98.58000183105469,98.58999633789062,1916.0
2024-08-27 14:47:00+00:00,AY,22.2549991607666,22.2549991607666,22.2549991607666,22.25,22.25,874.0
2024-08-27 14:47:00+00:00,CEG,196.22000122070312,196.22000122070312,196.27999877929688,196.17999267578125,196.25999450683594,4105.0
2024-08-27 14:47:00+00:00,CWCO,27.690000534057617,27.690000534057617,27.719999313354492,27.66010093688965,27.690000534057617,1686.0
2024-08-27 14:47:00+00:00,EXC,37.76499938964844,37.76499938964844,37.76499938964844,37.76499938964844,37.76499938964844,962.0
2024-08-27 14:47:00+00:00,FLNC,19.059999465942383,19.059999465942383,19.09000015258789,19.059999465942383,19.09000015258789,826.0
2024-08-27 14:47:00+00:00,LNT,57.7400016784668,57.7400016784668,57.7400016784668,57.72999954223633,57.72999954223633,1482.0
2024-08-27 14:47:00+00:00,NFE,12.8149995803833,12.8149995803833,12.829899787902832,12.805000305175781,12.829899787902832,7278.0
2024-08-27 14:47:00+00:00,OTTR,88.38999938964844,88.38999938964844,88.38999938964844,88.38999938964844,88.38999938964844,255.0
2024-08-27 14:47:00+00:00,RNW,5.71999979019165,5.71999979019165,5.71999979019165,5.71999979019165,5.71999979019165,1120.0
2024-08-27 14:47:00+00:00,XEL,60.96500015258789,60.96500015258789,60.970001220703125,60.95000076293945,60.95500183105469,1719.0
2024-08-27 14:48:00+00:00,AEP,98.62000274658203,98.62000274658203,98.62000274658203,98.5999984741211,98.61000061035156,1908.0
2024-08-27 14:48:00+00:00,ARTNA,35.810001373291016,35.810001373291016,35.810001373291016,35.790000915527344,35.790000915527344,1531.0
2024-08-27 14:48:00+00:00,AY,22.2549991607666,22.2549991607666,22.2549991607666,22.2549991607666,22.2549991607666,259.0
2024-08-27 14:48:00+00:00,CEG,196.22999572753906,196.22999572753906,196.22999572753906,196.22999572753906,196.22999572753906,788.0
2024-08-27 14:48:00+00:00,EXC,37.76499938964844,37.76499938964844,37.76499938964844,37.76499938964844,37.76499938964844,1737.0
2024-08-27 14:48:00+00:00,FLNC,19.040000915527344,19.040000915527344,19.049999237060547,19.040000915527344,19.049999237060547,2821.0
2024-08-27 14:48:00+00:00,LNT,57.709999084472656,57.709999084472656,57.720001220703125,57.709999084472656,57.720001220703125,1964.0
2024-08-27 14:48:00+00:00,MNTK,4.554999828338623,4.554999828338623,4.554999828338623,4.554999828338623,4.554999828338623,772.0
2024-08-27 14:48:00+00:00,NFE,12.845000267028809,12.845000267028809,12.845000267028809,12.805000305175781,12.805000305175781,6974.0
2024-08-27 14:48:00+00:00,XEL,60.96500015258789,60.96500015258789,60.96500015258789,60.962501525878906,60.962501525878906,1192.0
2024-08-27 14:49:00+00:00,AEP,98.63999938964844,98.63999938964844,98.63999938964844,98.62999725341797,98.62999725341797,1176.0
2024-08-27 14:49:00+00:00,AY,22.2549991607666,22.2549991607666,22.2549991607666,22.2549991607666,22.2549991607666,1338.0
2024-08-27 14:49:00+00:00,CEG,196.18499755859375,196.18499755859375,196.18499755859375,196.18499755859375,196.18499755859375,548.0
2024-08-27 14:49:00+00:00,EXC,37.76499938964844,37.76499938964844,37.76499938964844,37.76499938964844,37.76499938964844,1067.0
2024-08-27 14:49:00+00:00,FLNC,19.045000076293945,19.045000076293945,19.045000076293945,19.045000076293945,19.045000076293945,250.0
2024-08-27 14:49:00+00:00,LNT,57.70100021362305,57.70100021362305,57.709999084472656,57.70000076293945,57.709999084472656,2010.0
2024-08-27 14:49:00+00:00,NFE,12.829999923706055,12.829999923706055,12.845000267028809,12.829999923706055,12.845000267028809,5108.0
2024-08-27 14:49:00+00:00,XEL,60.98109817504883,60.98109817504883,60.9900016784668,60.98109817504883,60.9900016784668,709.0
2024-08-27 14:50:00+00:00,AEP,98.68000030517578,98.68000030517578,98.69000244140625,98.6500015258789,98.6500015258789,3310.0
2024-08-27 14:50:00+00:00,AY,22.25,22.25,22.2549991607666,22.25,22.25,805.0
2024-08-27 14:50:00+00:00,CEG,196.1199951171875,196.1199951171875,196.14999389648438,196.07000732421875,196.0800018310547,2031.0
2024-08-27 14:50:00+00:00,CWCO,27.610200881958008,27.610200881958008,27.610200881958008,27.610200881958008,27.610200881958008,912.0
2024-08-27 14:50:00+00:00,EXC,37.76499938964844,37.76499938964844,37.775001525878906,37.76499938964844,37.76499938964844,13791.0
2024-08-27 14:50:00+00:00,FLNC,19.030000686645508,19.030000686645508,19.045000076293945,19.024999618530273,19.045000076293945,1347.0
2024-08-27 14:50:00+00:00,LNT,57.720001220703125,57.720001220703125,57.720001220703125,57.68000030517578,57.68000030517578,4377.0
2024-08-27 14:50:00+00:00,NFE,12.819999694824219,12.819999694824219,12.819999694824219,12.819999694824219,12.819999694824219,5434.0
2024-08-27 14:50:00+00:00,NWE,53.75,53.75,53.75,53.75,53.75,549.0
2024-08-27 14:50:00+00:00,RNW,5.71999979019165,5.71999979019165,5.71999979019165,5.715000152587891,5.715000152587891,1972.0
2024-08-27 14:50:00+00:00,XEL,61.005001068115234,61.005001068115234,61.0099983215332,60.994998931884766,60.994998931884766,2578.0
2024-08-27 14:51:00+00:00,AEP,98.70500183105469,98.70500183105469,98.71499633789062,98.68000030517578,98.69999694824219,4432.0
2024-08-27 14:51:00+00:00,AY,22.2549991607666,22.2549991607666,22.2549991607666,22.25,22.25,563.0
2024-08-27 14:51:00+00:00,CEG,196.1300048828125,196.1300048828125,196.1300048828125,196.1300048828125,196.1300048828125,1389.0
2024-08-27 14:51:00+00:00,CREG,0.8830999732017517,0.8830999732017517,0.8830999732017517,0.8830999732017517,0.8830999732017517,1750.0
2024-08-27 14:51:00+00:00,EXC,37.76499938964844,37.76499938964844,37.77000045776367,37.76499938964844,37.76499938964844,13846.0
2024-08-27 14:51:00+00:00,FLNC,19.030000686645508,19.030000686645508,19.030000686645508,19.020000457763672,19.030000686645508,1232.0
2024-08-27 14:51:00+00:00,LNT,57.71500015258789,57.71500015258789,57.71500015258789,57.709999084472656,57.709999084472656,1043.0
2024-08-27 14:51:00+00:00,NFE,12.84000015258789,12.84000015258789,12.845000267028809,12.819999694824219,12.819999694824219,6254.0
2024-08-27 14:51:00+00:00,OTTR,88.3550033569336,88.3550033569336,88.3550033569336,88.3550033569336,88.3550033569336,365.0
2024-08-27 14:52:00+00:00,AEP,98.70500183105469,98.70500183105469,98.70999908447266,98.69000244140625,98.70999908447266,4432.0
2024-08-27 14:52:00+00:00,AY,22.25,22.25,22.2549991607666,22.25,22.2549991607666,407.0
2024-08-27 14:52:00+00:00,CREG,0.8830999732017517,0.8830999732017517,0.8830999732017517,0.8830999732017517,0.8830999732017517,100.0
2024-08-27 14:52:00+00:00,CWCO,27.644399642944336,27.644399642944336,27.644399642944336,27.644399642944336,27.644399642944336,1264.0
2024-08-27 14:52:00+00:00,EXC,37.76499938964844,37.76499938964844,37.775001525878906,37.76499938964844,37.77000045776367,7734.0
2024-08-27 14:52:00+00:00,FLNC,19.049999237060547,19.049999237060547,19.049999237060547,19.040000915527344,19.040000915527344,2396.0
2024-08-27 14:52:00+00:00,LNT,57.69049835205078,57.69049835205078,57.720001220703125,57.69049835205078,57.720001220703125,4407.0
2024-08-27 14:52:00+00:00,MSEX,62.91999816894531,62.91999816894531,62.91999816894531,62.91999816894531,62.91999816894531,210.0
2024-08-27 14:52:00+00:00,NFE,12.850000381469727,12.850000381469727,12.859999656677246,12.835000038146973,12.850000381469727,7451.0
2024-08-27 14:52:00+00:00,XEL,60.97999954223633,60.97999954223633,61.0,60.97999954223633,61.0,3014.0
2024-08-27 14:53:00+00:00,AEP,98.70210266113281,98.70210266113281,98.70500183105469,98.69000244140625,98.70500183105469,3703.0
2024-08-27 14:53:00+00:00,ARTNA,35.83000183105469,35.83000183105469,35.83000183105469,35.83000183105469,35.83000183105469,357.0
2024-08-27 14:53:00+00:00,CREG,0.891700029373169,0.891700029373169,0.891700029373169,0.891700029373169,0.891700029373169,152.0
2024-08-27 14:53:00+00:00,EXC,37.76499938964844,37.76499938964844,37.76499938964844,37.76499938964844,37.76499938964844,4749.0
2024-08-27 14:53:00+00:00,FLNC,19.059999465942383,19.059999465942383,19.059999465942383,19.049999237060547,19.059999465942383,1581.0
2024-08-27 14:53:00+00:00,NFE,12.850000381469727,12.850000381469727,12.859999656677246,12.850000381469727,12.859999656677246,16989.0
2024-08-27 14:54:00+00:00,AEP,98.69000244140625,98.69000244140625,98.72000122070312,98.69000244140625,98.69010162353516,8901.0
2024-08-27 14:54:00+00:00,ARTNA,35.75,35.75,35.75,35.75,35.75,515.0
2024-08-27 14:54:00+00:00,AY,22.2549991607666,22.2549991607666,22.2549991607666,22.25,22.25,454.0
2024-08-27 14:54:00+00:00,CDZI,3.380000114440918,3.380000114440918,3.380000114440918,3.380000114440918,3.380000114440918,378.0
2024-08-27 14:54:00+00:00,CEG,196.1300048828125,196.1300048828125,196.1300048828125,196.02000427246094,196.1300048828125,1065.0
2024-08-27 14:54:00+00:00,CWCO,27.729999542236328,27.729999542236328,27.729999542236328,27.729999542236328,27.729999542236328,1027.0
2024-08-27 14:54:00+00:00,EXC,37.76499938964844,37.76499938964844,37.76969909667969,37.76499938964844,37.76499938964844,6951.0
2024-08-27 14:54:00+00:00,FLNC,19.059999465942383,19.059999465942383,19.059999465942383,19.05500030517578,19.059999465942383,1398.0
2024-08-27 14:54:00+00:00,LNT,57.709999084472656,57.709999084472656,57.709999084472656,57.709999084472656,57.709999084472656,977.0
2024-08-27 14:54:00+00:00,MNTK,4.570000171661377,4.570000171661377,4.570000171661377,4.570000171661377,4.570000171661377,154.0
2024-08-27 14:54:00+00:00,NFE,12.84000015258789,12.84000015258789,12.84000015258789,12.84000015258789,12.84000015258789,1569.0
2024-08-27 14:54:00+00:00,OTTR,88.36000061035156,88.36000061035156,88.36000061035156,88.3499984741211,88.36000061035156,1497.0
2024-08-27 14:54:00+00:00,XEL,60.9900016784668,60.9900016784668,60.9900016784668,60.97999954223633,60.980098724365234,2107.0
2024-08-27 14:55:00+00:00,AEP,98.69000244140625,98.69000244140625,98.69000244140625,98.69000244140625,98.69000244140625,1044.0
2024-08-27 14:55:00+00:00,AY,22.2549991607666,22.2549991607666,22.2549991607666,22.25,22.25,561.0
2024-08-27 14:55:00+00:00,CEG,196.1824951171875,196.1824951171875,196.24000549316406,196.1300048828125,196.1300048828125,2370.0
2024-08-27 14:55:00+00:00,EXC,37.76499938964844,37.76499938964844,37.76499938964844,37.76499938964844,37.76499938964844,5512.0
2024-08-27 14:55:00+00:00,FLNC,19.06999969482422,19.06999969482422,19.06999969482422,19.059099197387695,19.059099197387695,1760.0
2024-08-27 14:55:00+00:00,LNT,57.720001220703125,57.720001220703125,57.720001220703125,57.720001220703125,57.720001220703125,2141.0
2024-08-27 14:55:00+00:00,NFE,12.854999542236328,12.854999542236328,12.854999542236328,12.835000038146973,12.835000038146973,7652.0
2024-08-27 14:55:00+00:00,RNW,5.715000152587891,5.715000152587891,5.715000152587891,5.715000152587891,5.715000152587891,851.0
2024-08-27 14:55:00+00:00,XEL,60.98500061035156,60.98500061035156,60.98500061035156,60.98500061035156,60.98500061035156,1395.0
2024-08-27 14:56:00+00:00,AEP,98.69000244140625,98.69000244140625,98.70999908447266,98.69000244140625,98.70999908447266,2548.0
2024-08-27 14:56:00+00:00,CEG,195.89999389648438,195.89999389648438,196.0500030517578,195.89999389648438,196.0500030517578,3549.0
2024-08-27 14:56:00+00:00,EXC,37.76499938964844,37.76499938964844,37.77000045776367,37.76499938964844,37.76499938964844,15077.0
2024-08-27 14:56:00+00:00,FLNC,19.040000915527344,19.040000915527344,19.059999465942383,19.040000915527344,19.049999237060547,3014.0
2024-08-27 14:56:00+00:00,LNT,57.720001220703125,57.720001220703125,57.720001220703125,57.720001220703125,57.720001220703125,1056.0
2024-08-27 14:56:00+00:00,MNTK,4.570000171661377,4.570000171661377,4.570000171661377,4.570000171661377,4.570000171661377,113.0
2024-08-27 14:56:00+00:00,MSEX,62.900001525878906,62.900001525878906,62.900001525878906,62.900001525878906,62.900001525878906,103.0
2024-08-27 14:56:00+00:00,NFE,12.859999656677246,12.859999656677246,12.859999656677246,12.859999656677246,12.859999656677246,2868.0
2024-08-27 14:56:00+00:00,NWE,53.755001068115234,53.755001068115234,53.755001068115234,53.755001068115234,53.755001068115234,352.0
2024-08-27 14:56:00+00:00,RNW,5.715000152587891,5.715000152587891,5.715000152587891,5.715000152587891,5.715000152587891,702.0
2024-08-27 14:56:00+00:00,XEL,60.96500015258789,60.96500015258789,60.98820114135742,60.96500015258789,60.98500061035156,2790.0
2024-08-27 14:57:00+00:00,AEP,98.68000030517578,98.68000030517578,98.68000030517578,98.68000030517578,98.68000030517578,553.0
2024-08-27 14:57:00+00:00,AY,22.25,22.25,22.25,22.25,22.25,317.0
2024-08-27 14:57:00+00:00,CEG,196.0500030517578,196.0500030517578,196.10000610351562,195.99000549316406,195.99000549316406,1305.0
2024-08-27 14:57:00+00:00,CWCO,27.69059944152832,27.69059944152832,27.69059944152832,27.69059944152832,27.69059944152832,1298.0
2024-08-27 14:57:00+00:00,EXC,37.76499938964844,37.76499938964844,37.77000045776367,37.76499938964844,37.76499938964844,22053.0
2024-08-27 14:57:00+00:00,FLNC,19.040000915527344,19.040000915527344,19.040000915527344,19.040000915527344,19.040000915527344,599.0
2024-08-27 14:57:00+00:00,LNT,57.720001220703125,57.720001220703125,57.720001220703125,57.720001220703125,57.720001220703125,592.0
2024-08-27 14:57:00+00:00,MNTK,4.559999942779541,4.559999942779541,4.559999942779541,4.559999942779541,4.559999942779541,485.0
2024-08-27 14:57:00+00:00,MSEX,62.7599983215332,62.7599983215332,62.84000015258789,62.7599983215332,62.79999923706055,1204.0
2024-08-27 14:57:00+00:00,NFE,12.859999656677246,12.859999656677246,12.869999885559082,12.850000381469727,12.859999656677246,6818.0
2024-08-27 14:57:00+00:00,NWE,53.74509811401367,53.74509811401367,53.74509811401367,53.74509811401367,53.74509811401367,740.0
2024-08-27 14:57:00+00:00,RNW,5.715000152587891,5.715000152587891,5.71999979019165,5.715000152587891,5.71999979019165,303.0
2024-08-27 14:57:00+00:00,XEL,60.974998474121094,60.974998474121094,60.974998474121094,60.96500015258789,60.96500015258789,748.0
2024-08-27 14:58:00+00:00,AEP,98.69000244140625,98.69000244140625,98.70500183105469,98.66999816894531,98.67500305175781,6040.0
2024-08-27 14:58:00+00:00,AY,22.2549991607666,22.2549991607666,22.2549991607666,22.2549991607666,22.2549991607666,809.0
2024-08-27 14:58:00+00:00,CEG,196.1199951171875,196.1199951171875,196.1199951171875,195.89999389648438,195.89999389648438,4440.0
2024-08-27 14:58:00+00:00,EXC,37.755001068115234,37.755001068115234,37.77000045776367,37.744998931884766,37.77000045776367,27995.0
2024-08-27 14:58:00+00:00,FLNC,19.06999969482422,19.06999969482422,19.06999969482422,19.059999465942383,19.059999465942383,2802.0
2024-08-27 14:58:00+00:00,LNT,57.71670150756836,57.71670150756836,57.720001220703125,57.71500015258789,57.720001220703125,1221.0
2024-08-27 14:58:00+00:00,NFE,12.859999656677246,12.859999656677246,12.864999771118164,12.859999656677246,12.859999656677246,2109.0
2024-08-27 14:58:00+00:00,NWE,53.709999084472656,53.709999084472656,53.709999084472656,53.709999084472656,53.709999084472656,154.0
2024-08-27 14:58:00+00:00,OTTR,88.37000274658203,88.37000274658203,88.37000274658203,88.37000274658203,88.37000274658203,625.0
2024-08-27 14:58:00+00:00,RNW,5.715000152587891,5.715000152587891,5.715000152587891,5.715000152587891,5.715000152587891,2882.0
2024-08-27 14:58:00+00:00,XEL,60.994998931884766,60.994998931884766,60.994998931884766,60.97249984741211,60.97249984741211,2997.0
2024-08-27 14:58:00+00:00,YORW,38.560001373291016,38.560001373291016,38.560001373291016,38.560001373291016,38.560001373291016,1217.0
2024-08-27 14:59:00+00:00,ADN,3.140500068664551,3.140500068664551,3.200000047683716,3.140500068664551,3.200000047683716,1052.0
2024-08-27 14:59:00+00:00,AEP,98.68000030517578,98.68000030517578,98.68000030517578,98.6675033569336,98.68000030517578,4315.0
2024-08-27 14:59:00+00:00,AY,22.25,22.25,22.260000228881836,22.25,22.2549991607666,582.0
2024-08-27 14:59:00+00:00,CDZIP,15.350000381469727,15.350000381469727,15.350000381469727,15.350000381469727,15.350000381469727,170.0
2024-08-27 14:59:00+00:00,CEG,196.01499938964844,196.01499938964844,196.01499938964844,196.0050048828125,196.0050048828125,1311.0
2024-08-27 14:59:00+00:00,EXC,37.755001068115234,37.755001068115234,37.755001068115234,37.755001068115234,37.755001068115234,2641.0
2024-08-27 14:59:00+00:00,FLNC,19.049999237060547,19.049999237060547,19.059999465942383,19.049999237060547,19.059999465942383,1284.0
2024-08-27 14:59:00+00:00,MNTK,4.559999942779541,4.559999942779541,4.559999942779541,4.559999942779541,4.559999942779541,230.0
2024-08-27 14:59:00+00:00,MSEX,62.689998626708984,62.689998626708984,62.79999923706055,62.689998626708984,62.77000045776367,1821.0
2024-08-27 14:59:00+00:00,NFE,12.869999885559082,12.869999885559082,12.869999885559082,12.844099998474121,12.859999656677246,8946.0
2024-08-27 14:59:00+00:00,NWE,53.68000030517578,53.68000030517578,53.709999084472656,53.68000030517578,53.709999084472656,628.0
2024-08-27 14:59:00+00:00,OTTR,88.3499984741211,88.3499984741211,88.41999816894531,88.3499984741211,88.3499984741211,13226.0
2024-08-27 14:59:00+00:00,PCYO,10.489999771118164,10.489999771118164,10.489999771118164,10.489999771118164,10.489999771118164,562.0
2024-08-27 14:59:00+00:00,WAVE,3.779900074005127,3.779900074005127,3.779900074005127,3.740000009536743,3.740000009536743,1110.0
2024-08-27 14:59:00+00:00,XEL,61.0,61.0,61.0,60.98500061035156,60.9900016784668,5528.0
2024-08-27 15:00:00+00:00,AEP,98.66000366210938,98.66000366210938,98.67769622802734,98.65010070800781,98.66999816894531,3695.0
2024-08-27 15:00:00+00:00,AY,22.25,22.25,22.25,22.25,22.25,3347.0
2024-08-27 15:00:00+00:00,CEG,195.99000549316406,195.99000549316406,196.01499938964844,195.99000549316406,196.01499938964844,702.0
2024-08-27 15:00:00+00:00,EXC,37.744998931884766,37.744998931884766,37.75,37.744998931884766,37.75,3448.0
2024-08-27 15:00:00+00:00,FLNC,19.040000915527344,19.040000915527344,19.040000915527344,19.030000686645508,19.040000915527344,6769.0
2024-08-27 15:00:00+00:00,LNT,57.70000076293945,57.70000076293945,57.70000076293945,57.70000076293945,57.70000076293945,733.0
2024-08-27 15:00:00+00:00,MNTK,4.559999942779541,4.559999942779541,4.565000057220459,4.559999942779541,4.559999942779541,1071.0
2024-08-27 15:00:00+00:00,NFE,12.84000015258789,12.84000015258789,12.854999542236328,12.84000015258789,12.854999542236328,4343.0
2024-08-27 15:00:00+00:00,NWE,53.650001525878906,53.650001525878906,53.650001525878906,53.650001525878906,53.650001525878906,368.0
2024-08-27 15:00:00+00:00,OTTR,88.33499908447266,88.33499908447266,88.33499908447266,88.33499908447266,88.33499908447266,1076.0
2024-08-27 15:00:00+00:00,RNW,5.715000152587891,5.715000152587891,5.715000152587891,5.715000152587891,5.715000152587891,147.0
2024-08-27 15:00:00+00:00,XEL,60.970001220703125,60.970001220703125,60.97999954223633,60.970001220703125,60.97600173950195,2415.0
2024-08-27 15:01:00+00:00,AEP,98.6500015258789,98.6500015258789,98.66999816894531,98.6500015258789,98.66999816894531,6857.0
2024-08-27 15:01:00+00:00,CEG,195.9199981689453,195.9199981689453,196.11000061035156,195.9199981689453,196.00999450683594,2988.0
2024-08-27 15:01:00+00:00,EXC,37.724998474121094,37.724998474121094,37.744998931884766,37.724998474121094,37.744998931884766,5178.0
2024-08-27 15:01:00+00:00,FLNC,19.03730010986328,19.03730010986328,19.03730010986328,19.03730010986328,19.03730010986328,322.0
2024-08-27 15:01:00+00:00,LNT,57.689998626708984,57.689998626708984,57.689998626708984,57.689998626708984,57.689998626708984,761.0
2024-08-27 15:01:00+00:00,MGEE,86.36000061035156,86.36000061035156,86.5199966430664,86.36000061035156,86.5199966430664,1608.0
2024-08-27 15:01:00+00:00,NFE,12.84000015258789,12.84000015258789,12.84000015258789,12.84000015258789,12.84000015258789,839.0
2024-08-27 15:01:00+00:00,OTTR,88.25499725341797,88.25499725341797,88.34500122070312,88.25499725341797,88.34500122070312,3315.0
2024-08-27 15:01:00+00:00,RNW,5.715000152587891,5.715000152587891,5.715000152587891,5.715000152587891,5.715000152587891,308.0
2024-08-27 15:01:00+00:00,XEL,60.95000076293945,60.95000076293945,60.964698791503906,60.95000076293945,60.964698791503906,2174.0
2024-08-27 15:02:00+00:00,AEP,98.63500213623047,98.63500213623047,98.6500015258789,98.63500213623047,98.63999938964844,2824.0
2024-08-27 15:02:00+00:00,AY,22.2450008392334,22.2450008392334,22.25,22.239999771118164,22.25,8177.0
2024-08-27 15:02:00+00:00,CEG,195.9550018310547,195.9550018310547,195.9550018310547,195.89999389648438,195.9499969482422,1007.0
2024-08-27 15:02:00+00:00,EXC,37.724998474121094,37.724998474121094,37.73500061035156,37.724998474121094,37.724998474121094,7283.0
2024-08-27 15:02:00+00:00,FLNC,19.0,19.0,19.049999237060547,19.0,19.040000915527344,3211.0
2024-08-27 15:02:00+00:00,LNT,57.67499923706055,57.67499923706055,57.67499923706055,57.67499923706055,57.67499923706055,273.0
2024-08-27 15:02:00+00:00,NFE,12.850000381469727,12.850000381469727,12.850000381469727,12.84000015258789,12.84000015258789,4057.0
2024-08-27 15:02:00+00:00,NWE,53.630001068115234,53.630001068115234,53.650001525878906,53.630001068115234,53.650001525878906,852.0
2024-08-27 15:02:00+00:00,OPAL,3.569999933242798,3.569999933242798,3.5850000381469727,3.569999933242798,3.5850000381469727,574.0
2024-08-27 15:02:00+00:00,OTTR,88.13999938964844,88.13999938964844,88.19999694824219,88.13999938964844,88.19999694824219,1570.0
2024-08-27 15:02:00+00:00,RNW,5.704999923706055,5.704999923706055,5.710000038146973,5.704999923706055,5.710000038146973,5082.0
2024-08-27 15:02:00+00:00,XEL,60.95000076293945,60.95000076293945,60.95000076293945,60.939998626708984,60.94499969482422,2923.0
2024-08-27 15:03:00+00:00,AEP,98.6500015258789,98.6500015258789,98.6500015258789,98.63999938964844,98.63999938964844,3334.0
2024-08-27 15:03:00+00:00,AY,22.25,22.25,22.25,22.25,22.25,4780.0
2024-08-27 15:03:00+00:00,CEG,195.9600067138672,195.9600067138672,195.9600067138672,195.8699951171875,195.88999938964844,1117.0
2024-08-27 15:03:00+00:00,EXC,37.724998474121094,37.724998474121094,37.724998474121094,37.720001220703125,37.724998474121094,2170.0
2024-08-27 15:03:00+00:00,FLNC,18.974000930786133,18.974000930786133,19.0,18.974000930786133,19.0,3008.0
2024-08-27 15:03:00+00:00,LNT,57.70000076293945,57.70000076293945,57.70000076293945,57.68000030517578,57.68000030517578,1849.0
2024-08-27 15:03:00+00:00,MNTK,4.550099849700928,4.550099849700928,4.559999942779541,4.550099849700928,4.559999942779541,300.0
2024-08-27 15:03:00+00:00,NFE,12.850000381469727,12.850000381469727,12.859999656677246,12.850000381469727,12.850000381469727,5487.0
2024-08-27 15:03:00+00:00,NWE,53.63750076293945,53.63750076293945,53.650001525878906,53.63750076293945,53.650001525878906,2007.0
2024-08-27 15:03:00+00:00,OTTR,88.0999984741211,88.0999984741211,88.1050033569336,88.0999984741211,88.1050033569336,281.0
2024-08-27 15:03:00+00:00,XEL,60.95500183105469,60.95500183105469,60.95500183105469,60.95500183105469,60.95500183105469,508.0
2024-08-27 15:04:00+00:00,AEP,98.6500015258789,98.6500015258789,98.65499877929688,98.63999938964844,98.6449966430664,3149.0
2024-08-27 15:04:00+00:00,AY,22.2450008392334,22.2450008392334,22.2450008392334,22.2450008392334,22.2450008392334,270.0
2024-08-27 15:04:00+00:00,CEG,195.9506072998047,195.9506072998047,195.9506072998047,195.8699951171875,195.8699951171875,1597.0
2024-08-27 15:04:00+00:00,EXC,37.724998474121094,37.724998474121094,37.73500061035156,37.71500015258789,37.724998474121094,22399.0
2024-08-27 15:04:00+00:00,FLNC,18.979999542236328,18.979999542236328,18.989999771118164,18.979999542236328,18.979999542236328,2484.0
2024-08-27 15:04:00+00:00,LNT,57.709999084472656,57.709999084472656,57.709999084472656,57.709999084472656,57.709999084472656,453.0
2024-08-27 15:04:00+00:00,MNTK,4.550000190734863,4.550000190734863,4.550000190734863,4.550000190734863,4.550000190734863,217.0
2024-08-27 15:04:00+00:00,NFE,12.850000381469727,12.850000381469727,12.850000381469727,12.850000381469727,12.850000381469727,1816.0
2024-08-27 15:04:00+00:00,NWE,53.61000061035156,53.61000061035156,53.630001068115234,53.61000061035156,53.630001068115234,363.0
2024-08-27 15:04:00+00:00,OTTR,87.99500274658203,87.99500274658203,88.1050033569336,87.98999786376953,88.0199966430664,1050.0
2024-08-27 15:04:00+00:00,RGCO,20.834999084472656,20.834999084472656,20.834999084472656,20.834999084472656,20.834999084472656,404.0
2024-08-27 15:04:00+00:00,XEL,60.939998626708984,60.939998626708984,60.95899963378906,60.939998626708984,60.95899963378906,1604.0
2024-08-27 15:05:00+00:00,AEP,98.66500091552734,98.66500091552734,98.66500091552734,98.6500015258789,98.6500015258789,2398.0
2024-08-27 15:05:00+00:00,AY,22.2450008392334,22.2450008392334,22.2450008392334,22.2450008392334,22.2450008392334,785.0
2024-08-27 15:05:00+00:00,CEG,196.00999450683594,196.00999450683594,196.00999450683594,195.86500549316406,195.86500549316406,1717.0
2024-08-27 15:05:00+00:00,CWCO,27.549999237060547,27.549999237060547,27.687000274658203,27.549999237060547,27.639999389648438,2460.0
2024-08-27 15:05:00+00:00,EXC,37.73500061035156,37.73500061035156,37.73500061035156,37.724998474121094,37.724998474121094,7540.0
2024-08-27 15:05:00+00:00,FLNC,19.0,19.0,19.0,18.989999771118164,18.989999771118164,1843.0
2024-08-27 15:05:00+00:00,LNT,57.70000076293945,57.70000076293945,57.70000076293945,57.69499969482422,57.69499969482422,448.0
2024-08-27 15:05:00+00:00,NFE,12.859999656677246,12.859999656677246,12.864999771118164,12.850000381469727,12.850000381469727,5787.0
2024-08-27 15:05:00+00:00,OTTR,87.9000015258789,87.9000015258789,87.99500274658203,87.9000015258789,87.99500274658203,462.0
2024-08-27 15:05:00+00:00,XEL,60.939998626708984,60.939998626708984,60.939998626708984,60.93000030517578,60.937599182128906,1822.0
2024-08-27 15:06:00+00:00,AEP,98.66999816894531,98.66999816894531,98.66999816894531,98.65499877929688,98.65499877929688,1669.0
2024-08-27 15:06:00+00:00,CEG,196.16000366210938,196.16000366210938,196.1699981689453,196.0,196.0,3795.0
2024-08-27 15:06:00+00:00,CWCO,27.575000762939453,27.575000762939453,27.661800384521484,27.575000762939453,27.661800384521484,3441.0
2024-08-27 15:06:00+00:00,EXC,37.73500061035156,37.73500061035156,37.738800048828125,37.73500061035156,37.73500061035156,3145.0
2024-08-27 15:06:00+00:00,FLNC,18.959999084472656,18.959999084472656,19.010000228881836,18.959999084472656,19.0,7027.0
2024-08-27 15:06:00+00:00,NFE,12.859999656677246,12.859999656677246,12.859999656677246,12.859999656677246,12.859999656677246,5636.0
2024-08-27 15:06:00+00:00,NWE,53.58000183105469,53.58000183105469,53.58000183105469,53.58000183105469,53.58000183105469,901.0
2024-08-27 15:06:00+00:00,OPAL,3.569999933242798,3.569999933242798,3.569999933242798,3.569999933242798,3.569999933242798,1218.0
2024-08-27 15:06:00+00:00,OTTR,87.95999908447266,87.95999908447266,87.95999908447266,87.95999908447266,87.95999908447266,133.0
2024-08-27 15:06:00+00:00,XEL,60.94499969482422,60.94499969482422,60.94499969482422,60.94499969482422,60.94499969482422,211.0
2024-08-27 15:06:00+00:00,YORW,38.52000045776367,38.52000045776367,38.52000045776367,38.52000045776367,38.52000045776367,376.0
2024-08-27 15:07:00+00:00,AEP,98.68000030517578,98.68000030517578,98.68000030517578,98.66000366210938,98.66000366210938,1084.0
2024-08-27 15:07:00+00:00,ARTNA,35.709999084472656,35.709999084472656,35.709999084472656,35.709999084472656,35.709999084472656,591.0
2024-08-27 15:07:00+00:00,AY,22.25,22.25,22.25,22.2450008392334,22.2450008392334,5694.0
2024-08-27 15:07:00+00:00,CEG,196.10000610351562,196.10000610351562,196.17999267578125,196.0447998046875,196.07000732421875,4242.0
2024-08-27 15:07:00+00:00,CWCO,27.575000762939453,27.575000762939453,27.575000762939453,27.575000762939453,27.575000762939453,0.0
2024-08-27 15:07:00+00:00,EXC,37.75,37.75,37.75,37.73500061035156,37.73500061035156,7121.0
2024-08-27 15:07:00+00:00,FLNC,18.950000762939453,18.950000762939453,18.979999542236328,18.950000762939453,18.969999313354492,3854.0
2024-08-27 15:07:00+00:00,LNT,57.689998626708984,57.689998626708984,57.70000076293945,57.689998626708984,57.70000076293945,748.0
2024-08-27 15:07:00+00:00,MGEE,86.51000213623047,86.51000213623047,86.51000213623047,86.51000213623047,86.51000213623047,162.0
2024-08-27 15:07:00+00:00,NFE,12.875,12.875,12.875,12.859999656677246,12.859999656677246,3916.0
2024-08-27 15:07:00+00:00,OTTR,87.88999938964844,87.88999938964844,87.88999938964844,87.88999938964844,87.88999938964844,336.0
2024-08-27 15:07:00+00:00,RNW,5.704999923706055,5.704999923706055,5.704999923706055,5.704999923706055,5.704999923706055,1506.0
2024-08-27 15:07:00+00:00,XEL,60.95000076293945,60.95000076293945,60.95000076293945,60.94499969482422,60.94499969482422,1008.0
2024-08-27 15:08:00+00:00,AEP,98.68000030517578,98.68000030517578,98.69000244140625,98.66999816894531,98.68000030517578,4040.0
2024-08-27 15:08:00+00:00,AY,22.250099182128906,22.250099182128906,22.2549991607666,22.250099182128906,22.2549991607666,523.0
2024-08-27 15:08:00+00:00,CDZI,3.369999885559082,3.369999885559082,3.369999885559082,3.369999885559082,3.369999885559082,200.0
2024-08-27 15:08:00+00:00,CEG,196.19749450683594,196.19749450683594,196.27000427246094,196.10000610351562,196.10000610351562,3404.0
2024-08-27 15:08:00+00:00,EXC,37.73500061035156,37.73500061035156,37.744998931884766,37.73500061035156,37.744998931884766,2775.0
2024-08-27 15:08:00+00:00,FLNC,18.959999084472656,18.959999084472656,18.959999084472656,18.959999084472656,18.959999084472656,411.0
2024-08-27 15:08:00+00:00,LNT,57.689998626708984,57.689998626708984,57.689998626708984,57.68069839477539,57.68069839477539,12012.0
2024-08-27 15:08:00+00:00,NFE,12.885000228881836,12.885000228881836,12.890000343322754,12.875,12.875,5635.0
2024-08-27 15:08:00+00:00,NWE,53.689998626708984,53.689998626708984,53.689998626708984,53.61000061035156,53.6150016784668,5766.0
2024-08-27 15:08:00+00:00,OTTR,87.875,87.875,87.875,87.875,87.875,385.0
2024-08-27 15:08:00+00:00,XEL,60.94499969482422,60.94499969482422,60.95000076293945,60.94499969482422,60.95000076293945,1299.0
2024-08-27 15:09:00+00:00,AEP,98.67500305175781,98.67500305175781,98.70999908447266,98.67500305175781,98.69999694824219,3605.0
2024-08-27 15:09:00+00:00,AY,22.260000228881836,22.260000228881836,22.260000228881836,22.260000228881836,22.260000228881836,622.0
2024-08-27 15:09:00+00:00,CEG,196.25999450683594,196.25999450683594,196.27000427246094,196.24000549316406,196.27000427246094,1993.0
2024-08-27 15:09:00+00:00,EXC,37.7400016784668,37.7400016784668,37.744998931884766,37.73500061035156,37.73500061035156,4826.0
2024-08-27 15:09:00+00:00,FLNC,18.979999542236328,18.979999542236328,18.979999542236328,18.969999313354492,18.969999313354492,1047.0
2024-08-27 15:09:00+00:00,LNT,57.70000076293945,57.70000076293945,57.70000076293945,57.70000076293945,57.70000076293945,294.0
2024-08-27 15:09:00+00:00,MNTK,4.550000190734863,4.550000190734863,4.559999942779541,4.550000190734863,4.559999942779541,264.0
2024-08-27 15:09:00+00:00,NFE,12.885000228881836,12.885000228881836,12.895000457763672,12.880000114440918,12.885000228881836,5245.0
2024-08-27 15:09:00+00:00,RNW,5.71999979019165,5.71999979019165,5.71999979019165,5.71999979019165,5.71999979019165,816.0
2024-08-27 15:09:00+00:00,XEL,60.95500183105469,60.95500183105469,60.95500183105469,60.94499969482422,60.94499969482422,1451.0
2024-08-27 15:10:00+00:00,AEP,98.70999908447266,98.70999908447266,98.70999908447266,98.66999816894531,98.66999816894531,4455.0
2024-08-27 15:10:00+00:00,CEG,196.22000122070312,196.22000122070312,196.27000427246094,196.22000122070312,196.25999450683594,1803.0
2024-08-27 15:10:00+00:00,CWCO,27.635000228881836,27.635000228881836,27.635000228881836,27.600000381469727,27.600000381469727,842.0
2024-08-27 15:10:00+00:00,EXC,37.744998931884766,37.744998931884766,37.744998931884766,37.72999954223633,37.73500061035156,8096.0
2024-08-27 15:10:00+00:00,FLNC,18.979999542236328,18.979999542236328,18.979999542236328,18.959999084472656,18.979999542236328,1971.0
2024-08-27 15:10:00+00:00,LNT,57.691898345947266,57.691898345947266,57.70000076293945,57.691898345947266,57.70000076293945,554.0
2024-08-27 15:10:00+00:00,MGEE,86.63999938964844,86.63999938964844,86.63999938964844,86.63999938964844,86.63999938964844,146.0
2024-08-27 15:10:00+00:00,NFE,12.880000114440918,12.880000114440918,12.885000228881836,12.869999885559082,12.885000228881836,7942.0
2024-08-27 15:10:00+00:00,OTTR,87.75,87.75,87.75,87.75,87.75,253.0
2024-08-27 15:10:00+00:00,RNW,5.71999979019165,5.71999979019165,5.71999979019165,5.71999979019165,5.71999979019165,520.0
2024-08-27 15:10:00+00:00,XEL,60.95500183105469,60.95500183105469,60.96699905395508,60.95500183105469,60.959999084472656,1779.0
2024-08-27 15:10:00+00:00,YORW,38.54389953613281,38.54389953613281,38.54389953613281,38.54389953613281,38.54389953613281,188.0
2024-08-27 15:11:00+00:00,AEP,98.72010040283203,98.72010040283203,98.7249984741211,98.72000122070312,98.72000122070312,2809.0
2024-08-27 15:11:00+00:00,CEG,196.35000610351562,196.35000610351562,196.4199981689453,196.27999877929688,196.27999877929688,3206.0
2024-08-27 15:11:00+00:00,CWCO,27.684999465942383,27.684999465942383,27.690000534057617,27.6200008392334,27.690000534057617,2263.0
2024-08-27 15:11:00+00:00,EXC,37.744998931884766,37.744998931884766,37.749900817871094,37.744998931884766,37.749900817871094,3323.0
2024-08-27 15:11:00+00:00,FLNC,19.010000228881836,19.010000228881836,19.010000228881836,18.9778995513916,18.9778995513916,2939.0
2024-08-27 15:11:00+00:00,LNT,57.70000076293945,57.70000076293945,57.70000076293945,57.70000076293945,57.70000076293945,1253.0
2024-08-27 15:11:00+00:00,MSEX,62.66999816894531,62.66999816894531,62.66999816894531,62.584999084472656,62.584999084472656,585.0
2024-08-27 15:11:00+00:00,NFE,12.890000343322754,12.890000343322754,12.890000343322754,12.880000114440918,12.880499839782715,3836.0
2024-08-27 15:11:00+00:00,OTTR,87.75,87.75,87.75,87.75,87.75,564.0
2024-08-27 15:11:00+00:00,RNW,5.71999979019165,5.71999979019165,5.71999979019165,5.71999979019165,5.71999979019165,0.0
2024-08-27 15:11:00+00:00,XEL,60.97999954223633,60.97999954223633,60.97999954223633,60.970001220703125,60.970001220703125,1748.0
2024-08-27 15:12:00+00:00,AEP,98.7300033569336,98.7300033569336,98.75,98.70999908447266,98.72000122070312,4686.0
2024-08-27 15:12:00+00:00,AY,22.2549991607666,22.2549991607666,22.2549991607666,22.25,22.2549991607666,1054.0
2024-08-27 15:12:00+00:00,CEG,196.33999633789062,196.33999633789062,196.33999633789062,196.3350067138672,196.3350067138672,465.0
2024-08-27 15:12:00+00:00,CREG,0.887499988079071,0.887499988079071,0.887499988079071,0.8870000243186951,0.8870000243186951,541.0
2024-08-27 15:12:00+00:00,EXC,37.744998931884766,37.744998931884766,37.75,37.744998931884766,37.74879837036133,1143.0
2024-08-27 15:12:00+00:00,FLNC,19.010000228881836,19.010000228881836,19.010000228881836,19.0,19.010000228881836,2171.0
2024-08-27 15:12:00+00:00,LNT,57.68000030517578,57.68000030517578,57.68000030517578,57.68000030517578,57.68000030517578,1643.0
2024-08-27 15:12:00+00:00,MNTK,4.570000171661377,4.570000171661377,4.570000171661377,4.570000171661377,4.570000171661377,574.0
2024-08-27 15:12:00+00:00,NFE,12.864999771118164,12.864999771118164,12.880000114440918,12.864999771118164,12.880000114440918,4938.0
2024-08-27 15:12:00+00:00,OTTR,87.62000274658203,87.62000274658203,87.62000274658203,87.62000274658203,87.62000274658203,232.0
2024-08-27 15:12:00+00:00,RNW,5.71999979019165,5.71999979019165,5.71999979019165,5.71999979019165,5.71999979019165,775.0
2024-08-27 15:12:00+00:00,XEL,60.9911003112793,60.9911003112793,60.9911003112793,60.970001220703125,60.970001220703125,2609.0
2024-08-27 15:12:00+00:00,YORW,38.540000915527344,38.540000915527344,38.540000915527344,38.540000915527344,38.540000915527344,278.0
2024-08-27 15:13:00+00:00,AEP,98.69000244140625,98.69000244140625,98.73500061035156,98.69000244140625,98.73500061035156,2612.0
2024-08-27 15:13:00+00:00,AY,22.25,22.25,22.25,22.25,22.25,0.0
2024-08-27 15:13:00+00:00,CEG,196.3300018310547,196.3300018310547,196.3800048828125,196.25,196.3524932861328,5762.0
2024-08-27 15:13:00+00:00,CREG,0.8949999809265137,0.8949999809265137,0.8949999809265137,0.8949999809265137,0.8949999809265137,200.0
2024-08-27 15:13:00+00:00,CWCO,27.684999465942383,27.684999465942383,27.684999465942383,27.6299991607666,27.665000915527344,3679.0
2024-08-27 15:13:00+00:00,EXC,37.72999954223633,37.72999954223633,37.744998931884766,37.72999954223633,37.744998931884766,4628.0
2024-08-27 15:13:00+00:00,FLNC,19.010000228881836,19.010000228881836,19.010000228881836,18.989999771118164,19.010000228881836,1563.0
2024-08-27 15:13:00+00:00,MNTK,4.570000171661377,4.570000171661377,4.570000171661377,4.570000171661377,4.570000171661377,266.0
2024-08-27 15:13:00+00:00,NFE,12.864999771118164,12.864999771118164,12.869999885559082,12.864999771118164,12.864999771118164,4277.0
2024-08-27 15:13:00+00:00,NWE,53.70000076293945,53.70000076293945,53.70000076293945,53.70000076293945,53.70000076293945,250.0
2024-08-27 15:13:00+00:00,XEL,60.95000076293945,60.95000076293945,60.994998931884766,60.95000076293945,60.994998931884766,12975.0
2024-08-27 15:13:00+00:00,YORW,38.540000915527344,38.540000915527344,38.540000915527344,38.540000915527344,38.540000915527344,447.0
2024-08-27 15:14:00+00:00,AEP,98.69000244140625,98.69000244140625,98.69999694824219,98.69000244140625,98.69000244140625,1224.0
2024-08-27 15:14:00+00:00,AY,22.25,22.25,22.2549991607666,22.25,22.2549991607666,589.0
2024-08-27 15:14:00+00:00,CDZI,3.369999885559082,3.369999885559082,3.369999885559082,3.369999885559082,3.369999885559082,132.0
2024-08-27 15:14:00+00:00,CEG,196.3300018310547,196.3300018310547,196.34500122070312,196.2718048095703,196.34500122070312,2270.0
2024-08-27 15:14:00+00:00,EXC,37.72990036010742,37.72990036010742,37.73149871826172,37.720001220703125,37.73149871826172,10025.0
2024-08-27 15:14:00+00:00,FLNC,18.969999313354492,18.969999313354492,19.010000228881836,18.969999313354492,19.010000228881836,4240.0
2024-08-27 15:14:00+00:00,LNT,57.68000030517578,57.68000030517578,57.68000030517578,57.68000030517578,57.68000030517578,1965.0
2024-08-27 15:14:00+00:00,MNTK,4.570000171661377,4.570000171661377,4.570000171661377,4.570000171661377,4.570000171661377,376.0
2024-08-27 15:14:00+00:00,MSEX,62.584999084472656,62.584999084472656,62.584999084472656,62.584999084472656,62.584999084472656,295.0
2024-08-27 15:14:00+00:00,NFE,12.854999542236328,12.854999542236328,12.859999656677246,12.850000381469727,12.859999656677246,5016.0
2024-08-27 15:14:00+00:00,NWE,53.70000076293945,53.70000076293945,53.70000076293945,53.70000076293945,53.70000076293945,552.0
2024-08-27 15:14:00+00:00,OTTR,87.62999725341797,87.62999725341797,87.62999725341797,87.62999725341797,87.62999725341797,179.0
2024-08-27 15:14:00+00:00,RNW,5.71999979019165,5.71999979019165,5.71999979019165,5.71999979019165,5.71999979019165,504.0
2024-08-27 15:14:00+00:00,XEL,60.95500183105469,60.95500183105469,60.95500183105469,60.939998626708984,60.95000076293945,2155.0
2024-08-27 15:14:00+00:00,YORW,38.5099983215332,38.5099983215332,38.52000045776367,38.5099983215332,38.52000045776367,1115.0
2024-08-27 15:15:00+00:00,AEP,98.69999694824219,98.69999694824219,98.72000122070312,98.67269897460938,98.69000244140625,4481.0
2024-08-27 15:15:00+00:00,AY,22.2549991607666,22.2549991607666,22.2549991607666,22.2549991607666,22.2549991607666,249.0
2024-08-27 15:15:00+00:00,EXC,37.73500061035156,37.73500061035156,37.73500061035156,37.72999954223633,37.72999954223633,3583.0
2024-08-27 15:15:00+00:00,FLNC,18.979999542236328,18.979999542236328,18.979999542236328,18.979999542236328,18.979999542236328,390.0
2024-08-27 15:15:00+00:00,GWRS,12.59000015258789,12.59000015258789,12.59000015258789,12.59000015258789,12.59000015258789,1402.0
2024-08-27 15:15:00+00:00,MGEE,86.45999908447266,86.45999908447266,86.45999908447266,86.41999816894531,86.41999816894531,489.0
2024-08-27 15:15:00+00:00,NFE,12.854999542236328,12.854999542236328,12.858699798583984,12.854999542236328,12.854999542236328,1867.0
2024-08-27 15:15:00+00:00,OTTR,87.62000274658203,87.62000274658203,87.62000274658203,87.62000274658203,87.62000274658203,135.0
2024-08-27 15:15:00+00:00,RNW,5.71999979019165,5.71999979019165,5.71999979019165,5.71999979019165,5.71999979019165,674.0
2024-08-27 15:15:00+00:00,XEL,60.95500183105469,60.95500183105469,60.959999084472656,60.95000076293945,60.95100021362305,1654.0
2024-08-27 15:16:00+00:00,AEP,98.69000244140625,98.69000244140625,98.69999694824219,98.66999816894531,98.68000030517578,1619.0
2024-08-27 15:16:00+00:00,ARTNA,35.70000076293945,35.70000076293945,35.70000076293945,35.70000076293945,35.70000076293945,185.0
2024-08-27 15:16:00+00:00,AY,22.2549991607666,22.2549991607666,22.2549991607666,22.25,22.25,799.0
2024-08-27 15:16:00+00:00,CEG,196.32000732421875,196.32000732421875,196.32000732421875,196.32000732421875,196.32000732421875,546.0
2024-08-27 15:16:00+00:00,EXC,37.72999954223633,37.72999954223633,37.72999954223633,37.72480010986328,37.72999954223633,8022.0
2024-08-27 15:16:00+00:00,FLNC,18.989999771118164,18.989999771118164,18.989999771118164,18.989999771118164,18.989999771118164,1338.0
2024-08-27 15:16:00+00:00,MSEX,62.66999816894531,62.66999816894531,62.66999816894531,62.66999816894531,62.66999816894531,432.0
2024-08-27 15:16:00+00:00,NFE,12.845000267028809,12.845000267028809,12.854999542236328,12.845000267028809,12.854999542236328,6210.0
2024-08-27 15:16:00+00:00,NWE,53.69150161743164,53.69150161743164,53.69150161743164,53.69150161743164,53.69150161743164,2375.0
2024-08-27 15:16:00+00:00,OTTR,87.625,87.625,87.625,87.625,87.625,483.0
2024-08-27 15:16:00+00:00,RNW,5.71999979019165,5.71999979019165,5.71999979019165,5.71999979019165,5.71999979019165,755.0
2024-08-27 15:16:00+00:00,XEL,60.95000076293945,60.95000076293945,60.95000076293945,60.935001373291016,60.939998626708984,3676.0
2024-08-27 15:17:00+00:00,AEP,98.69499969482422,98.69499969482422,98.69499969482422,98.69000244140625,98.69000244140625,938.0
2024-08-27 15:17:00+00:00,AY,22.25,22.25,22.2549991607666,22.25,22.2549991607666,515.0
2024-08-27 15:17:00+00:00,CEG,196.4199981689453,196.4199981689453,196.49000549316406,196.27000427246094,196.27000427246094,4513.0
2024-08-27 15:17:00+00:00,CREG,0.8949999809265137,0.8949999809265137,0.8949999809265137,0.8949999809265137,0.8949999809265137,111.0
2024-08-27 15:17:00+00:00,EXC,37.73749923706055,37.73749923706055,37.73749923706055,37.73500061035156,37.73500061035156,1791.0
2024-08-27 15:17:00+00:00,FLNC,18.975099563598633,18.975099563598633,18.989999771118164,18.975099563598633,18.989999771118164,5017.0
2024-08-27 15:17:00+00:00,LNT,57.689998626708984,57.689998626708984,57.689998626708984,57.689998626708984,57.689998626708984,929.0
2024-08-27 15:17:00+00:00,NFE,12.84000015258789,12.84000015258789,12.850000381469727,12.84000015258789,12.84000015258789,7166.0
2024-08-27 15:17:00+00:00,OTTR,87.7699966430664,87.7699966430664,87.7699966430664,87.68000030517578,87.68000030517578,2196.0
2024-08-27 15:17:00+00:00,XEL,60.959999084472656,60.959999084472656,60.96500015258789,60.95000076293945,60.95500183105469,3331.0
2024-08-27 15:18:00+00:00,AEP,98.69999694824219,98.69999694824219,98.69999694824219,98.68000030517578,98.69499969482422,8740.0
2024-08-27 15:18:00+00:00,ARTNA,35.709999084472656,35.709999084472656,35.709999084472656,35.709999084472656,35.709999084472656,2539.0
2024-08-27 15:18:00+00:00,AY,22.2549991607666,22.2549991607666,22.2549991607666,22.2549991607666,22.2549991607666,752.0
2024-08-27 15:18:00+00:00,CEG,196.4600067138672,196.4600067138672,196.4600067138672,196.4600067138672,196.4600067138672,167.0
2024-08-27 15:18:00+00:00,CREG,0.8949999809265137,0.8949999809265137,0.8949999809265137,0.8949999809265137,0.8949999809265137,230.0
2024-08-27 15:18:00+00:00,CWCO,27.684999465942383,27.684999465942383,27.729999542236328,27.639999389648438,27.729999542236328,2439.0
2024-08-27 15:18:00+00:00,EXC,37.724998474121094,37.724998474121094,37.73749923706055,37.724998474121094,37.73749923706055,4033.0
2024-08-27 15:18:00+00:00,FLNC,18.975000381469727,18.975000381469727,18.975000381469727,18.975000381469727,18.975000381469727,1122.0
2024-08-27 15:18:00+00:00,LNT,57.68000030517578,57.68000030517578,57.68000030517578,57.68000030517578,57.68000030517578,527.0
2024-08-27 15:18:00+00:00,MNTK,4.565000057220459,4.565000057220459,4.565000057220459,4.565000057220459,4.565000057220459,318.0
2024-08-27 15:18:00+00:00,NFE,12.845000267028809,12.845000267028809,12.850000381469727,12.84000015258789,12.850000381469727,6083.0
2024-08-27 15:18:00+00:00,OTTR,87.82499694824219,87.82499694824219,87.83499908447266,87.82499694824219,87.83000183105469,733.0
2024-08-27 15:18:00+00:00,RNW,5.71999979019165,5.71999979019165,5.71999979019165,5.71999979019165,5.71999979019165,677.0
2024-08-27 15:18:00+00:00,XEL,60.94499969482422,60.94499969482422,60.95000076293945,60.939998626708984,60.95000076293945,2172.0
2024-08-27 15:19:00+00:00,AEP,98.69999694824219,98.69999694824219,98.69999694824219,98.6802978515625,98.69000244140625,1106.0
2024-08-27 15:19:00+00:00,AY,22.2549991607666,22.2549991607666,22.2549991607666,22.25,22.25,329.0
2024-08-27 15:19:00+00:00,CEG,196.53500366210938,196.53500366210938,196.5399932861328,196.53500366210938,196.5399932861328,1822.0
2024-08-27 15:19:00+00:00,CWCO,27.684999465942383,27.684999465942383,27.684999465942383,27.680999755859375,27.680999755859375,1733.0
2024-08-27 15:19:00+00:00,EXC,37.724998474121094,37.724998474121094,37.724998474121094,37.720001220703125,37.724998474121094,2657.0
2024-08-27 15:19:00+00:00,FLNC,18.979999542236328,18.979999542236328,18.979999542236328,18.979999542236328,18.979999542236328,449.0
2024-08-27 15:19:00+00:00,LNT,57.68000030517578,57.68000030517578,57.68000030517578,57.68000030517578,57.68000030517578,557.0
2024-08-27 15:19:00+00:00,MNTK,4.565000057220459,4.565000057220459,4.565000057220459,4.565000057220459,4.565000057220459,104.0
2024-08-27 15:19:00+00:00,NFE,12.84000015258789,12.84000015258789,12.84000015258789,12.84000015258789,12.84000015258789,4296.0
2024-08-27 15:19:00+00:00,RNW,5.715000152587891,5.715000152587891,5.71999979019165,5.715000152587891,5.71999979019165,1879.0
2024-08-27 15:19:00+00:00,XEL,60.94499969482422,60.94499969482422,60.94499969482422,60.94110107421875,60.94110107421875,936.0
2024-08-27 15:20:00+00:00,ADN,3.135999917984009,3.135999917984009,3.135999917984009,3.135999917984009,3.135999917984009,509.0
2024-08-27 15:20:00+00:00,AEP,98.72000122070312,98.72000122070312,98.72000122070312,98.69000244140625,98.69000244140625,1525.0
2024-08-27 15:20:00+00:00,AY,22.2549991607666,22.2549991607666,22.2549991607666,22.2549991607666,22.2549991607666,338.0
2024-08-27 15:20:00+00:00,CDZI,3.359999895095825,3.359999895095825,3.359999895095825,3.359999895095825,3.359999895095825,654.0
2024-08-27 15:20:00+00:00,CEG,196.72999572753906,196.72999572753906,196.72999572753906,196.60000610351562,196.60000610351562,1708.0
2024-08-27 15:20:00+00:00,CREG,0.8860999941825867,0.8860999941825867,0.8860999941825867,0.8860999941825867,0.8860999941825867,100.0
2024-08-27 15:20:00+00:00,CWCO,27.71500015258789,27.71500015258789,27.790000915527344,27.71500015258789,27.735000610351562,1667.0
2024-08-27 15:20:00+00:00,EXC,37.724998474121094,37.724998474121094,37.727500915527344,37.724998474121094,37.724998474121094,2372.0
2024-08-27 15:20:00+00:00,FLNC,18.979999542236328,18.979999542236328,18.989999771118164,18.969999313354492,18.979999542236328,7333.0
2024-08-27 15:20:00+00:00,LNT,57.68000030517578,57.68000030517578,57.68000030517578,57.68000030517578,57.68000030517578,500.0
2024-08-27 15:20:00+00:00,MGEE,86.47000122070312,86.47000122070312,86.47000122070312,86.47000122070312,86.47000122070312,1224.0
2024-08-27 15:20:00+00:00,MNTK,4.559999942779541,4.559999942779541,4.570000171661377,4.559999942779541,4.565000057220459,7512.0
2024-08-27 15:20:00+00:00,NFE,12.84000015258789,12.84000015258789,12.84000015258789,12.835000038146973,12.835399627685547,4125.0
2024-08-27 15:20:00+00:00,OPAL,3.5701000690460205,3.5701000690460205,3.5701000690460205,3.5701000690460205,3.5701000690460205,200.0
2024-08-27 15:20:00+00:00,OTTR,87.68000030517578,87.68000030517578,87.69000244140625,87.68000030517578,87.69000244140625,844.0
2024-08-27 15:21:00+00:00,AEP,98.71980285644531,98.71980285644531,98.72000122070312,98.69499969482422,98.72000122070312,4191.0
2024-08-27 15:21:00+00:00,AY,22.25,22.25,22.2549991607666,22.25,22.2549991607666,468.0
2024-08-27 15:21:00+00:00,CWCO,27.790000915527344,27.790000915527344,27.790000915527344,27.709999084472656,27.790000915527344,1808.0
2024-08-27 15:21:00+00:00,EXC,37.70500183105469,37.70500183105469,37.727500915527344,37.70500183105469,37.727500915527344,9717.0
2024-08-27 15:21:00+00:00,FLNC,18.979999542236328,18.979999542236328,18.979999542236328,18.979999542236328,18.979999542236328,1233.0
2024-08-27 15:21:00+00:00,LNT,57.65999984741211,57.65999984741211,57.65999984741211,57.65999984741211,57.65999984741211,1014.0
2024-08-27 15:21:00+00:00,MNTK,4.550000190734863,4.550000190734863,4.550000190734863,4.550000190734863,4.550000190734863,877.0
2024-08-27 15:21:00+00:00,NFE,12.84000015258789,12.84000015258789,12.84000015258789,12.84000015258789,12.84000015258789,2579.0
2024-08-27 15:21:00+00:00,OPAL,3.569999933242798,3.569999933242798,3.569999933242798,3.569999933242798,3.569999933242798,624.0
2024-08-27 15:21:00+00:00,OTTR,87.5199966430664,87.5199966430664,87.69999694824219,87.5199966430664,87.69999694824219,3410.0
2024-08-27 15:21:00+00:00,XEL,60.93000030517578,60.93000030517578,60.939998626708984,60.93000030517578,60.939998626708984,2831.0
2024-08-27 15:22:00+00:00,AEP,98.69999694824219,98.69999694824219,98.70999908447266,98.69999694824219,98.70999908447266,2855.0
2024-08-27 15:22:00+00:00,AY,22.260000228881836,22.260000228881836,22.260000228881836,22.25,22.25,1804.0
2024-08-27 15:22:00+00:00,CEG,196.72999572753906,196.72999572753906,196.72999572753906,196.64999389648438,196.7100067138672,1243.0
2024-08-27 15:22:00+00:00,CREG,0.8949000239372253,0.8949000239372253,0.8949000239372253,0.8949000239372253,0.8949000239372253,100.0
2024-08-27 15:22:00+00:00,CWCO,27.8700008392334,27.8700008392334,27.8700008392334,27.860000610351562,27.860000610351562,595.0
2024-08-27 15:22:00+00:00,EXC,37.70500183105469,37.70500183105469,37.709999084472656,37.70500183105469,37.70500183105469,7878.0
2024-08-27 15:22:00+00:00,FLNC,18.979999542236328,18.979999542236328,18.979999542236328,18.973899841308594,18.973899841308594,1005.0
2024-08-27 15:22:00+00:00,HTOO,0.6100000143051147,0.6100000143051147,0.6100000143051147,0.6100000143051147,0.6100000143051147,530.0
2024-08-27 15:22:00+00:00,LNT,57.63999938964844,57.63999938964844,57.63999938964844,57.63999938964844,57.63999938964844,3012.0
2024-08-27 15:22:00+00:00,MSEX,62.38999938964844,62.38999938964844,62.5099983215332,62.38999938964844,62.5099983215332,1318.0
2024-08-27 15:22:00+00:00,NFE,12.85990047454834,12.85990047454834,12.869999885559082,12.84000015258789,12.84000015258789,10829.0
2024-08-27 15:22:00+00:00,OTTR,87.61499786376953,87.61499786376953,87.63249969482422,87.61499786376953,87.63249969482422,962.0
2024-08-27 15:22:00+00:00,RNW,5.715000152587891,5.715000152587891,5.715000152587891,5.715000152587891,5.715000152587891,1993.0
2024-08-27 15:22:00+00:00,XEL,60.91999816894531,60.91999816894531,60.935001373291016,60.91999816894531,60.935001373291016,2211.0
2024-08-27 15:23:00+00:00,AEP,98.68000030517578,98.68000030517578,98.69000244140625,98.66999816894531,98.69000244140625,3370.0
2024-08-27 15:23:00+00:00,AY,22.25,22.25,22.25,22.25,22.25,979.0
2024-08-27 15:23:00+00:00,CEG,196.64999389648438,196.64999389648438,196.64999389648438,196.57000732421875,196.57000732421875,1838.0
2024-08-27 15:23:00+00:00,CREG,0.8949999809265137,0.8949999809265137,0.8949999809265137,0.8949000239372253,0.8949000239372253,201.0
2024-08-27 15:23:00+00:00,EXC,37.70500183105469,37.70500183105469,37.709999084472656,37.70000076293945,37.70500183105469,15333.0
2024-08-27 15:23:00+00:00,FLNC,18.9950008392334,18.9950008392334,18.9950008392334,18.985000610351562,18.985000610351562,5193.0
2024-08-27 15:23:00+00:00,LNT,57.650001525878906,57.650001525878906,57.650001525878906,57.650001525878906,57.650001525878906,1093.0
2024-08-27 15:23:00+00:00,MNTK,4.550000190734863,4.550000190734863,4.550000190734863,4.550000190734863,4.550000190734863,334.0
2024-08-27 15:23:00+00:00,MSEX,62.48500061035156,62.48500061035156,62.48500061035156,62.33000183105469,62.33000183105469,663.0
2024-08-27 15:23:00+00:00,NFE,12.850000381469727,12.850000381469727,12.854999542236328,12.850000381469727,12.854999542236328,6945.0
2024-08-27 15:23:00+00:00,OPAL,3.5850000381469727,3.5850000381469727,3.5850000381469727,3.5850000381469727,3.5850000381469727,526.0
2024-08-27 15:23:00+00:00,OTTR,87.55500030517578,87.55500030517578,87.55500030517578,87.55500030517578,87.55500030517578,337.0
2024-08-27 15:23:00+00:00,RNW,5.715000152587891,5.715000152587891,5.715000152587891,5.710000038146973,5.710000038146973,3927.0
2024-08-27 15:23:00+00:00,XEL,60.91999816894531,60.91999816894531,60.91999816894531,60.91999816894531,60.91999816894531,358.0
2024-08-27 15:24:00+00:00,AEP,98.6500015258789,98.6500015258789,98.69000244140625,98.6500015258789,98.68499755859375,2862.0
2024-08-27 15:24:00+00:00,AY,22.260000228881836,22.260000228881836,22.260000228881836,22.25,22.25,2311.0
2024-08-27 15:24:00+00:00,CEG,196.6649932861328,196.6649932861328,196.72999572753906,196.6649932861328,196.72999572753906,1110.0
2024-08-27 15:24:00+00:00,CWCO,27.81999969482422,27.81999969482422,27.899999618530273,27.809999465942383,27.889999389648438,1494.0
2024-08-27 15:24:00+00:00,EXC,37.69499969482422,37.69499969482422,37.70750045776367,37.69499969482422,37.70500183105469,8010.0
2024-08-27 15:24:00+00:00,FLNC,19.0,19.0,19.0,19.0,19.0,1740.0
2024-08-27 15:24:00+00:00,NFE,12.845000267028809,12.845000267028809,12.850000381469727,12.845000267028809,12.850000381469727,2254.0
2024-08-27 15:24:00+00:00,RNW,5.704999923706055,5.704999923706055,5.704999923706055,5.699999809265137,5.704999923706055,1400.0
2024-08-27 15:24:00+00:00,XEL,60.89500045776367,60.89500045776367,60.92499923706055,60.89500045776367,60.92499923706055,2256.0
2024-08-27 15:25:00+00:00,AEP,98.66999816894531,98.66999816894531,98.66999816894531,98.6500015258789,98.65499877929688,3425.0
2024-08-27 15:25:00+00:00,AY,22.2549991607666,22.2549991607666,22.2549991607666,22.2549991607666,22.2549991607666,523.0
2024-08-27 15:25:00+00:00,CEG,196.63999938964844,196.63999938964844,196.6649932861328,196.60000610351562,196.6649932861328,3323.0
2024-08-27 15:25:00+00:00,CWCO,27.865299224853516,27.865299224853516,27.875,27.790000915527344,27.824100494384766,7281.0
2024-08-27 15:25:00+00:00,EXC,37.70500183105469,37.70500183105469,37.70500183105469,37.70000076293945,37.70000076293945,6650.0
2024-08-27 15:25:00+00:00,FLNC,19.0,19.0,19.010000228881836,19.0,19.0049991607666,1466.0
2024-08-27 15:25:00+00:00,LNT,57.665000915527344,57.665000915527344,57.665000915527344,57.65999984741211,57.65999984741211,916.0
2024-08-27 15:25:00+00:00,MNTK,4.550000190734863,4.550000190734863,4.550000190734863,4.550000190734863,4.550000190734863,718.0
2024-08-27 15:25:00+00:00,NFE,12.850000381469727,12.850000381469727,12.854999542236328,12.84000015258789,12.845000267028809,7691.0
2024-08-27 15:25:00+00:00,NWE,53.689998626708984,53.689998626708984,53.689998626708984,53.689998626708984,53.689998626708984,442.0
2024-08-27 15:25:00+00:00,PCYO,10.515000343322754,10.515000343322754,10.515000343322754,10.515000343322754,10.515000343322754,101.0
2024-08-27 15:25:00+00:00,RNW,5.704999923706055,5.704999923706055,5.704999923706055,5.704999923706055,5.704999923706055,1356.0
2024-08-27 15:25:00+00:00,XEL,60.900001525878906,60.900001525878906,60.900001525878906,60.89500045776367,60.89500045776367,1935.0
2024-08-27 15:26:00+00:00,AEP,98.7300033569336,98.7300033569336,98.7300033569336,98.69000244140625,98.69999694824219,6414.0
2024-08-27 15:26:00+00:00,AY,22.2549991607666,22.2549991607666,22.2549991607666,22.2549991607666,22.2549991607666,1298.0
2024-08-27 15:26:00+00:00,CDZI,3.3550000190734863,3.3550000190734863,3.3550000190734863,3.3550000190734863,3.3550000190734863,369.0
2024-08-27 15:26:00+00:00,CEG,196.55999755859375,196.55999755859375,196.72999572753906,196.55999755859375,196.63999938964844,4795.0
2024-08-27 15:26:00+00:00,CREG,0.8949999809265137,0.8949999809265137,0.8949999809265137,0.8949999809265137,0.8949999809265137,200.0
2024-08-27 15:26:00+00:00,CWCO,27.850200653076172,27.850200653076172,27.850200653076172,27.790000915527344,27.850200653076172,1476.0
2024-08-27 15:26:00+00:00,EXC,37.717498779296875,37.717498779296875,37.717498779296875,37.70500183105469,37.70500183105469,7176.0
2024-08-27 15:26:00+00:00,FLNC,19.014999389648438,19.014999389648438,19.020000457763672,19.010000228881836,19.010000228881836,2699.0
2024-08-27 15:26:00+00:00,LNT,57.66999816894531,57.66999816894531,57.66999816894531,57.66999816894531,57.66999816894531,1388.0
2024-08-27 15:26:00+00:00,NFE,12.864999771118164,12.864999771118164,12.869999885559082,12.845000267028809,12.845000267028809,6921.0
2024-08-27 15:26:00+00:00,NWE,53.69499969482422,53.69499969482422,53.69499969482422,53.69499969482422,53.69499969482422,115.0
2024-08-27 15:26:00+00:00,OTTR,87.625,87.625,87.625,87.625,87.625,348.0
2024-08-27 15:26:00+00:00,XEL,60.92499923706055,60.92499923706055,60.92499923706055,60.90999984741211,60.90999984741211,1631.0
2024-08-27 15:27:00+00:00,AEP,98.72000122070312,98.72000122070312,98.72000122070312,98.72000122070312,98.72000122070312,2832.0
2024-08-27 15:27:00+00:00,AY,22.260000228881836,22.260000228881836,22.260000228881836,22.260000228881836,22.260000228881836,178.0
2024-08-27 15:27:00+00:00,CEG,196.5800018310547,196.5800018310547,196.625,196.5800018310547,196.625,978.0
2024-08-27 15:27:00+00:00,EXC,37.71500015258789,37.71500015258789,37.720001220703125,37.709999084472656,37.71500015258789,4559.0
2024-08-27 15:27:00+00:00,FLNC,19.020999908447266,19.020999908447266,19.030000686645508,19.020000457763672,19.020000457763672,4352.0
2024-08-27 15:27:00+00:00,LNT,57.689998626708984,57.689998626708984,57.689998626708984,57.689998626708984,57.689998626708984,628.0
2024-08-27 15:27:00+00:00,NFE,12.864999771118164,12.864999771118164,12.864999771118164,12.864999771118164,12.864999771118164,2016.0
2024-08-27 15:27:00+00:00,NWE,53.720001220703125,53.720001220703125,53.7400016784668,53.709999084472656,53.709999084472656,1625.0
2024-08-27 15:27:00+00:00,XEL,60.94499969482422,60.94499969482422,60.94499969482422,60.93000030517578,60.93000030517578,3849.0
2024-08-27 15:27:00+00:00,YORW,38.61000061035156,38.61000061035156,38.65999984741211,38.61000061035156,38.65999984741211,888.0
2024-08-27 15:28:00+00:00,AEP,98.7300033569336,98.7300033569336,98.73999786376953,98.72000122070312,98.73999786376953,4129.0
2024-08-27 15:28:00+00:00,AY,22.2549991607666,22.2549991607666,22.260000228881836,22.2549991607666,22.259899139404297,1811.0
2024-08-27 15:28:00+00:00,CEG,196.53500366210938,196.53500366210938,196.58999633789062,196.53500366210938,196.58999633789062,763.0
2024-08-27 15:28:00+00:00,CREG,0.887499988079071,0.887499988079071,0.887499988079071,0.887499988079071,0.887499988079071,105.0
2024-08-27 15:28:00+00:00,CWCO,27.75,27.75,27.770000457763672,27.720800399780273,27.770000457763672,2420.0
2024-08-27 15:28:00+00:00,EXC,37.717498779296875,37.717498779296875,37.717498779296875,37.71500015258789,37.71500015258789,3680.0
2024-08-27 15:28:00+00:00,FLNC,19.024999618530273,19.024999618530273,19.024999618530273,19.024999618530273,19.024999618530273,607.0
2024-08-27 15:28:00+00:00,MNTK,4.554999828338623,4.554999828338623,4.559999942779541,4.554999828338623,4.559999942779541,2388.0
2024-08-27 15:28:00+00:00,NFE,12.859999656677246,12.859999656677246,12.869999885559082,12.859999656677246,12.864999771118164,3919.0
2024-08-27 15:28:00+00:00,NWE,53.709999084472656,53.709999084472656,53.720001220703125,53.709999084472656,53.720001220703125,619.0
2024-08-27 15:28:00+00:00,OTTR,87.4800033569336,87.4800033569336,87.685302734375,87.4000015258789,87.685302734375,3245.0
2024-08-27 15:28:00+00:00,PCYO,10.5,10.5,10.5,10.5,10.5,823.0
2024-08-27 15:28:00+00:00,XEL,60.93000030517578,60.93000030517578,60.95000076293945,60.93000030517578,60.94499969482422,3696.0
2024-08-27 15:29:00+00:00,AEP,98.73999786376953,98.73999786376953,98.73999786376953,98.72000122070312,98.7300033569336,3009.0
2024-08-27 15:29:00+00:00,AY,22.25,22.25,22.2549991607666,22.25,22.2549991607666,1311.0
2024-08-27 15:29:00+00:00,CDZIP,15.349900245666504,15.349900245666504,15.349900245666504,15.349900245666504,15.349900245666504,627.0
2024-08-27 15:29:00+00:00,CEG,196.69000244140625,196.69000244140625,196.69000244140625,196.5478057861328,196.5478057861328,4093.0
2024-08-27 15:29:00+00:00,EXC,37.70500183105469,37.70500183105469,37.717498779296875,37.70500183105469,37.717498779296875,16320.0
2024-08-27 15:29:00+00:00,FLNC,18.989999771118164,18.989999771118164,19.024999618530273,18.979999542236328,19.024999618530273,7033.0
2024-08-27 15:29:00+00:00,LNT,57.68000030517578,57.68000030517578,57.685001373291016,57.68000030517578,57.685001373291016,1425.0
2024-08-27 15:29:00+00:00,MNTK,4.550000190734863,4.550000190734863,4.550000190734863,4.550000190734863,4.550000190734863,286.0
2024-08-27 15:29:00+00:00,NFE,12.869999885559082,12.869999885559082,12.869999885559082,12.859999656677246,12.864999771118164,16023.0
2024-08-27 15:29:00+00:00,NWE,53.720001220703125,53.720001220703125,53.720001220703125,53.720001220703125,53.720001220703125,1272.0
2024-08-27 15:29:00+00:00,OTTR,87.41000366210938,87.41000366210938,87.41000366210938,87.41000366210938,87.41000366210938,423.0
2024-08-27 15:29:00+00:00,XEL,60.970001220703125,60.970001220703125,60.970001220703125,60.939998626708984,60.939998626708984,4095.0
2024-08-27 15:29:00+00:00,YORW,38.630001068115234,38.630001068115234,38.630001068115234,38.630001068115234,38.630001068115234,337.0
2024-08-27 15:30:00+00:00,AEP,98.76000213623047,98.76000213623047,98.76000213623047,98.72000122070312,98.7300033569336,3277.0
2024-08-27 15:30:00+00:00,AY,22.2549991607666,22.2549991607666,22.260000228881836,22.2549991607666,22.2549991607666,1811.0
2024-08-27 15:30:00+00:00,CEG,196.64500427246094,196.64500427246094,196.64999389648438,196.63070678710938,196.64999389648438,3410.0
2024-08-27 15:30:00+00:00,CWCO,27.750200271606445,27.750200271606445,27.795000076293945,27.750200271606445,27.795000076293945,1506.0
2024-08-27 15:30:00+00:00,EXC,37.724998474121094,37.724998474121094,37.724998474121094,37.71500015258789,37.71500015258789,15777.0
2024-08-27 15:30:00+00:00,FLNC,19.002899169921875,19.002899169921875,19.0049991607666,19.0,19.0,2495.0
2024-08-27 15:30:00+00:00,LNT,57.69499969482422,57.69499969482422,57.69499969482422,57.68000030517578,57.68000030517578,1682.0
2024-08-27 15:30:00+00:00,MGEE,86.36000061035156,86.36000061035156,86.4800033569336,86.36000061035156,86.4800033569336,1127.0
2024-08-27 15:30:00+00:00,MSEX,62.439998626708984,62.439998626708984,62.439998626708984,62.439998626708984,62.439998626708984,632.0
2024-08-27 15:30:00+00:00,NFE,12.869999885559082,12.869999885559082,12.869999885559082,12.869999885559082,12.869999885559082,1348.0
2024-08-27 15:30:00+00:00,NWE,53.720001220703125,53.720001220703125,53.720001220703125,53.720001220703125,53.720001220703125,1768.0
2024-08-27 15:30:00+00:00,OTTR,87.44000244140625,87.44000244140625,87.44000244140625,87.37999725341797,87.41000366210938,2504.0
2024-08-27 15:30:00+00:00,PCYO,10.520000457763672,10.520000457763672,10.520000457763672,10.520000457763672,10.520000457763672,1758.0
2024-08-27 15:30:00+00:00,RNW,5.704999923706055,5.704999923706055,5.704999923706055,5.704999923706055,5.704999923706055,494.0
2024-08-27 15:30:00+00:00,XEL,60.96500015258789,60.96500015258789,60.96500015258789,60.96500015258789,60.96500015258789,1922.0
2024-08-27 15:31:00+00:00,AEP,98.76000213623047,98.76000213623047,98.7750015258789,98.75,98.75180053710938,5582.0
2024-08-27 15:31:00+00:00,AY,22.2549991607666,22.2549991607666,22.2549991607666,22.2549991607666,22.2549991607666,1634.0
2024-08-27 15:31:00+00:00,CEG,196.80999755859375,196.80999755859375,196.85899353027344,196.64500427246094,196.64500427246094,6781.0
2024-08-27 15:31:00+00:00,CWCO,27.78499984741211,27.78499984741211,27.78499984741211,27.78499984741211,27.78499984741211,293.0
2024-08-27 15:31:00+00:00,EXC,37.727500915527344,37.727500915527344,37.727500915527344,37.720001220703125,37.720001220703125,2829.0
2024-08-27 15:31:00+00:00,FLNC,19.010000228881836,19.010000228881836,19.010000228881836,19.010000228881836,19.010000228881836,1288.0
2024-08-27 15:31:00+00:00,LNT,57.720001220703125,57.720001220703125,57.720001220703125,57.70000076293945,57.70000076293945,4279.0
2024-08-27 15:31:00+00:00,NFE,12.869999885559082,12.869999885559082,12.869999885559082,12.869999885559082,12.869999885559082,8679.0
2024-08-27 15:31:00+00:00,NWE,53.70000076293945,53.70000076293945,53.70000076293945,53.70000076293945,53.70000076293945,276.0
2024-08-27 15:31:00+00:00,RNW,5.710000038146973,5.710000038146973,5.710000038146973,5.710000038146973,5.710000038146973,702.0
2024-08-27 15:31:00+00:00,XEL,60.95100021362305,60.95100021362305,60.974998474121094,60.95000076293945,60.970001220703125,5203.0
2024-08-27 15:31:00+00:00,YORW,38.630001068115234,38.630001068115234,38.630001068115234,38.630001068115234,38.630001068115234,707.0
2024-08-27 15:32:00+00:00,AEP,98.79979705810547,98.79979705810547,98.79979705810547,98.7500991821289,98.76499938964844,3977.0
2024-08-27 15:32:00+00:00,AY,22.260000228881836,22.260000228881836,22.270000457763672,22.260000228881836,22.260000228881836,25292.0
2024-08-27 15:32:00+00:00,CEG,196.63999938964844,196.63999938964844,196.69000244140625,196.63999938964844,196.6699981689453,2615.0
2024-08-27 15:32:00+00:00,CWCO,27.799999237060547,27.799999237060547,27.93000030517578,27.782100677490234,27.782100677490234,3863.0
2024-08-27 15:32:00+00:00,EXC,37.724998474121094,37.724998474121094,37.727500915527344,37.720001220703125,37.727500915527344,5055.0
2024-08-27 15:32:00+00:00,FLNC,19.0,19.0,19.020000457763672,19.0,19.020000457763672,6932.0
2024-08-27 15:32:00+00:00,LNT,57.70500183105469,57.70500183105469,57.70500183105469,57.70100021362305,57.70100021362305,704.0
2024-08-27 15:32:00+00:00,MGEE,86.37999725341797,86.37999725341797,86.37999725341797,86.37999725341797,86.37999725341797,563.0
2024-08-27 15:32:00+00:00,MNTK,4.539999961853027,4.539999961853027,4.554999828338623,4.539999961853027,4.554999828338623,498.0
2024-08-27 15:32:00+00:00,MSEX,62.540000915527344,62.540000915527344,62.540000915527344,62.540000915527344,62.540000915527344,198.0
2024-08-27 15:32:00+00:00,NFE,12.895000457763672,12.895000457763672,12.899999618530273,12.869999885559082,12.869999885559082,11915.0
2024-08-27 15:32:00+00:00,NWE,53.689998626708984,53.689998626708984,53.689998626708984,53.689998626708984,53.689998626708984,426.0
2024-08-27 15:32:00+00:00,OPAL,3.5799999237060547,3.5799999237060547,3.5799999237060547,3.5799999237060547,3.5799999237060547,177.0
2024-08-27 15:32:00+00:00,OTTR,87.36000061035156,87.36000061035156,87.44499969482422,87.36000061035156,87.44499969482422,475.0
2024-08-27 15:32:00+00:00,RNW,5.71999979019165,5.71999979019165,5.724999904632568,5.710000038146973,5.710000038146973,4557.0
2024-08-27 15:32:00+00:00,WAVE,3.962100028991699,3.962100028991699,3.962100028991699,3.962100028991699,3.962100028991699,538.0
2024-08-27 15:32:00+00:00,XEL,60.98500061035156,60.98500061035156,60.98500061035156,60.95500183105469,60.95500183105469,2359.0
2024-08-27 15:33:00+00:00,AEP,98.76000213623047,98.76000213623047,98.78500366210938,98.76000213623047,98.77999877929688,4427.0
2024-08-27 15:33:00+00:00,CDZI,3.359999895095825,3.359999895095825,3.359999895095825,3.359999895095825,3.359999895095825,230.0
2024-08-27 15:33:00+00:00,CEG,196.5,196.5,196.63499450683594,196.5,196.63499450683594,3744.0
2024-08-27 15:33:00+00:00,CWCO,27.84950065612793,27.84950065612793,27.84950065612793,27.84950065612793,27.84950065612793,398.0
2024-08-27 15:33:00+00:00,EXC,37.720001220703125,37.720001220703125,37.724998474121094,37.720001220703125,37.724998474121094,5158.0
2024-08-27 15:33:00+00:00,FLNC,19.030000686645508,19.030000686645508,19.030000686645508,19.000999450683594,19.000999450683594,3070.0
2024-08-27 15:33:00+00:00,LNT,57.71500015258789,57.71500015258789,57.720001220703125,57.71500015258789,57.720001220703125,2439.0
2024-08-27 15:33:00+00:00,MSEX,62.58000183105469,62.58000183105469,62.58000183105469,62.560001373291016,62.560001373291016,732.0
2024-08-27 15:33:00+00:00,NFE,12.869999885559082,12.869999885559082,12.890000343322754,12.864999771118164,12.890000343322754,12015.0
2024-08-27 15:33:00+00:00,NWE,53.68000030517578,53.68000030517578,53.68000030517578,53.68000030517578,53.68000030517578,365.0
2024-08-27 15:33:00+00:00,OPAL,3.5799999237060547,3.5799999237060547,3.5799999237060547,3.5799999237060547,3.5799999237060547,909.0
2024-08-27 15:33:00+00:00,OTTR,87.51380157470703,87.51380157470703,87.55000305175781,87.43499755859375,87.43499755859375,4021.0
2024-08-27 15:33:00+00:00,RNW,5.71999979019165,5.71999979019165,5.71999979019165,5.715000152587891,5.715000152587891,1332.0
2024-08-27 15:33:00+00:00,XEL,60.974998474121094,60.974998474121094,60.97999954223633,60.96500015258789,60.97999954223633,3677.0
2024-08-27 15:34:00+00:00,AEP,98.7300033569336,98.7300033569336,98.7699966430664,98.7300033569336,98.76000213623047,7688.0
2024-08-27 15:34:00+00:00,AY,22.2549991607666,22.2549991607666,22.2549991607666,22.2549991607666,22.2549991607666,608.0
2024-08-27 15:34:00+00:00,CDZI,3.359999895095825,3.359999895095825,3.359999895095825,3.359999895095825,3.359999895095825,200.0
2024-08-27 15:34:00+00:00,CEG,196.5050048828125,196.5050048828125,196.58999633789062,196.47500610351562,196.47500610351562,2282.0
2024-08-27 15:34:00+00:00,CREG,0.887499988079071,0.887499988079071,0.887499988079071,0.887499988079071,0.887499988079071,211.0
2024-08-27 15:34:00+00:00,EXC,37.724998474121094,37.724998474121094,37.73500061035156,37.720001220703125,37.72999954223633,33865.0
2024-08-27 15:34:00+00:00,FLNC,19.049999237060547,19.049999237060547,19.049999237060547,19.030000686645508,19.030000686645508,2590.0
2024-08-27 15:34:00+00:00,GWRS,12.529999732971191,12.529999732971191,12.619999885559082,12.529999732971191,12.619999885559082,1600.0
2024-08-27 15:34:00+00:00,LNT,57.70000076293945,57.70000076293945,57.71910095214844,57.70000076293945,57.71910095214844,1880.0
2024-08-27 15:34:00+00:00,MSEX,62.619998931884766,62.619998931884766,62.619998931884766,62.619998931884766,62.619998931884766,485.0
2024-08-27 15:34:00+00:00,NFE,12.871000289916992,12.871000289916992,12.880000114440918,12.869999885559082,12.869999885559082,9388.0
2024-08-27 15:34:00+00:00,NWE,53.68000030517578,53.68000030517578,53.709999084472656,53.68000030517578,53.70000076293945,2375.0
2024-08-27 15:34:00+00:00,OTTR,87.5250015258789,87.5250015258789,87.5250015258789,87.5199966430664,87.5199966430664,1094.0
2024-08-27 15:34:00+00:00,RNW,5.71999979019165,5.71999979019165,5.71999979019165,5.71999979019165,5.71999979019165,1102.0
2024-08-27 15:34:00+00:00,XEL,60.97999954223633,60.97999954223633,60.9900016784668,60.97909927368164,60.97909927368164,4511.0
2024-08-27 15:35:00+00:00,AEP,98.7300033569336,98.7300033569336,98.7385025024414,98.69999694824219,98.69999694824219,3289.0
2024-08-27 15:35:00+00:00,AY,22.25,22.25,22.260000228881836,22.25,22.260000228881836,529.0
2024-08-27 15:35:00+00:00,CEG,196.58999633789062,196.58999633789062,196.58999633789062,196.5050048828125,196.5050048828125,865.0
2024-08-27 15:35:00+00:00,CREG,0.8895000219345093,0.8895000219345093,0.8895000219345093,0.8895000219345093,0.8895000219345093,100.0
2024-08-27 15:35:00+00:00,EXC,37.724998474121094,37.724998474121094,37.724998474121094,37.720001220703125,37.724998474121094,3584.0
2024-08-27 15:35:00+00:00,FLNC,19.059999465942383,19.059999465942383,19.059999465942383,19.040000915527344,19.040000915527344,2954.0
2024-08-27 15:35:00+00:00,LNT,57.70000076293945,57.70000076293945,57.70000076293945,57.689998626708984,57.689998626708984,1995.0
2024-08-27 15:35:00+00:00,MNTK,4.550000190734863,4.550000190734863,4.550000190734863,4.550000190734863,4.550000190734863,558.0
2024-08-27 15:35:00+00:00,NFE,12.864999771118164,12.864999771118164,12.875,12.859999656677246,12.869999885559082,6583.0
2024-08-27 15:35:00+00:00,OTTR,87.44999694824219,87.44999694824219,87.47000122070312,87.44999694824219,87.47000122070312,300.0
2024-08-27 15:35:00+00:00,RNW,5.715000152587891,5.715000152587891,5.715000152587891,5.715000152587891,5.715000152587891,208.0
2024-08-27 15:35:00+00:00,XEL,60.96500015258789,60.96500015258789,60.970001220703125,60.959999084472656,60.96500015258789,4225.0
2024-08-27 15:36:00+00:00,AEP,98.70999908447266,98.70999908447266,98.7300033569336,98.70999908447266,98.7300033569336,4434.0
2024-08-27 15:36:00+00:00,AY,22.260000228881836,22.260000228881836,22.260000228881836,22.25,22.260000228881836,4408.0
2024-08-27 15:36:00+00:00,CDZI,3.359999895095825,3.359999895095825,3.359999895095825,3.359999895095825,3.359999895095825,133.0
2024-08-27 15:36:00+00:00,CEG,196.5800018310547,196.5800018310547,196.5800018310547,196.47999572753906,196.55499267578125,2178.0
2024-08-27 15:36:00+00:00,CWCO,27.850000381469727,27.850000381469727,27.922000885009766,27.850000381469727,27.922000885009766,682.0
2024-08-27 15:36:00+00:00,EXC,37.70000076293945,37.70000076293945,37.72999954223633,37.70000076293945,37.724998474121094,23167.0
2024-08-27 15:36:00+00:00,FLNC,19.059999465942383,19.059999465942383,19.059999465942383,19.049999237060547,19.049999237060547,4411.0
2024-08-27 15:36:00+00:00,LNT,57.67100143432617,57.67100143432617,57.70000076293945,57.67100143432617,57.70000076293945,591.0
2024-08-27 15:36:00+00:00,MGEE,86.2300033569336,86.2300033569336,86.34500122070312,86.2300033569336,86.34500122070312,627.0
2024-08-27 15:36:00+00:00,NFE,12.880000114440918,12.880000114440918,12.880000114440918,12.864999771118164,12.864999771118164,4930.0
2024-08-27 15:36:00+00:00,NWE,53.65999984741211,53.65999984741211,53.65999984741211,53.65999984741211,53.65999984741211,947.0
2024-08-27 15:36:00+00:00,OTTR,87.45500183105469,87.45500183105469,87.45500183105469,87.45500183105469,87.45500183105469,342.0
2024-08-27 15:36:00+00:00,RNW,5.715000152587891,5.715000152587891,5.71999979019165,5.715000152587891,5.71999979019165,1427.0
2024-08-27 15:36:00+00:00,XEL,60.96989822387695,60.96989822387695,60.970001220703125,60.95000076293945,60.959999084472656,6336.0
2024-08-27 15:37:00+00:00,AEP,98.69000244140625,98.69000244140625,98.70999908447266,98.69000244140625,98.70999908447266,2777.0
2024-08-27 15:37:00+00:00,AY,22.260000228881836,22.260000228881836,22.260000228881836,22.2549991607666,22.2549991607666,849.0
2024-08-27 15:37:00+00:00,CEG,196.49000549316406,196.49000549316406,196.50999450683594,196.42999267578125,196.42999267578125,1370.0
2024-08-27 15:37:00+00:00,CWCO,27.859699249267578,27.859699249267578,27.859699249267578,27.859699249267578,27.859699249267578,1747.0
2024-08-27 15:37:00+00:00,EXC,37.685001373291016,37.685001373291016,37.709999084472656,37.685001373291016,37.70000076293945,23958.0
2024-08-27 15:37:00+00:00,FLNC,19.100000381469727,19.100000381469727,19.100000381469727,19.059999465942383,19.059999465942383,5084.0
2024-08-27 15:37:00+00:00,LNT,57.65999984741211,57.65999984741211,57.66999816894531,57.65999984741211,57.66999816894531,1378.0
2024-08-27 15:37:00+00:00,MGEE,86.29000091552734,86.29000091552734,86.29000091552734,86.29000091552734,86.29000091552734,307.0
2024-08-27 15:37:00+00:00,MNTK,4.559999942779541,4.559999942779541,4.559999942779541,4.559999942779541,4.559999942779541,351.0
2024-08-27 15:37:00+00:00,MSEX,62.5,62.5,62.52000045776367,62.4900016784668,62.4900016784668,1664.0
2024-08-27 15:37:00+00:00,NFE,12.885000228881836,12.885000228881836,12.890000343322754,12.88010025024414,12.885000228881836,5165.0
2024-08-27 15:37:00+00:00,OTTR,87.45999908447266,87.45999908447266,87.45999908447266,87.45999908447266,87.45999908447266,120.0
2024-08-27 15:37:00+00:00,RNW,5.715000152587891,5.715000152587891,5.715000152587891,5.715000152587891,5.715000152587891,200.0
2024-08-27 15:37:00+00:00,XEL,60.96500015258789,60.96500015258789,60.970001220703125,60.96500015258789,60.96500015258789,4094.0
2024-08-27 15:38:00+00:00,AEP,98.69999694824219,98.69999694824219,98.69999694824219,98.69999694824219,98.69999694824219,3292.0
2024-08-27 15:38:00+00:00,AY,22.2549991607666,22.2549991607666,22.260000228881836,22.25,22.25,807.0
2024-08-27 15:38:00+00:00,CEG,196.5290069580078,196.5290069580078,196.53900146484375,196.5290069580078,196.53900146484375,444.0
2024-08-27 15:38:00+00:00,CWCO,27.924999237060547,27.924999237060547,27.924999237060547,27.924999237060547,27.924999237060547,272.0
2024-08-27 15:38:00+00:00,EXC,37.70009994506836,37.70009994506836,37.70500183105469,37.685001373291016,37.685001373291016,8483.0
2024-08-27 15:38:00+00:00,FLNC,19.075000762939453,19.075000762939453,19.094999313354492,19.075000762939453,19.09000015258789,7868.0
2024-08-27 15:38:00+00:00,LNT,57.650001525878906,57.650001525878906,57.650001525878906,57.63999938964844,57.64099884033203,1078.0
2024-08-27 15:38:00+00:00,MGEE,86.19999694824219,86.19999694824219,86.19999694824219,86.19999694824219,86.19999694824219,402.0
2024-08-27 15:38:00+00:00,MNTK,4.554999828338623,4.554999828338623,4.554999828338623,4.550000190734863,4.550000190734863,593.0
2024-08-27 15:38:00+00:00,NFE,12.895000457763672,12.895000457763672,12.899999618530273,12.885000228881836,12.885000228881836,12419.0
2024-08-27 15:38:00+00:00,OPAL,3.5799999237060547,3.5799999237060547,3.5799999237060547,3.5799999237060547,3.5799999237060547,401.0
2024-08-27 15:38:00+00:00,OTTR,87.37000274658203,87.37000274658203,87.4000015258789,87.37000274658203,87.4000015258789,739.0
2024-08-27 15:38:00+00:00,RNW,5.715000152587891,5.715000152587891,5.715000152587891,5.715000152587891,5.715000152587891,2248.0
2024-08-27 15:38:00+00:00,XEL,60.94499969482422,60.94499969482422,60.959999084472656,60.935001373291016,60.959999084472656,4309.0
2024-08-27 15:39:00+00:00,AEP,98.69499969482422,98.69499969482422,98.69999694824219,98.69000244140625,98.69999694824219,1314.0
2024-08-27 15:39:00+00:00,AY,22.2549991607666,22.2549991607666,22.260000228881836,22.25,22.25,2968.0
2024-08-27 15:39:00+00:00,CDZI,3.359999895095825,3.359999895095825,3.359999895095825,3.359999895095825,3.359999895095825,344.0
2024-08-27 15:39:00+00:00,CEG,196.52999877929688,196.52999877929688,196.5500030517578,196.49000549316406,196.5290069580078,2598.0
2024-08-27 15:39:00+00:00,CWCO,27.95199966430664,27.95199966430664,27.95199966430664,27.93000030517578,27.93000030517578,564.0
2024-08-27 15:39:00+00:00,EXC,37.70750045776367,37.70750045776367,37.70750045776367,37.70000076293945,37.70750045776367,3732.0
2024-08-27 15:39:00+00:00,FLNC,19.059999465942383,19.059999465942383,19.06999969482422,19.059999465942383,19.06999969482422,6201.0
2024-08-27 15:39:00+00:00,LNT,57.63100051879883,57.63100051879883,57.650001525878906,57.630001068115234,57.650001525878906,1037.0
2024-08-27 15:39:00+00:00,MNTK,4.550000190734863,4.550000190734863,4.550000190734863,4.550000190734863,4.550000190734863,562.0
2024-08-27 15:39:00+00:00,NFE,12.875,12.875,12.895000457763672,12.875,12.895000457763672,20636.0
2024-08-27 15:39:00+00:00,RNW,5.715000152587891,5.715000152587891,5.715000152587891,5.715000152587891,5.715000152587891,238.0
2024-08-27 15:39:00+00:00,XEL,60.959999084472656,60.959999084472656,60.959999084472656,60.94499969482422,60.95000076293945,2507.0
2024-08-27 15:40:00+00:00,AEP,98.66000366210938,98.66000366210938,98.70999908447266,98.65630340576172,98.70999908447266,7180.0
2024-08-27 15:40:00+00:00,AY,22.260000228881836,22.260000228881836,22.260000228881836,22.25,22.260000228881836,0.0
2024-08-27 15:40:00+00:00,CEG,196.63499450683594,196.63499450683594,196.66000366210938,196.5,196.5,4189.0
2024-08-27 15:40:00+00:00,CWCO,28.024999618530273,28.024999618530273,28.024999618530273,27.959999084472656,27.979999542236328,1982.0
2024-08-27 15:40:00+00:00,EXC,37.70500183105469,37.70500183105469,37.70500183105469,37.689998626708984,37.70000076293945,18258.0
2024-08-27 15:40:00+00:00,FLNC,19.049999237060547,19.049999237060547,19.059999465942383,19.049999237060547,19.059999465942383,1512.0
2024-08-27 15:40:00+00:00,HTOO,0.6444000005722046,0.6444000005722046,0.6444000005722046,0.6444000005722046,0.6444000005722046,2226.0
2024-08-27 15:40:00+00:00,LNT,57.65999984741211,57.65999984741211,57.65999984741211,57.63999938964844,57.63999938964844,3981.0
2024-08-27 15:40:00+00:00,MGEE,86.19999694824219,86.19999694824219,86.19999694824219,86.18000030517578,86.18000030517578,1117.0
2024-08-27 15:40:00+00:00,NFE,12.875,12.875,12.875,12.875,12.875,3075.0
2024-08-27 15:40:00+00:00,NWE,53.619998931884766,53.619998931884766,53.619998931884766,53.619998931884766,53.619998931884766,786.0
2024-08-27 15:40:00+00:00,OPAL,3.5850000381469727,3.5850000381469727,3.5899999141693115,3.5850000381469727,3.5899999141693115,249.0
2024-08-27 15:40:00+00:00,OTTR,87.25,87.25,87.25,87.25,87.25,297.0
2024-08-27 15:40:00+00:00,RNW,5.715000152587891,5.715000152587891,5.715000152587891,5.710000038146973,5.715000152587891,1199.0
2024-08-27 15:40:00+00:00,XEL,60.93000030517578,60.93000030517578,60.95500183105469,60.93000030517578,60.95500183105469,8393.0
2024-08-27 15:41:00+00:00,AEP,98.62000274658203,98.62000274658203,98.66000366210938,98.62000274658203,98.66000366210938,9869.0
2024-08-27 15:41:00+00:00,AY,22.2549991607666,22.2549991607666,22.260000228881836,22.25,22.25,663.0
2024-08-27 15:41:00+00:00,CEG,196.7100067138672,196.7100067138672,196.7100067138672,196.5800018310547,196.6300048828125,3922.0
2024-08-27 15:41:00+00:00,CWCO,27.950000762939453,27.950000762939453,27.969999313354492,27.93000030517578,27.969999313354492,2692.0
2024-08-27 15:41:00+00:00,EXC,37.70000076293945,37.70000076293945,37.70500183105469,37.69499969482422,37.70500183105469,6915.0
2024-08-27 15:41:00+00:00,FLNC,19.059999465942383,19.059999465942383,19.06999969482422,19.049999237060547,19.059999465942383,7443.0
2024-08-27 15:41:00+00:00,LNT,57.650001525878906,57.650001525878906,57.65999984741211,57.63999938964844,57.657501220703125,3998.0
2024-08-27 15:41:00+00:00,NFE,12.875,12.875,12.880000114440918,12.871000289916992,12.875,17699.0
2024-08-27 15:41:00+00:00,OTTR,87.41999816894531,87.41999816894531,87.41999816894531,87.4000015258789,87.4000015258789,494.0
2024-08-27 15:41:00+00:00,RNW,5.715000152587891,5.715000152587891,5.715000152587891,5.715000152587891,5.715000152587891,1022.0
2024-08-27 15:41:00+00:00,WAVE,4.079999923706055,4.079999923706055,4.079999923706055,4.059999942779541,4.059999942779541,1088.0
2024-08-27 15:41:00+00:00,XEL,60.90999984741211,60.90999984741211,60.93000030517578,60.904998779296875,60.92499923706055,5388.0
2024-08-27 15:41:00+00:00,YORW,38.67900085449219,38.67900085449219,38.67900085449219,38.67900085449219,38.67900085449219,286.0
2024-08-27 15:42:00+00:00,AEP,98.66000366210938,98.66000366210938,98.66000366210938,98.63999938964844,98.63999938964844,4857.0
2024-08-27 15:42:00+00:00,AY,22.2549991607666,22.2549991607666,22.260000228881836,22.25,22.25,10774.0
2024-08-27 15:42:00+00:00,CDZI,3.359999895095825,3.359999895095825,3.359999895095825,3.359999895095825,3.359999895095825,80.0
2024-08-27 15:42:00+00:00,CEG,196.64500427246094,196.64500427246094,196.64500427246094,196.6425018310547,196.64500427246094,1449.0
2024-08-27 15:42:00+00:00,CREG,0.8539999723434448,0.8539999723434448,0.8539999723434448,0.8539999723434448,0.8539999723434448,580.0
2024-08-27 15:42:00+00:00,EXC,37.70500183105469,37.70500183105469,37.70500183105469,37.689998626708984,37.689998626708984,13721.0
2024-08-27 15:42:00+00:00,FLNC,19.040000915527344,19.040000915527344,19.049999237060547,19.0310001373291,19.049999237060547,3006.0
2024-08-27 15:42:00+00:00,LNT,57.654998779296875,57.654998779296875,57.654998779296875,57.63999938964844,57.63999938964844,7756.0
2024-08-27 15:42:00+00:00,MNTK,4.554999828338623,4.554999828338623,4.554999828338623,4.554999828338623,4.554999828338623,310.0
2024-08-27 15:42:00+00:00,MSEX,62.599998474121094,62.599998474121094,62.599998474121094,62.599998474121094,62.599998474121094,821.0
2024-08-27 15:42:00+00:00,NFE,12.859999656677246,12.859999656677246,12.875,12.854999542236328,12.871000289916992,21265.0
2024-08-27 15:42:00+00:00,NWE,53.630001068115234,53.630001068115234,53.630001068115234,53.630001068115234,53.630001068115234,430.0
2024-08-27 15:42:00+00:00,OTTR,87.45999908447266,87.45999908447266,87.45999908447266,87.4000015258789,87.4000015258789,550.0
2024-08-27 15:42:00+00:00,RNW,5.71999979019165,5.71999979019165,5.71999979019165,5.715000152587891,5.71999979019165,1790.0
2024-08-27 15:42:00+00:00,XEL,60.94499969482422,60.94499969482422,60.94499969482422,60.900001525878906,60.904998779296875,6662.0
2024-08-27 15:42:00+00:00,YORW,38.6150016784668,38.6150016784668,38.6327018737793,38.59000015258789,38.59000015258789,2040.0
2024-08-27 15:43:00+00:00,AEP,98.70999908447266,98.70999908447266,98.70999908447266,98.68000030517578,98.68000030517578,4728.0
2024-08-27 15:43:00+00:00,AY,22.260000228881836,22.260000228881836,22.260000228881836,22.2549991607666,22.2549991607666,2103.0
2024-08-27 15:43:00+00:00,CEG,196.63999938964844,196.63999938964844,196.69400024414062,196.5800018310547,196.64500427246094,3630.0
2024-08-27 15:43:00+00:00,CWCO,28.0,28.0,28.030000686645508,28.0,28.030000686645508,1111.0
2024-08-27 15:43:00+00:00,EXC,37.708900451660156,37.708900451660156,37.709999084472656,37.70500183105469,37.70500183105469,12712.0
2024-08-27 15:43:00+00:00,FLNC,19.03499984741211,19.03499984741211,19.049999237060547,19.03499984741211,19.040000915527344,3652.0
2024-08-27 15:43:00+00:00,LNT,57.66999816894531,57.66999816894531,57.66999816894531,57.65999984741211,57.65999984741211,21838.0
2024-08-27 15:43:00+00:00,MNTK,4.550000190734863,4.550000190734863,4.550000190734863,4.550000190734863,4.550000190734863,1415.0
2024-08-27 15:43:00+00:00,MSEX,62.45000076293945,62.45000076293945,62.45000076293945,62.45000076293945,62.45000076293945,1626.0
2024-08-27 15:43:00+00:00,NFE,12.864999771118164,12.864999771118164,12.864999771118164,12.850000381469727,12.864999771118164,9277.0
2024-08-27 15:43:00+00:00,NWE,53.6349983215332,53.6349983215332,53.6349983215332,53.627498626708984,53.6349983215332,830.0
2024-08-27 15:43:00+00:00,OTTR,87.32499694824219,87.32499694824219,87.48500061035156,87.32499694824219,87.41500091552734,3629.0
2024-08-27 15:43:00+00:00,RNW,5.71999979019165,5.71999979019165,5.71999979019165,5.71999979019165,5.71999979019165,2013.0
2024-08-27 15:43:00+00:00,XEL,60.95500183105469,60.95500183105469,60.95899963378906,60.92499923706055,60.939998626708984,3957.0
2024-08-27 15:44:00+00:00,AEP,98.69000244140625,98.69000244140625,98.69000244140625,98.67500305175781,98.69000244140625,3720.0
2024-08-27 15:44:00+00:00,AY,22.260000228881836,22.260000228881836,22.260000228881836,22.2549991607666,22.2549991607666,1202.0
2024-08-27 15:44:00+00:00,CDZI,3.359999895095825,3.359999895095825,3.359999895095825,3.359999895095825,3.359999895095825,200.0
2024-08-27 15:44:00+00:00,CEG,196.76100158691406,196.76100158691406,196.76100158691406,196.63999938964844,196.63999938964844,3531.0
2024-08-27 15:44:00+00:00,CWCO,28.010000228881836,28.010000228881836,28.010000228881836,27.920000076293945,28.010000228881836,2224.0
2024-08-27 15:44:00+00:00,EXC,37.70500183105469,37.70500183105469,37.709999084472656,37.70500183105469,37.709999084472656,5908.0
2024-08-27 15:44:00+00:00,FLNC,19.0,19.0,19.03499984741211,19.0,19.03499984741211,8012.0
2024-08-27 15:44:00+00:00,LNT,57.65999984741211,57.65999984741211,57.6609992980957,57.65999984741211,57.6609992980957,1316.0
2024-08-27 15:44:00+00:00,MNTK,4.554999828338623,4.554999828338623,4.554999828338623,4.550000190734863,4.550000190734863,1343.0
2024-08-27 15:44:00+00:00,NFE,12.845000267028809,12.845000267028809,12.864999771118164,12.840999603271484,12.864999771118164,14328.0
2024-08-27 15:44:00+00:00,NWE,53.650001525878906,53.650001525878906,53.65999984741211,53.63999938964844,53.63999938964844,1237.0
2024-08-27 15:44:00+00:00,OPAL,3.5799999237060547,3.5799999237060547,3.5799999237060547,3.5799999237060547,3.5799999237060547,139.0
2024-08-27 15:44:00+00:00,RNW,5.71999979019165,5.71999979019165,5.71999979019165,5.71999979019165,5.71999979019165,1888.0
2024-08-27 15:44:00+00:00,XEL,60.959999084472656,60.959999084472656,60.970001220703125,60.959999084472656,60.959999084472656,2006.0
2024-08-27 15:45:00+00:00,AEP,98.68000030517578,98.68000030517578,98.70500183105469,98.68000030517578,98.69000244140625,5800.0
2024-08-27 15:45:00+00:00,AY,22.2549991607666,22.2549991607666,22.2549991607666,22.2549991607666,22.2549991607666,900.0
2024-08-27 15:45:00+00:00,CDZI,3.359999895095825,3.359999895095825,3.359999895095825,3.359999895095825,3.359999895095825,746.0
2024-08-27 15:45:00+00:00,CEG,196.9199981689453,196.9199981689453,196.9199981689453,196.75999450683594,196.75999450683594,2319.0
2024-08-27 15:45:00+00:00,CREG,0.8949999809265137,0.8949999809265137,0.8949999809265137,0.8949999809265137,0.8949999809265137,392.0
2024-08-27 15:45:00+00:00,CWCO,28.079999923706055,28.079999923706055,28.079999923706055,28.079999923706055,28.079999923706055,279.0
2024-08-27 15:45:00+00:00,EXC,37.69200134277344,37.69200134277344,37.70750045776367,37.69200134277344,37.70500183105469,12091.0
2024-08-27 15:45:00+00:00,FLNC,18.940000534057617,18.940000534057617,19.010000228881836,18.940000534057617,19.0,10244.0
2024-08-27 15:45:00+00:00,LNT,57.665000915527344,57.665000915527344,57.665000915527344,57.654998779296875,57.654998779296875,1899.0
2024-08-27 15:45:00+00:00,MGEE,86.18000030517578,86.18000030517578,86.18000030517578,86.16000366210938,86.18000030517578,1528.0
2024-08-27 15:45:00+00:00,NFE,12.845000267028809,12.845000267028809,12.850000381469727,12.845000267028809,12.845000267028809,7969.0
2024-08-27 15:45:00+00:00,NWE,53.654998779296875,53.654998779296875,53.654998779296875,53.654998779296875,53.654998779296875,435.0
2024-08-27 15:45:00+00:00,OTTR,87.29000091552734,87.29000091552734,87.4000015258789,87.29000091552734,87.4000015258789,1626.0
2024-08-27 15:45:00+00:00,RNW,5.724999904632568,5.724999904632568,5.724999904632568,5.71999979019165,5.724999904632568,7068.0
2024-08-27 15:45:00+00:00,WAVE,4.090000152587891,4.090000152587891,4.090000152587891,4.090000152587891,4.090000152587891,178.0
2024-08-27 15:45:00+00:00,XEL,60.95500183105469,60.95500183105469,60.96500015258789,60.95500183105469,60.959999084472656,3655.0
2024-08-27 15:46:00+00:00,AEP,98.62999725341797,98.62999725341797,98.67500305175781,98.62999725341797,98.66999816894531,6279.0
2024-08-27 15:46:00+00:00,AY,22.260000228881836,22.260000228881836,22.260000228881836,22.260000228881836,22.260000228881836,502.0
2024-08-27 15:46:00+00:00,CEG,196.99989318847656,196.99989318847656,196.99989318847656,196.9199981689453,196.9199981689453,2420.0
2024-08-27 15:46:00+00:00,CREG,0.8400999903678894,0.8400999903678894,0.8400999903678894,0.8399999737739563,0.8399999737739563,634.0
2024-08-27 15:46:00+00:00,CWCO,28.06999969482422,28.06999969482422,28.082000732421875,28.059999465942383,28.059999465942383,886.0
2024-08-27 15:46:00+00:00,EXC,37.68000030517578,37.68000030517578,37.689998626708984,37.66999816894531,37.689998626708984,12666.0
2024-08-27 15:46:00+00:00,FLNC,18.934999465942383,18.934999465942383,18.940000534057617,18.920000076293945,18.93000030517578,6476.0
2024-08-27 15:46:00+00:00,HTOO,0.6270999908447266,0.6270999908447266,0.6439999938011169,0.6270999908447266,0.6434999704360962,10400.0
2024-08-27 15:46:00+00:00,LNT,57.654998779296875,57.654998779296875,57.665000915527344,57.654998779296875,57.665000915527344,1168.0
2024-08-27 15:46:00+00:00,MGEE,86.20999908447266,86.20999908447266,86.20999908447266,86.20999908447266,86.20999908447266,468.0
2024-08-27 15:46:00+00:00,MNTK,4.554999828338623,4.554999828338623,4.554999828338623,4.550000190734863,4.554999828338623,682.0
2024-08-27 15:46:00+00:00,NFE,12.835000038146973,12.835000038146973,12.84000015258789,12.829999923706055,12.84000015258789,11609.0
2024-08-27 15:46:00+00:00,NWE,53.65999984741211,53.65999984741211,53.65999984741211,53.65999984741211,53.65999984741211,509.0
2024-08-27 15:46:00+00:00,OTTR,87.29000091552734,87.29000091552734,87.29000091552734,87.29000091552734,87.29000091552734,1067.0
2024-08-27 15:46:00+00:00,RNW,5.715000152587891,5.715000152587891,5.715000152587891,5.715000152587891,5.715000152587891,156.0
2024-08-27 15:46:00+00:00,XEL,60.935001373291016,60.935001373291016,60.95000076293945,60.935001373291016,60.95000076293945,7950.0
2024-08-27 15:47:00+00:00,AEP,98.58999633789062,98.58999633789062,98.62999725341797,98.58999633789062,98.625,6292.0
2024-08-27 15:47:00+00:00,AY,22.260000228881836,22.260000228881836,22.260000228881836,22.254899978637695,22.254899978637695,1671.0
2024-08-27 15:47:00+00:00,CEG,196.78500366210938,196.78500366210938,196.94500732421875,196.78500366210938,196.85000610351562,5593.0
2024-08-27 15:47:00+00:00,CWCO,28.059999465942383,28.059999465942383,28.059999465942383,28.049999237060547,28.049999237060547,649.0
2024-08-27 15:47:00+00:00,EXC,37.67499923706055,37.67499923706055,37.67499923706055,37.66999816894531,37.67499923706055,6656.0
2024-08-27 15:47:00+00:00,FLNC,18.950000762939453,18.950000762939453,18.950000762939453,18.93000030517578,18.934999465942383,8051.0
2024-08-27 15:47:00+00:00,LNT,57.64099884033203,57.64099884033203,57.64099884033203,57.6349983215332,57.63999938964844,3692.0
2024-08-27 15:47:00+00:00,MGEE,86.16000366210938,86.16000366210938,86.16000366210938,86.16000366210938,86.16000366210938,780.0
2024-08-27 15:47:00+00:00,NFE,12.835000038146973,12.835000038146973,12.83899974822998,12.829999923706055,12.835000038146973,5538.0
2024-08-27 15:47:00+00:00,NWE,53.665000915527344,53.665000915527344,53.665000915527344,53.665000915527344,53.665000915527344,233.0
2024-08-27 15:47:00+00:00,OPAL,3.5999999046325684,3.5999999046325684,3.5999999046325684,3.5999999046325684,3.5999999046325684,752.0
2024-08-27 15:47:00+00:00,RNW,5.702499866485596,5.702499866485596,5.715000152587891,5.702499866485596,5.715000152587891,5177.0
2024-08-27 15:47:00+00:00,XEL,60.94499969482422,60.94499969482422,60.94499969482422,60.93000030517578,60.935001373291016,10020.0
2024-08-27 15:48:00+00:00,AEP,98.58999633789062,98.58999633789062,98.61000061035156,98.58999633789062,98.5999984741211,12470.0
2024-08-27 15:48:00+00:00,AY,22.2549991607666,22.2549991607666,22.2549991607666,22.2549991607666,22.2549991607666,2116.0
2024-08-27 15:48:00+00:00,BNRG,0.6600000262260437,0.6600000262260437,0.6600000262260437,0.6600000262260437,0.6600000262260437,300.0
2024-08-27 15:48:00+00:00,CEG,196.80999755859375,196.80999755859375,196.8300018310547,196.80999755859375,196.8300018310547,514.0
2024-08-27 15:48:00+00:00,CWCO,28.059999465942383,28.059999465942383,28.059999465942383,28.020000457763672,28.020000457763672,1431.0
2024-08-27 15:48:00+00:00,EXC,37.67499923706055,37.67499923706055,37.68000030517578,37.66999816894531,37.67499923706055,12235.0
2024-08-27 15:48:00+00:00,FLNC,18.95400047302246,18.95400047302246,18.95400047302246,18.94099998474121,18.94099998474121,1413.0
2024-08-27 15:48:00+00:00,LNT,57.64500045776367,57.64500045776367,57.64500045776367,57.63999938964844,57.63999938964844,2178.0
2024-08-27 15:48:00+00:00,MNTK,4.545000076293945,4.545000076293945,4.554999828338623,4.539999961853027,4.554999828338623,1705.0
2024-08-27 15:48:00+00:00,NFE,12.829999923706055,12.829999923706055,12.84000015258789,12.829999923706055,12.835000038146973,7593.0
2024-08-27 15:48:00+00:00,NWE,53.65999984741211,53.65999984741211,53.65999984741211,53.65999984741211,53.65999984741211,688.0
2024-08-27 15:48:00+00:00,OTTR,87.22789764404297,87.22789764404297,87.25,87.16500091552734,87.25,2666.0
2024-08-27 15:48:00+00:00,RNW,5.704999923706055,5.704999923706055,5.704999923706055,5.704999923706055,5.704999923706055,3729.0
2024-08-27 15:48:00+00:00,XEL,60.939998626708984,60.939998626708984,60.95500183105469,60.935001373291016,60.942501068115234,15707.0
2024-08-27 15:49:00+00:00,AEP,98.61499786376953,98.61499786376953,98.625,98.58999633789062,98.58999633789062,7540.0
2024-08-27 15:49:00+00:00,AY,22.2549991607666,22.2549991607666,22.260000228881836,22.252500534057617,22.260000228881836,1798.0
2024-08-27 15:49:00+00:00,BNRG,0.6600000262260437,0.6600000262260437,0.6600000262260437,0.6600000262260437,0.6600000262260437,3.0
2024-08-27 15:49:00+00:00,CEG,197.02200317382812,197.02200317382812,197.02200317382812,196.80999755859375,196.85000610351562,6164.0
2024-08-27 15:49:00+00:00,CREG,0.8675000071525574,0.8675000071525574,0.8675000071525574,0.8675000071525574,0.8675000071525574,196.0
2024-08-27 15:49:00+00:00,CWCO,28.059999465942383,28.059999465942383,28.09000015258789,28.059999465942383,28.079999923706055,1559.0
2024-08-27 15:49:00+00:00,EXC,37.67499923706055,37.67499923706055,37.68000030517578,37.67499923706055,37.67499923706055,31991.0
2024-08-27 15:49:00+00:00,FLNC,18.93199920654297,18.93199920654297,18.95400047302246,18.93199920654297,18.95400047302246,9970.0
2024-08-27 15:49:00+00:00,GWRS,12.520000457763672,12.520000457763672,12.520000457763672,12.520000457763672,12.520000457763672,140.0
2024-08-27 15:49:00+00:00,LNT,57.650001525878906,57.650001525878906,57.650001525878906,57.650001525878906,57.650001525878906,2109.0
2024-08-27 15:49:00+00:00,MNTK,4.545000076293945,4.545000076293945,4.547999858856201,4.539999961853027,4.545000076293945,1238.0
2024-08-27 15:49:00+00:00,MSEX,62.43000030517578,62.43000030517578,62.47999954223633,62.43000030517578,62.459999084472656,1076.0
2024-08-27 15:49:00+00:00,NFE,12.821000099182129,12.821000099182129,12.84000015258789,12.819999694824219,12.835000038146973,33743.0
2024-08-27 15:49:00+00:00,NWE,53.67499923706055,53.67499923706055,53.68000030517578,53.65999984741211,53.65999984741211,2087.0
2024-08-27 15:49:00+00:00,OPAL,3.5999999046325684,3.5999999046325684,3.5999999046325684,3.5950000286102295,3.5999999046325684,1754.0
2024-08-27 15:49:00+00:00,OTTR,87.19000244140625,87.19000244140625,87.23999786376953,87.19000244140625,87.23999786376953,1353.0
2024-08-27 15:49:00+00:00,WAVE,4.068999767303467,4.068999767303467,4.079999923706055,4.039999961853027,4.070000171661377,5145.0
2024-08-27 15:49:00+00:00,XEL,60.98500061035156,60.98500061035156,60.98500061035156,60.939998626708984,60.94499969482422,3817.0
2024-08-27 15:50:00+00:00,AEP,98.5199966430664,98.5199966430664,98.61000061035156,98.5199966430664,98.61000061035156,26876.0
2024-08-27 15:50:00+00:00,AY,22.2549991607666,22.2549991607666,22.260000228881836,22.2549991607666,22.2549991607666,3669.0
2024-08-27 15:50:00+00:00,CEG,196.64999389648438,196.64999389648438,196.9199981689453,196.63499450683594,196.86000061035156,10499.0
2024-08-27 15:50:00+00:00,EXC,37.665000915527344,37.665000915527344,37.6974983215332,37.665000915527344,37.68000030517578,83236.0
2024-08-27 15:50:00+00:00,FLNC,18.895000457763672,18.895000457763672,18.959999084472656,18.8799991607666,18.950000762939453,12967.0
2024-08-27 15:50:00+00:00,GWRS,12.520000457763672,12.520000457763672,12.520000457763672,12.520000457763672,12.520000457763672,319.0
2024-08-27 15:50:00+00:00,LNT,57.6150016784668,57.6150016784668,57.654998779296875,57.599998474121094,57.63999938964844,6419.0
2024-08-27 15:50:00+00:00,MNTK,4.545000076293945,4.545000076293945,4.550000190734863,4.539999961853027,4.545000076293945,2014.0
2024-08-27 15:50:00+00:00,MSEX,62.540000915527344,62.540000915527344,62.540000915527344,62.45000076293945,62.45000076293945,2703.0
2024-08-27 15:50:00+00:00,NFE,12.819999694824219,12.819999694824219,12.829999923706055,12.819999694824219,12.819999694824219,10098.0
2024-08-27 15:50:00+00:00,RNW,5.704999923706055,5.704999923706055,5.704999923706055,5.704999923706055,5.704999923706055,2940.0
2024-08-27 15:50:00+00:00,WAVE,4.070000171661377,4.070000171661377,4.070000171661377,4.070000171661377,4.070000171661377,2426.0
2024-08-27 15:50:00+00:00,XEL,60.96500015258789,60.96500015258789,61.0099983215332,60.96500015258789,60.97999954223633,16847.0
2024-08-27 15:51:00+00:00,AEP,98.4800033569336,98.4800033569336,98.55999755859375,98.47000122070312,98.5250015258789,16761.0
2024-08-27 15:51:00+00:00,AY,22.2549991607666,22.2549991607666,22.260000228881836,22.2549991607666,22.2549991607666,3786.0
2024-08-27 15:51:00+00:00,CEG,196.375,196.375,196.7100067138672,196.375,196.7100067138672,4195.0
2024-08-27 15:51:00+00:00,CREG,0.887499988079071,0.887499988079071,0.887499988079071,0.887499988079071,0.887499988079071,400.0
2024-08-27 15:51:00+00:00,CWCO,28.110000610351562,28.110000610351562,28.11199951171875,28.110000610351562,28.11199951171875,513.0
2024-08-27 15:51:00+00:00,EXC,37.64500045776367,37.64500045776367,37.685001373291016,37.63999938964844,37.66999816894531,74549.0
2024-08-27 15:51:00+00:00,FLNC,18.860000610351562,18.860000610351562,18.899999618530273,18.860000610351562,18.895000457763672,12010.0
2024-08-27 15:51:00+00:00,HTOO,0.6470000147819519,0.6470000147819519,0.6470000147819519,0.6470000147819519,0.6470000147819519,0.0
2024-08-27 15:51:00+00:00,LNT,57.599998474121094,57.599998474121094,57.625,57.599998474121094,57.619998931884766,2453.0
2024-08-27 15:51:00+00:00,MGEE,86.04010009765625,86.04010009765625,86.04010009765625,86.04000091552734,86.04000091552734,903.0
2024-08-27 15:51:00+00:00,MNTK,4.539999961853027,4.539999961853027,4.550000190734863,4.539999961853027,4.545000076293945,1295.0
2024-08-27 15:51:00+00:00,MSEX,62.43000030517578,62.43000030517578,62.5099983215332,62.43000030517578,62.5099983215332,1733.0
2024-08-27 15:51:00+00:00,NFE,12.829999923706055,12.829999923706055,12.84000015258789,12.819999694824219,12.824999809265137,27313.0
2024-08-27 15:51:00+00:00,NWE,53.63999938964844,53.63999938964844,53.650001525878906,53.63999938964844,53.63999938964844,969.0
2024-08-27 15:51:00+00:00,RNW,5.704999923706055,5.704999923706055,5.704999923706055,5.704999923706055,5.704999923706055,2722.0
2024-08-27 15:51:00+00:00,XEL,60.97999954223633,60.97999954223633,60.9900016784668,60.97999954223633,60.9900016784668,5956.0
2024-08-27 15:52:00+00:00,AEP,98.5,98.5,98.51000213623047,98.4800033569336,98.48690032958984,10277.0
2024-08-27 15:52:00+00:00,AY,22.260000228881836,22.260000228881836,22.260000228881836,22.2549991607666,22.2549991607666,2105.0
2024-08-27 15:52:00+00:00,CEG,196.4199981689453,196.4199981689453,196.51600646972656,196.375,196.375,4496.0
2024-08-27 15:52:00+00:00,CWCO,28.049999237060547,28.049999237060547,28.1200008392334,28.049999237060547,28.1200008392334,1298.0
2024-08-27 15:52:00+00:00,EXC,37.65999984741211,37.65999984741211,37.66999816894531,37.64500045776367,37.64500045776367,20498.0
2024-08-27 15:52:00+00:00,FLNC,18.809999465942383,18.809999465942383,18.860000610351562,18.809999465942383,18.860000610351562,11295.0
2024-08-27 15:52:00+00:00,GWRS,12.510000228881836,12.510000228881836,12.510000228881836,12.510000228881836,12.510000228881836,875.0
2024-08-27 15:52:00+00:00,LNT,57.595001220703125,57.595001220703125,57.599998474121094,57.595001220703125,57.599998474121094,2704.0
2024-08-27 15:52:00+00:00,MGEE,86.1050033569336,86.1050033569336,86.1050033569336,86.1050033569336,86.1050033569336,640.0
2024-08-27 15:52:00+00:00,MSEX,62.34000015258789,62.34000015258789,62.404998779296875,62.34000015258789,62.404998779296875,362.0
2024-08-27 15:52:00+00:00,NFE,12.84000015258789,12.84000015258789,12.84000015258789,12.819999694824219,12.824999809265137,17415.0
2024-08-27 15:52:00+00:00,OTTR,87.2300033569336,87.2300033569336,87.2300033569336,87.20500183105469,87.20500183105469,859.0
2024-08-27 15:52:00+00:00,XEL,60.97999954223633,60.97999954223633,60.9900016784668,60.970001220703125,60.971099853515625,9123.0
2024-08-27 15:52:00+00:00,YORW,38.5,38.5,38.540000915527344,38.5,38.540000915527344,1027.0
2024-08-27 15:53:00+00:00,AEP,98.47000122070312,98.47000122070312,98.51000213623047,98.44000244140625,98.51000213623047,25799.0
2024-08-27 15:53:00+00:00,AY,22.2549991607666,22.2549991607666,22.260000228881836,22.2549991607666,22.260000228881836,3463.0
2024-08-27 15:53:00+00:00,CEG,196.4550018310547,196.4550018310547,196.52999877929688,196.3800048828125,196.46499633789062,10546.0
2024-08-27 15:53:00+00:00,EXC,37.665000915527344,37.665000915527344,37.68000030517578,37.650001525878906,37.66999816894531,45574.0
2024-08-27 15:53:00+00:00,FLNC,18.729999542236328,18.729999542236328,18.801000595092773,18.729999542236328,18.801000595092773,16650.0
2024-08-27 15:53:00+00:00,LNT,57.56999969482422,57.56999969482422,57.59000015258789,57.55500030517578,57.58000183105469,8166.0
2024-08-27 15:53:00+00:00,MNTK,4.53000020980835,4.53000020980835,4.545000076293945,4.53000020980835,4.539999961853027,4005.0
2024-08-27 15:53:00+00:00,MSEX,62.470001220703125,62.470001220703125,62.470001220703125,62.28499984741211,62.28499984741211,3022.0
2024-08-27 15:53:00+00:00,NFE,12.845000267028809,12.845000267028809,12.845000267028809,12.831000328063965,12.84000015258789,41338.0
2024-08-27 15:53:00+00:00,NWE,53.599998474121094,53.599998474121094,53.599998474121094,53.59000015258789,53.59000015258789,3525.0
2024-08-27 15:53:00+00:00,OPAL,3.609999895095825,3.609999895095825,3.609999895095825,3.6050000190734863,3.6050000190734863,1104.0
2024-08-27 15:53:00+00:00,OTTR,87.1500015258789,87.1500015258789,87.1500015258789,87.12999725341797,87.12999725341797,1969.0
2024-08-27 15:53:00+00:00,RNW,5.710000038146973,5.710000038146973,5.710000038146973,5.704999923706055,5.710000038146973,4828.0
2024-08-27 15:53:00+00:00,XEL,60.95000076293945,60.95000076293945,60.974998474121094,60.95000076293945,60.974998474121094,14650.0
2024-08-27 15:54:00+00:00,AEP,98.5,98.5,98.5,98.43000030517578,98.47000122070312,22120.0
2024-08-27 15:54:00+00:00,ARTNA,35.59000015258789,35.59000015258789,35.7400016784668,35.59000015258789,35.7400016784668,1827.0
2024-08-27 15:54:00+00:00,AY,22.270000457763672,22.270000457763672,22.270000457763672,22.25,22.25,8871.0
2024-08-27 15:54:00+00:00,CDZI,3.369999885559082,3.369999885559082,3.369999885559082,3.359999895095825,3.359999895095825,1204.0
2024-08-27 15:54:00+00:00,CEG,196.50999450683594,196.50999450683594,196.6199951171875,196.47000122070312,196.47999572753906,9370.0
2024-08-27 15:54:00+00:00,CREG,0.8853999972343445,0.8853999972343445,0.8853999972343445,0.8853999972343445,0.8853999972343445,143.0
2024-08-27 15:54:00+00:00,CWCO,28.06999969482422,28.06999969482422,28.06999969482422,28.06999969482422,28.06999969482422,799.0
2024-08-27 15:54:00+00:00,EXC,37.67499923706055,37.67499923706055,37.689998626708984,37.650001525878906,37.65999984741211,55710.0
2024-08-27 15:54:00+00:00,FLNC,18.760000228881836,18.760000228881836,18.770000457763672,18.711000442504883,18.729999542236328,27593.0
2024-08-27 15:54:00+00:00,LNT,57.58100128173828,57.58100128173828,57.599998474121094,57.560001373291016,57.56999969482422,7411.0
2024-08-27 15:54:00+00:00,MGEE,85.91000366210938,85.91000366210938,85.91999816894531,85.91000366210938,85.91999816894531,2130.0
2024-08-27 15:54:00+00:00,MNTK,4.519999980926514,4.519999980926514,4.534999847412109,4.519999980926514,4.534999847412109,6180.0
2024-08-27 15:54:00+00:00,MSEX,62.529998779296875,62.529998779296875,62.529998779296875,62.45000076293945,62.45000076293945,599.0
2024-08-27 15:54:00+00:00,NFE,12.85099983215332,12.85099983215332,12.854999542236328,12.829999923706055,12.84000015258789,38377.0
2024-08-27 15:54:00+00:00,OTTR,87.12999725341797,87.12999725341797,87.12999725341797,87.06999969482422,87.06999969482422,1270.0
2024-08-27 15:54:00+00:00,RNW,5.704999923706055,5.704999923706055,5.704999923706055,5.699999809265137,5.704999923706055,9567.0
2024-08-27 15:54:00+00:00,XEL,60.91999816894531,60.91999816894531,60.970001220703125,60.904998779296875,60.939998626708984,30568.0
2024-08-27 15:55:00+00:00,AEP,98.44999694824219,98.44999694824219,98.48999786376953,98.41999816894531,98.4800033569336,23409.0
2024-08-27 15:55:00+00:00,AY,22.264999389648438,22.264999389648438,22.270000457763672,22.260000228881836,22.264999389648438,4252.0
2024-08-27 15:55:00+00:00,CDZI,3.359999895095825,3.359999895095825,3.359999895095825,3.359999895095825,3.359999895095825,256.0
2024-08-27 15:55:00+00:00,CEG,196.30499267578125,196.30499267578125,196.47109985351562,196.3000030517578,196.42999267578125,6558.0
2024-08-27 15:55:00+00:00,CWCO,28.020000457763672,28.020000457763672,28.040000915527344,28.0,28.040000915527344,2176.0
2024-08-27 15:55:00+00:00,EXC,37.64500045776367,37.64500045776367,37.67499923706055,37.64500045776367,37.67499923706055,39660.0
2024-08-27 15:55:00+00:00,FLNC,18.719999313354492,18.719999313354492,18.760000228881836,18.690000534057617,18.760000228881836,33541.0
2024-08-27 15:55:00+00:00,HTOO,0.6430000066757202,0.6430000066757202,0.6430000066757202,0.6430000066757202,0.6430000066757202,1126.0
2024-08-27 15:55:00+00:00,LNT,57.59000015258789,57.59000015258789,57.61000061035156,57.58000183105469,57.61000061035156,11975.0
2024-08-27 15:55:00+00:00,MGEE,85.91000366210938,85.91000366210938,85.91000366210938,85.91000366210938,85.91000366210938,615.0
2024-08-27 15:55:00+00:00,MNTK,4.53000020980835,4.53000020980835,4.53000020980835,4.519999980926514,4.525000095367432,1467.0
2024-08-27 15:55:00+00:00,MSEX,62.48500061035156,62.48500061035156,62.48500061035156,62.474998474121094,62.474998474121094,870.0
2024-08-27 15:55:00+00:00,NFE,12.890000343322754,12.890000343322754,12.899999618530273,12.859999656677246,12.859999656677246,49547.0
2024-08-27 15:55:00+00:00,OTTR,86.93000030517578,86.93000030517578,87.05000305175781,86.93000030517578,87.05000305175781,3164.0
2024-08-27 15:55:00+00:00,RNW,5.690000057220459,5.690000057220459,5.704999923706055,5.690000057220459,5.704999923706055,11796.0
2024-08-27 15:55:00+00:00,XEL,60.90999984741211,60.90999984741211,60.915000915527344,60.900001525878906,60.90999984741211,25600.0
2024-08-27 15:55:00+00:00,YORW,38.47999954223633,38.47999954223633,38.47999954223633,38.47999954223633,38.47999954223633,1895.0
2024-08-27 15:56:00+00:00,AEP,98.45159912109375,98.45159912109375,98.47000122070312,98.4000015258789,98.44000244140625,25425.0
2024-08-27 15:56:00+00:00,AY,22.270000457763672,22.270000457763672,22.270000457763672,22.264999389648438,22.264999389648438,4500.0
2024-08-27 15:56:00+00:00,CDZI,3.359999895095825,3.359999895095825,3.359999895095825,3.3499999046325684,3.3499999046325684,1119.0
2024-08-27 15:56:00+00:00,CEG,196.23500061035156,196.23500061035156,196.33999633789062,196.22500610351562,196.22999572753906,5829.0
2024-08-27 15:56:00+00:00,CWCO,28.010000228881836,28.010000228881836,28.059999465942383,28.010000228881836,28.059999465942383,1687.0
2024-08-27 15:56:00+00:00,EXC,37.6349983215332,37.6349983215332,37.650001525878906,37.6349983215332,37.64500045776367,86191.0
2024-08-27 15:56:00+00:00,FLNC,18.729999542236328,18.729999542236328,18.729999542236328,18.711000442504883,18.719999313354492,26152.0
2024-08-27 15:56:00+00:00,LNT,57.595001220703125,57.595001220703125,57.60499954223633,57.584999084472656,57.584999084472656,5495.0
2024-08-27 15:56:00+00:00,MNTK,4.53000020980835,4.53000020980835,4.53000020980835,4.519999980926514,4.519999980926514,1972.0
2024-08-27 15:56:00+00:00,MSEX,62.47999954223633,62.47999954223633,62.52000045776367,62.40999984741211,62.48500061035156,5415.0
2024-08-27 15:56:00+00:00,NFE,12.904999732971191,12.904999732971191,12.930000305175781,12.885000228881836,12.890000343322754,22302.0
2024-08-27 15:56:00+00:00,NWE,53.650001525878906,53.650001525878906,53.650001525878906,53.6150016784668,53.6150016784668,1897.0
2024-08-27 15:56:00+00:00,OPAL,3.5999999046325684,3.5999999046325684,3.5999999046325684,3.5999999046325684,3.5999999046325684,698.0
2024-08-27 15:56:00+00:00,OTTR,86.91000366210938,86.91000366210938,87.02999877929688,86.91000366210938,86.91999816894531,4485.0
2024-08-27 15:56:00+00:00,RNW,5.684999942779541,5.684999942779541,5.695000171661377,5.679999828338623,5.695000171661377,6621.0
2024-08-27 15:56:00+00:00,XEL,60.90999984741211,60.90999984741211,60.935001373291016,60.90999984741211,60.915000915527344,32285.0
2024-08-27 15:57:00+00:00,AEP,98.48819732666016,98.48819732666016,98.48999786376953,98.44999694824219,98.44999694824219,21301.0
2024-08-27 15:57:00+00:00,AY,22.270000457763672,22.270000457763672,22.270000457763672,22.264999389648438,22.264999389648438,3454.0
2024-08-27 15:57:00+00:00,BNRG,0.6600000262260437,0.6600000262260437,0.6600000262260437,0.6600000262260437,0.6600000262260437,1285.0
2024-08-27 15:57:00+00:00,CEG,196.27999877929688,196.27999877929688,196.3699951171875,196.14999389648438,196.22999572753906,12340.0
2024-08-27 15:57:00+00:00,CWCO,27.979999542236328,27.979999542236328,28.059999465942383,27.979999542236328,28.030000686645508,2245.0
2024-08-27 15:57:00+00:00,EXC,37.685001373291016,37.685001373291016,37.685001373291016,37.6349983215332,37.6349983215332,90841.0
2024-08-27 15:57:00+00:00,FLNC,18.71500015258789,18.71500015258789,18.760000228881836,18.709999084472656,18.725000381469727,41941.0
2024-08-27 15:57:00+00:00,LNT,57.56999969482422,57.56999969482422,57.60499954223633,57.56999969482422,57.595001220703125,11584.0
2024-08-27 15:57:00+00:00,MGEE,85.95500183105469,85.95500183105469,85.97000122070312,85.95500183105469,85.97000122070312,770.0
2024-08-27 15:57:00+00:00,MNTK,4.525000095367432,4.525000095367432,4.53000020980835,4.519999980926514,4.5229997634887695,2231.0
2024-08-27 15:57:00+00:00,MSEX,62.5,62.5,62.5,62.470001220703125,62.470001220703125,1536.0
2024-08-27 15:57:00+00:00,NFE,12.91100025177002,12.91100025177002,12.914999961853027,12.899999618530273,12.904999732971191,33240.0
2024-08-27 15:57:00+00:00,NWE,53.64500045776367,53.64500045776367,53.65999984741211,53.64500045776367,53.65999984741211,474.0
2024-08-27 15:57:00+00:00,OPAL,3.609999895095825,3.609999895095825,3.609999895095825,3.609999895095825,3.609999895095825,130.0
2024-08-27 15:57:00+00:00,OTTR,86.8949966430664,86.8949966430664,86.94999694824219,86.86499786376953,86.94999694824219,1318.0
2024-08-27 15:57:00+00:00,RNW,5.684999942779541,5.684999942779541,5.684999942779541,5.684999942779541,5.684999942779541,6563.0
2024-08-27 15:57:00+00:00,XEL,60.915000915527344,60.915000915527344,60.915000915527344,60.90999984741211,60.915000915527344,27323.0
2024-08-27 15:58:00+00:00,AEP,98.48999786376953,98.48999786376953,98.5,98.45999908447266,98.48999786376953,26001.0
2024-08-27 15:58:00+00:00,ARTNA,35.630001068115234,35.630001068115234,35.630001068115234,35.630001068115234,35.630001068115234,485.0
2024-08-27 15:58:00+00:00,AY,22.264999389648438,22.264999389648438,22.270000457763672,22.260000228881836,22.264999389648438,19045.0
2024-08-27 15:58:00+00:00,CDZI,3.3499999046325684,3.3499999046325684,3.3550000190734863,3.3499999046325684,3.3550000190734863,1007.0
2024-08-27 15:58:00+00:00,CEG,196.13999938964844,196.13999938964844,196.3300018310547,196.13999938964844,196.2949981689453,17061.0
2024-08-27 15:58:00+00:00,CREG,0.8560000061988831,0.8560000061988831,0.8560000061988831,0.8560000061988831,0.8560000061988831,294.0
2024-08-27 15:58:00+00:00,CWCO,28.048599243164062,28.048599243164062,28.048599243164062,27.979999542236328,27.989999771118164,2457.0
2024-08-27 15:58:00+00:00,EXC,37.665000915527344,37.665000915527344,37.68000030517578,37.65999984741211,37.68000030517578,72466.0
2024-08-27 15:58:00+00:00,FLNC,18.760000228881836,18.760000228881836,18.770000457763672,18.709999084472656,18.709999084472656,32366.0
2024-08-27 15:58:00+00:00,HTOO,0.6470000147819519,0.6470000147819519,0.6470000147819519,0.6470000147819519,0.6470000147819519,144.0
2024-08-27 15:58:00+00:00,LNT,57.55099868774414,57.55099868774414,57.58000183105469,57.54999923706055,57.57500076293945,15709.0
2024-08-27 15:58:00+00:00,MGEE,85.87999725341797,85.87999725341797,85.87999725341797,85.87999725341797,85.87999725341797,2626.0
2024-08-27 15:58:00+00:00,MNTK,4.525000095367432,4.525000095367432,4.53000020980835,4.525000095367432,4.53000020980835,2149.0
2024-08-27 15:58:00+00:00,MSEX,62.529998779296875,62.529998779296875,62.529998779296875,62.47999954223633,62.47999954223633,2858.0
2024-08-27 15:58:00+00:00,NFE,12.904999732971191,12.904999732971191,12.914999961853027,12.899999618530273,12.90999984741211,36340.0
2024-08-27 15:58:00+00:00,NWE,53.63999938964844,53.63999938964844,53.64400100708008,53.63999938964844,53.64400100708008,1022.0
2024-08-27 15:58:00+00:00,OPAL,3.609999895095825,3.609999895095825,3.609999895095825,3.609999895095825,3.609999895095825,518.0
2024-08-27 15:58:00+00:00,OTTR,86.83000183105469,86.83000183105469,86.9000015258789,86.83000183105469,86.87000274658203,4826.0
2024-08-27 15:58:00+00:00,RGCO,20.68000030517578,20.68000030517578,20.68000030517578,20.68000030517578,20.68000030517578,352.0
2024-08-27 15:58:00+00:00,RNW,5.684999942779541,5.684999942779541,5.690000057220459,5.679999828338623,5.684999942779541,9770.0
2024-08-27 15:58:00+00:00,XEL,60.90999984741211,60.90999984741211,60.91999816894531,60.90999984741211,60.915000915527344,34115.0
2024-08-27 15:59:00+00:00,AEP,98.55000305175781,98.55000305175781,98.55999755859375,98.5,98.5,53637.0
2024-08-27 15:59:00+00:00,ARTNA,35.599998474121094,35.599998474121094,35.689998626708984,35.599998474121094,35.619998931884766,1609.0
2024-08-27 15:59:00+00:00,AY,22.260000228881836,22.260000228881836,22.264999389648438,22.25,22.264999389648438,27694.0
2024-08-27 15:59:00+00:00,CDZI,3.359999895095825,3.359999895095825,3.359999895095825,3.359999895095825,3.359999895095825,314.0
2024-08-27 15:59:00+00:00,CEG,196.1300048828125,196.1300048828125,196.32000732421875,196.0399932861328,196.16000366210938,63764.0
2024-08-27 15:59:00+00:00,CREG,0.8945000171661377,0.8945000171661377,0.8945000171661377,0.8945000171661377,0.8945000171661377,204.0
2024-08-27 15:59:00+00:00,CWCO,27.959999084472656,27.959999084472656,28.030000686645508,27.959999084472656,28.010000228881836,3370.0
2024-08-27 15:59:00+00:00,EXC,37.66999816894531,37.66999816894531,37.68000030517578,37.65999984741211,37.665000915527344,176115.0
2024-08-27 15:59:00+00:00,FLNC,18.750999450683594,18.750999450683594,18.770000457763672,18.75,18.764999389648438,42341.0
2024-08-27 15:59:00+00:00,LNT,57.599998474121094,57.599998474121094,57.61000061035156,57.560001373291016,57.560001373291016,30026.0
2024-08-27 15:59:00+00:00,MGEE,85.87000274658203,85.87000274658203,85.90599822998047,85.87000274658203,85.8949966430664,3250.0
2024-08-27 15:59:00+00:00,MNTK,4.539999961853027,4.539999961853027,4.539999961853027,4.5229997634887695,4.53000020980835,5764.0
2024-08-27 15:59:00+00:00,MSEX,62.5,62.5,62.529998779296875,62.439998626708984,62.439998626708984,8451.0
2024-08-27 15:59:00+00:00,NFE,12.90999984741211,12.90999984741211,12.920000076293945,12.899999618530273,12.899999618530273,88302.0
2024-08-27 15:59:00+00:00,NWE,53.63999938964844,53.63999938964844,53.65999984741211,53.63999938964844,53.65999984741211,4823.0
2024-08-27 15:59:00+00:00,OPAL,3.5999999046325684,3.5999999046325684,3.609999895095825,3.5999999046325684,3.5999999046325684,1089.0
2024-08-27 15:59:00+00:00,OTTR,86.77999877929688,86.77999877929688,86.83000183105469,86.76000213623047,86.7699966430664,7423.0
2024-08-27 15:59:00+00:00,PCYO,10.489999771118164,10.489999771118164,10.489999771118164,10.470000267028809,10.470000267028809,379.0
2024-08-27 15:59:00+00:00,RNW,5.695000171661377,5.695000171661377,5.699999809265137,5.679999828338623,5.679999828338623,21790.0
2024-08-27 15:59:00+00:00,XEL,60.89500045776367,60.89500045776367,60.91999816894531,60.86000061035156,60.90999984741211,74739.0
2024-08-27 15:59:00+00:00,YORW,38.459999084472656,38.459999084472656,38.470001220703125,38.43000030517578,38.43000030517578,2262.0
