Datetime,Ticker,Adj Close,Close,High,Low,Open,Volume
2024-09-16 09:30:00+00:00,ALTO,1.5299999713897705,1.5299999713897705,1.5299999713897705,1.5299999713897705,1.5299999713897705,0.0
2024-09-16 09:30:00+00:00,AREC,0.49000000953674316,0.49000000953674316,0.5,0.49000000953674316,0.5,0.0
2024-09-16 09:30:00+00:00,ASTL,10.34000015258789,10.34000015258789,10.34000015258789,10.34000015258789,10.34000015258789,0.0
2024-09-16 09:30:00+00:00,BCPC,173.0,173.0,173.0,173.0,173.0,0.0
2024-09-16 09:30:00+00:00,BIOX,8.569999694824219,8.569999694824219,8.569999694824219,8.569999694824219,8.569999694824219,0.0
2024-09-16 09:30:00+00:00,CENX,13.989999771118164,13.989999771118164,14.005000114440918,13.890000343322754,13.90999984741211,16789.0
2024-09-16 09:30:00+00:00,CNEY,0.448199987411499,0.448199987411499,0.448199987411499,0.448199987411499,0.448199987411499,217131.0
2024-09-16 09:30:00+00:00,ELBM,0.6499000191688538,0.6499000191688538,0.6499000191688538,0.6184999942779541,0.6184999942779541,5668.0
2024-09-16 09:30:00+00:00,FEAM,0.5350000262260437,0.5350000262260437,0.5350000262260437,0.5350000262260437,0.5350000262260437,0.0
2024-09-16 09:30:00+00:00,GEVO,1.2554999589920044,1.2554999589920044,1.2999999523162842,1.2300000190734863,1.2599999904632568,1688981.0
2024-09-16 09:30:00+00:00,GPRE,12.670000076293945,12.670000076293945,12.6899995803833,12.609999656677246,12.6899995803833,9802.0
2024-09-16 09:30:00+00:00,GSM,4.210000038146973,4.210000038146973,4.210000038146973,4.210000038146973,4.210000038146973,0.0
2024-09-16 09:30:00+00:00,HDSN,7.980000019073486,7.980000019073486,7.980000019073486,7.980000019073486,7.980000019073486,0.0
2024-09-16 09:30:00+00:00,HWKN,119.75,119.75,119.75,119.75,119.75,0.0
2024-09-16 09:30:00+00:00,HYMC,2.7300000190734863,2.7300000190734863,2.7300000190734863,2.700000047683716,2.7300000190734863,27619.0
2024-09-16 09:30:00+00:00,IONR,4.639999866485596,4.639999866485596,4.639999866485596,4.639999866485596,4.639999866485596,0.0
2024-09-16 09:30:00+00:00,IPX,18.489999771118164,18.489999771118164,18.489999771118164,18.489999771118164,18.489999771118164,0.0
2024-09-16 09:30:00+00:00,KALU,69.94999694824219,69.94999694824219,69.94999694824219,69.58999633789062,69.58999633789062,0.0
2024-09-16 09:30:00+00:00,LGO,1.7619999647140503,1.7619999647140503,1.7619999647140503,1.7619999647140503,1.7619999647140503,0.0
2024-09-16 09:30:00+00:00,LITM,0.35010001063346863,0.35010001063346863,0.36800000071525574,0.3330000042915344,0.36000001430511475,53496.0
2024-09-16 09:30:00+00:00,LWLG,2.6500000953674316,2.6500000953674316,2.6600000858306885,2.6500000953674316,2.6600000858306885,0.0
2024-09-16 09:30:00+00:00,MEOH,38.005001068115234,38.005001068115234,38.005001068115234,37.849998474121094,37.849998474121094,0.0
2024-09-16 09:30:00+00:00,MERC,6.684999942779541,6.684999942779541,6.71999979019165,6.684999942779541,6.699999809265137,18907.0
2024-09-16 09:30:00+00:00,METC,10.484999656677246,10.484999656677246,10.484999656677246,10.420000076293945,10.420000076293945,0.0
2024-09-16 09:30:00+00:00,ORGN,1.534999966621399,1.534999966621399,1.534999966621399,1.5199999809265137,1.5199999809265137,26286.0
2024-09-16 09:30:00+00:00,PAAS,21.385000228881836,21.385000228881836,21.395000457763672,21.299999237060547,21.299999237060547,159688.0
2024-09-16 09:30:00+00:00,PLL,7.340000152587891,7.340000152587891,7.349999904632568,7.335000038146973,7.349999904632568,13054.0
2024-09-16 09:30:00+00:00,PPTA,9.319999694824219,9.319999694824219,9.329999923706055,9.210000038146973,9.210000038146973,20498.0
2024-09-16 09:30:00+00:00,RETO,1.3700000047683716,1.3700000047683716,1.3700000047683716,1.3700000047683716,1.3700000047683716,3678.0
2024-09-16 09:30:00+00:00,RGLD,143.125,143.125,143.2899932861328,143.125,143.2899932861328,9284.0
2024-09-16 09:30:00+00:00,RKDA,2.759999990463257,2.759999990463257,2.759999990463257,2.759999990463257,2.759999990463257,0.0
2024-09-16 09:30:00+00:00,SEED,2.740000009536743,2.740000009536743,2.740000009536743,2.740000009536743,2.740000009536743,0.0
2024-09-16 09:30:00+00:00,SGML,10.34000015258789,10.34000015258789,10.34000015258789,10.34000015258789,10.34000015258789,2614.0
2024-09-16 09:30:00+00:00,SMID,34.41999816894531,34.41999816894531,36.13999938964844,34.41999816894531,35.24380111694336,0.0
2024-09-16 09:30:00+00:00,SSRM,5.920000076293945,5.920000076293945,5.960000038146973,5.920000076293945,5.920000076293945,25329.0
2024-09-16 09:30:00+00:00,STLD,113.11000061035156,113.11000061035156,113.11000061035156,113.11000061035156,113.11000061035156,7832.0
2024-09-16 09:30:00+00:00,TMC,0.9459999799728394,0.9459999799728394,0.949999988079071,0.9459999799728394,0.949999988079071,20461.0
2024-09-16 09:30:00+00:00,UFPI,123.05000305175781,123.05000305175781,123.05000305175781,123.05000305175781,123.05000305175781,1952.0
2024-09-16 09:30:00+00:00,USAP,38.619998931884766,38.619998931884766,38.619998931884766,38.619998931884766,38.619998931884766,2027.0
2024-09-16 09:30:00+00:00,USAU,5.840199947357178,5.840199947357178,5.860000133514404,5.840199947357178,5.860000133514404,5748.0
2024-09-16 09:30:00+00:00,USLM,84.48999786376953,84.48999786376953,84.48999786376953,84.10749816894531,84.10749816894531,0.0
2024-09-16 09:30:00+00:00,ZEUS,38.689998626708984,38.689998626708984,38.689998626708984,38.689998626708984,38.689998626708984,0.0
2024-09-16 09:30:00+00:00,ZKIN,0.4699999988079071,0.4699999988079071,0.4699999988079071,0.4699999988079071,0.4699999988079071,1612.0
2024-09-16 09:31:00+00:00,CENX,13.920000076293945,13.920000076293945,14.020000457763672,13.899999618530273,13.989999771118164,3101.0
2024-09-16 09:31:00+00:00,CNEY,0.43380001187324524,0.43380001187324524,0.4453999996185303,0.43380001187324524,0.4453999996185303,7339.0
2024-09-16 09:31:00+00:00,CRKN,1.340000033378601,1.340000033378601,1.340000033378601,1.340000033378601,1.340000033378601,58057.0
2024-09-16 09:31:00+00:00,GEVO,1.2999999523162842,1.2999999523162842,1.3200000524520874,1.2100000381469727,1.2575000524520874,493959.0
2024-09-16 09:31:00+00:00,GPRE,12.6899995803833,12.6899995803833,12.6899995803833,12.6899995803833,12.6899995803833,247.0
2024-09-16 09:31:00+00:00,HWKN,120.0199966430664,120.0199966430664,120.0199966430664,120.0199966430664,120.0199966430664,570.0
2024-09-16 09:31:00+00:00,HYMC,2.7399001121520996,2.7399001121520996,2.740000009536743,2.7295000553131104,2.740000009536743,898.0
2024-09-16 09:31:00+00:00,IOSP,109.75,109.75,109.75,109.73999786376953,109.73999786376953,0.0
2024-09-16 09:31:00+00:00,LITM,0.3504999876022339,0.3504999876022339,0.3610000014305115,0.34369999170303345,0.36090001463890076,20404.0
2024-09-16 09:31:00+00:00,LWLG,2.6789000034332275,2.6789000034332275,2.6789000034332275,2.6449999809265137,2.652400016784668,14736.0
2024-09-16 09:31:00+00:00,MEOH,38.11000061035156,38.11000061035156,38.11000061035156,38.029998779296875,38.029998779296875,1205.0
2024-09-16 09:31:00+00:00,MERC,6.684999942779541,6.684999942779541,6.71999979019165,6.684999942779541,6.684999942779541,1984.0
2024-09-16 09:31:00+00:00,METC,10.391500473022461,10.391500473022461,10.391500473022461,10.390000343322754,10.390000343322754,1156.0
2024-09-16 09:31:00+00:00,ORGN,1.5499999523162842,1.5499999523162842,1.559999942779541,1.534999966621399,1.534999966621399,20167.0
2024-09-16 09:31:00+00:00,PAAS,21.625,21.625,21.6299991607666,21.389999389648438,21.389999389648438,46116.0
2024-09-16 09:31:00+00:00,PLL,7.210000038146973,7.210000038146973,7.269999980926514,7.210000038146973,7.269999980926514,1851.0
2024-09-16 09:31:00+00:00,PPTA,9.4399995803833,9.4399995803833,9.4399995803833,9.32859992980957,9.32859992980957,8316.0
2024-09-16 09:31:00+00:00,SGML,10.460000038146973,10.460000038146973,10.460000038146973,10.460000038146973,10.460000038146973,513.0
2024-09-16 09:31:00+00:00,SSRM,5.934999942779541,5.934999942779541,5.934999942779541,5.909999847412109,5.914999961853027,20460.0
2024-09-16 09:32:00+00:00,CENX,14.119999885559082,14.119999885559082,14.169899940490723,13.954999923706055,13.959400177001953,2523.0
2024-09-16 09:32:00+00:00,CNEY,0.4339999854564667,0.4339999854564667,0.43689998984336853,0.43380001187324524,0.43689998984336853,17662.0
2024-09-16 09:32:00+00:00,ELBM,0.6370999813079834,0.6370999813079834,0.6370999813079834,0.6370999813079834,0.6370999813079834,3835.0
2024-09-16 09:32:00+00:00,GEVO,1.2944999933242798,1.2944999933242798,1.309999942779541,1.2699999809265137,1.2999999523162842,164899.0
2024-09-16 09:32:00+00:00,GPRE,12.819999694824219,12.819999694824219,12.819999694824219,12.819999694824219,12.819999694824219,454.0
2024-09-16 09:32:00+00:00,GSM,4.21999979019165,4.21999979019165,4.21999979019165,4.204999923706055,4.204999923706055,1000.0
2024-09-16 09:32:00+00:00,HDSN,8.020000457763672,8.020000457763672,8.020000457763672,8.010000228881836,8.010000228881836,968.0
2024-09-16 09:32:00+00:00,HYMC,2.7200000286102295,2.7200000286102295,2.7395999431610107,2.7200000286102295,2.7395999431610107,6297.0
2024-09-16 09:32:00+00:00,LITM,0.36090001463890076,0.36090001463890076,0.36090001463890076,0.36090001463890076,0.36090001463890076,11787.0
2024-09-16 09:32:00+00:00,LWLG,2.6700000762939453,2.6700000762939453,2.6700000762939453,2.6600000858306885,2.6679999828338623,1451.0
2024-09-16 09:32:00+00:00,MEOH,38.11000061035156,38.11000061035156,38.11000061035156,38.11000061035156,38.11000061035156,591.0
2024-09-16 09:32:00+00:00,MERC,6.71999979019165,6.71999979019165,6.71999979019165,6.699999809265137,6.71999979019165,2191.0
2024-09-16 09:32:00+00:00,METC,10.40999984741211,10.40999984741211,10.40999984741211,10.406000137329102,10.406000137329102,846.0
2024-09-16 09:32:00+00:00,ORGN,1.5700000524520874,1.5700000524520874,1.5779999494552612,1.559999942779541,1.559999942779541,27954.0
2024-09-16 09:32:00+00:00,PAAS,21.520000457763672,21.520000457763672,21.635000228881836,21.489999771118164,21.635000228881836,38456.0
2024-09-16 09:32:00+00:00,PLL,7.239999771118164,7.239999771118164,7.258699893951416,7.210000038146973,7.21999979019165,688.0
2024-09-16 09:32:00+00:00,PPTA,9.372900009155273,9.372900009155273,9.479000091552734,9.350000381469727,9.399999618530273,26845.0
2024-09-16 09:32:00+00:00,SSRM,5.934999942779541,5.934999942779541,5.940000057220459,5.929999828338623,5.934999942779541,12064.0
2024-09-16 09:32:00+00:00,STLD,113.26000213623047,113.26000213623047,113.36000061035156,113.09500122070312,113.09500122070312,1089.0
2024-09-16 09:32:00+00:00,TMC,0.9462000131607056,0.9462000131607056,0.953000009059906,0.9462000131607056,0.953000009059906,1500.0
2024-09-16 09:32:00+00:00,USAP,38.61000061035156,38.61000061035156,38.61000061035156,38.61000061035156,38.61000061035156,854.0
2024-09-16 09:32:00+00:00,USAU,5.840000152587891,5.840000152587891,5.840000152587891,5.840000152587891,5.840000152587891,413.0
2024-09-16 09:32:00+00:00,USLM,85.0,85.0,85.0,85.0,85.0,820.0
2024-09-16 09:33:00+00:00,ASTL,10.34000015258789,10.34000015258789,10.34000015258789,10.329999923706055,10.329999923706055,1288.0
2024-09-16 09:33:00+00:00,CENX,14.062100410461426,14.062100410461426,14.114999771118164,14.062100410461426,14.109999656677246,780.0
2024-09-16 09:33:00+00:00,CNEY,0.46000000834465027,0.46000000834465027,0.46000000834465027,0.4339999854564667,0.43689998984336853,73085.0
2024-09-16 09:33:00+00:00,GEVO,1.2999999523162842,1.2999999523162842,1.2999999523162842,1.2799999713897705,1.2899999618530273,180900.0
2024-09-16 09:33:00+00:00,GPRE,12.75,12.75,12.9399995803833,12.75,12.930000305175781,3763.0
2024-09-16 09:33:00+00:00,GSM,4.210000038146973,4.210000038146973,4.21999979019165,4.210000038146973,4.21999979019165,504.0
2024-09-16 09:33:00+00:00,HDSN,8.020000457763672,8.020000457763672,8.020000457763672,8.020000457763672,8.020000457763672,155.0
2024-09-16 09:33:00+00:00,LGO,1.7654000520706177,1.7654000520706177,1.7654000520706177,1.7654000520706177,1.7654000520706177,0.0
2024-09-16 09:33:00+00:00,LITM,0.3529999852180481,0.3529999852180481,0.3529999852180481,0.3529999852180481,0.3529999852180481,2204.0
2024-09-16 09:33:00+00:00,LWLG,2.6600000858306885,2.6600000858306885,2.6600000858306885,2.6600000858306885,2.6600000858306885,1224.0
2024-09-16 09:33:00+00:00,MERC,6.690000057220459,6.690000057220459,6.71999979019165,6.690000057220459,6.71999979019165,4009.0
2024-09-16 09:33:00+00:00,METC,10.312000274658203,10.312000274658203,10.399999618530273,10.312000274658203,10.399999618530273,2449.0
2024-09-16 09:33:00+00:00,ORGN,1.5700000524520874,1.5700000524520874,1.5800000429153442,1.5700000524520874,1.5800000429153442,2874.0
2024-09-16 09:33:00+00:00,PAAS,21.41990089416504,21.41990089416504,21.520000457763672,21.399999618530273,21.520000457763672,32784.0
2024-09-16 09:33:00+00:00,PLL,7.257599830627441,7.257599830627441,7.257599830627441,7.230000019073486,7.230000019073486,1383.0
2024-09-16 09:33:00+00:00,PPTA,9.339900016784668,9.339900016784668,9.369999885559082,9.300000190734863,9.369999885559082,53152.0
2024-09-16 09:33:00+00:00,SGML,10.430000305175781,10.430000305175781,10.460700035095215,10.430000305175781,10.460700035095215,500.0
2024-09-16 09:33:00+00:00,SSRM,5.920000076293945,5.920000076293945,5.934999942779541,5.914999961853027,5.934999942779541,4940.0
2024-09-16 09:33:00+00:00,STLD,113.16500091552734,113.16500091552734,113.18000030517578,113.16500091552734,113.18000030517578,386.0
2024-09-16 09:33:00+00:00,TMC,0.9462000131607056,0.9462000131607056,0.949999988079071,0.9462000131607056,0.949999988079071,537.0
2024-09-16 09:33:00+00:00,UFPI,123.57499694824219,123.57499694824219,123.57499694824219,123.57499694824219,123.57499694824219,294.0
2024-09-16 09:33:00+00:00,USAP,38.36000061035156,38.36000061035156,38.64500045776367,38.36000061035156,38.64500045776367,744.0
2024-09-16 09:33:00+00:00,ZEUS,38.25,38.25,38.25,38.25,38.25,1718.0
2024-09-16 09:34:00+00:00,ALTO,1.5099999904632568,1.5099999904632568,1.5199999809265137,1.5099999904632568,1.5199999809265137,27651.0
2024-09-16 09:34:00+00:00,CENX,14.100000381469727,14.100000381469727,14.100000381469727,14.100000381469727,14.100000381469727,200.0
2024-09-16 09:34:00+00:00,CNEY,0.4699000120162964,0.4699000120162964,0.47269999980926514,0.4562000036239624,0.45989999175071716,96990.0
2024-09-16 09:34:00+00:00,CRKN,1.3480000495910645,1.3480000495910645,1.3480000495910645,1.340000033378601,1.340000033378601,1911.0
2024-09-16 09:34:00+00:00,GEVO,1.2949999570846558,1.2949999570846558,1.2999999523162842,1.2807999849319458,1.2899999618530273,141568.0
2024-09-16 09:34:00+00:00,GSM,4.199999809265137,4.199999809265137,4.199999809265137,4.199999809265137,4.199999809265137,107.0
2024-09-16 09:34:00+00:00,LWLG,2.6700000762939453,2.6700000762939453,2.6700000762939453,2.6500000953674316,2.6600000858306885,9950.0
2024-09-16 09:34:00+00:00,MERC,6.710000038146973,6.710000038146973,6.710000038146973,6.699999809265137,6.699999809265137,0.0
2024-09-16 09:34:00+00:00,ORGN,1.565000057220459,1.565000057220459,1.5700000524520874,1.565000057220459,1.5700000524520874,500.0
2024-09-16 09:34:00+00:00,PAAS,21.584999084472656,21.584999084472656,21.584999084472656,21.5,21.520000457763672,20222.0
2024-09-16 09:34:00+00:00,PLL,7.21999979019165,7.21999979019165,7.230000019073486,7.21999979019165,7.230000019073486,745.0
2024-09-16 09:34:00+00:00,PPTA,9.279999732971191,9.279999732971191,9.34000015258789,9.279999732971191,9.34000015258789,1251.0
2024-09-16 09:34:00+00:00,SGML,10.399999618530273,10.399999618530273,10.449999809265137,10.399999618530273,10.449999809265137,4452.0
2024-09-16 09:34:00+00:00,SSRM,5.940000057220459,5.940000057220459,5.940000057220459,5.929999828338623,5.929999828338623,969.0
2024-09-16 09:34:00+00:00,STLD,113.16500091552734,113.16500091552734,113.18000030517578,113.16500091552734,113.18000030517578,1499.0
2024-09-16 09:34:00+00:00,TMC,0.9460999965667725,0.9460999965667725,0.9460999965667725,0.9460999965667725,0.9460999965667725,480.0
2024-09-16 09:34:00+00:00,UFPI,123.58000183105469,123.58000183105469,123.58000183105469,123.58000183105469,123.58000183105469,1278.0
2024-09-16 09:34:00+00:00,USAU,5.800099849700928,5.800099849700928,5.800099849700928,5.800099849700928,5.800099849700928,564.0
2024-09-16 09:35:00+00:00,ALTO,1.524999976158142,1.524999976158142,1.524999976158142,1.5199999809265137,1.5199999809265137,3722.0
2024-09-16 09:35:00+00:00,AREC,0.510200023651123,0.510200023651123,0.510200023651123,0.5101000070571899,0.5101000070571899,1627.0
2024-09-16 09:35:00+00:00,ASTL,10.319999694824219,10.319999694824219,10.319999694824219,10.319999694824219,10.319999694824219,1046.0
2024-09-16 09:35:00+00:00,CENX,14.039999961853027,14.039999961853027,14.069999694824219,14.039999961853027,14.0600004196167,2313.0
2024-09-16 09:35:00+00:00,CNEY,0.48739999532699585,0.48739999532699585,0.48739999532699585,0.4650000035762787,0.4699999988079071,103459.0
2024-09-16 09:35:00+00:00,CRKN,1.2400000095367432,1.2400000095367432,1.330199956893921,1.2400000095367432,1.330199956893921,30493.0
2024-09-16 09:35:00+00:00,ELBM,0.6150000095367432,0.6150000095367432,0.6150000095367432,0.6150000095367432,0.6150000095367432,0.0
2024-09-16 09:35:00+00:00,GEVO,1.3200000524520874,1.3200000524520874,1.3300000429153442,1.284999966621399,1.29830002784729,176481.0
2024-09-16 09:35:00+00:00,GPRE,12.774999618530273,12.774999618530273,12.774999618530273,12.774999618530273,12.774999618530273,379.0
2024-09-16 09:35:00+00:00,GSM,4.199999809265137,4.199999809265137,4.199999809265137,4.199999809265137,4.199999809265137,292.0
2024-09-16 09:35:00+00:00,HWKN,119.5,119.5,120.62999725341797,119.5,120.62999725341797,1260.0
2024-09-16 09:35:00+00:00,KALU,69.25,69.25,69.25,69.25,69.25,634.0
2024-09-16 09:35:00+00:00,LWLG,2.6600000858306885,2.6600000858306885,2.6600000858306885,2.6600000858306885,2.6600000858306885,424.0
2024-09-16 09:35:00+00:00,MERC,6.699999809265137,6.699999809265137,6.710000038146973,6.699999809265137,6.710000038146973,3377.0
2024-09-16 09:35:00+00:00,METC,10.300000190734863,10.300000190734863,10.300000190734863,10.300000190734863,10.300000190734863,4275.0
2024-09-16 09:35:00+00:00,ORGN,1.5577000379562378,1.5577000379562378,1.5577000379562378,1.5577000379562378,1.5577000379562378,751.0
2024-09-16 09:35:00+00:00,PAAS,21.549999237060547,21.549999237060547,21.595600128173828,21.52899932861328,21.595600128173828,21813.0
2024-09-16 09:35:00+00:00,PLL,7.199999809265137,7.199999809265137,7.269999980926514,7.199999809265137,7.269999980926514,2128.0
2024-09-16 09:35:00+00:00,PPTA,9.270000457763672,9.270000457763672,9.270000457763672,9.225000381469727,9.25,5068.0
2024-09-16 09:35:00+00:00,SGML,10.399999618530273,10.399999618530273,10.470000267028809,10.380000114440918,10.420000076293945,2769.0
2024-09-16 09:35:00+00:00,SSRM,5.929999828338623,5.929999828338623,5.949999809265137,5.929999828338623,5.949999809265137,11511.0
2024-09-16 09:35:00+00:00,TMC,0.9448999762535095,0.9448999762535095,0.9448999762535095,0.9448999762535095,0.9448999762535095,5004.0
2024-09-16 09:35:00+00:00,USAP,38.125,38.125,38.125,38.099998474121094,38.11000061035156,1517.0
2024-09-16 09:35:00+00:00,USAU,5.824999809265137,5.824999809265137,5.824999809265137,5.824999809265137,5.824999809265137,200.0
2024-09-16 09:35:00+00:00,WDFC,258.7200012207031,258.7200012207031,258.7200012207031,258.7200012207031,258.7200012207031,1821.0
2024-09-16 09:36:00+00:00,BCPC,173.57000732421875,173.57000732421875,173.57000732421875,173.57000732421875,173.57000732421875,355.0
2024-09-16 09:36:00+00:00,BIOX,8.574999809265137,8.574999809265137,8.574999809265137,8.574999809265137,8.574999809265137,118.0
2024-09-16 09:36:00+00:00,CENX,14.029999732971191,14.029999732971191,14.039999961853027,14.029999732971191,14.039999961853027,1093.0
2024-09-16 09:36:00+00:00,CNEY,0.4733999967575073,0.4733999967575073,0.4832000136375427,0.4699999988079071,0.4832000136375427,28646.0
2024-09-16 09:36:00+00:00,CRKN,1.2999999523162842,1.2999999523162842,1.2999999523162842,1.2999999523162842,1.2999999523162842,1276.0
2024-09-16 09:36:00+00:00,GEVO,1.3004000186920166,1.3004000186920166,1.340000033378601,1.2999999523162842,1.3250000476837158,231881.0
2024-09-16 09:36:00+00:00,GSM,4.204999923706055,4.204999923706055,4.204999923706055,4.204999923706055,4.204999923706055,104.0
2024-09-16 09:36:00+00:00,HDSN,8.010000228881836,8.010000228881836,8.010000228881836,8.010000228881836,8.010000228881836,401.0
2024-09-16 09:36:00+00:00,HYMC,2.694999933242798,2.694999933242798,2.700000047683716,2.694999933242798,2.700000047683716,1205.0
2024-09-16 09:36:00+00:00,MEOH,38.11000061035156,38.11000061035156,38.150001525878906,38.09000015258789,38.150001525878906,2038.0
2024-09-16 09:36:00+00:00,MERC,6.699999809265137,6.699999809265137,6.699999809265137,6.699999809265137,6.699999809265137,277.0
2024-09-16 09:36:00+00:00,ORGN,1.5449999570846558,1.5449999570846558,1.5499999523162842,1.5449999570846558,1.5499999523162842,2893.0
2024-09-16 09:36:00+00:00,PAAS,21.549999237060547,21.549999237060547,21.579999923706055,21.520000457763672,21.549999237060547,18802.0
2024-09-16 09:36:00+00:00,PLL,7.170000076293945,7.170000076293945,7.190000057220459,7.170000076293945,7.190000057220459,352.0
2024-09-16 09:36:00+00:00,PPTA,9.270000457763672,9.270000457763672,9.289999961853027,9.270000457763672,9.270000457763672,9206.0
2024-09-16 09:36:00+00:00,SGML,10.34000015258789,10.34000015258789,10.34000015258789,10.34000015258789,10.34000015258789,982.0
2024-09-16 09:36:00+00:00,SSRM,5.929999828338623,5.929999828338623,5.929999828338623,5.929999828338623,5.929999828338623,115.0
2024-09-16 09:36:00+00:00,STLD,112.61000061035156,112.61000061035156,112.61000061035156,112.52999877929688,112.54000091552734,1393.0
2024-09-16 09:36:00+00:00,USAU,5.75,5.75,5.800099849700928,5.75,5.800099849700928,2379.0
2024-09-16 09:37:00+00:00,AREC,0.5099999904632568,0.5099999904632568,0.5099999904632568,0.5099999904632568,0.5099999904632568,696.0
2024-09-16 09:37:00+00:00,CENX,13.989999771118164,13.989999771118164,13.989999771118164,13.880000114440918,13.96500015258789,12293.0
2024-09-16 09:37:00+00:00,CNEY,0.4733999967575073,0.4733999967575073,0.4733999967575073,0.47290000319480896,0.4733999967575073,5702.0
2024-09-16 09:37:00+00:00,CRKN,1.2999999523162842,1.2999999523162842,1.2999999523162842,1.2999999523162842,1.2999999523162842,228.0
2024-09-16 09:37:00+00:00,GEVO,1.3200000524520874,1.3200000524520874,1.3300000429153442,1.2999999523162842,1.3008999824523926,118771.0
2024-09-16 09:37:00+00:00,GPRE,12.770000457763672,12.770000457763672,12.770000457763672,12.6899995803833,12.765000343322754,558.0
2024-09-16 09:37:00+00:00,HYMC,2.6700000762939453,2.6700000762939453,2.694999933242798,2.6700000762939453,2.694999933242798,11544.0
2024-09-16 09:37:00+00:00,IOSP,109.5999984741211,109.5999984741211,109.5999984741211,109.5999984741211,109.5999984741211,771.0
2024-09-16 09:37:00+00:00,KALU,68.7699966430664,68.7699966430664,68.7699966430664,68.7699966430664,68.7699966430664,108.0
2024-09-16 09:37:00+00:00,LITM,0.3499999940395355,0.3499999940395355,0.3529999852180481,0.3499999940395355,0.3499999940395355,19178.0
2024-09-16 09:37:00+00:00,MEOH,38.10499954223633,38.10499954223633,38.10499954223633,38.10499954223633,38.10499954223633,102.0
2024-09-16 09:37:00+00:00,MERC,6.599999904632568,6.599999904632568,6.690000057220459,6.579999923706055,6.690000057220459,5518.0
2024-09-16 09:37:00+00:00,METC,10.225000381469727,10.225000381469727,10.239999771118164,10.220000267028809,10.239999771118164,1933.0
2024-09-16 09:37:00+00:00,ORGN,1.5429999828338623,1.5429999828338623,1.5429999828338623,1.5429999828338623,1.5429999828338623,300.0
2024-09-16 09:37:00+00:00,PAAS,21.56999969482422,21.56999969482422,21.59000015258789,21.540000915527344,21.545000076293945,10470.0
2024-09-16 09:37:00+00:00,PLL,7.170000076293945,7.170000076293945,7.190000057220459,7.170000076293945,7.190000057220459,1566.0
2024-09-16 09:37:00+00:00,PPTA,9.0600004196167,9.0600004196167,9.234999656677246,9.0600004196167,9.199999809265137,10545.0
2024-09-16 09:37:00+00:00,RGLD,142.5749969482422,142.5749969482422,142.97000122070312,142.5749969482422,142.97000122070312,1572.0
2024-09-16 09:37:00+00:00,SGML,10.3100004196167,10.3100004196167,10.350000381469727,10.3100004196167,10.350000381469727,4447.0
2024-09-16 09:37:00+00:00,SMID,36.237098693847656,36.237098693847656,36.237098693847656,36.237098693847656,36.237098693847656,838.0
2024-09-16 09:37:00+00:00,SSRM,5.929999828338623,5.929999828338623,5.934999942779541,5.929999828338623,5.929999828338623,2285.0
2024-09-16 09:37:00+00:00,STLD,112.22000122070312,112.22000122070312,112.22000122070312,112.22000122070312,112.22000122070312,353.0
2024-09-16 09:37:00+00:00,USAU,5.755000114440918,5.755000114440918,5.755000114440918,5.755000114440918,5.755000114440918,2239.0
2024-09-16 09:38:00+00:00,CENX,13.930100440979004,13.930100440979004,14.010000228881836,13.930100440979004,13.989999771118164,779.0
2024-09-16 09:38:00+00:00,CNEY,0.46129998564720154,0.46129998564720154,0.475600004196167,0.46129998564720154,0.4749000072479248,33439.0
2024-09-16 09:38:00+00:00,CRKN,1.2800999879837036,1.2800999879837036,1.2800999879837036,1.2800999879837036,1.2800999879837036,514.0
2024-09-16 09:38:00+00:00,GEVO,1.3598999977111816,1.3598999977111816,1.3598999977111816,1.309999942779541,1.3200000524520874,265253.0
2024-09-16 09:38:00+00:00,GPRE,12.65999984741211,12.65999984741211,12.6899995803833,12.630000114440918,12.680000305175781,1198.0
2024-09-16 09:38:00+00:00,HDSN,7.985000133514404,7.985000133514404,7.985000133514404,7.985000133514404,7.985000133514404,521.0
2024-09-16 09:38:00+00:00,LOOP,1.600000023841858,1.600000023841858,1.600000023841858,1.600000023841858,1.600000023841858,182.0
2024-09-16 09:38:00+00:00,MERC,6.590000152587891,6.590000152587891,6.590000152587891,6.579999923706055,6.590000152587891,4226.0
2024-09-16 09:38:00+00:00,METC,10.220000267028809,10.220000267028809,10.220000267028809,10.220000267028809,10.220000267028809,200.0
2024-09-16 09:38:00+00:00,ORGN,1.5420000553131104,1.5420000553131104,1.5420000553131104,1.5420000553131104,1.5420000553131104,500.0
2024-09-16 09:38:00+00:00,PAAS,21.608999252319336,21.608999252319336,21.608999252319336,21.549999237060547,21.559999465942383,10288.0
2024-09-16 09:38:00+00:00,PLL,7.119999885559082,7.119999885559082,7.130000114440918,7.119999885559082,7.130000114440918,968.0
2024-09-16 09:38:00+00:00,PPTA,9.050000190734863,9.050000190734863,9.069999694824219,9.029999732971191,9.069999694824219,5193.0
2024-09-16 09:38:00+00:00,SGML,10.34000015258789,10.34000015258789,10.34000015258789,10.329999923706055,10.329999923706055,2314.0
2024-09-16 09:38:00+00:00,SSRM,5.920000076293945,5.920000076293945,5.920000076293945,5.920000076293945,5.920000076293945,1436.0
2024-09-16 09:38:00+00:00,STLD,112.0,112.0,112.20999908447266,111.99500274658203,112.17500305175781,1710.0
2024-09-16 09:39:00+00:00,ALTO,1.5247000455856323,1.5247000455856323,1.524999976158142,1.5247000455856323,1.524999976158142,633.0
2024-09-16 09:39:00+00:00,CENX,13.939900398254395,13.939900398254395,13.944999694824219,13.920000076293945,13.944999694824219,2211.0
2024-09-16 09:39:00+00:00,CNEY,0.45989999175071716,0.45989999175071716,0.46140000224113464,0.45509999990463257,0.4611999988555908,25235.0
2024-09-16 09:39:00+00:00,GEVO,1.3499000072479248,1.3499000072479248,1.3700000047683716,1.340000033378601,1.3550000190734863,182745.0
2024-09-16 09:39:00+00:00,GSM,4.204999923706055,4.204999923706055,4.204999923706055,4.204999923706055,4.204999923706055,128.0
2024-09-16 09:39:00+00:00,HYMC,2.674999952316284,2.674999952316284,2.674999952316284,2.674999952316284,2.674999952316284,2800.0
2024-09-16 09:39:00+00:00,KALU,68.77999877929688,68.77999877929688,68.77999877929688,68.77999877929688,68.77999877929688,201.0
2024-09-16 09:39:00+00:00,MEOH,38.20000076293945,38.20000076293945,38.20000076293945,38.15999984741211,38.15999984741211,1022.0
2024-09-16 09:39:00+00:00,MERC,6.579999923706055,6.579999923706055,6.579999923706055,6.579999923706055,6.579999923706055,962.0
2024-09-16 09:39:00+00:00,METC,10.260000228881836,10.260000228881836,10.260000228881836,10.239999771118164,10.239999771118164,1481.0
2024-09-16 09:39:00+00:00,ORGN,1.5399999618530273,1.5399999618530273,1.5399999618530273,1.5399999618530273,1.5399999618530273,803.0
2024-09-16 09:39:00+00:00,PAAS,21.670000076293945,21.670000076293945,21.679399490356445,21.608999252319336,21.608999252319336,24310.0
2024-09-16 09:39:00+00:00,PLL,7.139999866485596,7.139999866485596,7.150000095367432,7.119999885559082,7.119999885559082,2500.0
2024-09-16 09:39:00+00:00,PPTA,9.149999618530273,9.149999618530273,9.180000305175781,9.0,9.03499984741211,7630.0
2024-09-16 09:39:00+00:00,RGLD,143.04750061035156,143.04750061035156,143.04750061035156,142.97000122070312,142.97000122070312,1210.0
2024-09-16 09:39:00+00:00,RKDA,2.8399999141693115,2.8399999141693115,2.8399999141693115,2.8399999141693115,2.8399999141693115,216.0
2024-09-16 09:39:00+00:00,STLD,112.11000061035156,112.11000061035156,112.34500122070312,112.05999755859375,112.05999755859375,7011.0
2024-09-16 09:40:00+00:00,AREC,0.5077999830245972,0.5077999830245972,0.5099999904632568,0.5077999830245972,0.5099999904632568,10467.0
2024-09-16 09:40:00+00:00,ASTL,10.279999732971191,10.279999732971191,10.279999732971191,10.279999732971191,10.279999732971191,117.0
2024-09-16 09:40:00+00:00,CENX,13.930000305175781,13.930000305175781,13.960000038146973,13.914999961853027,13.916799545288086,24147.0
2024-09-16 09:40:00+00:00,CNEY,0.45890000462532043,0.45890000462532043,0.45890000462532043,0.45750001072883606,0.45750001072883606,2096.0
2024-09-16 09:40:00+00:00,GEVO,1.340000033378601,1.340000033378601,1.350000023841858,1.3200000524520874,1.3499000072479248,291849.0
2024-09-16 09:40:00+00:00,GSM,4.199999809265137,4.199999809265137,4.199999809265137,4.199999809265137,4.199999809265137,613.0
2024-09-16 09:40:00+00:00,HYMC,2.6798999309539795,2.6798999309539795,2.6798999309539795,2.6798999309539795,2.6798999309539795,2700.0
2024-09-16 09:40:00+00:00,IONR,4.494999885559082,4.494999885559082,4.494999885559082,4.494999885559082,4.494999885559082,0.0
2024-09-16 09:40:00+00:00,JCTCF,4.559999942779541,4.559999942779541,4.559999942779541,4.559999942779541,4.559999942779541,0.0
2024-09-16 09:40:00+00:00,LWLG,2.6600000858306885,2.6600000858306885,2.6600000858306885,2.6600000858306885,2.6600000858306885,2473.0
2024-09-16 09:40:00+00:00,MEOH,38.185001373291016,38.185001373291016,38.185001373291016,38.185001373291016,38.185001373291016,477.0
2024-09-16 09:40:00+00:00,MERC,6.539999961853027,6.539999961853027,6.559999942779541,6.539999961853027,6.559999942779541,2031.0
2024-09-16 09:40:00+00:00,METC,10.180000305175781,10.180000305175781,10.210000038146973,10.180000305175781,10.210000038146973,466.0
2024-09-16 09:40:00+00:00,ORGN,1.5398999452590942,1.5398999452590942,1.5449999570846558,1.5398999452590942,1.5449999570846558,5155.0
2024-09-16 09:40:00+00:00,PAAS,21.610000610351562,21.610000610351562,21.670000076293945,21.594999313354492,21.670000076293945,20997.0
2024-09-16 09:40:00+00:00,PLL,7.099999904632568,7.099999904632568,7.135000228881836,7.079999923706055,7.135000228881836,7076.0
2024-09-16 09:40:00+00:00,PPTA,9.100000381469727,9.100000381469727,9.148799896240234,9.100000381469727,9.148799896240234,3185.0
2024-09-16 09:40:00+00:00,RGLD,142.89999389648438,142.89999389648438,142.9199981689453,142.89999389648438,142.91000366210938,526.0
2024-09-16 09:40:00+00:00,RKDA,2.799999952316284,2.799999952316284,2.799999952316284,2.799999952316284,2.799999952316284,275.0
2024-09-16 09:40:00+00:00,SGML,10.362700462341309,10.362700462341309,10.399999618530273,10.362700462341309,10.399999618530273,650.0
2024-09-16 09:40:00+00:00,SSRM,5.929999828338623,5.929999828338623,5.934999942779541,5.925000190734863,5.929999828338623,7035.0
2024-09-16 09:40:00+00:00,STLD,112.05999755859375,112.05999755859375,112.31500244140625,112.02999877929688,112.31500244140625,1680.0
2024-09-16 09:41:00+00:00,ASTL,10.34000015258789,10.34000015258789,10.34000015258789,10.279999732971191,10.279999732971191,3296.0
2024-09-16 09:41:00+00:00,CENX,13.84000015258789,13.84000015258789,13.890000343322754,13.84000015258789,13.890000343322754,1901.0
2024-09-16 09:41:00+00:00,CNEY,0.4699999988079071,0.4699999988079071,0.4699999988079071,0.45899999141693115,0.45989999175071716,60229.0
2024-09-16 09:41:00+00:00,GEVO,1.3349000215530396,1.3349000215530396,1.3589999675750732,1.3300000429153442,1.340000033378601,89413.0
2024-09-16 09:41:00+00:00,GSM,4.179999828338623,4.179999828338623,4.190000057220459,4.179999828338623,4.190000057220459,620.0
2024-09-16 09:41:00+00:00,HYMC,2.6600000858306885,2.6600000858306885,2.6600000858306885,2.6600000858306885,2.6600000858306885,0.0
2024-09-16 09:41:00+00:00,KALU,68.69999694824219,68.69999694824219,68.69999694824219,68.69999694824219,68.69999694824219,225.0
2024-09-16 09:41:00+00:00,LITM,0.34790000319480896,0.34790000319480896,0.34790000319480896,0.3474999964237213,0.3474999964237213,1807.0
2024-09-16 09:41:00+00:00,MERC,6.519999980926514,6.519999980926514,6.53000020980835,6.519999980926514,6.53000020980835,3085.0
2024-09-16 09:41:00+00:00,PAAS,21.610000610351562,21.610000610351562,21.639999389648438,21.575000762939453,21.6299991607666,20801.0
2024-09-16 09:41:00+00:00,PLL,7.110000133514404,7.110000133514404,7.130000114440918,7.099999904632568,7.099999904632568,3170.0
2024-09-16 09:41:00+00:00,PPTA,9.010000228881836,9.010000228881836,9.139699935913086,9.010000228881836,9.13599967956543,6713.0
2024-09-16 09:41:00+00:00,RGLD,142.77000427246094,142.77000427246094,142.77000427246094,142.77000427246094,142.77000427246094,573.0
2024-09-16 09:41:00+00:00,SGML,10.369999885559082,10.369999885559082,10.399999618530273,10.369999885559082,10.399999618530273,1102.0
2024-09-16 09:41:00+00:00,SSRM,5.914999961853027,5.914999961853027,5.925000190734863,5.914999961853027,5.925000190734863,2241.0
2024-09-16 09:41:00+00:00,STLD,112.23500061035156,112.23500061035156,112.23500061035156,112.23500061035156,112.23500061035156,433.0
2024-09-16 09:41:00+00:00,TMC,0.9491000175476074,0.9491000175476074,0.9528999924659729,0.9451000094413757,0.9451000094413757,1646.0
2024-09-16 09:41:00+00:00,USAU,5.74970006942749,5.74970006942749,5.74970006942749,5.74970006942749,5.74970006942749,1104.0
2024-09-16 09:41:00+00:00,WDFC,258.56500244140625,258.56500244140625,258.56500244140625,258.56500244140625,258.56500244140625,711.0
2024-09-16 09:42:00+00:00,ASTL,10.369999885559082,10.369999885559082,10.369999885559082,10.369999885559082,10.369999885559082,907.0
2024-09-16 09:42:00+00:00,CENX,13.860099792480469,13.860099792480469,13.860099792480469,13.859999656677246,13.859999656677246,2544.0
2024-09-16 09:42:00+00:00,CNEY,0.5015000104904175,0.5015000104904175,0.5029000043869019,0.4699000120162964,0.4699999988079071,117804.0
2024-09-16 09:42:00+00:00,GEVO,1.3575999736785889,1.3575999736785889,1.3600000143051147,1.3350000381469727,1.340000033378601,141375.0
2024-09-16 09:42:00+00:00,GPRE,12.699999809265137,12.699999809265137,12.699999809265137,12.699999809265137,12.699999809265137,210.0
2024-09-16 09:42:00+00:00,HYMC,2.619999885559082,2.619999885559082,2.619999885559082,2.619999885559082,2.619999885559082,602.0
2024-09-16 09:42:00+00:00,IOSP,109.63500213623047,109.63500213623047,109.63500213623047,109.63500213623047,109.63500213623047,324.0
2024-09-16 09:42:00+00:00,LITM,0.3528999984264374,0.3528999984264374,0.3528999984264374,0.3476000130176544,0.3476000130176544,43733.0
2024-09-16 09:42:00+00:00,MEOH,38.04999923706055,38.04999923706055,38.119998931884766,38.04999923706055,38.11000061035156,1847.0
2024-09-16 09:42:00+00:00,MERC,6.489999771118164,6.489999771118164,6.510000228881836,6.489999771118164,6.510000228881836,905.0
2024-09-16 09:42:00+00:00,METC,10.180000305175781,10.180000305175781,10.1899995803833,10.170000076293945,10.1899995803833,4106.0
2024-09-16 09:42:00+00:00,PAAS,21.63360023498535,21.63360023498535,21.636600494384766,21.610000610351562,21.610000610351562,21973.0
2024-09-16 09:42:00+00:00,PLL,7.114999771118164,7.114999771118164,7.114999771118164,7.114999771118164,7.114999771118164,157.0
2024-09-16 09:42:00+00:00,PPTA,9.020000457763672,9.020000457763672,9.050000190734863,9.020000457763672,9.020000457763672,1077.0
2024-09-16 09:42:00+00:00,RGLD,142.78770446777344,142.78770446777344,142.78770446777344,142.55999755859375,142.55999755859375,513.0
2024-09-16 09:42:00+00:00,SGML,10.350000381469727,10.350000381469727,10.359999656677246,10.350000381469727,10.359999656677246,474.0
2024-09-16 09:42:00+00:00,SSRM,5.925000190734863,5.925000190734863,5.925000190734863,5.9116997718811035,5.914999961853027,5219.0
2024-09-16 09:42:00+00:00,STLD,112.16639709472656,112.16639709472656,112.28500366210938,112.16639709472656,112.26499938964844,1335.0
2024-09-16 09:42:00+00:00,USAP,38.029998779296875,38.029998779296875,38.029998779296875,38.02000045776367,38.02000045776367,772.0
2024-09-16 09:43:00+00:00,ASTL,10.369999885559082,10.369999885559082,10.369999885559082,10.369999885559082,10.369999885559082,400.0
2024-09-16 09:43:00+00:00,CENX,13.81089973449707,13.81089973449707,13.859999656677246,13.81089973449707,13.859999656677246,11873.0
2024-09-16 09:43:00+00:00,CNEY,0.4797999858856201,0.4797999858856201,0.503000020980835,0.4797999858856201,0.503000020980835,60335.0
2024-09-16 09:43:00+00:00,GEVO,1.340499997138977,1.340499997138977,1.3799999952316284,1.340000033378601,1.3600000143051147,341175.0
2024-09-16 09:43:00+00:00,GPRE,12.6850004196167,12.6850004196167,12.6850004196167,12.6850004196167,12.6850004196167,500.0
2024-09-16 09:43:00+00:00,GSM,4.184999942779541,4.184999942779541,4.184999942779541,4.184999942779541,4.184999942779541,100.0
2024-09-16 09:43:00+00:00,KALU,69.20780181884766,69.20780181884766,69.20780181884766,69.20780181884766,69.20780181884766,363.0
2024-09-16 09:43:00+00:00,LITM,0.3400000035762787,0.3400000035762787,0.3449999988079071,0.3400000035762787,0.3449999988079071,12863.0
2024-09-16 09:43:00+00:00,MERC,6.489999771118164,6.489999771118164,6.5,6.474999904632568,6.480000019073486,4405.0
2024-09-16 09:43:00+00:00,PAAS,21.5,21.5,21.649999618530273,21.5,21.635000228881836,37914.0
2024-09-16 09:43:00+00:00,RGLD,142.77000427246094,142.77000427246094,142.77000427246094,142.77000427246094,142.77000427246094,1058.0
2024-09-16 09:43:00+00:00,SSRM,5.894999980926514,5.894999980926514,5.920100212097168,5.894999980926514,5.920100212097168,5070.0
2024-09-16 09:43:00+00:00,STLD,112.02999877929688,112.02999877929688,112.02999877929688,112.02999877929688,112.02999877929688,241.0
2024-09-16 09:43:00+00:00,TMC,0.9451000094413757,0.9451000094413757,0.949999988079071,0.9451000094413757,0.949999988079071,601.0
2024-09-16 09:44:00+00:00,ASTL,10.369999885559082,10.369999885559082,10.380000114440918,10.369999885559082,10.380000114440918,1899.0
2024-09-16 09:44:00+00:00,CENX,13.829999923706055,13.829999923706055,13.829999923706055,13.829999923706055,13.829999923706055,1653.0
2024-09-16 09:44:00+00:00,CNEY,0.47350001335144043,0.47350001335144043,0.49950000643730164,0.4699999988079071,0.47780001163482666,39105.0
2024-09-16 09:44:00+00:00,GEVO,1.350000023841858,1.350000023841858,1.3600000143051147,1.3200000524520874,1.3401000499725342,199848.0
2024-09-16 09:44:00+00:00,GPRE,12.640000343322754,12.640000343322754,12.65999984741211,12.640000343322754,12.65999984741211,1784.0
2024-09-16 09:44:00+00:00,HDSN,7.96999979019165,7.96999979019165,7.96999979019165,7.960000038146973,7.960000038146973,1341.0
2024-09-16 09:44:00+00:00,HWKN,118.45999908447266,118.45999908447266,118.45999908447266,118.45999908447266,118.45999908447266,330.0
2024-09-16 09:44:00+00:00,HYMC,2.6040000915527344,2.6040000915527344,2.619999885559082,2.6040000915527344,2.609999895095825,4102.0
2024-09-16 09:44:00+00:00,IOSP,109.7249984741211,109.7249984741211,109.7249984741211,109.7249984741211,109.7249984741211,1063.0
2024-09-16 09:44:00+00:00,IPX,18.059999465942383,18.059999465942383,18.059999465942383,18.059999465942383,18.059999465942383,0.0
2024-09-16 09:44:00+00:00,LITM,0.334199994802475,0.334199994802475,0.3402000069618225,0.334199994802475,0.3402000069618225,10833.0
2024-09-16 09:44:00+00:00,LWLG,2.6600000858306885,2.6600000858306885,2.6700000762939453,2.6549999713897705,2.6549999713897705,5829.0
2024-09-16 09:44:00+00:00,MEOH,38.029998779296875,38.029998779296875,38.029998779296875,38.02000045776367,38.029998779296875,800.0
2024-09-16 09:44:00+00:00,MERC,6.489999771118164,6.489999771118164,6.489999771118164,6.489999771118164,6.489999771118164,395.0
2024-09-16 09:44:00+00:00,METC,10.130000114440918,10.130000114440918,10.140000343322754,10.130000114440918,10.140000343322754,2362.0
2024-09-16 09:44:00+00:00,ORGN,1.5176000595092773,1.5176000595092773,1.5307999849319458,1.500499963760376,1.5307999849319458,29269.0
2024-09-16 09:44:00+00:00,PAAS,21.490100860595703,21.490100860595703,21.510000228881836,21.479999542236328,21.489999771118164,12984.0
2024-09-16 09:44:00+00:00,PLL,7.090000152587891,7.090000152587891,7.132199764251709,7.090000152587891,7.132199764251709,1047.0
2024-09-16 09:44:00+00:00,PPTA,9.0,9.0,9.020000457763672,9.0,9.020000457763672,924.0
2024-09-16 09:44:00+00:00,RGLD,142.0,142.0,142.0,142.0,142.0,708.0
2024-09-16 09:44:00+00:00,SSRM,5.890500068664551,5.890500068664551,5.899899959564209,5.880000114440918,5.899899959564209,4922.0
2024-09-16 09:44:00+00:00,STLD,112.23500061035156,112.23500061035156,112.38760375976562,112.02999877929688,112.38760375976562,1020.0
2024-09-16 09:44:00+00:00,TMC,0.949999988079071,0.949999988079071,0.949999988079071,0.9452000260353088,0.9452000260353088,579.0
2024-09-16 09:44:00+00:00,USLM,84.55049896240234,84.55049896240234,84.55049896240234,84.55049896240234,84.55049896240234,227.0
2024-09-16 09:44:00+00:00,ZEUS,38.290000915527344,38.290000915527344,38.290000915527344,38.209999084472656,38.209999084472656,1147.0
2024-09-16 09:45:00+00:00,ALTO,1.5199999809265137,1.5199999809265137,1.5298999547958374,1.5199999809265137,1.5298999547958374,3300.0
2024-09-16 09:45:00+00:00,ASTL,10.375,10.375,10.375,10.375,10.375,200.0
2024-09-16 09:45:00+00:00,BCPC,172.07000732421875,172.07000732421875,172.07000732421875,172.07000732421875,172.07000732421875,2165.0
2024-09-16 09:45:00+00:00,CENX,13.819999694824219,13.819999694824219,13.850500106811523,13.819999694824219,13.819999694824219,2121.0
2024-09-16 09:45:00+00:00,CNEY,0.462799996137619,0.462799996137619,0.4733000099658966,0.46149998903274536,0.4733000099658966,49084.0
2024-09-16 09:45:00+00:00,GEVO,1.3504999876022339,1.3504999876022339,1.3700000047683716,1.340000033378601,1.3450000286102295,154412.0
2024-09-16 09:45:00+00:00,HDSN,7.9710001945495605,7.9710001945495605,7.9710001945495605,7.9710001945495605,7.9710001945495605,127.0
2024-09-16 09:45:00+00:00,HWKN,119.08999633789062,119.08999633789062,119.08999633789062,119.08999633789062,119.08999633789062,1468.0
2024-09-16 09:45:00+00:00,HYMC,2.5999999046325684,2.5999999046325684,2.6010000705718994,2.5999999046325684,2.6010000705718994,2835.0
2024-09-16 09:45:00+00:00,LITM,0.3330000042915344,0.3330000042915344,0.3330000042915344,0.3330000042915344,0.3330000042915344,5690.0
2024-09-16 09:45:00+00:00,LWLG,2.6500000953674316,2.6500000953674316,2.6600000858306885,2.6500000953674316,2.6600000858306885,353.0
2024-09-16 09:45:00+00:00,MEOH,38.05500030517578,38.05500030517578,38.11000061035156,38.05500030517578,38.060001373291016,1638.0
2024-09-16 09:45:00+00:00,MERC,6.510000228881836,6.510000228881836,6.510000228881836,6.489999771118164,6.489999771118164,4414.0
2024-09-16 09:45:00+00:00,METC,10.119999885559082,10.119999885559082,10.119999885559082,10.119999885559082,10.119999885559082,154.0
2024-09-16 09:45:00+00:00,ORGN,1.5119999647140503,1.5119999647140503,1.5149999856948853,1.5119999647140503,1.5149999856948853,1402.0
2024-09-16 09:45:00+00:00,PAAS,21.520000457763672,21.520000457763672,21.540000915527344,21.490100860595703,21.5,18654.0
2024-09-16 09:45:00+00:00,PLL,7.1269001960754395,7.1269001960754395,7.1269001960754395,7.087600231170654,7.087600231170654,2218.0
2024-09-16 09:45:00+00:00,PPTA,9.130000114440918,9.130000114440918,9.130000114440918,9.09000015258789,9.09000015258789,6208.0
2024-09-16 09:45:00+00:00,RGLD,142.3000030517578,142.3000030517578,142.34500122070312,142.3000030517578,142.34500122070312,832.0
2024-09-16 09:45:00+00:00,SGML,10.350000381469727,10.350000381469727,10.350000381469727,10.34000015258789,10.34000015258789,498.0
2024-09-16 09:45:00+00:00,SSRM,5.900000095367432,5.900000095367432,5.900000095367432,5.900000095367432,5.900000095367432,731.0
2024-09-16 09:45:00+00:00,STLD,112.23500061035156,112.23500061035156,112.23500061035156,112.02999877929688,112.02999877929688,854.0
2024-09-16 09:45:00+00:00,TMC,0.9476000070571899,0.9476000070571899,0.9476000070571899,0.9476000070571899,0.9476000070571899,340.0
2024-09-16 09:45:00+00:00,UFPI,122.06500244140625,122.06500244140625,122.27999877929688,121.88999938964844,121.88999938964844,2452.0
2024-09-16 09:45:00+00:00,USAU,5.789899826049805,5.789899826049805,5.789899826049805,5.789899826049805,5.789899826049805,3455.0
2024-09-16 09:46:00+00:00,ALTO,1.524999976158142,1.524999976158142,1.524999976158142,1.524999976158142,1.524999976158142,395.0
2024-09-16 09:46:00+00:00,ASTL,10.369999885559082,10.369999885559082,10.378800392150879,10.369999885559082,10.378800392150879,14633.0
2024-09-16 09:46:00+00:00,CNEY,0.47450000047683716,0.47450000047683716,0.4848000109195709,0.46149998903274536,0.46149998903274536,32889.0
2024-09-16 09:46:00+00:00,CRKN,1.2999999523162842,1.2999999523162842,1.2999999523162842,1.2999999523162842,1.2999999523162842,3502.0
2024-09-16 09:46:00+00:00,GEVO,1.350000023841858,1.350000023841858,1.3600000143051147,1.350000023841858,1.3550000190734863,76488.0
2024-09-16 09:46:00+00:00,GPRE,12.640000343322754,12.640000343322754,12.640000343322754,12.640000343322754,12.640000343322754,229.0
2024-09-16 09:46:00+00:00,HYMC,2.600100040435791,2.600100040435791,2.600100040435791,2.600100040435791,2.600100040435791,1040.0
2024-09-16 09:46:00+00:00,LITM,0.3458999991416931,0.3458999991416931,0.3458999991416931,0.3458999991416931,0.3458999991416931,652.0
2024-09-16 09:46:00+00:00,LWLG,2.630000114440918,2.630000114440918,2.634999990463257,2.630000114440918,2.634999990463257,4048.0
2024-09-16 09:46:00+00:00,MEOH,38.04499816894531,38.04499816894531,38.06999969482422,38.04499816894531,38.06999969482422,513.0
2024-09-16 09:46:00+00:00,MERC,6.5,6.5,6.510000228881836,6.5,6.5,997.0
2024-09-16 09:46:00+00:00,ORGN,1.5199999809265137,1.5199999809265137,1.5199999809265137,1.5199999809265137,1.5199999809265137,500.0
2024-09-16 09:46:00+00:00,PAAS,21.530000686645508,21.530000686645508,21.540000915527344,21.515300750732422,21.515300750732422,18589.0
2024-09-16 09:46:00+00:00,PLL,7.130000114440918,7.130000114440918,7.130000114440918,7.130000114440918,7.130000114440918,238.0
2024-09-16 09:46:00+00:00,PPTA,9.079999923706055,9.079999923706055,9.100000381469727,9.069999694824219,9.079999923706055,1648.0
2024-09-16 09:46:00+00:00,RGLD,142.19000244140625,142.19000244140625,142.19000244140625,142.19000244140625,142.19000244140625,483.0
2024-09-16 09:46:00+00:00,SGML,10.359999656677246,10.359999656677246,10.359999656677246,10.359999656677246,10.359999656677246,770.0
2024-09-16 09:46:00+00:00,SSRM,5.90500020980835,5.90500020980835,5.9095001220703125,5.90500020980835,5.9095001220703125,1210.0
2024-09-16 09:46:00+00:00,STLD,112.26499938964844,112.26499938964844,112.26499938964844,112.25,112.25,747.0
2024-09-16 09:46:00+00:00,UFPI,121.91000366210938,121.91000366210938,121.91000366210938,121.91000366210938,121.91000366210938,106.0
2024-09-16 09:46:00+00:00,USAU,5.789899826049805,5.789899826049805,5.789899826049805,5.789899826049805,5.789899826049805,489.0
2024-09-16 09:47:00+00:00,ALTO,1.5299999713897705,1.5299999713897705,1.5299999713897705,1.5299999713897705,1.5299999713897705,5161.0
2024-09-16 09:47:00+00:00,AREC,0.49900001287460327,0.49900001287460327,0.49900001287460327,0.49900001287460327,0.49900001287460327,1295.0
2024-09-16 09:47:00+00:00,ASTL,10.329999923706055,10.329999923706055,10.359999656677246,10.329999923706055,10.359999656677246,1269.0
2024-09-16 09:47:00+00:00,CENX,13.869999885559082,13.869999885559082,13.869999885559082,13.84850025177002,13.84850025177002,2066.0
2024-09-16 09:47:00+00:00,CNEY,0.4650999903678894,0.4650999903678894,0.47130000591278076,0.4650000035762787,0.47130000591278076,16047.0
2024-09-16 09:47:00+00:00,CRKN,1.3200000524520874,1.3200000524520874,1.3200000524520874,1.3085999488830566,1.3085999488830566,304.0
2024-09-16 09:47:00+00:00,GEVO,1.3507000207901,1.3507000207901,1.3600000143051147,1.3450000286102295,1.350000023841858,63216.0
2024-09-16 09:47:00+00:00,GPRE,12.600000381469727,12.600000381469727,12.600000381469727,12.600000381469727,12.600000381469727,1384.0
2024-09-16 09:47:00+00:00,GSM,4.184999942779541,4.184999942779541,4.190000057220459,4.184999942779541,4.184999942779541,793.0
2024-09-16 09:47:00+00:00,HDSN,7.994999885559082,7.994999885559082,7.994999885559082,7.989999771118164,7.989999771118164,1035.0
2024-09-16 09:47:00+00:00,HYMC,2.630000114440918,2.630000114440918,2.630000114440918,2.609999895095825,2.609999895095825,1104.0
2024-09-16 09:47:00+00:00,MEOH,38.099998474121094,38.099998474121094,38.099998474121094,38.029998779296875,38.06999969482422,1669.0
2024-09-16 09:47:00+00:00,MERC,6.46999979019165,6.46999979019165,6.5,6.46999979019165,6.5,2423.0
2024-09-16 09:47:00+00:00,METC,10.100000381469727,10.100000381469727,10.100000381469727,10.100000381469727,10.100000381469727,11224.0
2024-09-16 09:47:00+00:00,ORGN,1.5199999809265137,1.5199999809265137,1.5199999809265137,1.5199999809265137,1.5199999809265137,1078.0
2024-09-16 09:47:00+00:00,PAAS,21.639999389648438,21.639999389648438,21.639999389648438,21.520000457763672,21.520000457763672,29760.0
2024-09-16 09:47:00+00:00,PLL,7.175000190734863,7.175000190734863,7.175000190734863,7.130000114440918,7.139999866485596,1979.0
2024-09-16 09:47:00+00:00,PPTA,9.039999961853027,9.039999961853027,9.085000038146973,9.039999961853027,9.050000190734863,3914.0
2024-09-16 09:47:00+00:00,RGLD,142.72500610351562,142.72500610351562,142.72500610351562,142.5050048828125,142.5050048828125,1589.0
2024-09-16 09:47:00+00:00,SGML,10.369999885559082,10.369999885559082,10.369999885559082,10.369999885559082,10.369999885559082,200.0
2024-09-16 09:47:00+00:00,SSRM,5.929999828338623,5.929999828338623,5.929999828338623,5.909999847412109,5.909999847412109,3743.0
2024-09-16 09:47:00+00:00,UFPI,122.06999969482422,122.06999969482422,122.06999969482422,122.06999969482422,122.06999969482422,514.0
2024-09-16 09:47:00+00:00,USAP,38.0,38.0,38.0,37.9900016784668,37.9900016784668,793.0
2024-09-16 09:47:00+00:00,ZEUS,38.380001068115234,38.380001068115234,38.380001068115234,38.380001068115234,38.380001068115234,609.0
2024-09-16 09:48:00+00:00,ALTO,1.5399999618530273,1.5399999618530273,1.5499999523162842,1.5399999618530273,1.5399999618530273,7717.0
2024-09-16 09:48:00+00:00,CENX,13.914999961853027,13.914999961853027,13.914999961853027,13.914999961853027,13.914999961853027,785.0
2024-09-16 09:48:00+00:00,GEVO,1.3650000095367432,1.3650000095367432,1.3700000047683716,1.350000023841858,1.3580000400543213,100579.0
2024-09-16 09:48:00+00:00,HYMC,2.6582999229431152,2.6582999229431152,2.6582999229431152,2.6582999229431152,2.6582999229431152,641.0
2024-09-16 09:48:00+00:00,KALU,69.76000213623047,69.76000213623047,69.76000213623047,69.76000213623047,69.76000213623047,589.0
2024-09-16 09:48:00+00:00,LWLG,2.630000114440918,2.630000114440918,2.640000104904175,2.630000114440918,2.630000114440918,742.0
2024-09-16 09:48:00+00:00,MEOH,38.09000015258789,38.09000015258789,38.09000015258789,38.064998626708984,38.064998626708984,1113.0
2024-09-16 09:48:00+00:00,PAAS,21.69499969482422,21.69499969482422,21.700000762939453,21.6299991607666,21.639999389648438,21563.0
2024-09-16 09:48:00+00:00,PLL,7.190000057220459,7.190000057220459,7.190000057220459,7.190000057220459,7.190000057220459,441.0
2024-09-16 09:48:00+00:00,RGLD,143.1898956298828,143.1898956298828,143.1898956298828,142.8699951171875,142.97999572753906,2546.0
2024-09-16 09:48:00+00:00,STLD,112.44000244140625,112.44000244140625,112.44000244140625,112.29000091552734,112.44000244140625,2776.0
2024-09-16 09:48:00+00:00,TMC,0.9452000260353088,0.9452000260353088,0.9452000260353088,0.9452000260353088,0.9452000260353088,520.0
2024-09-16 09:49:00+00:00,ALTO,1.5449999570846558,1.5449999570846558,1.5449999570846558,1.5449999570846558,1.5449999570846558,607.0
2024-09-16 09:49:00+00:00,ASTL,10.260000228881836,10.260000228881836,10.3100004196167,10.260000228881836,10.3100004196167,19590.0
2024-09-16 09:49:00+00:00,CENX,13.890000343322754,13.890000343322754,13.890000343322754,13.890000343322754,13.890000343322754,2531.0
2024-09-16 09:49:00+00:00,CNEY,0.4650999903678894,0.4650999903678894,0.47119998931884766,0.4650999903678894,0.47119998931884766,67881.0
2024-09-16 09:49:00+00:00,CRKN,1.3200000524520874,1.3200000524520874,1.3200000524520874,1.3200000524520874,1.3200000524520874,1810.0
2024-09-16 09:49:00+00:00,GEVO,1.3798999786376953,1.3798999786376953,1.3798999786376953,1.3600000143051147,1.3624999523162842,167012.0
2024-09-16 09:49:00+00:00,GPRE,12.670000076293945,12.670000076293945,12.670000076293945,12.640000343322754,12.649999618530273,991.0
2024-09-16 09:49:00+00:00,GSM,4.184999942779541,4.184999942779541,4.184999942779541,4.184999942779541,4.184999942779541,106.0
2024-09-16 09:49:00+00:00,HDSN,7.96999979019165,7.96999979019165,7.989999771118164,7.96999979019165,7.989999771118164,1218.0
2024-09-16 09:49:00+00:00,LWLG,2.630000114440918,2.630000114440918,2.630000114440918,2.630000114440918,2.630000114440918,552.0
2024-09-16 09:49:00+00:00,MEOH,38.165000915527344,38.165000915527344,38.165000915527344,38.150001525878906,38.150001525878906,592.0
2024-09-16 09:49:00+00:00,MERC,6.465000152587891,6.465000152587891,6.465000152587891,6.465000152587891,6.465000152587891,5656.0
2024-09-16 09:49:00+00:00,ORGN,1.5199999809265137,1.5199999809265137,1.5199999809265137,1.5199999809265137,1.5199999809265137,14061.0
2024-09-16 09:49:00+00:00,PAAS,21.735000610351562,21.735000610351562,21.739999771118164,21.700000762939453,21.700000762939453,18705.0
2024-09-16 09:49:00+00:00,PLL,7.230000019073486,7.230000019073486,7.230000019073486,7.230000019073486,7.230000019073486,2393.0
2024-09-16 09:49:00+00:00,RGLD,142.89999389648438,142.89999389648438,142.89999389648438,142.89999389648438,142.89999389648438,1556.0
2024-09-16 09:49:00+00:00,SGML,10.390000343322754,10.390000343322754,10.40999984741211,10.390000343322754,10.40999984741211,5610.0
2024-09-16 09:49:00+00:00,SSRM,5.940000057220459,5.940000057220459,5.940000057220459,5.934999942779541,5.934999942779541,3594.0
2024-09-16 09:49:00+00:00,STLD,112.5999984741211,112.5999984741211,112.625,112.44499969482422,112.44499969482422,1409.0
2024-09-16 09:49:00+00:00,TMC,0.9488000273704529,0.9488000273704529,0.9488000273704529,0.9488000273704529,0.9488000273704529,0.0
2024-09-16 09:49:00+00:00,UFPI,122.47000122070312,122.47000122070312,122.47000122070312,122.45999908447266,122.45999908447266,2177.0
2024-09-16 09:49:00+00:00,USAP,38.16999816894531,38.16999816894531,38.16999816894531,38.150001525878906,38.150001525878906,2018.0
2024-09-16 09:49:00+00:00,USLM,84.19750213623047,84.19750213623047,84.19750213623047,84.19750213623047,84.19750213623047,302.0
2024-09-16 09:50:00+00:00,ASTL,10.260000228881836,10.260000228881836,10.260000228881836,10.25,10.260000228881836,1514.0
2024-09-16 09:50:00+00:00,CENX,13.920000076293945,13.920000076293945,13.920000076293945,13.890000343322754,13.890000343322754,1898.0
2024-09-16 09:50:00+00:00,CNEY,0.421999990940094,0.421999990940094,0.47119998931884766,0.4101000130176544,0.4650999903678894,146179.0
2024-09-16 09:50:00+00:00,CRKN,1.3300000429153442,1.3300000429153442,1.3300000429153442,1.3300000429153442,1.3300000429153442,107.0
2024-09-16 09:50:00+00:00,GEVO,1.3650000095367432,1.3650000095367432,1.3799999952316284,1.350000023841858,1.3799999952316284,119000.0
2024-09-16 09:50:00+00:00,HDSN,7.96999979019165,7.96999979019165,7.96999979019165,7.96999979019165,7.96999979019165,666.0
2024-09-16 09:50:00+00:00,HUDI,2.0399999618530273,2.0399999618530273,2.0399999618530273,2.0399999618530273,2.0399999618530273,0.0
2024-09-16 09:50:00+00:00,HYMC,2.6600000858306885,2.6600000858306885,2.6600000858306885,2.6600000858306885,2.6600000858306885,432.0
2024-09-16 09:50:00+00:00,IOSP,109.48999786376953,109.48999786376953,109.48999786376953,109.48999786376953,109.48999786376953,1472.0
2024-09-16 09:50:00+00:00,KALU,68.83000183105469,68.83000183105469,68.83000183105469,68.83000183105469,68.83000183105469,2743.0
2024-09-16 09:50:00+00:00,LITM,0.3384999930858612,0.3384999930858612,0.3384999930858612,0.3330000042915344,0.33399999141693115,11433.0
2024-09-16 09:50:00+00:00,LWLG,2.634999990463257,2.634999990463257,2.634999990463257,2.634999990463257,2.634999990463257,1082.0
2024-09-16 09:50:00+00:00,MEOH,38.13999938964844,38.13999938964844,38.150001525878906,38.13999938964844,38.150001525878906,1068.0
2024-09-16 09:50:00+00:00,MERC,6.449999809265137,6.449999809265137,6.480000019073486,6.449999809265137,6.465000152587891,5117.0
2024-09-16 09:50:00+00:00,ORGN,1.500499963760376,1.500499963760376,1.5149999856948853,1.5,1.5149999856948853,23083.0
2024-09-16 09:50:00+00:00,PAAS,21.71500015258789,21.71500015258789,21.73979949951172,21.700000762939453,21.73900032043457,13025.0
2024-09-16 09:50:00+00:00,PPTA,9.114999771118164,9.114999771118164,9.130000114440918,9.019499778747559,9.019499778747559,8490.0
2024-09-16 09:50:00+00:00,RGLD,143.03500366210938,143.03500366210938,143.03500366210938,143.0050048828125,143.0050048828125,913.0
2024-09-16 09:50:00+00:00,SSRM,5.945000171661377,5.945000171661377,5.945000171661377,5.939899921417236,5.940000057220459,11306.0
2024-09-16 09:50:00+00:00,STLD,112.80500030517578,112.80500030517578,112.80500030517578,112.58999633789062,112.58999633789062,536.0
2024-09-16 09:50:00+00:00,TMC,0.945900022983551,0.945900022983551,0.945900022983551,0.945900022983551,0.945900022983551,6000.0
2024-09-16 09:50:00+00:00,ZEUS,38.540000915527344,38.540000915527344,38.540000915527344,38.47999954223633,38.47999954223633,2404.0
2024-09-16 09:51:00+00:00,ALTO,1.5499999523162842,1.5499999523162842,1.5499999523162842,1.548699975013733,1.548699975013733,4815.0
2024-09-16 09:51:00+00:00,CENX,13.949999809265137,13.949999809265137,13.949999809265137,13.890000343322754,13.90999984741211,1890.0
2024-09-16 09:51:00+00:00,CNEY,0.42879998683929443,0.42879998683929443,0.4359000027179718,0.4099999964237213,0.4221000075340271,43520.0
2024-09-16 09:51:00+00:00,GEVO,1.378999948501587,1.378999948501587,1.378999948501587,1.3600000143051147,1.3650000095367432,101700.0
2024-09-16 09:51:00+00:00,GPRE,12.609999656677246,12.609999656677246,12.65999984741211,12.600000381469727,12.65999984741211,6740.0
2024-09-16 09:51:00+00:00,HWKN,119.54499816894531,119.54499816894531,119.54499816894531,119.54499816894531,119.54499816894531,542.0
2024-09-16 09:51:00+00:00,IOSP,109.8499984741211,109.8499984741211,109.8499984741211,109.83999633789062,109.83999633789062,712.0
2024-09-16 09:51:00+00:00,MEOH,38.150001525878906,38.150001525878906,38.150001525878906,38.060001373291016,38.060001373291016,3061.0
2024-09-16 09:51:00+00:00,MERC,6.465000152587891,6.465000152587891,6.465000152587891,6.460000038146973,6.460000038146973,1355.0
2024-09-16 09:51:00+00:00,METC,10.140000343322754,10.140000343322754,10.140000343322754,10.119999885559082,10.119999885559082,5367.0
2024-09-16 09:51:00+00:00,ORGN,1.5097999572753906,1.5097999572753906,1.5097999572753906,1.499899983406067,1.5,11586.0
2024-09-16 09:51:00+00:00,PAAS,21.719999313354492,21.719999313354492,21.719999313354492,21.670000076293945,21.71500015258789,12462.0
2024-09-16 09:51:00+00:00,PPTA,9.154399871826172,9.154399871826172,9.159000396728516,9.154399871826172,9.159000396728516,433.0
2024-09-16 09:51:00+00:00,SSRM,5.940000057220459,5.940000057220459,5.945000171661377,5.939499855041504,5.945000171661377,3033.0
2024-09-16 09:51:00+00:00,STLD,112.6500015258789,112.6500015258789,112.6500015258789,112.6500015258789,112.6500015258789,628.0
2024-09-16 09:51:00+00:00,TMC,0.9463000297546387,0.9463000297546387,0.9463000297546387,0.9463000297546387,0.9463000297546387,0.0
2024-09-16 09:51:00+00:00,USAU,5.789899826049805,5.789899826049805,5.789899826049805,5.789899826049805,5.789899826049805,340.0
2024-09-16 09:52:00+00:00,ALTO,1.5549999475479126,1.5549999475479126,1.5570000410079956,1.5549999475479126,1.5570000410079956,805.0
2024-09-16 09:52:00+00:00,ASTL,10.289999961853027,10.289999961853027,10.289999961853027,10.260000228881836,10.260000228881836,7212.0
2024-09-16 09:52:00+00:00,CENX,14.029999732971191,14.029999732971191,14.029999732971191,14.0,14.0,3276.0
2024-09-16 09:52:00+00:00,CNEY,0.42489999532699585,0.42489999532699585,0.42489999532699585,0.4194999933242798,0.4194999933242798,11336.0
2024-09-16 09:52:00+00:00,CRKN,1.3301000595092773,1.3301000595092773,1.3301000595092773,1.3300000429153442,1.3300000429153442,1469.0
2024-09-16 09:52:00+00:00,GEVO,1.3680000305175781,1.3680000305175781,1.3799999952316284,1.3600000143051147,1.3798999786376953,108296.0
2024-09-16 09:52:00+00:00,GPRE,12.630000114440918,12.630000114440918,12.630000114440918,12.630000114440918,12.630000114440918,718.0
2024-09-16 09:52:00+00:00,GSM,4.195000171661377,4.195000171661377,4.195000171661377,4.184999942779541,4.184999942779541,873.0
2024-09-16 09:52:00+00:00,HWKN,119.54499816894531,119.54499816894531,119.54499816894531,119.54499816894531,119.54499816894531,996.0
2024-09-16 09:52:00+00:00,IOSP,110.02999877929688,110.02999877929688,110.02999877929688,110.02999877929688,110.02999877929688,514.0
2024-09-16 09:52:00+00:00,LITM,0.32179999351501465,0.32179999351501465,0.337799996137619,0.32179999351501465,0.3377000093460083,23796.0
2024-09-16 09:52:00+00:00,LWLG,2.6600000858306885,2.6600000858306885,2.6600000858306885,2.634999990463257,2.634999990463257,8247.0
2024-09-16 09:52:00+00:00,MEOH,38.220001220703125,38.220001220703125,38.220001220703125,38.13999938964844,38.150001525878906,981.0
2024-09-16 09:52:00+00:00,MERC,6.480000019073486,6.480000019073486,6.489999771118164,6.46999979019165,6.480000019073486,4689.0
2024-09-16 09:52:00+00:00,ORGN,1.5198999643325806,1.5198999643325806,1.5198999643325806,1.5099999904632568,1.5099999904632568,6110.0
2024-09-16 09:52:00+00:00,PAAS,21.731399536132812,21.731399536132812,21.739999771118164,21.709999084472656,21.729999542236328,10105.0
2024-09-16 09:52:00+00:00,PLL,7.210000038146973,7.210000038146973,7.210000038146973,7.210000038146973,7.210000038146973,403.0
2024-09-16 09:52:00+00:00,PPTA,9.119999885559082,9.119999885559082,9.149999618530273,9.119999885559082,9.149999618530273,3398.0
2024-09-16 09:52:00+00:00,RGLD,143.0,143.0,143.1300048828125,142.9550018310547,143.02679443359375,3958.0
2024-09-16 09:52:00+00:00,SEED,2.690000057220459,2.690000057220459,2.690000057220459,2.690000057220459,2.690000057220459,289.0
2024-09-16 09:52:00+00:00,SGML,10.430000305175781,10.430000305175781,10.430000305175781,10.430000305175781,10.430000305175781,1049.0
2024-09-16 09:52:00+00:00,SSRM,5.940000057220459,5.940000057220459,5.940000057220459,5.939499855041504,5.940000057220459,705.0
2024-09-16 09:52:00+00:00,STLD,113.0199966430664,113.0199966430664,113.0199966430664,112.48999786376953,112.48999786376953,3702.0
2024-09-16 09:52:00+00:00,USLM,84.96869659423828,84.96869659423828,84.96869659423828,84.96869659423828,84.96869659423828,979.0
2024-09-16 09:53:00+00:00,ALTO,1.5599000453948975,1.5599000453948975,1.5599000453948975,1.5549999475479126,1.5549999475479126,2287.0
2024-09-16 09:53:00+00:00,ASTL,10.319999694824219,10.319999694824219,10.319999694824219,10.300000190734863,10.3100004196167,1451.0
2024-09-16 09:53:00+00:00,CENX,14.069999694824219,14.069999694824219,14.09000015258789,14.069999694824219,14.074999809265137,2658.0
2024-09-16 09:53:00+00:00,CNEY,0.4077000021934509,0.4077000021934509,0.423799991607666,0.4002000093460083,0.4221999943256378,47381.0
2024-09-16 09:53:00+00:00,GEVO,1.3600000143051147,1.3600000143051147,1.3799999952316284,1.3600000143051147,1.3609999418258667,106210.0
2024-09-16 09:53:00+00:00,HYMC,2.681999921798706,2.681999921798706,2.690000057220459,2.681999921798706,2.690000057220459,1835.0
2024-09-16 09:53:00+00:00,KALU,69.66000366210938,69.66000366210938,69.8499984741211,69.54499816894531,69.8499984741211,2109.0
2024-09-16 09:53:00+00:00,LWLG,2.654900074005127,2.654900074005127,2.654900074005127,2.654900074005127,2.654900074005127,201.0
2024-09-16 09:53:00+00:00,METC,10.140000343322754,10.140000343322754,10.1899995803833,10.140000343322754,10.1899995803833,3822.0
2024-09-16 09:53:00+00:00,ORGN,1.5149999856948853,1.5149999856948853,1.5149999856948853,1.5149999856948853,1.5149999856948853,144.0
2024-09-16 09:53:00+00:00,PAAS,21.700000762939453,21.700000762939453,21.75,21.690000534057617,21.739999771118164,28530.0
2024-09-16 09:53:00+00:00,PLL,7.230000019073486,7.230000019073486,7.230000019073486,7.21999979019165,7.21999979019165,939.0
2024-09-16 09:53:00+00:00,PPTA,9.109999656677246,9.109999656677246,9.149999618530273,9.069999694824219,9.100000381469727,6335.0
2024-09-16 09:53:00+00:00,RGLD,142.60000610351562,142.60000610351562,143.00999450683594,142.60000610351562,142.99000549316406,3932.0
2024-09-16 09:53:00+00:00,SSRM,5.939799785614014,5.939799785614014,5.940000057220459,5.934999942779541,5.940000057220459,2247.0
2024-09-16 09:53:00+00:00,STLD,113.06999969482422,113.06999969482422,113.06999969482422,113.06999969482422,113.06999969482422,1533.0
2024-09-16 09:54:00+00:00,ALTO,1.5506000518798828,1.5506000518798828,1.5506000518798828,1.5506000518798828,1.5506000518798828,0.0
2024-09-16 09:54:00+00:00,CENX,14.099499702453613,14.099499702453613,14.099499702453613,14.072099685668945,14.072099685668945,2145.0
2024-09-16 09:54:00+00:00,CNEY,0.4180000126361847,0.4180000126361847,0.4189999997615814,0.4075999855995178,0.4172999858856201,16998.0
2024-09-16 09:54:00+00:00,CRKN,1.330199956893921,1.330199956893921,1.330199956893921,1.330199956893921,1.330199956893921,163.0
2024-09-16 09:54:00+00:00,ELBM,0.6324999928474426,0.6324999928474426,0.6324999928474426,0.6324999928474426,0.6324999928474426,8180.0
2024-09-16 09:54:00+00:00,GEVO,1.340000033378601,1.340000033378601,1.3700000047683716,1.3300000429153442,1.3650000095367432,218728.0
2024-09-16 09:54:00+00:00,GPRE,12.699999809265137,12.699999809265137,12.720000267028809,12.6899995803833,12.698599815368652,7420.0
2024-09-16 09:54:00+00:00,HYMC,2.664900064468384,2.664900064468384,2.664900064468384,2.664900064468384,2.664900064468384,1376.0
2024-09-16 09:54:00+00:00,LITM,0.3249000012874603,0.3249000012874603,0.3249000012874603,0.3199999928474426,0.3222000002861023,4076.0
2024-09-16 09:54:00+00:00,MEOH,38.33000183105469,38.33000183105469,38.33000183105469,38.27000045776367,38.27000045776367,1339.0
2024-09-16 09:54:00+00:00,MERC,6.480000019073486,6.480000019073486,6.480000019073486,6.480000019073486,6.480000019073486,903.0
2024-09-16 09:54:00+00:00,METC,10.149999618530273,10.149999618530273,10.15999984741211,10.149999618530273,10.149999618530273,1407.0
2024-09-16 09:54:00+00:00,PAAS,21.709999084472656,21.709999084472656,21.725000381469727,21.704200744628906,21.709999084472656,9068.0
2024-09-16 09:54:00+00:00,PLL,7.21999979019165,7.21999979019165,7.21999979019165,7.21999979019165,7.21999979019165,1684.0
2024-09-16 09:54:00+00:00,PPTA,9.095000267028809,9.095000267028809,9.109999656677246,9.069999694824219,9.069999694824219,1342.0
2024-09-16 09:54:00+00:00,SGML,10.454999923706055,10.454999923706055,10.454999923706055,10.454999923706055,10.454999923706055,320.0
2024-09-16 09:54:00+00:00,SSRM,5.934999942779541,5.934999942779541,5.934999942779541,5.934999942779541,5.934999942779541,279.0
2024-09-16 09:54:00+00:00,USAU,5.781599998474121,5.781599998474121,5.781599998474121,5.7494001388549805,5.7494001388549805,1100.0
2024-09-16 09:55:00+00:00,ASTL,10.25,10.25,10.305000305175781,10.25,10.305000305175781,9361.0
2024-09-16 09:55:00+00:00,CENX,14.050000190734863,14.050000190734863,14.069999694824219,14.050000190734863,14.069999694824219,370.0
2024-09-16 09:55:00+00:00,CNEY,0.42590001225471497,0.42590001225471497,0.42980000376701355,0.4180000126361847,0.4189999997615814,16983.0
2024-09-16 09:55:00+00:00,GEVO,1.3550000190734863,1.3550000190734863,1.3600000143051147,1.340000033378601,1.3424999713897705,57220.0
2024-09-16 09:55:00+00:00,GPRE,12.6899995803833,12.6899995803833,12.6899995803833,12.6899995803833,12.6899995803833,469.0
2024-09-16 09:55:00+00:00,HYMC,2.6712000370025635,2.6712000370025635,2.6712000370025635,2.6712000370025635,2.6712000370025635,428.0
2024-09-16 09:55:00+00:00,LITM,0.3294999897480011,0.3294999897480011,0.3294999897480011,0.3294999897480011,0.3294999897480011,5170.0
2024-09-16 09:55:00+00:00,LWLG,2.6549999713897705,2.6549999713897705,2.6549999713897705,2.6500000953674316,2.6500000953674316,2381.0
2024-09-16 09:55:00+00:00,MERC,6.489999771118164,6.489999771118164,6.489999771118164,6.474999904632568,6.480000019073486,29046.0
2024-09-16 09:55:00+00:00,PAAS,21.729999542236328,21.729999542236328,21.729999542236328,21.704999923706055,21.704999923706055,5122.0
2024-09-16 09:55:00+00:00,PLL,7.21999979019165,7.21999979019165,7.21999979019165,7.210000038146973,7.210000038146973,1558.0
2024-09-16 09:55:00+00:00,PPTA,9.130000114440918,9.130000114440918,9.130000114440918,9.130000114440918,9.130000114440918,2030.0
2024-09-16 09:55:00+00:00,SGML,10.460000038146973,10.460000038146973,10.460000038146973,10.404999732971191,10.454999923706055,6246.0
2024-09-16 09:55:00+00:00,SSRM,5.934999942779541,5.934999942779541,5.934999942779541,5.932499885559082,5.932499885559082,562.0
2024-09-16 09:55:00+00:00,STLD,113.08999633789062,113.08999633789062,113.1500015258789,113.08000183105469,113.08000183105469,1638.0
2024-09-16 09:55:00+00:00,USAU,5.7683000564575195,5.7683000564575195,5.800000190734863,5.760000228881836,5.789999961853027,2484.0
2024-09-16 09:55:00+00:00,ZEUS,38.439998626708984,38.439998626708984,38.439998626708984,38.439998626708984,38.439998626708984,1530.0
2024-09-16 09:56:00+00:00,ALTO,1.5549999475479126,1.5549999475479126,1.559999942779541,1.5514999628067017,1.5570000410079956,2610.0
2024-09-16 09:56:00+00:00,ASTL,10.239999771118164,10.239999771118164,10.25,10.239999771118164,10.241000175476074,2113.0
2024-09-16 09:56:00+00:00,CENX,14.079999923706055,14.079999923706055,14.079999923706055,14.050000190734863,14.050000190734863,2373.0
2024-09-16 09:56:00+00:00,CNEY,0.42500001192092896,0.42500001192092896,0.42500001192092896,0.42489999532699585,0.42489999532699585,758.0
2024-09-16 09:56:00+00:00,GEVO,1.3698999881744385,1.3698999881744385,1.3700000047683716,1.350100040435791,1.3598999977111816,52672.0
2024-09-16 09:56:00+00:00,HDSN,7.960000038146973,7.960000038146973,7.96999979019165,7.960000038146973,7.96999979019165,609.0
2024-09-16 09:56:00+00:00,LITM,0.3294999897480011,0.3294999897480011,0.3294999897480011,0.32499998807907104,0.32499998807907104,4199.0
2024-09-16 09:56:00+00:00,MERC,6.5,6.5,6.5,6.494999885559082,6.494999885559082,1780.0
2024-09-16 09:56:00+00:00,ORGN,1.524999976158142,1.524999976158142,1.524999976158142,1.5149999856948853,1.519700050354004,20204.0
2024-09-16 09:56:00+00:00,PAAS,21.69499969482422,21.69499969482422,21.719999313354492,21.68000030517578,21.719999313354492,11463.0
2024-09-16 09:56:00+00:00,PLL,7.230000019073486,7.230000019073486,7.235000133514404,7.230000019073486,7.235000133514404,345.0
2024-09-16 09:56:00+00:00,PPTA,9.109999656677246,9.109999656677246,9.130000114440918,9.09000015258789,9.130000114440918,3205.0
2024-09-16 09:56:00+00:00,RGLD,142.8699951171875,142.8699951171875,142.8699951171875,142.8699951171875,142.8699951171875,381.0
2024-09-16 09:56:00+00:00,SSRM,5.934999942779541,5.934999942779541,5.938000202178955,5.920000076293945,5.934999942779541,17558.0
2024-09-16 09:56:00+00:00,TMC,0.949999988079071,0.949999988079071,0.949999988079071,0.949999988079071,0.949999988079071,200.0
2024-09-16 09:56:00+00:00,USAU,5.809999942779541,5.809999942779541,5.809999942779541,5.809999942779541,5.809999942779541,1134.0
2024-09-16 09:57:00+00:00,ALTO,1.565000057220459,1.565000057220459,1.565000057220459,1.559999942779541,1.559999942779541,1523.0
2024-09-16 09:57:00+00:00,ASTL,10.239999771118164,10.239999771118164,10.239999771118164,10.239999771118164,10.239999771118164,22.0
2024-09-16 09:57:00+00:00,CENX,14.06779956817627,14.06779956817627,14.069999694824219,14.050000190734863,14.0649995803833,737.0
2024-09-16 09:57:00+00:00,CNEY,0.41200000047683716,0.41200000047683716,0.42480000853538513,0.4106000065803528,0.42480000853538513,7393.0
2024-09-16 09:57:00+00:00,GEVO,1.378999948501587,1.378999948501587,1.3799999952316284,1.3600000143051147,1.3650000095367432,101250.0
2024-09-16 09:57:00+00:00,HDSN,7.960000038146973,7.960000038146973,7.960000038146973,7.960000038146973,7.960000038146973,786.0
2024-09-16 09:57:00+00:00,LITM,0.3294999897480011,0.3294999897480011,0.3294999897480011,0.3294999897480011,0.3294999897480011,803.0
2024-09-16 09:57:00+00:00,MERC,6.494999885559082,6.494999885559082,6.494999885559082,6.494999885559082,6.494999885559082,404.0
2024-09-16 09:57:00+00:00,METC,10.170000076293945,10.170000076293945,10.170000076293945,10.170000076293945,10.170000076293945,223.0
2024-09-16 09:57:00+00:00,ORGN,1.5049999952316284,1.5049999952316284,1.5199999809265137,1.4950000047683716,1.5199999809265137,8591.0
2024-09-16 09:57:00+00:00,PAAS,21.69499969482422,21.69499969482422,21.69499969482422,21.684999465942383,21.690000534057617,5850.0
2024-09-16 09:57:00+00:00,PLL,7.239999771118164,7.239999771118164,7.239999771118164,7.230000019073486,7.230000019073486,1011.0
2024-09-16 09:57:00+00:00,PPTA,9.114999771118164,9.114999771118164,9.140000343322754,9.09000015258789,9.119999885559082,6861.0
2024-09-16 09:57:00+00:00,SGML,10.430000305175781,10.430000305175781,10.430000305175781,10.430000305175781,10.430000305175781,202.0
2024-09-16 09:57:00+00:00,STLD,113.0999984741211,113.0999984741211,113.0999984741211,113.03099822998047,113.03099822998047,1261.0
2024-09-16 09:57:00+00:00,TMC,0.9498000144958496,0.9498000144958496,0.949999988079071,0.9498000144958496,0.949999988079071,267.0
2024-09-16 09:58:00+00:00,ASTL,10.270000457763672,10.270000457763672,10.270000457763672,10.25,10.25,4677.0
2024-09-16 09:58:00+00:00,CENX,14.029999732971191,14.029999732971191,14.0600004196167,14.029999732971191,14.0600004196167,2210.0
2024-09-16 09:58:00+00:00,CNEY,0.4278999865055084,0.4278999865055084,0.4278999865055084,0.41990000009536743,0.41990000009536743,14204.0
2024-09-16 09:58:00+00:00,GEVO,1.399999976158142,1.399999976158142,1.399999976158142,1.3700000047683716,1.3700000047683716,245256.0
2024-09-16 09:58:00+00:00,GPRE,12.739999771118164,12.739999771118164,12.739999771118164,12.739999771118164,12.739999771118164,442.0
2024-09-16 09:58:00+00:00,GSM,4.207499980926514,4.207499980926514,4.207499980926514,4.200099945068359,4.204999923706055,1287.0
2024-09-16 09:58:00+00:00,KALU,69.81500244140625,69.81500244140625,69.81500244140625,69.81500244140625,69.81500244140625,1421.0
2024-09-16 09:58:00+00:00,LITM,0.34599998593330383,0.34599998593330383,0.34599998593330383,0.34599998593330383,0.34599998593330383,401.0
2024-09-16 09:58:00+00:00,MEOH,38.3849983215332,38.3849983215332,38.3849983215332,38.3849983215332,38.3849983215332,194.0
2024-09-16 09:58:00+00:00,MERC,6.550000190734863,6.550000190734863,6.550000190734863,6.5,6.5,3744.0
2024-09-16 09:58:00+00:00,METC,10.15999984741211,10.15999984741211,10.1899995803833,10.15999984741211,10.170000076293945,1361.0
2024-09-16 09:58:00+00:00,ORGN,1.5192999839782715,1.5192999839782715,1.5192999839782715,1.5099999904632568,1.5099999904632568,10013.0
2024-09-16 09:58:00+00:00,PAAS,21.719999313354492,21.719999313354492,21.729999542236328,21.684999465942383,21.69499969482422,8127.0
2024-09-16 09:58:00+00:00,SGML,10.420000076293945,10.420000076293945,10.420000076293945,10.420000076293945,10.420000076293945,126.0
2024-09-16 09:58:00+00:00,SSRM,5.940000057220459,5.940000057220459,5.940000057220459,5.929999828338623,5.934999942779541,1487.0
2024-09-16 09:58:00+00:00,STLD,112.94999694824219,112.94999694824219,113.04000091552734,112.93000030517578,113.04000091552734,2128.0
2024-09-16 09:58:00+00:00,TMC,0.9480999708175659,0.9480999708175659,0.949999988079071,0.9480999708175659,0.949999988079071,515.0
2024-09-16 09:58:00+00:00,UFPI,122.29000091552734,122.29000091552734,122.29000091552734,122.29000091552734,122.29000091552734,1173.0
2024-09-16 09:58:00+00:00,ZEUS,38.68000030517578,38.68000030517578,38.68000030517578,38.63999938964844,38.63999938964844,252.0
2024-09-16 09:59:00+00:00,ALTO,1.565000057220459,1.565000057220459,1.5694999694824219,1.565000057220459,1.5694999694824219,2200.0
2024-09-16 09:59:00+00:00,ASTL,10.289999961853027,10.289999961853027,10.289999961853027,10.289999961853027,10.289999961853027,463.0
2024-09-16 09:59:00+00:00,BIOX,8.614999771118164,8.614999771118164,8.614999771118164,8.614999771118164,8.614999771118164,170.0
2024-09-16 09:59:00+00:00,CENX,14.052900314331055,14.052900314331055,14.0600004196167,14.020299911499023,14.020299911499023,2932.0
2024-09-16 09:59:00+00:00,CNEY,0.4293999969959259,0.4293999969959259,0.42980000376701355,0.4196000099182129,0.423799991607666,41778.0
2024-09-16 09:59:00+00:00,CRKN,1.330199956893921,1.330199956893921,1.330199956893921,1.330199956893921,1.330199956893921,122.0
2024-09-16 09:59:00+00:00,ELBM,0.6151000261306763,0.6151000261306763,0.6151000261306763,0.6151000261306763,0.6151000261306763,2693.0
2024-09-16 09:59:00+00:00,FEAM,0.5304999947547913,0.5304999947547913,0.5304999947547913,0.5303999781608582,0.5304999947547913,14000.0
2024-09-16 09:59:00+00:00,GEVO,1.410599946975708,1.410599946975708,1.4199999570846558,1.3899999856948853,1.3899999856948853,293754.0
2024-09-16 09:59:00+00:00,GPRE,12.75,12.75,12.75,12.75,12.75,256.0
2024-09-16 09:59:00+00:00,GSM,4.224999904632568,4.224999904632568,4.224999904632568,4.21999979019165,4.21999979019165,1726.0
2024-09-16 09:59:00+00:00,HWKN,119.13999938964844,119.13999938964844,119.13999938964844,119.13999938964844,119.13999938964844,505.0
2024-09-16 09:59:00+00:00,HYMC,2.6798999309539795,2.6798999309539795,2.6798999309539795,2.6791999340057373,2.679800033569336,2778.0
2024-09-16 09:59:00+00:00,MEOH,38.459999084472656,38.459999084472656,38.459999084472656,38.35110092163086,38.35110092163086,1441.0
2024-09-16 09:59:00+00:00,MERC,6.550000190734863,6.550000190734863,6.550000190734863,6.539999961853027,6.550000190734863,2684.0
2024-09-16 09:59:00+00:00,METC,10.180000305175781,10.180000305175781,10.1899995803833,10.149999618530273,10.149999618530273,5554.0
2024-09-16 09:59:00+00:00,ORGN,1.5099999904632568,1.5099999904632568,1.5199999809265137,1.5099999904632568,1.5198999643325806,26557.0
2024-09-16 09:59:00+00:00,PAAS,21.719999313354492,21.719999313354492,21.735000610351562,21.719999313354492,21.729999542236328,4170.0
2024-09-16 09:59:00+00:00,PLL,7.239999771118164,7.239999771118164,7.249899864196777,7.239999771118164,7.249899864196777,1115.0
2024-09-16 09:59:00+00:00,RGLD,142.8699951171875,142.8699951171875,142.8800048828125,142.8699951171875,142.8800048828125,2546.0
2024-09-16 09:59:00+00:00,SGML,10.430000305175781,10.430000305175781,10.430000305175781,10.430000305175781,10.430000305175781,300.0
2024-09-16 09:59:00+00:00,SSRM,5.929999828338623,5.929999828338623,5.934999942779541,5.929999828338623,5.934999942779541,897.0
2024-09-16 09:59:00+00:00,STLD,113.0,113.0,113.0,113.0,113.0,413.0
2024-09-16 09:59:00+00:00,TMC,0.949999988079071,0.949999988079071,0.949999988079071,0.949999988079071,0.949999988079071,316.0
2024-09-16 09:59:00+00:00,ZEUS,38.790000915527344,38.790000915527344,38.88999938964844,38.779998779296875,38.779998779296875,1405.0
2024-09-16 10:00:00+00:00,ALTO,1.5800000429153442,1.5800000429153442,1.5800000429153442,1.565000057220459,1.5700000524520874,59154.0
2024-09-16 10:00:00+00:00,ASTL,10.3149995803833,10.3149995803833,10.3149995803833,10.300000190734863,10.300000190734863,1220.0
2024-09-16 10:00:00+00:00,CENX,14.0600004196167,14.0600004196167,14.09000015258789,14.059000015258789,14.069999694824219,4185.0
2024-09-16 10:00:00+00:00,CNEY,0.42899999022483826,0.42899999022483826,0.42980000376701355,0.42899999022483826,0.42899999022483826,32880.0
2024-09-16 10:00:00+00:00,CRKN,1.350000023841858,1.350000023841858,1.350000023841858,1.350000023841858,1.350000023841858,200.0
2024-09-16 10:00:00+00:00,GEVO,1.3899999856948853,1.3899999856948853,1.4199999570846558,1.3849999904632568,1.4149999618530273,171661.0
2024-09-16 10:00:00+00:00,GPRE,12.739999771118164,12.739999771118164,12.75,12.739999771118164,12.75,1145.0
2024-09-16 10:00:00+00:00,GSM,4.215000152587891,4.215000152587891,4.215000152587891,4.215000152587891,4.215000152587891,338.0
2024-09-16 10:00:00+00:00,HDSN,7.96999979019165,7.96999979019165,7.96999979019165,7.96999979019165,7.96999979019165,176.0
2024-09-16 10:00:00+00:00,HWKN,119.5,119.5,119.56999969482422,119.5,119.56999969482422,294.0
2024-09-16 10:00:00+00:00,IOSP,110.41000366210938,110.41000366210938,110.41000366210938,110.4000015258789,110.4000015258789,779.0
2024-09-16 10:00:00+00:00,LWLG,2.6649999618530273,2.6649999618530273,2.6649999618530273,2.6600000858306885,2.6600000858306885,765.0
2024-09-16 10:00:00+00:00,MEOH,38.400001525878906,38.400001525878906,38.400001525878906,38.400001525878906,38.400001525878906,457.0
2024-09-16 10:00:00+00:00,MERC,6.565000057220459,6.565000057220459,6.570000171661377,6.554999828338623,6.554999828338623,780.0
2024-09-16 10:00:00+00:00,METC,10.15999984741211,10.15999984741211,10.170000076293945,10.15999984741211,10.170000076293945,2380.0
2024-09-16 10:00:00+00:00,ORGN,1.5199999809265137,1.5199999809265137,1.5199999809265137,1.5190999507904053,1.5190999507904053,7243.0
2024-09-16 10:00:00+00:00,PAAS,21.65999984741211,21.65999984741211,21.719999313354492,21.649999618530273,21.719999313354492,20579.0
2024-09-16 10:00:00+00:00,PLL,7.199999809265137,7.199999809265137,7.260000228881836,7.199999809265137,7.260000228881836,4008.0
2024-09-16 10:00:00+00:00,PPTA,9.220000267028809,9.220000267028809,9.220000267028809,9.170000076293945,9.170000076293945,1720.0
2024-09-16 10:00:00+00:00,SGML,10.425000190734863,10.425000190734863,10.425000190734863,10.425000190734863,10.425000190734863,222.0
2024-09-16 10:00:00+00:00,SSRM,5.900000095367432,5.900000095367432,5.925000190734863,5.900000095367432,5.920100212097168,5787.0
2024-09-16 10:00:00+00:00,STLD,113.07250213623047,113.07250213623047,113.23999786376953,113.00499725341797,113.00499725341797,3305.0
2024-09-16 10:00:00+00:00,UFPI,122.83000183105469,122.83000183105469,122.83000183105469,122.83000183105469,122.83000183105469,479.0
2024-09-16 10:00:00+00:00,ZEUS,38.70000076293945,38.70000076293945,38.810001373291016,38.70000076293945,38.810001373291016,434.0
2024-09-16 10:01:00+00:00,ALTO,1.5714999437332153,1.5714999437332153,1.5750000476837158,1.5714999437332153,1.5750000476837158,2119.0
2024-09-16 10:01:00+00:00,AREC,0.4999000132083893,0.4999000132083893,0.4999000132083893,0.4999000132083893,0.4999000132083893,1100.0
2024-09-16 10:01:00+00:00,ASTL,10.279999732971191,10.279999732971191,10.300000190734863,10.279999732971191,10.300000190734863,1035.0
2024-09-16 10:01:00+00:00,CENX,14.050000190734863,14.050000190734863,14.069999694824219,14.050000190734863,14.069999694824219,11147.0
2024-09-16 10:01:00+00:00,CNEY,0.42419999837875366,0.42419999837875366,0.42419999837875366,0.42419999837875366,0.42419999837875366,169.0
2024-09-16 10:01:00+00:00,CRKN,1.3442000150680542,1.3442000150680542,1.3442000150680542,1.340000033378601,1.340000033378601,333.0
2024-09-16 10:01:00+00:00,GEVO,1.399899959564209,1.399899959564209,1.409999966621399,1.3799999952316284,1.3849999904632568,136334.0
2024-09-16 10:01:00+00:00,GPRE,12.75,12.75,12.75,12.710000038146973,12.710000038146973,459.0
2024-09-16 10:01:00+00:00,GSM,4.215000152587891,4.215000152587891,4.215000152587891,4.215000152587891,4.215000152587891,332.0
2024-09-16 10:01:00+00:00,HDSN,7.960000038146973,7.960000038146973,7.960000038146973,7.960000038146973,7.960000038146973,639.0
2024-09-16 10:01:00+00:00,LITM,0.34389999508857727,0.34389999508857727,0.34389999508857727,0.34380000829696655,0.34380000829696655,3585.0
2024-09-16 10:01:00+00:00,LWLG,2.6549999713897705,2.6549999713897705,2.6600000858306885,2.6549999713897705,2.6600000858306885,2657.0
2024-09-16 10:01:00+00:00,MEOH,38.44499969482422,38.44499969482422,38.44499969482422,38.400001525878906,38.400001525878906,715.0
2024-09-16 10:01:00+00:00,MERC,6.565000057220459,6.565000057220459,6.565000057220459,6.565000057220459,6.565000057220459,1130.0
2024-09-16 10:01:00+00:00,METC,10.15999984741211,10.15999984741211,10.180000305175781,10.149999618530273,10.149999618530273,1476.0
2024-09-16 10:01:00+00:00,ORGN,1.5049999952316284,1.5049999952316284,1.5199999809265137,1.5,1.5199999809265137,32968.0
2024-09-16 10:01:00+00:00,PAAS,21.670000076293945,21.670000076293945,21.691200256347656,21.65999984741211,21.65999984741211,19716.0
2024-09-16 10:01:00+00:00,PLL,7.210000038146973,7.210000038146973,7.210000038146973,7.190000057220459,7.190000057220459,581.0
2024-09-16 10:01:00+00:00,SGML,10.4399995803833,10.4399995803833,10.4399995803833,10.4399995803833,10.4399995803833,201.0
2024-09-16 10:01:00+00:00,SSRM,5.911200046539307,5.911200046539307,5.911200046539307,5.909900188446045,5.909900188446045,5376.0
2024-09-16 10:01:00+00:00,STLD,112.77999877929688,112.77999877929688,113.06999969482422,112.77999877929688,113.06999969482422,3098.0
2024-09-16 10:01:00+00:00,TMC,0.949400007724762,0.949400007724762,0.949999988079071,0.949400007724762,0.9498999714851379,366.0
2024-09-16 10:01:00+00:00,UFPI,122.83499908447266,122.83499908447266,122.83499908447266,122.83499908447266,122.83499908447266,945.0
2024-09-16 10:01:00+00:00,ZEUS,38.619998931884766,38.619998931884766,38.63999938964844,38.619998931884766,38.63999938964844,1848.0
2024-09-16 10:02:00+00:00,ALTO,1.5750000476837158,1.5750000476837158,1.5750000476837158,1.5750000476837158,1.5750000476837158,0.0
2024-09-16 10:02:00+00:00,AREC,0.4948999881744385,0.4948999881744385,0.4948999881744385,0.4948999881744385,0.4948999881744385,1373.0
2024-09-16 10:02:00+00:00,BIOX,8.604999542236328,8.604999542236328,8.604999542236328,8.604999542236328,8.604999542236328,211.0
2024-09-16 10:02:00+00:00,CENX,14.0600004196167,14.0600004196167,14.0600004196167,14.0600004196167,14.0600004196167,730.0
2024-09-16 10:02:00+00:00,CRKN,1.350000023841858,1.350000023841858,1.350000023841858,1.350000023841858,1.350000023841858,959.0
2024-09-16 10:02:00+00:00,GEVO,1.3899999856948853,1.3899999856948853,1.399999976158142,1.3799999952316284,1.3901000022888184,128620.0
2024-09-16 10:02:00+00:00,GPRE,12.729999542236328,12.729999542236328,12.75,12.729999542236328,12.75,1734.0
2024-09-16 10:02:00+00:00,GSM,4.215000152587891,4.215000152587891,4.215000152587891,4.215000152587891,4.215000152587891,9703.0
2024-09-16 10:02:00+00:00,HDSN,7.949999809265137,7.949999809265137,7.949999809265137,7.949999809265137,7.949999809265137,414.0
2024-09-16 10:02:00+00:00,HWKN,119.25,119.25,119.25,119.25,119.25,406.0
2024-09-16 10:02:00+00:00,HYMC,2.700000047683716,2.700000047683716,2.700000047683716,2.684999942779541,2.6947999000549316,815.0
2024-09-16 10:02:00+00:00,KALU,69.51000213623047,69.51000213623047,69.51000213623047,69.51000213623047,69.51000213623047,241.0
2024-09-16 10:02:00+00:00,LITM,0.3400000035762787,0.3400000035762787,0.3400000035762787,0.3400000035762787,0.3400000035762787,1052.0
2024-09-16 10:02:00+00:00,MEOH,38.40999984741211,38.40999984741211,38.40999984741211,38.40999984741211,38.40999984741211,1017.0
2024-09-16 10:02:00+00:00,MERC,6.539999961853027,6.539999961853027,6.565000057220459,6.519999980926514,6.565000057220459,9917.0
2024-09-16 10:02:00+00:00,METC,10.15999984741211,10.15999984741211,10.15999984741211,10.15999984741211,10.15999984741211,289.0
2024-09-16 10:02:00+00:00,PAAS,21.649999618530273,21.649999618530273,21.674999237060547,21.6299991607666,21.670000076293945,17760.0
2024-09-16 10:02:00+00:00,PLL,7.21999979019165,7.21999979019165,7.239999771118164,7.210000038146973,7.210000038146973,3029.0
2024-09-16 10:02:00+00:00,PPTA,9.170000076293945,9.170000076293945,9.210000038146973,9.170000076293945,9.194999694824219,1979.0
2024-09-16 10:02:00+00:00,SGML,10.359999656677246,10.359999656677246,10.40999984741211,10.350000381469727,10.40999984741211,3104.0
2024-09-16 10:02:00+00:00,SSRM,5.90500020980835,5.90500020980835,5.90500020980835,5.90500020980835,5.90500020980835,736.0
2024-09-16 10:02:00+00:00,STLD,112.69000244140625,112.69000244140625,112.72000122070312,112.69000244140625,112.72000122070312,521.0
2024-09-16 10:02:00+00:00,UFPI,122.84500122070312,122.84500122070312,122.84500122070312,122.84500122070312,122.84500122070312,1036.0
2024-09-16 10:03:00+00:00,ASTL,10.260000228881836,10.260000228881836,10.260000228881836,10.260000228881836,10.260000228881836,100.0
2024-09-16 10:03:00+00:00,CENX,14.039999961853027,14.039999961853027,14.039999961853027,14.024999618530273,14.024999618530273,1601.0
2024-09-16 10:03:00+00:00,CNEY,0.42800000309944153,0.42800000309944153,0.42800000309944153,0.42410001158714294,0.42410001158714294,5023.0
2024-09-16 10:03:00+00:00,GEVO,1.3698999881744385,1.3698999881744385,1.3899999856948853,1.3600000143051147,1.3849999904632568,197627.0
2024-09-16 10:03:00+00:00,GSM,4.210000038146973,4.210000038146973,4.215000152587891,4.210000038146973,4.215000152587891,663.0
2024-09-16 10:03:00+00:00,HYMC,2.690000057220459,2.690000057220459,2.690000057220459,2.690000057220459,2.690000057220459,1603.0
2024-09-16 10:03:00+00:00,MEOH,38.36000061035156,38.36000061035156,38.380001068115234,38.36000061035156,38.380001068115234,622.0
2024-09-16 10:03:00+00:00,MERC,6.539999961853027,6.539999961853027,6.559999942779541,6.539999961853027,6.559999942779541,2585.0
2024-09-16 10:03:00+00:00,ORGN,1.5099999904632568,1.5099999904632568,1.5099999904632568,1.5049999952316284,1.5099999904632568,5182.0
2024-09-16 10:03:00+00:00,PAAS,21.635000228881836,21.635000228881836,21.639999389648438,21.610000610351562,21.639999389648438,14436.0
2024-09-16 10:03:00+00:00,PLL,7.215000152587891,7.215000152587891,7.215000152587891,7.210000038146973,7.210000038146973,2198.0
2024-09-16 10:03:00+00:00,PPTA,9.170000076293945,9.170000076293945,9.170000076293945,9.170000076293945,9.170000076293945,598.0
2024-09-16 10:03:00+00:00,RGLD,142.0399932861328,142.0399932861328,142.09500122070312,142.0399932861328,142.0399932861328,1581.0
2024-09-16 10:03:00+00:00,SGML,10.380000114440918,10.380000114440918,10.380000114440918,10.380000114440918,10.380000114440918,357.0
2024-09-16 10:03:00+00:00,SSRM,5.900000095367432,5.900000095367432,5.900000095367432,5.894999980926514,5.894999980926514,4191.0
2024-09-16 10:03:00+00:00,STLD,112.62999725341797,112.62999725341797,112.66999816894531,112.58000183105469,112.61000061035156,4702.0
2024-09-16 10:03:00+00:00,TMC,0.949400007724762,0.949400007724762,0.949400007724762,0.9492999911308289,0.9492999911308289,1352.0
2024-09-16 10:03:00+00:00,WDFC,259.05499267578125,259.05499267578125,259.05499267578125,259.05499267578125,259.05499267578125,256.0
2024-09-16 10:04:00+00:00,ALTO,1.5800000429153442,1.5800000429153442,1.5800000429153442,1.5750000476837158,1.5750000476837158,801.0
2024-09-16 10:04:00+00:00,ASTL,10.270000457763672,10.270000457763672,10.270000457763672,10.270000457763672,10.270000457763672,324.0
2024-09-16 10:04:00+00:00,CENX,14.039999961853027,14.039999961853027,14.039999961853027,14.029999732971191,14.039999961853027,565.0
2024-09-16 10:04:00+00:00,CNEY,0.43869999051094055,0.43869999051094055,0.4499000012874603,0.42800000309944153,0.42800000309944153,4568.0
2024-09-16 10:04:00+00:00,CRKN,1.3700000047683716,1.3700000047683716,1.3700000047683716,1.350000023841858,1.350000023841858,4271.0
2024-09-16 10:04:00+00:00,GEVO,1.399999976158142,1.399999976158142,1.399999976158142,1.3600000143051147,1.3698999881744385,144851.0
2024-09-16 10:04:00+00:00,GPRE,12.770000457763672,12.770000457763672,12.770000457763672,12.760000228881836,12.760000228881836,459.0
2024-09-16 10:04:00+00:00,GSM,4.210000038146973,4.210000038146973,4.210000038146973,4.210000038146973,4.210000038146973,702.0
2024-09-16 10:04:00+00:00,HDSN,7.940000057220459,7.940000057220459,7.940000057220459,7.940000057220459,7.940000057220459,473.0
2024-09-16 10:04:00+00:00,HWKN,119.05999755859375,119.05999755859375,119.05999755859375,119.05999755859375,119.05999755859375,277.0
2024-09-16 10:04:00+00:00,HYMCL,0.019500000402331352,0.019500000402331352,0.019500000402331352,0.019500000402331352,0.019500000402331352,0.0
2024-09-16 10:04:00+00:00,IOSP,110.16000366210938,110.16000366210938,110.16000366210938,110.16000366210938,110.16000366210938,377.0
2024-09-16 10:04:00+00:00,KALU,69.54000091552734,69.54000091552734,69.70500183105469,69.54000091552734,69.69000244140625,641.0
2024-09-16 10:04:00+00:00,MEOH,38.4900016784668,38.4900016784668,38.4900016784668,38.4900016784668,38.4900016784668,460.0
2024-09-16 10:04:00+00:00,MERC,6.550000190734863,6.550000190734863,6.550000190734863,6.550000190734863,6.550000190734863,1504.0
2024-09-16 10:04:00+00:00,METC,10.149999618530273,10.149999618530273,10.180000305175781,10.149999618530273,10.180000305175781,3499.0
2024-09-16 10:04:00+00:00,ORGN,1.5099999904632568,1.5099999904632568,1.5149999856948853,1.5,1.5149999856948853,13814.0
2024-09-16 10:04:00+00:00,PAAS,21.625,21.625,21.655000686645508,21.6205997467041,21.655000686645508,15664.0
2024-09-16 10:04:00+00:00,PLL,7.219699859619141,7.219699859619141,7.219699859619141,7.219699859619141,7.219699859619141,627.0
2024-09-16 10:04:00+00:00,PPTA,9.170000076293945,9.170000076293945,9.180000305175781,9.170000076293945,9.180000305175781,1381.0
2024-09-16 10:04:00+00:00,RGLD,142.1999969482422,142.1999969482422,142.1999969482422,142.1999969482422,142.1999969482422,952.0
2024-09-16 10:04:00+00:00,SGML,10.359999656677246,10.359999656677246,10.375,10.359999656677246,10.375,472.0
2024-09-16 10:04:00+00:00,STLD,112.61000061035156,112.61000061035156,112.62999725341797,112.5199966430664,112.62999725341797,6095.0
2024-09-16 10:04:00+00:00,TMC,0.9498000144958496,0.9498000144958496,0.9498000144958496,0.949400007724762,0.9498000144958496,1498.0
2024-09-16 10:04:00+00:00,UFPI,122.96499633789062,122.96499633789062,122.96499633789062,122.96499633789062,122.96499633789062,226.0
2024-09-16 10:05:00+00:00,ALTO,1.5750000476837158,1.5750000476837158,1.5750000476837158,1.5750000476837158,1.5750000476837158,201.0
2024-09-16 10:05:00+00:00,AREC,0.49000000953674316,0.49000000953674316,0.49000000953674316,0.49000000953674316,0.49000000953674316,512.0
2024-09-16 10:05:00+00:00,ASTL,10.274999618530273,10.274999618530273,10.279999732971191,10.270000457763672,10.279999732971191,770.0
2024-09-16 10:05:00+00:00,CENX,14.069999694824219,14.069999694824219,14.069999694824219,14.039999961853027,14.039999961853027,2168.0
2024-09-16 10:05:00+00:00,CNEY,0.4366999864578247,0.4366999864578247,0.4366999864578247,0.4366999864578247,0.4366999864578247,173.0
2024-09-16 10:05:00+00:00,CRKN,1.3600000143051147,1.3600000143051147,1.3600000143051147,1.3600000143051147,1.3600000143051147,110.0
2024-09-16 10:05:00+00:00,GEVO,1.4049999713897705,1.4049999713897705,1.409999966621399,1.3899999856948853,1.3949999809265137,67075.0
2024-09-16 10:05:00+00:00,GPRE,12.760000228881836,12.760000228881836,12.760000228881836,12.760000228881836,12.760000228881836,702.0
2024-09-16 10:05:00+00:00,GSM,4.210000038146973,4.210000038146973,4.210000038146973,4.210000038146973,4.210000038146973,520.0
2024-09-16 10:05:00+00:00,HDSN,7.960000038146973,7.960000038146973,7.960000038146973,7.960000038146973,7.960000038146973,200.0
2024-09-16 10:05:00+00:00,HWKN,119.2699966430664,119.2699966430664,119.37000274658203,119.2699966430664,119.36000061035156,711.0
2024-09-16 10:05:00+00:00,HYMC,2.6898999214172363,2.6898999214172363,2.6898999214172363,2.6898999214172363,2.6898999214172363,1116.0
2024-09-16 10:05:00+00:00,KALU,69.70999908447266,69.70999908447266,69.70999908447266,69.70999908447266,69.70999908447266,329.0
2024-09-16 10:05:00+00:00,LITM,0.3269999921321869,0.3269999921321869,0.3391000032424927,0.3269999921321869,0.3391000032424927,15193.0
2024-09-16 10:05:00+00:00,MEOH,38.439998626708984,38.439998626708984,38.529998779296875,38.41999816894531,38.529998779296875,11506.0
2024-09-16 10:05:00+00:00,MERC,6.554999828338623,6.554999828338623,6.554999828338623,6.554999828338623,6.554999828338623,232.0
2024-09-16 10:05:00+00:00,METC,10.170000076293945,10.170000076293945,10.170000076293945,10.15999984741211,10.170000076293945,1573.0
2024-09-16 10:05:00+00:00,ORGN,1.5099999904632568,1.5099999904632568,1.5099999904632568,1.501099944114685,1.501099944114685,1454.0
2024-09-16 10:05:00+00:00,PAAS,21.69499969482422,21.69499969482422,21.69499969482422,21.6299991607666,21.6299991607666,15029.0
2024-09-16 10:05:00+00:00,PLL,7.219900131225586,7.219900131225586,7.219900131225586,7.219900131225586,7.219900131225586,159.0
2024-09-16 10:05:00+00:00,SGML,10.359999656677246,10.359999656677246,10.359999656677246,10.359999656677246,10.359999656677246,484.0
2024-09-16 10:05:00+00:00,SSRM,5.90500020980835,5.90500020980835,5.909999847412109,5.90500020980835,5.9095001220703125,5313.0
2024-09-16 10:05:00+00:00,STLD,112.58499908447266,112.58499908447266,112.69000244140625,112.58499908447266,112.58499908447266,1283.0
2024-09-16 10:05:00+00:00,TMC,0.9528999924659729,0.9528999924659729,0.9528999924659729,0.9488999843597412,0.9496999979019165,11061.0
2024-09-16 10:05:00+00:00,UFPI,123.0250015258789,123.0250015258789,123.0250015258789,122.98999786376953,122.98999786376953,788.0
2024-09-16 10:05:00+00:00,USAP,38.27000045776367,38.27000045776367,38.29999923706055,38.27000045776367,38.290000915527344,876.0
2024-09-16 10:05:00+00:00,WDFC,259.04998779296875,259.04998779296875,259.04998779296875,259.04998779296875,259.04998779296875,1070.0
2024-09-16 10:06:00+00:00,ALTO,1.5786999464035034,1.5786999464035034,1.5800000429153442,1.570099949836731,1.570099949836731,1535.0
2024-09-16 10:06:00+00:00,ASTL,10.25,10.25,10.260000228881836,10.25,10.260000228881836,565.0
2024-09-16 10:06:00+00:00,CENX,14.079999923706055,14.079999923706055,14.079999923706055,14.069999694824219,14.069999694824219,5864.0
2024-09-16 10:06:00+00:00,CNEY,0.4244000017642975,0.4244000017642975,0.4244000017642975,0.4244000017642975,0.4244000017642975,2435.0
2024-09-16 10:06:00+00:00,CRKN,1.3598999977111816,1.3598999977111816,1.3598999977111816,1.3550000190734863,1.3550000190734863,1418.0
2024-09-16 10:06:00+00:00,GEVO,1.378600001335144,1.378600001335144,1.409999966621399,1.3700000047683716,1.4049999713897705,170621.0
2024-09-16 10:06:00+00:00,GPRE,12.729999542236328,12.729999542236328,12.75,12.729999542236328,12.75,1237.0
2024-09-16 10:06:00+00:00,GSM,4.215000152587891,4.215000152587891,4.215000152587891,4.215000152587891,4.215000152587891,66.0
2024-09-16 10:06:00+00:00,HYMC,2.6600000858306885,2.6600000858306885,2.6600000858306885,2.6600000858306885,2.6600000858306885,2753.0
2024-09-16 10:06:00+00:00,KALU,69.55999755859375,69.55999755859375,69.55999755859375,69.55999755859375,69.55999755859375,102.0
2024-09-16 10:06:00+00:00,LWLG,2.6579999923706055,2.6579999923706055,2.6579999923706055,2.6579999923706055,2.6579999923706055,2081.0
2024-09-16 10:06:00+00:00,MEOH,38.400001525878906,38.400001525878906,38.400001525878906,38.36000061035156,38.36000061035156,1124.0
2024-09-16 10:06:00+00:00,MERC,6.534999847412109,6.534999847412109,6.553999900817871,6.534999847412109,6.553999900817871,3432.0
2024-09-16 10:06:00+00:00,METC,10.164999961853027,10.164999961853027,10.164999961853027,10.164999961853027,10.164999961853027,254.0
2024-09-16 10:06:00+00:00,PAAS,21.670000076293945,21.670000076293945,21.704999923706055,21.65999984741211,21.700000762939453,23436.0
2024-09-16 10:06:00+00:00,PLL,7.170000076293945,7.170000076293945,7.210000038146973,7.170000076293945,7.210000038146973,1576.0
2024-09-16 10:06:00+00:00,PPTA,9.154999732971191,9.154999732971191,9.170000076293945,9.119999885559082,9.170000076293945,3258.0
2024-09-16 10:06:00+00:00,SGML,10.300000190734863,10.300000190734863,10.350000381469727,10.279999732971191,10.350000381469727,4960.0
2024-09-16 10:06:00+00:00,SSRM,5.889999866485596,5.889999866485596,5.900000095367432,5.880000114440918,5.900000095367432,1605.0
2024-09-16 10:06:00+00:00,STLD,112.61000061035156,112.61000061035156,112.69000244140625,112.61000061035156,112.69000244140625,1326.0
2024-09-16 10:06:00+00:00,TMC,0.953000009059906,0.953000009059906,0.953000009059906,0.949999988079071,0.949999988079071,5456.0
2024-09-16 10:07:00+00:00,ALTO,1.5750000476837158,1.5750000476837158,1.5750000476837158,1.5750000476837158,1.5750000476837158,76.0
2024-09-16 10:07:00+00:00,BCPC,172.89999389648438,172.89999389648438,172.89999389648438,172.89999389648438,172.89999389648438,560.0
2024-09-16 10:07:00+00:00,CENX,14.15999984741211,14.15999984741211,14.1899995803833,14.074999809265137,14.074999809265137,26955.0
2024-09-16 10:07:00+00:00,GEVO,1.3600000143051147,1.3600000143051147,1.3899999856948853,1.3600000143051147,1.3799999952316284,135952.0
2024-09-16 10:07:00+00:00,GPRE,12.75,12.75,12.759099960327148,12.75,12.759099960327148,239.0
2024-09-16 10:07:00+00:00,GSM,4.215000152587891,4.215000152587891,4.215000152587891,4.215000152587891,4.215000152587891,536.0
2024-09-16 10:07:00+00:00,HDSN,7.980000019073486,7.980000019073486,7.980000019073486,7.960000038146973,7.960000038146973,1824.0
2024-09-16 10:07:00+00:00,HYMC,2.6600000858306885,2.6600000858306885,2.6600000858306885,2.6600000858306885,2.6600000858306885,404.0
2024-09-16 10:07:00+00:00,KALU,69.70999908447266,69.70999908447266,69.70999908447266,69.70999908447266,69.70999908447266,132.0
2024-09-16 10:07:00+00:00,LITM,0.32710000872612,0.32710000872612,0.33070001006126404,0.3269999921321869,0.33070001006126404,9535.0
2024-09-16 10:07:00+00:00,MEOH,38.34000015258789,38.34000015258789,38.380001068115234,38.33000183105469,38.34000015258789,1397.0
2024-09-16 10:07:00+00:00,MERC,6.510000228881836,6.510000228881836,6.53000020980835,6.5,6.53000020980835,3670.0
2024-09-16 10:07:00+00:00,METC,10.170000076293945,10.170000076293945,10.180000305175781,10.164999961853027,10.164999961853027,3203.0
2024-09-16 10:07:00+00:00,ORGN,1.5104999542236328,1.5104999542236328,1.5104999542236328,1.5104999542236328,1.5104999542236328,269.0
2024-09-16 10:07:00+00:00,PAAS,21.600000381469727,21.600000381469727,21.665000915527344,21.594999313354492,21.65999984741211,42088.0
2024-09-16 10:07:00+00:00,PLL,7.179999828338623,7.179999828338623,7.179999828338623,7.170000076293945,7.170000076293945,1238.0
2024-09-16 10:07:00+00:00,RGLD,141.94000244140625,141.94000244140625,141.94000244140625,141.94000244140625,141.94000244140625,450.0
2024-09-16 10:07:00+00:00,SSRM,5.883999824523926,5.883999824523926,5.889999866485596,5.883999824523926,5.889999866485596,780.0
2024-09-16 10:07:00+00:00,STLD,112.83000183105469,112.83000183105469,112.83000183105469,112.73999786376953,112.73999786376953,1865.0
2024-09-16 10:07:00+00:00,TMC,0.9487000107765198,0.9487000107765198,0.9549999833106995,0.9483000040054321,0.9549999833106995,3575.0
2024-09-16 10:07:00+00:00,USAU,5.809999942779541,5.809999942779541,5.809999942779541,5.809999942779541,5.809999942779541,395.0
2024-09-16 10:07:00+00:00,WDFC,259.2300109863281,259.2300109863281,259.2300109863281,259.2300109863281,259.2300109863281,2747.0
2024-09-16 10:08:00+00:00,ALTO,1.5800000429153442,1.5800000429153442,1.5800000429153442,1.579800009727478,1.579800009727478,14856.0
2024-09-16 10:08:00+00:00,ASTL,10.265000343322754,10.265000343322754,10.265000343322754,10.25,10.25,844.0
2024-09-16 10:08:00+00:00,CENX,14.18529987335205,14.18529987335205,14.18529987335205,14.175000190734863,14.178000450134277,1015.0
2024-09-16 10:08:00+00:00,CNEY,0.4284999966621399,0.4284999966621399,0.4359999895095825,0.4284999966621399,0.4359999895095825,1283.0
2024-09-16 10:08:00+00:00,GEVO,1.340000033378601,1.340000033378601,1.3680000305175781,1.3300000429153442,1.3600000143051147,294693.0
2024-09-16 10:08:00+00:00,GPRE,12.779999732971191,12.779999732971191,12.800000190734863,12.770000457763672,12.779999732971191,7008.0
2024-09-16 10:08:00+00:00,GSM,4.224999904632568,4.224999904632568,4.224999904632568,4.21999979019165,4.21999979019165,1382.0
2024-09-16 10:08:00+00:00,KALU,69.73999786376953,69.73999786376953,69.73999786376953,69.73999786376953,69.73999786376953,101.0
2024-09-16 10:08:00+00:00,LITM,0.3271999955177307,0.3271999955177307,0.3271999955177307,0.3271999955177307,0.3271999955177307,303.0
2024-09-16 10:08:00+00:00,LWLG,2.6600000858306885,2.6600000858306885,2.6649999618530273,2.6600000858306885,2.6649999618530273,891.0
2024-09-16 10:08:00+00:00,MEOH,38.36000061035156,38.36000061035156,38.39500045776367,38.36000061035156,38.369998931884766,1318.0
2024-09-16 10:08:00+00:00,MERC,6.514999866485596,6.514999866485596,6.514999866485596,6.514999866485596,6.514999866485596,197.0
2024-09-16 10:08:00+00:00,NTIC,12.48449993133545,12.48449993133545,12.48449993133545,12.48449993133545,12.48449993133545,0.0
2024-09-16 10:08:00+00:00,ORGN,1.5199999809265137,1.5199999809265137,1.5199999809265137,1.5199999809265137,1.5199999809265137,550.0
2024-09-16 10:08:00+00:00,PAAS,21.604999542236328,21.604999542236328,21.639999389648438,21.600000381469727,21.610000610351562,22332.0
2024-09-16 10:08:00+00:00,PLL,7.199999809265137,7.199999809265137,7.199999809265137,7.190000057220459,7.190000057220459,1431.0
2024-09-16 10:08:00+00:00,PPTA,9.140000343322754,9.140000343322754,9.170000076293945,9.109999656677246,9.109999656677246,3675.0
2024-09-16 10:08:00+00:00,RGLD,141.8800048828125,141.8800048828125,141.88009643554688,141.82000732421875,141.8800048828125,2596.0
2024-09-16 10:08:00+00:00,SGML,10.317999839782715,10.317999839782715,10.317999839782715,10.317999839782715,10.317999839782715,875.0
2024-09-16 10:08:00+00:00,SSRM,5.894999980926514,5.894999980926514,5.894999980926514,5.889999866485596,5.889999866485596,1413.0
2024-09-16 10:08:00+00:00,STLD,112.94000244140625,112.94000244140625,112.94000244140625,112.94000244140625,112.94000244140625,443.0
2024-09-16 10:08:00+00:00,UFPI,123.19499969482422,123.19499969482422,123.19499969482422,123.15499877929688,123.15499877929688,905.0
2024-09-16 10:08:00+00:00,ZEUS,38.70500183105469,38.70500183105469,38.75,38.70500183105469,38.75,1962.0
2024-09-16 10:09:00+00:00,ALTO,1.590000033378601,1.590000033378601,1.590000033378601,1.590000033378601,1.590000033378601,712.0
2024-09-16 10:09:00+00:00,BIOX,8.65999984741211,8.65999984741211,8.65999984741211,8.601400375366211,8.601400375366211,1429.0
2024-09-16 10:09:00+00:00,CENX,14.1899995803833,14.1899995803833,14.1899995803833,14.175000190734863,14.175000190734863,4876.0
2024-09-16 10:09:00+00:00,GEVO,1.3350000381469727,1.3350000381469727,1.350000023841858,1.3200000524520874,1.3454999923706055,100097.0
2024-09-16 10:09:00+00:00,GPRE,12.78499984741211,12.78499984741211,12.78499984741211,12.779999732971191,12.779999732971191,604.0
2024-09-16 10:09:00+00:00,KALU,69.74500274658203,69.74500274658203,69.74500274658203,69.56999969482422,69.61000061035156,1036.0
2024-09-16 10:09:00+00:00,LITM,0.3276999890804291,0.3276999890804291,0.3276999890804291,0.32760000228881836,0.32760000228881836,672.0
2024-09-16 10:09:00+00:00,MEOH,38.43000030517578,38.43000030517578,38.43000030517578,38.36000061035156,38.36000061035156,1135.0
2024-09-16 10:09:00+00:00,MERC,6.480000019073486,6.480000019073486,6.510000228881836,6.480000019073486,6.510000228881836,1292.0
2024-09-16 10:09:00+00:00,METC,10.170000076293945,10.170000076293945,10.1899995803833,10.15999984741211,10.170000076293945,11233.0
2024-09-16 10:09:00+00:00,PAAS,21.56999969482422,21.56999969482422,21.600000381469727,21.559999465942383,21.59000015258789,4741.0
2024-09-16 10:09:00+00:00,PLL,7.139999866485596,7.139999866485596,7.190000057220459,7.139999866485596,7.190000057220459,4820.0
2024-09-16 10:09:00+00:00,PPTA,9.079999923706055,9.079999923706055,9.119999885559082,9.079999923706055,9.119999885559082,1795.0
2024-09-16 10:09:00+00:00,SGML,10.319999694824219,10.319999694824219,10.319999694824219,10.319999694824219,10.319999694824219,0.0
2024-09-16 10:09:00+00:00,SMID,35.349998474121094,35.349998474121094,35.349998474121094,35.349998474121094,35.349998474121094,701.0
2024-09-16 10:09:00+00:00,SSRM,5.900000095367432,5.900000095367432,5.900000095367432,5.900000095367432,5.900000095367432,2074.0
2024-09-16 10:09:00+00:00,STLD,112.90499877929688,112.90499877929688,112.90499877929688,112.88469696044922,112.88469696044922,2101.0
2024-09-16 10:09:00+00:00,UFPI,123.08999633789062,123.08999633789062,123.19499969482422,123.08000183105469,123.12999725341797,1608.0
2024-09-16 10:10:00+00:00,ASTL,10.229999542236328,10.229999542236328,10.260000228881836,10.229999542236328,10.260000228881836,1513.0
2024-09-16 10:10:00+00:00,BIOX,8.604999542236328,8.604999542236328,8.604999542236328,8.604999542236328,8.604999542236328,0.0
2024-09-16 10:10:00+00:00,CENX,14.151599884033203,14.151599884033203,14.180000305175781,14.151599884033203,14.180000305175781,1773.0
2024-09-16 10:10:00+00:00,CRKN,1.343999981880188,1.343999981880188,1.343999981880188,1.343999981880188,1.343999981880188,207.0
2024-09-16 10:10:00+00:00,FEAM,0.5389999747276306,0.5389999747276306,0.5389999747276306,0.5389999747276306,0.5389999747276306,200.0
2024-09-16 10:10:00+00:00,GEVO,1.3301000595092773,1.3301000595092773,1.340000033378601,1.3300000429153442,1.3301000595092773,73399.0
2024-09-16 10:10:00+00:00,GPRE,12.774999618530273,12.774999618530273,12.78499984741211,12.774999618530273,12.78499984741211,815.0
2024-09-16 10:10:00+00:00,GSM,4.204999923706055,4.204999923706055,4.21999979019165,4.204999923706055,4.21999979019165,2800.0
2024-09-16 10:10:00+00:00,KALU,70.0,70.0,70.0,69.8550033569336,69.91999816894531,1587.0
2024-09-16 10:10:00+00:00,LITM,0.328000009059906,0.328000009059906,0.328000009059906,0.32760000228881836,0.32760000228881836,1236.0
2024-09-16 10:10:00+00:00,LWLG,2.6449999809265137,2.6449999809265137,2.6500000953674316,2.6449999809265137,2.6500000953674316,3197.0
2024-09-16 10:10:00+00:00,MEOH,38.439998626708984,38.439998626708984,38.459999084472656,38.439998626708984,38.459999084472656,535.0
2024-09-16 10:10:00+00:00,MERC,6.449999809265137,6.449999809265137,6.480000019073486,6.449999809265137,6.480000019073486,840.0
2024-09-16 10:10:00+00:00,ORGN,1.5104999542236328,1.5104999542236328,1.5195000171661377,1.5104999542236328,1.5195000171661377,850.0
2024-09-16 10:10:00+00:00,PAAS,21.56999969482422,21.56999969482422,21.579999923706055,21.540000915527344,21.565000534057617,24533.0
2024-09-16 10:10:00+00:00,PLL,7.130000114440918,7.130000114440918,7.130000114440918,7.130000114440918,7.130000114440918,1698.0
2024-09-16 10:10:00+00:00,PPTA,9.100000381469727,9.100000381469727,9.100000381469727,9.100000381469727,9.100000381469727,391.0
2024-09-16 10:10:00+00:00,RGLD,141.82000732421875,141.82000732421875,141.83999633789062,141.82000732421875,141.83999633789062,892.0
2024-09-16 10:10:00+00:00,SGML,10.3100004196167,10.3100004196167,10.329999923706055,10.3100004196167,10.329999923706055,606.0
2024-09-16 10:10:00+00:00,SSRM,5.885000228881836,5.885000228881836,5.90500020980835,5.885000228881836,5.90500020980835,2074.0
2024-09-16 10:10:00+00:00,STLD,112.77999877929688,112.77999877929688,112.80999755859375,112.77999877929688,112.80999755859375,2003.0
2024-09-16 10:10:00+00:00,USAP,38.380001068115234,38.380001068115234,38.380001068115234,38.380001068115234,38.380001068115234,485.0
2024-09-16 10:11:00+00:00,ALTO,1.5850000381469727,1.5850000381469727,1.589900016784668,1.5850000381469727,1.589900016784668,6055.0
2024-09-16 10:11:00+00:00,ASTL,10.229999542236328,10.229999542236328,10.234999656677246,10.229999542236328,10.234999656677246,1074.0
2024-09-16 10:11:00+00:00,CENX,14.15999984741211,14.15999984741211,14.15999984741211,14.109999656677246,14.130000114440918,1855.0
2024-09-16 10:11:00+00:00,CNEY,0.42899999022483826,0.42899999022483826,0.4300000071525574,0.42899999022483826,0.4300000071525574,2377.0
2024-09-16 10:11:00+00:00,CRKN,1.3418999910354614,1.3418999910354614,1.3418999910354614,1.3418999910354614,1.3418999910354614,1657.0
2024-09-16 10:11:00+00:00,GEVO,1.315000057220459,1.315000057220459,1.3300000429153442,1.309999942779541,1.3300000429153442,111309.0
2024-09-16 10:11:00+00:00,GPRE,12.760000228881836,12.760000228881836,12.760000228881836,12.760000228881836,12.760000228881836,1357.0
2024-09-16 10:11:00+00:00,GSM,4.204999923706055,4.204999923706055,4.204999923706055,4.204999923706055,4.204999923706055,200.0
2024-09-16 10:11:00+00:00,HYMC,2.6698999404907227,2.6698999404907227,2.6698999404907227,2.6698999404907227,2.6698999404907227,2002.0
2024-09-16 10:11:00+00:00,KALU,70.00499725341797,70.00499725341797,70.00499725341797,69.94999694824219,69.9800033569336,1091.0
2024-09-16 10:11:00+00:00,MEOH,38.43000030517578,38.43000030517578,38.43000030517578,38.39500045776367,38.39500045776367,200.0
2024-09-16 10:11:00+00:00,MERC,6.429999828338623,6.429999828338623,6.440000057220459,6.429999828338623,6.429999828338623,3612.0
2024-09-16 10:11:00+00:00,METC,10.13010025024414,10.13010025024414,10.15999984741211,10.13010025024414,10.15999984741211,1467.0
2024-09-16 10:11:00+00:00,ORGN,1.5199999809265137,1.5199999809265137,1.5199999809265137,1.5199999809265137,1.5199999809265137,904.0
2024-09-16 10:11:00+00:00,PAAS,21.520000457763672,21.520000457763672,21.56999969482422,21.514999389648438,21.56999969482422,4957.0
2024-09-16 10:11:00+00:00,PLL,7.159999847412109,7.159999847412109,7.159999847412109,7.139999866485596,7.139999866485596,5899.0
2024-09-16 10:11:00+00:00,RGLD,141.625,141.625,141.77999877929688,141.625,141.77999877929688,683.0
2024-09-16 10:11:00+00:00,SGML,10.279999732971191,10.279999732971191,10.300000190734863,10.260000228881836,10.289999961853027,864.0
2024-09-16 10:11:00+00:00,SSRM,5.880000114440918,5.880000114440918,5.885000228881836,5.875,5.880000114440918,4619.0
2024-09-16 10:12:00+00:00,AREC,0.49000000953674316,0.49000000953674316,0.49000000953674316,0.49000000953674316,0.49000000953674316,760.0
2024-09-16 10:12:00+00:00,ASTL,10.220000267028809,10.220000267028809,10.229999542236328,10.220000267028809,10.229999542236328,1284.0
2024-09-16 10:12:00+00:00,CENX,14.149999618530273,14.149999618530273,14.15999984741211,14.149999618530273,14.15999984741211,9051.0
2024-09-16 10:12:00+00:00,CNEY,0.4284999966621399,0.4284999966621399,0.4284999966621399,0.4284000098705292,0.4284000098705292,1385.0
2024-09-16 10:12:00+00:00,GEVO,1.309999942779541,1.309999942779541,1.3200000524520874,1.309999942779541,1.315000057220459,63447.0
2024-09-16 10:12:00+00:00,GSM,4.199999809265137,4.199999809265137,4.204999923706055,4.199999809265137,4.204999923706055,606.0
2024-09-16 10:12:00+00:00,HYMC,2.6700000762939453,2.6700000762939453,2.6700000762939453,2.6549999713897705,2.6549999713897705,241.0
2024-09-16 10:12:00+00:00,IONR,4.46999979019165,4.46999979019165,4.46999979019165,4.46999979019165,4.46999979019165,555.0
2024-09-16 10:12:00+00:00,LITM,0.3398999869823456,0.3398999869823456,0.3398999869823456,0.3398999869823456,0.3398999869823456,502.0
2024-09-16 10:12:00+00:00,LWLG,2.6500000953674316,2.6500000953674316,2.6500000953674316,2.6500000953674316,2.6500000953674316,141.0
2024-09-16 10:12:00+00:00,MEOH,38.42499923706055,38.42499923706055,38.42499923706055,38.42499923706055,38.42499923706055,107.0
2024-09-16 10:12:00+00:00,MERC,6.429999828338623,6.429999828338623,6.434999942779541,6.429999828338623,6.429999828338623,3922.0
2024-09-16 10:12:00+00:00,METC,10.130000114440918,10.130000114440918,10.134499549865723,10.130000114440918,10.134499549865723,611.0
2024-09-16 10:12:00+00:00,ORGN,1.510200023651123,1.510200023651123,1.510200023651123,1.510200023651123,1.510200023651123,35112.0
2024-09-16 10:12:00+00:00,PAAS,21.520000457763672,21.520000457763672,21.520000457763672,21.5,21.520000457763672,18672.0
2024-09-16 10:12:00+00:00,PLL,7.170000076293945,7.170000076293945,7.170000076293945,7.170000076293945,7.170000076293945,0.0
2024-09-16 10:12:00+00:00,PPTA,9.069999694824219,9.069999694824219,9.079999923706055,9.069999694824219,9.079999923706055,3722.0
2024-09-16 10:12:00+00:00,RGLD,141.60000610351562,141.60000610351562,141.8000030517578,141.60000610351562,141.8000030517578,628.0
2024-09-16 10:12:00+00:00,SGML,10.270000457763672,10.270000457763672,10.270000457763672,10.270000457763672,10.270000457763672,387.0
2024-09-16 10:12:00+00:00,SSRM,5.881199836730957,5.881199836730957,5.885000228881836,5.880000114440918,5.880000114440918,1008.0
2024-09-16 10:12:00+00:00,TMC,0.9570000171661377,0.9570000171661377,0.9570000171661377,0.9549999833106995,0.9549999833106995,929.0
2024-09-16 10:13:00+00:00,ALTO,1.5800000429153442,1.5800000429153442,1.5800000429153442,1.5800000429153442,1.5800000429153442,601.0
2024-09-16 10:13:00+00:00,ASTL,10.199999809265137,10.199999809265137,10.210000038146973,10.199999809265137,10.210000038146973,1219.0
2024-09-16 10:13:00+00:00,BIOX,8.625,8.625,8.625,8.625,8.625,2567.0
2024-09-16 10:13:00+00:00,CNEY,0.43689998984336853,0.43689998984336853,0.43689998984336853,0.4284000098705292,0.4327000081539154,2039.0
2024-09-16 10:13:00+00:00,GEVO,1.3049999475479126,1.3049999475479126,1.309999942779541,1.2999999523162842,1.309999942779541,118272.0
2024-09-16 10:13:00+00:00,GPRE,12.760000228881836,12.760000228881836,12.760000228881836,12.760000228881836,12.760000228881836,145.0
2024-09-16 10:13:00+00:00,IONR,4.389999866485596,4.389999866485596,4.389999866485596,4.389999866485596,4.389999866485596,0.0
2024-09-16 10:13:00+00:00,JCTCF,4.599599838256836,4.599599838256836,4.599599838256836,4.599599838256836,4.599599838256836,4475.0
2024-09-16 10:13:00+00:00,MEOH,38.4900016784668,38.4900016784668,38.4900016784668,38.42499923706055,38.42499923706055,1150.0
2024-09-16 10:13:00+00:00,MERC,6.429999828338623,6.429999828338623,6.429999828338623,6.429999828338623,6.429999828338623,4897.0
2024-09-16 10:13:00+00:00,METC,10.149999618530273,10.149999618530273,10.149999618530273,10.135000228881836,10.135000228881836,1110.0
2024-09-16 10:13:00+00:00,PAAS,21.524999618530273,21.524999618530273,21.540000915527344,21.520000457763672,21.520000457763672,9024.0
2024-09-16 10:13:00+00:00,PLL,7.139999866485596,7.139999866485596,7.150000095367432,7.139999866485596,7.150000095367432,1824.0
2024-09-16 10:13:00+00:00,PPTA,9.020000457763672,9.020000457763672,9.020000457763672,9.020000457763672,9.020000457763672,423.0
2024-09-16 10:13:00+00:00,RGLD,141.69500732421875,141.69500732421875,141.69500732421875,141.69500732421875,141.69500732421875,1738.0
2024-09-16 10:13:00+00:00,RKDA,2.759999990463257,2.759999990463257,2.759999990463257,2.759999990463257,2.759999990463257,0.0
2024-09-16 10:13:00+00:00,SSRM,5.900000095367432,5.900000095367432,5.900000095367432,5.889999866485596,5.889999866485596,3049.0
2024-09-16 10:14:00+00:00,ALTO,1.5850000381469727,1.5850000381469727,1.5850000381469727,1.5850000381469727,1.5850000381469727,3.0
2024-09-16 10:14:00+00:00,CENX,14.079999923706055,14.079999923706055,14.109999656677246,14.079999923706055,14.109999656677246,637.0
2024-09-16 10:14:00+00:00,CNEY,0.41110000014305115,0.41110000014305115,0.43689998984336853,0.40939998626708984,0.43689998984336853,17574.0
2024-09-16 10:14:00+00:00,GEVO,1.2699999809265137,1.2699999809265137,1.309999942779541,1.2599999904632568,1.309999942779541,258362.0
2024-09-16 10:14:00+00:00,GPRE,12.760000228881836,12.760000228881836,12.760000228881836,12.739999771118164,12.75,8288.0
2024-09-16 10:14:00+00:00,GSM,4.204999923706055,4.204999923706055,4.204999923706055,4.199999809265137,4.199999809265137,909.0
2024-09-16 10:14:00+00:00,HDSN,7.985000133514404,7.985000133514404,7.985000133514404,7.985000133514404,7.985000133514404,149.0
2024-09-16 10:14:00+00:00,JCTCF,4.599999904632568,4.599999904632568,4.599999904632568,4.599999904632568,4.599999904632568,417.0
2024-09-16 10:14:00+00:00,KALU,69.87999725341797,69.87999725341797,70.11000061035156,69.87999725341797,70.11000061035156,3893.0
2024-09-16 10:14:00+00:00,LITM,0.3398999869823456,0.3398999869823456,0.3398999869823456,0.3398999869823456,0.3398999869823456,302.0
2024-09-16 10:14:00+00:00,LWLG,2.6549999713897705,2.6549999713897705,2.6549999713897705,2.6519999504089355,2.6549999713897705,3682.0
2024-09-16 10:14:00+00:00,MERC,6.414999961853027,6.414999961853027,6.429999828338623,6.409999847412109,6.429999828338623,4449.0
2024-09-16 10:14:00+00:00,METC,10.154999732971191,10.154999732971191,10.15999984741211,10.154999732971191,10.15999984741211,348.0
2024-09-16 10:14:00+00:00,PAAS,21.479999542236328,21.479999542236328,21.510000228881836,21.469999313354492,21.510000228881836,4887.0
2024-09-16 10:14:00+00:00,PLL,7.135000228881836,7.135000228881836,7.139999866485596,7.135000228881836,7.139999866485596,1172.0
2024-09-16 10:14:00+00:00,SGML,10.270700454711914,10.270700454711914,10.270700454711914,10.270700454711914,10.270700454711914,252.0
2024-09-16 10:14:00+00:00,SSRM,5.88040018081665,5.88040018081665,5.900000095367432,5.880000114440918,5.900000095367432,2559.0
2024-09-16 10:14:00+00:00,STLD,112.55999755859375,112.55999755859375,112.83000183105469,112.55999755859375,112.83000183105469,4288.0
2024-09-16 10:14:00+00:00,TMC,0.9569000005722046,0.9569000005722046,0.9569000005722046,0.9569000005722046,0.9569000005722046,1022.0
2024-09-16 10:14:00+00:00,UFPI,122.70999908447266,122.70999908447266,122.70999908447266,122.70999908447266,122.70999908447266,1108.0
2024-09-16 10:14:00+00:00,ZEUS,38.61000061035156,38.61000061035156,38.619998931884766,38.61000061035156,38.619998931884766,1201.0
2024-09-16 10:15:00+00:00,BCPC,172.75999450683594,172.75999450683594,172.75999450683594,172.75999450683594,172.75999450683594,571.0
2024-09-16 10:15:00+00:00,CENX,14.0,14.0,14.050100326538086,14.0,14.050100326538086,1985.0
2024-09-16 10:15:00+00:00,GEVO,1.2991000413894653,1.2991000413894653,1.309999942779541,1.2649999856948853,1.2649999856948853,151796.0
2024-09-16 10:15:00+00:00,GSM,4.199999809265137,4.199999809265137,4.199999809265137,4.199999809265137,4.199999809265137,441.0
2024-09-16 10:15:00+00:00,HWKN,118.8499984741211,118.8499984741211,118.8499984741211,118.8499984741211,118.8499984741211,343.0
2024-09-16 10:15:00+00:00,IOSP,110.0,110.0,110.0,110.0,110.0,436.0
2024-09-16 10:15:00+00:00,LWLG,2.6549999713897705,2.6549999713897705,2.6549999713897705,2.6549999713897705,2.6549999713897705,18300.0
2024-09-16 10:15:00+00:00,MEOH,38.400001525878906,38.400001525878906,38.41999816894531,38.400001525878906,38.41999816894531,487.0
2024-09-16 10:15:00+00:00,MERC,6.420000076293945,6.420000076293945,6.420000076293945,6.40500020980835,6.409999847412109,5332.0
2024-09-16 10:15:00+00:00,METC,10.170000076293945,10.170000076293945,10.170000076293945,10.149999618530273,10.149999618530273,2299.0
2024-09-16 10:15:00+00:00,PAAS,21.469999313354492,21.469999313354492,21.485000610351562,21.459999084472656,21.479999542236328,5183.0
2024-09-16 10:15:00+00:00,PLL,7.135000228881836,7.135000228881836,7.135000228881836,7.1234002113342285,7.130000114440918,2534.0
2024-09-16 10:15:00+00:00,PPTA,8.989999771118164,8.989999771118164,9.024999618530273,8.989999771118164,9.0,1311.0
2024-09-16 10:15:00+00:00,SEED,2.680000066757202,2.680000066757202,2.680000066757202,2.680000066757202,2.680000066757202,540.0
2024-09-16 10:15:00+00:00,SGML,10.25,10.25,10.260000228881836,10.25,10.260000228881836,686.0
2024-09-16 10:15:00+00:00,SSRM,5.889999866485596,5.889999866485596,5.889999866485596,5.889999866485596,5.889999866485596,671.0
2024-09-16 10:15:00+00:00,STLD,112.56999969482422,112.56999969482422,112.56999969482422,112.5,112.5,417.0
2024-09-16 10:16:00+00:00,ALTO,1.5850000381469727,1.5850000381469727,1.5850000381469727,1.5850000381469727,1.5850000381469727,2304.0
2024-09-16 10:16:00+00:00,ASTL,10.199999809265137,10.199999809265137,10.199999809265137,10.199999809265137,10.199999809265137,628.0
2024-09-16 10:16:00+00:00,CENX,14.0,14.0,14.0,13.989999771118164,14.0,2279.0
2024-09-16 10:16:00+00:00,CNEY,0.41999998688697815,0.41999998688697815,0.41999998688697815,0.41999998688697815,0.41999998688697815,250.0
2024-09-16 10:16:00+00:00,GEVO,1.309999942779541,1.309999942779541,1.309999942779541,1.2899999618530273,1.2999000549316406,71508.0
2024-09-16 10:16:00+00:00,GPRE,12.761199951171875,12.761199951171875,12.761199951171875,12.761199951171875,12.761199951171875,333.0
2024-09-16 10:16:00+00:00,GSM,4.199999809265137,4.199999809265137,4.199999809265137,4.195000171661377,4.199999809265137,1455.0
2024-09-16 10:16:00+00:00,HYMC,2.6549999713897705,2.6549999713897705,2.6549999713897705,2.6549999713897705,2.6549999713897705,10000.0
2024-09-16 10:16:00+00:00,JCTCF,4.599899768829346,4.599899768829346,4.599899768829346,4.599899768829346,4.599899768829346,573.0
2024-09-16 10:16:00+00:00,LWLG,2.6500000953674316,2.6500000953674316,2.6549999713897705,2.6500000953674316,2.6549999713897705,2392.0
2024-09-16 10:16:00+00:00,MEOH,38.412498474121094,38.412498474121094,38.412498474121094,38.412498474121094,38.412498474121094,200.0
2024-09-16 10:16:00+00:00,MERC,6.425000190734863,6.425000190734863,6.425000190734863,6.425000190734863,6.425000190734863,247.0
2024-09-16 10:16:00+00:00,METC,10.154999732971191,10.154999732971191,10.154999732971191,10.154999732971191,10.154999732971191,113.0
2024-09-16 10:16:00+00:00,ORGN,1.5104999542236328,1.5104999542236328,1.5104999542236328,1.5104999542236328,1.5104999542236328,1217.0
2024-09-16 10:16:00+00:00,PAAS,21.450000762939453,21.450000762939453,21.459999084472656,21.440000534057617,21.459999084472656,3142.0
2024-09-16 10:16:00+00:00,PLL,7.159999847412109,7.159999847412109,7.159999847412109,7.139999866485596,7.139999866485596,1920.0
2024-09-16 10:16:00+00:00,PPTA,9.020000457763672,9.020000457763672,9.029999732971191,9.020000457763672,9.029999732971191,720.0
2024-09-16 10:16:00+00:00,RGLD,141.25,141.25,141.25,141.25,141.25,1428.0
2024-09-16 10:16:00+00:00,SGML,10.260000228881836,10.260000228881836,10.270099639892578,10.260000228881836,10.270000457763672,3492.0
2024-09-16 10:16:00+00:00,SSRM,5.885000228881836,5.885000228881836,5.885000228881836,5.880199909210205,5.88100004196167,1516.0
2024-09-16 10:16:00+00:00,STLD,112.55999755859375,112.55999755859375,112.55999755859375,112.55999755859375,112.55999755859375,308.0
2024-09-16 10:16:00+00:00,TMC,0.9542999863624573,0.9542999863624573,0.9542999863624573,0.9542999863624573,0.9542999863624573,223.0
2024-09-16 10:16:00+00:00,UFPI,122.5999984741211,122.5999984741211,122.5999984741211,122.59500122070312,122.59500122070312,517.0
2024-09-16 10:16:00+00:00,USAP,38.04499816894531,38.04499816894531,38.04499816894531,38.04499816894531,38.04499816894531,152.0
2024-09-16 10:16:00+00:00,ZEUS,38.59000015258789,38.59000015258789,38.66999816894531,38.59000015258789,38.65999984741211,1496.0
2024-09-16 10:17:00+00:00,ALTO,1.600000023841858,1.600000023841858,1.600000023841858,1.5850000381469727,1.5850000381469727,10205.0
2024-09-16 10:17:00+00:00,CENX,14.020000457763672,14.020000457763672,14.020000457763672,13.994999885559082,13.994999885559082,1940.0
2024-09-16 10:17:00+00:00,CNEY,0.4205000102519989,0.4205000102519989,0.4300000071525574,0.4205000102519989,0.4300000071525574,6421.0
2024-09-16 10:17:00+00:00,FEAM,0.5302000045776367,0.5302000045776367,0.5317999720573425,0.5302000045776367,0.5317999720573425,497.0
2024-09-16 10:17:00+00:00,GEVO,1.3040000200271606,1.3040000200271606,1.309999942779541,1.2999999523162842,1.3071999549865723,67742.0
2024-09-16 10:17:00+00:00,GPRE,12.770000457763672,12.770000457763672,12.770000457763672,12.770000457763672,12.770000457763672,463.0
2024-09-16 10:17:00+00:00,GSM,4.195000171661377,4.195000171661377,4.195000171661377,4.195000171661377,4.195000171661377,338.0
2024-09-16 10:17:00+00:00,HDSN,7.980000019073486,7.980000019073486,7.980000019073486,7.980000019073486,7.980000019073486,933.0
2024-09-16 10:17:00+00:00,HYMC,2.6500000953674316,2.6500000953674316,2.6600000858306885,2.6500000953674316,2.6500000953674316,0.0
2024-09-16 10:17:00+00:00,KALU,69.61000061035156,69.61000061035156,69.61000061035156,69.61000061035156,69.61000061035156,196.0
2024-09-16 10:17:00+00:00,LWLG,2.6449999809265137,2.6449999809265137,2.6449999809265137,2.640000104904175,2.640000104904175,466.0
2024-09-16 10:17:00+00:00,MEOH,38.415000915527344,38.415000915527344,38.415000915527344,38.415000915527344,38.415000915527344,143.0
2024-09-16 10:17:00+00:00,MERC,6.434999942779541,6.434999942779541,6.434999942779541,6.425000190734863,6.425000190734863,1854.0
2024-09-16 10:17:00+00:00,METC,10.147299766540527,10.147299766540527,10.164999961853027,10.147299766540527,10.154999732971191,676.0
2024-09-16 10:17:00+00:00,PAAS,21.424999237060547,21.424999237060547,21.44499969482422,21.42009925842285,21.440000534057617,9031.0
2024-09-16 10:17:00+00:00,PLL,7.139999866485596,7.139999866485596,7.150000095367432,7.139999866485596,7.150000095367432,6330.0
2024-09-16 10:17:00+00:00,PPTA,9.005000114440918,9.005000114440918,9.015000343322754,9.005000114440918,9.015000343322754,894.0
2024-09-16 10:17:00+00:00,SEED,2.569999933242798,2.569999933242798,2.569999933242798,2.5594000816345215,2.5594000816345215,5480.0
2024-09-16 10:17:00+00:00,SGML,10.2608003616333,10.2608003616333,10.265000343322754,10.2608003616333,10.265000343322754,6432.0
2024-09-16 10:17:00+00:00,SSRM,5.875,5.875,5.880000114440918,5.875,5.880000114440918,489.0
2024-09-16 10:17:00+00:00,STLD,112.62000274658203,112.62000274658203,112.62000274658203,112.49099731445312,112.55999755859375,2143.0
2024-09-16 10:17:00+00:00,TMC,0.9541000127792358,0.9541000127792358,0.9556999802589417,0.9541000127792358,0.9556999802589417,14390.0
2024-09-16 10:17:00+00:00,ZEUS,38.72999954223633,38.72999954223633,38.72999954223633,38.650001525878906,38.650001525878906,1107.0
2024-09-16 10:17:00+00:00,ZKIN,0.46000000834465027,0.46000000834465027,0.46000000834465027,0.46000000834465027,0.46000000834465027,1113.0
2024-09-16 10:18:00+00:00,CENX,14.039999961853027,14.039999961853027,14.039999961853027,14.039999961853027,14.039999961853027,1020.0
2024-09-16 10:18:00+00:00,CNEY,0.4300000071525574,0.4300000071525574,0.4300000071525574,0.42100000381469727,0.42100000381469727,3046.0
2024-09-16 10:18:00+00:00,GEVO,1.2999999523162842,1.2999999523162842,1.309999942779541,1.284999966621399,1.309999942779541,148310.0
2024-09-16 10:18:00+00:00,GPRE,12.75,12.75,12.75,12.75,12.75,1991.0
2024-09-16 10:18:00+00:00,HDSN,7.974999904632568,7.974999904632568,7.974999904632568,7.96999979019165,7.96999979019165,303.0
2024-09-16 10:18:00+00:00,HWKN,119.05000305175781,119.05000305175781,119.05000305175781,119.05000305175781,119.05000305175781,176.0
2024-09-16 10:18:00+00:00,KALU,69.84500122070312,69.84500122070312,69.84500122070312,69.69999694824219,69.69999694824219,643.0
2024-09-16 10:18:00+00:00,LGO,1.7699999809265137,1.7699999809265137,1.784999966621399,1.7599999904632568,1.784999966621399,2227.0
2024-09-16 10:18:00+00:00,LITM,0.3379000127315521,0.3379000127315521,0.3379000127315521,0.337799996137619,0.337799996137619,443.0
2024-09-16 10:18:00+00:00,LWLG,2.634999990463257,2.634999990463257,2.6401000022888184,2.634999990463257,2.6401000022888184,1668.0
2024-09-16 10:18:00+00:00,MEOH,38.43000030517578,38.43000030517578,38.43000030517578,38.40999984741211,38.41999816894531,1585.0
2024-09-16 10:18:00+00:00,MERC,6.434999942779541,6.434999942779541,6.434999942779541,6.434999942779541,6.434999942779541,312.0
2024-09-16 10:18:00+00:00,METC,10.109999656677246,10.109999656677246,10.140000343322754,10.109999656677246,10.140000343322754,1903.0
2024-09-16 10:18:00+00:00,ORGN,1.5149999856948853,1.5149999856948853,1.5198999643325806,1.5149999856948853,1.5198999643325806,1842.0
2024-09-16 10:18:00+00:00,PAAS,21.434999465942383,21.434999465942383,21.434999465942383,21.424999237060547,21.424999237060547,2937.0
2024-09-16 10:18:00+00:00,PLL,7.148499965667725,7.148499965667725,7.148499965667725,7.13539981842041,7.13539981842041,1264.0
2024-09-16 10:18:00+00:00,PPTA,8.930000305175781,8.930000305175781,8.960000038146973,8.930000305175781,8.960000038146973,2144.0
2024-09-16 10:18:00+00:00,SEED,2.549999952316284,2.549999952316284,2.680000066757202,2.549999952316284,2.630000114440918,5905.0
2024-09-16 10:18:00+00:00,SGML,10.25,10.25,10.25,10.25,10.25,453.0
2024-09-16 10:18:00+00:00,SSRM,5.875,5.875,5.875,5.875,5.875,1217.0
2024-09-16 10:18:00+00:00,UFPI,122.6050033569336,122.6050033569336,122.6050033569336,122.6050033569336,122.6050033569336,163.0
2024-09-16 10:18:00+00:00,USAP,38.040000915527344,38.040000915527344,38.040000915527344,38.040000915527344,38.040000915527344,659.0
2024-09-16 10:18:00+00:00,USAU,5.730000019073486,5.730000019073486,5.730000019073486,5.730000019073486,5.730000019073486,105.0
2024-09-16 10:19:00+00:00,ASTL,10.199999809265137,10.199999809265137,10.199999809265137,10.199999809265137,10.199999809265137,557.0
2024-09-16 10:19:00+00:00,CENX,14.039999961853027,14.039999961853027,14.039999961853027,14.039999961853027,14.039999961853027,1115.0
2024-09-16 10:19:00+00:00,CNEY,0.4293000102043152,0.4293000102043152,0.4293000102043152,0.4293000102043152,0.4293000102043152,540.0
2024-09-16 10:19:00+00:00,GEVO,1.309999942779541,1.309999942779541,1.3200000524520874,1.2908999919891357,1.2998000383377075,121065.0
2024-09-16 10:19:00+00:00,GPRE,12.729999542236328,12.729999542236328,12.739999771118164,12.729999542236328,12.739999771118164,2115.0
2024-09-16 10:19:00+00:00,GSM,4.195000171661377,4.195000171661377,4.195000171661377,4.195000171661377,4.195000171661377,754.0
2024-09-16 10:19:00+00:00,HWKN,118.37999725341797,118.37999725341797,118.37999725341797,118.37999725341797,118.37999725341797,916.0
2024-09-16 10:19:00+00:00,HYMC,2.6510000228881836,2.6510000228881836,2.680000066757202,2.6510000228881836,2.6600000858306885,5356.0
2024-09-16 10:19:00+00:00,METC,10.109999656677246,10.109999656677246,10.109999656677246,10.109999656677246,10.109999656677246,314.0
2024-09-16 10:19:00+00:00,PAAS,21.45170021057129,21.45170021057129,21.459999084472656,21.440000534057617,21.440000534057617,7986.0
2024-09-16 10:19:00+00:00,PLL,7.139999866485596,7.139999866485596,7.150000095367432,7.139999866485596,7.150000095367432,1595.0
2024-09-16 10:19:00+00:00,PPTA,8.979999542236328,8.979999542236328,8.979999542236328,8.9399995803833,8.9399995803833,566.0
2024-09-16 10:19:00+00:00,SGML,10.274999618530273,10.274999618530273,10.274999618530273,10.274999618530273,10.274999618530273,305.0
2024-09-16 10:19:00+00:00,SSRM,5.880000114440918,5.880000114440918,5.880000114440918,5.875,5.875,5845.0
2024-09-16 10:19:00+00:00,STLD,112.58000183105469,112.58000183105469,112.58000183105469,112.57499694824219,112.57499694824219,657.0
2024-09-16 10:19:00+00:00,TMC,0.9498999714851379,0.9498999714851379,0.949999988079071,0.9498999714851379,0.949999988079071,665.0
2024-09-16 10:19:00+00:00,UFPI,122.81999969482422,122.81999969482422,122.81999969482422,122.81999969482422,122.81999969482422,597.0
2024-09-16 10:20:00+00:00,ALTO,1.6050000190734863,1.6050000190734863,1.6100000143051147,1.6050000190734863,1.6050000190734863,1087.0
2024-09-16 10:20:00+00:00,CENX,14.029999732971191,14.029999732971191,14.038999557495117,14.0,14.010000228881836,1101.0
2024-09-16 10:20:00+00:00,FEAM,0.5302000045776367,0.5302000045776367,0.5302000045776367,0.5302000045776367,0.5302000045776367,400.0
2024-09-16 10:20:00+00:00,GEVO,1.309999942779541,1.309999942779541,1.309999942779541,1.2999999523162842,1.3040000200271606,69701.0
2024-09-16 10:20:00+00:00,GPRE,12.739999771118164,12.739999771118164,12.739999771118164,12.739999771118164,12.739999771118164,207.0
2024-09-16 10:20:00+00:00,HDSN,7.96999979019165,7.96999979019165,7.974999904632568,7.96999979019165,7.974999904632568,837.0
2024-09-16 10:20:00+00:00,HYMC,2.699899911880493,2.699899911880493,2.699899911880493,2.699899911880493,2.699899911880493,0.0
2024-09-16 10:20:00+00:00,LGO,1.75,1.75,1.750499963760376,1.75,1.750499963760376,857.0
2024-09-16 10:20:00+00:00,LWLG,2.630000114440918,2.630000114440918,2.630000114440918,2.630000114440918,2.630000114440918,751.0
2024-09-16 10:20:00+00:00,MEOH,38.43000030517578,38.43000030517578,38.43000030517578,38.43000030517578,38.43000030517578,991.0
2024-09-16 10:20:00+00:00,MERC,6.440000057220459,6.440000057220459,6.449999809265137,6.434999942779541,6.434999942779541,7720.0
2024-09-16 10:20:00+00:00,PAAS,21.3700008392334,21.3700008392334,21.450000762939453,21.3700008392334,21.450000762939453,10030.0
2024-09-16 10:20:00+00:00,PLL,7.130000114440918,7.130000114440918,7.130000114440918,7.130000114440918,7.130000114440918,955.0
2024-09-16 10:20:00+00:00,PPTA,8.920000076293945,8.920000076293945,8.930000305175781,8.920000076293945,8.930000305175781,1275.0
2024-09-16 10:20:00+00:00,RGLD,141.64999389648438,141.64999389648438,141.64999389648438,141.64999389648438,141.64999389648438,1073.0
2024-09-16 10:20:00+00:00,SEED,2.6105000972747803,2.6105000972747803,2.6105000972747803,2.6105000972747803,2.6105000972747803,0.0
2024-09-16 10:20:00+00:00,SSRM,5.869999885559082,5.869999885559082,5.880000114440918,5.869999885559082,5.880000114440918,16271.0
2024-09-16 10:20:00+00:00,STLD,112.57499694824219,112.57499694824219,112.57499694824219,112.57499694824219,112.57499694824219,2280.0
2024-09-16 10:20:00+00:00,UFPI,123.0,123.0,123.0,122.76000213623047,122.76000213623047,1138.0
2024-09-16 10:20:00+00:00,ZEUS,38.68000030517578,38.68000030517578,38.68000030517578,38.68000030517578,38.68000030517578,4707.0
2024-09-16 10:21:00+00:00,ALTO,1.5950000286102295,1.5950000286102295,1.6050000190734863,1.5950000286102295,1.6050000190734863,14319.0
2024-09-16 10:21:00+00:00,AREC,0.49000000953674316,0.49000000953674316,0.49000000953674316,0.49000000953674316,0.49000000953674316,1443.0
2024-09-16 10:21:00+00:00,CNEY,0.42730000615119934,0.42730000615119934,0.4300000071525574,0.42730000615119934,0.42899999022483826,4165.0
2024-09-16 10:21:00+00:00,GEVO,1.3049999475479126,1.3049999475479126,1.309999942779541,1.2999999523162842,1.309999942779541,48751.0
2024-09-16 10:21:00+00:00,HDSN,7.949999809265137,7.949999809265137,7.949999809265137,7.949999809265137,7.949999809265137,424.0
2024-09-16 10:21:00+00:00,HYMC,2.674999952316284,2.674999952316284,2.674999952316284,2.674999952316284,2.674999952316284,741.0
2024-09-16 10:21:00+00:00,LWLG,2.625,2.625,2.625,2.625,2.625,2441.0
2024-09-16 10:21:00+00:00,MERC,6.438399791717529,6.438399791717529,6.438399791717529,6.434999942779541,6.434999942779541,907.0
2024-09-16 10:21:00+00:00,METC,10.079999923706055,10.079999923706055,10.09000015258789,10.079999923706055,10.09000015258789,2122.0
2024-09-16 10:21:00+00:00,ORGN,1.5149999856948853,1.5149999856948853,1.5149999856948853,1.5099999904632568,1.5149999856948853,820.0
2024-09-16 10:21:00+00:00,PAAS,21.385000228881836,21.385000228881836,21.395000457763672,21.3700008392334,21.3700008392334,15573.0
2024-09-16 10:21:00+00:00,PLL,7.125,7.125,7.125,7.125,7.125,212.0
2024-09-16 10:21:00+00:00,PPTA,8.9399995803833,8.9399995803833,8.960000038146973,8.9399995803833,8.9399995803833,6370.0
2024-09-16 10:21:00+00:00,RGLD,141.375,141.375,141.375,141.0800018310547,141.0800018310547,1191.0
2024-09-16 10:21:00+00:00,SSRM,5.880000114440918,5.880000114440918,5.880000114440918,5.869999885559082,5.869999885559082,927.0
2024-09-16 10:21:00+00:00,STLD,112.30010223388672,112.30010223388672,112.30010223388672,112.30010223388672,112.30010223388672,350.0
2024-09-16 10:22:00+00:00,ALTO,1.5950000286102295,1.5950000286102295,1.5999000072479248,1.5950000286102295,1.5999000072479248,3124.0
2024-09-16 10:22:00+00:00,ASTL,10.194999694824219,10.194999694824219,10.194999694824219,10.194999694824219,10.194999694824219,409.0
2024-09-16 10:22:00+00:00,CENX,14.024999618530273,14.024999618530273,14.024999618530273,14.024999618530273,14.024999618530273,201.0
2024-09-16 10:22:00+00:00,FEAM,0.5302000045776367,0.5302000045776367,0.5302000045776367,0.5302000045776367,0.5302000045776367,251.0
2024-09-16 10:22:00+00:00,GEVO,1.3086999654769897,1.3086999654769897,1.309999942779541,1.2899999618530273,1.3049999475479126,96824.0
2024-09-16 10:22:00+00:00,GPRE,12.739999771118164,12.739999771118164,12.739999771118164,12.739999771118164,12.739999771118164,483.0
2024-09-16 10:22:00+00:00,GSM,4.184999942779541,4.184999942779541,4.184999942779541,4.184999942779541,4.184999942779541,201.0
2024-09-16 10:22:00+00:00,KALU,69.8949966430664,69.8949966430664,69.8949966430664,69.8949966430664,69.8949966430664,325.0
2024-09-16 10:22:00+00:00,LGO,1.7549999952316284,1.7549999952316284,1.7549999952316284,1.7549999952316284,1.7549999952316284,760.0
2024-09-16 10:22:00+00:00,MEOH,38.41999816894531,38.41999816894531,38.41999816894531,38.41999816894531,38.41999816894531,1309.0
2024-09-16 10:22:00+00:00,ORGN,1.5149999856948853,1.5149999856948853,1.5149999856948853,1.5149999856948853,1.5149999856948853,19.0
2024-09-16 10:22:00+00:00,PAAS,21.415000915527344,21.415000915527344,21.43000030517578,21.399999618530273,21.399999618530273,7263.0
2024-09-16 10:22:00+00:00,PLL,7.130000114440918,7.130000114440918,7.139999866485596,7.130000114440918,7.130000114440918,2137.0
2024-09-16 10:22:00+00:00,PPTA,8.9399995803833,8.9399995803833,8.960000038146973,8.9399995803833,8.9399995803833,3700.0
2024-09-16 10:22:00+00:00,RGLD,141.0800018310547,141.0800018310547,141.0800018310547,141.0800018310547,141.0800018310547,1029.0
2024-09-16 10:22:00+00:00,SGML,10.260000228881836,10.260000228881836,10.260000228881836,10.260000228881836,10.260000228881836,1075.0
2024-09-16 10:22:00+00:00,SSRM,5.875,5.875,5.885000228881836,5.875,5.880000114440918,1953.0
2024-09-16 10:22:00+00:00,STLD,112.2699966430664,112.2699966430664,112.2699966430664,112.2699966430664,112.2699966430664,660.0
2024-09-16 10:22:00+00:00,UFPI,122.8499984741211,122.8499984741211,122.88999938964844,122.8499984741211,122.88999938964844,470.0
2024-09-16 10:23:00+00:00,ALTO,1.590000033378601,1.590000033378601,1.590000033378601,1.590000033378601,1.590000033378601,17633.0
2024-09-16 10:23:00+00:00,ASTL,10.1899995803833,10.1899995803833,10.199999809265137,10.1899995803833,10.199999809265137,1147.0
2024-09-16 10:23:00+00:00,CENX,14.010000228881836,14.010000228881836,14.010000228881836,14.010000228881836,14.010000228881836,875.0
2024-09-16 10:23:00+00:00,ELBM,0.6284999847412109,0.6284999847412109,0.6284999847412109,0.6284999847412109,0.6284999847412109,0.0
2024-09-16 10:23:00+00:00,FEAM,0.5400000214576721,0.5400000214576721,0.5400000214576721,0.5400000214576721,0.5400000214576721,1889.0
2024-09-16 10:23:00+00:00,GEVO,1.3049999475479126,1.3049999475479126,1.309999942779541,1.2999999523162842,1.2999999523162842,48238.0
2024-09-16 10:23:00+00:00,GPRE,12.710000038146973,12.710000038146973,12.739999771118164,12.710000038146973,12.739999771118164,1881.0
2024-09-16 10:23:00+00:00,GSM,4.180099964141846,4.180099964141846,4.180099964141846,4.180099964141846,4.180099964141846,837.0
2024-09-16 10:23:00+00:00,HYMC,2.680000066757202,2.680000066757202,2.680000066757202,2.680000066757202,2.680000066757202,395.0
2024-09-16 10:23:00+00:00,KALU,69.6500015258789,69.6500015258789,69.66000366210938,69.6500015258789,69.6500015258789,929.0
2024-09-16 10:23:00+00:00,MEOH,38.38999938964844,38.38999938964844,38.42250061035156,38.38999938964844,38.38999938964844,1042.0
2024-09-16 10:23:00+00:00,MERC,6.429999828338623,6.429999828338623,6.434999942779541,6.429999828338623,6.429999828338623,2475.0
2024-09-16 10:23:00+00:00,METC,10.09000015258789,10.09000015258789,10.09000015258789,10.09000015258789,10.09000015258789,461.0
2024-09-16 10:23:00+00:00,ORGN,1.5140000581741333,1.5140000581741333,1.5140000581741333,1.5140000581741333,1.5140000581741333,396.0
2024-09-16 10:23:00+00:00,PAAS,21.390199661254883,21.390199661254883,21.424999237060547,21.389999389648438,21.420000076293945,26093.0
2024-09-16 10:23:00+00:00,PLL,7.130000114440918,7.130000114440918,7.130000114440918,7.130000114440918,7.130000114440918,2166.0
2024-09-16 10:23:00+00:00,PPTA,8.875,8.875,8.9399995803833,8.850099563598633,8.9399995803833,4008.0
2024-09-16 10:23:00+00:00,SMID,35.819698333740234,35.819698333740234,35.819698333740234,35.819698333740234,35.819698333740234,102.0
2024-09-16 10:23:00+00:00,SSRM,5.873199939727783,5.873199939727783,5.873199939727783,5.873199939727783,5.873199939727783,602.0
2024-09-16 10:23:00+00:00,TMC,0.949999988079071,0.949999988079071,0.949999988079071,0.949999988079071,0.949999988079071,1673.0
2024-09-16 10:23:00+00:00,UFPI,122.85929870605469,122.85929870605469,122.85929870605469,122.85929870605469,122.85929870605469,240.0
2024-09-16 10:23:00+00:00,USAU,5.761300086975098,5.761300086975098,5.761300086975098,5.761300086975098,5.761300086975098,1124.0
2024-09-16 10:24:00+00:00,ALTO,1.5850000381469727,1.5850000381469727,1.5850000381469727,1.5850000381469727,1.5850000381469727,4282.0
2024-09-16 10:24:00+00:00,ASTL,10.180000305175781,10.180000305175781,10.180000305175781,10.180000305175781,10.180000305175781,565.0
2024-09-16 10:24:00+00:00,CNEY,0.4345000088214874,0.4345000088214874,0.4345000088214874,0.4302000105381012,0.4302000105381012,12320.0
2024-09-16 10:24:00+00:00,GEVO,1.2949999570846558,1.2949999570846558,1.3097000122070312,1.2899999618530273,1.3049999475479126,84463.0
2024-09-16 10:24:00+00:00,GPRE,12.710000038146973,12.710000038146973,12.718799591064453,12.710000038146973,12.718799591064453,1196.0
2024-09-16 10:24:00+00:00,GSM,4.184999942779541,4.184999942779541,4.184999942779541,4.184999942779541,4.184999942779541,536.0
2024-09-16 10:24:00+00:00,HDSN,7.949999809265137,7.949999809265137,7.949999809265137,7.949999809265137,7.949999809265137,663.0
2024-09-16 10:24:00+00:00,HYMC,2.690000057220459,2.690000057220459,2.690000057220459,2.690000057220459,2.690000057220459,104.0
2024-09-16 10:24:00+00:00,KALU,69.6500015258789,69.6500015258789,69.6500015258789,69.6500015258789,69.6500015258789,922.0
2024-09-16 10:24:00+00:00,LGO,1.7506999969482422,1.7506999969482422,1.7506999969482422,1.7506999969482422,1.7506999969482422,104.0
2024-09-16 10:24:00+00:00,LITM,0.3303000032901764,0.3303000032901764,0.3379000127315521,0.3303000032901764,0.3379000127315521,4825.0
2024-09-16 10:24:00+00:00,MEOH,38.34000015258789,38.34000015258789,38.349998474121094,38.34000015258789,38.349998474121094,606.0
2024-09-16 10:24:00+00:00,MERC,6.420000076293945,6.420000076293945,6.429999828338623,6.420000076293945,6.429999828338623,2270.0
2024-09-16 10:24:00+00:00,METC,10.0600004196167,10.0600004196167,10.079999923706055,10.0600004196167,10.079999923706055,516.0
2024-09-16 10:24:00+00:00,PAAS,21.40999984741211,21.40999984741211,21.40999984741211,21.3799991607666,21.389999389648438,7929.0
2024-09-16 10:24:00+00:00,PLL,7.110000133514404,7.110000133514404,7.119999885559082,7.110000133514404,7.119999885559082,4569.0
2024-09-16 10:24:00+00:00,PPTA,8.899999618530273,8.899999618530273,8.899999618530273,8.899999618530273,8.899999618530273,824.0
2024-09-16 10:24:00+00:00,SGML,10.229999542236328,10.229999542236328,10.229999542236328,10.229999542236328,10.229999542236328,635.0
2024-09-16 10:24:00+00:00,SSRM,5.880000114440918,5.880000114440918,5.880000114440918,5.880000114440918,5.880000114440918,1295.0
2024-09-16 10:24:00+00:00,STLD,112.16500091552734,112.16500091552734,112.16500091552734,112.16500091552734,112.16500091552734,374.0
2024-09-16 10:24:00+00:00,UFPI,122.33499908447266,122.33499908447266,122.55999755859375,122.33499908447266,122.55999755859375,2039.0
2024-09-16 10:24:00+00:00,USAP,38.04999923706055,38.04999923706055,38.04999923706055,38.04999923706055,38.04999923706055,2041.0
2024-09-16 10:25:00+00:00,AREC,0.48989999294281006,0.48989999294281006,0.48989999294281006,0.48989999294281006,0.48989999294281006,1039.0
2024-09-16 10:25:00+00:00,CENX,14.0,14.0,14.0,13.989999771118164,13.989999771118164,924.0
2024-09-16 10:25:00+00:00,CNEY,0.4345000088214874,0.4345000088214874,0.4345000088214874,0.4345000088214874,0.4345000088214874,40.0
2024-09-16 10:25:00+00:00,CRKN,1.340000033378601,1.340000033378601,1.340000033378601,1.340000033378601,1.340000033378601,1779.0
2024-09-16 10:25:00+00:00,GEVO,1.2999999523162842,1.2999999523162842,1.3049999475479126,1.2900999784469604,1.2999999523162842,47761.0
2024-09-16 10:25:00+00:00,GPRE,12.710000038146973,12.710000038146973,12.720000267028809,12.710000038146973,12.720000267028809,1193.0
2024-09-16 10:25:00+00:00,HDSN,7.949999809265137,7.949999809265137,7.949999809265137,7.949999809265137,7.949999809265137,174.0
2024-09-16 10:25:00+00:00,LWLG,2.628999948501587,2.628999948501587,2.628999948501587,2.628999948501587,2.628999948501587,133.0
2024-09-16 10:25:00+00:00,ORGN,1.5149999856948853,1.5149999856948853,1.5149999856948853,1.5149999856948853,1.5149999856948853,460.0
2024-09-16 10:25:00+00:00,PAAS,21.39150047302246,21.39150047302246,21.4060001373291,21.370100021362305,21.405000686645508,8721.0
2024-09-16 10:25:00+00:00,PLL,7.119999885559082,7.119999885559082,7.119999885559082,7.119999885559082,7.119999885559082,1088.0
2024-09-16 10:25:00+00:00,PPTA,8.901100158691406,8.901100158691406,8.901100158691406,8.899999618530273,8.899999618530273,611.0
2024-09-16 10:25:00+00:00,RGLD,141.2183074951172,141.2183074951172,141.2183074951172,141.2183074951172,141.2183074951172,685.0
2024-09-16 10:25:00+00:00,SSRM,5.880000114440918,5.880000114440918,5.880000114440918,5.87470006942749,5.875,2619.0
2024-09-16 10:25:00+00:00,STLD,112.1449966430664,112.1449966430664,112.1449966430664,112.0999984741211,112.0999984741211,728.0
2024-09-16 10:25:00+00:00,UFPI,122.4000015258789,122.4000015258789,122.5,122.4000015258789,122.41999816894531,1532.0
2024-09-16 10:26:00+00:00,ALTO,1.5800000429153442,1.5800000429153442,1.5800000429153442,1.5800000429153442,1.5800000429153442,400.0
2024-09-16 10:26:00+00:00,ASTL,10.15999984741211,10.15999984741211,10.170000076293945,10.15999984741211,10.170000076293945,943.0
2024-09-16 10:26:00+00:00,CENX,13.970000267028809,13.970000267028809,13.989999771118164,13.970000267028809,13.989999771118164,1224.0
2024-09-16 10:26:00+00:00,CNEY,0.43059998750686646,0.43059998750686646,0.4390000104904175,0.43059998750686646,0.43459999561309814,6272.0
2024-09-16 10:26:00+00:00,GEVO,1.2999000549316406,1.2999000549316406,1.309999942779541,1.2940000295639038,1.3091000318527222,74396.0
2024-09-16 10:26:00+00:00,GPRE,12.694999694824219,12.694999694824219,12.729999542236328,12.694999694824219,12.710000038146973,5463.0
2024-09-16 10:26:00+00:00,GSM,4.184999942779541,4.184999942779541,4.184999942779541,4.179999828338623,4.179999828338623,1531.0
2024-09-16 10:26:00+00:00,HDSN,7.940000057220459,7.940000057220459,7.940000057220459,7.940000057220459,7.940000057220459,166.0
2024-09-16 10:26:00+00:00,HWKN,118.84500122070312,118.84500122070312,118.84500122070312,118.84500122070312,118.84500122070312,219.0
2024-09-16 10:26:00+00:00,HYMC,2.6867001056671143,2.6867001056671143,2.6867001056671143,2.6867001056671143,2.6867001056671143,3456.0
2024-09-16 10:26:00+00:00,IOSP,109.61499786376953,109.61499786376953,110.0,109.61499786376953,109.63999938964844,1734.0
2024-09-16 10:26:00+00:00,LWLG,2.615000009536743,2.615000009536743,2.619999885559082,2.615000009536743,2.619999885559082,2439.0
2024-09-16 10:26:00+00:00,MEOH,38.38999938964844,38.38999938964844,38.38999938964844,38.33000183105469,38.349998474121094,2019.0
2024-09-16 10:26:00+00:00,MERC,6.409900188446045,6.409900188446045,6.420000076293945,6.409900188446045,6.420000076293945,1395.0
2024-09-16 10:26:00+00:00,METC,10.050000190734863,10.050000190734863,10.0600004196167,10.050000190734863,10.0600004196167,458.0
2024-09-16 10:26:00+00:00,PAAS,21.350000381469727,21.350000381469727,21.389999389648438,21.34000015258789,21.389999389648438,4425.0
2024-09-16 10:26:00+00:00,PLL,7.119999885559082,7.119999885559082,7.119999885559082,7.119999885559082,7.119999885559082,756.0
2024-09-16 10:26:00+00:00,PPTA,8.925000190734863,8.925000190734863,8.925000190734863,8.920000076293945,8.920000076293945,803.0
2024-09-16 10:26:00+00:00,RETO,1.4249999523162842,1.4249999523162842,1.4249999523162842,1.4249999523162842,1.4249999523162842,6864.0
2024-09-16 10:26:00+00:00,SSRM,5.875,5.875,5.875,5.869999885559082,5.869999885559082,207.0
2024-09-16 10:26:00+00:00,STLD,112.13999938964844,112.13999938964844,112.13999938964844,112.02999877929688,112.08000183105469,3081.0
2024-09-16 10:27:00+00:00,ALTO,1.5801000595092773,1.5801000595092773,1.5801000595092773,1.5800000429153442,1.5800000429153442,1433.0
2024-09-16 10:27:00+00:00,CENX,13.9399995803833,13.9399995803833,13.9399995803833,13.9399995803833,13.9399995803833,111.0
2024-09-16 10:27:00+00:00,CNEY,0.4235999882221222,0.4235999882221222,0.4235999882221222,0.4235999882221222,0.4235999882221222,1355.0
2024-09-16 10:27:00+00:00,GEVO,1.2999999523162842,1.2999999523162842,1.2999999523162842,1.2899999618530273,1.2956000566482544,25580.0
2024-09-16 10:27:00+00:00,GPRE,12.6899995803833,12.6899995803833,12.704999923706055,12.6899995803833,12.704999923706055,949.0
2024-09-16 10:27:00+00:00,GSM,4.184999942779541,4.184999942779541,4.184999942779541,4.184999942779541,4.184999942779541,102.0
2024-09-16 10:27:00+00:00,HDSN,7.940000057220459,7.940000057220459,7.940000057220459,7.940000057220459,7.940000057220459,487.0
2024-09-16 10:27:00+00:00,HWKN,118.29000091552734,118.29000091552734,118.29000091552734,118.29000091552734,118.29000091552734,1052.0
2024-09-16 10:27:00+00:00,IOSP,109.98999786376953,109.98999786376953,110.0,109.5250015258789,109.68000030517578,2303.0
2024-09-16 10:27:00+00:00,LITM,0.3303999900817871,0.3303999900817871,0.33489999175071716,0.3303999900817871,0.33489999175071716,2001.0
2024-09-16 10:27:00+00:00,MEOH,38.43000030517578,38.43000030517578,38.43000030517578,38.400001525878906,38.400001525878906,1757.0
2024-09-16 10:27:00+00:00,MERC,6.414999961853027,6.414999961853027,6.420000076293945,6.400000095367432,6.400000095367432,4638.0
2024-09-16 10:27:00+00:00,METC,10.055000305175781,10.055000305175781,10.055000305175781,10.055000305175781,10.055000305175781,322.0
2024-09-16 10:27:00+00:00,ORGN,1.5,1.5,1.5099999904632568,1.5,1.5099999904632568,27388.0
2024-09-16 10:27:00+00:00,PAAS,21.320100784301758,21.320100784301758,21.329999923706055,21.300399780273438,21.329999923706055,5644.0
2024-09-16 10:27:00+00:00,PLL,7.099999904632568,7.099999904632568,7.110000133514404,7.099999904632568,7.110000133514404,6107.0
2024-09-16 10:27:00+00:00,PPTA,8.925000190734863,8.925000190734863,8.949999809265137,8.925000190734863,8.949999809265137,2373.0
2024-09-16 10:27:00+00:00,RGLD,141.10000610351562,141.10000610351562,141.10000610351562,141.10000610351562,141.10000610351562,976.0
2024-09-16 10:27:00+00:00,SGML,10.210000038146973,10.210000038146973,10.220000267028809,10.210000038146973,10.220000267028809,1377.0
2024-09-16 10:27:00+00:00,SMID,35.98979949951172,35.98979949951172,35.98979949951172,35.98979949951172,35.98979949951172,330.0
2024-09-16 10:27:00+00:00,STLD,111.95500183105469,111.95500183105469,111.98999786376953,111.94999694824219,111.98999786376953,1572.0
2024-09-16 10:27:00+00:00,UFPI,122.40499877929688,122.40499877929688,122.40499877929688,122.36000061035156,122.40499877929688,1621.0
2024-09-16 10:27:00+00:00,USAP,37.72959899902344,37.72959899902344,37.72959899902344,37.650001525878906,37.65999984741211,2109.0
2024-09-16 10:28:00+00:00,ALTO,1.5700000524520874,1.5700000524520874,1.5859999656677246,1.5700000524520874,1.5859999656677246,1724.0
2024-09-16 10:28:00+00:00,ASTL,10.154999732971191,10.154999732971191,10.154999732971191,10.154999732971191,10.154999732971191,126.0
2024-09-16 10:28:00+00:00,CENX,13.959400177001953,13.959400177001953,13.959400177001953,13.959400177001953,13.959400177001953,459.0
2024-09-16 10:28:00+00:00,CNEY,0.4237000048160553,0.4237000048160553,0.4237000048160553,0.4237000048160553,0.4237000048160553,239.0
2024-09-16 10:28:00+00:00,CRKN,1.3350000381469727,1.3350000381469727,1.3350000381469727,1.3350000381469727,1.3350000381469727,2751.0
2024-09-16 10:28:00+00:00,GEVO,1.2994999885559082,1.2994999885559082,1.2999000549316406,1.2906999588012695,1.2999000549316406,19719.0
2024-09-16 10:28:00+00:00,HYMC,2.674999952316284,2.674999952316284,2.674999952316284,2.674999952316284,2.674999952316284,1000.0
2024-09-16 10:28:00+00:00,KALU,69.31999969482422,69.31999969482422,69.31999969482422,69.02999877929688,69.02999877929688,1721.0
2024-09-16 10:28:00+00:00,LITM,0.33649998903274536,0.33649998903274536,0.337799996137619,0.3312999904155731,0.3312999904155731,579.0
2024-09-16 10:28:00+00:00,MEOH,38.380001068115234,38.380001068115234,38.400001525878906,38.380001068115234,38.400001525878906,3521.0
2024-09-16 10:28:00+00:00,MERC,6.414999961853027,6.414999961853027,6.414999961853027,6.414999961853027,6.414999961853027,180.0
2024-09-16 10:28:00+00:00,METC,10.029999732971191,10.029999732971191,10.055000305175781,10.029999732971191,10.055000305175781,423.0
2024-09-16 10:28:00+00:00,ORGN,1.4800000190734863,1.4800000190734863,1.4901000261306763,1.4800000190734863,1.4901000261306763,40290.0
2024-09-16 10:28:00+00:00,PAAS,21.290000915527344,21.290000915527344,21.325000762939453,21.290000915527344,21.309999465942383,8324.0
2024-09-16 10:28:00+00:00,PLL,7.098499774932861,7.098499774932861,7.098499774932861,7.09499979019165,7.09499979019165,497.0
2024-09-16 10:28:00+00:00,PPTA,8.925000190734863,8.925000190734863,8.925000190734863,8.925000190734863,8.925000190734863,574.0
2024-09-16 10:28:00+00:00,SSRM,5.864999771118164,5.864999771118164,5.875,5.860000133514404,5.875,2292.0
2024-09-16 10:28:00+00:00,STLD,111.8949966430664,111.8949966430664,111.8949966430664,111.8949966430664,111.8949966430664,161.0
2024-09-16 10:28:00+00:00,TMC,0.949999988079071,0.949999988079071,0.949999988079071,0.9485999941825867,0.9485999941825867,221.0
2024-09-16 10:28:00+00:00,UFPI,122.29499816894531,122.29499816894531,122.40499877929688,122.19999694824219,122.40499877929688,4382.0
2024-09-16 10:28:00+00:00,USLM,85.05999755859375,85.05999755859375,85.05999755859375,85.05999755859375,85.05999755859375,445.0
2024-09-16 10:29:00+00:00,BIOX,8.602800369262695,8.602800369262695,8.602800369262695,8.5600004196167,8.5600004196167,1736.0
2024-09-16 10:29:00+00:00,CENX,13.970000267028809,13.970000267028809,13.989999771118164,13.944999694824219,13.944999694824219,5277.0
2024-09-16 10:29:00+00:00,CNEY,0.4239000082015991,0.4239000082015991,0.4239000082015991,0.4239000082015991,0.4239000082015991,4000.0
2024-09-16 10:29:00+00:00,CRKN,1.340000033378601,1.340000033378601,1.340000033378601,1.340000033378601,1.340000033378601,1000.0
2024-09-16 10:29:00+00:00,GEVO,1.2949999570846558,1.2949999570846558,1.2999999523162842,1.2949999570846558,1.2949999570846558,24851.0
2024-09-16 10:29:00+00:00,GPRE,12.669899940490723,12.669899940490723,12.669899940490723,12.669899940490723,12.669899940490723,130.0
2024-09-16 10:29:00+00:00,GSM,4.184999942779541,4.184999942779541,4.184999942779541,4.184999942779541,4.184999942779541,600.0
2024-09-16 10:29:00+00:00,GURE,1.0184999704360962,1.0184999704360962,1.0184999704360962,1.0184999704360962,1.0184999704360962,248.0
2024-09-16 10:29:00+00:00,HYMC,2.6702001094818115,2.6702001094818115,2.679800033569336,2.6702001094818115,2.679800033569336,1899.0
2024-09-16 10:29:00+00:00,IOSP,109.73999786376953,109.73999786376953,110.0,109.73999786376953,109.99500274658203,3659.0
2024-09-16 10:29:00+00:00,LITM,0.33000001311302185,0.33000001311302185,0.3303000032901764,0.33000001311302185,0.3303000032901764,1331.0
2024-09-16 10:29:00+00:00,LWLG,2.609999895095825,2.609999895095825,2.609999895095825,2.609999895095825,2.609999895095825,1354.0
2024-09-16 10:29:00+00:00,MERC,6.409999847412109,6.409999847412109,6.414999961853027,6.409999847412109,6.414999961853027,302.0
2024-09-16 10:29:00+00:00,METC,10.010000228881836,10.010000228881836,10.020000457763672,10.010000228881836,10.020000457763672,606.0
2024-09-16 10:29:00+00:00,ORGN,1.4900000095367432,1.4900000095367432,1.4900000095367432,1.4850000143051147,1.4850000143051147,0.0
2024-09-16 10:29:00+00:00,PAAS,21.34000015258789,21.34000015258789,21.34000015258789,21.299999237060547,21.299999237060547,7454.0
2024-09-16 10:29:00+00:00,PLL,7.099999904632568,7.099999904632568,7.099999904632568,7.099999904632568,7.099999904632568,1202.0
2024-09-16 10:29:00+00:00,PPTA,8.899999618530273,8.899999618530273,8.949999809265137,8.859999656677246,8.899999618530273,2581.0
2024-09-16 10:29:00+00:00,RGLD,141.21420288085938,141.21420288085938,141.21420288085938,141.05499267578125,141.05499267578125,1378.0
2024-09-16 10:29:00+00:00,SSRM,5.8719000816345215,5.8719000816345215,5.8719000816345215,5.865499973297119,5.865499973297119,6392.0
2024-09-16 10:29:00+00:00,STLD,112.08000183105469,112.08000183105469,112.08499908447266,111.8949966430664,111.9000015258789,4504.0
2024-09-16 10:30:00+00:00,ALTO,1.5700000524520874,1.5700000524520874,1.5700000524520874,1.5700000524520874,1.5700000524520874,1443.0
2024-09-16 10:30:00+00:00,AREC,0.4855000078678131,0.4855000078678131,0.4855000078678131,0.4855000078678131,0.4855000078678131,400.0
2024-09-16 10:30:00+00:00,ASTL,10.130000114440918,10.130000114440918,10.170000076293945,10.130000114440918,10.164999961853027,5640.0
2024-09-16 10:30:00+00:00,BCPC,171.78500366210938,171.78500366210938,171.78500366210938,171.78500366210938,171.78500366210938,2095.0
2024-09-16 10:30:00+00:00,BIOX,8.609999656677246,8.609999656677246,8.609999656677246,8.609999656677246,8.609999656677246,190.0
2024-09-16 10:30:00+00:00,CENX,13.9399995803833,13.9399995803833,13.949999809265137,13.9399995803833,13.949999809265137,2711.0
2024-09-16 10:30:00+00:00,CNEY,0.4237000048160553,0.4237000048160553,0.4237000048160553,0.4237000048160553,0.4237000048160553,2669.0
2024-09-16 10:30:00+00:00,CRKN,1.340000033378601,1.340000033378601,1.340000033378601,1.340000033378601,1.340000033378601,1473.0
2024-09-16 10:30:00+00:00,GEVO,1.3049999475479126,1.3049999475479126,1.309999942779541,1.2900999784469604,1.2949999570846558,60719.0
2024-09-16 10:30:00+00:00,GPRE,12.640000343322754,12.640000343322754,12.640000343322754,12.640000343322754,12.640000343322754,1126.0
2024-09-16 10:30:00+00:00,GSM,4.184999942779541,4.184999942779541,4.184999942779541,4.184999942779541,4.184999942779541,61.0
2024-09-16 10:30:00+00:00,HDSN,7.909999847412109,7.909999847412109,7.929999828338623,7.889999866485596,7.929999828338623,2975.0
2024-09-16 10:30:00+00:00,HYMCW,0.015699999406933784,0.015699999406933784,0.015699999406933784,0.015699999406933784,0.015699999406933784,93808.0
2024-09-16 10:30:00+00:00,LITM,0.33000001311302185,0.33000001311302185,0.33000001311302185,0.33000001311302185,0.33000001311302185,629.0
2024-09-16 10:30:00+00:00,LWLG,2.609999895095825,2.609999895095825,2.609999895095825,2.6050000190734863,2.6050000190734863,721.0
2024-09-16 10:30:00+00:00,MEOH,38.400001525878906,38.400001525878906,38.45000076293945,38.400001525878906,38.41999816894531,1556.0
2024-09-16 10:30:00+00:00,MERC,6.400000095367432,6.400000095367432,6.409999847412109,6.400000095367432,6.409999847412109,2409.0
2024-09-16 10:30:00+00:00,METC,10.0,10.0,10.0,10.0,10.0,879.0
2024-09-16 10:30:00+00:00,ORGN,1.4804999828338623,1.4804999828338623,1.4804999828338623,1.4804999828338623,1.4804999828338623,2778.0
2024-09-16 10:30:00+00:00,PAAS,21.264999389648438,21.264999389648438,21.34000015258789,21.260000228881836,21.34000015258789,8468.0
2024-09-16 10:30:00+00:00,PLL,7.079999923706055,7.079999923706055,7.109899997711182,7.079999923706055,7.109899997711182,2808.0
2024-09-16 10:30:00+00:00,PPTA,8.869999885559082,8.869999885559082,8.899999618530273,8.869999885559082,8.899999618530273,2250.0
2024-09-16 10:30:00+00:00,RGLD,141.05999755859375,141.05999755859375,141.05999755859375,140.8800048828125,141.0,2405.0
2024-09-16 10:30:00+00:00,SSRM,5.855000019073486,5.855000019073486,5.869999885559082,5.855000019073486,5.869999885559082,642.0
2024-09-16 10:30:00+00:00,STLD,111.94999694824219,111.94999694824219,112.08999633789062,111.94999694824219,112.08999633789062,1028.0
2024-09-16 10:30:00+00:00,USAU,5.730000019073486,5.730000019073486,5.759900093078613,5.699999809265137,5.759900093078613,594.0
2024-09-16 10:31:00+00:00,AREC,0.4855000078678131,0.4855000078678131,0.4855000078678131,0.4855000078678131,0.4855000078678131,45.0
2024-09-16 10:31:00+00:00,ASTL,10.119999885559082,10.119999885559082,10.140000343322754,10.119999885559082,10.130000114440918,2789.0
2024-09-16 10:31:00+00:00,BIOX,8.5600004196167,8.5600004196167,8.5600004196167,8.5600004196167,8.5600004196167,271.0
2024-09-16 10:31:00+00:00,CNEY,0.423799991607666,0.423799991607666,0.423799991607666,0.423799991607666,0.423799991607666,244.0
2024-09-16 10:31:00+00:00,GEVO,1.2999999523162842,1.2999999523162842,1.309999942779541,1.2999999523162842,1.309999942779541,24253.0
2024-09-16 10:31:00+00:00,GPRE,12.619799613952637,12.619799613952637,12.645000457763672,12.619799613952637,12.645000457763672,1692.0
2024-09-16 10:31:00+00:00,GSM,4.184999942779541,4.184999942779541,4.184999942779541,4.184999942779541,4.184999942779541,304.0
2024-09-16 10:31:00+00:00,HDSN,7.910999774932861,7.910999774932861,7.910999774932861,7.910999774932861,7.910999774932861,512.0
2024-09-16 10:31:00+00:00,HWKN,117.58000183105469,117.58000183105469,117.58000183105469,117.58000183105469,117.58000183105469,443.0
2024-09-16 10:31:00+00:00,HYMC,2.640000104904175,2.640000104904175,2.640000104904175,2.640000104904175,2.640000104904175,235.0
2024-09-16 10:31:00+00:00,IOSP,109.55000305175781,109.55000305175781,109.55000305175781,109.3499984741211,109.3499984741211,487.0
2024-09-16 10:31:00+00:00,KALU,68.97000122070312,68.97000122070312,68.97000122070312,68.97000122070312,68.97000122070312,128.0
2024-09-16 10:31:00+00:00,LWLG,2.6040000915527344,2.6040000915527344,2.6040000915527344,2.6040000915527344,2.6040000915527344,508.0
2024-09-16 10:31:00+00:00,MEOH,38.33000183105469,38.33000183105469,38.33000183105469,38.33000183105469,38.33000183105469,952.0
2024-09-16 10:31:00+00:00,MERC,6.389999866485596,6.389999866485596,6.395999908447266,6.389999866485596,6.389999866485596,961.0
2024-09-16 10:31:00+00:00,METC,10.0,10.0,10.0,9.984999656677246,9.994999885559082,2662.0
2024-09-16 10:31:00+00:00,PAAS,21.293100357055664,21.293100357055664,21.315000534057617,21.270000457763672,21.270000457763672,14302.0
2024-09-16 10:31:00+00:00,PLL,7.074999809265137,7.074999809265137,7.074999809265137,7.070000171661377,7.070000171661377,426.0
2024-09-16 10:31:00+00:00,PPTA,8.960000038146973,8.960000038146973,8.960000038146973,8.84000015258789,8.84000015258789,9362.0
2024-09-16 10:31:00+00:00,SGML,10.210000038146973,10.210000038146973,10.210000038146973,10.210000038146973,10.210000038146973,954.0
2024-09-16 10:31:00+00:00,SSRM,5.849999904632568,5.849999904632568,5.860000133514404,5.849999904632568,5.860000133514404,3224.0
2024-09-16 10:31:00+00:00,STLD,111.77999877929688,111.77999877929688,111.98500061035156,111.77999877929688,111.94000244140625,1750.0
2024-09-16 10:31:00+00:00,TMC,0.9490000009536743,0.9490000009536743,0.9490000009536743,0.9490000009536743,0.9490000009536743,1008.0
2024-09-16 10:31:00+00:00,USAU,5.760000228881836,5.760000228881836,5.760000228881836,5.760000228881836,5.760000228881836,600.0
2024-09-16 10:32:00+00:00,ALTO,1.5700000524520874,1.5700000524520874,1.5700000524520874,1.5700000524520874,1.5700000524520874,120.0
2024-09-16 10:32:00+00:00,CNEY,0.4235999882221222,0.4235999882221222,0.4235999882221222,0.4235999882221222,0.4235999882221222,4336.0
2024-09-16 10:32:00+00:00,CRKN,1.340999960899353,1.340999960899353,1.340999960899353,1.3350000381469727,1.3350000381469727,3483.0
2024-09-16 10:32:00+00:00,GEVO,1.2999999523162842,1.2999999523162842,1.309999942779541,1.2899999618530273,1.291599988937378,166013.0
2024-09-16 10:32:00+00:00,GPRE,12.600000381469727,12.600000381469727,12.609999656677246,12.600000381469727,12.609999656677246,577.0
2024-09-16 10:32:00+00:00,GSM,4.184000015258789,4.184000015258789,4.184000015258789,4.184000015258789,4.184000015258789,539.0
2024-09-16 10:32:00+00:00,HDSN,7.894999980926514,7.894999980926514,7.894999980926514,7.894999980926514,7.894999980926514,300.0
2024-09-16 10:32:00+00:00,HWKN,117.76000213623047,117.76000213623047,117.9000015258789,117.76000213623047,117.9000015258789,939.0
2024-09-16 10:32:00+00:00,HYMC,2.619999885559082,2.619999885559082,2.619999885559082,2.610599994659424,2.610599994659424,3616.0
2024-09-16 10:32:00+00:00,IOSP,109.43499755859375,109.43499755859375,109.44999694824219,109.43499755859375,109.44999694824219,916.0
2024-09-16 10:32:00+00:00,LITM,0.337799996137619,0.337799996137619,0.337799996137619,0.337799996137619,0.337799996137619,118.0
2024-09-16 10:32:00+00:00,LWLG,2.6050000190734863,2.6050000190734863,2.6050000190734863,2.6050000190734863,2.6050000190734863,228.0
2024-09-16 10:32:00+00:00,MERC,6.409999847412109,6.409999847412109,6.409999847412109,6.385000228881836,6.389999866485596,23355.0
2024-09-16 10:32:00+00:00,METC,10.005000114440918,10.005000114440918,10.005000114440918,9.991000175476074,9.991000175476074,824.0
2024-09-16 10:32:00+00:00,ORGN,1.4859999418258667,1.4859999418258667,1.4859999418258667,1.4859999418258667,1.4859999418258667,1778.0
2024-09-16 10:32:00+00:00,PAAS,21.299999237060547,21.299999237060547,21.31999969482422,21.280000686645508,21.290000915527344,11862.0
2024-09-16 10:32:00+00:00,PLL,7.045000076293945,7.045000076293945,7.070000171661377,7.039999961853027,7.070000171661377,4318.0
2024-09-16 10:32:00+00:00,SGML,10.194499969482422,10.194499969482422,10.194499969482422,10.194499969482422,10.194499969482422,203.0
2024-09-16 10:32:00+00:00,SSRM,5.84499979019165,5.84499979019165,5.84499979019165,5.84499979019165,5.84499979019165,801.0
2024-09-16 10:32:00+00:00,STLD,111.78500366210938,111.78500366210938,111.79000091552734,111.78500366210938,111.78500366210938,1610.0
2024-09-16 10:32:00+00:00,UFPI,122.4000015258789,122.4000015258789,122.4000015258789,122.29499816894531,122.29499816894531,4512.0
2024-09-16 10:32:00+00:00,USAP,37.170101165771484,37.170101165771484,37.170101165771484,37.170101165771484,37.170101165771484,414.0
2024-09-16 10:33:00+00:00,ALTO,1.5750000476837158,1.5750000476837158,1.5750000476837158,1.5750000476837158,1.5750000476837158,226.0
2024-09-16 10:33:00+00:00,ASTL,10.119999885559082,10.119999885559082,10.119999885559082,10.119999885559082,10.119999885559082,113.0
2024-09-16 10:33:00+00:00,CENX,13.890000343322754,13.890000343322754,13.899999618530273,13.885000228881836,13.885000228881836,1591.0
2024-09-16 10:33:00+00:00,FEAM,0.5374000072479248,0.5374000072479248,0.5374000072479248,0.5374000072479248,0.5374000072479248,2852.0
2024-09-16 10:33:00+00:00,GEVO,1.2899999618530273,1.2899999618530273,1.3049999475479126,1.2899999618530273,1.3049999475479126,15472.0
2024-09-16 10:33:00+00:00,GPRE,12.579999923706055,12.579999923706055,12.59000015258789,12.579999923706055,12.59000015258789,1996.0
2024-09-16 10:33:00+00:00,HDSN,7.889999866485596,7.889999866485596,7.894999980926514,7.889999866485596,7.894999980926514,1007.0
2024-09-16 10:33:00+00:00,HWKN,117.94999694824219,117.94999694824219,117.94999694824219,117.94999694824219,117.94999694824219,301.0
2024-09-16 10:33:00+00:00,KALU,68.87999725341797,68.87999725341797,69.22000122070312,68.87999725341797,69.1050033569336,887.0
2024-09-16 10:33:00+00:00,LWLG,2.5950000286102295,2.5950000286102295,2.5999999046325684,2.5950000286102295,2.5999999046325684,4521.0
2024-09-16 10:33:00+00:00,MEOH,38.310001373291016,38.310001373291016,38.310001373291016,38.310001373291016,38.310001373291016,200.0
2024-09-16 10:33:00+00:00,MERC,6.432499885559082,6.432499885559082,6.440000057220459,6.414999961853027,6.414999961853027,2480.0
2024-09-16 10:33:00+00:00,ORGN,1.4900000095367432,1.4900000095367432,1.4900000095367432,1.4800000190734863,1.4800000190734863,6528.0
2024-09-16 10:33:00+00:00,PAAS,21.329999923706055,21.329999923706055,21.331600189208984,21.30109977722168,21.30109977722168,7105.0
2024-09-16 10:33:00+00:00,PLL,7.050000190734863,7.050000190734863,7.050000190734863,7.050000190734863,7.050000190734863,1895.0
2024-09-16 10:33:00+00:00,SSRM,5.849999904632568,5.849999904632568,5.849999904632568,5.849999904632568,5.849999904632568,483.0
2024-09-16 10:33:00+00:00,STLD,111.7699966430664,111.7699966430664,111.7699966430664,111.7699966430664,111.7699966430664,1860.0
2024-09-16 10:33:00+00:00,UFPI,122.20500183105469,122.20500183105469,122.31500244140625,122.12000274658203,122.31500244140625,2564.0
2024-09-16 10:33:00+00:00,USAP,37.415000915527344,37.415000915527344,37.415000915527344,37.415000915527344,37.415000915527344,431.0
2024-09-16 10:33:00+00:00,USAU,5.730000019073486,5.730000019073486,5.730000019073486,5.730000019073486,5.730000019073486,1366.0
2024-09-16 10:33:00+00:00,ZEUS,38.20100021362305,38.20100021362305,38.29999923706055,38.20100021362305,38.29999923706055,529.0
2024-09-16 10:34:00+00:00,ASTL,10.114999771118164,10.114999771118164,10.114999771118164,10.114999771118164,10.114999771118164,134.0
2024-09-16 10:34:00+00:00,CNEY,0.41999998688697815,0.41999998688697815,0.42320001125335693,0.41999998688697815,0.42160001397132874,6049.0
2024-09-16 10:34:00+00:00,GEVO,1.2999999523162842,1.2999999523162842,1.3049999475479126,1.2906999588012695,1.2949999570846558,45145.0
2024-09-16 10:34:00+00:00,GSM,4.180300235748291,4.180300235748291,4.180300235748291,4.179999828338623,4.179999828338623,502.0
2024-09-16 10:34:00+00:00,HDSN,7.889999866485596,7.889999866485596,7.889999866485596,7.889999866485596,7.889999866485596,514.0
2024-09-16 10:34:00+00:00,HWKN,117.4800033569336,117.4800033569336,117.4800033569336,117.4800033569336,117.4800033569336,184.0
2024-09-16 10:34:00+00:00,LITM,0.337799996137619,0.337799996137619,0.337799996137619,0.337799996137619,0.337799996137619,5102.0
2024-09-16 10:34:00+00:00,LWLG,2.5899999141693115,2.5899999141693115,2.5899999141693115,2.5899999141693115,2.5899999141693115,482.0
2024-09-16 10:34:00+00:00,MEOH,38.29999923706055,38.29999923706055,38.310001373291016,38.2599983215332,38.310001373291016,1586.0
2024-09-16 10:34:00+00:00,MERC,6.420000076293945,6.420000076293945,6.429999828338623,6.420000076293945,6.429999828338623,2544.0
2024-09-16 10:34:00+00:00,ORGN,1.480299949645996,1.480299949645996,1.480299949645996,1.480299949645996,1.480299949645996,2434.0
2024-09-16 10:34:00+00:00,PAAS,21.280000686645508,21.280000686645508,21.31999969482422,21.280000686645508,21.31999969482422,14938.0
2024-09-16 10:34:00+00:00,PPTA,8.9350004196167,8.9350004196167,8.9350004196167,8.9350004196167,8.9350004196167,780.0
2024-09-16 10:34:00+00:00,RGLD,140.73500061035156,140.73500061035156,140.8800048828125,140.73500061035156,140.8800048828125,2776.0
2024-09-16 10:34:00+00:00,SGML,10.15999984741211,10.15999984741211,10.1899995803833,10.149999618530273,10.1899995803833,2123.0
2024-09-16 10:34:00+00:00,SSRM,5.840000152587891,5.840000152587891,5.840000152587891,5.840000152587891,5.840000152587891,1856.0
2024-09-16 10:34:00+00:00,STLD,111.62000274658203,111.62000274658203,111.77999877929688,111.62000274658203,111.7300033569336,4766.0
2024-09-16 10:34:00+00:00,UFPI,122.1449966430664,122.1449966430664,122.1449966430664,122.13999938964844,122.13999938964844,1008.0
2024-09-16 10:34:00+00:00,USAP,37.34000015258789,37.34000015258789,37.34000015258789,37.34000015258789,37.34000015258789,431.0
2024-09-16 10:34:00+00:00,USAU,5.699999809265137,5.699999809265137,5.699999809265137,5.699999809265137,5.699999809265137,4586.0
2024-09-16 10:35:00+00:00,ALTO,1.5750000476837158,1.5750000476837158,1.5750000476837158,1.5750000476837158,1.5750000476837158,1873.0
2024-09-16 10:35:00+00:00,ASTL,10.119999885559082,10.119999885559082,10.119999885559082,10.119999885559082,10.119999885559082,310.0
2024-09-16 10:35:00+00:00,CNEY,0.41119998693466187,0.41119998693466187,0.41119998693466187,0.41119998693466187,0.41119998693466187,2646.0
2024-09-16 10:35:00+00:00,GEVO,1.309999942779541,1.309999942779541,1.3200000524520874,1.2999999523162842,1.3049999475479126,42936.0
2024-09-16 10:35:00+00:00,GPRE,12.609999656677246,12.609999656677246,12.619999885559082,12.609999656677246,12.619999885559082,829.0
2024-09-16 10:35:00+00:00,GSM,4.184999942779541,4.184999942779541,4.184999942779541,4.184999942779541,4.184999942779541,538.0
2024-09-16 10:35:00+00:00,HDSN,7.894999980926514,7.894999980926514,7.894999980926514,7.894999980926514,7.894999980926514,317.0
2024-09-16 10:35:00+00:00,HYMC,2.6263999938964844,2.6263999938964844,2.6263999938964844,2.6263999938964844,2.6263999938964844,400.0
2024-09-16 10:35:00+00:00,LWLG,2.5850000381469727,2.5850000381469727,2.5850000381469727,2.5850000381469727,2.5850000381469727,327.0
2024-09-16 10:35:00+00:00,MEOH,38.349998474121094,38.349998474121094,38.36000061035156,38.34000015258789,38.34000015258789,710.0
2024-09-16 10:35:00+00:00,MERC,6.460000038146973,6.460000038146973,6.460000038146973,6.434999942779541,6.434999942779541,3432.0
2024-09-16 10:35:00+00:00,ORGN,1.5,1.5,1.5,1.4900000095367432,1.4900000095367432,4318.0
2024-09-16 10:35:00+00:00,PAAS,21.299999237060547,21.299999237060547,21.31999969482422,21.28499984741211,21.28499984741211,13234.0
2024-09-16 10:35:00+00:00,PLL,7.050000190734863,7.050000190734863,7.050000190734863,7.03000020980835,7.03000020980835,2251.0
2024-09-16 10:35:00+00:00,PPTA,8.9350004196167,8.9350004196167,8.949999809265137,8.9350004196167,8.9350004196167,1510.0
2024-09-16 10:35:00+00:00,SSRM,5.84499979019165,5.84499979019165,5.849999904632568,5.840000152587891,5.840000152587891,1719.0
2024-09-16 10:35:00+00:00,STLD,111.68000030517578,111.68000030517578,111.73999786376953,111.61499786376953,111.6500015258789,5554.0
2024-09-16 10:35:00+00:00,UFPI,122.33499908447266,122.33499908447266,122.33499908447266,122.1449966430664,122.1449966430664,2241.0
2024-09-16 10:35:00+00:00,USAP,37.400001525878906,37.400001525878906,37.400001525878906,37.400001525878906,37.400001525878906,616.0
2024-09-16 10:35:00+00:00,USLM,84.5999984741211,84.5999984741211,84.5999984741211,84.5999984741211,84.5999984741211,1213.0
2024-09-16 10:35:00+00:00,WDFC,260.30999755859375,260.30999755859375,260.30999755859375,260.30999755859375,260.30999755859375,429.0
2024-09-16 10:35:00+00:00,ZEUS,38.209999084472656,38.209999084472656,38.209999084472656,38.209999084472656,38.209999084472656,3211.0
2024-09-16 10:36:00+00:00,ASTL,10.125,10.125,10.125,10.119999885559082,10.119999885559082,1047.0
2024-09-16 10:36:00+00:00,CENX,13.885000228881836,13.885000228881836,13.890000343322754,13.880000114440918,13.890000343322754,1350.0
2024-09-16 10:36:00+00:00,CNEY,0.4300999939441681,0.4300999939441681,0.4300999939441681,0.41200000047683716,0.41200000047683716,32343.0
2024-09-16 10:36:00+00:00,CRKN,1.3480000495910645,1.3480000495910645,1.3480000495910645,1.3480000495910645,1.3480000495910645,1760.0
2024-09-16 10:36:00+00:00,GEVO,1.3208999633789062,1.3208999633789062,1.3300000429153442,1.309999942779541,1.3200000524520874,108096.0
2024-09-16 10:36:00+00:00,GPRE,12.59000015258789,12.59000015258789,12.609999656677246,12.59000015258789,12.609999656677246,1164.0
2024-09-16 10:36:00+00:00,GSM,4.184999942779541,4.184999942779541,4.184999942779541,4.184999942779541,4.184999942779541,233.0
2024-09-16 10:36:00+00:00,HDSN,7.900000095367432,7.900000095367432,7.900000095367432,7.900000095367432,7.900000095367432,643.0
2024-09-16 10:36:00+00:00,KALU,69.05999755859375,69.05999755859375,69.05999755859375,69.05999755859375,69.05999755859375,1056.0
2024-09-16 10:36:00+00:00,LWLG,2.5950000286102295,2.5950000286102295,2.5950000286102295,2.5899999141693115,2.5899999141693115,767.0
2024-09-16 10:36:00+00:00,MEOH,38.380001068115234,38.380001068115234,38.380001068115234,38.380001068115234,38.380001068115234,407.0
2024-09-16 10:36:00+00:00,METC,9.979999542236328,9.979999542236328,9.979999542236328,9.979999542236328,9.979999542236328,737.0
2024-09-16 10:36:00+00:00,ORGN,1.4900000095367432,1.4900000095367432,1.4900000095367432,1.4900000095367432,1.4900000095367432,276.0
2024-09-16 10:36:00+00:00,PAAS,21.309999465942383,21.309999465942383,21.329999923706055,21.299999237060547,21.299999237060547,14143.0
2024-09-16 10:36:00+00:00,PLL,7.059999942779541,7.059999942779541,7.059999942779541,7.050000190734863,7.050000190734863,1305.0
2024-09-16 10:36:00+00:00,PPTA,8.944999694824219,8.944999694824219,8.949999809265137,8.912099838256836,8.912099838256836,2902.0
2024-09-16 10:36:00+00:00,SSRM,5.84499979019165,5.84499979019165,5.84499979019165,5.84499979019165,5.84499979019165,2407.0
2024-09-16 10:36:00+00:00,STLD,111.66000366210938,111.66000366210938,111.66000366210938,111.66000366210938,111.66000366210938,367.0
2024-09-16 10:36:00+00:00,TMC,0.949999988079071,0.949999988079071,0.949999988079071,0.9498999714851379,0.9498999714851379,5274.0
2024-09-16 10:36:00+00:00,UFPI,122.52999877929688,122.52999877929688,122.52999877929688,122.52999877929688,122.52999877929688,384.0
2024-09-16 10:37:00+00:00,ALTO,1.5750000476837158,1.5750000476837158,1.5750000476837158,1.5750000476837158,1.5750000476837158,113.0
2024-09-16 10:37:00+00:00,CENX,13.90999984741211,13.90999984741211,13.90999984741211,13.890000343322754,13.890000343322754,1010.0
2024-09-16 10:37:00+00:00,CNEY,0.4300999939441681,0.4300999939441681,0.4300999939441681,0.4300000071525574,0.4300000071525574,30429.0
2024-09-16 10:37:00+00:00,CRKN,1.350000023841858,1.350000023841858,1.350000023841858,1.3450000286102295,1.3450000286102295,0.0
2024-09-16 10:37:00+00:00,GEVO,1.3299000263214111,1.3299000263214111,1.3300000429153442,1.3200000524520874,1.3299000263214111,62978.0
2024-09-16 10:37:00+00:00,GPRE,12.609999656677246,12.609999656677246,12.609999656677246,12.609999656677246,12.609999656677246,582.0
2024-09-16 10:37:00+00:00,HWKN,117.66000366210938,117.66000366210938,117.86000061035156,117.66000366210938,117.86000061035156,1874.0
2024-09-16 10:37:00+00:00,HYMC,2.639400005340576,2.639400005340576,2.639400005340576,2.6205999851226807,2.6205999851226807,422.0
2024-09-16 10:37:00+00:00,KALU,69.36000061035156,69.36000061035156,69.61000061035156,69.36000061035156,69.61000061035156,998.0
2024-09-16 10:37:00+00:00,LWLG,2.5999999046325684,2.5999999046325684,2.5999999046325684,2.5999999046325684,2.5999999046325684,797.0
2024-09-16 10:37:00+00:00,MEOH,38.400001525878906,38.400001525878906,38.435001373291016,38.38999938964844,38.435001373291016,1736.0
2024-09-16 10:37:00+00:00,ORGN,1.4900000095367432,1.4900000095367432,1.4900000095367432,1.4900000095367432,1.4900000095367432,266.0
2024-09-16 10:37:00+00:00,PAAS,21.30500030517578,21.30500030517578,21.31999969482422,21.30500030517578,21.309999465942383,14272.0
2024-09-16 10:37:00+00:00,PPTA,8.908300399780273,8.908300399780273,8.9399995803833,8.908300399780273,8.9399995803833,595.0
2024-09-16 10:37:00+00:00,RGLD,141.0,141.0,141.0,140.9499969482422,140.9499969482422,1751.0
2024-09-16 10:37:00+00:00,SSRM,5.849999904632568,5.849999904632568,5.849999904632568,5.84499979019165,5.84499979019165,1655.0
2024-09-16 10:37:00+00:00,STLD,111.75,111.75,111.75,111.65499877929688,111.67500305175781,2038.0
2024-09-16 10:37:00+00:00,TMC,0.9480999708175659,0.9480999708175659,0.9526000022888184,0.9480999708175659,0.949999988079071,30675.0
2024-09-16 10:38:00+00:00,CENX,13.904999732971191,13.904999732971191,13.904999732971191,13.904999732971191,13.904999732971191,684.0
2024-09-16 10:38:00+00:00,CNEY,0.43779999017715454,0.43779999017715454,0.43779999017715454,0.429500013589859,0.4300999939441681,21741.0
2024-09-16 10:38:00+00:00,GEVO,1.3600000143051147,1.3600000143051147,1.3600000143051147,1.3250000476837158,1.3250000476837158,100758.0
2024-09-16 10:38:00+00:00,HYMC,2.619999885559082,2.619999885559082,2.619999885559082,2.619999885559082,2.619999885559082,971.0
2024-09-16 10:38:00+00:00,IOSP,109.19999694824219,109.19999694824219,109.19999694824219,109.19999694824219,109.19999694824219,132.0
2024-09-16 10:38:00+00:00,LITM,0.3377000093460083,0.3377000093460083,0.3377000093460083,0.3377000093460083,0.3377000093460083,748.0
2024-09-16 10:38:00+00:00,MEOH,38.279998779296875,38.279998779296875,38.369998931884766,38.279998779296875,38.369998931884766,2274.0
2024-09-16 10:38:00+00:00,ORGN,1.4891999959945679,1.4891999959945679,1.4891999959945679,1.4800000190734863,1.4800000190734863,3067.0
2024-09-16 10:38:00+00:00,PAAS,21.31999969482422,21.31999969482422,21.334999084472656,21.30500030517578,21.30500030517578,5117.0
2024-09-16 10:38:00+00:00,PPTA,9.020000457763672,9.020000457763672,9.020000457763672,8.989999771118164,8.989999771118164,1208.0
2024-09-16 10:38:00+00:00,RGLD,141.0,141.0,141.0,141.0,141.0,756.0
2024-09-16 10:38:00+00:00,SSRM,5.849999904632568,5.849999904632568,5.849999904632568,5.849999904632568,5.849999904632568,319.0
2024-09-16 10:38:00+00:00,STLD,111.7300033569336,111.7300033569336,111.7300033569336,111.66999816894531,111.70999908447266,1715.0
2024-09-16 10:38:00+00:00,TMC,0.9570000171661377,0.9570000171661377,0.9570000171661377,0.9570000171661377,0.9570000171661377,2806.0
2024-09-16 10:38:00+00:00,UFPI,122.43499755859375,122.43499755859375,122.5,122.43499755859375,122.5,2006.0
2024-09-16 10:39:00+00:00,ALTO,1.5750000476837158,1.5750000476837158,1.5750000476837158,1.5750000476837158,1.5750000476837158,2590.0
2024-09-16 10:39:00+00:00,ASTL,10.119999885559082,10.119999885559082,10.125,10.119999885559082,10.125,1022.0
2024-09-16 10:39:00+00:00,CNEY,0.4350000023841858,0.4350000023841858,0.4399999976158142,0.4350000023841858,0.43779999017715454,8105.0
2024-09-16 10:39:00+00:00,CRKN,1.350100040435791,1.350100040435791,1.350100040435791,1.350100040435791,1.350100040435791,453.0
2024-09-16 10:39:00+00:00,GEVO,1.3553999662399292,1.3553999662399292,1.3600000143051147,1.350000023841858,1.3554999828338623,57541.0
2024-09-16 10:39:00+00:00,GPRE,12.609999656677246,12.609999656677246,12.609999656677246,12.609999656677246,12.609999656677246,678.0
2024-09-16 10:39:00+00:00,IONR,4.329999923706055,4.329999923706055,4.329999923706055,4.329999923706055,4.329999923706055,2056.0
2024-09-16 10:39:00+00:00,LITM,0.3375999927520752,0.3375999927520752,0.3375999927520752,0.3375999927520752,0.3375999927520752,30.0
2024-09-16 10:39:00+00:00,MERC,6.474999904632568,6.474999904632568,6.474999904632568,6.474999904632568,6.474999904632568,357.0
2024-09-16 10:39:00+00:00,METC,9.975000381469727,9.975000381469727,9.979999542236328,9.970000267028809,9.970000267028809,598.0
2024-09-16 10:39:00+00:00,ORGN,1.4900000095367432,1.4900000095367432,1.4900000095367432,1.4900000095367432,1.4900000095367432,0.0
2024-09-16 10:39:00+00:00,PAAS,21.344999313354492,21.344999313354492,21.350000381469727,21.312999725341797,21.312999725341797,10534.0
2024-09-16 10:39:00+00:00,PLL,7.059999942779541,7.059999942779541,7.059999942779541,7.0594000816345215,7.0594000816345215,726.0
2024-09-16 10:39:00+00:00,PPTA,9.029999732971191,9.029999732971191,9.029999732971191,9.029999732971191,9.029999732971191,1387.0
2024-09-16 10:39:00+00:00,RETO,1.4747999906539917,1.4747999906539917,1.4900000095367432,1.4747999906539917,1.4900000095367432,643.0
2024-09-16 10:39:00+00:00,RGLD,141.39999389648438,141.39999389648438,141.39999389648438,141.39999389648438,141.39999389648438,466.0
2024-09-16 10:39:00+00:00,SSRM,5.860000133514404,5.860000133514404,5.860000133514404,5.860000133514404,5.860000133514404,204.0
2024-09-16 10:39:00+00:00,STLD,111.70500183105469,111.70500183105469,111.70500183105469,111.66999816894531,111.66999816894531,1750.0
2024-09-16 10:39:00+00:00,TMC,0.949999988079071,0.949999988079071,0.949999988079071,0.949999988079071,0.949999988079071,20688.0
2024-09-16 10:39:00+00:00,UFPI,122.55500030517578,122.55500030517578,122.55500030517578,122.55500030517578,122.55500030517578,496.0
2024-09-16 10:39:00+00:00,USAP,37.54999923706055,37.54999923706055,37.54999923706055,37.54999923706055,37.54999923706055,210.0
2024-09-16 10:40:00+00:00,BCPC,171.3699951171875,171.3699951171875,171.3699951171875,171.3699951171875,171.3699951171875,566.0
2024-09-16 10:40:00+00:00,CENX,13.9399995803833,13.9399995803833,13.9399995803833,13.904999732971191,13.904999732971191,2126.0
2024-09-16 10:40:00+00:00,CNEY,0.4544999897480011,0.4544999897480011,0.45910000801086426,0.44200000166893005,0.44200000166893005,9315.0
2024-09-16 10:40:00+00:00,FEAM,0.5367000102996826,0.5367000102996826,0.5367000102996826,0.5367000102996826,0.5367000102996826,238.0
2024-09-16 10:40:00+00:00,GEVO,1.3401000499725342,1.3401000499725342,1.3600000143051147,1.340000033378601,1.3600000143051147,83711.0
2024-09-16 10:40:00+00:00,GSM,4.184999942779541,4.184999942779541,4.184999942779541,4.184999942779541,4.184999942779541,450.0
2024-09-16 10:40:00+00:00,HDSN,7.909999847412109,7.909999847412109,7.920000076293945,7.909999847412109,7.909999847412109,3725.0
2024-09-16 10:40:00+00:00,KALU,69.38500213623047,69.38500213623047,69.38500213623047,69.38500213623047,69.38500213623047,228.0
2024-09-16 10:40:00+00:00,LITM,0.3278000056743622,0.3278000056743622,0.3310000002384186,0.3278000056743622,0.3310000002384186,7816.0
2024-09-16 10:40:00+00:00,LWLG,2.5950000286102295,2.5950000286102295,2.5950000286102295,2.5950000286102295,2.5950000286102295,837.0
2024-09-16 10:40:00+00:00,MEOH,38.220001220703125,38.220001220703125,38.2400016784668,38.220001220703125,38.2400016784668,1005.0
2024-09-16 10:40:00+00:00,METC,9.979999542236328,9.979999542236328,9.984000205993652,9.975000381469727,9.984000205993652,1840.0
2024-09-16 10:40:00+00:00,ORGN,1.5,1.5,1.5,1.4900000095367432,1.4950000047683716,23210.0
2024-09-16 10:40:00+00:00,PAAS,21.385000228881836,21.385000228881836,21.385000228881836,21.350000381469727,21.350000381469727,5464.0
2024-09-16 10:40:00+00:00,PLL,7.059999942779541,7.059999942779541,7.059999942779541,7.059999942779541,7.059999942779541,2028.0
2024-09-16 10:40:00+00:00,RETO,1.3899999856948853,1.3899999856948853,1.4600000381469727,1.3899999856948853,1.4600000381469727,14790.0
2024-09-16 10:40:00+00:00,RGLD,141.5,141.5,141.5,141.5,141.5,277.0
2024-09-16 10:40:00+00:00,SSRM,5.864999771118164,5.864999771118164,5.864999771118164,5.860000133514404,5.860000133514404,452.0
2024-09-16 10:40:00+00:00,STLD,111.74500274658203,111.74500274658203,111.75,111.68000030517578,111.73999786376953,3012.0
2024-09-16 10:40:00+00:00,UFPI,122.5,122.5,122.5,122.5,122.5,1219.0
2024-09-16 10:40:00+00:00,USAP,37.52000045776367,37.52000045776367,37.52000045776367,37.52000045776367,37.52000045776367,622.0
2024-09-16 10:41:00+00:00,AREC,0.48989999294281006,0.48989999294281006,0.48989999294281006,0.48989999294281006,0.48989999294281006,1000.0
2024-09-16 10:41:00+00:00,CENX,13.930000305175781,13.930000305175781,13.941200256347656,13.930000305175781,13.9399995803833,848.0
2024-09-16 10:41:00+00:00,CNEY,0.44999998807907104,0.44999998807907104,0.45010000467300415,0.44999998807907104,0.45010000467300415,14362.0
2024-09-16 10:41:00+00:00,GEVO,1.3600000143051147,1.3600000143051147,1.3600000143051147,1.340000033378601,1.3499000072479248,34685.0
2024-09-16 10:41:00+00:00,GPRE,12.630000114440918,12.630000114440918,12.630000114440918,12.630000114440918,12.630000114440918,471.0
2024-09-16 10:41:00+00:00,IOSP,109.43499755859375,109.43499755859375,109.43499755859375,109.43499755859375,109.43499755859375,128.0
2024-09-16 10:41:00+00:00,LITM,0.3257000148296356,0.3257000148296356,0.3264000117778778,0.32499998807907104,0.3262999951839447,5139.0
2024-09-16 10:41:00+00:00,MEOH,38.29999923706055,38.29999923706055,38.31999969482422,38.2400016784668,38.2400016784668,8552.0
2024-09-16 10:41:00+00:00,MERC,6.414999961853027,6.414999961853027,6.460000038146973,6.414999961853027,6.460000038146973,5285.0
2024-09-16 10:41:00+00:00,METC,10.0,10.0,10.0,9.989999771118164,9.989999771118164,1593.0
2024-09-16 10:41:00+00:00,ORGN,1.5,1.5,1.5,1.5,1.5,2894.0
2024-09-16 10:41:00+00:00,PAAS,21.375,21.375,21.389999389648438,21.3700008392334,21.3799991607666,7362.0
2024-09-16 10:41:00+00:00,PLL,7.070000171661377,7.070000171661377,7.070000171661377,7.070000171661377,7.070000171661377,289.0
2024-09-16 10:41:00+00:00,PPTA,9.029999732971191,9.029999732971191,9.100000381469727,9.015000343322754,9.100000381469727,2930.0
2024-09-16 10:41:00+00:00,RETO,1.4500000476837158,1.4500000476837158,1.4500000476837158,1.4500000476837158,1.4500000476837158,7453.0
2024-09-16 10:41:00+00:00,SGML,10.239999771118164,10.239999771118164,10.239999771118164,10.239999771118164,10.239999771118164,117.0
2024-09-16 10:41:00+00:00,SSRM,5.864999771118164,5.864999771118164,5.869999885559082,5.864999771118164,5.869999885559082,3552.0
2024-09-16 10:41:00+00:00,STLD,111.7699966430664,111.7699966430664,111.80999755859375,111.74500274658203,111.74500274658203,3418.0
2024-09-16 10:41:00+00:00,USAU,5.690000057220459,5.690000057220459,5.690000057220459,5.690000057220459,5.690000057220459,557.0
2024-09-16 10:42:00+00:00,AREC,0.48989999294281006,0.48989999294281006,0.48989999294281006,0.48989999294281006,0.48989999294281006,0.0
2024-09-16 10:42:00+00:00,ASTL,10.09000015258789,10.09000015258789,10.125,10.09000015258789,10.125,1420.0
2024-09-16 10:42:00+00:00,CENX,13.930000305175781,13.930000305175781,13.930000305175781,13.930000305175781,13.930000305175781,568.0
2024-09-16 10:42:00+00:00,CNEY,0.44999998807907104,0.44999998807907104,0.44999998807907104,0.4499000012874603,0.4499000012874603,1624.0
2024-09-16 10:42:00+00:00,GEVO,1.34089994430542,1.34089994430542,1.3600000143051147,1.340000033378601,1.3600000143051147,38811.0
2024-09-16 10:42:00+00:00,GPRE,12.609999656677246,12.609999656677246,12.619999885559082,12.609999656677246,12.619999885559082,973.0
2024-09-16 10:42:00+00:00,HYMC,2.615000009536743,2.615000009536743,2.615000009536743,2.615000009536743,2.615000009536743,102.0
2024-09-16 10:42:00+00:00,LITM,0.325300008058548,0.325300008058548,0.325300008058548,0.325300008058548,0.325300008058548,608.0
2024-09-16 10:42:00+00:00,MEOH,38.349998474121094,38.349998474121094,38.349998474121094,38.30500030517578,38.30500030517578,1344.0
2024-09-16 10:42:00+00:00,MERC,6.420000076293945,6.420000076293945,6.420000076293945,6.420000076293945,6.420000076293945,418.0
2024-09-16 10:42:00+00:00,METC,9.979999542236328,9.979999542236328,9.989999771118164,9.979999542236328,9.989999771118164,748.0
2024-09-16 10:42:00+00:00,ORGN,1.4900000095367432,1.4900000095367432,1.4900000095367432,1.4900000095367432,1.4900000095367432,104.0
2024-09-16 10:42:00+00:00,PAAS,21.360000610351562,21.360000610351562,21.37220001220703,21.34950065612793,21.3700008392334,5635.0
2024-09-16 10:42:00+00:00,PLL,7.059999942779541,7.059999942779541,7.059999942779541,7.059999942779541,7.059999942779541,541.0
2024-09-16 10:42:00+00:00,RETO,1.4550000429153442,1.4550000429153442,1.4550000429153442,1.440000057220459,1.440000057220459,343.0
2024-09-16 10:42:00+00:00,RGLD,141.1199951171875,141.1199951171875,141.1300048828125,141.1199951171875,141.1300048828125,961.0
2024-09-16 10:42:00+00:00,SGML,10.220000267028809,10.220000267028809,10.220000267028809,10.220000267028809,10.220000267028809,391.0
2024-09-16 10:42:00+00:00,SSRM,5.860000133514404,5.860000133514404,5.864999771118164,5.860000133514404,5.864999771118164,1408.0
2024-09-16 10:42:00+00:00,STLD,111.70999908447266,111.70999908447266,111.79989624023438,111.66999816894531,111.70999908447266,3116.0
2024-09-16 10:42:00+00:00,UFPI,122.33219909667969,122.33219909667969,122.41000366210938,122.33219909667969,122.41000366210938,2023.0
2024-09-16 10:42:00+00:00,USAP,37.51499938964844,37.51499938964844,37.51499938964844,37.51499938964844,37.51499938964844,1336.0
2024-09-16 10:43:00+00:00,ALTO,1.5750000476837158,1.5750000476837158,1.5750000476837158,1.5750000476837158,1.5750000476837158,400.0
2024-09-16 10:43:00+00:00,AREC,0.48989999294281006,0.48989999294281006,0.48989999294281006,0.48989999294281006,0.48989999294281006,102.0
2024-09-16 10:43:00+00:00,CENX,13.9399995803833,13.9399995803833,13.9399995803833,13.904999732971191,13.90999984741211,8543.0
2024-09-16 10:43:00+00:00,CRKN,1.3600000143051147,1.3600000143051147,1.3600000143051147,1.350000023841858,1.350000023841858,1762.0
2024-09-16 10:43:00+00:00,FEAM,0.5357000231742859,0.5357000231742859,0.5364000201225281,0.5357000231742859,0.5364000201225281,2994.0
2024-09-16 10:43:00+00:00,GEVO,1.3450000286102295,1.3450000286102295,1.350000023841858,1.3413000106811523,1.3450000286102295,26971.0
2024-09-16 10:43:00+00:00,GSM,4.184999942779541,4.184999942779541,4.190000057220459,4.184999942779541,4.184999942779541,2958.0
2024-09-16 10:43:00+00:00,HDSN,7.929999828338623,7.929999828338623,7.929999828338623,7.929999828338623,7.929999828338623,325.0
2024-09-16 10:43:00+00:00,HWKN,117.375,117.375,117.375,117.0199966430664,117.1500015258789,910.0
2024-09-16 10:43:00+00:00,HYMC,2.6194000244140625,2.6194000244140625,2.6194000244140625,2.609999895095825,2.609999895095825,1466.0
2024-09-16 10:43:00+00:00,KALU,69.3499984741211,69.3499984741211,69.3499984741211,69.3499984741211,69.3499984741211,890.0
2024-09-16 10:43:00+00:00,LGO,1.75,1.75,1.75,1.75,1.75,606.0
2024-09-16 10:43:00+00:00,MERC,6.427999973297119,6.427999973297119,6.427999973297119,6.427999973297119,6.427999973297119,633.0
2024-09-16 10:43:00+00:00,METC,9.989999771118164,9.989999771118164,10.020000457763672,9.970000267028809,9.970000267028809,6314.0
2024-09-16 10:43:00+00:00,ORGN,1.4950000047683716,1.4950000047683716,1.4950000047683716,1.4900000095367432,1.4901000261306763,15540.0
2024-09-16 10:43:00+00:00,PAAS,21.360000610351562,21.360000610351562,21.364999771118164,21.35449981689453,21.35449981689453,2582.0
2024-09-16 10:43:00+00:00,PLL,7.069900035858154,7.069900035858154,7.069900035858154,7.069900035858154,7.069900035858154,1046.0
2024-09-16 10:43:00+00:00,RETO,1.4550000429153442,1.4550000429153442,1.4550000429153442,1.4550000429153442,1.4550000429153442,200.0
2024-09-16 10:43:00+00:00,SGML,10.25,10.25,10.25,10.25,10.25,158.0
2024-09-16 10:43:00+00:00,SSRM,5.855000019073486,5.855000019073486,5.855000019073486,5.855000019073486,5.855000019073486,107.0
2024-09-16 10:43:00+00:00,STLD,111.71499633789062,111.71499633789062,111.71499633789062,111.70999908447266,111.70999908447266,219.0
2024-09-16 10:43:00+00:00,USAU,5.715000152587891,5.715000152587891,5.75,5.715000152587891,5.75,5260.0
2024-09-16 10:44:00+00:00,ALTO,1.5800000429153442,1.5800000429153442,1.5800000429153442,1.5800000429153442,1.5800000429153442,12327.0
2024-09-16 10:44:00+00:00,ASTL,10.100000381469727,10.100000381469727,10.119999885559082,10.095000267028809,10.095000267028809,1669.0
2024-09-16 10:44:00+00:00,BIOX,8.600000381469727,8.600000381469727,8.600000381469727,8.600000381469727,8.600000381469727,617.0
2024-09-16 10:44:00+00:00,CENX,13.944999694824219,13.944999694824219,13.949399948120117,13.944999694824219,13.949399948120117,561.0
2024-09-16 10:44:00+00:00,GEVO,1.339900016784668,1.339900016784668,1.3550000190734863,1.3309999704360962,1.3450000286102295,58878.0
2024-09-16 10:44:00+00:00,GPRE,12.600000381469727,12.600000381469727,12.609999656677246,12.600000381469727,12.609999656677246,937.0
2024-09-16 10:44:00+00:00,GSM,4.184999942779541,4.184999942779541,4.184999942779541,4.184999942779541,4.184999942779541,1249.0
2024-09-16 10:44:00+00:00,HWKN,116.62000274658203,116.62000274658203,116.62000274658203,116.62000274658203,116.62000274658203,300.0
2024-09-16 10:44:00+00:00,MERC,6.409999847412109,6.409999847412109,6.409999847412109,6.409999847412109,6.409999847412109,807.0
2024-09-16 10:44:00+00:00,METC,9.930000305175781,9.930000305175781,9.989999771118164,9.930000305175781,9.979999542236328,16625.0
2024-09-16 10:44:00+00:00,PAAS,21.31999969482422,21.31999969482422,21.364999771118164,21.31999969482422,21.364999771118164,8367.0
2024-09-16 10:44:00+00:00,PLL,7.079999923706055,7.079999923706055,7.079999923706055,7.079999923706055,7.079999923706055,448.0
2024-09-16 10:44:00+00:00,RETO,1.440000057220459,1.440000057220459,1.440000057220459,1.440000057220459,1.440000057220459,55.0
2024-09-16 10:44:00+00:00,RGLD,141.0800018310547,141.0800018310547,141.0800018310547,141.0800018310547,141.0800018310547,474.0
2024-09-16 10:44:00+00:00,SGML,10.220000267028809,10.220000267028809,10.220000267028809,10.220000267028809,10.220000267028809,218.0
2024-09-16 10:44:00+00:00,SSRM,5.849999904632568,5.849999904632568,5.855000019073486,5.849999904632568,5.855000019073486,2545.0
2024-09-16 10:44:00+00:00,STLD,111.69000244140625,111.69000244140625,111.74500274658203,111.66000366210938,111.70999908447266,2689.0
2024-09-16 10:44:00+00:00,USAP,37.5099983215332,37.5099983215332,37.5099983215332,37.5099983215332,37.5099983215332,777.0
2024-09-16 10:45:00+00:00,ALTO,1.5850000381469727,1.5850000381469727,1.5850000381469727,1.5850000381469727,1.5850000381469727,1254.0
2024-09-16 10:45:00+00:00,CENX,13.960000038146973,13.960000038146973,13.960000038146973,13.949999809265137,13.949999809265137,715.0
2024-09-16 10:45:00+00:00,CNEY,0.44589999318122864,0.44589999318122864,0.44589999318122864,0.44190001487731934,0.44190001487731934,430.0
2024-09-16 10:45:00+00:00,CRKN,1.360200047492981,1.360200047492981,1.360200047492981,1.360200047492981,1.360200047492981,420.0
2024-09-16 10:45:00+00:00,GEVO,1.3300000429153442,1.3300000429153442,1.340000033378601,1.3300000429153442,1.3350000381469727,25542.0
2024-09-16 10:45:00+00:00,GPRE,12.600000381469727,12.600000381469727,12.600000381469727,12.600000381469727,12.600000381469727,412.0
2024-09-16 10:45:00+00:00,HYMC,2.61929988861084,2.61929988861084,2.61929988861084,2.61929988861084,2.61929988861084,2691.0
2024-09-16 10:45:00+00:00,LITM,0.32499998807907104,0.32499998807907104,0.32499998807907104,0.32499998807907104,0.32499998807907104,1119.0
2024-09-16 10:45:00+00:00,LWLG,2.6050000190734863,2.6050000190734863,2.608299970626831,2.6050000190734863,2.608299970626831,926.0
2024-09-16 10:45:00+00:00,MERC,6.40500020980835,6.40500020980835,6.40500020980835,6.400000095367432,6.40500020980835,1846.0
2024-09-16 10:45:00+00:00,METC,9.920000076293945,9.920000076293945,9.930000305175781,9.890000343322754,9.920000076293945,10292.0
2024-09-16 10:45:00+00:00,ORGN,1.4950000047683716,1.4950000047683716,1.4950000047683716,1.4950000047683716,1.4950000047683716,352.0
2024-09-16 10:45:00+00:00,PAAS,21.30500030517578,21.30500030517578,21.31999969482422,21.290000915527344,21.315000534057617,10611.0
2024-09-16 10:45:00+00:00,PPTA,9.020000457763672,9.020000457763672,9.020000457763672,9.0,9.020000457763672,1704.0
2024-09-16 10:45:00+00:00,RETO,1.434999942779541,1.434999942779541,1.434999942779541,1.399999976158142,1.4299999475479126,6843.0
2024-09-16 10:45:00+00:00,RGLD,140.9199981689453,140.9199981689453,141.01499938964844,140.9199981689453,141.01499938964844,929.0
2024-09-16 10:45:00+00:00,SSRM,5.84499979019165,5.84499979019165,5.849999904632568,5.840000152587891,5.849999904632568,4192.0
2024-09-16 10:45:00+00:00,STLD,111.68000030517578,111.68000030517578,111.68000030517578,111.68000030517578,111.68000030517578,116.0
2024-09-16 10:46:00+00:00,CNEY,0.43209999799728394,0.43209999799728394,0.4383000135421753,0.43209999799728394,0.4383000135421753,2089.0
2024-09-16 10:46:00+00:00,GEVO,1.3209999799728394,1.3209999799728394,1.3398000001907349,1.3209999799728394,1.3350000381469727,52575.0
2024-09-16 10:46:00+00:00,GPRE,12.59000015258789,12.59000015258789,12.59000015258789,12.59000015258789,12.59000015258789,141.0
2024-09-16 10:46:00+00:00,IOSP,109.44499969482422,109.44499969482422,109.44499969482422,109.29000091552734,109.29000091552734,340.0
2024-09-16 10:46:00+00:00,MERC,6.409999847412109,6.409999847412109,6.409999847412109,6.400000095367432,6.400000095367432,1895.0
2024-09-16 10:46:00+00:00,METC,9.9399995803833,9.9399995803833,9.9399995803833,9.930000305175781,9.930000305175781,1911.0
2024-09-16 10:46:00+00:00,PAAS,21.299999237060547,21.299999237060547,21.315000534057617,21.295000076293945,21.299999237060547,11916.0
2024-09-16 10:46:00+00:00,PLL,7.074999809265137,7.074999809265137,7.074999809265137,7.074999809265137,7.074999809265137,129.0
2024-09-16 10:46:00+00:00,PPTA,9.050000190734863,9.050000190734863,9.050000190734863,9.0,9.020000457763672,1050.0
2024-09-16 10:46:00+00:00,RETO,1.434999942779541,1.434999942779541,1.434999942779541,1.434999942779541,1.434999942779541,100.0
2024-09-16 10:46:00+00:00,RGLD,140.91000366210938,140.91000366210938,140.91000366210938,140.7550048828125,140.7550048828125,803.0
2024-09-16 10:46:00+00:00,SGML,10.210000038146973,10.210000038146973,10.210000038146973,10.199999809265137,10.199999809265137,1456.0
2024-09-16 10:46:00+00:00,SSRM,5.840000152587891,5.840000152587891,5.8414998054504395,5.835999965667725,5.8414998054504395,1400.0
2024-09-16 10:46:00+00:00,STLD,111.68000030517578,111.68000030517578,111.68000030517578,111.68000030517578,111.68000030517578,1116.0
2024-09-16 10:46:00+00:00,TMC,0.949999988079071,0.949999988079071,0.949999988079071,0.949999988079071,0.949999988079071,1015.0
2024-09-16 10:46:00+00:00,USAP,37.505001068115234,37.505001068115234,37.505001068115234,37.505001068115234,37.505001068115234,118.0
2024-09-16 10:46:00+00:00,USAU,5.751500129699707,5.751500129699707,5.751500129699707,5.751500129699707,5.751500129699707,108.0
2024-09-16 10:47:00+00:00,AREC,0.48989999294281006,0.48989999294281006,0.48989999294281006,0.48989999294281006,0.48989999294281006,400.0
2024-09-16 10:47:00+00:00,ASTL,10.095000267028809,10.095000267028809,10.095000267028809,10.095000267028809,10.095000267028809,460.0
2024-09-16 10:47:00+00:00,BCPC,171.39999389648438,171.39999389648438,171.39999389648438,171.39999389648438,171.39999389648438,407.0
2024-09-16 10:47:00+00:00,BIOX,8.609999656677246,8.609999656677246,8.609999656677246,8.609999656677246,8.609999656677246,171.0
2024-09-16 10:47:00+00:00,CENX,13.949999809265137,13.949999809265137,13.949999809265137,13.949999809265137,13.949999809265137,876.0
2024-09-16 10:47:00+00:00,CNEY,0.43209999799728394,0.43209999799728394,0.43209999799728394,0.43209999799728394,0.43209999799728394,233.0
2024-09-16 10:47:00+00:00,GEVO,1.340000033378601,1.340000033378601,1.340000033378601,1.3300000429153442,1.3300000429153442,15976.0
2024-09-16 10:47:00+00:00,GPRE,12.597999572753906,12.597999572753906,12.600000381469727,12.597999572753906,12.600000381469727,299.0
2024-09-16 10:47:00+00:00,HDSN,7.920000076293945,7.920000076293945,7.929999828338623,7.920000076293945,7.929999828338623,1960.0
2024-09-16 10:47:00+00:00,HYMC,2.6080000400543213,2.6080000400543213,2.6080000400543213,2.6080000400543213,2.6080000400543213,136.0
2024-09-16 10:47:00+00:00,MERC,6.400000095367432,6.400000095367432,6.400000095367432,6.400000095367432,6.400000095367432,448.0
2024-09-16 10:47:00+00:00,PAAS,21.315000534057617,21.315000534057617,21.325000762939453,21.309999465942383,21.309999465942383,2019.0
2024-09-16 10:47:00+00:00,PLL,7.039999961853027,7.039999961853027,7.070000171661377,7.039999961853027,7.070000171661377,1319.0
2024-09-16 10:47:00+00:00,RGLD,140.92999267578125,140.92999267578125,141.00999450683594,140.9199981689453,140.99000549316406,1744.0
2024-09-16 10:47:00+00:00,SGML,10.199999809265137,10.199999809265137,10.199999809265137,10.199999809265137,10.199999809265137,224.0
2024-09-16 10:47:00+00:00,SSRM,5.835000038146973,5.835000038146973,5.840000152587891,5.835000038146973,5.840000152587891,899.0
2024-09-16 10:47:00+00:00,STLD,111.68000030517578,111.68000030517578,111.68000030517578,111.68000030517578,111.68000030517578,429.0
2024-09-16 10:47:00+00:00,TMC,0.9498999714851379,0.9498999714851379,0.9498999714851379,0.9498999714851379,0.9498999714851379,200.0
2024-09-16 10:47:00+00:00,USAP,37.5,37.5,37.5,37.5,37.5,128.0
2024-09-16 10:47:00+00:00,ZEUS,38.27000045776367,38.27000045776367,38.27000045776367,38.27000045776367,38.27000045776367,435.0
2024-09-16 10:48:00+00:00,ASTL,10.09000015258789,10.09000015258789,10.09000015258789,10.09000015258789,10.09000015258789,1390.0
2024-09-16 10:48:00+00:00,CENX,13.9399995803833,13.9399995803833,13.949999809265137,13.9399995803833,13.949999809265137,798.0
2024-09-16 10:48:00+00:00,GEVO,1.3350000381469727,1.3350000381469727,1.3396999835968018,1.3300000429153442,1.3350000381469727,29354.0
2024-09-16 10:48:00+00:00,GPRE,12.59000015258789,12.59000015258789,12.59000015258789,12.59000015258789,12.59000015258789,845.0
2024-09-16 10:48:00+00:00,HDSN,7.900000095367432,7.900000095367432,7.909999847412109,7.900000095367432,7.909999847412109,739.0
2024-09-16 10:48:00+00:00,HWKN,116.62999725341797,116.62999725341797,116.62999725341797,116.62999725341797,116.62999725341797,533.0
2024-09-16 10:48:00+00:00,HYMC,2.609999895095825,2.609999895095825,2.611999988555908,2.609999895095825,2.611999988555908,652.0
2024-09-16 10:48:00+00:00,KALU,69.01499938964844,69.01499938964844,69.01499938964844,68.95999908447266,68.95999908447266,424.0
2024-09-16 10:48:00+00:00,MEOH,38.36000061035156,38.36000061035156,38.36000061035156,38.36000061035156,38.36000061035156,392.0
2024-09-16 10:48:00+00:00,MERC,6.389999866485596,6.389999866485596,6.389999866485596,6.389999866485596,6.389999866485596,577.0
2024-09-16 10:48:00+00:00,METC,9.920000076293945,9.920000076293945,9.920000076293945,9.920000076293945,9.920000076293945,826.0
2024-09-16 10:48:00+00:00,PAAS,21.309999465942383,21.309999465942383,21.315000534057617,21.299999237060547,21.309999465942383,7029.0
2024-09-16 10:48:00+00:00,PLL,7.019999980926514,7.019999980926514,7.019999980926514,7.019999980926514,7.019999980926514,846.0
2024-09-16 10:48:00+00:00,PPTA,9.0600004196167,9.0600004196167,9.0600004196167,9.039999961853027,9.039999961853027,1427.0
2024-09-16 10:48:00+00:00,SGML,10.180000305175781,10.180000305175781,10.180000305175781,10.180000305175781,10.180000305175781,160.0
2024-09-16 10:48:00+00:00,SSRM,5.840000152587891,5.840000152587891,5.840000152587891,5.840000152587891,5.840000152587891,1617.0
2024-09-16 10:48:00+00:00,STLD,111.68499755859375,111.68499755859375,111.68499755859375,111.68499755859375,111.68499755859375,294.0
2024-09-16 10:48:00+00:00,TMC,0.9750000238418579,0.9750000238418579,0.9750000238418579,0.9498999714851379,0.9498999714851379,124816.0
2024-09-16 10:48:00+00:00,UFPI,122.43000030517578,122.43000030517578,122.43000030517578,122.43000030517578,122.43000030517578,3071.0
2024-09-16 10:48:00+00:00,ZEUS,38.27000045776367,38.27000045776367,38.27000045776367,38.27000045776367,38.27000045776367,928.0
2024-09-16 10:49:00+00:00,ALTO,1.5896999835968018,1.5896999835968018,1.5896999835968018,1.5896999835968018,1.5896999835968018,2005.0
2024-09-16 10:49:00+00:00,ASTL,10.079999923706055,10.079999923706055,10.079999923706055,10.079999923706055,10.079999923706055,80.0
2024-09-16 10:49:00+00:00,CENX,14.039999961853027,14.039999961853027,14.039999961853027,13.949999809265137,13.949999809265137,4402.0
2024-09-16 10:49:00+00:00,CNEY,0.4399999976158142,0.4399999976158142,0.4399999976158142,0.4399999976158142,0.4399999976158142,770.0
2024-09-16 10:49:00+00:00,GEVO,1.3339999914169312,1.3339999914169312,1.340000033378601,1.3301000595092773,1.3372999429702759,13275.0
2024-09-16 10:49:00+00:00,GPRE,12.569999694824219,12.569999694824219,12.569999694824219,12.569999694824219,12.569999694824219,828.0
2024-09-16 10:49:00+00:00,GSM,4.179999828338623,4.179999828338623,4.179999828338623,4.179999828338623,4.179999828338623,1986.0
2024-09-16 10:49:00+00:00,HDSN,7.894999980926514,7.894999980926514,7.894999980926514,7.894999980926514,7.894999980926514,225.0
2024-09-16 10:49:00+00:00,KALU,68.9000015258789,68.9000015258789,68.9000015258789,68.9000015258789,68.9000015258789,233.0
2024-09-16 10:49:00+00:00,LWLG,2.6050000190734863,2.6050000190734863,2.609299898147583,2.6050000190734863,2.609299898147583,1364.0
2024-09-16 10:49:00+00:00,MEOH,38.45000076293945,38.45000076293945,38.45000076293945,38.41999816894531,38.41999816894531,1448.0
2024-09-16 10:49:00+00:00,MERC,6.369999885559082,6.369999885559082,6.380000114440918,6.369999885559082,6.369999885559082,3376.0
2024-09-16 10:49:00+00:00,METC,9.9399995803833,9.9399995803833,9.949999809265137,9.9399995803833,9.949999809265137,1317.0
2024-09-16 10:49:00+00:00,ORGN,1.4900000095367432,1.4900000095367432,1.4900000095367432,1.4900000095367432,1.4900000095367432,1471.0
2024-09-16 10:49:00+00:00,PAAS,21.354999542236328,21.354999542236328,21.354999542236328,21.31999969482422,21.31999969482422,6251.0
2024-09-16 10:49:00+00:00,PPTA,9.085000038146973,9.085000038146973,9.085000038146973,9.079999923706055,9.079999923706055,408.0
2024-09-16 10:49:00+00:00,SGML,10.199999809265137,10.199999809265137,10.199999809265137,10.194999694824219,10.194999694824219,1374.0
2024-09-16 10:49:00+00:00,SSRM,5.849999904632568,5.849999904632568,5.849999904632568,5.849999904632568,5.849999904632568,926.0
2024-09-16 10:49:00+00:00,STLD,111.70500183105469,111.70500183105469,111.76000213623047,111.62000274658203,111.62000274658203,7210.0
2024-09-16 10:49:00+00:00,TMC,0.9692999720573425,0.9692999720573425,0.9800000190734863,0.9692999720573425,0.9750000238418579,39914.0
2024-09-16 10:49:00+00:00,USAP,37.4900016784668,37.4900016784668,37.4900016784668,37.40999984741211,37.40999984741211,721.0
2024-09-16 10:49:00+00:00,WDFC,260.4150085449219,260.4150085449219,260.4150085449219,260.4150085449219,260.4150085449219,1519.0
2024-09-16 10:50:00+00:00,ALTO,1.590000033378601,1.590000033378601,1.590000033378601,1.5850000381469727,1.590000033378601,443.0
2024-09-16 10:50:00+00:00,CENX,14.02970027923584,14.02970027923584,14.04990005493164,14.02970027923584,14.029999732971191,1940.0
2024-09-16 10:50:00+00:00,CNEY,0.4399999976158142,0.4399999976158142,0.4399999976158142,0.4399999976158142,0.4399999976158142,797.0
2024-09-16 10:50:00+00:00,CRKN,1.3603999614715576,1.3603999614715576,1.3603999614715576,1.3603999614715576,1.3603999614715576,2071.0
2024-09-16 10:50:00+00:00,GEVO,1.350000023841858,1.350000023841858,1.350000023841858,1.3350000381469727,1.3350000381469727,48200.0
2024-09-16 10:50:00+00:00,GPRE,12.598999977111816,12.598999977111816,12.598999977111816,12.569999694824219,12.569999694824219,528.0
2024-09-16 10:50:00+00:00,GSM,4.175000190734863,4.175000190734863,4.175000190734863,4.175000190734863,4.175000190734863,1288.0
2024-09-16 10:50:00+00:00,HDSN,7.900000095367432,7.900000095367432,7.900000095367432,7.900000095367432,7.900000095367432,232.0
2024-09-16 10:50:00+00:00,HWKN,117.16000366210938,117.16000366210938,117.16000366210938,117.16000366210938,117.16000366210938,233.0
2024-09-16 10:50:00+00:00,METC,9.96969985961914,9.96969985961914,9.96969985961914,9.944999694824219,9.960000038146973,2190.0
2024-09-16 10:50:00+00:00,PAAS,21.3799991607666,21.3799991607666,21.385000228881836,21.360000610351562,21.360000610351562,2911.0
2024-09-16 10:50:00+00:00,PLL,7.050000190734863,7.050000190734863,7.050000190734863,7.039999961853027,7.039999961853027,647.0
2024-09-16 10:50:00+00:00,RGLD,140.94000244140625,140.94000244140625,141.10000610351562,140.94000244140625,141.10000610351562,1356.0
2024-09-16 10:50:00+00:00,SGML,10.180000305175781,10.180000305175781,10.1899995803833,10.149999618530273,10.1899995803833,3815.0
2024-09-16 10:50:00+00:00,SSRM,5.860000133514404,5.860000133514404,5.860000133514404,5.850100040435791,5.850100040435791,6219.0
2024-09-16 10:50:00+00:00,STLD,111.81500244140625,111.81500244140625,111.81500244140625,111.73999786376953,111.73999786376953,3866.0
2024-09-16 10:50:00+00:00,TMC,1.059999942779541,1.059999942779541,1.059999942779541,0.9714000225067139,0.9800000190734863,132134.0
2024-09-16 10:50:00+00:00,USAP,37.474998474121094,37.474998474121094,37.52000045776367,37.474998474121094,37.52000045776367,113.0
2024-09-16 10:51:00+00:00,ASTL,10.079999923706055,10.079999923706055,10.079999923706055,10.079999923706055,10.079999923706055,389.0
2024-09-16 10:51:00+00:00,CNEY,0.4399999976158142,0.4399999976158142,0.4399999976158142,0.4399999976158142,0.4399999976158142,488.0
2024-09-16 10:51:00+00:00,CRKN,1.3650000095367432,1.3650000095367432,1.3650000095367432,1.3650000095367432,1.3650000095367432,374.0
2024-09-16 10:51:00+00:00,FEAM,0.5009999871253967,0.5009999871253967,0.5300999879837036,0.5009999871253967,0.5300999879837036,4655.0
2024-09-16 10:51:00+00:00,GEVO,1.3481999635696411,1.3481999635696411,1.350000023841858,1.343999981880188,1.350000023841858,16430.0
2024-09-16 10:51:00+00:00,GPRE,12.59000015258789,12.59000015258789,12.59000015258789,12.579999923706055,12.59000015258789,2440.0
2024-09-16 10:51:00+00:00,HDSN,7.900000095367432,7.900000095367432,7.900000095367432,7.900000095367432,7.900000095367432,280.0
2024-09-16 10:51:00+00:00,HYMC,2.624000072479248,2.624000072479248,2.624000072479248,2.624000072479248,2.624000072479248,646.0
2024-09-16 10:51:00+00:00,MERC,6.380000114440918,6.380000114440918,6.380000114440918,6.380000114440918,6.380000114440918,102.0
2024-09-16 10:51:00+00:00,METC,9.949999809265137,9.949999809265137,9.949999809265137,9.949999809265137,9.949999809265137,288.0
2024-09-16 10:51:00+00:00,PAAS,21.3700008392334,21.3700008392334,21.3799991607666,21.364999771118164,21.3799991607666,3257.0
2024-09-16 10:51:00+00:00,PPTA,9.0649995803833,9.0649995803833,9.0649995803833,9.0649995803833,9.0649995803833,361.0
2024-09-16 10:51:00+00:00,RGLD,140.9499969482422,140.9499969482422,140.9600067138672,140.9499969482422,140.9600067138672,601.0
2024-09-16 10:51:00+00:00,SSRM,5.849999904632568,5.849999904632568,5.850100040435791,5.840000152587891,5.850100040435791,16685.0
2024-09-16 10:51:00+00:00,STLD,111.68000030517578,111.68000030517578,111.81999969482422,111.68000030517578,111.80500030517578,4461.0
2024-09-16 10:51:00+00:00,TMC,1.059999942779541,1.059999942779541,1.0800000429153442,1.0149999856948853,1.0499999523162842,134617.0
2024-09-16 10:51:00+00:00,USAP,37.470001220703125,37.470001220703125,37.61000061035156,37.470001220703125,37.61000061035156,526.0
2024-09-16 10:51:00+00:00,ZEUS,38.18000030517578,38.18000030517578,38.18000030517578,38.18000030517578,38.18000030517578,1049.0
2024-09-16 10:52:00+00:00,BIOX,8.595000267028809,8.595000267028809,8.595000267028809,8.595000267028809,8.595000267028809,559.0
2024-09-16 10:52:00+00:00,CENX,13.979999542236328,13.979999542236328,13.990400314331055,13.979999542236328,13.989999771118164,1057.0
2024-09-16 10:52:00+00:00,CNEY,0.4399999976158142,0.4399999976158142,0.4399999976158142,0.4399999976158142,0.4399999976158142,657.0
2024-09-16 10:52:00+00:00,FEAM,0.5074999928474426,0.5074999928474426,0.5074999928474426,0.5074999928474426,0.5074999928474426,669.0
2024-09-16 10:52:00+00:00,GEVO,1.3458000421524048,1.3458000421524048,1.350000023841858,1.340000033378601,1.350000023841858,76074.0
2024-09-16 10:52:00+00:00,IOSP,109.30000305175781,109.30000305175781,109.30000305175781,109.30000305175781,109.30000305175781,475.0
2024-09-16 10:52:00+00:00,KALU,69.11000061035156,69.11000061035156,69.11000061035156,68.93000030517578,68.93000030517578,287.0
2024-09-16 10:52:00+00:00,MEOH,38.33000183105469,38.33000183105469,38.380001068115234,38.33000183105469,38.380001068115234,1317.0
2024-09-16 10:52:00+00:00,MERC,6.385000228881836,6.385000228881836,6.385000228881836,6.385000228881836,6.385000228881836,308.0
2024-09-16 10:52:00+00:00,METC,9.954999923706055,9.954999923706055,9.968199729919434,9.949999809265137,9.949999809265137,1116.0
2024-09-16 10:52:00+00:00,ORGN,1.4882999658584595,1.4882999658584595,1.4882999658584595,1.4882999658584595,1.4882999658584595,800.0
2024-09-16 10:52:00+00:00,PAAS,21.34000015258789,21.34000015258789,21.364999771118164,21.34000015258789,21.364999771118164,3396.0
2024-09-16 10:52:00+00:00,RGLD,141.1199951171875,141.1199951171875,141.1199951171875,141.1199951171875,141.1199951171875,503.0
2024-09-16 10:52:00+00:00,SSRM,5.8403000831604,5.8403000831604,5.84499979019165,5.8403000831604,5.84499979019165,1117.0
2024-09-16 10:52:00+00:00,STLD,111.63999938964844,111.63999938964844,111.69499969482422,111.63999938964844,111.66999816894531,1285.0
2024-09-16 10:52:00+00:00,TMC,1.065000057220459,1.065000057220459,1.090000033378601,1.0499999523162842,1.059999942779541,110901.0
2024-09-16 10:53:00+00:00,CENX,13.989999771118164,13.989999771118164,13.989999771118164,13.989999771118164,13.989999771118164,763.0
2024-09-16 10:53:00+00:00,CRKN,1.350000023841858,1.350000023841858,1.3600000143051147,1.350000023841858,1.3600000143051147,1152.0
2024-09-16 10:53:00+00:00,GEVO,1.3450000286102295,1.3450000286102295,1.3499000072479248,1.340000033378601,1.3493000268936157,31931.0
2024-09-16 10:53:00+00:00,MEOH,38.35499954223633,38.35499954223633,38.35499954223633,38.35499954223633,38.35499954223633,1017.0
2024-09-16 10:53:00+00:00,MERC,6.394999980926514,6.394999980926514,6.394999980926514,6.385000228881836,6.385000228881836,2227.0
2024-09-16 10:53:00+00:00,METC,9.954999923706055,9.954999923706055,9.954999923706055,9.954999923706055,9.954999923706055,790.0
2024-09-16 10:53:00+00:00,ORGN,1.489400029182434,1.489400029182434,1.489400029182434,1.4800000190734863,1.4800000190734863,23049.0
2024-09-16 10:53:00+00:00,PAAS,21.360000610351562,21.360000610351562,21.360000610351562,21.34000015258789,21.350000381469727,3284.0
2024-09-16 10:53:00+00:00,PLL,7.050000190734863,7.050000190734863,7.050000190734863,7.050000190734863,7.050000190734863,898.0
2024-09-16 10:53:00+00:00,STLD,111.62000274658203,111.62000274658203,111.6500015258789,111.55999755859375,111.63999938964844,3265.0
2024-09-16 10:53:00+00:00,TMC,1.0399999618530273,1.0399999618530273,1.100000023841858,1.0399999618530273,1.0700000524520874,110848.0
2024-09-16 10:54:00+00:00,ASTL,10.074999809265137,10.074999809265137,10.074999809265137,10.074999809265137,10.074999809265137,233.0
2024-09-16 10:54:00+00:00,CENX,13.970000267028809,13.970000267028809,13.989999771118164,13.970000267028809,13.989999771118164,1645.0
2024-09-16 10:54:00+00:00,CNEY,0.4426000118255615,0.4426000118255615,0.4426000118255615,0.4426000118255615,0.4426000118255615,400.0
2024-09-16 10:54:00+00:00,CRKN,1.3450000286102295,1.3450000286102295,1.3450000286102295,1.3450000286102295,1.3450000286102295,362.0
2024-09-16 10:54:00+00:00,GEVO,1.350000023841858,1.350000023841858,1.350000023841858,1.340000033378601,1.3485000133514404,11247.0
2024-09-16 10:54:00+00:00,GPRE,12.569999694824219,12.569999694824219,12.569999694824219,12.569999694824219,12.569999694824219,589.0
2024-09-16 10:54:00+00:00,HDSN,7.889999866485596,7.889999866485596,7.889999866485596,7.889999866485596,7.889999866485596,631.0
2024-09-16 10:54:00+00:00,LGO,1.7400000095367432,1.7400000095367432,1.7400000095367432,1.7400000095367432,1.7400000095367432,556.0
2024-09-16 10:54:00+00:00,LWLG,2.5999999046325684,2.5999999046325684,2.5999999046325684,2.5999999046325684,2.5999999046325684,233.0
2024-09-16 10:54:00+00:00,PAAS,21.350500106811523,21.350500106811523,21.360000610351562,21.344999313354492,21.360000610351562,2068.0
2024-09-16 10:54:00+00:00,SGML,10.180000305175781,10.180000305175781,10.180000305175781,10.180000305175781,10.180000305175781,544.0
2024-09-16 10:54:00+00:00,SSRM,5.829999923706055,5.829999923706055,5.840000152587891,5.829999923706055,5.840000152587891,1382.0
2024-09-16 10:54:00+00:00,STLD,111.5199966430664,111.5199966430664,111.625,111.5199966430664,111.625,1528.0
2024-09-16 10:54:00+00:00,TMC,1.0592999458312988,1.0592999458312988,1.0800000429153442,1.0399999618530273,1.0399999618530273,132034.0
2024-09-16 10:55:00+00:00,BCPC,171.36599731445312,171.36599731445312,171.36599731445312,171.36599731445312,171.36599731445312,444.0
2024-09-16 10:55:00+00:00,CENX,13.979999542236328,13.979999542236328,13.979999542236328,13.97089958190918,13.97089958190918,424.0
2024-09-16 10:55:00+00:00,IOSP,109.50499725341797,109.50499725341797,109.50499725341797,109.50499725341797,109.50499725341797,412.0
2024-09-16 10:55:00+00:00,KALU,68.94999694824219,68.94999694824219,68.94999694824219,68.94999694824219,68.94999694824219,167.0
2024-09-16 10:55:00+00:00,LGO,1.7300000190734863,1.7300000190734863,1.7300000190734863,1.7300000190734863,1.7300000190734863,751.0
2024-09-16 10:55:00+00:00,LWLG,2.575000047683716,2.575000047683716,2.5999999046325684,2.575000047683716,2.5999999046325684,14827.0
2024-09-16 10:55:00+00:00,PAAS,21.360000610351562,21.360000610351562,21.360000610351562,21.344999313354492,21.360000610351562,2158.0
2024-09-16 10:55:00+00:00,PPTA,9.07960033416748,9.07960033416748,9.07960033416748,9.07960033416748,9.07960033416748,901.0
2024-09-16 10:55:00+00:00,SSRM,5.840000152587891,5.840000152587891,5.840000152587891,5.835000038146973,5.840000152587891,2168.0
2024-09-16 10:55:00+00:00,TMC,1.0799000263214111,1.0799000263214111,1.090000033378601,1.059999942779541,1.059999942779541,78875.0
2024-09-16 10:56:00+00:00,ALTO,1.590000033378601,1.590000033378601,1.590000033378601,1.590000033378601,1.590000033378601,790.0
2024-09-16 10:56:00+00:00,ASTL,10.079999923706055,10.079999923706055,10.079999923706055,10.079999923706055,10.079999923706055,967.0
2024-09-16 10:56:00+00:00,CENX,14.0,14.0,14.010000228881836,13.989999771118164,13.989999771118164,1152.0
2024-09-16 10:56:00+00:00,CNEY,0.4487000107765198,0.4487000107765198,0.4487000107765198,0.4487000107765198,0.4487000107765198,13521.0
2024-09-16 10:56:00+00:00,GEVO,1.3350000381469727,1.3350000381469727,1.340000033378601,1.3300000429153442,1.339900016784668,45654.0
2024-09-16 10:56:00+00:00,GPRE,12.5600004196167,12.5600004196167,12.5600004196167,12.555000305175781,12.555000305175781,1369.0
2024-09-16 10:56:00+00:00,HDSN,7.880000114440918,7.880000114440918,7.880000114440918,7.880000114440918,7.880000114440918,217.0
2024-09-16 10:56:00+00:00,HWKN,116.83999633789062,116.83999633789062,116.83999633789062,116.83999633789062,116.83999633789062,843.0
2024-09-16 10:56:00+00:00,HYMC,2.630000114440918,2.630000114440918,2.630000114440918,2.630000114440918,2.630000114440918,226.0
2024-09-16 10:56:00+00:00,LITM,0.32600000500679016,0.32600000500679016,0.328000009059906,0.32600000500679016,0.328000009059906,6344.0
2024-09-16 10:56:00+00:00,LWLG,2.569999933242798,2.569999933242798,2.5708999633789062,2.569999933242798,2.5708999633789062,5070.0
2024-09-16 10:56:00+00:00,MEOH,38.3650016784668,38.3650016784668,38.3650016784668,38.3650016784668,38.3650016784668,726.0
2024-09-16 10:56:00+00:00,MERC,6.394999980926514,6.394999980926514,6.394999980926514,6.380000114440918,6.380000114440918,6507.0
2024-09-16 10:56:00+00:00,METC,9.90999984741211,9.90999984741211,9.90999984741211,9.90999984741211,9.90999984741211,1018.0
2024-09-16 10:56:00+00:00,PAAS,21.364999771118164,21.364999771118164,21.3700008392334,21.360000610351562,21.360000610351562,2861.0
2024-09-16 10:56:00+00:00,PLL,7.03000020980835,7.03000020980835,7.03000020980835,7.03000020980835,7.03000020980835,372.0
2024-09-16 10:56:00+00:00,SSRM,5.840000152587891,5.840000152587891,5.840000152587891,5.840000152587891,5.840000152587891,3812.0
2024-09-16 10:56:00+00:00,STLD,111.56999969482422,111.56999969482422,111.56999969482422,111.56999969482422,111.56999969482422,2609.0
2024-09-16 10:56:00+00:00,TMC,1.0499999523162842,1.0499999523162842,1.090000033378601,1.0499999523162842,1.090000033378601,143246.0
2024-09-16 10:56:00+00:00,UFPI,122.43499755859375,122.43499755859375,122.44000244140625,122.43499755859375,122.44000244140625,306.0
2024-09-16 10:56:00+00:00,USAP,37.3849983215332,37.3849983215332,37.47999954223633,37.3849983215332,37.43000030517578,852.0
2024-09-16 10:56:00+00:00,ZEUS,38.04999923706055,38.04999923706055,38.04999923706055,38.04999923706055,38.04999923706055,1500.0
2024-09-16 10:57:00+00:00,CENX,14.0,14.0,14.010100364685059,14.0,14.010100364685059,1444.0
2024-09-16 10:57:00+00:00,GEVO,1.3300000429153442,1.3300000429153442,1.340000033378601,1.3300000429153442,1.3380000591278076,40080.0
2024-09-16 10:57:00+00:00,GPRE,12.5600004196167,12.5600004196167,12.5600004196167,12.5600004196167,12.5600004196167,538.0
2024-09-16 10:57:00+00:00,HDSN,7.880000114440918,7.880000114440918,7.880000114440918,7.880000114440918,7.880000114440918,876.0
2024-09-16 10:57:00+00:00,IOSP,109.44999694824219,109.44999694824219,109.44999694824219,109.44999694824219,109.44999694824219,365.0
2024-09-16 10:57:00+00:00,LWLG,2.555000066757202,2.555000066757202,2.575000047683716,2.549999952316284,2.5710999965667725,19831.0
2024-09-16 10:57:00+00:00,METC,9.899999618530273,9.899999618530273,9.90999984741211,9.899999618530273,9.90999984741211,975.0
2024-09-16 10:57:00+00:00,ORGN,1.4850000143051147,1.4850000143051147,1.4850000143051147,1.4850000143051147,1.4850000143051147,3098.0
2024-09-16 10:57:00+00:00,PAAS,21.375,21.375,21.375,21.350099563598633,21.364999771118164,4109.0
2024-09-16 10:57:00+00:00,RGLD,140.88499450683594,140.88499450683594,140.88499450683594,140.88499450683594,140.88499450683594,484.0
2024-09-16 10:57:00+00:00,SGML,10.170000076293945,10.170000076293945,10.170000076293945,10.170000076293945,10.170000076293945,180.0
2024-09-16 10:57:00+00:00,SSRM,5.849999904632568,5.849999904632568,5.849999904632568,5.84499979019165,5.84499979019165,321.0
2024-09-16 10:57:00+00:00,STLD,111.62999725341797,111.62999725341797,111.62999725341797,111.56999969482422,111.56999969482422,1013.0
2024-09-16 10:57:00+00:00,TMC,1.0600999593734741,1.0600999593734741,1.0800000429153442,1.0549999475479126,1.0549999475479126,32334.0
2024-09-16 10:57:00+00:00,UFPI,122.4800033569336,122.4800033569336,122.48500061035156,122.33999633789062,122.37999725341797,2674.0
2024-09-16 10:57:00+00:00,USAP,37.43000030517578,37.43000030517578,37.43000030517578,37.43000030517578,37.43000030517578,400.0
2024-09-16 10:57:00+00:00,ZKIN,0.45570001006126404,0.45570001006126404,0.45570001006126404,0.45570001006126404,0.45570001006126404,460.0
2024-09-16 10:58:00+00:00,ASTL,10.100000381469727,10.100000381469727,10.100000381469727,10.100000381469727,10.100000381469727,191.0
2024-09-16 10:58:00+00:00,CENX,13.979999542236328,13.979999542236328,13.989999771118164,13.979999542236328,13.989999771118164,1175.0
2024-09-16 10:58:00+00:00,CNEY,0.4429999887943268,0.4429999887943268,0.4429999887943268,0.4429999887943268,0.4429999887943268,2081.0
2024-09-16 10:58:00+00:00,GEVO,1.3350000381469727,1.3350000381469727,1.3391000032424927,1.3300000429153442,1.3300000429153442,6639.0
2024-09-16 10:58:00+00:00,HDSN,7.864999771118164,7.864999771118164,7.864999771118164,7.864999771118164,7.864999771118164,506.0
2024-09-16 10:58:00+00:00,HYMC,2.630000114440918,2.630000114440918,2.630000114440918,2.6298999786376953,2.6298999786376953,1619.0
2024-09-16 10:58:00+00:00,IOSP,109.52999877929688,109.52999877929688,109.52999877929688,109.52999877929688,109.52999877929688,1074.0
2024-09-16 10:58:00+00:00,KALU,68.97000122070312,68.97000122070312,68.97000122070312,68.97000122070312,68.97000122070312,480.0
2024-09-16 10:58:00+00:00,LWLG,2.549999952316284,2.549999952316284,2.555000066757202,2.549999952316284,2.555000066757202,299.0
2024-09-16 10:58:00+00:00,MEOH,38.349998474121094,38.349998474121094,38.349998474121094,38.349998474121094,38.349998474121094,272.0
2024-09-16 10:58:00+00:00,METC,9.90999984741211,9.90999984741211,9.90999984741211,9.90999984741211,9.90999984741211,273.0
2024-09-16 10:58:00+00:00,ORGN,1.4800000190734863,1.4800000190734863,1.4850000143051147,1.4800000190734863,1.4850000143051147,17518.0
2024-09-16 10:58:00+00:00,PAAS,21.3799991607666,21.3799991607666,21.399999618530273,21.3799991607666,21.3799991607666,6553.0
2024-09-16 10:58:00+00:00,PLL,7.045000076293945,7.045000076293945,7.050000190734863,7.045000076293945,7.050000190734863,683.0
2024-09-16 10:58:00+00:00,PPTA,9.07979965209961,9.07979965209961,9.07979965209961,9.07979965209961,9.07979965209961,681.0
2024-09-16 10:58:00+00:00,SSRM,5.849999904632568,5.849999904632568,5.855000019073486,5.849999904632568,5.849999904632568,1752.0
2024-09-16 10:58:00+00:00,STLD,111.51000213623047,111.51000213623047,111.58499908447266,111.51000213623047,111.58499908447266,2305.0
2024-09-16 10:58:00+00:00,TMC,1.059999942779541,1.059999942779541,1.0698000192642212,1.059999942779541,1.059999942779541,6425.0
2024-09-16 10:58:00+00:00,ZKIN,0.46000000834465027,0.46000000834465027,0.46000000834465027,0.46000000834465027,0.46000000834465027,70.0
2024-09-16 10:59:00+00:00,ALTO,1.6100000143051147,1.6100000143051147,1.6100000143051147,1.590000033378601,1.590000033378601,16054.0
2024-09-16 10:59:00+00:00,ASTL,10.09000015258789,10.09000015258789,10.100000381469727,10.09000015258789,10.095000267028809,785.0
2024-09-16 10:59:00+00:00,CENX,13.979999542236328,13.979999542236328,13.979999542236328,13.970000267028809,13.979999542236328,1107.0
2024-09-16 10:59:00+00:00,GEVO,1.3300000429153442,1.3300000429153442,1.339900016784668,1.3250000476837158,1.339900016784668,40765.0
2024-09-16 10:59:00+00:00,GPRE,12.529999732971191,12.529999732971191,12.539999961853027,12.529999732971191,12.539999961853027,931.0
2024-09-16 10:59:00+00:00,GSM,4.178500175476074,4.178500175476074,4.178500175476074,4.178500175476074,4.178500175476074,500.0
2024-09-16 10:59:00+00:00,LWLG,2.555000066757202,2.555000066757202,2.559999942779541,2.5517001152038574,2.5599000453948975,6346.0
2024-09-16 10:59:00+00:00,MEOH,38.380001068115234,38.380001068115234,38.380001068115234,38.380001068115234,38.380001068115234,124.0
2024-09-16 10:59:00+00:00,MERC,6.349999904632568,6.349999904632568,6.360000133514404,6.349999904632568,6.360000133514404,3202.0
2024-09-16 10:59:00+00:00,ORGN,1.4800000190734863,1.4800000190734863,1.4800000190734863,1.4800000190734863,1.4800000190734863,200.0
2024-09-16 10:59:00+00:00,PAAS,21.3882999420166,21.3882999420166,21.389999389648438,21.3799991607666,21.385000228881836,5136.0
2024-09-16 10:59:00+00:00,PPTA,9.050000190734863,9.050000190734863,9.0600004196167,9.050000190734863,9.0600004196167,204.0
2024-09-16 10:59:00+00:00,RGLD,140.6999969482422,140.6999969482422,140.6999969482422,140.6999969482422,140.6999969482422,1764.0
2024-09-16 10:59:00+00:00,SGML,10.149999618530273,10.149999618530273,10.149999618530273,10.149999618530273,10.149999618530273,514.0
2024-09-16 10:59:00+00:00,SSRM,5.84499979019165,5.84499979019165,5.84499979019165,5.84499979019165,5.84499979019165,679.0
2024-09-16 10:59:00+00:00,STLD,111.42500305175781,111.42500305175781,111.4749984741211,111.42500305175781,111.4749984741211,966.0
2024-09-16 10:59:00+00:00,TMC,1.059999942779541,1.059999942779541,1.0700000524520874,1.0299999713897705,1.059999942779541,48267.0
2024-09-16 10:59:00+00:00,UFPI,122.58000183105469,122.58000183105469,122.58000183105469,122.56999969482422,122.56999969482422,1263.0
2024-09-16 10:59:00+00:00,USAU,5.739999771118164,5.739999771118164,5.739999771118164,5.718500137329102,5.718500137329102,1616.0
2024-09-16 10:59:00+00:00,ZEUS,38.029998779296875,38.029998779296875,38.029998779296875,38.029998779296875,38.029998779296875,358.0
2024-09-16 11:00:00+00:00,ALTO,1.6050000190734863,1.6050000190734863,1.6094000339508057,1.6050000190734863,1.6094000339508057,765.0
2024-09-16 11:00:00+00:00,AREC,0.48899999260902405,0.48899999260902405,0.48899999260902405,0.48809999227523804,0.48809999227523804,808.0
2024-09-16 11:00:00+00:00,ASTL,10.085000038146973,10.085000038146973,10.09000015258789,10.085000038146973,10.09000015258789,526.0
2024-09-16 11:00:00+00:00,BCPC,170.85499572753906,170.85499572753906,170.85499572753906,170.85499572753906,170.85499572753906,769.0
2024-09-16 11:00:00+00:00,CENX,13.9399995803833,13.9399995803833,13.979999542236328,13.9399995803833,13.979999542236328,1529.0
2024-09-16 11:00:00+00:00,GEVO,1.3300000429153442,1.3300000429153442,1.3300000429153442,1.3200000524520874,1.3300000429153442,9279.0
2024-09-16 11:00:00+00:00,GPRE,12.470000267028809,12.470000267028809,12.5,12.460000038146973,12.5,2455.0
2024-09-16 11:00:00+00:00,HWKN,116.83000183105469,116.83000183105469,116.83000183105469,116.83000183105469,116.83000183105469,676.0
2024-09-16 11:00:00+00:00,LITM,0.33000001311302185,0.33000001311302185,0.33009999990463257,0.33000001311302185,0.33009999990463257,206.0
2024-09-16 11:00:00+00:00,LWLG,2.5399999618530273,2.5399999618530273,2.555000066757202,2.5399999618530273,2.549999952316284,15254.0
2024-09-16 11:00:00+00:00,MEOH,38.345001220703125,38.345001220703125,38.345001220703125,38.345001220703125,38.345001220703125,277.0
2024-09-16 11:00:00+00:00,MERC,6.340000152587891,6.340000152587891,6.340000152587891,6.340000152587891,6.340000152587891,425.0
2024-09-16 11:00:00+00:00,METC,9.904999732971191,9.904999732971191,9.904999732971191,9.904999732971191,9.904999732971191,160.0
2024-09-16 11:00:00+00:00,ORGN,1.4757000207901,1.4757000207901,1.4757000207901,1.4757000207901,1.4757000207901,290.0
2024-09-16 11:00:00+00:00,PAAS,21.35449981689453,21.35449981689453,21.364999771118164,21.350000381469727,21.350000381469727,6701.0
2024-09-16 11:00:00+00:00,PLL,7.0,7.0,7.019999980926514,6.9710001945495605,7.019999980926514,6799.0
2024-09-16 11:00:00+00:00,PPTA,9.050000190734863,9.050000190734863,9.0600004196167,9.050000190734863,9.0600004196167,726.0
2024-09-16 11:00:00+00:00,SGML,10.125,10.125,10.125,10.125,10.125,126.0
2024-09-16 11:00:00+00:00,SSRM,5.84499979019165,5.84499979019165,5.84499979019165,5.84499979019165,5.84499979019165,1826.0
2024-09-16 11:00:00+00:00,STLD,111.4000015258789,111.4000015258789,111.46499633789062,111.4000015258789,111.46499633789062,1125.0
2024-09-16 11:00:00+00:00,TMC,1.059999942779541,1.059999942779541,1.059999942779541,1.059999942779541,1.059999942779541,803.0
2024-09-16 11:00:00+00:00,ZEUS,38.119998931884766,38.119998931884766,38.119998931884766,38.119998931884766,38.119998931884766,1379.0
2024-09-16 11:01:00+00:00,ALTO,1.6094000339508057,1.6094000339508057,1.6094000339508057,1.6094000339508057,1.6094000339508057,132.0
2024-09-16 11:01:00+00:00,ASTL,10.09000015258789,10.09000015258789,10.09000015258789,10.079999923706055,10.079999923706055,658.0
2024-09-16 11:01:00+00:00,CENX,13.960000038146973,13.960000038146973,13.960000038146973,13.9399995803833,13.9399995803833,1583.0
2024-09-16 11:01:00+00:00,CNEY,0.44999998807907104,0.44999998807907104,0.44999998807907104,0.44999998807907104,0.44999998807907104,1431.0
2024-09-16 11:01:00+00:00,GEVO,1.3216999769210815,1.3216999769210815,1.3300000429153442,1.3200000524520874,1.3200000524520874,11089.0
2024-09-16 11:01:00+00:00,GPRE,12.470000267028809,12.470000267028809,12.470000267028809,12.470000267028809,12.470000267028809,810.0
2024-09-16 11:01:00+00:00,KALU,68.98999786376953,68.98999786376953,68.98999786376953,68.98999786376953,68.98999786376953,301.0
2024-09-16 11:01:00+00:00,MEOH,38.34000015258789,38.34000015258789,38.34000015258789,38.34000015258789,38.34000015258789,641.0
2024-09-16 11:01:00+00:00,MERC,6.349999904632568,6.349999904632568,6.349999904632568,6.340000152587891,6.340000152587891,2231.0
2024-09-16 11:01:00+00:00,METC,9.899999618530273,9.899999618530273,9.899999618530273,9.899999618530273,9.899999618530273,348.0
2024-09-16 11:01:00+00:00,PAAS,21.375,21.375,21.375,21.360000610351562,21.360000610351562,5104.0
2024-09-16 11:01:00+00:00,PLL,7.0,7.0,7.0,6.990499973297119,7.0,1417.0
2024-09-16 11:01:00+00:00,PPTA,9.050000190734863,9.050000190734863,9.050000190734863,9.050000190734863,9.050000190734863,246.0
2024-09-16 11:01:00+00:00,SGML,10.130000114440918,10.130000114440918,10.130000114440918,10.130000114440918,10.130000114440918,631.0
2024-09-16 11:01:00+00:00,SSRM,5.849999904632568,5.849999904632568,5.849999904632568,5.840000152587891,5.84499979019165,0.0
2024-09-16 11:01:00+00:00,STLD,111.36000061035156,111.36000061035156,111.36000061035156,111.3499984741211,111.3550033569336,1126.0
2024-09-16 11:01:00+00:00,TMC,1.0549999475479126,1.0549999475479126,1.0549999475479126,1.0499999523162842,1.0549999475479126,4605.0
2024-09-16 11:01:00+00:00,USLM,84.51000213623047,84.51000213623047,84.51000213623047,84.51000213623047,84.51000213623047,316.0
2024-09-16 11:01:00+00:00,ZKIN,0.45570001006126404,0.45570001006126404,0.45570001006126404,0.45570001006126404,0.45570001006126404,100.0
2024-09-16 11:02:00+00:00,ASTL,10.100000381469727,10.100000381469727,10.109999656677246,10.095000267028809,10.100000381469727,2732.0
2024-09-16 11:02:00+00:00,CENX,13.960000038146973,13.960000038146973,13.960000038146973,13.960000038146973,13.960000038146973,780.0
2024-09-16 11:02:00+00:00,GEVO,1.3250000476837158,1.3250000476837158,1.3300000429153442,1.3200000524520874,1.329699993133545,19311.0
2024-09-16 11:02:00+00:00,GPRE,12.49899959564209,12.49899959564209,12.49899959564209,12.49899959564209,12.49899959564209,271.0
2024-09-16 11:02:00+00:00,HDSN,7.869999885559082,7.869999885559082,7.869999885559082,7.855000019073486,7.860000133514404,1140.0
2024-09-16 11:02:00+00:00,LITM,0.33000001311302185,0.33000001311302185,0.3301999866962433,0.33000001311302185,0.3301999866962433,10122.0
2024-09-16 11:02:00+00:00,LWLG,2.5399999618530273,2.5399999618530273,2.5399999618530273,2.5399999618530273,2.5399999618530273,600.0
2024-09-16 11:02:00+00:00,METC,9.904999732971191,9.904999732971191,9.904999732971191,9.904999732971191,9.904999732971191,250.0
2024-09-16 11:02:00+00:00,PAAS,21.375,21.375,21.385000228881836,21.364999771118164,21.3700008392334,3004.0
2024-09-16 11:02:00+00:00,PLL,7.019999980926514,7.019999980926514,7.019999980926514,7.010000228881836,7.010000228881836,2855.0
2024-09-16 11:02:00+00:00,PPTA,9.079999923706055,9.079999923706055,9.079999923706055,9.079999923706055,9.079999923706055,104.0
2024-09-16 11:02:00+00:00,SGML,10.130000114440918,10.130000114440918,10.149900436401367,10.130000114440918,10.149900436401367,1579.0
2024-09-16 11:02:00+00:00,SSRM,5.855000019073486,5.855000019073486,5.855000019073486,5.849999904632568,5.849999904632568,951.0
2024-09-16 11:02:00+00:00,STLD,111.4000015258789,111.4000015258789,111.4000015258789,111.37999725341797,111.38500213623047,3645.0
2024-09-16 11:02:00+00:00,TMC,1.059999942779541,1.059999942779541,1.059999942779541,1.0499999523162842,1.059999942779541,3728.0
2024-09-16 11:02:00+00:00,USLM,84.51499938964844,84.51499938964844,84.51499938964844,84.51499938964844,84.51499938964844,694.0
2024-09-16 11:03:00+00:00,CENX,14.039999961853027,14.039999961853027,14.039999961853027,13.979999542236328,13.989999771118164,6715.0
2024-09-16 11:03:00+00:00,GEVO,1.3287999629974365,1.3287999629974365,1.3299000263214111,1.3200000524520874,1.3289999961853027,27943.0
2024-09-16 11:03:00+00:00,GPRE,12.510000228881836,12.510000228881836,12.510000228881836,12.510000228881836,12.510000228881836,233.0
2024-09-16 11:03:00+00:00,HDSN,7.864999771118164,7.864999771118164,7.864999771118164,7.864999771118164,7.864999771118164,158.0
2024-09-16 11:03:00+00:00,LWLG,2.5450000762939453,2.5450000762939453,2.5450000762939453,2.5450000762939453,2.5450000762939453,5817.0
2024-09-16 11:03:00+00:00,METC,9.904999732971191,9.904999732971191,9.904999732971191,9.904999732971191,9.904999732971191,144.0
2024-09-16 11:03:00+00:00,ORGN,1.475000023841858,1.475000023841858,1.475000023841858,1.4700000286102295,1.4700000286102295,1400.0
2024-09-16 11:03:00+00:00,PAAS,21.3700008392334,21.3700008392334,21.385000228881836,21.34000015258789,21.3799991607666,5345.0
2024-09-16 11:03:00+00:00,PLL,7.010000228881836,7.010000228881836,7.010000228881836,7.010000228881836,7.010000228881836,373.0
2024-09-16 11:03:00+00:00,PPTA,9.050000190734863,9.050000190734863,9.079999923706055,9.050000190734863,9.079999923706055,400.0
2024-09-16 11:03:00+00:00,SGML,10.119999885559082,10.119999885559082,10.119999885559082,10.119999885559082,10.119999885559082,833.0
2024-09-16 11:03:00+00:00,SSRM,5.8445000648498535,5.8445000648498535,5.855000019073486,5.8445000648498535,5.855000019073486,3948.0
2024-09-16 11:03:00+00:00,STLD,111.375,111.375,111.4000015258789,111.375,111.4000015258789,1479.0
2024-09-16 11:03:00+00:00,TMC,1.0700000524520874,1.0700000524520874,1.0700000524520874,1.0599000453948975,1.0599000453948975,5549.0
2024-09-16 11:03:00+00:00,USAP,37.36790084838867,37.36790084838867,37.36790084838867,37.36790084838867,37.36790084838867,329.0
2024-09-16 11:04:00+00:00,ALTO,1.6150000095367432,1.6150000095367432,1.6200000047683716,1.6050000190734863,1.6050000190734863,15114.0
2024-09-16 11:04:00+00:00,BIOX,8.609999656677246,8.609999656677246,8.609999656677246,8.609999656677246,8.609999656677246,244.0
2024-09-16 11:04:00+00:00,CENX,14.063599586486816,14.063599586486816,14.063599586486816,14.063599586486816,14.063599586486816,1474.0
2024-09-16 11:04:00+00:00,GEVO,1.340000033378601,1.340000033378601,1.340000033378601,1.3203999996185303,1.3203999996185303,65967.0
2024-09-16 11:04:00+00:00,GPRE,12.510000228881836,12.510000228881836,12.510000228881836,12.510000228881836,12.510000228881836,801.0
2024-09-16 11:04:00+00:00,GSM,4.175000190734863,4.175000190734863,4.175000190734863,4.175000190734863,4.175000190734863,111.0
2024-09-16 11:04:00+00:00,HDSN,7.860000133514404,7.860000133514404,7.860000133514404,7.860000133514404,7.860000133514404,316.0
2024-09-16 11:04:00+00:00,HWKN,116.58999633789062,116.58999633789062,116.58999633789062,116.58999633789062,116.58999633789062,403.0
2024-09-16 11:04:00+00:00,KALU,68.83000183105469,68.83000183105469,68.83000183105469,68.83000183105469,68.83000183105469,230.0
2024-09-16 11:04:00+00:00,LGO,1.7100000381469727,1.7100000381469727,1.7100000381469727,1.7100000381469727,1.7100000381469727,2069.0
2024-09-16 11:04:00+00:00,MEOH,38.334999084472656,38.334999084472656,38.334999084472656,38.33000183105469,38.33000183105469,284.0
2024-09-16 11:04:00+00:00,MERC,6.340000152587891,6.340000152587891,6.340000152587891,6.340000152587891,6.340000152587891,694.0
2024-09-16 11:04:00+00:00,METC,9.904999732971191,9.904999732971191,9.904999732971191,9.904999732971191,9.904999732971191,420.0
2024-09-16 11:04:00+00:00,ORGN,1.475000023841858,1.475000023841858,1.475000023841858,1.4700000286102295,1.4700000286102295,2828.0
2024-09-16 11:04:00+00:00,PAAS,21.360000610351562,21.360000610351562,21.3700008392334,21.360000610351562,21.3700008392334,1795.0
2024-09-16 11:04:00+00:00,PLL,6.989999771118164,6.989999771118164,6.989999771118164,6.989999771118164,6.989999771118164,490.0
2024-09-16 11:04:00+00:00,PPTA,9.079999923706055,9.079999923706055,9.079999923706055,9.079999923706055,9.079999923706055,1881.0
2024-09-16 11:04:00+00:00,SGML,10.140000343322754,10.140000343322754,10.140000343322754,10.140000343322754,10.140000343322754,135.0
2024-09-16 11:04:00+00:00,SSRM,5.835000038146973,5.835000038146973,5.84499979019165,5.835000038146973,5.840199947357178,2951.0
2024-09-16 11:04:00+00:00,STLD,111.33000183105469,111.33000183105469,111.43000030517578,111.33000183105469,111.37000274658203,4367.0
2024-09-16 11:04:00+00:00,TMC,1.0700000524520874,1.0700000524520874,1.0700000524520874,1.065000057220459,1.069000005722046,2753.0
2024-09-16 11:04:00+00:00,UFPI,122.36499786376953,122.36499786376953,122.36499786376953,122.36499786376953,122.36499786376953,118.0
2024-09-16 11:04:00+00:00,USAP,37.2400016784668,37.2400016784668,37.290000915527344,37.20000076293945,37.290000915527344,1036.0
2024-09-16 11:05:00+00:00,ALTO,1.6150000095367432,1.6150000095367432,1.6150000095367432,1.6100000143051147,1.6150000095367432,6415.0
2024-09-16 11:05:00+00:00,CENX,14.076800346374512,14.076800346374512,14.076800346374512,14.076800346374512,14.076800346374512,337.0
2024-09-16 11:05:00+00:00,GEVO,1.3350000381469727,1.3350000381469727,1.339900016784668,1.3313000202178955,1.3313000202178955,4007.0
2024-09-16 11:05:00+00:00,GPRE,12.579999923706055,12.579999923706055,12.579999923706055,12.579999923706055,12.579999923706055,158.0
2024-09-16 11:05:00+00:00,GSM,4.179999828338623,4.179999828338623,4.179999828338623,4.179999828338623,4.179999828338623,200.0
2024-09-16 11:05:00+00:00,HDSN,7.860000133514404,7.860000133514404,7.860000133514404,7.860000133514404,7.860000133514404,2152.0
2024-09-16 11:05:00+00:00,LWLG,2.5443999767303467,2.5443999767303467,2.549999952316284,2.5443999767303467,2.549999952316284,364.0
2024-09-16 11:05:00+00:00,MERC,6.340000152587891,6.340000152587891,6.340000152587891,6.340000152587891,6.340000152587891,473.0
2024-09-16 11:05:00+00:00,ORGN,1.4703999757766724,1.4703999757766724,1.4703999757766724,1.4703999757766724,1.4703999757766724,8.0
2024-09-16 11:05:00+00:00,PAAS,21.354999542236328,21.354999542236328,21.360000610351562,21.350000381469727,21.360000610351562,2761.0
2024-09-16 11:05:00+00:00,PPTA,9.109999656677246,9.109999656677246,9.109999656677246,9.109999656677246,9.109999656677246,283.0
2024-09-16 11:05:00+00:00,RGLD,140.91000366210938,140.91000366210938,140.91000366210938,140.91000366210938,140.91000366210938,338.0
2024-09-16 11:05:00+00:00,SGML,10.140000343322754,10.140000343322754,10.140000343322754,10.140000343322754,10.140000343322754,215.0
2024-09-16 11:05:00+00:00,SNES,3.0199999809265137,3.0199999809265137,3.0799999237060547,3.0199999809265137,3.0799999237060547,0.0
2024-09-16 11:05:00+00:00,STLD,111.41999816894531,111.41999816894531,111.45999908447266,111.33000183105469,111.33000183105469,4301.0
2024-09-16 11:05:00+00:00,TMC,1.0700000524520874,1.0700000524520874,1.0700000524520874,1.0601999759674072,1.062000036239624,3927.0
2024-09-16 11:06:00+00:00,ALTO,1.6200000047683716,1.6200000047683716,1.6200000047683716,1.6150000095367432,1.6150000095367432,21951.0
2024-09-16 11:06:00+00:00,ASTL,10.095000267028809,10.095000267028809,10.109999656677246,10.095000267028809,10.100000381469727,2052.0
2024-09-16 11:06:00+00:00,CENX,14.100000381469727,14.100000381469727,14.100000381469727,14.069999694824219,14.069999694824219,1512.0
2024-09-16 11:06:00+00:00,CNEY,0.45899999141693115,0.45899999141693115,0.45899999141693115,0.44999998807907104,0.44999998807907104,293.0
2024-09-16 11:06:00+00:00,CRKN,1.3420000076293945,1.3420000076293945,1.3420000076293945,1.3420000076293945,1.3420000076293945,502.0
2024-09-16 11:06:00+00:00,GEVO,1.3350000381469727,1.3350000381469727,1.339900016784668,1.3300000429153442,1.3350000381469727,34508.0
2024-09-16 11:06:00+00:00,GPRE,12.569999694824219,12.569999694824219,12.569999694824219,12.569999694824219,12.569999694824219,421.0
2024-09-16 11:06:00+00:00,HYMC,2.6298999786376953,2.6298999786376953,2.630000114440918,2.6298999786376953,2.630000114440918,2028.0
2024-09-16 11:06:00+00:00,JCTCF,4.599899768829346,4.599899768829346,4.599899768829346,4.599899768829346,4.599899768829346,415.0
2024-09-16 11:06:00+00:00,LITM,0.3264999985694885,0.3264999985694885,0.3264999985694885,0.3264999985694885,0.3264999985694885,1805.0
2024-09-16 11:06:00+00:00,LWLG,2.5492000579833984,2.5492000579833984,2.549999952316284,2.5492000579833984,2.549999952316284,1639.0
2024-09-16 11:06:00+00:00,MEOH,38.33000183105469,38.33000183105469,38.369998931884766,38.33000183105469,38.36000061035156,1082.0
2024-09-16 11:06:00+00:00,MERC,6.340000152587891,6.340000152587891,6.340000152587891,6.335000038146973,6.335000038146973,1866.0
2024-09-16 11:06:00+00:00,METC,9.904999732971191,9.904999732971191,9.904999732971191,9.904999732971191,9.904999732971191,141.0
2024-09-16 11:06:00+00:00,ORGN,1.4700000286102295,1.4700000286102295,1.4739999771118164,1.4700000286102295,1.4739999771118164,306.0
2024-09-16 11:06:00+00:00,PAAS,21.3700008392334,21.3700008392334,21.3700008392334,21.350000381469727,21.354000091552734,5083.0
2024-09-16 11:06:00+00:00,PLL,6.989999771118164,6.989999771118164,6.989999771118164,6.989999771118164,6.989999771118164,363.0
2024-09-16 11:06:00+00:00,PPTA,9.140000343322754,9.140000343322754,9.140000343322754,9.140000343322754,9.140000343322754,126.0
2024-09-16 11:06:00+00:00,RETO,1.440000057220459,1.440000057220459,1.440000057220459,1.440000057220459,1.440000057220459,42231.0
2024-09-16 11:06:00+00:00,RGLD,140.72000122070312,140.72000122070312,140.72000122070312,140.72000122070312,140.72000122070312,376.0
2024-09-16 11:06:00+00:00,RKDA,2.7750000953674316,2.7750000953674316,2.7750000953674316,2.7750000953674316,2.7750000953674316,1538.0
2024-09-16 11:06:00+00:00,SSRM,5.840000152587891,5.840000152587891,5.840000152587891,5.829999923706055,5.829999923706055,4034.0
2024-09-16 11:06:00+00:00,STLD,111.41999816894531,111.41999816894531,111.4800033569336,111.41999816894531,111.45999908447266,3378.0
2024-09-16 11:06:00+00:00,TMC,1.0879000425338745,1.0879000425338745,1.090000033378601,1.069000005722046,1.0700000524520874,17936.0
2024-09-16 11:06:00+00:00,UFPI,122.37000274658203,122.37000274658203,122.37000274658203,122.37000274658203,122.37000274658203,276.0
2024-09-16 11:06:00+00:00,USLM,84.4000015258789,84.4000015258789,84.4000015258789,84.4000015258789,84.4000015258789,397.0
2024-09-16 11:07:00+00:00,ALTO,1.6200000047683716,1.6200000047683716,1.6291999816894531,1.6200000047683716,1.6200000047683716,7256.0
2024-09-16 11:07:00+00:00,ASTL,10.175000190734863,10.175000190734863,10.175000190734863,10.100000381469727,10.100000381469727,3746.0
2024-09-16 11:07:00+00:00,CENX,14.09000015258789,14.09000015258789,14.119999885559082,14.09000015258789,14.109999656677246,2615.0
2024-09-16 11:07:00+00:00,CNEY,0.45910000801086426,0.45910000801086426,0.45910000801086426,0.4580000042915344,0.45899999141693115,8354.0
2024-09-16 11:07:00+00:00,CRKN,1.3401000499725342,1.3401000499725342,1.350000023841858,1.3401000499725342,1.350000023841858,402.0
2024-09-16 11:07:00+00:00,ELBM,0.6172000169754028,0.6172000169754028,0.6277999877929688,0.6172000169754028,0.6277999877929688,18680.0
2024-09-16 11:07:00+00:00,GEVO,1.3299000263214111,1.3299000263214111,1.3387999534606934,1.3250000476837158,1.3387999534606934,28984.0
2024-09-16 11:07:00+00:00,GPRE,12.59000015258789,12.59000015258789,12.59000015258789,12.569999694824219,12.579999923706055,763.0
2024-09-16 11:07:00+00:00,GSM,4.179999828338623,4.179999828338623,4.179999828338623,4.179999828338623,4.179999828338623,122.0
2024-09-16 11:07:00+00:00,HDSN,7.880000114440918,7.880000114440918,7.880000114440918,7.869999885559082,7.869999885559082,1118.0
2024-09-16 11:07:00+00:00,IOSP,109.33000183105469,109.33000183105469,109.33000183105469,109.16999816894531,109.16999816894531,1229.0
2024-09-16 11:07:00+00:00,KALU,68.75,68.75,68.93499755859375,68.75,68.93499755859375,207.0
2024-09-16 11:07:00+00:00,LWLG,2.5450000762939453,2.5450000762939453,2.5450000762939453,2.5450000762939453,2.5450000762939453,251.0
2024-09-16 11:07:00+00:00,METC,9.90999984741211,9.90999984741211,9.920000076293945,9.90999984741211,9.90999984741211,2105.0
2024-09-16 11:07:00+00:00,ORGN,1.4795000553131104,1.4795000553131104,1.4795000553131104,1.4700000286102295,1.475000023841858,3411.0
2024-09-16 11:07:00+00:00,PAAS,21.364999771118164,21.364999771118164,21.375,21.360000610351562,21.3700008392334,7882.0
2024-09-16 11:07:00+00:00,PLL,6.989999771118164,6.989999771118164,7.0,6.989999771118164,7.0,4101.0
2024-09-16 11:07:00+00:00,PPTA,9.13599967956543,9.13599967956543,9.13599967956543,9.119999885559082,9.119999885559082,1400.0
2024-09-16 11:07:00+00:00,SGML,10.149999618530273,10.149999618530273,10.149999618530273,10.149999618530273,10.149999618530273,882.0
2024-09-16 11:07:00+00:00,SMID,35.470001220703125,35.470001220703125,35.470001220703125,35.470001220703125,35.470001220703125,336.0
2024-09-16 11:07:00+00:00,SSRM,5.84499979019165,5.84499979019165,5.84499979019165,5.835000038146973,5.840000152587891,1376.0
2024-09-16 11:07:00+00:00,STLD,111.4800033569336,111.4800033569336,111.55999755859375,111.36000061035156,111.36000061035156,3747.0
2024-09-16 11:07:00+00:00,TMC,1.0850000381469727,1.0850000381469727,1.090000033378601,1.0850000381469727,1.090000033378601,832.0
2024-09-16 11:07:00+00:00,USAP,37.33000183105469,37.33000183105469,37.33000183105469,37.31999969482422,37.31999969482422,660.0
2024-09-16 11:07:00+00:00,ZEUS,37.900001525878906,37.900001525878906,38.064998626708984,37.72999954223633,38.064998626708984,6349.0
2024-09-16 11:08:00+00:00,ALTO,1.6200000047683716,1.6200000047683716,1.6200000047683716,1.6200000047683716,1.6200000047683716,929.0
2024-09-16 11:08:00+00:00,ASTL,10.1850004196167,10.1850004196167,10.1850004196167,10.1850004196167,10.1850004196167,63.0
2024-09-16 11:08:00+00:00,BCPC,171.30999755859375,171.30999755859375,171.30999755859375,171.30999755859375,171.30999755859375,358.0
2024-09-16 11:08:00+00:00,CENX,14.109999656677246,14.109999656677246,14.109999656677246,14.109999656677246,14.109999656677246,1015.0
2024-09-16 11:08:00+00:00,CNEY,0.45010000467300415,0.45010000467300415,0.45010000467300415,0.45010000467300415,0.45010000467300415,2352.0
2024-09-16 11:08:00+00:00,GEVO,1.3200000524520874,1.3200000524520874,1.3300000429153442,1.3200000524520874,1.3300000429153442,27242.0
2024-09-16 11:08:00+00:00,GSM,4.179999828338623,4.179999828338623,4.184999942779541,4.179999828338623,4.179999828338623,2386.0
2024-09-16 11:08:00+00:00,HDSN,7.860000133514404,7.860000133514404,7.880000114440918,7.860000133514404,7.880000114440918,3211.0
2024-09-16 11:08:00+00:00,HWKN,117.19999694824219,117.19999694824219,117.19999694824219,116.8949966430664,116.8949966430664,1306.0
2024-09-16 11:08:00+00:00,IOSP,109.54000091552734,109.54000091552734,109.54000091552734,109.54000091552734,109.54000091552734,997.0
2024-09-16 11:08:00+00:00,KALU,69.13999938964844,69.13999938964844,69.13999938964844,69.08000183105469,69.08000183105469,1679.0
2024-09-16 11:08:00+00:00,LITM,0.32510000467300415,0.32510000467300415,0.32510000467300415,0.32510000467300415,0.32510000467300415,101.0
2024-09-16 11:08:00+00:00,LWLG,2.5350000858306885,2.5350000858306885,2.5450000762939453,2.5299999713897705,2.5450000762939453,10934.0
2024-09-16 11:08:00+00:00,MERC,6.340000152587891,6.340000152587891,6.340000152587891,6.335000038146973,6.335000038146973,1440.0
2024-09-16 11:08:00+00:00,ORGN,1.475000023841858,1.475000023841858,1.475000023841858,1.4700000286102295,1.475000023841858,2973.0
2024-09-16 11:08:00+00:00,PAAS,21.405000686645508,21.405000686645508,21.409900665283203,21.364999771118164,21.3700008392334,5158.0
2024-09-16 11:08:00+00:00,PPTA,9.140000343322754,9.140000343322754,9.140000343322754,9.119999885559082,9.119999885559082,242.0
2024-09-16 11:08:00+00:00,RGLD,140.91000366210938,140.91000366210938,140.91000366210938,140.91000366210938,140.91000366210938,1120.0
2024-09-16 11:08:00+00:00,SSRM,5.855000019073486,5.855000019073486,5.855000019073486,5.849999904632568,5.849999904632568,1827.0
2024-09-16 11:08:00+00:00,STLD,111.55000305175781,111.55000305175781,111.58000183105469,111.52999877929688,111.52999877929688,1887.0
2024-09-16 11:08:00+00:00,TMC,1.090000033378601,1.090000033378601,1.090000033378601,1.0845999717712402,1.0850000381469727,12771.0
2024-09-16 11:08:00+00:00,UFPI,122.56999969482422,122.56999969482422,122.56999969482422,122.36499786376953,122.36499786376953,1490.0
2024-09-16 11:09:00+00:00,ASTL,10.210000038146973,10.210000038146973,10.210000038146973,10.210000038146973,10.210000038146973,1128.0
2024-09-16 11:09:00+00:00,CENX,14.170000076293945,14.170000076293945,14.170000076293945,14.13479995727539,14.13479995727539,2083.0
2024-09-16 11:09:00+00:00,CNEY,0.46790000796318054,0.46790000796318054,0.46790000796318054,0.45910000801086426,0.45910000801086426,552.0
2024-09-16 11:09:00+00:00,ELBM,0.6166999936103821,0.6166999936103821,0.6166999936103821,0.6166999936103821,0.6166999936103821,68.0
2024-09-16 11:09:00+00:00,GEVO,1.315000057220459,1.315000057220459,1.3200000524520874,1.3100999593734741,1.31850004196167,13950.0
2024-09-16 11:09:00+00:00,GSM,4.164999961853027,4.164999961853027,4.179999828338623,4.164999961853027,4.179999828338623,4232.0
2024-09-16 11:09:00+00:00,HDSN,7.860000133514404,7.860000133514404,7.860000133514404,7.860000133514404,7.860000133514404,200.0
2024-09-16 11:09:00+00:00,KALU,69.2699966430664,69.2699966430664,69.2699966430664,69.2699966430664,69.2699966430664,579.0
2024-09-16 11:09:00+00:00,LITM,0.32510000467300415,0.32510000467300415,0.32510000467300415,0.32510000467300415,0.32510000467300415,201.0
2024-09-16 11:09:00+00:00,LWLG,2.5350000858306885,2.5350000858306885,2.5350000858306885,2.5350000858306885,2.5350000858306885,318.0
2024-09-16 11:09:00+00:00,MEOH,38.36000061035156,38.36000061035156,38.36000061035156,38.36000061035156,38.36000061035156,220.0
2024-09-16 11:09:00+00:00,MERC,6.340000152587891,6.340000152587891,6.340000152587891,6.340000152587891,6.340000152587891,102.0
2024-09-16 11:09:00+00:00,METC,9.930000305175781,9.930000305175781,9.930000305175781,9.930000305175781,9.930000305175781,637.0
2024-09-16 11:09:00+00:00,NTIC,12.5600004196167,12.5600004196167,12.5600004196167,12.5600004196167,12.5600004196167,181.0
2024-09-16 11:09:00+00:00,PAAS,21.434999465942383,21.434999465942383,21.434999465942383,21.399999618530273,21.405000686645508,3583.0
2024-09-16 11:09:00+00:00,PLL,6.988999843597412,6.988999843597412,6.988999843597412,6.988999843597412,6.988999843597412,463.0
2024-09-16 11:09:00+00:00,SSRM,5.860000133514404,5.860000133514404,5.860000133514404,5.860000133514404,5.860000133514404,422.0
2024-09-16 11:09:00+00:00,STLD,111.61000061035156,111.61000061035156,111.61000061035156,111.55999755859375,111.55999755859375,1722.0
2024-09-16 11:09:00+00:00,TMC,1.0800000429153442,1.0800000429153442,1.090000033378601,1.0750000476837158,1.090000033378601,20017.0
2024-09-16 11:09:00+00:00,ZEUS,37.66999816894531,37.66999816894531,37.66999816894531,37.56999969482422,37.66999816894531,2912.0
2024-09-16 11:10:00+00:00,ALTO,1.6205999851226807,1.6205999851226807,1.6205999851226807,1.6205999851226807,1.6205999851226807,786.0
2024-09-16 11:10:00+00:00,CENX,14.170000076293945,14.170000076293945,14.180000305175781,14.170000076293945,14.180000305175781,565.0
2024-09-16 11:10:00+00:00,CNEY,0.46779999136924744,0.46779999136924744,0.46790000796318054,0.46779999136924744,0.46790000796318054,2634.0
2024-09-16 11:10:00+00:00,CRKN,1.3450000286102295,1.3450000286102295,1.3450000286102295,1.3450000286102295,1.3450000286102295,501.0
2024-09-16 11:10:00+00:00,GEVO,1.3250000476837158,1.3250000476837158,1.3300000429153442,1.309999942779541,1.309999942779541,20109.0
2024-09-16 11:10:00+00:00,GPRE,12.630000114440918,12.630000114440918,12.630000114440918,12.630000114440918,12.630000114440918,877.0
2024-09-16 11:10:00+00:00,HDSN,7.860000133514404,7.860000133514404,7.860000133514404,7.860000133514404,7.860000133514404,1347.0
2024-09-16 11:10:00+00:00,HWKN,117.33999633789062,117.33999633789062,117.33999633789062,117.33999633789062,117.33999633789062,240.0
2024-09-16 11:10:00+00:00,LITM,0.32510000467300415,0.32510000467300415,0.32510000467300415,0.32510000467300415,0.32510000467300415,843.0
2024-09-16 11:10:00+00:00,LWLG,2.5450000762939453,2.5450000762939453,2.5450000762939453,2.5399999618530273,2.5399999618530273,2359.0
2024-09-16 11:10:00+00:00,MEOH,38.40999984741211,38.40999984741211,38.40999984741211,38.380001068115234,38.380001068115234,1095.0
2024-09-16 11:10:00+00:00,MERC,6.340000152587891,6.340000152587891,6.340000152587891,6.340000152587891,6.340000152587891,727.0
2024-09-16 11:10:00+00:00,ORGN,1.475000023841858,1.475000023841858,1.4799000024795532,1.475000023841858,1.4799000024795532,5279.0
2024-09-16 11:10:00+00:00,PAAS,21.44499969482422,21.44499969482422,21.450000762939453,21.43000030517578,21.440000534057617,8617.0
2024-09-16 11:10:00+00:00,PLL,6.989999771118164,6.989999771118164,6.989999771118164,6.989999771118164,6.989999771118164,705.0
2024-09-16 11:10:00+00:00,PPTA,9.140000343322754,9.140000343322754,9.140000343322754,9.140000343322754,9.140000343322754,131.0
2024-09-16 11:10:00+00:00,SSRM,5.869999885559082,5.869999885559082,5.869999885559082,5.860000133514404,5.860000133514404,2716.0
2024-09-16 11:10:00+00:00,STLD,111.55999755859375,111.55999755859375,111.59500122070312,111.55999755859375,111.59500122070312,1361.0
2024-09-16 11:10:00+00:00,TMC,1.0850000381469727,1.0850000381469727,1.0850000381469727,1.070099949836731,1.0750000476837158,14616.0
2024-09-16 11:10:00+00:00,USAU,5.699999809265137,5.699999809265137,5.735000133514404,5.699999809265137,5.735000133514404,1763.0
2024-09-16 11:11:00+00:00,ALTO,1.6200000047683716,1.6200000047683716,1.6200000047683716,1.6200000047683716,1.6200000047683716,108.0
2024-09-16 11:11:00+00:00,ASTL,10.220000267028809,10.220000267028809,10.220000267028809,10.220000267028809,10.220000267028809,110.0
2024-09-16 11:11:00+00:00,CENX,14.199999809265137,14.199999809265137,14.199999809265137,14.15999984741211,14.15999984741211,1122.0
2024-09-16 11:11:00+00:00,CNEY,0.4602000117301941,0.4602000117301941,0.4602000117301941,0.4602000117301941,0.4602000117301941,48.0
2024-09-16 11:11:00+00:00,CRKN,1.3401000499725342,1.3401000499725342,1.3450000286102295,1.3401000499725342,1.3450000286102295,133.0
2024-09-16 11:11:00+00:00,GEVO,1.3250000476837158,1.3250000476837158,1.3300000429153442,1.3200000524520874,1.3250000476837158,15964.0
2024-09-16 11:11:00+00:00,GSM,4.164999961853027,4.164999961853027,4.164999961853027,4.164999961853027,4.164999961853027,1000.0
2024-09-16 11:11:00+00:00,HWKN,117.2699966430664,117.2699966430664,117.2699966430664,117.2699966430664,117.2699966430664,236.0
2024-09-16 11:11:00+00:00,LITM,0.32510000467300415,0.32510000467300415,0.32510000467300415,0.32510000467300415,0.32510000467300415,255.0
2024-09-16 11:11:00+00:00,LWLG,2.5450000762939453,2.5450000762939453,2.549999952316284,2.5450000762939453,2.549999952316284,701.0
2024-09-16 11:11:00+00:00,METC,9.90999984741211,9.90999984741211,9.9350004196167,9.90999984741211,9.9350004196167,1899.0
2024-09-16 11:11:00+00:00,ORGN,1.4850000143051147,1.4850000143051147,1.4850000143051147,1.475000023841858,1.475000023841858,10500.0
2024-09-16 11:11:00+00:00,PAAS,21.43000030517578,21.43000030517578,21.454999923706055,21.424999237060547,21.450000762939453,15989.0
2024-09-16 11:11:00+00:00,PPTA,9.119999885559082,9.119999885559082,9.119999885559082,9.119999885559082,9.119999885559082,213.0
2024-09-16 11:11:00+00:00,RGLD,141.0,141.0,141.0,141.0,141.0,495.0
2024-09-16 11:11:00+00:00,SMID,35.7848014831543,35.7848014831543,35.7848014831543,35.7848014831543,35.7848014831543,235.0
2024-09-16 11:11:00+00:00,SSRM,5.869999885559082,5.869999885559082,5.869999885559082,5.864999771118164,5.864999771118164,745.0
2024-09-16 11:11:00+00:00,STLD,111.56999969482422,111.56999969482422,111.56999969482422,111.56500244140625,111.56500244140625,1079.0
2024-09-16 11:11:00+00:00,TMC,1.090000033378601,1.090000033378601,1.090000033378601,1.0800000429153442,1.0850000381469727,0.0
2024-09-16 11:12:00+00:00,ASTL,10.210000038146973,10.210000038146973,10.220000267028809,10.210000038146973,10.220000267028809,1783.0
2024-09-16 11:12:00+00:00,BCPC,171.1300048828125,171.1300048828125,171.1300048828125,171.1300048828125,171.1300048828125,729.0
2024-09-16 11:12:00+00:00,CENX,14.180000305175781,14.180000305175781,14.210000038146973,14.180000305175781,14.210000038146973,847.0
2024-09-16 11:12:00+00:00,CNEY,0.4641000032424927,0.4641000032424927,0.4641000032424927,0.4641000032424927,0.4641000032424927,7.0
2024-09-16 11:12:00+00:00,GEVO,1.3250000476837158,1.3250000476837158,1.3294999599456787,1.3200000524520874,1.3240000009536743,16425.0
2024-09-16 11:12:00+00:00,GURE,1.0,1.0,1.0,1.0,1.0,3896.0
2024-09-16 11:12:00+00:00,HDSN,7.849999904632568,7.849999904632568,7.849999904632568,7.849999904632568,7.849999904632568,2368.0
2024-09-16 11:12:00+00:00,HWKN,116.54000091552734,116.54000091552734,117.0,116.5199966430664,117.0,3032.0
2024-09-16 11:12:00+00:00,MEOH,38.369998931884766,38.369998931884766,38.369998931884766,38.369998931884766,38.369998931884766,411.0
2024-09-16 11:12:00+00:00,METC,9.899999618530273,9.899999618530273,9.90999984741211,9.890000343322754,9.90999984741211,2601.0
2024-09-16 11:12:00+00:00,PAAS,21.399999618530273,21.399999618530273,21.434999465942383,21.399999618530273,21.434999465942383,6136.0
2024-09-16 11:12:00+00:00,PPTA,9.119999885559082,9.119999885559082,9.119999885559082,9.119999885559082,9.119999885559082,207.0
2024-09-16 11:12:00+00:00,RGLD,140.92999267578125,140.92999267578125,140.92999267578125,140.92999267578125,140.92999267578125,630.0
2024-09-16 11:12:00+00:00,SSRM,5.860000133514404,5.860000133514404,5.864999771118164,5.860000133514404,5.864999771118164,558.0
2024-09-16 11:12:00+00:00,STLD,111.41999816894531,111.41999816894531,111.52999877929688,111.41999816894531,111.48999786376953,4138.0
2024-09-16 11:12:00+00:00,TMC,1.089900016784668,1.089900016784668,1.090000033378601,1.0807000398635864,1.090000033378601,7684.0
2024-09-16 11:12:00+00:00,ZEUS,37.54999923706055,37.54999923706055,37.54999923706055,37.54999923706055,37.54999923706055,1156.0
2024-09-16 11:13:00+00:00,ALTO,1.625,1.625,1.625,1.625,1.625,10215.0
2024-09-16 11:13:00+00:00,CENX,14.179900169372559,14.179900169372559,14.180000305175781,14.170000076293945,14.170000076293945,2758.0
2024-09-16 11:13:00+00:00,CNEY,0.4699999988079071,0.4699999988079071,0.4699999988079071,0.4503999948501587,0.4503999948501587,678.0
2024-09-16 11:13:00+00:00,ELBM,0.6166999936103821,0.6166999936103821,0.6166999936103821,0.6166999936103821,0.6166999936103821,4586.0
2024-09-16 11:13:00+00:00,GEVO,1.3250000476837158,1.3250000476837158,1.3250000476837158,1.3200000524520874,1.3250000476837158,8716.0
2024-09-16 11:13:00+00:00,GPRE,12.619999885559082,12.619999885559082,12.630000114440918,12.619999885559082,12.630000114440918,1228.0
2024-09-16 11:13:00+00:00,GSM,4.170000076293945,4.170000076293945,4.170000076293945,4.170000076293945,4.170000076293945,0.0
2024-09-16 11:13:00+00:00,LWLG,2.5497000217437744,2.5497000217437744,2.5497000217437744,2.5450000762939453,2.5450000762939453,1600.0
2024-09-16 11:13:00+00:00,MEOH,38.41999816894531,38.41999816894531,38.41999816894531,38.41999816894531,38.41999816894531,490.0
2024-09-16 11:13:00+00:00,METC,9.895000457763672,9.895000457763672,9.899999618530273,9.890000343322754,9.899999618530273,1358.0
2024-09-16 11:13:00+00:00,PAAS,21.415000915527344,21.415000915527344,21.415000915527344,21.389999389648438,21.399999618530273,9017.0
2024-09-16 11:13:00+00:00,PPTA,9.100000381469727,9.100000381469727,9.100000381469727,9.100000381469727,9.100000381469727,162.0
2024-09-16 11:13:00+00:00,SSRM,5.869999885559082,5.869999885559082,5.869999885559082,5.860000133514404,5.860000133514404,1627.0
2024-09-16 11:13:00+00:00,STLD,111.43499755859375,111.43499755859375,111.43499755859375,111.34500122070312,111.41999816894531,4169.0
2024-09-16 11:13:00+00:00,TMC,1.0800000429153442,1.0800000429153442,1.090000033378601,1.0800000429153442,1.0800000429153442,16870.0
2024-09-16 11:13:00+00:00,USAU,5.708000183105469,5.708000183105469,5.708000183105469,5.708000183105469,5.708000183105469,1104.0
2024-09-16 11:14:00+00:00,ALTO,1.6349999904632568,1.6349999904632568,1.6349999904632568,1.625,1.6299999952316284,9032.0
2024-09-16 11:14:00+00:00,GEVO,1.3250000476837158,1.3250000476837158,1.3299000263214111,1.3208999633789062,1.3250000476837158,4840.0
2024-09-16 11:14:00+00:00,GPRE,12.630000114440918,12.630000114440918,12.630000114440918,12.630000114440918,12.630000114440918,458.0
2024-09-16 11:14:00+00:00,GURE,0.949999988079071,0.949999988079071,0.949999988079071,0.949999988079071,0.949999988079071,0.0
2024-09-16 11:14:00+00:00,HWKN,116.57499694824219,116.57499694824219,116.57499694824219,116.57499694824219,116.57499694824219,264.0
2024-09-16 11:14:00+00:00,HYMC,2.630000114440918,2.630000114440918,2.630000114440918,2.630000114440918,2.630000114440918,270.0
2024-09-16 11:14:00+00:00,LWLG,2.5450000762939453,2.5450000762939453,2.5450000762939453,2.5450000762939453,2.5450000762939453,0.0
2024-09-16 11:14:00+00:00,MEOH,38.38999938964844,38.38999938964844,38.42499923706055,38.38999938964844,38.42499923706055,282.0
2024-09-16 11:14:00+00:00,MERC,6.340000152587891,6.340000152587891,6.340000152587891,6.340000152587891,6.340000152587891,200.0
2024-09-16 11:14:00+00:00,ORGN,1.4850000143051147,1.4850000143051147,1.4850000143051147,1.4850000143051147,1.4850000143051147,1785.0
2024-09-16 11:14:00+00:00,PAAS,21.409900665283203,21.409900665283203,21.415000915527344,21.405000686645508,21.415000915527344,6025.0
2024-09-16 11:14:00+00:00,PLL,7.019999980926514,7.019999980926514,7.019999980926514,7.019999980926514,7.019999980926514,2600.0
2024-09-16 11:14:00+00:00,PPTA,9.109999656677246,9.109999656677246,9.109999656677246,9.109999656677246,9.109999656677246,1470.0
2024-09-16 11:14:00+00:00,SSRM,5.863500118255615,5.863500118255615,5.864999771118164,5.863500118255615,5.864999771118164,1554.0
2024-09-16 11:14:00+00:00,STLD,111.30010223388672,111.30010223388672,111.43499755859375,111.30010223388672,111.43499755859375,1207.0
2024-09-16 11:14:00+00:00,TMC,1.090000033378601,1.090000033378601,1.090000033378601,1.090000033378601,1.090000033378601,507.0
2024-09-16 11:14:00+00:00,UFPI,122.4801025390625,122.4801025390625,122.54000091552734,122.4801025390625,122.54000091552734,3446.0
2024-09-16 11:15:00+00:00,ACNT,9.350000381469727,9.350000381469727,9.350000381469727,9.350000381469727,9.350000381469727,0.0
2024-09-16 11:15:00+00:00,ALTO,1.6200000047683716,1.6200000047683716,1.625,1.6200000047683716,1.625,5459.0
2024-09-16 11:15:00+00:00,ASTL,10.199999809265137,10.199999809265137,10.199999809265137,10.199999809265137,10.199999809265137,694.0
2024-09-16 11:15:00+00:00,CENX,14.180000305175781,14.180000305175781,14.180000305175781,14.15999984741211,14.15999984741211,2183.0
2024-09-16 11:15:00+00:00,CNEY,0.4699000120162964,0.4699000120162964,0.4699000120162964,0.4699000120162964,0.4699000120162964,2776.0
2024-09-16 11:15:00+00:00,GEVO,1.3289999961853027,1.3289999961853027,1.3289999961853027,1.3289999961853027,1.3289999961853027,31571.0
2024-09-16 11:15:00+00:00,GSM,4.164999961853027,4.164999961853027,4.164999961853027,4.164999961853027,4.164999961853027,17773.0
2024-09-16 11:15:00+00:00,HDSN,7.860000133514404,7.860000133514404,7.860000133514404,7.860000133514404,7.860000133514404,218.0
2024-09-16 11:15:00+00:00,LWLG,2.555000066757202,2.555000066757202,2.555000066757202,2.555000066757202,2.555000066757202,1533.0
2024-09-16 11:15:00+00:00,MEOH,38.39500045776367,38.39500045776367,38.39500045776367,38.39500045776367,38.39500045776367,295.0
2024-09-16 11:15:00+00:00,MERC,6.329999923706055,6.329999923706055,6.329999923706055,6.329999923706055,6.329999923706055,4231.0
2024-09-16 11:15:00+00:00,ORGN,1.4804999828338623,1.4804999828338623,1.4804999828338623,1.4804999828338623,1.4804999828338623,364.0
2024-09-16 11:15:00+00:00,PAAS,21.354999542236328,21.354999542236328,21.399999618530273,21.350000381469727,21.399999618530273,11347.0
2024-09-16 11:15:00+00:00,PPTA,9.09000015258789,9.09000015258789,9.100000381469727,9.09000015258789,9.100000381469727,3077.0
2024-09-16 11:15:00+00:00,SSRM,5.860000133514404,5.860000133514404,5.860000133514404,5.860000133514404,5.860000133514404,412.0
2024-09-16 11:15:00+00:00,STLD,111.38999938964844,111.38999938964844,111.38999938964844,111.38999938964844,111.38999938964844,455.0
2024-09-16 11:15:00+00:00,TMC,1.090000033378601,1.090000033378601,1.090000033378601,1.090000033378601,1.090000033378601,3648.0
2024-09-16 11:15:00+00:00,UFPI,122.5,122.5,122.5,122.5,122.5,408.0
2024-09-16 11:15:00+00:00,USAU,5.739999771118164,5.739999771118164,5.739999771118164,5.739999771118164,5.739999771118164,102.0
2024-09-16 11:15:00+00:00,ZEUS,37.44499969482422,37.44499969482422,37.5,37.44499969482422,37.5,2192.0
2024-09-16 11:16:00+00:00,ACNT,9.350000381469727,9.350000381469727,9.350000381469727,9.350000381469727,9.350000381469727,116.0
2024-09-16 11:16:00+00:00,CENX,14.170100212097168,14.170100212097168,14.170100212097168,14.170100212097168,14.170100212097168,1516.0
2024-09-16 11:16:00+00:00,GEVO,1.3250000476837158,1.3250000476837158,1.3300000429153442,1.3250000476837158,1.3250000476837158,22924.0
2024-09-16 11:16:00+00:00,GPRE,12.619999885559082,12.619999885559082,12.619999885559082,12.619999885559082,12.619999885559082,437.0
2024-09-16 11:16:00+00:00,HDSN,7.860000133514404,7.860000133514404,7.860000133514404,7.840099811553955,7.860000133514404,2036.0
2024-09-16 11:16:00+00:00,HWKN,116.5,116.5,116.5,116.5,116.5,106.0
2024-09-16 11:16:00+00:00,LITM,0.32249999046325684,0.32249999046325684,0.32510000467300415,0.32249999046325684,0.32510000467300415,6924.0
2024-09-16 11:16:00+00:00,LWLG,2.555000066757202,2.555000066757202,2.558000087738037,2.555000066757202,2.555000066757202,1075.0
2024-09-16 11:16:00+00:00,ORGN,1.4709999561309814,1.4709999561309814,1.4800000190734863,1.4709999561309814,1.4800000190734863,1002.0
2024-09-16 11:16:00+00:00,PAAS,21.360000610351562,21.360000610351562,21.364999771118164,21.344999313354492,21.354999542236328,8474.0
2024-09-16 11:16:00+00:00,PLL,7.0177001953125,7.0177001953125,7.019999980926514,7.0177001953125,7.019999980926514,1131.0
2024-09-16 11:16:00+00:00,PPTA,9.0600004196167,9.0600004196167,9.0600004196167,9.0600004196167,9.0600004196167,533.0
2024-09-16 11:16:00+00:00,SGML,10.149999618530273,10.149999618530273,10.149999618530273,10.149999618530273,10.149999618530273,1369.0
2024-09-16 11:16:00+00:00,SSRM,5.855000019073486,5.855000019073486,5.855000019073486,5.855000019073486,5.855000019073486,102.0
2024-09-16 11:16:00+00:00,STLD,111.32499694824219,111.32499694824219,111.32499694824219,111.30000305175781,111.30999755859375,1023.0
2024-09-16 11:16:00+00:00,TMC,1.0791000127792358,1.0791000127792358,1.0850000381469727,1.0700000524520874,1.0850000381469727,13427.0
2024-09-16 11:16:00+00:00,UFPI,122.5,122.5,122.5,122.5,122.5,1449.0
2024-09-16 11:16:00+00:00,USAU,5.690100193023682,5.690100193023682,5.699999809265137,5.690000057220459,5.699999809265137,798.0
2024-09-16 11:16:00+00:00,USLM,84.44999694824219,84.44999694824219,84.44999694824219,84.44999694824219,84.44999694824219,383.0
2024-09-16 11:16:00+00:00,ZEUS,37.33000183105469,37.33000183105469,37.43000030517578,37.33000183105469,37.43000030517578,1895.0
2024-09-16 11:16:00+00:00,ZKIN,0.4343000054359436,0.4343000054359436,0.4343000054359436,0.4343000054359436,0.4343000054359436,801.0
2024-09-16 11:17:00+00:00,ALTO,1.6150000095367432,1.6150000095367432,1.6150000095367432,1.6150000095367432,1.6150000095367432,2063.0
2024-09-16 11:17:00+00:00,CENX,14.149999618530273,14.149999618530273,14.149999618530273,14.149999618530273,14.149999618530273,221.0
2024-09-16 11:17:00+00:00,CNEY,0.4699000120162964,0.4699000120162964,0.4699999988079071,0.4699000120162964,0.4699999988079071,308.0
2024-09-16 11:17:00+00:00,ELBM,0.6166999936103821,0.6166999936103821,0.6166999936103821,0.6166999936103821,0.6166999936103821,888.0
2024-09-16 11:17:00+00:00,GEVO,1.3250000476837158,1.3250000476837158,1.3300000429153442,1.3250000476837158,1.3300000429153442,1356.0
2024-09-16 11:17:00+00:00,GPRE,12.600000381469727,12.600000381469727,12.609999656677246,12.600000381469727,12.609999656677246,689.0
2024-09-16 11:17:00+00:00,GSM,4.15500020980835,4.15500020980835,4.164999961853027,4.150000095367432,4.164999961853027,4985.0
2024-09-16 11:17:00+00:00,HWKN,116.16000366210938,116.16000366210938,116.16000366210938,116.12000274658203,116.12000274658203,284.0
2024-09-16 11:17:00+00:00,LWLG,2.555000066757202,2.555000066757202,2.555000066757202,2.555000066757202,2.555000066757202,1773.0
2024-09-16 11:17:00+00:00,MERC,6.329999923706055,6.329999923706055,6.329999923706055,6.329999923706055,6.329999923706055,451.0
2024-09-16 11:17:00+00:00,METC,9.885000228881836,9.885000228881836,9.890000343322754,9.885000228881836,9.890000343322754,955.0
2024-09-16 11:17:00+00:00,ORGN,1.4700000286102295,1.4700000286102295,1.4700000286102295,1.465000033378601,1.4700000286102295,27660.0
2024-09-16 11:17:00+00:00,PAAS,21.354999542236328,21.354999542236328,21.364999771118164,21.354999542236328,21.364999771118164,1882.0
2024-09-16 11:17:00+00:00,PLL,7.005000114440918,7.005000114440918,7.005000114440918,7.005000114440918,7.005000114440918,149.0
2024-09-16 11:17:00+00:00,RGLD,140.64010620117188,140.64010620117188,140.64010620117188,140.64010620117188,140.64010620117188,741.0
2024-09-16 11:17:00+00:00,SEED,2.649899959564209,2.649899959564209,2.649899959564209,2.649899959564209,2.649899959564209,20570.0
2024-09-16 11:17:00+00:00,SGML,10.149999618530273,10.149999618530273,10.149999618530273,10.149999618530273,10.149999618530273,206.0
2024-09-16 11:17:00+00:00,SSRM,5.855000019073486,5.855000019073486,5.855000019073486,5.855000019073486,5.855000019073486,200.0
2024-09-16 11:17:00+00:00,STLD,111.26000213623047,111.26000213623047,111.32499694824219,111.26000213623047,111.32499694824219,793.0
2024-09-16 11:17:00+00:00,TMC,1.0700000524520874,1.0700000524520874,1.0799000263214111,1.059999942779541,1.0799000263214111,25507.0
2024-09-16 11:17:00+00:00,UFPI,122.61000061035156,122.61000061035156,122.61000061035156,122.5199966430664,122.5199966430664,500.0
2024-09-16 11:17:00+00:00,USAP,37.2599983215332,37.2599983215332,37.2599983215332,37.2599983215332,37.2599983215332,826.0
2024-09-16 11:17:00+00:00,USAU,5.670000076293945,5.670000076293945,5.670000076293945,5.664000034332275,5.664000034332275,899.0
2024-09-16 11:17:00+00:00,WDFC,259.6199951171875,259.6199951171875,259.6199951171875,259.6199951171875,259.6199951171875,1468.0
2024-09-16 11:17:00+00:00,ZEUS,37.28499984741211,37.28499984741211,37.28499984741211,37.28499984741211,37.28499984741211,1437.0
2024-09-16 11:18:00+00:00,ASTL,10.1899995803833,10.1899995803833,10.194999694824219,10.1899995803833,10.194999694824219,1772.0
2024-09-16 11:18:00+00:00,CENX,14.170000076293945,14.170000076293945,14.170000076293945,14.15999984741211,14.15999984741211,1082.0
2024-09-16 11:18:00+00:00,GEVO,1.3250000476837158,1.3250000476837158,1.3300000429153442,1.3244999647140503,1.3250000476837158,42117.0
2024-09-16 11:18:00+00:00,GPRE,12.550000190734863,12.550000190734863,12.59000015258789,12.550000190734863,12.59000015258789,2183.0
2024-09-16 11:18:00+00:00,HYMC,2.610300064086914,2.610300064086914,2.610300064086914,2.610300064086914,2.610300064086914,519.0
2024-09-16 11:18:00+00:00,KALU,69.0199966430664,69.0199966430664,69.0199966430664,68.94999694824219,69.0,786.0
2024-09-16 11:18:00+00:00,LOOP,1.589900016784668,1.589900016784668,1.589900016784668,1.5099999904632568,1.5199999809265137,10447.0
2024-09-16 11:18:00+00:00,MERC,6.329999923706055,6.329999923706055,6.329999923706055,6.329999923706055,6.329999923706055,754.0
2024-09-16 11:18:00+00:00,METC,9.890000343322754,9.890000343322754,9.890000343322754,9.890000343322754,9.890000343322754,332.0
2024-09-16 11:18:00+00:00,PAAS,21.350000381469727,21.350000381469727,21.364999771118164,21.350000381469727,21.360000610351562,4888.0
2024-09-16 11:18:00+00:00,PLL,7.03000020980835,7.03000020980835,7.03000020980835,7.005000114440918,7.005000114440918,2849.0
2024-09-16 11:18:00+00:00,PPTA,9.0600004196167,9.0600004196167,9.079999923706055,9.0600004196167,9.079999923706055,1929.0
2024-09-16 11:18:00+00:00,SGML,10.149999618530273,10.149999618530273,10.15999984741211,10.140000343322754,10.149999618530273,4011.0
2024-09-16 11:18:00+00:00,STLD,111.32499694824219,111.32499694824219,111.32499694824219,111.32499694824219,111.32499694824219,1393.0
2024-09-16 11:18:00+00:00,TMC,1.0700000524520874,1.0700000524520874,1.0700000524520874,1.059999942779541,1.0693999528884888,3225.0
2024-09-16 11:18:00+00:00,UFPI,122.5,122.5,122.5,122.5,122.5,945.0
2024-09-16 11:18:00+00:00,USLM,84.58000183105469,84.58000183105469,84.58000183105469,84.58000183105469,84.58000183105469,200.0
2024-09-16 11:18:00+00:00,ZKIN,0.45989999175071716,0.45989999175071716,0.45989999175071716,0.45989999175071716,0.45989999175071716,0.0
2024-09-16 11:19:00+00:00,ALTO,1.6198999881744385,1.6198999881744385,1.6198999881744385,1.6150000095367432,1.6150000095367432,3600.0
2024-09-16 11:19:00+00:00,CENX,14.170000076293945,14.170000076293945,14.170000076293945,14.15999984741211,14.170000076293945,897.0
2024-09-16 11:19:00+00:00,CNEY,0.4650000035762787,0.4650000035762787,0.4650000035762787,0.4650000035762787,0.4650000035762787,200.0
2024-09-16 11:19:00+00:00,CRKN,1.34089994430542,1.34089994430542,1.34089994430542,1.34089994430542,1.34089994430542,389.0
2024-09-16 11:19:00+00:00,GEVO,1.3300000429153442,1.3300000429153442,1.3300000429153442,1.3244999647140503,1.3300000429153442,137975.0
2024-09-16 11:19:00+00:00,GSM,4.150000095367432,4.150000095367432,4.150000095367432,4.150000095367432,4.150000095367432,2548.0
2024-09-16 11:19:00+00:00,KALU,69.1500015258789,69.1500015258789,69.1500015258789,69.1500015258789,69.1500015258789,111.0
2024-09-16 11:19:00+00:00,LWLG,2.555000066757202,2.555000066757202,2.555000066757202,2.555000066757202,2.555000066757202,165.0
2024-09-16 11:19:00+00:00,MEOH,38.43000030517578,38.43000030517578,38.43000030517578,38.43000030517578,38.43000030517578,661.0
2024-09-16 11:19:00+00:00,MERC,6.340000152587891,6.340000152587891,6.340000152587891,6.309999942779541,6.320000171661377,7865.0
2024-09-16 11:19:00+00:00,METC,9.84000015258789,9.84000015258789,9.869999885559082,9.84000015258789,9.869999885559082,849.0
2024-09-16 11:19:00+00:00,ORGN,1.4800000190734863,1.4800000190734863,1.4800000190734863,1.4800000190734863,1.4800000190734863,1225.0
2024-09-16 11:19:00+00:00,PAAS,21.28499984741211,21.28499984741211,21.334999084472656,21.274999618530273,21.334999084472656,38354.0
2024-09-16 11:19:00+00:00,PLL,7.039999961853027,7.039999961853027,7.039999961853027,7.039999961853027,7.039999961853027,198.0
2024-09-16 11:19:00+00:00,SGML,10.149999618530273,10.149999618530273,10.149999618530273,10.130000114440918,10.140000343322754,1770.0
2024-09-16 11:19:00+00:00,SSRM,5.84499979019165,5.84499979019165,5.849999904632568,5.84499979019165,5.849999904632568,1430.0
2024-09-16 11:19:00+00:00,STLD,111.25,111.25,111.31999969482422,111.24500274658203,111.24500274658203,2800.0
2024-09-16 11:19:00+00:00,TMC,1.0700000524520874,1.0700000524520874,1.0700000524520874,1.0615999698638916,1.0615999698638916,0.0
2024-09-16 11:19:00+00:00,UFPI,122.5,122.5,122.5,122.5,122.5,332.0
2024-09-16 11:19:00+00:00,USLM,84.43499755859375,84.43499755859375,84.43499755859375,84.43499755859375,84.43499755859375,150.0
2024-09-16 11:20:00+00:00,ALTO,1.6461000442504883,1.6461000442504883,1.649999976158142,1.6150000095367432,1.6150000095367432,54001.0
2024-09-16 11:20:00+00:00,CENX,14.174099922180176,14.174099922180176,14.174099922180176,14.170000076293945,14.170000076293945,370.0
2024-09-16 11:20:00+00:00,CNEY,0.4697999954223633,0.4697999954223633,0.4699000120162964,0.4648999869823456,0.4648999869823456,4427.0
2024-09-16 11:20:00+00:00,GEVO,1.3250000476837158,1.3250000476837158,1.3350000381469727,1.3250000476837158,1.3300000429153442,157369.0
2024-09-16 11:20:00+00:00,GSM,4.140999794006348,4.140999794006348,4.144999980926514,4.139999866485596,4.144999980926514,2731.0
2024-09-16 11:20:00+00:00,HDSN,7.840000152587891,7.840000152587891,7.840000152587891,7.840000152587891,7.840000152587891,286.0
2024-09-16 11:20:00+00:00,HWKN,116.01000213623047,116.01000213623047,116.01000213623047,116.01000213623047,116.01000213623047,689.0
2024-09-16 11:20:00+00:00,MERC,6.34499979019165,6.34499979019165,6.34499979019165,6.34499979019165,6.34499979019165,205.0
2024-09-16 11:20:00+00:00,METC,9.829999923706055,9.829999923706055,9.829999923706055,9.829999923706055,9.829999923706055,260.0
2024-09-16 11:20:00+00:00,ORGN,1.4850000143051147,1.4850000143051147,1.4850000143051147,1.4850000143051147,1.4850000143051147,557.0
2024-09-16 11:20:00+00:00,PAAS,21.290000915527344,21.290000915527344,21.295000076293945,21.285999298095703,21.285999298095703,2726.0
2024-09-16 11:20:00+00:00,SMID,35.42499923706055,35.42499923706055,35.42499923706055,35.42499923706055,35.42499923706055,420.0
2024-09-16 11:20:00+00:00,SSRM,5.84499979019165,5.84499979019165,5.84499979019165,5.84499979019165,5.84499979019165,410.0
2024-09-16 11:20:00+00:00,STLD,111.24500274658203,111.24500274658203,111.24500274658203,111.24500274658203,111.24500274658203,153.0
2024-09-16 11:20:00+00:00,TMC,1.0688999891281128,1.0688999891281128,1.0700000524520874,1.0688999891281128,1.0700000524520874,1813.0
2024-09-16 11:20:00+00:00,USAU,5.659999847412109,5.659999847412109,5.659999847412109,5.659999847412109,5.659999847412109,546.0
2024-09-16 11:20:00+00:00,ZEUS,37.09000015258789,37.09000015258789,37.13999938964844,37.060001373291016,37.130001068115234,4069.0
2024-09-16 11:21:00+00:00,ALTO,1.6449999809265137,1.6449999809265137,1.649999976158142,1.6449999809265137,1.6449999809265137,13030.0
2024-09-16 11:21:00+00:00,ASTL,10.1899995803833,10.1899995803833,10.1899995803833,10.1899995803833,10.1899995803833,260.0
2024-09-16 11:21:00+00:00,CENX,14.15999984741211,14.15999984741211,14.164999961853027,14.149999618530273,14.164999961853027,2197.0
2024-09-16 11:21:00+00:00,CNEY,0.47209998965263367,0.47209998965263367,0.47209998965263367,0.47209998965263367,0.47209998965263367,7806.0
2024-09-16 11:21:00+00:00,GEVO,1.3250000476837158,1.3250000476837158,1.3300000429153442,1.3200000524520874,1.3250000476837158,20733.0
2024-09-16 11:21:00+00:00,GSM,4.1346001625061035,4.1346001625061035,4.139999866485596,4.1346001625061035,4.139999866485596,3735.0
2024-09-16 11:21:00+00:00,HYMC,2.625,2.625,2.625,2.625,2.625,1873.0
2024-09-16 11:21:00+00:00,KALU,68.98999786376953,68.98999786376953,68.98999786376953,68.98999786376953,68.98999786376953,373.0
2024-09-16 11:21:00+00:00,LITM,0.32260000705718994,0.32260000705718994,0.32260000705718994,0.32260000705718994,0.32260000705718994,1439.0
2024-09-16 11:21:00+00:00,LWLG,2.555000066757202,2.555000066757202,2.555000066757202,2.550299882888794,2.550299882888794,503.0
2024-09-16 11:21:00+00:00,MEOH,38.38999938964844,38.38999938964844,38.39500045776367,38.369998931884766,38.39500045776367,1831.0
2024-09-16 11:21:00+00:00,MERC,6.34499979019165,6.34499979019165,6.34499979019165,6.34499979019165,6.34499979019165,232.0
2024-09-16 11:21:00+00:00,METC,9.8149995803833,9.8149995803833,9.829999923706055,9.8149995803833,9.829999923706055,1773.0
2024-09-16 11:21:00+00:00,ORGN,1.4850000143051147,1.4850000143051147,1.4850000143051147,1.4850000143051147,1.4850000143051147,119.0
2024-09-16 11:21:00+00:00,PAAS,21.290000915527344,21.290000915527344,21.290000915527344,21.280000686645508,21.290000915527344,2868.0
2024-09-16 11:21:00+00:00,PLL,6.96999979019165,6.96999979019165,7.010000228881836,6.96999979019165,7.010000228881836,1092.0
2024-09-16 11:21:00+00:00,PPTA,9.050000190734863,9.050000190734863,9.069999694824219,9.050000190734863,9.0600004196167,1142.0
2024-09-16 11:21:00+00:00,RGLD,140.44000244140625,140.44000244140625,140.47999572753906,140.44000244140625,140.47999572753906,961.0
2024-09-16 11:21:00+00:00,SGML,10.119999885559082,10.119999885559082,10.140000343322754,10.100000381469727,10.140000343322754,2099.0
2024-09-16 11:21:00+00:00,SMID,35.42499923706055,35.42499923706055,35.859901428222656,35.42499923706055,35.859901428222656,293.0
2024-09-16 11:21:00+00:00,SNES,3.140000104904175,3.140000104904175,3.140000104904175,3.140000104904175,3.140000104904175,302.0
2024-09-16 11:21:00+00:00,SSRM,5.840000152587891,5.840000152587891,5.840000152587891,5.829999923706055,5.840000152587891,3727.0
2024-09-16 11:21:00+00:00,STLD,111.18000030517578,111.18000030517578,111.24500274658203,111.18000030517578,111.24500274658203,796.0
2024-09-16 11:21:00+00:00,TMC,1.0612000226974487,1.0612000226974487,1.065000057220459,1.0612000226974487,1.065000057220459,1422.0
2024-09-16 11:21:00+00:00,UFPI,122.3499984741211,122.3499984741211,122.3499984741211,122.3499984741211,122.3499984741211,816.0
2024-09-16 11:21:00+00:00,ZEUS,36.98500061035156,36.98500061035156,36.98500061035156,36.98500061035156,36.98500061035156,1609.0
2024-09-16 11:22:00+00:00,ALTO,1.659999966621399,1.659999966621399,1.659999966621399,1.6449999809265137,1.6449999809265137,27108.0
2024-09-16 11:22:00+00:00,BCPC,170.86000061035156,170.86000061035156,170.86000061035156,170.86000061035156,170.86000061035156,446.0
2024-09-16 11:22:00+00:00,CENX,14.140000343322754,14.140000343322754,14.140000343322754,14.140000343322754,14.140000343322754,972.0
2024-09-16 11:22:00+00:00,CNEY,0.4702000021934509,0.4702000021934509,0.4702000021934509,0.46000000834465027,0.4659000039100647,1700.0
2024-09-16 11:22:00+00:00,GEVO,1.3300000429153442,1.3300000429153442,1.3300000429153442,1.3240000009536743,1.3240000009536743,300.0
2024-09-16 11:22:00+00:00,GPRE,12.550000190734863,12.550000190734863,12.569999694824219,12.550000190734863,12.569999694824219,408.0
2024-09-16 11:22:00+00:00,GSM,4.135000228881836,4.135000228881836,4.135000228881836,4.135000228881836,4.135000228881836,300.0
2024-09-16 11:22:00+00:00,HDSN,7.849999904632568,7.849999904632568,7.849999904632568,7.849999904632568,7.849999904632568,674.0
2024-09-16 11:22:00+00:00,IOSP,109.44499969482422,109.44499969482422,109.44499969482422,109.44499969482422,109.44499969482422,318.0
2024-09-16 11:22:00+00:00,MEOH,38.404998779296875,38.404998779296875,38.404998779296875,38.400001525878906,38.400001525878906,681.0
2024-09-16 11:22:00+00:00,METC,9.829999923706055,9.829999923706055,9.829999923706055,9.829999923706055,9.829999923706055,290.0
2024-09-16 11:22:00+00:00,ORGN,1.5,1.5,1.5,1.4900000095367432,1.4900000095367432,3954.0
2024-09-16 11:22:00+00:00,PAAS,21.280000686645508,21.280000686645508,21.299999237060547,21.270000457763672,21.299800872802734,8985.0
2024-09-16 11:22:00+00:00,PLL,6.974999904632568,6.974999904632568,6.974999904632568,6.974999904632568,6.974999904632568,621.0
2024-09-16 11:22:00+00:00,SGML,10.130000114440918,10.130000114440918,10.130000114440918,10.130000114440918,10.130000114440918,357.0
2024-09-16 11:22:00+00:00,SSRM,5.84499979019165,5.84499979019165,5.84499979019165,5.84499979019165,5.84499979019165,306.0
2024-09-16 11:22:00+00:00,STLD,111.24500274658203,111.24500274658203,111.24500274658203,111.24500274658203,111.24500274658203,408.0
2024-09-16 11:22:00+00:00,TMC,1.065000057220459,1.065000057220459,1.0700000524520874,1.059999942779541,1.0700000524520874,9739.0
2024-09-16 11:22:00+00:00,UFPI,122.44000244140625,122.44000244140625,122.48999786376953,122.44000244140625,122.48500061035156,1844.0
2024-09-16 11:22:00+00:00,USAU,5.660099983215332,5.660099983215332,5.660099983215332,5.660099983215332,5.660099983215332,727.0
2024-09-16 11:22:00+00:00,USLM,84.43499755859375,84.43499755859375,84.43499755859375,84.43499755859375,84.43499755859375,219.0
2024-09-16 11:23:00+00:00,ALTO,1.6304999589920044,1.6304999589920044,1.649999976158142,1.6304999589920044,1.649999976158142,6486.0
2024-09-16 11:23:00+00:00,ASTL,10.1899995803833,10.1899995803833,10.1899995803833,10.1899995803833,10.1899995803833,245.0
2024-09-16 11:23:00+00:00,CNEY,0.46000000834465027,0.46000000834465027,0.46230000257492065,0.46000000834465027,0.46230000257492065,1917.0
2024-09-16 11:23:00+00:00,GEVO,1.3300000429153442,1.3300000429153442,1.3300000429153442,1.3200000524520874,1.3300000429153442,31944.0
2024-09-16 11:23:00+00:00,GPRE,12.5600004196167,12.5600004196167,12.5600004196167,12.5600004196167,12.5600004196167,339.0
2024-09-16 11:23:00+00:00,GSM,4.144999980926514,4.144999980926514,4.150000095367432,4.135000228881836,4.135000228881836,8084.0
2024-09-16 11:23:00+00:00,HWKN,116.30500030517578,116.30500030517578,116.30500030517578,116.30500030517578,116.30500030517578,514.0
2024-09-16 11:23:00+00:00,HYMC,2.630000114440918,2.630000114440918,2.630000114440918,2.630000114440918,2.630000114440918,1002.0
2024-09-16 11:23:00+00:00,LWLG,2.555000066757202,2.555000066757202,2.555000066757202,2.555000066757202,2.555000066757202,1104.0
2024-09-16 11:23:00+00:00,MEOH,38.375,38.375,38.375,38.36000061035156,38.36000061035156,1215.0
2024-09-16 11:23:00+00:00,MERC,6.349999904632568,6.349999904632568,6.349999904632568,6.349999904632568,6.349999904632568,1147.0
2024-09-16 11:23:00+00:00,METC,9.84000015258789,9.84000015258789,9.84000015258789,9.838500022888184,9.838500022888184,1242.0
2024-09-16 11:23:00+00:00,ORGN,1.5,1.5,1.5,1.4950000047683716,1.4950000047683716,14407.0
2024-09-16 11:23:00+00:00,PAAS,21.28499984741211,21.28499984741211,21.295000076293945,21.274999618530273,21.274999618530273,2204.0
2024-09-16 11:23:00+00:00,PLL,7.010000228881836,7.010000228881836,7.010000228881836,6.980000019073486,6.980000019073486,1179.0
2024-09-16 11:23:00+00:00,PPTA,9.050000190734863,9.050000190734863,9.0649995803833,9.050000190734863,9.050000190734863,638.0
2024-09-16 11:23:00+00:00,SGML,10.149999618530273,10.149999618530273,10.149999618530273,10.119999885559082,10.119999885559082,2276.0
2024-09-16 11:23:00+00:00,SMID,35.505001068115234,35.505001068115234,35.505001068115234,35.505001068115234,35.505001068115234,201.0
2024-09-16 11:23:00+00:00,STLD,111.47000122070312,111.47000122070312,111.47000122070312,111.26499938964844,111.26499938964844,4522.0
2024-09-16 11:23:00+00:00,TMC,1.059999942779541,1.059999942779541,1.0700000524520874,1.059999942779541,1.0700000524520874,1027.0
2024-09-16 11:23:00+00:00,UFPI,122.45999908447266,122.45999908447266,122.45999908447266,122.45999908447266,122.45999908447266,1032.0
2024-09-16 11:23:00+00:00,USLM,84.43000030517578,84.43000030517578,84.43000030517578,84.43000030517578,84.43000030517578,375.0
2024-09-16 11:24:00+00:00,ALTO,1.6449999809265137,1.6449999809265137,1.659999966621399,1.6399999856948853,1.6399999856948853,18773.0
2024-09-16 11:24:00+00:00,ASTL,10.175000190734863,10.175000190734863,10.1850004196167,10.170000076293945,10.180000305175781,2406.0
2024-09-16 11:24:00+00:00,CENX,14.180000305175781,14.180000305175781,14.180000305175781,14.170000076293945,14.170000076293945,1420.0
2024-09-16 11:24:00+00:00,GEVO,1.3300000429153442,1.3300000429153442,1.3300000429153442,1.3208999633789062,1.3208999633789062,11577.0
2024-09-16 11:24:00+00:00,GPRE,12.579999923706055,12.579999923706055,12.579999923706055,12.579999923706055,12.579999923706055,476.0
2024-09-16 11:24:00+00:00,GSM,4.139999866485596,4.139999866485596,4.144999980926514,4.139999866485596,4.144999980926514,2258.0
2024-09-16 11:24:00+00:00,IOSP,109.44499969482422,109.44499969482422,109.44499969482422,109.44499969482422,109.44499969482422,296.0
2024-09-16 11:24:00+00:00,LITM,0.320499986410141,0.320499986410141,0.32100000977516174,0.320499986410141,0.32100000977516174,7937.0
2024-09-16 11:24:00+00:00,MEOH,38.314998626708984,38.314998626708984,38.314998626708984,38.314998626708984,38.314998626708984,645.0
2024-09-16 11:24:00+00:00,MERC,6.355000019073486,6.355000019073486,6.355000019073486,6.355000019073486,6.355000019073486,213.0
2024-09-16 11:24:00+00:00,ORGN,1.500599980354309,1.500599980354309,1.500599980354309,1.4951000213623047,1.4980000257492065,14652.0
2024-09-16 11:24:00+00:00,PAAS,21.319900512695312,21.319900512695312,21.319900512695312,21.281999588012695,21.281999588012695,4693.0
2024-09-16 11:24:00+00:00,PLL,7.009900093078613,7.009900093078613,7.009900093078613,7.009900093078613,7.009900093078613,101.0
2024-09-16 11:24:00+00:00,PPTA,9.050000190734863,9.050000190734863,9.050000190734863,9.050000190734863,9.050000190734863,310.0
2024-09-16 11:24:00+00:00,RGLD,140.66000366210938,140.66000366210938,140.66000366210938,140.66000366210938,140.66000366210938,1098.0
2024-09-16 11:24:00+00:00,SSRM,5.8420000076293945,5.8420000076293945,5.849999904632568,5.8420000076293945,5.849999904632568,389.0
2024-09-16 11:24:00+00:00,STLD,111.4800033569336,111.4800033569336,111.4800033569336,111.47000122070312,111.47000122070312,687.0
2024-09-16 11:24:00+00:00,TMC,1.0612000226974487,1.0612000226974487,1.0700000524520874,1.0609999895095825,1.0609999895095825,1567.0
2024-09-16 11:24:00+00:00,USAU,5.670100212097168,5.670100212097168,5.670100212097168,5.670100212097168,5.670100212097168,0.0
2024-09-16 11:25:00+00:00,ALTO,1.6449999809265137,1.6449999809265137,1.6449999809265137,1.6449999809265137,1.6449999809265137,5390.0
2024-09-16 11:25:00+00:00,CENX,14.144200325012207,14.144200325012207,14.144200325012207,14.144200325012207,14.144200325012207,447.0
2024-09-16 11:25:00+00:00,CNEY,0.4717000126838684,0.4717000126838684,0.4717000126838684,0.4717000126838684,0.4717000126838684,1001.0
2024-09-16 11:25:00+00:00,GEVO,1.3200000524520874,1.3200000524520874,1.3300000429153442,1.3200000524520874,1.3250000476837158,55236.0
2024-09-16 11:25:00+00:00,GPRE,12.569999694824219,12.569999694824219,12.569999694824219,12.569999694824219,12.569999694824219,1287.0
2024-09-16 11:25:00+00:00,KALU,69.02999877929688,69.02999877929688,69.02999877929688,69.02999877929688,69.02999877929688,108.0
2024-09-16 11:25:00+00:00,LITM,0.3206000030040741,0.3206000030040741,0.3206000030040741,0.3206000030040741,0.3206000030040741,4154.0
2024-09-16 11:25:00+00:00,LWLG,2.549999952316284,2.549999952316284,2.559999942779541,2.549999952316284,2.559999942779541,2107.0
2024-09-16 11:25:00+00:00,MEOH,38.29999923706055,38.29999923706055,38.29999923706055,38.29999923706055,38.29999923706055,492.0
2024-09-16 11:25:00+00:00,METC,9.845000267028809,9.845000267028809,9.845000267028809,9.845000267028809,9.845000267028809,359.0
2024-09-16 11:25:00+00:00,PAAS,21.309999465942383,21.309999465942383,21.329999923706055,21.309999465942383,21.315000534057617,8648.0
2024-09-16 11:25:00+00:00,PLL,6.994999885559082,6.994999885559082,6.994999885559082,6.994999885559082,6.994999885559082,618.0
2024-09-16 11:25:00+00:00,PPTA,9.055000305175781,9.055000305175781,9.055000305175781,9.039999961853027,9.039999961853027,2109.0
2024-09-16 11:25:00+00:00,SGML,10.15999984741211,10.15999984741211,10.15999984741211,10.15999984741211,10.15999984741211,339.0
2024-09-16 11:25:00+00:00,SMID,35.505001068115234,35.505001068115234,35.505001068115234,35.505001068115234,35.505001068115234,257.0
2024-09-16 11:25:00+00:00,SSRM,5.84499979019165,5.84499979019165,5.855000019073486,5.84499979019165,5.849999904632568,12386.0
2024-09-16 11:25:00+00:00,STLD,111.46700286865234,111.46700286865234,111.48500061035156,111.43000030517578,111.48500061035156,1204.0
2024-09-16 11:25:00+00:00,TMC,1.0700000524520874,1.0700000524520874,1.0700000524520874,1.059999942779541,1.0688999891281128,13473.0
2024-09-16 11:26:00+00:00,ALTO,1.6490000486373901,1.6490000486373901,1.6490000486373901,1.6490000486373901,1.6490000486373901,304.0
2024-09-16 11:26:00+00:00,CENX,14.149999618530273,14.149999618530273,14.149999618530273,14.149999618530273,14.149999618530273,368.0
2024-09-16 11:26:00+00:00,CNEY,0.47200000286102295,0.47200000286102295,0.47200000286102295,0.47200000286102295,0.47200000286102295,2600.0
2024-09-16 11:26:00+00:00,GEVO,1.3250000476837158,1.3250000476837158,1.3300000429153442,1.3207999467849731,1.3214000463485718,24070.0
2024-09-16 11:26:00+00:00,GPRE,12.550000190734863,12.550000190734863,12.550000190734863,12.550000190734863,12.550000190734863,1142.0
2024-09-16 11:26:00+00:00,GSM,4.139999866485596,4.139999866485596,4.139999866485596,4.139999866485596,4.139999866485596,1019.0
2024-09-16 11:26:00+00:00,HDSN,7.860000133514404,7.860000133514404,7.860000133514404,7.860000133514404,7.860000133514404,228.0
2024-09-16 11:26:00+00:00,HWKN,116.08999633789062,116.08999633789062,116.08999633789062,116.08999633789062,116.08999633789062,609.0
2024-09-16 11:26:00+00:00,LWLG,2.555000066757202,2.555000066757202,2.555000066757202,2.555000066757202,2.555000066757202,1044.0
2024-09-16 11:26:00+00:00,MEOH,38.28110122680664,38.28110122680664,38.28110122680664,38.279998779296875,38.279998779296875,477.0
2024-09-16 11:26:00+00:00,MERC,6.375,6.375,6.380000114440918,6.360000133514404,6.360000133514404,2216.0
2024-09-16 11:26:00+00:00,METC,9.845000267028809,9.845000267028809,9.845000267028809,9.845000267028809,9.845000267028809,122.0
2024-09-16 11:26:00+00:00,ORGN,1.5133999586105347,1.5133999586105347,1.5149999856948853,1.5099999904632568,1.5099999904632568,4144.0
2024-09-16 11:26:00+00:00,PAAS,21.309999465942383,21.309999465942383,21.31999969482422,21.299999237060547,21.299999237060547,2657.0
2024-09-16 11:26:00+00:00,PPTA,9.055000305175781,9.055000305175781,9.055000305175781,9.055000305175781,9.055000305175781,0.0
2024-09-16 11:26:00+00:00,SGML,10.149999618530273,10.149999618530273,10.149999618530273,10.149999618530273,10.149999618530273,554.0
2024-09-16 11:26:00+00:00,STLD,111.53500366210938,111.53500366210938,111.53500366210938,111.41999816894531,111.44999694824219,1625.0
2024-09-16 11:26:00+00:00,TMC,1.0700000524520874,1.0700000524520874,1.0700000524520874,1.0700000524520874,1.0700000524520874,3318.0
2024-09-16 11:26:00+00:00,UFPI,122.5,122.5,122.5,122.5,122.5,310.0
2024-09-16 11:26:00+00:00,ZEUS,36.93000030517578,36.93000030517578,36.93000030517578,36.88999938964844,36.90999984741211,1626.0
2024-09-16 11:27:00+00:00,ALTO,1.6399999856948853,1.6399999856948853,1.6449999809265137,1.6399999856948853,1.6449999809265137,701.0
2024-09-16 11:27:00+00:00,ASTL,10.154999732971191,10.154999732971191,10.15999984741211,10.154999732971191,10.15999984741211,1357.0
2024-09-16 11:27:00+00:00,BCPC,171.07000732421875,171.07000732421875,171.07000732421875,171.07000732421875,171.07000732421875,913.0
2024-09-16 11:27:00+00:00,CENX,14.119999885559082,14.119999885559082,14.130000114440918,14.119999885559082,14.130000114440918,977.0
2024-09-16 11:27:00+00:00,CNEY,0.4740000069141388,0.4740000069141388,0.476500004529953,0.4740000069141388,0.476500004529953,8553.0
2024-09-16 11:27:00+00:00,GEVO,1.3250000476837158,1.3250000476837158,1.3250000476837158,1.3200000524520874,1.3200000524520874,4581.0
2024-09-16 11:27:00+00:00,GSM,4.139999866485596,4.139999866485596,4.139999866485596,4.139999866485596,4.139999866485596,452.0
2024-09-16 11:27:00+00:00,HDSN,7.860000133514404,7.860000133514404,7.860000133514404,7.860000133514404,7.860000133514404,2198.0
2024-09-16 11:27:00+00:00,KALU,69.0,69.0,69.0,69.0,69.0,417.0
2024-09-16 11:27:00+00:00,MEOH,38.25870132446289,38.25870132446289,38.2599983215332,38.25870132446289,38.2599983215332,305.0
2024-09-16 11:27:00+00:00,METC,9.829999923706055,9.829999923706055,9.829999923706055,9.829999923706055,9.829999923706055,176.0
2024-09-16 11:27:00+00:00,ORGN,1.5149999856948853,1.5149999856948853,1.5149999856948853,1.5149999856948853,1.5149999856948853,156.0
2024-09-16 11:27:00+00:00,PAAS,21.315000534057617,21.315000534057617,21.31999969482422,21.309999465942383,21.309999465942383,2963.0
2024-09-16 11:27:00+00:00,PPTA,9.039999961853027,9.039999961853027,9.039999961853027,9.039999961853027,9.039999961853027,102.0
2024-09-16 11:27:00+00:00,SGML,10.149999618530273,10.149999618530273,10.149999618530273,10.149999618530273,10.149999618530273,1586.0
2024-09-16 11:27:00+00:00,SSRM,5.835000038146973,5.835000038146973,5.840000152587891,5.835000038146973,5.840000152587891,876.0
2024-09-16 11:27:00+00:00,TMC,1.0608999729156494,1.0608999729156494,1.0700000524520874,1.0608999729156494,1.065000057220459,5746.0
2024-09-16 11:27:00+00:00,UFPI,122.48999786376953,122.48999786376953,122.48999786376953,122.48999786376953,122.48999786376953,877.0
2024-09-16 11:27:00+00:00,USAP,37.060001373291016,37.060001373291016,37.150001525878906,37.060001373291016,37.150001525878906,437.0
2024-09-16 11:27:00+00:00,USAU,5.699999809265137,5.699999809265137,5.699999809265137,5.699999809265137,5.699999809265137,2756.0
2024-09-16 11:27:00+00:00,USLM,84.43000030517578,84.43000030517578,84.43000030517578,84.43000030517578,84.43000030517578,379.0
2024-09-16 11:27:00+00:00,ZEUS,36.939998626708984,36.939998626708984,36.939998626708984,36.91999816894531,36.91999816894531,1317.0
2024-09-16 11:28:00+00:00,ALTO,1.625,1.625,1.6399999856948853,1.625,1.6399999856948853,8480.0
2024-09-16 11:28:00+00:00,ASTL,10.15999984741211,10.15999984741211,10.15999984741211,10.15999984741211,10.15999984741211,231.0
2024-09-16 11:28:00+00:00,CENX,14.130000114440918,14.130000114440918,14.131999969482422,14.130000114440918,14.131999969482422,595.0
2024-09-16 11:28:00+00:00,CNEY,0.4787999987602234,0.4787999987602234,0.4788999855518341,0.4787999987602234,0.4788999855518341,3883.0
2024-09-16 11:28:00+00:00,GEVO,1.3200000524520874,1.3200000524520874,1.3300000429153442,1.3200000524520874,1.3250000476837158,13551.0
2024-09-16 11:28:00+00:00,GSM,4.139999866485596,4.139999866485596,4.144999980926514,4.139999866485596,4.144999980926514,669.0
2024-09-16 11:28:00+00:00,HYMC,2.6191999912261963,2.6191999912261963,2.625,2.6191999912261963,2.625,507.0
2024-09-16 11:28:00+00:00,MEOH,38.2599983215332,38.2599983215332,38.279998779296875,38.2400016784668,38.279998779296875,3021.0
2024-09-16 11:28:00+00:00,MERC,6.380000114440918,6.380000114440918,6.380000114440918,6.380000114440918,6.380000114440918,220.0
2024-09-16 11:28:00+00:00,METC,9.819999694824219,9.819999694824219,9.819999694824219,9.819999694824219,9.819999694824219,1338.0
2024-09-16 11:28:00+00:00,ORGN,1.5149999856948853,1.5149999856948853,1.5180000066757202,1.5149999856948853,1.5180000066757202,10432.0
2024-09-16 11:28:00+00:00,PAAS,21.280000686645508,21.280000686645508,21.315000534057617,21.280000686645508,21.309999465942383,6264.0
2024-09-16 11:28:00+00:00,PLL,6.96999979019165,6.96999979019165,6.96999979019165,6.96999979019165,6.96999979019165,479.0
2024-09-16 11:28:00+00:00,PPTA,9.045000076293945,9.045000076293945,9.045000076293945,9.039999961853027,9.039999961853027,513.0
2024-09-16 11:28:00+00:00,STLD,111.3949966430664,111.3949966430664,111.3949966430664,111.3949966430664,111.3949966430664,569.0
2024-09-16 11:28:00+00:00,TMC,1.0700000524520874,1.0700000524520874,1.0700000524520874,1.059999942779541,1.0700000524520874,26832.0
2024-09-16 11:28:00+00:00,ZEUS,36.95500183105469,36.95500183105469,36.970001220703125,36.95500183105469,36.970001220703125,1751.0
2024-09-16 11:29:00+00:00,ACNT,9.25,9.25,9.25,9.25,9.25,1517.0
2024-09-16 11:29:00+00:00,ALTO,1.628000020980835,1.628000020980835,1.628000020980835,1.628000020980835,1.628000020980835,3732.0
2024-09-16 11:29:00+00:00,ASTL,10.145000457763672,10.145000457763672,10.149999618530273,10.145000457763672,10.149999618530273,560.0
2024-09-16 11:29:00+00:00,CENX,14.119999885559082,14.119999885559082,14.119999885559082,14.119999885559082,14.119999885559082,635.0
2024-09-16 11:29:00+00:00,CNEY,0.4853000044822693,0.4853000044822693,0.49000000953674316,0.4790000021457672,0.4790000021457672,7646.0
2024-09-16 11:29:00+00:00,CRKN,1.350000023841858,1.350000023841858,1.350000023841858,1.350000023841858,1.350000023841858,225.0
2024-09-16 11:29:00+00:00,GEVO,1.329699993133545,1.329699993133545,1.329699993133545,1.3200000524520874,1.3252999782562256,8122.0
2024-09-16 11:29:00+00:00,MEOH,38.189998626708984,38.189998626708984,38.220001220703125,38.189998626708984,38.220001220703125,467.0
2024-09-16 11:29:00+00:00,MERC,6.360000133514404,6.360000133514404,6.369999885559082,6.357999801635742,6.369999885559082,2894.0
2024-09-16 11:29:00+00:00,NTIC,12.470000267028809,12.470000267028809,12.470000267028809,12.470000267028809,12.470000267028809,662.0
2024-09-16 11:29:00+00:00,PAAS,21.274999618530273,21.274999618530273,21.280000686645508,21.270000457763672,21.280000686645508,1768.0
2024-09-16 11:29:00+00:00,PLL,6.975299835205078,6.975299835205078,6.975299835205078,6.975299835205078,6.975299835205078,226.0
2024-09-16 11:29:00+00:00,PPTA,9.010000228881836,9.010000228881836,9.010000228881836,9.010000228881836,9.010000228881836,141.0
2024-09-16 11:29:00+00:00,SGML,10.140000343322754,10.140000343322754,10.140000343322754,10.140000343322754,10.140000343322754,1680.0
2024-09-16 11:29:00+00:00,SSRM,5.830100059509277,5.830100059509277,5.835000038146973,5.830100059509277,5.835000038146973,2914.0
2024-09-16 11:29:00+00:00,STLD,111.37999725341797,111.37999725341797,111.37999725341797,111.37999725341797,111.37999725341797,479.0
2024-09-16 11:29:00+00:00,TMC,1.0611000061035156,1.0611000061035156,1.0700000524520874,1.0600999593734741,1.065000057220459,1852.0
2024-09-16 11:29:00+00:00,UFPI,122.48500061035156,122.48500061035156,122.48500061035156,122.48500061035156,122.48500061035156,345.0
2024-09-16 11:30:00+00:00,ALTO,1.6208000183105469,1.6208000183105469,1.625,1.6208000183105469,1.625,600.0
2024-09-16 11:30:00+00:00,ASTL,10.145000457763672,10.145000457763672,10.145000457763672,10.145000457763672,10.145000457763672,452.0
2024-09-16 11:30:00+00:00,CENX,14.119999885559082,14.119999885559082,14.119999885559082,14.119999885559082,14.119999885559082,102.0
2024-09-16 11:30:00+00:00,CNEY,0.4853000044822693,0.4853000044822693,0.49000000953674316,0.4853000044822693,0.4876999855041504,18651.0
2024-09-16 11:30:00+00:00,GEVO,1.3299000263214111,1.3299000263214111,1.3300000429153442,1.3200000524520874,1.3200000524520874,4886.0
2024-09-16 11:30:00+00:00,GPRE,12.489999771118164,12.489999771118164,12.489999771118164,12.489999771118164,12.489999771118164,245.0
2024-09-16 11:30:00+00:00,HWKN,115.9800033569336,115.9800033569336,115.9800033569336,115.9800033569336,115.9800033569336,204.0
2024-09-16 11:30:00+00:00,IOSP,109.125,109.125,109.4000015258789,108.93000030517578,108.93000030517578,1201.0
2024-09-16 11:30:00+00:00,LWLG,2.5399999618530273,2.5399999618530273,2.549999952316284,2.5399999618530273,2.549999952316284,2422.0
2024-09-16 11:30:00+00:00,MEOH,38.10499954223633,38.10499954223633,38.10499954223633,38.10499954223633,38.10499954223633,221.0
2024-09-16 11:30:00+00:00,MERC,6.340000152587891,6.340000152587891,6.349999904632568,6.340000152587891,6.349999904632568,1174.0
2024-09-16 11:30:00+00:00,METC,9.8149995803833,9.8149995803833,9.8149995803833,9.8149995803833,9.8149995803833,564.0
2024-09-16 11:30:00+00:00,PAAS,21.261999130249023,21.261999130249023,21.270000457763672,21.260000228881836,21.270000457763672,4529.0
2024-09-16 11:30:00+00:00,PLL,6.980000019073486,6.980000019073486,6.980000019073486,6.980000019073486,6.980000019073486,286.0
2024-09-16 11:30:00+00:00,PPTA,9.0,9.0,9.0,9.0,9.0,807.0
2024-09-16 11:30:00+00:00,SMID,35.60499954223633,35.60499954223633,35.60499954223633,35.60499954223633,35.60499954223633,141.0
2024-09-16 11:30:00+00:00,STLD,111.3550033569336,111.3550033569336,111.3550033569336,111.33499908447266,111.33499908447266,1197.0
2024-09-16 11:30:00+00:00,TMC,1.065000057220459,1.065000057220459,1.0700000524520874,1.059999942779541,1.0640000104904175,4218.0
2024-09-16 11:30:00+00:00,USAP,36.9900016784668,36.9900016784668,36.9900016784668,36.9900016784668,36.9900016784668,170.0
2024-09-16 11:31:00+00:00,ASTL,10.140000343322754,10.140000343322754,10.140000343322754,10.140000343322754,10.140000343322754,473.0
2024-09-16 11:31:00+00:00,CENX,14.109999656677246,14.109999656677246,14.119999885559082,14.095000267028809,14.119999885559082,1949.0
2024-09-16 11:31:00+00:00,CNEY,0.48539999127388,0.48539999127388,0.49000000953674316,0.46939998865127563,0.48989999294281006,9871.0
2024-09-16 11:31:00+00:00,CRKN,1.3450000286102295,1.3450000286102295,1.3450000286102295,1.3450000286102295,1.3450000286102295,203.0
2024-09-16 11:31:00+00:00,GEVO,1.3284000158309937,1.3284000158309937,1.3300000429153442,1.3250000476837158,1.3300000429153442,12335.0
2024-09-16 11:31:00+00:00,GPRE,12.5,12.5,12.5,12.489999771118164,12.489999771118164,1207.0
2024-09-16 11:31:00+00:00,GSM,4.139999866485596,4.139999866485596,4.139999866485596,4.139999866485596,4.139999866485596,246.0
2024-09-16 11:31:00+00:00,HWKN,116.28500366210938,116.28500366210938,116.28500366210938,116.28500366210938,116.28500366210938,141.0
2024-09-16 11:31:00+00:00,IOSP,109.19999694824219,109.19999694824219,109.19999694824219,109.19999694824219,109.19999694824219,1406.0
2024-09-16 11:31:00+00:00,KALU,68.61000061035156,68.61000061035156,68.61000061035156,68.61000061035156,68.61000061035156,372.0
2024-09-16 11:31:00+00:00,MEOH,38.10499954223633,38.10499954223633,38.10499954223633,38.10499954223633,38.10499954223633,241.0
2024-09-16 11:31:00+00:00,MERC,6.360000133514404,6.360000133514404,6.360000133514404,6.340000152587891,6.340000152587891,3246.0
2024-09-16 11:31:00+00:00,METC,9.8100004196167,9.8100004196167,9.8100004196167,9.8100004196167,9.8100004196167,1889.0
2024-09-16 11:31:00+00:00,PAAS,21.264999389648438,21.264999389648438,21.264999389648438,21.260000228881836,21.260000228881836,952.0
2024-09-16 11:31:00+00:00,RGLD,140.24000549316406,140.24000549316406,140.5,140.24000549316406,140.5,827.0
2024-09-16 11:31:00+00:00,SGML,10.130000114440918,10.130000114440918,10.140000343322754,10.130000114440918,10.140000343322754,375.0
2024-09-16 11:31:00+00:00,SSRM,5.824999809265137,5.824999809265137,5.824999809265137,5.824999809265137,5.824999809265137,102.0
2024-09-16 11:31:00+00:00,STLD,111.31999969482422,111.31999969482422,111.31999969482422,111.25,111.27999877929688,2801.0
2024-09-16 11:31:00+00:00,TMC,1.059999942779541,1.059999942779541,1.0611000061035156,1.059999942779541,1.0611000061035156,2200.0
2024-09-16 11:31:00+00:00,UFPI,122.44499969482422,122.44499969482422,122.47000122070312,122.3499984741211,122.47000122070312,2467.0
2024-09-16 11:32:00+00:00,ALTO,1.6299999952316284,1.6299999952316284,1.6299999952316284,1.625,1.6299999952316284,3323.0
2024-09-16 11:32:00+00:00,CENX,14.119999885559082,14.119999885559082,14.119999885559082,14.119999885559082,14.119999885559082,680.0
2024-09-16 11:32:00+00:00,CNEY,0.48910000920295715,0.48910000920295715,0.48910000920295715,0.48559999465942383,0.48559999465942383,6919.0
2024-09-16 11:32:00+00:00,GEVO,1.3384000062942505,1.3384000062942505,1.3384000062942505,1.3300000429153442,1.3300000429153442,95107.0
2024-09-16 11:32:00+00:00,GSM,4.144999980926514,4.144999980926514,4.144999980926514,4.144999980926514,4.144999980926514,879.0
2024-09-16 11:32:00+00:00,MEOH,38.060001373291016,38.060001373291016,38.060001373291016,38.060001373291016,38.060001373291016,1168.0
2024-09-16 11:32:00+00:00,ORGN,1.5199999809265137,1.5199999809265137,1.5199999809265137,1.519700050354004,1.5199999809265137,4578.0
2024-09-16 11:32:00+00:00,PAAS,21.274999618530273,21.274999618530273,21.280000686645508,21.264999389648438,21.264999389648438,10821.0
2024-09-16 11:32:00+00:00,PLL,6.980000019073486,6.980000019073486,6.980000019073486,6.980000019073486,6.980000019073486,127.0
2024-09-16 11:32:00+00:00,PPTA,8.979999542236328,8.979999542236328,8.979999542236328,8.979999542236328,8.979999542236328,220.0
2024-09-16 11:32:00+00:00,SSRM,5.829999923706055,5.829999923706055,5.829999923706055,5.829999923706055,5.829999923706055,101.0
2024-09-16 11:32:00+00:00,STLD,111.25,111.25,111.31500244140625,111.25,111.31500244140625,759.0
2024-09-16 11:32:00+00:00,TMC,1.090000033378601,1.090000033378601,1.090000033378601,1.0694999694824219,1.0694999694824219,15189.0
2024-09-16 11:32:00+00:00,USAP,36.997501373291016,36.997501373291016,36.997501373291016,36.997501373291016,36.997501373291016,1091.0
2024-09-16 11:32:00+00:00,ZEUS,37.0099983215332,37.0099983215332,37.0099983215332,37.0099983215332,37.0099983215332,1133.0
2024-09-16 11:33:00+00:00,BIOX,8.59000015258789,8.59000015258789,8.59000015258789,8.59000015258789,8.59000015258789,464.0
2024-09-16 11:33:00+00:00,CENX,14.135000228881836,14.135000228881836,14.135000228881836,14.109999656677246,14.109999656677246,2463.0
2024-09-16 11:33:00+00:00,CNEY,0.4950000047683716,0.4950000047683716,0.4950000047683716,0.48579999804496765,0.48579999804496765,13291.0
2024-09-16 11:33:00+00:00,GEVO,1.3350000381469727,1.3350000381469727,1.340000033378601,1.3300000429153442,1.3392000198364258,24444.0
2024-09-16 11:33:00+00:00,HDSN,7.860000133514404,7.860000133514404,7.860000133514404,7.860000133514404,7.860000133514404,523.0
2024-09-16 11:33:00+00:00,HWKN,116.11000061035156,116.11000061035156,116.19000244140625,116.11000061035156,116.19000244140625,478.0
2024-09-16 11:33:00+00:00,LWLG,2.5450000762939453,2.5450000762939453,2.5450000762939453,2.5450000762939453,2.5450000762939453,200.0
2024-09-16 11:33:00+00:00,MEOH,38.095001220703125,38.095001220703125,38.11000061035156,38.095001220703125,38.099998474121094,1879.0
2024-09-16 11:33:00+00:00,PAAS,21.27989959716797,21.27989959716797,21.289899826049805,21.270099639892578,21.270099639892578,4585.0
2024-09-16 11:33:00+00:00,RGLD,140.44000244140625,140.44000244140625,140.44000244140625,140.44000244140625,140.44000244140625,882.0
2024-09-16 11:33:00+00:00,SSRM,5.829999923706055,5.829999923706055,5.829999923706055,5.829999923706055,5.829999923706055,620.0
2024-09-16 11:33:00+00:00,STLD,111.20999908447266,111.20999908447266,111.20999908447266,111.19999694824219,111.19999694824219,626.0
2024-09-16 11:33:00+00:00,TMC,1.090000033378601,1.090000033378601,1.090000033378601,1.0800000429153442,1.0800000429153442,11519.0
2024-09-16 11:33:00+00:00,UFPI,122.5250015258789,122.5250015258789,122.5250015258789,122.4800033569336,122.4800033569336,973.0
2024-09-16 11:33:00+00:00,USAP,36.90999984741211,36.90999984741211,36.90999984741211,36.900001525878906,36.90999984741211,2178.0
2024-09-16 11:34:00+00:00,CENX,14.119999885559082,14.119999885559082,14.140000343322754,14.119999885559082,14.130000114440918,3929.0
2024-09-16 11:34:00+00:00,CNEY,0.4964999854564667,0.4964999854564667,0.4984999895095825,0.4943000078201294,0.4948999881744385,33935.0
2024-09-16 11:34:00+00:00,GEVO,1.350000023841858,1.350000023841858,1.350000023841858,1.3300000429153442,1.3350000381469727,52789.0
2024-09-16 11:34:00+00:00,HDSN,7.860000133514404,7.860000133514404,7.869900226593018,7.860000133514404,7.869900226593018,5969.0
2024-09-16 11:34:00+00:00,HWKN,115.98999786376953,115.98999786376953,115.98999786376953,115.98999786376953,115.98999786376953,195.0
2024-09-16 11:34:00+00:00,LITM,0.3328999876976013,0.3328999876976013,0.3328999876976013,0.3328999876976013,0.3328999876976013,237.0
2024-09-16 11:34:00+00:00,LWLG,2.5450000762939453,2.5450000762939453,2.5450000762939453,2.5399999618530273,2.5450000762939453,1837.0
2024-09-16 11:34:00+00:00,MERC,6.364999771118164,6.364999771118164,6.369999885559082,6.364999771118164,6.369999885559082,1520.0
2024-09-16 11:34:00+00:00,METC,9.789999961853027,9.789999961853027,9.789999961853027,9.779999732971191,9.779999732971191,1678.0
2024-09-16 11:34:00+00:00,PAAS,21.270000457763672,21.270000457763672,21.280000686645508,21.270000457763672,21.274999618530273,2331.0
2024-09-16 11:34:00+00:00,PLL,6.989999771118164,6.989999771118164,6.989999771118164,6.983699798583984,6.983699798583984,889.0
2024-09-16 11:34:00+00:00,PPTA,9.0,9.0,9.0,9.0,9.0,5.0
2024-09-16 11:34:00+00:00,SSRM,5.838900089263916,5.838900089263916,5.838900089263916,5.838900089263916,5.838900089263916,499.0
2024-09-16 11:34:00+00:00,STLD,111.22000122070312,111.22000122070312,111.28500366210938,111.22000122070312,111.2750015258789,1240.0
2024-09-16 11:34:00+00:00,TMC,1.0901000499725342,1.0901000499725342,1.100000023841858,1.0815000534057617,1.0850000381469727,20472.0
2024-09-16 11:34:00+00:00,UFPI,122.59500122070312,122.59500122070312,122.59500122070312,122.5,122.51000213623047,1278.0
2024-09-16 11:34:00+00:00,USAP,36.88010025024414,36.88010025024414,36.88010025024414,36.88010025024414,36.88010025024414,1212.0
2024-09-16 11:35:00+00:00,CENX,14.109999656677246,14.109999656677246,14.125,14.100000381469727,14.125,2201.0
2024-09-16 11:35:00+00:00,CNEY,0.5151000022888184,0.5151000022888184,0.5299999713897705,0.490200012922287,0.49470001459121704,154936.0
2024-09-16 11:35:00+00:00,GEVO,1.340000033378601,1.340000033378601,1.350000023841858,1.340000033378601,1.3450000286102295,105497.0
2024-09-16 11:35:00+00:00,GPRE,12.5,12.5,12.5,12.5,12.5,212.0
2024-09-16 11:35:00+00:00,GSM,4.150000095367432,4.150000095367432,4.150000095367432,4.150000095367432,4.150000095367432,101.0
2024-09-16 11:35:00+00:00,KALU,68.94000244140625,68.94000244140625,68.94000244140625,68.69000244140625,68.69000244140625,281.0
2024-09-16 11:35:00+00:00,LITM,0.3206000030040741,0.3206000030040741,0.3206000030040741,0.3206000030040741,0.3206000030040741,8338.0
2024-09-16 11:35:00+00:00,LWLG,2.5450000762939453,2.5450000762939453,2.5480000972747803,2.5450000762939453,2.5450000762939453,5350.0
2024-09-16 11:35:00+00:00,PAAS,21.274999618530273,21.274999618530273,21.280000686645508,21.274700164794922,21.274700164794922,2782.0
2024-09-16 11:35:00+00:00,PLL,6.998499870300293,6.998499870300293,6.999800205230713,6.998499870300293,6.999800205230713,818.0
2024-09-16 11:35:00+00:00,RGLD,140.47999572753906,140.47999572753906,140.47999572753906,140.47999572753906,140.47999572753906,381.0
2024-09-16 11:35:00+00:00,SGML,10.130000114440918,10.130000114440918,10.130000114440918,10.130000114440918,10.130000114440918,1546.0
2024-09-16 11:35:00+00:00,SMID,35.51499938964844,35.51499938964844,35.58000183105469,35.5,35.51499938964844,900.0
2024-09-16 11:35:00+00:00,SSRM,5.829999923706055,5.829999923706055,5.829999923706055,5.829999923706055,5.829999923706055,461.0
2024-09-16 11:35:00+00:00,STLD,111.36000061035156,111.36000061035156,111.37999725341797,111.28500366210938,111.28500366210938,2834.0
2024-09-16 11:35:00+00:00,TMC,1.090000033378601,1.090000033378601,1.100000023841858,1.090000033378601,1.0950000286102295,76022.0
2024-09-16 11:35:00+00:00,USAU,5.730000019073486,5.730000019073486,5.730000019073486,5.730000019073486,5.730000019073486,430.0
2024-09-16 11:36:00+00:00,ALTO,1.6200000047683716,1.6200000047683716,1.625,1.6200000047683716,1.625,1696.0
2024-09-16 11:36:00+00:00,ASTL,10.149999618530273,10.149999618530273,10.149999618530273,10.149999618530273,10.149999618530273,1435.0
2024-09-16 11:36:00+00:00,CENX,14.119999885559082,14.119999885559082,14.119999885559082,14.119999885559082,14.119999885559082,642.0
2024-09-16 11:36:00+00:00,CNEY,0.5699999928474426,0.5699999928474426,0.5699999928474426,0.5271000266075134,0.5271999835968018,198849.0
2024-09-16 11:36:00+00:00,ELBM,0.6200000047683716,0.6200000047683716,0.6200000047683716,0.6200000047683716,0.6200000047683716,0.0
2024-09-16 11:36:00+00:00,GEVO,1.3450000286102295,1.3450000286102295,1.350000023841858,1.340000033378601,1.340000033378601,8078.0
2024-09-16 11:36:00+00:00,GPRE,12.489999771118164,12.489999771118164,12.510000228881836,12.489999771118164,12.510000228881836,1665.0
2024-09-16 11:36:00+00:00,ORGN,1.524999976158142,1.524999976158142,1.524999976158142,1.524999976158142,1.524999976158142,4004.0
2024-09-16 11:36:00+00:00,PAAS,21.28499984741211,21.28499984741211,21.290000915527344,21.280000686645508,21.290000915527344,2506.0
2024-09-16 11:36:00+00:00,PPTA,9.0,9.0,9.0,9.0,9.0,119.0
2024-09-16 11:36:00+00:00,RGLD,140.41000366210938,140.41000366210938,140.50999450683594,140.41000366210938,140.50999450683594,910.0
2024-09-16 11:36:00+00:00,SMID,35.630001068115234,35.630001068115234,35.630001068115234,35.529998779296875,35.529998779296875,916.0
2024-09-16 11:36:00+00:00,STLD,111.30500030517578,111.30500030517578,111.30500030517578,111.30500030517578,111.30500030517578,644.0
2024-09-16 11:36:00+00:00,TMC,1.0950000286102295,1.0950000286102295,1.100000023841858,1.090000033378601,1.090999960899353,2952.0
2024-09-16 11:37:00+00:00,ALTO,1.625,1.625,1.625,1.6150000095367432,1.6150000095367432,4759.0
2024-09-16 11:37:00+00:00,AREC,0.489300012588501,0.489300012588501,0.489300012588501,0.4867999851703644,0.4867999851703644,18733.0
2024-09-16 11:37:00+00:00,ASTL,10.145000457763672,10.145000457763672,10.145000457763672,10.145000457763672,10.145000457763672,105.0
2024-09-16 11:37:00+00:00,CENX,14.140000343322754,14.140000343322754,14.140000343322754,14.119999885559082,14.119999885559082,1572.0
2024-09-16 11:37:00+00:00,CNEY,0.5640000104904175,0.5640000104904175,0.5859000086784363,0.5299999713897705,0.552299976348877,449418.0
2024-09-16 11:37:00+00:00,GEVO,1.350000023841858,1.350000023841858,1.3600000143051147,1.3450000286102295,1.3450000286102295,80484.0
2024-09-16 11:37:00+00:00,GPRE,12.479999542236328,12.479999542236328,12.489999771118164,12.479999542236328,12.489999771118164,1601.0
2024-09-16 11:37:00+00:00,GSM,4.144999980926514,4.144999980926514,4.144999980926514,4.144999980926514,4.144999980926514,801.0
2024-09-16 11:37:00+00:00,MERC,6.380000114440918,6.380000114440918,6.380000114440918,6.380000114440918,6.380000114440918,512.0
2024-09-16 11:37:00+00:00,METC,9.768799781799316,9.768799781799316,9.779999732971191,9.768799781799316,9.779999732971191,2626.0
2024-09-16 11:37:00+00:00,ORGN,1.5199999809265137,1.5199999809265137,1.524999976158142,1.5199999809265137,1.524999976158142,1111.0
2024-09-16 11:37:00+00:00,PAAS,21.2450008392334,21.2450008392334,21.280000686645508,21.235000610351562,21.280000686645508,16002.0
2024-09-16 11:37:00+00:00,PLL,6.980000019073486,6.980000019073486,6.984000205993652,6.980000019073486,6.984000205993652,3541.0
2024-09-16 11:37:00+00:00,RGLD,140.4250030517578,140.4250030517578,140.4250030517578,140.4250030517578,140.4250030517578,200.0
2024-09-16 11:37:00+00:00,SGML,10.130000114440918,10.130000114440918,10.130000114440918,10.130000114440918,10.130000114440918,101.0
2024-09-16 11:37:00+00:00,SMID,35.439998626708984,35.439998626708984,35.529998779296875,35.439998626708984,35.529998779296875,787.0
2024-09-16 11:37:00+00:00,SSRM,5.829999923706055,5.829999923706055,5.829999923706055,5.829999923706055,5.829999923706055,1062.0
2024-09-16 11:37:00+00:00,STLD,111.33999633789062,111.33999633789062,111.33999633789062,111.33999633789062,111.33999633789062,168.0
2024-09-16 11:37:00+00:00,TMC,1.0999000072479248,1.0999000072479248,1.100000023841858,1.080899953842163,1.0968999862670898,51941.0
2024-09-16 11:37:00+00:00,USAP,36.880001068115234,36.880001068115234,36.880001068115234,36.880001068115234,36.880001068115234,1410.0
2024-09-16 11:37:00+00:00,ZEUS,37.029998779296875,37.029998779296875,37.029998779296875,37.029998779296875,37.029998779296875,1027.0
2024-09-16 11:38:00+00:00,ALTO,1.625,1.625,1.6299999952316284,1.625,1.6299999952316284,5261.0
2024-09-16 11:38:00+00:00,AREC,0.4860999882221222,0.4860999882221222,0.4860999882221222,0.4860999882221222,0.4860999882221222,0.0
2024-09-16 11:38:00+00:00,ASTL,10.149999618530273,10.149999618530273,10.149999618530273,10.149999618530273,10.149999618530273,425.0
2024-09-16 11:38:00+00:00,CENX,14.170000076293945,14.170000076293945,14.170000076293945,14.149999618530273,14.149999618530273,1599.0
2024-09-16 11:38:00+00:00,CNEY,0.5796999931335449,0.5796999931335449,0.6000000238418579,0.5511000156402588,0.5690000057220459,411026.0
2024-09-16 11:38:00+00:00,GEVO,1.3550000190734863,1.3550000190734863,1.3600000143051147,1.350000023841858,1.3550000190734863,22856.0
2024-09-16 11:38:00+00:00,GSM,4.150000095367432,4.150000095367432,4.150000095367432,4.150000095367432,4.150000095367432,524.0
2024-09-16 11:38:00+00:00,KALU,68.62000274658203,68.62000274658203,68.62000274658203,68.62000274658203,68.62000274658203,106.0
2024-09-16 11:38:00+00:00,MEOH,38.1150016784668,38.1150016784668,38.1150016784668,38.09000015258789,38.09000015258789,507.0
2024-09-16 11:38:00+00:00,METC,9.770000457763672,9.770000457763672,9.770000457763672,9.770000457763672,9.770000457763672,418.0
2024-09-16 11:38:00+00:00,ORGN,1.5199999809265137,1.5199999809265137,1.5199999809265137,1.5199999809265137,1.5199999809265137,507.0
2024-09-16 11:38:00+00:00,PAAS,21.243600845336914,21.243600845336914,21.2450008392334,21.243600845336914,21.2450008392334,2690.0
2024-09-16 11:38:00+00:00,RGLD,140.70399475097656,140.70399475097656,140.70399475097656,140.46499633789062,140.46499633789062,5359.0
2024-09-16 11:38:00+00:00,SGML,10.109999656677246,10.109999656677246,10.119999885559082,10.109999656677246,10.119999885559082,1124.0
2024-09-16 11:38:00+00:00,SMID,35.35499954223633,35.35499954223633,35.35499954223633,35.35499954223633,35.35499954223633,396.0
2024-09-16 11:38:00+00:00,SSRM,5.829999923706055,5.829999923706055,5.829999923706055,5.829999923706055,5.829999923706055,103.0
2024-09-16 11:38:00+00:00,STLD,111.31999969482422,111.31999969482422,111.31999969482422,111.31999969482422,111.31999969482422,330.0
2024-09-16 11:38:00+00:00,TMC,1.1399999856948853,1.1399999856948853,1.1399999856948853,1.100000023841858,1.100000023841858,44271.0
2024-09-16 11:38:00+00:00,UFPI,122.44000244140625,122.44000244140625,122.5,122.44000244140625,122.5,349.0
2024-09-16 11:39:00+00:00,ALTO,1.6299999952316284,1.6299999952316284,1.639299988746643,1.6299999952316284,1.6299999952316284,3526.0
2024-09-16 11:39:00+00:00,ASTL,10.140000343322754,10.140000343322754,10.149999618530273,10.140000343322754,10.149999618530273,1154.0
2024-09-16 11:39:00+00:00,BIOX,8.609999656677246,8.609999656677246,8.609999656677246,8.609999656677246,8.609999656677246,3605.0
2024-09-16 11:39:00+00:00,CENX,14.170000076293945,14.170000076293945,14.170000076293945,14.170000076293945,14.170000076293945,1549.0
2024-09-16 11:39:00+00:00,CNEY,0.5548999905586243,0.5548999905586243,0.5995000004768372,0.550000011920929,0.5820000171661377,232261.0
2024-09-16 11:39:00+00:00,CRKN,1.350000023841858,1.350000023841858,1.350000023841858,1.3450000286102295,1.3450000286102295,1591.0
2024-09-16 11:39:00+00:00,GEVO,1.368499994277954,1.368499994277954,1.3700000047683716,1.350000023841858,1.350000023841858,34873.0
2024-09-16 11:39:00+00:00,GPRE,12.5,12.5,12.5,12.5,12.5,670.0
2024-09-16 11:39:00+00:00,GSM,4.15500020980835,4.15500020980835,4.159999847412109,4.150000095367432,4.150000095367432,8531.0
2024-09-16 11:39:00+00:00,HWKN,116.05000305175781,116.05000305175781,116.05000305175781,116.05000305175781,116.05000305175781,521.0
2024-09-16 11:39:00+00:00,LITM,0.3215999901294708,0.3215999901294708,0.3215999901294708,0.3215999901294708,0.3215999901294708,193.0
2024-09-16 11:39:00+00:00,MEOH,38.13999938964844,38.13999938964844,38.13999938964844,38.1150016784668,38.1150016784668,286.0
2024-09-16 11:39:00+00:00,METC,9.774999618530273,9.774999618530273,9.779999732971191,9.770000457763672,9.770000457763672,2294.0
2024-09-16 11:39:00+00:00,PAAS,21.260000228881836,21.260000228881836,21.264999389648438,21.2450008392334,21.2450008392334,3795.0
2024-09-16 11:39:00+00:00,PLL,6.980000019073486,6.980000019073486,6.980000019073486,6.980000019073486,6.980000019073486,200.0
2024-09-16 11:39:00+00:00,PPTA,9.0,9.0,9.0,9.0,9.0,298.0
2024-09-16 11:39:00+00:00,RGLD,140.9499969482422,140.9499969482422,140.9499969482422,140.9499969482422,140.9499969482422,7038.0
2024-09-16 11:39:00+00:00,SGML,10.140000343322754,10.140000343322754,10.149999618530273,10.140000343322754,10.149999618530273,974.0
2024-09-16 11:39:00+00:00,SSRM,5.835000038146973,5.835000038146973,5.835000038146973,5.829999923706055,5.829999923706055,1255.0
2024-09-16 11:39:00+00:00,STLD,111.31999969482422,111.31999969482422,111.31999969482422,111.31999969482422,111.31999969482422,346.0
2024-09-16 11:39:00+00:00,TMC,1.1299999952316284,1.1299999952316284,1.1699999570846558,1.1210999488830566,1.1349999904632568,88432.0
2024-09-16 11:39:00+00:00,UFPI,122.5,122.5,122.5,122.5,122.5,1052.0
2024-09-16 11:40:00+00:00,ALTO,1.6200000047683716,1.6200000047683716,1.6200000047683716,1.6200000047683716,1.6200000047683716,5001.0
2024-09-16 11:40:00+00:00,CNEY,0.5794000029563904,0.5794000029563904,0.5995000004768372,0.5385000109672546,0.5501000285148621,362749.0
2024-09-16 11:40:00+00:00,CRKN,1.340000033378601,1.340000033378601,1.340000033378601,1.340000033378601,1.340000033378601,135.0
2024-09-16 11:40:00+00:00,GEVO,1.3698999881744385,1.3698999881744385,1.3700000047683716,1.3600000143051147,1.3688000440597534,14502.0
2024-09-16 11:40:00+00:00,GSM,4.157700061798096,4.157700061798096,4.157700061798096,4.157700061798096,4.157700061798096,522.0
2024-09-16 11:40:00+00:00,MEOH,38.150001525878906,38.150001525878906,38.150001525878906,38.150001525878906,38.150001525878906,183.0
2024-09-16 11:40:00+00:00,MERC,6.369999885559082,6.369999885559082,6.369999885559082,6.369999885559082,6.369999885559082,328.0
2024-09-16 11:40:00+00:00,METC,9.760000228881836,9.760000228881836,9.770000457763672,9.760000228881836,9.770000457763672,939.0
2024-09-16 11:40:00+00:00,PAAS,21.2450008392334,21.2450008392334,21.269800186157227,21.239999771118164,21.268999099731445,3158.0
2024-09-16 11:40:00+00:00,PLL,6.980000019073486,6.980000019073486,6.980000019073486,6.980000019073486,6.980000019073486,693.0
2024-09-16 11:40:00+00:00,SGML,10.149999618530273,10.149999618530273,10.149999618530273,10.149999618530273,10.149999618530273,202.0
2024-09-16 11:40:00+00:00,SSRM,5.824999809265137,5.824999809265137,5.829999923706055,5.824999809265137,5.829999923706055,1426.0
2024-09-16 11:40:00+00:00,STLD,111.31500244140625,111.31500244140625,111.31500244140625,111.31500244140625,111.31500244140625,1126.0
2024-09-16 11:41:00+00:00,ASTL,10.135000228881836,10.135000228881836,10.135000228881836,10.135000228881836,10.135000228881836,1063.0
2024-09-16 11:41:00+00:00,CNEY,0.5604000091552734,0.5604000091552734,0.5623999834060669,0.5598000288009644,0.5623999834060669,471759.0
2024-09-16 11:41:00+00:00,GEVO,1.3650000095367432,1.3650000095367432,1.3650000095367432,1.3600000143051147,1.3609999418258667,28417.0
2024-09-16 11:41:00+00:00,HDSN,7.860000133514404,7.860000133514404,7.860000133514404,7.860000133514404,7.860000133514404,298.0
2024-09-16 11:41:00+00:00,LWLG,2.5450000762939453,2.5450000762939453,2.5450000762939453,2.5450000762939453,2.5450000762939453,5142.0
2024-09-16 11:41:00+00:00,METC,9.760000228881836,9.760000228881836,9.760000228881836,9.760000228881836,9.760000228881836,5208.0
2024-09-16 11:41:00+00:00,PAAS,21.25,21.25,21.259899139404297,21.25,21.25,2765.0
2024-09-16 11:41:00+00:00,PPTA,9.0,9.0,9.0,9.0,9.0,2207.0
2024-09-16 11:41:00+00:00,SGML,10.130000114440918,10.130000114440918,10.130000114440918,10.130000114440918,10.130000114440918,3875.0
2024-09-16 11:41:00+00:00,SSRM,5.824999809265137,5.824999809265137,5.824999809265137,5.824999809265137,5.824999809265137,2165.0
2024-09-16 11:41:00+00:00,TMC,1.1200000047683716,1.1200000047683716,1.1200000047683716,1.1200000047683716,1.1200000047683716,25640.0
2024-09-16 11:42:00+00:00,ALTO,1.625,1.625,1.625,1.625,1.625,302.0
2024-09-16 11:42:00+00:00,AREC,0.4812999963760376,0.4812999963760376,0.4812999963760376,0.4812999963760376,0.4812999963760376,1359.0
2024-09-16 11:42:00+00:00,CENX,14.170000076293945,14.170000076293945,14.170000076293945,14.15999984741211,14.15999984741211,606.0
2024-09-16 11:42:00+00:00,CNEY,0.5570999979972839,0.5570999979972839,0.5604000091552734,0.542900025844574,0.5601999759674072,223335.0
2024-09-16 11:42:00+00:00,GEVO,1.3550000190734863,1.3550000190734863,1.3700000047683716,1.3496999740600586,1.3650000095367432,92272.0
2024-09-16 11:42:00+00:00,GSM,4.159999847412109,4.159999847412109,4.159999847412109,4.15500020980835,4.15500020980835,690.0
2024-09-16 11:42:00+00:00,HDSN,7.875,7.875,7.875,7.875,7.875,209.0
2024-09-16 11:42:00+00:00,KALU,68.72000122070312,68.72000122070312,68.72000122070312,68.72000122070312,68.72000122070312,206.0
2024-09-16 11:42:00+00:00,LITM,0.32269999384880066,0.32269999384880066,0.32269999384880066,0.32269999384880066,0.32269999384880066,201.0
2024-09-16 11:42:00+00:00,LWLG,2.5399999618530273,2.5399999618530273,2.5399999618530273,2.5399999618530273,2.5399999618530273,400.0
2024-09-16 11:42:00+00:00,MEOH,38.16999816894531,38.16999816894531,38.16999816894531,38.16999816894531,38.16999816894531,195.0
2024-09-16 11:42:00+00:00,METC,9.770000457763672,9.770000457763672,9.770000457763672,9.770000457763672,9.770000457763672,2183.0
2024-09-16 11:42:00+00:00,PAAS,21.2450008392334,21.2450008392334,21.256000518798828,21.239999771118164,21.2549991607666,3246.0
2024-09-16 11:42:00+00:00,PLL,6.960000038146973,6.960000038146973,6.960000038146973,6.960000038146973,6.960000038146973,1662.0
2024-09-16 11:42:00+00:00,PPTA,9.029999732971191,9.029999732971191,9.029999732971191,9.029999732971191,9.029999732971191,15.0
2024-09-16 11:42:00+00:00,SGML,10.130000114440918,10.130000114440918,10.140000343322754,10.130000114440918,10.140000343322754,407.0
2024-09-16 11:42:00+00:00,SMID,35.09000015258789,35.09000015258789,35.09000015258789,35.09000015258789,35.09000015258789,109.0
2024-09-16 11:42:00+00:00,STLD,111.32499694824219,111.32499694824219,111.32499694824219,111.31999969482422,111.31999969482422,796.0
2024-09-16 11:42:00+00:00,TMC,1.1299999952316284,1.1299999952316284,1.1299999952316284,1.1239999532699585,1.125,4683.0
2024-09-16 11:42:00+00:00,ZEUS,37.09000015258789,37.09000015258789,37.09000015258789,37.09000015258789,37.09000015258789,1731.0
2024-09-16 11:43:00+00:00,ALTO,1.6200000047683716,1.6200000047683716,1.6200000047683716,1.6200000047683716,1.6200000047683716,1441.0
2024-09-16 11:43:00+00:00,CENX,14.15999984741211,14.15999984741211,14.170000076293945,14.15999984741211,14.170000076293945,1617.0
2024-09-16 11:43:00+00:00,CNEY,0.5601000189781189,0.5601000189781189,0.5751000046730042,0.5550000071525574,0.5602999925613403,233776.0
2024-09-16 11:43:00+00:00,CRKN,1.3600000143051147,1.3600000143051147,1.3600000143051147,1.3600000143051147,1.3600000143051147,1127.0
2024-09-16 11:43:00+00:00,GEVO,1.3600000143051147,1.3600000143051147,1.3650000095367432,1.3596999645233154,1.3596999645233154,11894.0
2024-09-16 11:43:00+00:00,GPRE,12.524999618530273,12.524999618530273,12.529999732971191,12.520000457763672,12.529999732971191,1957.0
2024-09-16 11:43:00+00:00,IOSP,109.5199966430664,109.5199966430664,109.5199966430664,109.5199966430664,109.5199966430664,208.0
2024-09-16 11:43:00+00:00,LWLG,2.5399999618530273,2.5399999618530273,2.5399999618530273,2.5399999618530273,2.5399999618530273,962.0
2024-09-16 11:43:00+00:00,MERC,6.369999885559082,6.369999885559082,6.369999885559082,6.369999885559082,6.369999885559082,494.0
2024-09-16 11:43:00+00:00,METC,9.800000190734863,9.800000190734863,9.800000190734863,9.779999732971191,9.779999732971191,1288.0
2024-09-16 11:43:00+00:00,ORGN,1.5149999856948853,1.5149999856948853,1.5149999856948853,1.5149999856948853,1.5149999856948853,237.0
2024-09-16 11:43:00+00:00,PAAS,21.23900032043457,21.23900032043457,21.270000457763672,21.235000610351562,21.246700286865234,17416.0
2024-09-16 11:43:00+00:00,PPTA,9.029999732971191,9.029999732971191,9.029999732971191,9.029999732971191,9.029999732971191,109.0
2024-09-16 11:43:00+00:00,SGML,10.130000114440918,10.130000114440918,10.130000114440918,10.130000114440918,10.130000114440918,237.0
2024-09-16 11:43:00+00:00,SSRM,5.829999923706055,5.829999923706055,5.835000038146973,5.829999923706055,5.829999923706055,5175.0
2024-09-16 11:43:00+00:00,STLD,111.37000274658203,111.37000274658203,111.4000015258789,111.27999877929688,111.27999877929688,2605.0
2024-09-16 11:43:00+00:00,TMC,1.1201000213623047,1.1201000213623047,1.129699945449829,1.1200000047683716,1.129699945449829,3812.0
2024-09-16 11:44:00+00:00,CENX,14.15999984741211,14.15999984741211,14.164999961853027,14.15999984741211,14.164999961853027,884.0
2024-09-16 11:44:00+00:00,CNEY,0.5601999759674072,0.5601999759674072,0.5604000091552734,0.5412999987602234,0.5604000091552734,95716.0
2024-09-16 11:44:00+00:00,GEVO,1.3600000143051147,1.3600000143051147,1.3700000047683716,1.3600000143051147,1.3600000143051147,6814.0
2024-09-16 11:44:00+00:00,GPRE,12.5,12.5,12.510000228881836,12.5,12.510000228881836,328.0
2024-09-16 11:44:00+00:00,GSM,4.159999847412109,4.159999847412109,4.159999847412109,4.159999847412109,4.159999847412109,304.0
2024-09-16 11:44:00+00:00,HWKN,116.12999725341797,116.12999725341797,116.12999725341797,116.12999725341797,116.12999725341797,975.0
2024-09-16 11:44:00+00:00,LITM,0.33090001344680786,0.33090001344680786,0.33090001344680786,0.33090001344680786,0.33090001344680786,1764.0
2024-09-16 11:44:00+00:00,LOOP,1.4594000577926636,1.4594000577926636,1.5199999809265137,1.4594000577926636,1.5199999809265137,8805.0
2024-09-16 11:44:00+00:00,MERC,6.340000152587891,6.340000152587891,6.369999885559082,6.340000152587891,6.369999885559082,4869.0
2024-09-16 11:44:00+00:00,METC,9.8100004196167,9.8100004196167,9.8100004196167,9.8100004196167,9.8100004196167,402.0
2024-09-16 11:44:00+00:00,PAAS,21.24839973449707,21.24839973449707,21.24839973449707,21.235000610351562,21.239999771118164,4293.0
2024-09-16 11:44:00+00:00,PLL,6.940000057220459,6.940000057220459,6.949999809265137,6.940000057220459,6.949999809265137,3135.0
2024-09-16 11:44:00+00:00,PPTA,9.025099754333496,9.025099754333496,9.025099754333496,9.0,9.0,437.0
2024-09-16 11:44:00+00:00,SEED,2.5971999168395996,2.5971999168395996,2.5971999168395996,2.5971999168395996,2.5971999168395996,211.0
2024-09-16 11:44:00+00:00,SGML,10.135000228881836,10.135000228881836,10.135000228881836,10.135000228881836,10.135000228881836,1252.0
2024-09-16 11:44:00+00:00,SMID,35.22819900512695,35.22819900512695,35.29499816894531,35.22819900512695,35.29499816894531,610.0
2024-09-16 11:44:00+00:00,SSRM,5.821899890899658,5.821899890899658,5.829999923706055,5.821899890899658,5.824999809265137,412.0
2024-09-16 11:44:00+00:00,STLD,111.33499908447266,111.33499908447266,111.33499908447266,111.30999755859375,111.31999969482422,447.0
2024-09-16 11:44:00+00:00,TMC,1.125,1.125,1.125,1.125,1.125,2109.0
2024-09-16 11:44:00+00:00,ZKIN,0.4551999866962433,0.4551999866962433,0.4551999866962433,0.4551999866962433,0.4551999866962433,1093.0
2024-09-16 11:45:00+00:00,ALTO,1.6150000095367432,1.6150000095367432,1.6200000047683716,1.6150000095367432,1.6200000047683716,629.0
2024-09-16 11:45:00+00:00,ASTL,10.130000114440918,10.130000114440918,10.140000343322754,10.125,10.140000343322754,6002.0
2024-09-16 11:45:00+00:00,CENX,14.170000076293945,14.170000076293945,14.170000076293945,14.170000076293945,14.170000076293945,403.0
2024-09-16 11:45:00+00:00,CNEY,0.6151000261306763,0.6151000261306763,0.6200000047683716,0.5494999885559082,0.5501000285148621,434898.0
2024-09-16 11:45:00+00:00,GEVO,1.3650000095367432,1.3650000095367432,1.3700000047683716,1.3600000143051147,1.3650000095367432,6667.0
2024-09-16 11:45:00+00:00,GSM,4.159999847412109,4.159999847412109,4.159999847412109,4.159999847412109,4.159999847412109,320.0
2024-09-16 11:45:00+00:00,HDSN,7.869999885559082,7.869999885559082,7.869999885559082,7.869999885559082,7.869999885559082,729.0
2024-09-16 11:45:00+00:00,HYMC,2.6142001152038574,2.6142001152038574,2.625,2.611999988555908,2.625,1340.0
2024-09-16 11:45:00+00:00,LOOP,1.5099999904632568,1.5099999904632568,1.5785000324249268,1.5099999904632568,1.5499999523162842,5264.0
2024-09-16 11:45:00+00:00,LWLG,2.5350000858306885,2.5350000858306885,2.5399999618530273,2.5299999713897705,2.5399999618530273,8169.0
2024-09-16 11:45:00+00:00,MERC,6.34499979019165,6.34499979019165,6.349999904632568,6.335000038146973,6.340000152587891,4512.0
2024-09-16 11:45:00+00:00,METC,9.800000190734863,9.800000190734863,9.800000190734863,9.800000190734863,9.800000190734863,545.0
2024-09-16 11:45:00+00:00,PAAS,21.225000381469727,21.225000381469727,21.2450008392334,21.219999313354492,21.2450008392334,24419.0
2024-09-16 11:45:00+00:00,PPTA,9.02649974822998,9.02649974822998,9.02649974822998,9.02649974822998,9.02649974822998,89.0
2024-09-16 11:45:00+00:00,SGML,10.119999885559082,10.119999885559082,10.119999885559082,10.109999656677246,10.109999656677246,1199.0
2024-09-16 11:45:00+00:00,SSRM,5.820000171661377,5.820000171661377,5.820000171661377,5.820000171661377,5.820000171661377,372.0
2024-09-16 11:45:00+00:00,STLD,111.32499694824219,111.32499694824219,111.32499694824219,111.32499694824219,111.32499694824219,300.0
2024-09-16 11:45:00+00:00,TMC,1.12909996509552,1.12909996509552,1.1299999952316284,1.1210999488830566,1.1299999952316284,8141.0
2024-09-16 11:45:00+00:00,USAP,36.959999084472656,36.959999084472656,36.959999084472656,36.959999084472656,36.959999084472656,538.0
2024-09-16 11:46:00+00:00,ALTO,1.6200000047683716,1.6200000047683716,1.6200000047683716,1.6200000047683716,1.6200000047683716,200.0
2024-09-16 11:46:00+00:00,CENX,14.149999618530273,14.149999618530273,14.15999984741211,14.149999618530273,14.15999984741211,1392.0
2024-09-16 11:46:00+00:00,CNEY,0.6898000240325928,0.6898000240325928,0.699999988079071,0.5855000019073486,0.6118000149726868,757987.0
2024-09-16 11:46:00+00:00,GEVO,1.368499994277954,1.368499994277954,1.368499994277954,1.3631000518798828,1.3650000095367432,6037.0
2024-09-16 11:46:00+00:00,GPRE,12.550000190734863,12.550000190734863,12.569999694824219,12.510000228881836,12.520000457763672,7112.0
2024-09-16 11:46:00+00:00,IOSP,109.62000274658203,109.62000274658203,109.62000274658203,109.61000061035156,109.61000061035156,607.0
2024-09-16 11:46:00+00:00,KALU,68.54000091552734,68.54000091552734,68.54000091552734,68.54000091552734,68.54000091552734,271.0
2024-09-16 11:46:00+00:00,LOOP,1.5119999647140503,1.5119999647140503,1.5119999647140503,1.5119999647140503,1.5119999647140503,0.0
2024-09-16 11:46:00+00:00,MEOH,38.209999084472656,38.209999084472656,38.209999084472656,38.209999084472656,38.209999084472656,263.0
2024-09-16 11:46:00+00:00,METC,9.789999961853027,9.789999961853027,9.799799919128418,9.789999961853027,9.789999961853027,749.0
2024-09-16 11:46:00+00:00,PAAS,21.229999542236328,21.229999542236328,21.235000610351562,21.219999313354492,21.229999542236328,3754.0
2024-09-16 11:46:00+00:00,PPTA,9.0,9.0,9.0,9.0,9.0,26.0
2024-09-16 11:46:00+00:00,SSRM,5.824999809265137,5.824999809265137,5.824999809265137,5.824999809265137,5.824999809265137,140.0
2024-09-16 11:46:00+00:00,STLD,111.38500213623047,111.38500213623047,111.41000366210938,111.33499908447266,111.33499908447266,4365.0
2024-09-16 11:46:00+00:00,TMC,1.125,1.125,1.1299999952316284,1.1200000047683716,1.1299999952316284,23473.0
2024-09-16 11:47:00+00:00,CENX,14.140000343322754,14.140000343322754,14.140000343322754,14.130000114440918,14.140000343322754,1890.0
2024-09-16 11:47:00+00:00,CNEY,0.6800000071525574,0.6800000071525574,0.6922000050544739,0.631600022315979,0.6898000240325928,654178.0
2024-09-16 11:47:00+00:00,GEVO,1.3650000095367432,1.3650000095367432,1.3700000047683716,1.3600000143051147,1.3650000095367432,16250.0
2024-09-16 11:47:00+00:00,GSM,4.159999847412109,4.159999847412109,4.159999847412109,4.159999847412109,4.159999847412109,1322.0
2024-09-16 11:47:00+00:00,HWKN,116.58999633789062,116.58999633789062,116.58999633789062,116.55999755859375,116.55999755859375,1078.0
2024-09-16 11:47:00+00:00,MEOH,38.22999954223633,38.22999954223633,38.22999954223633,38.22999954223633,38.22999954223633,101.0
2024-09-16 11:47:00+00:00,MERC,6.340000152587891,6.340000152587891,6.340000152587891,6.340000152587891,6.340000152587891,203.0
2024-09-16 11:47:00+00:00,METC,9.789999961853027,9.789999961853027,9.789999961853027,9.789999961853027,9.789999961853027,301.0
2024-09-16 11:47:00+00:00,PAAS,21.219999313354492,21.219999313354492,21.220500946044922,21.21500015258789,21.220500946044922,1382.0
2024-09-16 11:47:00+00:00,PLL,6.940000057220459,6.940000057220459,6.940000057220459,6.940000057220459,6.940000057220459,387.0
2024-09-16 11:47:00+00:00,RGLD,140.86000061035156,140.86000061035156,140.86000061035156,140.77499389648438,140.77499389648438,481.0
2024-09-16 11:47:00+00:00,SMID,34.8650016784668,34.8650016784668,35.09000015258789,34.8650016784668,35.09000015258789,439.0
2024-09-16 11:47:00+00:00,STLD,111.33999633789062,111.33999633789062,111.38500213623047,111.33000183105469,111.38500213623047,5154.0
2024-09-16 11:47:00+00:00,TMC,1.1299999952316284,1.1299999952316284,1.1299999952316284,1.128000020980835,1.1298999786376953,23706.0
2024-09-16 11:47:00+00:00,USLM,84.7300033569336,84.7300033569336,84.7300033569336,84.7300033569336,84.7300033569336,1375.0
2024-09-16 11:47:00+00:00,ZEUS,37.150001525878906,37.150001525878906,37.2400016784668,37.150001525878906,37.150001525878906,997.0
2024-09-16 11:48:00+00:00,ALTO,1.61080002784729,1.61080002784729,1.61080002784729,1.61080002784729,1.61080002784729,1900.0
2024-09-16 11:48:00+00:00,ASTL,10.15999984741211,10.15999984741211,10.15999984741211,10.149999618530273,10.149999618530273,1158.0
2024-09-16 11:48:00+00:00,CENX,14.145000457763672,14.145000457763672,14.145000457763672,14.145000457763672,14.145000457763672,538.0
2024-09-16 11:48:00+00:00,CNEY,0.6700000166893005,0.6700000166893005,0.7200000286102295,0.6700000166893005,0.6796000003814697,668916.0
2024-09-16 11:48:00+00:00,GEVO,1.3601000308990479,1.3601000308990479,1.3799999952316284,1.3601000308990479,1.3650000095367432,146658.0
2024-09-16 11:48:00+00:00,GPRE,12.5600004196167,12.5600004196167,12.569999694824219,12.5600004196167,12.569999694824219,2055.0
2024-09-16 11:48:00+00:00,GSM,4.170000076293945,4.170000076293945,4.170000076293945,4.164999961853027,4.164999961853027,1145.0
2024-09-16 11:48:00+00:00,GURE,0.9713000059127808,0.9713000059127808,0.9713000059127808,0.9713000059127808,0.9713000059127808,13386.0
2024-09-16 11:48:00+00:00,HDSN,7.885000228881836,7.885000228881836,7.885000228881836,7.885000228881836,7.885000228881836,339.0
2024-09-16 11:48:00+00:00,HWKN,116.87000274658203,116.87000274658203,116.9800033569336,116.87000274658203,116.9800033569336,771.0
2024-09-16 11:48:00+00:00,LITM,0.33000001311302185,0.33000001311302185,0.33000001311302185,0.33000001311302185,0.33000001311302185,1003.0
2024-09-16 11:48:00+00:00,LWLG,2.5299999713897705,2.5299999713897705,2.5350000858306885,2.5299999713897705,2.5299999713897705,1450.0
2024-09-16 11:48:00+00:00,MEOH,38.27000045776367,38.27000045776367,38.27000045776367,38.22999954223633,38.22999954223633,1782.0
2024-09-16 11:48:00+00:00,MERC,6.369999885559082,6.369999885559082,6.369999885559082,6.340000152587891,6.340000152587891,1042.0
2024-09-16 11:48:00+00:00,METC,9.795000076293945,9.795000076293945,9.795000076293945,9.795000076293945,9.795000076293945,270.0
2024-09-16 11:48:00+00:00,PAAS,21.229999542236328,21.229999542236328,21.229999542236328,21.21500015258789,21.225000381469727,3003.0
2024-09-16 11:48:00+00:00,PLL,6.929999828338623,6.929999828338623,6.929999828338623,6.929999828338623,6.929999828338623,140.0
2024-09-16 11:48:00+00:00,PPTA,9.005000114440918,9.005000114440918,9.005000114440918,9.005000114440918,9.005000114440918,1406.0
2024-09-16 11:48:00+00:00,SGML,10.119999885559082,10.119999885559082,10.119999885559082,10.119999885559082,10.119999885559082,200.0
2024-09-16 11:48:00+00:00,SSRM,5.829999923706055,5.829999923706055,5.829999923706055,5.829999923706055,5.829999923706055,2805.0
2024-09-16 11:48:00+00:00,STLD,111.4000015258789,111.4000015258789,111.4749984741211,111.33000183105469,111.33000183105469,7167.0
2024-09-16 11:48:00+00:00,TMC,1.1299999952316284,1.1299999952316284,1.1299999952316284,1.1200000047683716,1.1200000047683716,3611.0
2024-09-16 11:48:00+00:00,UFPI,122.8949966430664,122.8949966430664,122.8949966430664,122.8949966430664,122.8949966430664,1524.0
2024-09-16 11:49:00+00:00,ALTO,1.625,1.625,1.625,1.625,1.625,0.0
2024-09-16 11:49:00+00:00,CENX,14.145000457763672,14.145000457763672,14.145000457763672,14.145000457763672,14.145000457763672,306.0
2024-09-16 11:49:00+00:00,CNEY,0.6730999946594238,0.6730999946594238,0.6942999958992004,0.6700000166893005,0.6700999736785889,485960.0
2024-09-16 11:49:00+00:00,GEVO,1.3650000095367432,1.3650000095367432,1.3700000047683716,1.3650000095367432,1.3700000047683716,5800.0
2024-09-16 11:49:00+00:00,GPRE,12.579999923706055,12.579999923706055,12.579999923706055,12.579999923706055,12.579999923706055,501.0
2024-09-16 11:49:00+00:00,GSM,4.159999847412109,4.159999847412109,4.164999961853027,4.159999847412109,4.164999961853027,1456.0
2024-09-16 11:49:00+00:00,KALU,68.69000244140625,68.69000244140625,68.69000244140625,68.69000244140625,68.69000244140625,104.0
2024-09-16 11:49:00+00:00,LITM,0.33070001006126404,0.33070001006126404,0.33070001006126404,0.33070001006126404,0.33070001006126404,105.0
2024-09-16 11:49:00+00:00,LWLG,2.530900001525879,2.530900001525879,2.5350000858306885,2.530900001525879,2.5350000858306885,3284.0
2024-09-16 11:49:00+00:00,PAAS,21.235000610351562,21.235000610351562,21.235000610351562,21.225000381469727,21.226699829101562,5963.0
2024-09-16 11:49:00+00:00,PLL,6.929999828338623,6.929999828338623,6.929999828338623,6.929999828338623,6.929999828338623,814.0
2024-09-16 11:49:00+00:00,SGML,10.135000228881836,10.135000228881836,10.135000228881836,10.130000114440918,10.130000114440918,3228.0
2024-09-16 11:49:00+00:00,SSRM,5.835000038146973,5.835000038146973,5.835000038146973,5.835000038146973,5.835000038146973,242.0
2024-09-16 11:49:00+00:00,STLD,111.4000015258789,111.4000015258789,111.44999694824219,111.4000015258789,111.4000015258789,2308.0
2024-09-16 11:49:00+00:00,TMC,1.0901000499725342,1.0901000499725342,1.1299999952316284,1.0901000499725342,1.1299999952316284,71132.0
2024-09-16 11:49:00+00:00,USAU,5.73799991607666,5.73799991607666,5.73799991607666,5.73799991607666,5.73799991607666,423.0
2024-09-16 11:49:00+00:00,ZEUS,37.20000076293945,37.20000076293945,37.29999923706055,37.20000076293945,37.29999923706055,4531.0
2024-09-16 11:50:00+00:00,ASTL,10.154999732971191,10.154999732971191,10.154999732971191,10.154999732971191,10.154999732971191,300.0
2024-09-16 11:50:00+00:00,BIOX,8.619999885559082,8.619999885559082,8.619999885559082,8.619999885559082,8.619999885559082,2587.0
2024-09-16 11:50:00+00:00,CENX,14.130000114440918,14.130000114440918,14.130000114440918,14.130000114440918,14.130000114440918,332.0
2024-09-16 11:50:00+00:00,CNEY,0.6764000058174133,0.6764000058174133,0.6988999843597412,0.6704000234603882,0.6730999946594238,508087.0
2024-09-16 11:50:00+00:00,GEVO,1.3688000440597534,1.3688000440597534,1.3700000047683716,1.3601000308990479,1.3700000047683716,22617.0
2024-09-16 11:50:00+00:00,GSM,4.15500020980835,4.15500020980835,4.159999847412109,4.15500020980835,4.159999847412109,4058.0
2024-09-16 11:50:00+00:00,HDSN,7.885000228881836,7.885000228881836,7.885000228881836,7.885000228881836,7.885000228881836,644.0
2024-09-16 11:50:00+00:00,HYMC,2.625,2.625,2.625,2.625,2.625,333.0
2024-09-16 11:50:00+00:00,MEOH,38.2599983215332,38.2599983215332,38.2599983215332,38.2599983215332,38.2599983215332,446.0
2024-09-16 11:50:00+00:00,METC,9.779999732971191,9.779999732971191,9.779999732971191,9.779999732971191,9.779999732971191,475.0
2024-09-16 11:50:00+00:00,PAAS,21.209999084472656,21.209999084472656,21.235000610351562,21.209999084472656,21.235000610351562,7910.0
2024-09-16 11:50:00+00:00,PLL,6.930500030517578,6.930500030517578,6.940000057220459,6.930500030517578,6.940000057220459,628.0
2024-09-16 11:50:00+00:00,PPTA,9.020000457763672,9.020000457763672,9.020000457763672,9.020000457763672,9.020000457763672,453.0
2024-09-16 11:50:00+00:00,RGLD,140.69000244140625,140.69000244140625,140.7899932861328,140.69000244140625,140.7899932861328,1057.0
2024-09-16 11:50:00+00:00,SSRM,5.835000038146973,5.835000038146973,5.835000038146973,5.835000038146973,5.835000038146973,793.0
2024-09-16 11:50:00+00:00,STLD,111.4000015258789,111.4000015258789,111.41999816894531,111.3499984741211,111.4000015258789,1962.0
2024-09-16 11:50:00+00:00,TMC,1.100000023841858,1.100000023841858,1.100000023841858,1.090000033378601,1.0987000465393066,4658.0
2024-09-16 11:50:00+00:00,WDFC,259.54998779296875,259.54998779296875,259.54998779296875,259.54998779296875,259.54998779296875,1840.0
2024-09-16 11:51:00+00:00,ASTL,10.125,10.125,10.149999618530273,10.125,10.149999618530273,2780.0
2024-09-16 11:51:00+00:00,CENX,14.140000343322754,14.140000343322754,14.140000343322754,14.095000267028809,14.114999771118164,1578.0
2024-09-16 11:51:00+00:00,CNEY,0.6439999938011169,0.6439999938011169,0.6837999820709229,0.6200000047683716,0.6762999892234802,707808.0
2024-09-16 11:51:00+00:00,GEVO,1.364400029182434,1.364400029182434,1.3700000047683716,1.3600000143051147,1.3600000143051147,24472.0
2024-09-16 11:51:00+00:00,GPRE,12.579999923706055,12.579999923706055,12.579999923706055,12.5649995803833,12.5649995803833,896.0
2024-09-16 11:51:00+00:00,GSM,4.159999847412109,4.159999847412109,4.159999847412109,4.159999847412109,4.159999847412109,110.0
2024-09-16 11:51:00+00:00,GURE,0.9624999761581421,0.9624999761581421,0.9624999761581421,0.9624999761581421,0.9624999761581421,200.0
2024-09-16 11:51:00+00:00,IOSP,109.68000030517578,109.68000030517578,109.68000030517578,109.68000030517578,109.68000030517578,393.0
2024-09-16 11:51:00+00:00,KALU,68.8499984741211,68.8499984741211,68.8499984741211,68.8499984741211,68.8499984741211,152.0
2024-09-16 11:51:00+00:00,MEOH,38.290000915527344,38.290000915527344,38.290000915527344,38.25,38.255001068115234,1088.0
2024-09-16 11:51:00+00:00,MERC,6.360000133514404,6.360000133514404,6.360000133514404,6.360000133514404,6.360000133514404,315.0
2024-09-16 11:51:00+00:00,METC,9.779999732971191,9.779999732971191,9.780099868774414,9.779999732971191,9.780099868774414,2927.0
2024-09-16 11:51:00+00:00,PAAS,21.214000701904297,21.214000701904297,21.21500015258789,21.190000534057617,21.204999923706055,8410.0
2024-09-16 11:51:00+00:00,SSRM,5.829999923706055,5.829999923706055,5.829999923706055,5.824999809265137,5.829999923706055,1776.0
2024-09-16 11:51:00+00:00,STLD,111.375,111.375,111.4000015258789,111.375,111.4000015258789,1527.0
2024-09-16 11:51:00+00:00,TMC,1.1096999645233154,1.1096999645233154,1.1096999645233154,1.1088999509811401,1.1088999509811401,4299.0
2024-09-16 11:51:00+00:00,USAP,37.05500030517578,37.05500030517578,37.05500030517578,37.05500030517578,37.05500030517578,734.0
2024-09-16 11:52:00+00:00,ALTO,1.625,1.625,1.625,1.625,1.625,130.0
2024-09-16 11:52:00+00:00,CENX,14.15999984741211,14.15999984741211,14.15999984741211,14.149999618530273,14.149999618530273,624.0
2024-09-16 11:52:00+00:00,CNEY,0.6592000126838684,0.6592000126838684,0.6621000170707703,0.6218000054359436,0.6499999761581421,333286.0
2024-09-16 11:52:00+00:00,GEVO,1.368399977684021,1.368399977684021,1.368399977684021,1.3600000143051147,1.3650000095367432,3461.0
2024-09-16 11:52:00+00:00,GPRE,12.585000038146973,12.585000038146973,12.595000267028809,12.585000038146973,12.59000015258789,2203.0
2024-09-16 11:52:00+00:00,GURE,0.9649999737739563,0.9649999737739563,0.9649999737739563,0.9501000046730042,0.9501000046730042,112.0
2024-09-16 11:52:00+00:00,HDSN,7.869999885559082,7.869999885559082,7.885000228881836,7.869999885559082,7.885000228881836,1685.0
2024-09-16 11:52:00+00:00,KALU,68.91000366210938,68.91000366210938,69.12000274658203,68.91000366210938,69.01000213623047,2076.0
2024-09-16 11:52:00+00:00,LGO,1.7450000047683716,1.7450000047683716,1.7450000047683716,1.7450000047683716,1.7450000047683716,2871.0
2024-09-16 11:52:00+00:00,MEOH,38.31999969482422,38.31999969482422,38.31999969482422,38.31999969482422,38.31999969482422,105.0
2024-09-16 11:52:00+00:00,METC,9.797300338745117,9.797300338745117,9.797300338745117,9.797300338745117,9.797300338745117,1896.0
2024-09-16 11:52:00+00:00,ORGN,1.5199999809265137,1.5199999809265137,1.5199999809265137,1.5199999809265137,1.5199999809265137,548.0
2024-09-16 11:52:00+00:00,PAAS,21.21500015258789,21.21500015258789,21.21500015258789,21.209999084472656,21.21500015258789,827.0
2024-09-16 11:52:00+00:00,PLL,6.96999979019165,6.96999979019165,6.96999979019165,6.940000057220459,6.940000057220459,2552.0
2024-09-16 11:52:00+00:00,PPTA,9.045000076293945,9.045000076293945,9.069899559020996,9.045000076293945,9.069899559020996,524.0
2024-09-16 11:52:00+00:00,SMID,35.23249816894531,35.23249816894531,35.23249816894531,35.23249816894531,35.23249816894531,251.0
2024-09-16 11:52:00+00:00,SSRM,5.835000038146973,5.835000038146973,5.835000038146973,5.835000038146973,5.835000038146973,368.0
2024-09-16 11:52:00+00:00,STLD,111.41999816894531,111.41999816894531,111.41999816894531,111.4000015258789,111.4000015258789,959.0
2024-09-16 11:52:00+00:00,TMC,1.1100000143051147,1.1100000143051147,1.1100000143051147,1.1045000553131104,1.1100000143051147,13984.0
2024-09-16 11:53:00+00:00,CENX,14.170000076293945,14.170000076293945,14.180000305175781,14.164999961853027,14.164999961853027,880.0
2024-09-16 11:53:00+00:00,CNEY,0.6682000160217285,0.6682000160217285,0.6800000071525574,0.6525999903678894,0.6592000126838684,392391.0
2024-09-16 11:53:00+00:00,GEVO,1.3600000143051147,1.3600000143051147,1.3700000047683716,1.3600000143051147,1.3601000308990479,24968.0
2024-09-16 11:53:00+00:00,GSM,4.15500020980835,4.15500020980835,4.15500020980835,4.15500020980835,4.15500020980835,398.0
2024-09-16 11:53:00+00:00,HDSN,7.864999771118164,7.864999771118164,7.869999885559082,7.864999771118164,7.869999885559082,1184.0
2024-09-16 11:53:00+00:00,LWLG,2.5350000858306885,2.5350000858306885,2.5350000858306885,2.5350000858306885,2.5350000858306885,2296.0
2024-09-16 11:53:00+00:00,MEOH,38.31999969482422,38.31999969482422,38.31999969482422,38.31999969482422,38.31999969482422,312.0
2024-09-16 11:53:00+00:00,MERC,6.360000133514404,6.360000133514404,6.360000133514404,6.360000133514404,6.360000133514404,510.0
2024-09-16 11:53:00+00:00,PAAS,21.200000762939453,21.200000762939453,21.225000381469727,21.200000762939453,21.21500015258789,15832.0
2024-09-16 11:53:00+00:00,PPTA,9.050000190734863,9.050000190734863,9.069899559020996,9.029999732971191,9.069899559020996,1710.0
2024-09-16 11:53:00+00:00,STLD,111.52999877929688,111.52999877929688,111.52999877929688,111.41999816894531,111.41999816894531,4163.0
2024-09-16 11:53:00+00:00,TMC,1.090000033378601,1.090000033378601,1.1100000143051147,1.090000033378601,1.1050000190734863,18576.0
2024-09-16 11:54:00+00:00,AREC,0.4812999963760376,0.4812999963760376,0.4812999963760376,0.4812999963760376,0.4812999963760376,500.0
2024-09-16 11:54:00+00:00,CNEY,0.6590999960899353,0.6590999960899353,0.6800000071525574,0.6528000235557556,0.6674000024795532,248110.0
2024-09-16 11:54:00+00:00,GEVO,1.3799999952316284,1.3799999952316284,1.3799999952316284,1.3650000095367432,1.3650000095367432,69557.0
2024-09-16 11:54:00+00:00,GPRE,12.579999923706055,12.579999923706055,12.579999923706055,12.5649995803833,12.579999923706055,3268.0
2024-09-16 11:54:00+00:00,GSM,4.159999847412109,4.159999847412109,4.159999847412109,4.159999847412109,4.159999847412109,1553.0
2024-09-16 11:54:00+00:00,LWLG,2.5450000762939453,2.5450000762939453,2.5450000762939453,2.5350000858306885,2.5350000858306885,2486.0
2024-09-16 11:54:00+00:00,MEOH,38.279998779296875,38.279998779296875,38.33000183105469,38.279998779296875,38.32500076293945,1036.0
2024-09-16 11:54:00+00:00,METC,9.824999809265137,9.824999809265137,9.829999923706055,9.824999809265137,9.829999923706055,737.0
2024-09-16 11:54:00+00:00,PAAS,21.239999771118164,21.239999771118164,21.239999771118164,21.204999923706055,21.204999923706055,16470.0
2024-09-16 11:54:00+00:00,PLL,6.980000019073486,6.980000019073486,6.980000019073486,6.980000019073486,6.980000019073486,642.0
2024-09-16 11:54:00+00:00,PPTA,9.074999809265137,9.074999809265137,9.074999809265137,9.069999694824219,9.069999694824219,757.0
2024-09-16 11:54:00+00:00,RGLD,140.86529541015625,140.86529541015625,140.86529541015625,140.86529541015625,140.86529541015625,278.0
2024-09-16 11:54:00+00:00,SSRM,5.840000152587891,5.840000152587891,5.840000152587891,5.835000038146973,5.835000038146973,1067.0
2024-09-16 11:54:00+00:00,STLD,111.58499908447266,111.58499908447266,111.65499877929688,111.55000305175781,111.55000305175781,1322.0
2024-09-16 11:54:00+00:00,TMC,1.0800000429153442,1.0800000429153442,1.0950000286102295,1.0800000429153442,1.0950000286102295,16219.0
2024-09-16 11:54:00+00:00,UFPI,122.51000213623047,122.51000213623047,122.73999786376953,122.51000213623047,122.73999786376953,1648.0
2024-09-16 11:54:00+00:00,USAU,5.769999980926514,5.769999980926514,5.769999980926514,5.769999980926514,5.769999980926514,2392.0
2024-09-16 11:55:00+00:00,ASTL,10.130000114440918,10.130000114440918,10.130000114440918,10.130000114440918,10.130000114440918,422.0
2024-09-16 11:55:00+00:00,CENX,14.15999984741211,14.15999984741211,14.180000305175781,14.15999984741211,14.180000305175781,1116.0
2024-09-16 11:55:00+00:00,CNEY,0.6912000179290771,0.6912000179290771,0.692799985408783,0.654699981212616,0.6664000153541565,369047.0
2024-09-16 11:55:00+00:00,GEVO,1.38919997215271,1.38919997215271,1.3899999856948853,1.3700000047683716,1.37909996509552,112716.0
2024-09-16 11:55:00+00:00,GSM,4.159999847412109,4.159999847412109,4.159999847412109,4.15500020980835,4.159999847412109,2719.0
2024-09-16 11:55:00+00:00,LGO,1.7599999904632568,1.7599999904632568,1.7599999904632568,1.75,1.75,0.0
2024-09-16 11:55:00+00:00,LWLG,2.5499000549316406,2.5499000549316406,2.5499000549316406,2.5499000549316406,2.5499000549316406,2000.0
2024-09-16 11:55:00+00:00,MEOH,38.27000045776367,38.27000045776367,38.27000045776367,38.27000045776367,38.27000045776367,417.0
2024-09-16 11:55:00+00:00,METC,9.800000190734863,9.800000190734863,9.819999694824219,9.795000076293945,9.819999694824219,1746.0
2024-09-16 11:55:00+00:00,PAAS,21.219999313354492,21.219999313354492,21.239999771118164,21.219999313354492,21.233999252319336,13876.0
2024-09-16 11:55:00+00:00,PLL,6.960000038146973,6.960000038146973,6.974999904632568,6.960000038146973,6.974999904632568,2003.0
2024-09-16 11:55:00+00:00,PPTA,9.03499984741211,9.03499984741211,9.039999961853027,9.020000457763672,9.039999961853027,1404.0
2024-09-16 11:55:00+00:00,RGLD,140.8800048828125,140.8800048828125,140.8800048828125,140.8800048828125,140.8800048828125,777.0
2024-09-16 11:55:00+00:00,SEED,2.569999933242798,2.569999933242798,2.569999933242798,2.569999933242798,2.569999933242798,20981.0
2024-09-16 11:55:00+00:00,STLD,111.48999786376953,111.48999786376953,111.58999633789062,111.48999786376953,111.58999633789062,2459.0
2024-09-16 11:55:00+00:00,TMC,1.0700000524520874,1.0700000524520874,1.0997999906539917,1.059999942779541,1.0997999906539917,21055.0
2024-09-16 11:55:00+00:00,ZEUS,37.119998931884766,37.119998931884766,37.119998931884766,37.119998931884766,37.119998931884766,776.0
2024-09-16 11:56:00+00:00,ASTL,10.119999885559082,10.119999885559082,10.125,10.119999885559082,10.125,817.0
2024-09-16 11:56:00+00:00,CNEY,0.699999988079071,0.699999988079071,0.7200000286102295,0.6704000234603882,0.6800000071525574,804977.0
2024-09-16 11:56:00+00:00,GEVO,1.3899999856948853,1.3899999856948853,1.3899999856948853,1.3799999952316284,1.388800024986267,49450.0
2024-09-16 11:56:00+00:00,GPRE,12.59000015258789,12.59000015258789,12.59000015258789,12.579999923706055,12.579999923706055,578.0
2024-09-16 11:56:00+00:00,HWKN,116.91500091552734,116.91500091552734,116.91500091552734,116.91500091552734,116.91500091552734,225.0
2024-09-16 11:56:00+00:00,HYMC,2.610100030899048,2.610100030899048,2.610100030899048,2.610100030899048,2.610100030899048,150.0
2024-09-16 11:56:00+00:00,KALU,69.05000305175781,69.05000305175781,69.05000305175781,69.05000305175781,69.05000305175781,122.0
2024-09-16 11:56:00+00:00,LOOP,1.5449999570846558,1.5449999570846558,1.5449999570846558,1.5449999570846558,1.5449999570846558,162.0
2024-09-16 11:56:00+00:00,LWLG,2.5450000762939453,2.5450000762939453,2.5450000762939453,2.5450000762939453,2.5450000762939453,0.0
2024-09-16 11:56:00+00:00,METC,9.800000190734863,9.800000190734863,9.8100004196167,9.800000190734863,9.8100004196167,1100.0
2024-09-16 11:56:00+00:00,PAAS,21.225000381469727,21.225000381469727,21.225000381469727,21.219999313354492,21.219999313354492,956.0
2024-09-16 11:56:00+00:00,STLD,111.53500366210938,111.53500366210938,111.54000091552734,111.51000213623047,111.51000213623047,1111.0
2024-09-16 11:56:00+00:00,TMC,1.059999942779541,1.059999942779541,1.0608999729156494,1.059999942779541,1.0608999729156494,3029.0
2024-09-16 11:57:00+00:00,BCPC,171.5500030517578,171.5500030517578,171.5500030517578,171.5500030517578,171.5500030517578,124.0
2024-09-16 11:57:00+00:00,CENX,14.170000076293945,14.170000076293945,14.170000076293945,14.170000076293945,14.170000076293945,794.0
2024-09-16 11:57:00+00:00,CNEY,0.6951000094413757,0.6951000094413757,0.7239000201225281,0.6905999779701233,0.7121999859809875,537776.0
2024-09-16 11:57:00+00:00,GEVO,1.4010000228881836,1.4010000228881836,1.409999966621399,1.3804999589920044,1.3804999589920044,186066.0
2024-09-16 11:57:00+00:00,GPRE,12.619999885559082,12.619999885559082,12.630000114440918,12.619999885559082,12.630000114440918,747.0
2024-09-16 11:57:00+00:00,GSM,4.15500020980835,4.15500020980835,4.15500020980835,4.15500020980835,4.15500020980835,136.0
2024-09-16 11:57:00+00:00,LITM,0.3269999921321869,0.3269999921321869,0.3269999921321869,0.3269999921321869,0.3269999921321869,855.0
2024-09-16 11:57:00+00:00,METC,9.819999694824219,9.819999694824219,9.819999694824219,9.8100004196167,9.819999694824219,1091.0
2024-09-16 11:57:00+00:00,PAAS,21.229999542236328,21.229999542236328,21.2450008392334,21.225000381469727,21.225000381469727,7813.0
2024-09-16 11:57:00+00:00,PLL,6.954599857330322,6.954599857330322,6.954599857330322,6.954599857330322,6.954599857330322,1002.0
2024-09-16 11:57:00+00:00,PPTA,9.050000190734863,9.050000190734863,9.050000190734863,9.050000190734863,9.050000190734863,1569.0
2024-09-16 11:57:00+00:00,RGLD,140.69000244140625,140.69000244140625,140.69000244140625,140.69000244140625,140.69000244140625,206.0
2024-09-16 11:57:00+00:00,SGML,10.130000114440918,10.130000114440918,10.130000114440918,10.130000114440918,10.130000114440918,507.0
2024-09-16 11:57:00+00:00,SSRM,5.849999904632568,5.849999904632568,5.849999904632568,5.835000038146973,5.835000038146973,16181.0
2024-09-16 11:57:00+00:00,STLD,111.58000183105469,111.58000183105469,111.58000183105469,111.53500366210938,111.53500366210938,1659.0
2024-09-16 11:57:00+00:00,TMC,1.059999942779541,1.059999942779541,1.069000005722046,1.059999942779541,1.069000005722046,8725.0
2024-09-16 11:57:00+00:00,UFPI,122.68000030517578,122.68000030517578,122.68000030517578,122.68000030517578,122.68000030517578,247.0
2024-09-16 11:58:00+00:00,ALTO,1.6299999952316284,1.6299999952316284,1.6299999952316284,1.6299999952316284,1.6299999952316284,1022.0
2024-09-16 11:58:00+00:00,ASTL,10.125,10.125,10.125,10.125,10.125,623.0
2024-09-16 11:58:00+00:00,BCPC,171.55999755859375,171.55999755859375,171.55999755859375,171.55999755859375,171.55999755859375,372.0
2024-09-16 11:58:00+00:00,CENX,14.170000076293945,14.170000076293945,14.175000190734863,14.170000076293945,14.175000190734863,1175.0
2024-09-16 11:58:00+00:00,CNEY,0.6883000135421753,0.6883000135421753,0.7092000246047974,0.6840000152587891,0.6951000094413757,439978.0
2024-09-16 11:58:00+00:00,ELBM,0.6151000261306763,0.6151000261306763,0.6151000261306763,0.6151000261306763,0.6151000261306763,28787.0
2024-09-16 11:58:00+00:00,GEVO,1.409999966621399,1.409999966621399,1.409999966621399,1.399999976158142,1.4098999500274658,89016.0
2024-09-16 11:58:00+00:00,GPRE,12.614999771118164,12.614999771118164,12.619999885559082,12.614999771118164,12.619999885559082,1345.0
2024-09-16 11:58:00+00:00,GSM,4.15500020980835,4.15500020980835,4.15500020980835,4.15500020980835,4.15500020980835,375.0
2024-09-16 11:58:00+00:00,IOSP,109.97000122070312,109.97000122070312,109.97000122070312,109.6500015258789,109.6500015258789,1167.0
2024-09-16 11:58:00+00:00,KALU,69.05999755859375,69.05999755859375,69.06500244140625,68.88999938964844,69.06500244140625,1221.0
2024-09-16 11:58:00+00:00,LGO,1.7541999816894531,1.7541999816894531,1.7541999816894531,1.7541999816894531,1.7541999816894531,2600.0
2024-09-16 11:58:00+00:00,LWLG,2.5450000762939453,2.5450000762939453,2.5450000762939453,2.5450000762939453,2.5450000762939453,1041.0
2024-09-16 11:58:00+00:00,MERC,6.355000019073486,6.355000019073486,6.360000133514404,6.355000019073486,6.360000133514404,2216.0
2024-09-16 11:58:00+00:00,METC,9.800000190734863,9.800000190734863,9.8100004196167,9.800000190734863,9.8100004196167,442.0
2024-09-16 11:58:00+00:00,PAAS,21.204999923706055,21.204999923706055,21.219999313354492,21.204999923706055,21.219999313354492,2395.0
2024-09-16 11:58:00+00:00,PLL,6.96999979019165,6.96999979019165,6.96999979019165,6.96999979019165,6.96999979019165,793.0
2024-09-16 11:58:00+00:00,RGLD,140.91000366210938,140.91000366210938,140.91000366210938,140.77999877929688,140.77999877929688,2251.0
2024-09-16 11:58:00+00:00,TMC,1.059999942779541,1.059999942779541,1.069000005722046,1.059999942779541,1.069000005722046,1200.0
2024-09-16 11:58:00+00:00,USAP,36.920101165771484,36.920101165771484,36.920101165771484,36.920101165771484,36.920101165771484,1063.0
2024-09-16 11:58:00+00:00,ZEUS,37.099998474121094,37.099998474121094,37.099998474121094,37.099998474121094,37.099998474121094,696.0
2024-09-16 11:59:00+00:00,CENX,14.170000076293945,14.170000076293945,14.179900169372559,14.170000076293945,14.179900169372559,1333.0
2024-09-16 11:59:00+00:00,CNEY,0.6787999868392944,0.6787999868392944,0.6859999895095825,0.6570000052452087,0.6832000017166138,414277.0
2024-09-16 11:59:00+00:00,GEVO,1.4049999713897705,1.4049999713897705,1.409999966621399,1.399999976158142,1.409000039100647,30242.0
2024-09-16 11:59:00+00:00,GPRE,12.609999656677246,12.609999656677246,12.659899711608887,12.609999656677246,12.619999885559082,8201.0
2024-09-16 11:59:00+00:00,HDSN,7.860000133514404,7.860000133514404,7.860000133514404,7.860000133514404,7.860000133514404,239.0
2024-09-16 11:59:00+00:00,LITM,0.3269999921321869,0.3269999921321869,0.3269999921321869,0.3269999921321869,0.3269999921321869,662.0
2024-09-16 11:59:00+00:00,LWLG,2.5399999618530273,2.5399999618530273,2.5399999618530273,2.5399999618530273,2.5399999618530273,266.0
2024-09-16 11:59:00+00:00,MEOH,38.22999954223633,38.22999954223633,38.25,38.22999954223633,38.25,1276.0
2024-09-16 11:59:00+00:00,MERC,6.349999904632568,6.349999904632568,6.355000019073486,6.349999904632568,6.355000019073486,1642.0
2024-09-16 11:59:00+00:00,METC,9.805999755859375,9.805999755859375,9.807999610900879,9.805999755859375,9.807999610900879,912.0
2024-09-16 11:59:00+00:00,PAAS,21.19499969482422,21.19499969482422,21.200000762939453,21.19499969482422,21.19499969482422,2121.0
2024-09-16 11:59:00+00:00,PLL,6.980000019073486,6.980000019073486,6.980000019073486,6.980000019073486,6.980000019073486,423.0
2024-09-16 11:59:00+00:00,RGLD,140.86000061035156,140.86000061035156,140.86000061035156,140.86000061035156,140.86000061035156,584.0
2024-09-16 11:59:00+00:00,SGML,10.130000114440918,10.130000114440918,10.130000114440918,10.130000114440918,10.130000114440918,3431.0
2024-09-16 11:59:00+00:00,STLD,111.53500366210938,111.53500366210938,111.53500366210938,111.53500366210938,111.53500366210938,487.0
2024-09-16 11:59:00+00:00,TMC,1.059999942779541,1.059999942779541,1.0700000524520874,1.059999942779541,1.0700000524520874,149.0
2024-09-16 11:59:00+00:00,ZEUS,37.04999923706055,37.04999923706055,37.04999923706055,37.04999923706055,37.04999923706055,1592.0
2024-09-16 12:00:00+00:00,AREC,0.4812000095844269,0.4812000095844269,0.4812000095844269,0.4812000095844269,0.4812000095844269,67.0
2024-09-16 12:00:00+00:00,CENX,14.149999618530273,14.149999618530273,14.149999618530273,14.149999618530273,14.149999618530273,1021.0
2024-09-16 12:00:00+00:00,CNEY,0.6614000201225281,0.6614000201225281,0.6787999868392944,0.6600000262260437,0.6786999702453613,193427.0
2024-09-16 12:00:00+00:00,GEVO,1.3949999809265137,1.3949999809265137,1.409999966621399,1.3899999856948853,1.4088000059127808,86779.0
2024-09-16 12:00:00+00:00,GPRE,12.609999656677246,12.609999656677246,12.609999656677246,12.609999656677246,12.609999656677246,634.0
2024-09-16 12:00:00+00:00,HYMC,2.610599994659424,2.610599994659424,2.610599994659424,2.610599994659424,2.610599994659424,3068.0
2024-09-16 12:00:00+00:00,PAAS,21.2106990814209,21.2106990814209,21.229999542236328,21.200000762939453,21.200000762939453,5328.0
2024-09-16 12:00:00+00:00,PLL,6.980000019073486,6.980000019073486,6.980000019073486,6.980000019073486,6.980000019073486,543.0
2024-09-16 12:00:00+00:00,SSRM,5.84499979019165,5.84499979019165,5.84499979019165,5.84499979019165,5.84499979019165,856.0
2024-09-16 12:00:00+00:00,STLD,111.53500366210938,111.53500366210938,111.53500366210938,111.5,111.53500366210938,674.0
2024-09-16 12:00:00+00:00,TMC,1.089400053024292,1.089400053024292,1.089400053024292,1.059999942779541,1.0688999891281128,12507.0
2024-09-16 12:01:00+00:00,ALTO,1.6299999952316284,1.6299999952316284,1.6299999952316284,1.6299999952316284,1.6299999952316284,499.0
2024-09-16 12:01:00+00:00,BCPC,171.72000122070312,171.72000122070312,171.72000122070312,171.72000122070312,171.72000122070312,1936.0
2024-09-16 12:01:00+00:00,CNEY,0.6520000100135803,0.6520000100135803,0.6658999919891357,0.6317999958992004,0.6600000262260437,441812.0
2024-09-16 12:01:00+00:00,GEVO,1.388700008392334,1.388700008392334,1.3910000324249268,1.381700038909912,1.3901000022888184,44147.0
2024-09-16 12:01:00+00:00,GPRE,12.619999885559082,12.619999885559082,12.619999885559082,12.619999885559082,12.619999885559082,2147.0
2024-09-16 12:01:00+00:00,IOSP,109.97000122070312,109.97000122070312,109.9800033569336,109.94999694824219,109.97000122070312,1010.0
2024-09-16 12:01:00+00:00,LWLG,2.54830002784729,2.54830002784729,2.54830002784729,2.54830002784729,2.54830002784729,514.0
2024-09-16 12:01:00+00:00,MERC,6.355000019073486,6.355000019073486,6.355000019073486,6.355000019073486,6.355000019073486,401.0
2024-09-16 12:01:00+00:00,METC,9.850000381469727,9.850000381469727,9.850000381469727,9.850000381469727,9.850000381469727,339.0
2024-09-16 12:01:00+00:00,ORGN,1.5149999856948853,1.5149999856948853,1.5149999856948853,1.5149999856948853,1.5149999856948853,846.0
2024-09-16 12:01:00+00:00,PAAS,21.209999084472656,21.209999084472656,21.209999084472656,21.200000762939453,21.209999084472656,1529.0
2024-09-16 12:01:00+00:00,PLL,6.989999771118164,6.989999771118164,6.989999771118164,6.983799934387207,6.983799934387207,812.0
2024-09-16 12:01:00+00:00,RGLD,140.8699951171875,140.8699951171875,140.8699951171875,140.8699951171875,140.8699951171875,338.0
2024-09-16 12:01:00+00:00,SGML,10.09000015258789,10.09000015258789,10.100000381469727,10.09000015258789,10.100000381469727,2837.0
2024-09-16 12:01:00+00:00,TMC,1.0800000429153442,1.0800000429153442,1.0850000381469727,1.0800000429153442,1.0850000381469727,2385.0
2024-09-16 12:02:00+00:00,ASTL,10.140000343322754,10.140000343322754,10.140000343322754,10.140000343322754,10.140000343322754,410.0
2024-09-16 12:02:00+00:00,CENX,14.130000114440918,14.130000114440918,14.130000114440918,14.130000114440918,14.130000114440918,993.0
2024-09-16 12:02:00+00:00,CNEY,0.6694999933242798,0.6694999933242798,0.673799991607666,0.6520000100135803,0.6560999751091003,193557.0
2024-09-16 12:02:00+00:00,GEVO,1.3650000095367432,1.3650000095367432,1.3882999420166016,1.3600000143051147,1.3849999904632568,48894.0
2024-09-16 12:02:00+00:00,GPRE,12.630000114440918,12.630000114440918,12.630000114440918,12.625,12.625,323.0
2024-09-16 12:02:00+00:00,GSM,4.15500020980835,4.15500020980835,4.15500020980835,4.15500020980835,4.15500020980835,185.0
2024-09-16 12:02:00+00:00,HDSN,7.864999771118164,7.864999771118164,7.864999771118164,7.864999771118164,7.864999771118164,153.0
2024-09-16 12:02:00+00:00,IOSP,109.94499969482422,109.94499969482422,109.94499969482422,109.94499969482422,109.94499969482422,101.0
2024-09-16 12:02:00+00:00,KALU,69.03500366210938,69.03500366210938,69.03500366210938,69.03500366210938,69.03500366210938,126.0
2024-09-16 12:02:00+00:00,LWLG,2.5490000247955322,2.5490000247955322,2.5490000247955322,2.5490000247955322,2.5490000247955322,361.0
2024-09-16 12:02:00+00:00,METC,9.789999961853027,9.789999961853027,9.850000381469727,9.789999961853027,9.850000381469727,7185.0
2024-09-16 12:02:00+00:00,PAAS,21.19499969482422,21.19499969482422,21.200000762939453,21.19499969482422,21.200000762939453,3583.0
2024-09-16 12:02:00+00:00,PLL,6.980000019073486,6.980000019073486,6.999800205230713,6.980000019073486,6.999800205230713,732.0
2024-09-16 12:02:00+00:00,RGLD,140.8000030517578,140.8000030517578,140.8000030517578,140.8000030517578,140.8000030517578,410.0
2024-09-16 12:02:00+00:00,SGML,10.109999656677246,10.109999656677246,10.119999885559082,10.109999656677246,10.119999885559082,1890.0
2024-09-16 12:02:00+00:00,SMID,34.93920135498047,34.93920135498047,34.93920135498047,34.93920135498047,34.93920135498047,3667.0
2024-09-16 12:02:00+00:00,SSRM,5.840000152587891,5.840000152587891,5.840000152587891,5.840000152587891,5.840000152587891,2274.0
2024-09-16 12:02:00+00:00,STLD,111.53500366210938,111.53500366210938,111.53500366210938,111.53500366210938,111.53500366210938,184.0
2024-09-16 12:02:00+00:00,TMC,1.0750000476837158,1.0750000476837158,1.079800009727478,1.0700000524520874,1.0700000524520874,21777.0
2024-09-16 12:03:00+00:00,ALTO,1.6299999952316284,1.6299999952316284,1.6299999952316284,1.624899983406067,1.624899983406067,3426.0
2024-09-16 12:03:00+00:00,ASTL,10.145000457763672,10.145000457763672,10.145000457763672,10.145000457763672,10.145000457763672,143.0
2024-09-16 12:03:00+00:00,BIOX,8.680000305175781,8.680000305175781,8.680000305175781,8.680000305175781,8.680000305175781,429.0
2024-09-16 12:03:00+00:00,CNEY,0.6567999720573425,0.6567999720573425,0.6689000129699707,0.652999997138977,0.6600000262260437,211059.0
2024-09-16 12:03:00+00:00,CRKN,1.3504999876022339,1.3504999876022339,1.3504999876022339,1.3504999876022339,1.3504999876022339,2764.0
2024-09-16 12:03:00+00:00,GEVO,1.3615000247955322,1.3615000247955322,1.3698999881744385,1.3600000143051147,1.36899995803833,39151.0
2024-09-16 12:03:00+00:00,GPRE,12.630000114440918,12.630000114440918,12.630000114440918,12.630000114440918,12.630000114440918,363.0
2024-09-16 12:03:00+00:00,HWKN,117.11000061035156,117.11000061035156,117.11000061035156,117.11000061035156,117.11000061035156,1476.0
2024-09-16 12:03:00+00:00,HYMC,2.619999885559082,2.619999885559082,2.619999885559082,2.619999885559082,2.619999885559082,607.0
2024-09-16 12:03:00+00:00,IOSP,109.99500274658203,109.99500274658203,109.99500274658203,109.99500274658203,109.99500274658203,237.0
2024-09-16 12:03:00+00:00,MERC,6.360000133514404,6.360000133514404,6.360000133514404,6.360000133514404,6.360000133514404,369.0
2024-09-16 12:03:00+00:00,METC,9.800000190734863,9.800000190734863,9.800000190734863,9.800000190734863,9.800000190734863,0.0
2024-09-16 12:03:00+00:00,PAAS,21.184999465942383,21.184999465942383,21.19499969482422,21.174999237060547,21.19499969482422,11345.0
2024-09-16 12:03:00+00:00,PLL,6.989999771118164,6.989999771118164,6.989999771118164,6.96999979019165,6.96999979019165,794.0
2024-09-16 12:03:00+00:00,PPTA,9.029999732971191,9.029999732971191,9.050000190734863,9.029999732971191,9.050000190734863,3171.0
2024-09-16 12:03:00+00:00,SGML,10.094599723815918,10.094599723815918,10.094599723815918,10.093999862670898,10.093999862670898,913.0
2024-09-16 12:03:00+00:00,STLD,111.48999786376953,111.48999786376953,111.54000091552734,111.48999786376953,111.54000091552734,591.0
2024-09-16 12:03:00+00:00,TMC,1.0800000429153442,1.0800000429153442,1.0800000429153442,1.0800000429153442,1.0800000429153442,1264.0
2024-09-16 12:04:00+00:00,ALTO,1.6100000143051147,1.6100000143051147,1.6200000047683716,1.6100000143051147,1.6200000047683716,1095.0
2024-09-16 12:04:00+00:00,ASTL,10.145000457763672,10.145000457763672,10.145000457763672,10.145000457763672,10.145000457763672,350.0
2024-09-16 12:04:00+00:00,CENX,14.100000381469727,14.100000381469727,14.119999885559082,14.100000381469727,14.109999656677246,843.0
2024-09-16 12:04:00+00:00,CNEY,0.6628999710083008,0.6628999710083008,0.6679999828338623,0.6531000137329102,0.6597999930381775,198977.0
2024-09-16 12:04:00+00:00,GEVO,1.3650000095367432,1.3650000095367432,1.3700000047683716,1.3600000143051147,1.3698999881744385,19699.0
2024-09-16 12:04:00+00:00,GPRE,12.600000381469727,12.600000381469727,12.619999885559082,12.600000381469727,12.619999885559082,2378.0
2024-09-16 12:04:00+00:00,HDSN,7.855000019073486,7.855000019073486,7.860000133514404,7.855000019073486,7.860000133514404,576.0
2024-09-16 12:04:00+00:00,IOSP,109.88999938964844,109.88999938964844,109.88999938964844,109.88999938964844,109.88999938964844,300.0
2024-09-16 12:04:00+00:00,LITM,0.3269999921321869,0.3269999921321869,0.32710000872612,0.3269999921321869,0.32710000872612,10308.0
2024-09-16 12:04:00+00:00,LWLG,2.5399999618530273,2.5399999618530273,2.5399999618530273,2.5399999618530273,2.5399999618530273,1580.0
2024-09-16 12:04:00+00:00,MEOH,38.224998474121094,38.224998474121094,38.224998474121094,38.224998474121094,38.224998474121094,408.0
2024-09-16 12:04:00+00:00,MERC,6.349999904632568,6.349999904632568,6.349999904632568,6.349999904632568,6.349999904632568,1963.0
2024-09-16 12:04:00+00:00,ORGN,1.5199999809265137,1.5199999809265137,1.5199999809265137,1.5199999809265137,1.5199999809265137,870.0
2024-09-16 12:04:00+00:00,PAAS,21.16320037841797,21.16320037841797,21.179500579833984,21.15999984741211,21.170000076293945,5044.0
2024-09-16 12:04:00+00:00,PLL,6.960000038146973,6.960000038146973,6.96999979019165,6.960000038146973,6.96999979019165,707.0
2024-09-16 12:04:00+00:00,PPTA,9.050000190734863,9.050000190734863,9.050000190734863,9.050000190734863,9.050000190734863,9.0
2024-09-16 12:04:00+00:00,RGLD,140.67999267578125,140.67999267578125,140.67999267578125,140.58999633789062,140.64999389648438,1387.0
2024-09-16 12:04:00+00:00,SGML,10.070500373840332,10.070500373840332,10.09000015258789,10.070500373840332,10.09000015258789,3099.0
2024-09-16 12:04:00+00:00,SSRM,5.829999923706055,5.829999923706055,5.835000038146973,5.829999923706055,5.831099987030029,977.0
2024-09-16 12:04:00+00:00,STLD,111.36000061035156,111.36000061035156,111.48999786376953,111.36000061035156,111.48999786376953,4775.0
2024-09-16 12:04:00+00:00,TMC,1.0800000429153442,1.0800000429153442,1.0800000429153442,1.0750000476837158,1.0750000476837158,804.0
2024-09-16 12:05:00+00:00,ASTL,10.145000457763672,10.145000457763672,10.145000457763672,10.145000457763672,10.145000457763672,668.0
2024-09-16 12:05:00+00:00,CENX,14.119999885559082,14.119999885559082,14.119999885559082,14.09000015258789,14.09000015258789,2326.0
2024-09-16 12:05:00+00:00,CNEY,0.6861000061035156,0.6861000061035156,0.7056000232696533,0.6628999710083008,0.6628999710083008,680861.0
2024-09-16 12:05:00+00:00,GEVO,1.3550000190734863,1.3550000190734863,1.3700000047683716,1.350000023841858,1.3700000047683716,264139.0
2024-09-16 12:05:00+00:00,GPRE,12.59000015258789,12.59000015258789,12.59000015258789,12.59000015258789,12.59000015258789,806.0
2024-09-16 12:05:00+00:00,GSM,4.150000095367432,4.150000095367432,4.150300025939941,4.150000095367432,4.150000095367432,1192.0
2024-09-16 12:05:00+00:00,HDSN,7.849999904632568,7.849999904632568,7.849999904632568,7.849999904632568,7.849999904632568,479.0
2024-09-16 12:05:00+00:00,IOSP,109.88999938964844,109.88999938964844,110.08999633789062,109.88999938964844,110.08999633789062,607.0
2024-09-16 12:05:00+00:00,KALU,68.69999694824219,68.69999694824219,68.69999694824219,68.69999694824219,68.69999694824219,267.0
2024-09-16 12:05:00+00:00,MERC,6.340000152587891,6.340000152587891,6.340000152587891,6.329999923706055,6.340000152587891,3307.0
2024-09-16 12:05:00+00:00,METC,9.8100004196167,9.8100004196167,9.8100004196167,9.8100004196167,9.8100004196167,182.0
2024-09-16 12:05:00+00:00,ORGN,1.524999976158142,1.524999976158142,1.524999976158142,1.524999976158142,1.524999976158142,300.0
2024-09-16 12:05:00+00:00,PAAS,21.18000030517578,21.18000030517578,21.18000030517578,21.15999984741211,21.170000076293945,4667.0
2024-09-16 12:05:00+00:00,PLL,6.949999809265137,6.949999809265137,6.949999809265137,6.949999809265137,6.949999809265137,845.0
2024-09-16 12:05:00+00:00,PPTA,9.069999694824219,9.069999694824219,9.069999694824219,9.050000190734863,9.050000190734863,3306.0
2024-09-16 12:05:00+00:00,SGML,10.061200141906738,10.061200141906738,10.069999694824219,10.061200141906738,10.069999694824219,4276.0
2024-09-16 12:05:00+00:00,SSRM,5.829999923706055,5.829999923706055,5.829999923706055,5.829999923706055,5.829999923706055,734.0
2024-09-16 12:05:00+00:00,STLD,111.42500305175781,111.42500305175781,111.44000244140625,111.33499908447266,111.33499908447266,4501.0
2024-09-16 12:05:00+00:00,TMC,1.0700000524520874,1.0700000524520874,1.0800000429153442,1.0700000524520874,1.0800000429153442,7478.0
2024-09-16 12:05:00+00:00,ZEUS,37.09000015258789,37.09000015258789,37.09000015258789,37.09000015258789,37.09000015258789,138.0
2024-09-16 12:06:00+00:00,ALTO,1.6101000308990479,1.6101000308990479,1.6101000308990479,1.6101000308990479,1.6101000308990479,1600.0
2024-09-16 12:06:00+00:00,CENX,14.119999885559082,14.119999885559082,14.119999885559082,14.119999885559082,14.119999885559082,552.0
2024-09-16 12:06:00+00:00,CNEY,0.7157999873161316,0.7157999873161316,0.7179999947547913,0.6784999966621399,0.695900022983551,612702.0
2024-09-16 12:06:00+00:00,GEVO,1.3550000190734863,1.3550000190734863,1.3600000143051147,1.350000023841858,1.3513000011444092,36146.0
2024-09-16 12:06:00+00:00,GPRE,12.579999923706055,12.579999923706055,12.579999923706055,12.579999923706055,12.579999923706055,222.0
2024-09-16 12:06:00+00:00,LWLG,2.5350000858306885,2.5350000858306885,2.5350000858306885,2.5350000858306885,2.5350000858306885,153.0
2024-09-16 12:06:00+00:00,MEOH,38.160301208496094,38.160301208496094,38.189998626708984,38.160301208496094,38.189998626708984,1464.0
2024-09-16 12:06:00+00:00,MERC,6.355000019073486,6.355000019073486,6.355000019073486,6.340000152587891,6.340000152587891,1726.0
2024-09-16 12:06:00+00:00,METC,9.8149995803833,9.8149995803833,9.8149995803833,9.8100004196167,9.8100004196167,552.0
2024-09-16 12:06:00+00:00,ORGN,1.5199999809265137,1.5199999809265137,1.5199999809265137,1.5199999809265137,1.5199999809265137,240.0
2024-09-16 12:06:00+00:00,PAAS,21.21500015258789,21.21500015258789,21.21500015258789,21.180500030517578,21.184999465942383,2267.0
2024-09-16 12:06:00+00:00,PLL,6.949999809265137,6.949999809265137,6.949999809265137,6.949999809265137,6.949999809265137,1253.0
2024-09-16 12:06:00+00:00,STLD,111.47000122070312,111.47000122070312,111.47000122070312,111.47000122070312,111.47000122070312,1971.0
2024-09-16 12:06:00+00:00,TMC,1.0700000524520874,1.0700000524520874,1.0800000429153442,1.0700000524520874,1.0700000524520874,3520.0
2024-09-16 12:06:00+00:00,ZEUS,37.09000015258789,37.09000015258789,37.11000061035156,37.09000015258789,37.11000061035156,555.0
2024-09-16 12:06:00+00:00,ZKIN,0.46000000834465027,0.46000000834465027,0.46000000834465027,0.46000000834465027,0.46000000834465027,0.0
2024-09-16 12:07:00+00:00,ALTO,1.6100000143051147,1.6100000143051147,1.6150000095367432,1.6100000143051147,1.6117000579833984,7655.0
2024-09-16 12:07:00+00:00,CENX,14.130000114440918,14.130000114440918,14.130000114440918,14.130000114440918,14.130000114440918,831.0
2024-09-16 12:07:00+00:00,CNEY,0.6991000175476074,0.6991000175476074,0.7156000137329102,0.6899999976158142,0.7156000137329102,287835.0
2024-09-16 12:07:00+00:00,GEVO,1.3698999881744385,1.3698999881744385,1.3698999881744385,1.3600000143051147,1.3600000143051147,21812.0
2024-09-16 12:07:00+00:00,GPRE,12.600000381469727,12.600000381469727,12.600000381469727,12.600000381469727,12.600000381469727,576.0
2024-09-16 12:07:00+00:00,IOSP,109.94249725341797,109.94249725341797,109.94249725341797,109.94249725341797,109.94249725341797,802.0
2024-09-16 12:07:00+00:00,LGO,1.75,1.75,1.75,1.75,1.75,0.0
2024-09-16 12:07:00+00:00,MEOH,38.20000076293945,38.20000076293945,38.20000076293945,38.20000076293945,38.20000076293945,216.0
2024-09-16 12:07:00+00:00,ORGN,1.5260000228881836,1.5260000228881836,1.5260000228881836,1.5260000228881836,1.5260000228881836,6430.0
2024-09-16 12:07:00+00:00,PAAS,21.2450008392334,21.2450008392334,21.25,21.209999084472656,21.211999893188477,32880.0
2024-09-16 12:07:00+00:00,PLL,6.960000038146973,6.960000038146973,6.960000038146973,6.960000038146973,6.960000038146973,727.0
2024-09-16 12:07:00+00:00,PPTA,9.109999656677246,9.109999656677246,9.109999656677246,9.069999694824219,9.069999694824219,24417.0
2024-09-16 12:07:00+00:00,RGLD,140.77499389648438,140.77499389648438,140.77499389648438,140.77499389648438,140.77499389648438,583.0
2024-09-16 12:07:00+00:00,SGML,10.09000015258789,10.09000015258789,10.09000015258789,10.069999694824219,10.069999694824219,2071.0
2024-09-16 12:07:00+00:00,SSRM,5.840000152587891,5.840000152587891,5.840000152587891,5.835000038146973,5.835000038146973,516.0
2024-09-16 12:07:00+00:00,STLD,111.49500274658203,111.49500274658203,111.49500274658203,111.48999786376953,111.48999786376953,1144.0
2024-09-16 12:07:00+00:00,TMC,1.0700000524520874,1.0700000524520874,1.0800000429153442,1.0700000524520874,1.0800000429153442,2013.0
2024-09-16 12:08:00+00:00,ALTO,1.6050000190734863,1.6050000190734863,1.6050000190734863,1.6050000190734863,1.6050000190734863,4805.0
2024-09-16 12:08:00+00:00,ASTL,10.154999732971191,10.154999732971191,10.154999732971191,10.154999732971191,10.154999732971191,130.0
2024-09-16 12:08:00+00:00,BIOX,8.65999984741211,8.65999984741211,8.65999984741211,8.65999984741211,8.65999984741211,488.0
2024-09-16 12:08:00+00:00,CNEY,0.7005000114440918,0.7005000114440918,0.727400004863739,0.6962000131607056,0.7010999917984009,671250.0
2024-09-16 12:08:00+00:00,GEVO,1.3650000095367432,1.3650000095367432,1.3650000095367432,1.3600000143051147,1.3650000095367432,15503.0
2024-09-16 12:08:00+00:00,GPRE,12.600000381469727,12.600000381469727,12.600000381469727,12.600000381469727,12.600000381469727,345.0
2024-09-16 12:08:00+00:00,IPX,18.15999984741211,18.15999984741211,18.15999984741211,18.15999984741211,18.15999984741211,7005.0
2024-09-16 12:08:00+00:00,KALU,68.7300033569336,68.7300033569336,68.7300033569336,68.7300033569336,68.7300033569336,118.0
2024-09-16 12:08:00+00:00,LGO,1.7400000095367432,1.7400000095367432,1.7400000095367432,1.7400000095367432,1.7400000095367432,1261.0
2024-09-16 12:08:00+00:00,LWLG,2.5350000858306885,2.5350000858306885,2.5350000858306885,2.5350000858306885,2.5350000858306885,669.0
2024-09-16 12:08:00+00:00,ORGN,1.5199999809265137,1.5199999809265137,1.5199999809265137,1.5199999809265137,1.5199999809265137,0.0
2024-09-16 12:08:00+00:00,PAAS,21.2450008392334,21.2450008392334,21.2450008392334,21.2450008392334,21.2450008392334,1430.0
2024-09-16 12:08:00+00:00,PLL,6.980000019073486,6.980000019073486,6.980000019073486,6.980000019073486,6.980000019073486,622.0
2024-09-16 12:08:00+00:00,PPTA,9.125,9.125,9.125,9.125,9.125,813.0
2024-09-16 12:08:00+00:00,SGML,10.09000015258789,10.09000015258789,10.100000381469727,10.09000015258789,10.100000381469727,4668.0
2024-09-16 12:08:00+00:00,SSRM,5.84499979019165,5.84499979019165,5.84499979019165,5.84499979019165,5.84499979019165,669.0
2024-09-16 12:08:00+00:00,TMC,1.0800000429153442,1.0800000429153442,1.0800000429153442,1.0700000524520874,1.0700000524520874,2870.0
2024-09-16 12:08:00+00:00,ZEUS,37.18000030517578,37.18000030517578,37.18000030517578,37.18000030517578,37.18000030517578,299.0
2024-09-16 12:09:00+00:00,ALTO,1.6050000190734863,1.6050000190734863,1.6050000190734863,1.6050000190734863,1.6050000190734863,129.0
2024-09-16 12:09:00+00:00,ASTL,10.154999732971191,10.154999732971191,10.154999732971191,10.154999732971191,10.154999732971191,353.0
2024-09-16 12:09:00+00:00,CNEY,0.7026000022888184,0.7026000022888184,0.7161999940872192,0.6940000057220459,0.7081999778747559,340234.0
2024-09-16 12:09:00+00:00,GEVO,1.3650000095367432,1.3650000095367432,1.3700000047683716,1.3650000095367432,1.3700000047683716,9355.0
2024-09-16 12:09:00+00:00,GPRE,12.600000381469727,12.600000381469727,12.630000114440918,12.600000381469727,12.630000114440918,1628.0
2024-09-16 12:09:00+00:00,GSM,4.1539998054504395,4.1539998054504395,4.159999847412109,4.1539998054504395,4.159999847412109,429.0
2024-09-16 12:09:00+00:00,HDSN,7.840000152587891,7.840000152587891,7.840000152587891,7.840000152587891,7.840000152587891,753.0
2024-09-16 12:09:00+00:00,IOSP,109.9800033569336,109.9800033569336,109.9800033569336,109.9800033569336,109.9800033569336,907.0
2024-09-16 12:09:00+00:00,LWLG,2.5399999618530273,2.5399999618530273,2.5399999618530273,2.5399999618530273,2.5399999618530273,481.0
2024-09-16 12:09:00+00:00,MEOH,38.16999816894531,38.16999816894531,38.189998626708984,38.16999816894531,38.189998626708984,1444.0
2024-09-16 12:09:00+00:00,PAAS,21.2450008392334,21.2450008392334,21.2450008392334,21.239999771118164,21.2450008392334,982.0
2024-09-16 12:09:00+00:00,PLL,6.954999923706055,6.954999923706055,6.960000038146973,6.954999923706055,6.960000038146973,291.0
2024-09-16 12:09:00+00:00,PPTA,9.125,9.125,9.125,9.100000381469727,9.125,3259.0
2024-09-16 12:09:00+00:00,SGML,10.09000015258789,10.09000015258789,10.09000015258789,10.09000015258789,10.09000015258789,1011.0
2024-09-16 12:09:00+00:00,STLD,111.37000274658203,111.37000274658203,111.37000274658203,111.37000274658203,111.37000274658203,815.0
2024-09-16 12:09:00+00:00,TMC,1.0549999475479126,1.0549999475479126,1.070099949836731,1.0549999475479126,1.0700000524520874,25384.0
2024-09-16 12:09:00+00:00,UFPI,122.5,122.5,122.5,122.5,122.5,1533.0
2024-09-16 12:10:00+00:00,ALTO,1.6050000190734863,1.6050000190734863,1.6050000190734863,1.600000023841858,1.600600004196167,5571.0
2024-09-16 12:10:00+00:00,AREC,0.48010000586509705,0.48010000586509705,0.48010000586509705,0.48010000586509705,0.48010000586509705,1133.0
2024-09-16 12:10:00+00:00,ASTL,10.154999732971191,10.154999732971191,10.154999732971191,10.154999732971191,10.154999732971191,530.0
2024-09-16 12:10:00+00:00,CENX,14.140000343322754,14.140000343322754,14.140000343322754,14.130000114440918,14.140000343322754,1612.0
2024-09-16 12:10:00+00:00,CNEY,0.6801999807357788,0.6801999807357788,0.7027000188827515,0.6718999743461609,0.7026000022888184,318499.0
2024-09-16 12:10:00+00:00,GEVO,1.3600000143051147,1.3600000143051147,1.3700000047683716,1.3600000143051147,1.3650000095367432,6669.0
2024-09-16 12:10:00+00:00,GPRE,12.59000015258789,12.59000015258789,12.59000015258789,12.59000015258789,12.59000015258789,1247.0
2024-09-16 12:10:00+00:00,GSM,4.159999847412109,4.159999847412109,4.159999847412109,4.15500020980835,4.15500020980835,266.0
2024-09-16 12:10:00+00:00,LWLG,2.5399999618530273,2.5399999618530273,2.5399999618530273,2.5399999618530273,2.5399999618530273,225.0
2024-09-16 12:10:00+00:00,MERC,6.355000019073486,6.355000019073486,6.355999946594238,6.355000019073486,6.355999946594238,925.0
2024-09-16 12:10:00+00:00,METC,9.8100004196167,9.8100004196167,9.8100004196167,9.8100004196167,9.8100004196167,200.0
2024-09-16 12:10:00+00:00,PAAS,21.2450008392334,21.2450008392334,21.25,21.2450008392334,21.2450008392334,2685.0
2024-09-16 12:10:00+00:00,PPTA,9.175000190734863,9.175000190734863,9.1899995803833,9.100000381469727,9.109999656677246,15274.0
2024-09-16 12:10:00+00:00,SSRM,5.8403000831604,5.8403000831604,5.8403000831604,5.8403000831604,5.8403000831604,900.0
2024-09-16 12:10:00+00:00,STLD,111.38999938964844,111.38999938964844,111.38999938964844,111.38999938964844,111.38999938964844,642.0
2024-09-16 12:10:00+00:00,TMC,1.0700000524520874,1.0700000524520874,1.0700000524520874,1.059999942779541,1.059999942779541,12863.0
2024-09-16 12:10:00+00:00,ZEUS,37.119998931884766,37.119998931884766,37.119998931884766,37.119998931884766,37.119998931884766,586.0
2024-09-16 12:11:00+00:00,ALTO,1.600000023841858,1.600000023841858,1.6050000190734863,1.600000023841858,1.6050000190734863,2300.0
2024-09-16 12:11:00+00:00,CENX,14.119999885559082,14.119999885559082,14.130000114440918,14.114999771118164,14.130000114440918,1334.0
2024-09-16 12:11:00+00:00,CNEY,0.6733999848365784,0.6733999848365784,0.6883000135421753,0.6718999743461609,0.6801999807357788,226373.0
2024-09-16 12:11:00+00:00,CRKN,1.3600000143051147,1.3600000143051147,1.3600000143051147,1.3600000143051147,1.3600000143051147,201.0
2024-09-16 12:11:00+00:00,GEVO,1.3600000143051147,1.3600000143051147,1.3680000305175781,1.3600000143051147,1.3680000305175781,4827.0
2024-09-16 12:11:00+00:00,GURE,0.9800000190734863,0.9800000190734863,0.9800000190734863,0.9800000190734863,0.9800000190734863,0.0
2024-09-16 12:11:00+00:00,LWLG,2.5350000858306885,2.5350000858306885,2.5350000858306885,2.5350000858306885,2.5350000858306885,340.0
2024-09-16 12:11:00+00:00,METC,9.789999961853027,9.789999961853027,9.800000190734863,9.789999961853027,9.800000190734863,1042.0
2024-09-16 12:11:00+00:00,PAAS,21.239999771118164,21.239999771118164,21.249900817871094,21.239999771118164,21.249900817871094,6538.0
2024-09-16 12:11:00+00:00,PLL,6.969699859619141,6.969699859619141,6.969699859619141,6.969699859619141,6.969699859619141,327.0
2024-09-16 12:11:00+00:00,PPTA,9.149999618530273,9.149999618530273,9.1899995803833,9.144399642944336,9.1899995803833,5857.0
2024-09-16 12:11:00+00:00,RGLD,140.78500366210938,140.78500366210938,140.78500366210938,140.78500366210938,140.78500366210938,447.0
2024-09-16 12:11:00+00:00,SGML,10.09000015258789,10.09000015258789,10.09000015258789,10.09000015258789,10.09000015258789,1242.0
2024-09-16 12:11:00+00:00,SSRM,5.849999904632568,5.849999904632568,5.849999904632568,5.849999904632568,5.849999904632568,1408.0
2024-09-16 12:11:00+00:00,TMC,1.0800000429153442,1.0800000429153442,1.0800000429153442,1.059999942779541,1.0700000524520874,12311.0
2024-09-16 12:11:00+00:00,ZEUS,37.02000045776367,37.02000045776367,37.08000183105469,37.02000045776367,37.08000183105469,796.0
2024-09-16 12:12:00+00:00,ALTO,1.600000023841858,1.600000023841858,1.600000023841858,1.600000023841858,1.600000023841858,500.0
2024-09-16 12:12:00+00:00,ASTL,10.199999809265137,10.199999809265137,10.204999923706055,10.149999618530273,10.154999732971191,8454.0
2024-09-16 12:12:00+00:00,CENX,14.100000381469727,14.100000381469727,14.119999885559082,14.09000015258789,14.119999885559082,1062.0
2024-09-16 12:12:00+00:00,CNEY,0.6786999702453613,0.6786999702453613,0.6899999976158142,0.6733999848365784,0.6733999848365784,149588.0
2024-09-16 12:12:00+00:00,CRKN,1.350000023841858,1.350000023841858,1.350000023841858,1.350000023841858,1.350000023841858,90.0
2024-09-16 12:12:00+00:00,GEVO,1.3650000095367432,1.3650000095367432,1.3698999881744385,1.3600000143051147,1.3650000095367432,6521.0
2024-09-16 12:12:00+00:00,GPRE,12.5600004196167,12.5600004196167,12.5600004196167,12.5600004196167,12.5600004196167,1001.0
2024-09-16 12:12:00+00:00,GSM,4.159999847412109,4.159999847412109,4.159999847412109,4.159999847412109,4.159999847412109,200.0
2024-09-16 12:12:00+00:00,IOSP,109.80500030517578,109.80500030517578,109.80500030517578,109.80500030517578,109.80500030517578,710.0
2024-09-16 12:12:00+00:00,KALU,68.68000030517578,68.68000030517578,68.68000030517578,68.68000030517578,68.68000030517578,121.0
2024-09-16 12:12:00+00:00,LITM,0.32839998602867126,0.32839998602867126,0.32839998602867126,0.32839998602867126,0.32839998602867126,651.0
2024-09-16 12:12:00+00:00,LWLG,2.5299999713897705,2.5299999713897705,2.5350000858306885,2.5299999713897705,2.5350000858306885,1230.0
2024-09-16 12:12:00+00:00,MERC,6.340000152587891,6.340000152587891,6.349999904632568,6.340000152587891,6.349999904632568,2094.0
2024-09-16 12:12:00+00:00,METC,9.770000457763672,9.770000457763672,9.789999961853027,9.770000457763672,9.789999961853027,2462.0
2024-09-16 12:12:00+00:00,PAAS,21.229999542236328,21.229999542236328,21.235000610351562,21.229999542236328,21.235000610351562,2958.0
2024-09-16 12:12:00+00:00,PLL,6.945000171661377,6.945000171661377,6.945000171661377,6.945000171661377,6.945000171661377,200.0
2024-09-16 12:12:00+00:00,PPTA,9.140000343322754,9.140000343322754,9.140000343322754,9.140000343322754,9.140000343322754,829.0
2024-09-16 12:12:00+00:00,SGML,10.079999923706055,10.079999923706055,10.079999923706055,10.079999923706055,10.079999923706055,650.0
2024-09-16 12:12:00+00:00,SSRM,5.829999923706055,5.829999923706055,5.840000152587891,5.829999923706055,5.840000152587891,4414.0
2024-09-16 12:12:00+00:00,STLD,111.23999786376953,111.23999786376953,111.3499984741211,111.23999786376953,111.30999755859375,3148.0
2024-09-16 12:12:00+00:00,TMC,1.0549999475479126,1.0549999475479126,1.0700000524520874,1.0549999475479126,1.0700000524520874,9486.0
2024-09-16 12:12:00+00:00,UFPI,122.5,122.5,122.5,122.5,122.5,875.0
2024-09-16 12:12:00+00:00,USAP,36.95000076293945,36.95000076293945,36.95000076293945,36.95000076293945,36.95000076293945,265.0
2024-09-16 12:12:00+00:00,ZEUS,37.0,37.0,37.0,37.0,37.0,1539.0
2024-09-16 12:13:00+00:00,ASTL,10.199999809265137,10.199999809265137,10.204999923706055,10.1899995803833,10.199999809265137,5389.0
2024-09-16 12:13:00+00:00,CENX,14.079999923706055,14.079999923706055,14.079999923706055,14.079999923706055,14.079999923706055,112.0
2024-09-16 12:13:00+00:00,CNEY,0.6758000254631042,0.6758000254631042,0.684499979019165,0.6700000166893005,0.6801999807357788,187596.0
2024-09-16 12:13:00+00:00,GEVO,1.3650000095367432,1.3650000095367432,1.3700000047683716,1.3600000143051147,1.3650000095367432,18512.0
2024-09-16 12:13:00+00:00,GSM,4.15500020980835,4.15500020980835,4.15500020980835,4.15500020980835,4.15500020980835,186.0
2024-09-16 12:13:00+00:00,LITM,0.3294000029563904,0.3294000029563904,0.3294000029563904,0.3280999958515167,0.3280999958515167,306.0
2024-09-16 12:13:00+00:00,LWLG,2.5350000858306885,2.5350000858306885,2.5350000858306885,2.5350000858306885,2.5350000858306885,12539.0
2024-09-16 12:13:00+00:00,MERC,6.340000152587891,6.340000152587891,6.340000152587891,6.340000152587891,6.340000152587891,515.0
2024-09-16 12:13:00+00:00,METC,9.779999732971191,9.779999732971191,9.779999732971191,9.779999732971191,9.779999732971191,1572.0
2024-09-16 12:13:00+00:00,PAAS,21.239999771118164,21.239999771118164,21.239999771118164,21.225000381469727,21.225000381469727,3914.0
2024-09-16 12:13:00+00:00,PLL,6.934000015258789,6.934000015258789,6.938000202178955,6.920000076293945,6.934000015258789,1482.0
2024-09-16 12:13:00+00:00,SSRM,5.835000038146973,5.835000038146973,5.835000038146973,5.829999923706055,5.829999923706055,995.0
2024-09-16 12:13:00+00:00,STLD,111.25,111.25,111.25,111.25,111.25,222.0
2024-09-16 12:13:00+00:00,TMC,1.059999942779541,1.059999942779541,1.059999942779541,1.059999942779541,1.059999942779541,115.0
2024-09-16 12:13:00+00:00,USLM,84.62999725341797,84.62999725341797,84.62999725341797,84.62999725341797,84.62999725341797,444.0
2024-09-16 12:14:00+00:00,CNEY,0.6761000156402588,0.6761000156402588,0.6837000250816345,0.6751000285148621,0.6800000071525574,142914.0
2024-09-16 12:14:00+00:00,GEVO,1.3600000143051147,1.3600000143051147,1.3700000047683716,1.3600000143051147,1.3650000095367432,29436.0
2024-09-16 12:14:00+00:00,GSM,4.159999847412109,4.159999847412109,4.159999847412109,4.159999847412109,4.159999847412109,107.0
2024-09-16 12:14:00+00:00,HDSN,7.809999942779541,7.809999942779541,7.809999942779541,7.809999942779541,7.809999942779541,660.0
2024-09-16 12:14:00+00:00,IONR,4.179999828338623,4.179999828338623,4.179999828338623,4.179999828338623,4.179999828338623,174.0
2024-09-16 12:14:00+00:00,MEOH,38.08000183105469,38.08000183105469,38.08000183105469,38.08000183105469,38.08000183105469,1651.0
2024-09-16 12:14:00+00:00,MERC,6.340000152587891,6.340000152587891,6.340000152587891,6.340000152587891,6.340000152587891,2297.0
2024-09-16 12:14:00+00:00,METC,9.784000396728516,9.784000396728516,9.79990005493164,9.784000396728516,9.79990005493164,2041.0
2024-09-16 12:14:00+00:00,PAAS,21.219999313354492,21.219999313354492,21.25,21.219999313354492,21.2450008392334,7922.0
2024-09-16 12:14:00+00:00,PLL,6.900000095367432,6.900000095367432,6.900000095367432,6.900000095367432,6.900000095367432,5395.0
2024-09-16 12:14:00+00:00,SSRM,5.835000038146973,5.835000038146973,5.835000038146973,5.835000038146973,5.835000038146973,1462.0
2024-09-16 12:14:00+00:00,STLD,111.22000122070312,111.22000122070312,111.22000122070312,111.22000122070312,111.22000122070312,185.0
2024-09-16 12:15:00+00:00,ASTL,10.204999923706055,10.204999923706055,10.204999923706055,10.204999923706055,10.204999923706055,2500.0
2024-09-16 12:15:00+00:00,CENX,14.140000343322754,14.140000343322754,14.149999618530273,14.140000343322754,14.140000343322754,6575.0
2024-09-16 12:15:00+00:00,CNEY,0.6790000200271606,0.6790000200271606,0.699999988079071,0.6600000262260437,0.6700000166893005,428405.0
2024-09-16 12:15:00+00:00,FEAM,0.5299999713897705,0.5299999713897705,0.5299999713897705,0.5299999713897705,0.5299999713897705,2766.0
2024-09-16 12:15:00+00:00,GEVO,1.3650000095367432,1.3650000095367432,1.36899995803833,1.3600000143051147,1.3675999641418457,3345.0
2024-09-16 12:15:00+00:00,GSM,4.15500020980835,4.15500020980835,4.15500020980835,4.15500020980835,4.15500020980835,1094.0
2024-09-16 12:15:00+00:00,HYMC,2.5999999046325684,2.5999999046325684,2.609999895095825,2.5999999046325684,2.609999895095825,3673.0
2024-09-16 12:15:00+00:00,LGO,1.7200000286102295,1.7200000286102295,1.725000023841858,1.7200000286102295,1.725000023841858,5046.0
2024-09-16 12:15:00+00:00,MERC,6.340000152587891,6.340000152587891,6.34499979019165,6.340000152587891,6.34499979019165,1069.0
2024-09-16 12:15:00+00:00,METC,9.789999961853027,9.789999961853027,9.789999961853027,9.789999961853027,9.789999961853027,800.0
2024-09-16 12:15:00+00:00,ORGN,1.5199999809265137,1.5199999809265137,1.524999976158142,1.5199999809265137,1.524999976158142,729.0
2024-09-16 12:15:00+00:00,PAAS,21.229999542236328,21.229999542236328,21.229999542236328,21.225000381469727,21.225000381469727,2067.0
2024-09-16 12:15:00+00:00,RGLD,140.82240295410156,140.82240295410156,140.82240295410156,140.82240295410156,140.82240295410156,398.0
2024-09-16 12:15:00+00:00,STLD,111.2249984741211,111.2249984741211,111.2249984741211,111.2249984741211,111.2249984741211,581.0
2024-09-16 12:15:00+00:00,TMC,1.059999942779541,1.059999942779541,1.059999942779541,1.0499999523162842,1.0499999523162842,44350.0
2024-09-16 12:15:00+00:00,UFPI,122.66000366210938,122.66000366210938,122.66000366210938,122.66000366210938,122.66000366210938,1407.0
2024-09-16 12:16:00+00:00,ALTO,1.600000023841858,1.600000023841858,1.6050000190734863,1.600000023841858,1.6050000190734863,4440.0
2024-09-16 12:16:00+00:00,CENX,14.119999885559082,14.119999885559082,14.130000114440918,14.119999885559082,14.130000114440918,557.0
2024-09-16 12:16:00+00:00,CNEY,0.6700999736785889,0.6700999736785889,0.6883000135421753,0.6600000262260437,0.6697999835014343,155893.0
2024-09-16 12:16:00+00:00,GEVO,1.3450000286102295,1.3450000286102295,1.3700000047683716,1.3450000286102295,1.3603999614715576,66283.0
2024-09-16 12:16:00+00:00,GPRE,12.5600004196167,12.5600004196167,12.5600004196167,12.5600004196167,12.5600004196167,878.0
2024-09-16 12:16:00+00:00,GSM,4.144000053405762,4.144000053405762,4.15500020980835,4.144000053405762,4.15500020980835,5311.0
2024-09-16 12:16:00+00:00,HDSN,7.815000057220459,7.815000057220459,7.815000057220459,7.815000057220459,7.815000057220459,674.0
2024-09-16 12:16:00+00:00,KALU,68.80999755859375,68.80999755859375,68.80999755859375,68.58999633789062,68.58999633789062,425.0
2024-09-16 12:16:00+00:00,LWLG,2.5399999618530273,2.5399999618530273,2.5399999618530273,2.5399999618530273,2.5399999618530273,900.0
2024-09-16 12:16:00+00:00,MERC,6.340000152587891,6.340000152587891,6.34499979019165,6.340000152587891,6.34499979019165,2432.0
2024-09-16 12:16:00+00:00,METC,9.760000228881836,9.760000228881836,9.770000457763672,9.760000228881836,9.770000457763672,739.0
2024-09-16 12:16:00+00:00,PAAS,21.219999313354492,21.219999313354492,21.225000381469727,21.21500015258789,21.225000381469727,5802.0
2024-09-16 12:16:00+00:00,PPTA,9.15999984741211,9.15999984741211,9.15999984741211,9.15999984741211,9.15999984741211,2000.0
2024-09-16 12:16:00+00:00,RGLD,140.69000244140625,140.69000244140625,140.69000244140625,140.69000244140625,140.69000244140625,777.0
2024-09-16 12:16:00+00:00,STLD,111.16999816894531,111.16999816894531,111.16999816894531,111.16999816894531,111.16999816894531,123.0
2024-09-16 12:16:00+00:00,TMC,1.059999942779541,1.059999942779541,1.070099949836731,1.059999942779541,1.070099949836731,3608.0
2024-09-16 12:16:00+00:00,USAP,36.88999938964844,36.88999938964844,36.88999938964844,36.88999938964844,36.88999938964844,632.0
2024-09-16 12:17:00+00:00,ALTO,1.5950000286102295,1.5950000286102295,1.600000023841858,1.5950000286102295,1.600000023841858,2644.0
2024-09-16 12:17:00+00:00,ASTL,10.199999809265137,10.199999809265137,10.210000038146973,10.199999809265137,10.210000038146973,1253.0
2024-09-16 12:17:00+00:00,CNEY,0.679099977016449,0.679099977016449,0.6863999962806702,0.6643999814987183,0.6751999855041504,80209.0
2024-09-16 12:17:00+00:00,GEVO,1.350000023841858,1.350000023841858,1.350000023841858,1.340000033378601,1.3450000286102295,87622.0
2024-09-16 12:17:00+00:00,GPRE,12.539999961853027,12.539999961853027,12.539999961853027,12.539999961853027,12.539999961853027,672.0
2024-09-16 12:17:00+00:00,GSM,4.135000228881836,4.135000228881836,4.139999866485596,4.135000228881836,4.139999866485596,1374.0
2024-09-16 12:17:00+00:00,HYMC,2.575000047683716,2.575000047683716,2.599900007247925,2.575000047683716,2.599900007247925,1045.0
2024-09-16 12:17:00+00:00,LWLG,2.5350000858306885,2.5350000858306885,2.5350000858306885,2.5350000858306885,2.5350000858306885,0.0
2024-09-16 12:17:00+00:00,MERC,6.329999923706055,6.329999923706055,6.340000152587891,6.320000171661377,6.340000152587891,7057.0
2024-09-16 12:17:00+00:00,METC,9.760000228881836,9.760000228881836,9.760000228881836,9.760000228881836,9.760000228881836,636.0
2024-09-16 12:17:00+00:00,ORGN,1.5130000114440918,1.5130000114440918,1.5130000114440918,1.5130000114440918,1.5130000114440918,1782.0
2024-09-16 12:17:00+00:00,PAAS,21.19499969482422,21.19499969482422,21.21500015258789,21.15999984741211,21.21500015258789,33935.0
2024-09-16 12:17:00+00:00,PLL,6.9096999168396,6.9096999168396,6.909999847412109,6.9096999168396,6.909999847412109,1338.0
2024-09-16 12:17:00+00:00,PPTA,9.154999732971191,9.154999732971191,9.154999732971191,9.154999732971191,9.154999732971191,4539.0
2024-09-16 12:17:00+00:00,STLD,111.20999908447266,111.20999908447266,111.20999908447266,111.17500305175781,111.20999908447266,2503.0
2024-09-16 12:17:00+00:00,TMC,1.059999942779541,1.059999942779541,1.059999942779541,1.059999942779541,1.059999942779541,0.0
2024-09-16 12:18:00+00:00,ALTO,1.590000033378601,1.590000033378601,1.590000033378601,1.590000033378601,1.590000033378601,1065.0
2024-09-16 12:18:00+00:00,CENX,14.154999732971191,14.154999732971191,14.154999732971191,14.114999771118164,14.114999771118164,2191.0
2024-09-16 12:18:00+00:00,CNEY,0.660099983215332,0.660099983215332,0.6748999953269958,0.660099983215332,0.6650999784469604,86706.0
2024-09-16 12:18:00+00:00,GEVO,1.3497999906539917,1.3497999906539917,1.3499000072479248,1.340000033378601,1.3411999940872192,87174.0
2024-09-16 12:18:00+00:00,GPRE,12.539999961853027,12.539999961853027,12.541999816894531,12.539999961853027,12.541999816894531,409.0
2024-09-16 12:18:00+00:00,HWKN,116.93000030517578,116.93000030517578,116.93000030517578,116.93000030517578,116.93000030517578,332.0
2024-09-16 12:18:00+00:00,IOSP,109.96499633789062,109.96499633789062,109.96499633789062,109.93000030517578,109.93000030517578,515.0
2024-09-16 12:18:00+00:00,PAAS,21.200000762939453,21.200000762939453,21.209999084472656,21.190000534057617,21.190000534057617,6597.0
2024-09-16 12:18:00+00:00,SMID,34.75,34.75,34.75,34.75,34.75,217.0
2024-09-16 12:18:00+00:00,SSRM,5.840000152587891,5.840000152587891,5.840000152587891,5.840000152587891,5.840000152587891,501.0
2024-09-16 12:18:00+00:00,STLD,111.37000274658203,111.37000274658203,111.37000274658203,111.23500061035156,111.23500061035156,2363.0
2024-09-16 12:18:00+00:00,TMC,1.0800000429153442,1.0800000429153442,1.0800000429153442,1.0800000429153442,1.0800000429153442,1509.0
2024-09-16 12:18:00+00:00,ZEUS,37.029998779296875,37.029998779296875,37.029998779296875,36.970001220703125,36.970001220703125,878.0
2024-09-16 12:19:00+00:00,CNEY,0.6525999903678894,0.6525999903678894,0.6765999794006348,0.6478000283241272,0.660099983215332,284040.0
2024-09-16 12:19:00+00:00,GEVO,1.350000023841858,1.350000023841858,1.350000023841858,1.340499997138977,1.3450000286102295,17905.0
2024-09-16 12:19:00+00:00,GPRE,12.550000190734863,12.550000190734863,12.550000190734863,12.550000190734863,12.550000190734863,651.0
2024-09-16 12:19:00+00:00,HDSN,7.820000171661377,7.820000171661377,7.820000171661377,7.815000057220459,7.815000057220459,1334.0
2024-09-16 12:19:00+00:00,HWKN,116.87000274658203,116.87000274658203,116.87000274658203,116.87000274658203,116.87000274658203,321.0
2024-09-16 12:19:00+00:00,IOSP,110.01000213623047,110.01000213623047,110.01000213623047,110.01000213623047,110.01000213623047,840.0
2024-09-16 12:19:00+00:00,MERC,6.329999923706055,6.329999923706055,6.329999923706055,6.329999923706055,6.329999923706055,101.0
2024-09-16 12:19:00+00:00,METC,9.789999961853027,9.789999961853027,9.789999961853027,9.765000343322754,9.770000457763672,1523.0
2024-09-16 12:19:00+00:00,PAAS,21.219999313354492,21.219999313354492,21.219999313354492,21.19499969482422,21.19499969482422,5402.0
2024-09-16 12:19:00+00:00,SSRM,5.84499979019165,5.84499979019165,5.849999904632568,5.835000038146973,5.840000152587891,5268.0
2024-09-16 12:19:00+00:00,STLD,111.33599853515625,111.33599853515625,111.3550033569336,111.30000305175781,111.32499694824219,1589.0
2024-09-16 12:19:00+00:00,TMC,1.0700000524520874,1.0700000524520874,1.0700000524520874,1.0700000524520874,1.0700000524520874,1473.0
2024-09-16 12:19:00+00:00,USAP,36.970001220703125,36.970001220703125,36.970001220703125,36.970001220703125,36.970001220703125,210.0
2024-09-16 12:20:00+00:00,CENX,14.15999984741211,14.15999984741211,14.180000305175781,14.15999984741211,14.15999984741211,5949.0
2024-09-16 12:20:00+00:00,CNEY,0.6504999995231628,0.6504999995231628,0.6606000065803528,0.6427000164985657,0.6604999899864197,168585.0
2024-09-16 12:20:00+00:00,CRKN,1.350000023841858,1.350000023841858,1.350000023841858,1.350000023841858,1.350000023841858,119.0
2024-09-16 12:20:00+00:00,GEVO,1.340000033378601,1.340000033378601,1.350000023841858,1.340000033378601,1.3450000286102295,35937.0
2024-09-16 12:20:00+00:00,GPRE,12.5600004196167,12.5600004196167,12.5600004196167,12.5600004196167,12.5600004196167,1317.0
2024-09-16 12:20:00+00:00,GSM,4.139999866485596,4.139999866485596,4.144999980926514,4.135000228881836,4.135000228881836,2761.0
2024-09-16 12:20:00+00:00,HDSN,7.84499979019165,7.84499979019165,7.84499979019165,7.820000171661377,7.820000171661377,1262.0
2024-09-16 12:20:00+00:00,KALU,68.87000274658203,68.87000274658203,69.0250015258789,68.66999816894531,68.66999816894531,673.0
2024-09-16 12:20:00+00:00,LITM,0.33000001311302185,0.33000001311302185,0.33000001311302185,0.33000001311302185,0.33000001311302185,1294.0
2024-09-16 12:20:00+00:00,LWLG,2.539099931716919,2.539099931716919,2.539099931716919,2.539099931716919,2.539099931716919,301.0
2024-09-16 12:20:00+00:00,MERC,6.329999923706055,6.329999923706055,6.329999923706055,6.329999923706055,6.329999923706055,617.0
2024-09-16 12:20:00+00:00,METC,9.789999961853027,9.789999961853027,9.789999961853027,9.789999961853027,9.789999961853027,229.0
2024-09-16 12:20:00+00:00,PAAS,21.229999542236328,21.229999542236328,21.229999542236328,21.219999313354492,21.219999313354492,3384.0
2024-09-16 12:20:00+00:00,PLL,6.909999847412109,6.909999847412109,6.909999847412109,6.909999847412109,6.909999847412109,358.0
2024-09-16 12:20:00+00:00,PPTA,9.166000366210938,9.166000366210938,9.166000366210938,9.166000366210938,9.166000366210938,695.0
2024-09-16 12:20:00+00:00,SSRM,5.849999904632568,5.849999904632568,5.849999904632568,5.84499979019165,5.84499979019165,892.0
2024-09-16 12:20:00+00:00,TMC,1.0600999593734741,1.0600999593734741,1.0700000524520874,1.0600999593734741,1.0700000524520874,1149.0
2024-09-16 12:20:00+00:00,ZEUS,37.02000045776367,37.02000045776367,37.02000045776367,37.02000045776367,37.02000045776367,1257.0
2024-09-16 12:21:00+00:00,BIOX,8.609999656677246,8.609999656677246,8.609999656677246,8.609999656677246,8.609999656677246,183.0
2024-09-16 12:21:00+00:00,CENX,14.180000305175781,14.180000305175781,14.180000305175781,14.170000076293945,14.170000076293945,1746.0
2024-09-16 12:21:00+00:00,CNEY,0.6460000276565552,0.6460000276565552,0.6600000262260437,0.6456999778747559,0.6504999995231628,58805.0
2024-09-16 12:21:00+00:00,GEVO,1.340000033378601,1.340000033378601,1.350000023841858,1.340000033378601,1.3450000286102295,2567.0
2024-09-16 12:21:00+00:00,GPRE,12.600000381469727,12.600000381469727,12.600000381469727,12.579999923706055,12.579999923706055,884.0
2024-09-16 12:21:00+00:00,HWKN,117.0999984741211,117.0999984741211,117.0999984741211,117.0999984741211,117.0999984741211,491.0
2024-09-16 12:21:00+00:00,MEOH,38.1150016784668,38.1150016784668,38.1150016784668,38.1150016784668,38.1150016784668,939.0
2024-09-16 12:21:00+00:00,METC,9.800000190734863,9.800000190734863,9.800000190734863,9.800000190734863,9.800000190734863,1835.0
2024-09-16 12:21:00+00:00,PAAS,21.225000381469727,21.225000381469727,21.229999542236328,21.219999313354492,21.229999542236328,2089.0
2024-09-16 12:21:00+00:00,PLL,6.949999809265137,6.949999809265137,6.949999809265137,6.914999961853027,6.920000076293945,3172.0
2024-09-16 12:21:00+00:00,PPTA,9.140000343322754,9.140000343322754,9.140000343322754,9.140000343322754,9.140000343322754,136.0
2024-09-16 12:21:00+00:00,RGLD,140.77499389648438,140.77499389648438,140.77499389648438,140.77499389648438,140.77499389648438,191.0
2024-09-16 12:21:00+00:00,SSRM,5.84499979019165,5.84499979019165,5.849999904632568,5.84499979019165,5.849999904632568,1675.0
2024-09-16 12:21:00+00:00,STLD,111.36499786376953,111.36499786376953,111.36499786376953,111.3218002319336,111.3218002319336,1036.0
2024-09-16 12:21:00+00:00,TMC,1.0800000429153442,1.0800000429153442,1.0800000429153442,1.0709999799728394,1.0800000429153442,5835.0
2024-09-16 12:22:00+00:00,ASTL,10.210000038146973,10.210000038146973,10.210000038146973,10.210000038146973,10.210000038146973,200.0
2024-09-16 12:22:00+00:00,CNEY,0.6419000029563904,0.6419000029563904,0.652999997138977,0.6419000029563904,0.6464999914169312,76587.0
2024-09-16 12:22:00+00:00,GEVO,1.3450000286102295,1.3450000286102295,1.3450000286102295,1.340000033378601,1.340000033378601,11033.0
2024-09-16 12:22:00+00:00,GSM,4.144999980926514,4.144999980926514,4.144999980926514,4.144999980926514,4.144999980926514,1464.0
2024-09-16 12:22:00+00:00,KALU,68.7300033569336,68.7300033569336,68.87000274658203,68.7300033569336,68.87000274658203,221.0
2024-09-16 12:22:00+00:00,LWLG,2.5350000858306885,2.5350000858306885,2.5350000858306885,2.5299999713897705,2.530900001525879,5508.0
2024-09-16 12:22:00+00:00,MERC,6.300000190734863,6.300000190734863,6.340000152587891,6.300000190734863,6.329999923706055,9961.0
2024-09-16 12:22:00+00:00,METC,9.829999923706055,9.829999923706055,9.835000038146973,9.829999923706055,9.835000038146973,203.0
2024-09-16 12:22:00+00:00,PAAS,21.2549991607666,21.2549991607666,21.256000518798828,21.225000381469727,21.225000381469727,5737.0
2024-09-16 12:22:00+00:00,PLL,6.979100227355957,6.979100227355957,6.979100227355957,6.979100227355957,6.979100227355957,1001.0
2024-09-16 12:22:00+00:00,PPTA,9.109999656677246,9.109999656677246,9.145000457763672,9.109999656677246,9.140000343322754,12322.0
2024-09-16 12:22:00+00:00,RGLD,140.75999450683594,140.75999450683594,140.75999450683594,140.75999450683594,140.75999450683594,109.0
2024-09-16 12:22:00+00:00,SGML,10.100000381469727,10.100000381469727,10.100000381469727,10.09000015258789,10.09000015258789,1033.0
2024-09-16 12:22:00+00:00,SSRM,5.84499979019165,5.84499979019165,5.84499979019165,5.84499979019165,5.84499979019165,735.0
2024-09-16 12:22:00+00:00,STLD,111.36499786376953,111.36499786376953,111.36499786376953,111.36499786376953,111.36499786376953,831.0
2024-09-16 12:22:00+00:00,UFPI,122.88999938964844,122.88999938964844,122.88999938964844,122.88999938964844,122.88999938964844,465.0
2024-09-16 12:22:00+00:00,USAP,37.029998779296875,37.029998779296875,37.029998779296875,37.029998779296875,37.029998779296875,682.0
2024-09-16 12:22:00+00:00,USLM,84.70999908447266,84.70999908447266,84.70999908447266,84.70999908447266,84.70999908447266,545.0
2024-09-16 12:23:00+00:00,ALTO,1.5950000286102295,1.5950000286102295,1.5950000286102295,1.5950000286102295,1.5950000286102295,1300.0
2024-09-16 12:23:00+00:00,ASTL,10.220000267028809,10.220000267028809,10.220000267028809,10.210000038146973,10.210000038146973,737.0
2024-09-16 12:23:00+00:00,CENX,14.180000305175781,14.180000305175781,14.1899995803833,14.180000305175781,14.180000305175781,1874.0
2024-09-16 12:23:00+00:00,CNEY,0.6383000016212463,0.6383000016212463,0.6412000060081482,0.6220999956130981,0.640500009059906,355092.0
2024-09-16 12:23:00+00:00,GEVO,1.3450000286102295,1.3450000286102295,1.3499000072479248,1.3450000286102295,1.3450000286102295,12931.0
2024-09-16 12:23:00+00:00,MERC,6.340000152587891,6.340000152587891,6.340000152587891,6.300000190734863,6.300000190734863,3811.0
2024-09-16 12:23:00+00:00,METC,9.819999694824219,9.819999694824219,9.84000015258789,9.81879997253418,9.84000015258789,1428.0
2024-09-16 12:23:00+00:00,PAAS,21.260000228881836,21.260000228881836,21.28499984741211,21.259599685668945,21.260000228881836,12389.0
2024-09-16 12:23:00+00:00,PPTA,9.100000381469727,9.100000381469727,9.100000381469727,9.100000381469727,9.100000381469727,970.0
2024-09-16 12:23:00+00:00,RGLD,140.6999969482422,140.6999969482422,140.6999969482422,140.6999969482422,140.6999969482422,525.0
2024-09-16 12:23:00+00:00,SGML,10.100000381469727,10.100000381469727,10.100000381469727,10.100000381469727,10.100000381469727,1461.0
2024-09-16 12:23:00+00:00,SSRM,5.849999904632568,5.849999904632568,5.849999904632568,5.849999904632568,5.849999904632568,778.0
2024-09-16 12:23:00+00:00,STLD,111.41000366210938,111.41000366210938,111.41000366210938,111.36499786376953,111.36499786376953,1880.0
2024-09-16 12:23:00+00:00,TMC,1.0800000429153442,1.0800000429153442,1.0800000429153442,1.0750000476837158,1.0800000429153442,2711.0
2024-09-16 12:24:00+00:00,CENX,14.1899995803833,14.1899995803833,14.194999694824219,14.1899995803833,14.194999694824219,2882.0
2024-09-16 12:24:00+00:00,CNEY,0.6389999985694885,0.6389999985694885,0.6449999809265137,0.6270999908447266,0.6381999850273132,77371.0
2024-09-16 12:24:00+00:00,GEVO,1.3450000286102295,1.3450000286102295,1.350000023841858,1.3415000438690186,1.3450000286102295,6385.0
2024-09-16 12:24:00+00:00,GPRE,12.59000015258789,12.59000015258789,12.600000381469727,12.59000015258789,12.59000015258789,1082.0
2024-09-16 12:24:00+00:00,KALU,68.72000122070312,68.72000122070312,68.72000122070312,68.72000122070312,68.72000122070312,1569.0
2024-09-16 12:24:00+00:00,LWLG,2.5350000858306885,2.5350000858306885,2.5350000858306885,2.5350000858306885,2.5350000858306885,203.0
2024-09-16 12:24:00+00:00,PAAS,21.2549991607666,21.2549991607666,21.260000228881836,21.2450008392334,21.260000228881836,4211.0
2024-09-16 12:24:00+00:00,PPTA,9.100000381469727,9.100000381469727,9.100000381469727,9.100000381469727,9.100000381469727,757.0
2024-09-16 12:24:00+00:00,RGLD,140.67999267578125,140.67999267578125,140.67999267578125,140.67999267578125,140.67999267578125,251.0
2024-09-16 12:24:00+00:00,SGML,10.104999542236328,10.104999542236328,10.104999542236328,10.104999542236328,10.104999542236328,199.0
2024-09-16 12:24:00+00:00,SSRM,5.84499979019165,5.84499979019165,5.84499979019165,5.84499979019165,5.84499979019165,370.0
2024-09-16 12:24:00+00:00,STLD,111.27999877929688,111.27999877929688,111.37000274658203,111.27999877929688,111.37000274658203,1664.0
2024-09-16 12:24:00+00:00,TMC,1.0786999464035034,1.0786999464035034,1.0800000429153442,1.0786999464035034,1.0800000429153442,1505.0
2024-09-16 12:25:00+00:00,ASTL,10.25,10.25,10.25,10.229999542236328,10.229999542236328,732.0
2024-09-16 12:25:00+00:00,CENX,14.199999809265137,14.199999809265137,14.199999809265137,14.199999809265137,14.199999809265137,723.0
2024-09-16 12:25:00+00:00,CNEY,0.6272000074386597,0.6272000074386597,0.6389999985694885,0.6272000074386597,0.6299999952316284,107509.0
2024-09-16 12:25:00+00:00,FEAM,0.5101000070571899,0.5101000070571899,0.5101000070571899,0.5101000070571899,0.5101000070571899,311.0
2024-09-16 12:25:00+00:00,GEVO,1.3450000286102295,1.3450000286102295,1.3450000286102295,1.3450000286102295,1.3450000286102295,12333.0
2024-09-16 12:25:00+00:00,GPRE,12.609999656677246,12.609999656677246,12.609999656677246,12.609999656677246,12.609999656677246,892.0
2024-09-16 12:25:00+00:00,HWKN,117.32499694824219,117.32499694824219,117.32499694824219,117.32499694824219,117.32499694824219,420.0
2024-09-16 12:25:00+00:00,HYMC,2.5799999237060547,2.5799999237060547,2.5799999237060547,2.5799999237060547,2.5799999237060547,200.0
2024-09-16 12:25:00+00:00,LWLG,2.5350000858306885,2.5350000858306885,2.5399999618530273,2.5350000858306885,2.5399999618530273,657.0
2024-09-16 12:25:00+00:00,MEOH,38.157501220703125,38.157501220703125,38.165000915527344,38.157501220703125,38.165000915527344,846.0
2024-09-16 12:25:00+00:00,MERC,6.340000152587891,6.340000152587891,6.340000152587891,6.340000152587891,6.340000152587891,3765.0
2024-09-16 12:25:00+00:00,METC,9.819999694824219,9.819999694824219,9.819999694824219,9.819999694824219,9.819999694824219,438.0
2024-09-16 12:25:00+00:00,PAAS,21.290000915527344,21.290000915527344,21.290000915527344,21.260000228881836,21.260000228881836,2758.0
2024-09-16 12:25:00+00:00,PLL,6.9969000816345215,6.9969000816345215,7.0,6.96999979019165,6.96999979019165,3457.0
2024-09-16 12:25:00+00:00,PPTA,9.100000381469727,9.100000381469727,9.109999656677246,9.100000381469727,9.109999656677246,585.0
2024-09-16 12:25:00+00:00,RGLD,140.75999450683594,140.75999450683594,140.875,140.75999450683594,140.875,511.0
2024-09-16 12:25:00+00:00,SGML,10.109999656677246,10.109999656677246,10.109999656677246,10.109999656677246,10.109999656677246,239.0
2024-09-16 12:25:00+00:00,SSRM,5.851900100708008,5.851900100708008,5.855000019073486,5.840000152587891,5.84499979019165,1935.0
2024-09-16 12:25:00+00:00,STLD,111.3550033569336,111.3550033569336,111.38999938964844,111.23999786376953,111.23999786376953,2378.0
2024-09-16 12:25:00+00:00,TMC,1.0670000314712524,1.0670000314712524,1.0700000524520874,1.059999942779541,1.0700000524520874,10954.0
2024-09-16 12:25:00+00:00,UFPI,123.1449966430664,123.1449966430664,123.1449966430664,122.99500274658203,122.99500274658203,1076.0
2024-09-16 12:26:00+00:00,ALTO,1.600000023841858,1.600000023841858,1.600000023841858,1.600000023841858,1.600000023841858,1512.0
2024-09-16 12:26:00+00:00,ASTL,10.24120044708252,10.24120044708252,10.24120044708252,10.239999771118164,10.239999771118164,387.0
2024-09-16 12:26:00+00:00,CENX,14.204999923706055,14.204999923706055,14.204999923706055,14.204999923706055,14.204999923706055,1422.0
2024-09-16 12:26:00+00:00,CNEY,0.6280999779701233,0.6280999779701233,0.6388000249862671,0.6272000074386597,0.6370000243186951,35432.0
2024-09-16 12:26:00+00:00,GEVO,1.3450000286102295,1.3450000286102295,1.350000023841858,1.340000033378601,1.3450000286102295,6713.0
2024-09-16 12:26:00+00:00,GPRE,12.619999885559082,12.619999885559082,12.630000114440918,12.619999885559082,12.630000114440918,1696.0
2024-09-16 12:26:00+00:00,HDSN,7.860000133514404,7.860000133514404,7.860000133514404,7.849999904632568,7.849999904632568,1620.0
2024-09-16 12:26:00+00:00,HWKN,117.38999938964844,117.38999938964844,117.38999938964844,117.38999938964844,117.38999938964844,563.0
2024-09-16 12:26:00+00:00,HYMC,2.565999984741211,2.565999984741211,2.575000047683716,2.559999942779541,2.575000047683716,880.0
2024-09-16 12:26:00+00:00,LWLG,2.5450000762939453,2.5450000762939453,2.5450000762939453,2.539900064468384,2.539900064468384,14133.0
2024-09-16 12:26:00+00:00,MEOH,38.154998779296875,38.154998779296875,38.154998779296875,38.154998779296875,38.154998779296875,585.0
2024-09-16 12:26:00+00:00,METC,9.824999809265137,9.824999809265137,9.824999809265137,9.824999809265137,9.824999809265137,200.0
2024-09-16 12:26:00+00:00,PAAS,21.300100326538086,21.300100326538086,21.315000534057617,21.299999237060547,21.30500030517578,4056.0
2024-09-16 12:26:00+00:00,PLL,7.0,7.0,7.0,7.0,7.0,407.0
2024-09-16 12:26:00+00:00,RGLD,140.64999389648438,140.64999389648438,140.7899932861328,140.64999389648438,140.7899932861328,1099.0
2024-09-16 12:26:00+00:00,SSRM,5.860000133514404,5.860000133514404,5.864999771118164,5.860000133514404,5.860000133514404,2357.0
2024-09-16 12:26:00+00:00,STLD,111.4000015258789,111.4000015258789,111.4800033569336,111.4000015258789,111.44000244140625,1055.0
2024-09-16 12:26:00+00:00,TMC,1.065000057220459,1.065000057220459,1.065000057220459,1.065000057220459,1.065000057220459,7892.0
2024-09-16 12:26:00+00:00,WDFC,259.7149963378906,259.7149963378906,259.7149963378906,259.7149963378906,259.7149963378906,2857.0
2024-09-16 12:26:00+00:00,ZEUS,37.16999816894531,37.16999816894531,37.16999816894531,37.16999816894531,37.16999816894531,963.0
2024-09-16 12:27:00+00:00,ASTL,10.229999542236328,10.229999542236328,10.239999771118164,10.21500015258789,10.239999771118164,3320.0
2024-09-16 12:27:00+00:00,BIOX,8.667900085449219,8.667900085449219,8.667900085449219,8.667900085449219,8.667900085449219,1241.0
2024-09-16 12:27:00+00:00,CENX,14.279999732971191,14.279999732971191,14.279999732971191,14.210000038146973,14.210000038146973,5230.0
2024-09-16 12:27:00+00:00,CNEY,0.6309999823570251,0.6309999823570251,0.6342999935150146,0.6272000074386597,0.6280999779701233,120484.0
2024-09-16 12:27:00+00:00,CRKN,1.3600000143051147,1.3600000143051147,1.3600000143051147,1.350000023841858,1.350100040435791,1489.0
2024-09-16 12:27:00+00:00,GEVO,1.3450000286102295,1.3450000286102295,1.350000023841858,1.340000033378601,1.3450000286102295,27730.0
2024-09-16 12:27:00+00:00,GSM,4.156700134277344,4.156700134277344,4.156700134277344,4.150000095367432,4.150000095367432,3072.0
2024-09-16 12:27:00+00:00,HYMC,2.5899999141693115,2.5899999141693115,2.5899999141693115,2.5899999141693115,2.5899999141693115,301.0
2024-09-16 12:27:00+00:00,KALU,69.15499877929688,69.15499877929688,69.15499877929688,68.91000366210938,68.9800033569336,922.0
2024-09-16 12:27:00+00:00,LWLG,2.5450000762939453,2.5450000762939453,2.5450000762939453,2.5450000762939453,2.5450000762939453,600.0
2024-09-16 12:27:00+00:00,MERC,6.340000152587891,6.340000152587891,6.3460001945495605,6.340000152587891,6.3460001945495605,306.0
2024-09-16 12:27:00+00:00,METC,9.84000015258789,9.84000015258789,9.84000015258789,9.84000015258789,9.84000015258789,1166.0
2024-09-16 12:27:00+00:00,ORGN,1.5199999809265137,1.5199999809265137,1.5199999809265137,1.5199999809265137,1.5199999809265137,1076.0
2024-09-16 12:27:00+00:00,PAAS,21.30500030517578,21.30500030517578,21.309999465942383,21.290000915527344,21.290000915527344,5899.0
2024-09-16 12:27:00+00:00,PLL,7.019999980926514,7.019999980926514,7.079999923706055,7.0,7.0,12611.0
2024-09-16 12:27:00+00:00,RGLD,140.77000427246094,140.77000427246094,140.77000427246094,140.77000427246094,140.77000427246094,945.0
2024-09-16 12:27:00+00:00,SGML,10.149999618530273,10.149999618530273,10.149999618530273,10.130000114440918,10.130000114440918,1344.0
2024-09-16 12:27:00+00:00,SSRM,5.864999771118164,5.864999771118164,5.864999771118164,5.860000133514404,5.860000133514404,549.0
2024-09-16 12:27:00+00:00,TMC,1.0750000476837158,1.0750000476837158,1.0800000429153442,1.0700000524520874,1.0700000524520874,5200.0
2024-09-16 12:28:00+00:00,ALTO,1.6050000190734863,1.6050000190734863,1.6050000190734863,1.6002999544143677,1.6002999544143677,5409.0
2024-09-16 12:28:00+00:00,CENX,14.300000190734863,14.300000190734863,14.300000190734863,14.289999961853027,14.295000076293945,754.0
2024-09-16 12:28:00+00:00,CNEY,0.6133999824523926,0.6133999824523926,0.6380000114440918,0.6055999994277954,0.6340000033378601,187195.0
2024-09-16 12:28:00+00:00,GEVO,1.3450000286102295,1.3450000286102295,1.350000023841858,1.3408000469207764,1.3450000286102295,14288.0
2024-09-16 12:28:00+00:00,GPRE,12.64009952545166,12.64009952545166,12.64009952545166,12.64009952545166,12.64009952545166,684.0
2024-09-16 12:28:00+00:00,GSM,4.156000137329102,4.156000137329102,4.156000137329102,4.150000095367432,4.150000095367432,588.0
2024-09-16 12:28:00+00:00,HUDI,2.009999990463257,2.009999990463257,2.009999990463257,2.009999990463257,2.009999990463257,1883.0
2024-09-16 12:28:00+00:00,IOSP,110.25,110.25,110.25499725341797,110.25,110.25499725341797,1603.0
2024-09-16 12:28:00+00:00,MERC,6.340000152587891,6.340000152587891,6.340000152587891,6.340000152587891,6.340000152587891,222.0
2024-09-16 12:28:00+00:00,METC,9.850000381469727,9.850000381469727,9.85990047454834,9.850000381469727,9.85990047454834,2522.0
2024-09-16 12:28:00+00:00,ORGN,1.5200999975204468,1.5200999975204468,1.524999976158142,1.5200999975204468,1.524999976158142,570.0
2024-09-16 12:28:00+00:00,PAAS,21.315000534057617,21.315000534057617,21.329999923706055,21.309999465942383,21.309999465942383,10534.0
2024-09-16 12:28:00+00:00,PLL,7.019999980926514,7.019999980926514,7.019999980926514,7.019999980926514,7.019999980926514,283.0
2024-09-16 12:28:00+00:00,SSRM,5.869999885559082,5.869999885559082,5.869999885559082,5.864999771118164,5.864999771118164,932.0
2024-09-16 12:28:00+00:00,STLD,111.38999938964844,111.38999938964844,111.38999938964844,111.38999938964844,111.38999938964844,131.0
2024-09-16 12:28:00+00:00,TMC,1.0800000429153442,1.0800000429153442,1.0800000429153442,1.079699993133545,1.079699993133545,1816.0
2024-09-16 12:29:00+00:00,CENX,14.300000190734863,14.300000190734863,14.300000190734863,14.300000190734863,14.300000190734863,865.0
2024-09-16 12:29:00+00:00,CNEY,0.6067000031471252,0.6067000031471252,0.6166999936103821,0.6067000031471252,0.6133999824523926,95413.0
2024-09-16 12:29:00+00:00,GEVO,1.340000033378601,1.340000033378601,1.350000023841858,1.340000033378601,1.3450000286102295,16760.0
2024-09-16 12:29:00+00:00,GSM,4.15500020980835,4.15500020980835,4.15500020980835,4.15500020980835,4.15500020980835,249.0
2024-09-16 12:29:00+00:00,LWLG,2.5450000762939453,2.5450000762939453,2.5485000610351562,2.5450000762939453,2.5485000610351562,1199.0
2024-09-16 12:29:00+00:00,MERC,6.329999923706055,6.329999923706055,6.329999923706055,6.329999923706055,6.329999923706055,2269.0
2024-09-16 12:29:00+00:00,METC,9.850000381469727,9.850000381469727,9.850000381469727,9.850000381469727,9.850000381469727,1363.0
2024-09-16 12:29:00+00:00,ORGN,1.524999976158142,1.524999976158142,1.524999976158142,1.524999976158142,1.524999976158142,165.0
2024-09-16 12:29:00+00:00,PAAS,21.315000534057617,21.315000534057617,21.31999969482422,21.309999465942383,21.315000534057617,1495.0
2024-09-16 12:29:00+00:00,PLL,7.049900054931641,7.049900054931641,7.049900054931641,7.034999847412109,7.034999847412109,404.0
2024-09-16 12:29:00+00:00,RKDA,2.869999885559082,2.869999885559082,2.869999885559082,2.799999952316284,2.799999952316284,557.0
2024-09-16 12:29:00+00:00,SSRM,5.864999771118164,5.864999771118164,5.864999771118164,5.860000133514404,5.860000133514404,847.0
2024-09-16 12:29:00+00:00,STLD,111.43000030517578,111.43000030517578,111.45999908447266,111.37999725341797,111.37999725341797,3935.0
2024-09-16 12:29:00+00:00,TMC,1.0750000476837158,1.0750000476837158,1.0750000476837158,1.0750000476837158,1.0750000476837158,135.0
2024-09-16 12:29:00+00:00,ZEUS,37.099998474121094,37.099998474121094,37.099998474121094,37.099998474121094,37.099998474121094,3043.0
2024-09-16 12:30:00+00:00,BIOX,8.630000114440918,8.630000114440918,8.659000396728516,8.630000114440918,8.659000396728516,1898.0
2024-09-16 12:30:00+00:00,CENX,14.25,14.25,14.300000190734863,14.239999771118164,14.295000076293945,5523.0
2024-09-16 12:30:00+00:00,CNEY,0.6122000217437744,0.6122000217437744,0.6195999979972839,0.6057999730110168,0.6067000031471252,115348.0
2024-09-16 12:30:00+00:00,GEVO,1.3450000286102295,1.3450000286102295,1.350000023841858,1.3415000438690186,1.3450000286102295,17710.0
2024-09-16 12:30:00+00:00,GPRE,12.645000457763672,12.645000457763672,12.645000457763672,12.645000457763672,12.645000457763672,548.0
2024-09-16 12:30:00+00:00,LWLG,2.5450000762939453,2.5450000762939453,2.5450000762939453,2.5450000762939453,2.5450000762939453,520.0
2024-09-16 12:30:00+00:00,MEOH,38.189998626708984,38.189998626708984,38.189998626708984,38.189998626708984,38.189998626708984,1248.0
2024-09-16 12:30:00+00:00,METC,9.875,9.875,9.875,9.859999656677246,9.859999656677246,977.0
2024-09-16 12:30:00+00:00,PAAS,21.315000534057617,21.315000534057617,21.31999969482422,21.315000534057617,21.315000534057617,2652.0
2024-09-16 12:30:00+00:00,PLL,7.034999847412109,7.034999847412109,7.034999847412109,7.034999847412109,7.034999847412109,201.0
2024-09-16 12:30:00+00:00,SSRM,5.869999885559082,5.869999885559082,5.869999885559082,5.869999885559082,5.869999885559082,1073.0
2024-09-16 12:30:00+00:00,STLD,111.4800033569336,111.4800033569336,111.4800033569336,111.44999694824219,111.44999694824219,817.0
2024-09-16 12:30:00+00:00,TMC,1.090000033378601,1.090000033378601,1.090000033378601,1.0800000429153442,1.0800000429153442,2571.0
2024-09-16 12:30:00+00:00,UFPI,123.38999938964844,123.38999938964844,123.38999938964844,123.38999938964844,123.38999938964844,2263.0
2024-09-16 12:31:00+00:00,ALTO,1.600100040435791,1.600100040435791,1.600100040435791,1.600100040435791,1.600100040435791,564.0
2024-09-16 12:31:00+00:00,CENX,14.246199607849121,14.246199607849121,14.246199607849121,14.244999885559082,14.244999885559082,640.0
2024-09-16 12:31:00+00:00,CNEY,0.5755000114440918,0.5755000114440918,0.6118999719619751,0.5600000023841858,0.6080999970436096,475843.0
2024-09-16 12:31:00+00:00,GEVO,1.3450000286102295,1.3450000286102295,1.350000023841858,1.340000033378601,1.340000033378601,8135.0
2024-09-16 12:31:00+00:00,GSM,4.15500020980835,4.15500020980835,4.15500020980835,4.15500020980835,4.15500020980835,153.0
2024-09-16 12:31:00+00:00,LITM,0.328000009059906,0.328000009059906,0.328000009059906,0.328000009059906,0.328000009059906,601.0
2024-09-16 12:31:00+00:00,LWLG,2.5450000762939453,2.5450000762939453,2.5450000762939453,2.5450000762939453,2.5450000762939453,301.0
2024-09-16 12:31:00+00:00,MEOH,38.13999938964844,38.13999938964844,38.189998626708984,38.13999938964844,38.189998626708984,1341.0
2024-09-16 12:31:00+00:00,METC,9.835000038146973,9.835000038146973,9.890000343322754,9.83080005645752,9.890000343322754,2182.0
2024-09-16 12:31:00+00:00,PAAS,21.310199737548828,21.310199737548828,21.31999969482422,21.309999465942383,21.315000534057617,5581.0
2024-09-16 12:31:00+00:00,PLL,7.03000020980835,7.03000020980835,7.034999847412109,7.03000020980835,7.034999847412109,442.0
2024-09-16 12:31:00+00:00,PPTA,9.069999694824219,9.069999694824219,9.069999694824219,9.069999694824219,9.069999694824219,128.0
2024-09-16 12:31:00+00:00,SSRM,5.869999885559082,5.869999885559082,5.869999885559082,5.869999885559082,5.869999885559082,411.0
2024-09-16 12:31:00+00:00,STLD,111.41999816894531,111.41999816894531,111.45800018310547,111.41999816894531,111.44000244140625,1481.0
2024-09-16 12:31:00+00:00,TMC,1.090000033378601,1.090000033378601,1.090000033378601,1.090000033378601,1.090000033378601,3269.0
2024-09-16 12:32:00+00:00,ALTO,1.600000023841858,1.600000023841858,1.6050000190734863,1.600000023841858,1.600000023841858,1124.0
2024-09-16 12:32:00+00:00,ASTL,10.229999542236328,10.229999542236328,10.229999542236328,10.229999542236328,10.229999542236328,647.0
2024-09-16 12:32:00+00:00,CENX,14.225000381469727,14.225000381469727,14.229999542236328,14.225000381469727,14.229999542236328,1157.0
2024-09-16 12:32:00+00:00,CNEY,0.5741999745368958,0.5741999745368958,0.5831999778747559,0.5701000094413757,0.572700023651123,228904.0
2024-09-16 12:32:00+00:00,GEVO,1.3450000286102295,1.3450000286102295,1.3499000072479248,1.3450000286102295,1.3480000495910645,7089.0
2024-09-16 12:32:00+00:00,GSM,4.144999980926514,4.144999980926514,4.15500020980835,4.144999980926514,4.150000095367432,4383.0
2024-09-16 12:32:00+00:00,HDSN,7.849999904632568,7.849999904632568,7.849999904632568,7.849999904632568,7.849999904632568,795.0
2024-09-16 12:32:00+00:00,HWKN,117.28500366210938,117.28500366210938,117.28500366210938,117.28500366210938,117.28500366210938,349.0
2024-09-16 12:32:00+00:00,LITM,0.33079999685287476,0.33079999685287476,0.33079999685287476,0.33079999685287476,0.33079999685287476,825.0
2024-09-16 12:32:00+00:00,MEOH,38.15999984741211,38.15999984741211,38.15999984741211,38.15999984741211,38.15999984741211,200.0
2024-09-16 12:32:00+00:00,MERC,6.309999942779541,6.309999942779541,6.309999942779541,6.309999942779541,6.309999942779541,981.0
2024-09-16 12:32:00+00:00,METC,9.829999923706055,9.829999923706055,9.829999923706055,9.829999923706055,9.829999923706055,143.0
2024-09-16 12:32:00+00:00,PAAS,21.30500030517578,21.30500030517578,21.31999969482422,21.299999237060547,21.31999969482422,3274.0
2024-09-16 12:32:00+00:00,PLL,7.03000020980835,7.03000020980835,7.03000020980835,7.025000095367432,7.03000020980835,1224.0
2024-09-16 12:32:00+00:00,SGML,10.154999732971191,10.154999732971191,10.154999732971191,10.140000343322754,10.140000343322754,1117.0
2024-09-16 12:32:00+00:00,SSRM,5.860000133514404,5.860000133514404,5.869999885559082,5.860000133514404,5.869999885559082,2656.0
2024-09-16 12:32:00+00:00,TMC,1.090000033378601,1.090000033378601,1.090000033378601,1.0850000381469727,1.090000033378601,5274.0
2024-09-16 12:32:00+00:00,USAP,36.9900016784668,36.9900016784668,37.09000015258789,36.9900016784668,37.09000015258789,939.0
2024-09-16 12:33:00+00:00,ASTL,10.225000381469727,10.225000381469727,10.225000381469727,10.225000381469727,10.225000381469727,310.0
2024-09-16 12:33:00+00:00,CENX,14.220000267028809,14.220000267028809,14.229999542236328,14.220000267028809,14.225000381469727,1656.0
2024-09-16 12:33:00+00:00,CNEY,0.5740000009536743,0.5740000009536743,0.5823000073432922,0.5728999972343445,0.5728999972343445,153785.0
2024-09-16 12:33:00+00:00,FEAM,0.5105999708175659,0.5105999708175659,0.5105999708175659,0.5105999708175659,0.5105999708175659,217.0
2024-09-16 12:33:00+00:00,GEVO,1.3450000286102295,1.3450000286102295,1.350000023841858,1.340000033378601,1.3497999906539917,32516.0
2024-09-16 12:33:00+00:00,GPRE,12.630000114440918,12.630000114440918,12.630000114440918,12.630000114440918,12.630000114440918,1372.0
2024-09-16 12:33:00+00:00,HDSN,7.849999904632568,7.849999904632568,7.849999904632568,7.84499979019165,7.84499979019165,1202.0
2024-09-16 12:33:00+00:00,MERC,6.309999942779541,6.309999942779541,6.309999942779541,6.309999942779541,6.309999942779541,1927.0
2024-09-16 12:33:00+00:00,METC,9.819999694824219,9.819999694824219,9.819999694824219,9.819999694824219,9.819999694824219,443.0
2024-09-16 12:33:00+00:00,ORGN,1.5200999975204468,1.5200999975204468,1.5200999975204468,1.5200999975204468,1.5200999975204468,330.0
2024-09-16 12:33:00+00:00,PAAS,21.290000915527344,21.290000915527344,21.30500030517578,21.280000686645508,21.299999237060547,8308.0
2024-09-16 12:33:00+00:00,PLL,7.059500217437744,7.059500217437744,7.059999942779541,7.034999847412109,7.034999847412109,4463.0
2024-09-16 12:33:00+00:00,PPTA,9.0600004196167,9.0600004196167,9.0600004196167,9.0600004196167,9.0600004196167,309.0
2024-09-16 12:33:00+00:00,SGML,10.15999984741211,10.15999984741211,10.15999984741211,10.15999984741211,10.15999984741211,866.0
2024-09-16 12:33:00+00:00,SMID,34.994998931884766,34.994998931884766,34.994998931884766,34.994998931884766,34.994998931884766,400.0
2024-09-16 12:33:00+00:00,SSRM,5.855000019073486,5.855000019073486,5.855000019073486,5.849999904632568,5.849999904632568,1251.0
2024-09-16 12:33:00+00:00,TMC,1.0851999521255493,1.0851999521255493,1.0851999521255493,1.0851999521255493,1.0851999521255493,590.0
2024-09-16 12:34:00+00:00,CENX,14.220000267028809,14.220000267028809,14.220000267028809,14.199999809265137,14.199999809265137,1904.0
2024-09-16 12:34:00+00:00,CNEY,0.5834000110626221,0.5834000110626221,0.5993000268936157,0.5740000009536743,0.5740000009536743,147158.0
2024-09-16 12:34:00+00:00,GEVO,1.340499997138977,1.340499997138977,1.350000023841858,1.340000033378601,1.3450000286102295,14218.0
2024-09-16 12:34:00+00:00,GPRE,12.638199806213379,12.638199806213379,12.638199806213379,12.638199806213379,12.638199806213379,327.0
2024-09-16 12:34:00+00:00,LWLG,2.5450000762939453,2.5450000762939453,2.5450000762939453,2.5450000762939453,2.5450000762939453,708.0
2024-09-16 12:34:00+00:00,PAAS,21.315000534057617,21.315000534057617,21.315000534057617,21.299999237060547,21.299999237060547,3141.0
2024-09-16 12:34:00+00:00,PLL,7.070000171661377,7.070000171661377,7.072000026702881,7.070000171661377,7.072000026702881,1204.0
2024-09-16 12:34:00+00:00,PPTA,9.0600004196167,9.0600004196167,9.0600004196167,9.050000190734863,9.050000190734863,2171.0
2024-09-16 12:34:00+00:00,RGLD,140.7899932861328,140.7899932861328,140.7899932861328,140.75,140.75,2850.0
2024-09-16 12:34:00+00:00,SMID,35.118499755859375,35.118499755859375,35.118499755859375,35.118499755859375,35.118499755859375,0.0
2024-09-16 12:34:00+00:00,SSRM,5.860000133514404,5.860000133514404,5.860000133514404,5.855000019073486,5.855000019073486,1146.0
2024-09-16 12:34:00+00:00,STLD,111.41000366210938,111.41000366210938,111.41000366210938,111.375,111.375,1281.0
2024-09-16 12:34:00+00:00,TMC,1.0800000429153442,1.0800000429153442,1.100000023841858,1.0800000429153442,1.100000023841858,6194.0
2024-09-16 12:34:00+00:00,USAU,5.840000152587891,5.840000152587891,5.840000152587891,5.840000152587891,5.840000152587891,245.0
2024-09-16 12:35:00+00:00,ALTO,1.5950000286102295,1.5950000286102295,1.600000023841858,1.5950000286102295,1.600000023841858,5336.0
2024-09-16 12:35:00+00:00,CENX,14.239999771118164,14.239999771118164,14.239999771118164,14.229999542236328,14.229999542236328,578.0
2024-09-16 12:35:00+00:00,CNEY,0.5800999999046326,0.5800999999046326,0.5914999842643738,0.5799999833106995,0.5878999829292297,89431.0
2024-09-16 12:35:00+00:00,GEVO,1.3450000286102295,1.3450000286102295,1.3494000434875488,1.340000033378601,1.3482999801635742,6553.0
2024-09-16 12:35:00+00:00,GPRE,12.649999618530273,12.649999618530273,12.654999732971191,12.649999618530273,12.649999618530273,2321.0
2024-09-16 12:35:00+00:00,HWKN,117.29000091552734,117.29000091552734,117.29000091552734,117.29000091552734,117.29000091552734,1942.0
2024-09-16 12:35:00+00:00,KALU,69.18499755859375,69.18499755859375,69.18499755859375,69.18499755859375,69.18499755859375,203.0
2024-09-16 12:35:00+00:00,MEOH,38.119998931884766,38.119998931884766,38.14500045776367,38.119998931884766,38.14500045776367,308.0
2024-09-16 12:35:00+00:00,MERC,6.300000190734863,6.300000190734863,6.300000190734863,6.300000190734863,6.300000190734863,382.0
2024-09-16 12:35:00+00:00,METC,9.835000038146973,9.835000038146973,9.835000038146973,9.829999923706055,9.829999923706055,1239.0
2024-09-16 12:35:00+00:00,ORGN,1.5255999565124512,1.5255999565124512,1.5255999565124512,1.5255999565124512,1.5255999565124512,500.0
2024-09-16 12:35:00+00:00,PAAS,21.309999465942383,21.309999465942383,21.334999084472656,21.309999465942383,21.31999969482422,4553.0
2024-09-16 12:35:00+00:00,PLL,7.09499979019165,7.09499979019165,7.09499979019165,7.079999923706055,7.079999923706055,1339.0
2024-09-16 12:35:00+00:00,PPTA,9.04520034790039,9.04520034790039,9.04520034790039,9.04520034790039,9.04520034790039,1192.0
2024-09-16 12:35:00+00:00,RGLD,140.8000030517578,140.8000030517578,140.88999938964844,140.77000427246094,140.85000610351562,4473.0
2024-09-16 12:35:00+00:00,SSRM,5.864999771118164,5.864999771118164,5.864999771118164,5.864999771118164,5.864999771118164,977.0
2024-09-16 12:35:00+00:00,STLD,111.43499755859375,111.43499755859375,111.43499755859375,111.43499755859375,111.43499755859375,641.0
2024-09-16 12:35:00+00:00,TMC,1.0800000429153442,1.0800000429153442,1.0800000429153442,1.0800000429153442,1.0800000429153442,217.0
2024-09-16 12:35:00+00:00,USAU,5.849999904632568,5.849999904632568,5.849999904632568,5.849999904632568,5.849999904632568,196.0
2024-09-16 12:36:00+00:00,CENX,14.229999542236328,14.229999542236328,14.239999771118164,14.229999542236328,14.239999771118164,672.0
2024-09-16 12:36:00+00:00,CNEY,0.5898000001907349,0.5898000001907349,0.5898000001907349,0.5802000164985657,0.5802000164985657,58055.0
2024-09-16 12:36:00+00:00,GEVO,1.3450000286102295,1.3450000286102295,1.3485000133514404,1.3450000286102295,1.3450000286102295,2576.0
2024-09-16 12:36:00+00:00,GPRE,12.630000114440918,12.630000114440918,12.640000343322754,12.630000114440918,12.640000343322754,767.0
2024-09-16 12:36:00+00:00,GSM,4.145999908447266,4.145999908447266,4.145999908447266,4.139999866485596,4.139999866485596,407.0
2024-09-16 12:36:00+00:00,HUDI,2.0,2.0,2.0,2.0,2.0,761.0
2024-09-16 12:36:00+00:00,IOSP,110.11000061035156,110.11000061035156,110.11000061035156,110.11000061035156,110.11000061035156,535.0
2024-09-16 12:36:00+00:00,KALU,69.16999816894531,69.16999816894531,69.16999816894531,69.01000213623047,69.01000213623047,574.0
2024-09-16 12:36:00+00:00,LWLG,2.5450000762939453,2.5450000762939453,2.5450000762939453,2.5450000762939453,2.5450000762939453,3186.0
2024-09-16 12:36:00+00:00,MEOH,38.14500045776367,38.14500045776367,38.14500045776367,38.14500045776367,38.14500045776367,127.0
2024-09-16 12:36:00+00:00,MERC,6.304999828338623,6.304999828338623,6.304999828338623,6.304999828338623,6.304999828338623,660.0
2024-09-16 12:36:00+00:00,METC,9.8100004196167,9.8100004196167,9.8100004196167,9.8100004196167,9.8100004196167,350.0
2024-09-16 12:36:00+00:00,ORGN,1.5305999517440796,1.5305999517440796,1.5384999513626099,1.5298999547958374,1.5298999547958374,26338.0
2024-09-16 12:36:00+00:00,PAAS,21.31999969482422,21.31999969482422,21.31999969482422,21.309999465942383,21.31679916381836,1933.0
2024-09-16 12:36:00+00:00,PLL,7.073999881744385,7.073999881744385,7.090000152587891,7.070099830627441,7.079999923706055,2039.0
2024-09-16 12:36:00+00:00,RGLD,140.74000549316406,140.74000549316406,140.74000549316406,140.74000549316406,140.74000549316406,1481.0
2024-09-16 12:36:00+00:00,SGML,10.149999618530273,10.149999618530273,10.149999618530273,10.149999618530273,10.149999618530273,351.0
2024-09-16 12:36:00+00:00,SSRM,5.855000019073486,5.855000019073486,5.860000133514404,5.855000019073486,5.860000133514404,2512.0
2024-09-16 12:36:00+00:00,TMC,1.0891000032424927,1.0891000032424927,1.0891000032424927,1.0850000381469727,1.0850000381469727,1776.0
2024-09-16 12:37:00+00:00,CENX,14.229999542236328,14.229999542236328,14.229999542236328,14.220000267028809,14.220000267028809,512.0
2024-09-16 12:37:00+00:00,CNEY,0.5781000256538391,0.5781000256538391,0.5898000001907349,0.5770000219345093,0.5898000001907349,136917.0
2024-09-16 12:37:00+00:00,GEVO,1.3487999439239502,1.3487999439239502,1.3487999439239502,1.3450000286102295,1.3450000286102295,1843.0
2024-09-16 12:37:00+00:00,GPRE,12.640000343322754,12.640000343322754,12.640000343322754,12.640000343322754,12.640000343322754,1529.0
2024-09-16 12:37:00+00:00,GSM,4.144999980926514,4.144999980926514,4.144999980926514,4.144999980926514,4.144999980926514,410.0
2024-09-16 12:37:00+00:00,HDSN,7.860000133514404,7.860000133514404,7.860000133514404,7.860000133514404,7.860000133514404,362.0
2024-09-16 12:37:00+00:00,METC,9.819999694824219,9.819999694824219,9.819999694824219,9.8100004196167,9.819999694824219,1695.0
2024-09-16 12:37:00+00:00,PAAS,21.315000534057617,21.315000534057617,21.329999923706055,21.299999237060547,21.31999969482422,7389.0
2024-09-16 12:37:00+00:00,SSRM,5.864999771118164,5.864999771118164,5.864999771118164,5.849999904632568,5.849999904632568,2994.0
2024-09-16 12:37:00+00:00,STLD,111.4000015258789,111.4000015258789,111.4000015258789,111.4000015258789,111.4000015258789,440.0
2024-09-16 12:37:00+00:00,TMC,1.090000033378601,1.090000033378601,1.100000023841858,1.090000033378601,1.100000023841858,1100.0
2024-09-16 12:37:00+00:00,USLM,85.16999816894531,85.16999816894531,85.16999816894531,85.16999816894531,85.16999816894531,1211.0
2024-09-16 12:38:00+00:00,ASTL,10.234999656677246,10.234999656677246,10.234999656677246,10.220000267028809,10.220000267028809,1122.0
2024-09-16 12:38:00+00:00,BIOX,8.625,8.625,8.649999618530273,8.625,8.649999618530273,1445.0
2024-09-16 12:38:00+00:00,CENX,14.25,14.25,14.25,14.229999542236328,14.229999542236328,1038.0
2024-09-16 12:38:00+00:00,CNEY,0.5701000094413757,0.5701000094413757,0.5845999717712402,0.5641999840736389,0.5845999717712402,101364.0
2024-09-16 12:38:00+00:00,GEVO,1.350000023841858,1.350000023841858,1.350000023841858,1.3450000286102295,1.3483999967575073,3595.0
2024-09-16 12:38:00+00:00,GSM,4.144999980926514,4.144999980926514,4.144999980926514,4.144000053405762,4.144000053405762,420.0
2024-09-16 12:38:00+00:00,HYMC,2.5999999046325684,2.5999999046325684,2.5999999046325684,2.5999999046325684,2.5999999046325684,1909.0
2024-09-16 12:38:00+00:00,LGO,1.7200000286102295,1.7200000286102295,1.7200000286102295,1.7200000286102295,1.7200000286102295,8494.0
2024-09-16 12:38:00+00:00,LWLG,2.5499000549316406,2.5499000549316406,2.5499000549316406,2.5450000762939453,2.5450000762939453,2777.0
2024-09-16 12:38:00+00:00,MERC,6.300000190734863,6.300000190734863,6.300000190734863,6.300000190734863,6.300000190734863,359.0
2024-09-16 12:38:00+00:00,METC,9.819999694824219,9.819999694824219,9.819999694824219,9.819999694824219,9.819999694824219,163.0
2024-09-16 12:38:00+00:00,ORGN,1.534999966621399,1.534999966621399,1.534999966621399,1.534999966621399,1.534999966621399,123.0
2024-09-16 12:38:00+00:00,PAAS,21.325000762939453,21.325000762939453,21.329999923706055,21.315000534057617,21.315000534057617,4319.0
2024-09-16 12:38:00+00:00,PPTA,9.029999732971191,9.029999732971191,9.039999961853027,9.029999732971191,9.039999961853027,1572.0
2024-09-16 12:38:00+00:00,RGLD,140.77000427246094,140.77000427246094,140.77000427246094,140.77000427246094,140.77000427246094,424.0
2024-09-16 12:38:00+00:00,SGML,10.149999618530273,10.149999618530273,10.149999618530273,10.149999618530273,10.149999618530273,2072.0
2024-09-16 12:38:00+00:00,SSRM,5.864999771118164,5.864999771118164,5.864999771118164,5.864999771118164,5.864999771118164,648.0
2024-09-16 12:38:00+00:00,STLD,111.4000015258789,111.4000015258789,111.4000015258789,111.4000015258789,111.4000015258789,509.0
2024-09-16 12:38:00+00:00,TMC,1.100000023841858,1.100000023841858,1.100000023841858,1.100000023841858,1.100000023841858,1449.0
2024-09-16 12:39:00+00:00,ALTO,1.600000023841858,1.600000023841858,1.600000023841858,1.600000023841858,1.600000023841858,111.0
2024-09-16 12:39:00+00:00,ASTL,10.229999542236328,10.229999542236328,10.229999542236328,10.229999542236328,10.229999542236328,102.0
2024-09-16 12:39:00+00:00,CENX,14.239999771118164,14.239999771118164,14.239999771118164,14.239999771118164,14.239999771118164,116.0
2024-09-16 12:39:00+00:00,CNEY,0.5709999799728394,0.5709999799728394,0.5755000114440918,0.5651000142097473,0.5755000114440918,47769.0
2024-09-16 12:39:00+00:00,CRKN,1.3600000143051147,1.3600000143051147,1.3600000143051147,1.3600000143051147,1.3600000143051147,1738.0
2024-09-16 12:39:00+00:00,FEAM,0.5329999923706055,0.5329999923706055,0.5329999923706055,0.5329999923706055,0.5329999923706055,265.0
2024-09-16 12:39:00+00:00,GEVO,1.3650000095367432,1.3650000095367432,1.36899995803833,1.340000033378601,1.3494000434875488,105022.0
2024-09-16 12:39:00+00:00,GSM,4.144999980926514,4.144999980926514,4.144999980926514,4.144999980926514,4.144999980926514,130.0
2024-09-16 12:39:00+00:00,HDSN,7.860000133514404,7.860000133514404,7.860000133514404,7.860000133514404,7.860000133514404,803.0
2024-09-16 12:39:00+00:00,MEOH,38.14500045776367,38.14500045776367,38.14500045776367,38.14500045776367,38.14500045776367,624.0
2024-09-16 12:39:00+00:00,MERC,6.300000190734863,6.300000190734863,6.300000190734863,6.300000190734863,6.300000190734863,1044.0
2024-09-16 12:39:00+00:00,METC,9.829999923706055,9.829999923706055,9.829999923706055,9.829999923706055,9.829999923706055,117.0
2024-09-16 12:39:00+00:00,PAAS,21.329999923706055,21.329999923706055,21.329999923706055,21.315000534057617,21.325000762939453,5536.0
2024-09-16 12:39:00+00:00,PLL,7.090000152587891,7.090000152587891,7.090000152587891,7.090000152587891,7.090000152587891,151.0
2024-09-16 12:39:00+00:00,RGLD,140.75999450683594,140.75999450683594,140.75999450683594,140.75999450683594,140.75999450683594,229.0
2024-09-16 12:39:00+00:00,SSRM,5.864999771118164,5.864999771118164,5.864999771118164,5.864999771118164,5.864999771118164,508.0
2024-09-16 12:39:00+00:00,STLD,111.40499877929688,111.40499877929688,111.40499877929688,111.40499877929688,111.40499877929688,835.0
2024-09-16 12:39:00+00:00,TMC,1.0800000429153442,1.0800000429153442,1.0989999771118164,1.0800000429153442,1.0800000429153442,7465.0
2024-09-16 12:39:00+00:00,USLM,85.04000091552734,85.04000091552734,85.04000091552734,85.04000091552734,85.04000091552734,207.0
2024-09-16 12:40:00+00:00,ASTL,10.239999771118164,10.239999771118164,10.239999771118164,10.239999771118164,10.239999771118164,455.0
2024-09-16 12:40:00+00:00,CENX,14.220000267028809,14.220000267028809,14.25,14.220000267028809,14.25,1121.0
2024-09-16 12:40:00+00:00,CNEY,0.5644999742507935,0.5644999742507935,0.5699999928474426,0.5644999742507935,0.5699999928474426,47917.0
2024-09-16 12:40:00+00:00,GEVO,1.3650000095367432,1.3650000095367432,1.3700000047683716,1.3645000457763672,1.3650000095367432,20402.0
2024-09-16 12:40:00+00:00,GSM,4.144999980926514,4.144999980926514,4.150000095367432,4.139999866485596,4.150000095367432,6201.0
2024-09-16 12:40:00+00:00,KALU,68.66999816894531,68.66999816894531,69.01000213623047,68.66999816894531,69.01000213623047,1000.0
2024-09-16 12:40:00+00:00,MERC,6.289999961853027,6.289999961853027,6.295000076293945,6.289999961853027,6.295000076293945,1395.0
2024-09-16 12:40:00+00:00,METC,9.8100004196167,9.8100004196167,9.819999694824219,9.8100004196167,9.819999694824219,1916.0
2024-09-16 12:40:00+00:00,PAAS,21.309999465942383,21.309999465942383,21.334999084472656,21.309999465942383,21.334999084472656,5901.0
2024-09-16 12:40:00+00:00,PLL,7.079999923706055,7.079999923706055,7.079999923706055,7.079999923706055,7.079999923706055,2164.0
2024-09-16 12:40:00+00:00,RGLD,140.760498046875,140.760498046875,140.760498046875,140.760498046875,140.760498046875,740.0
2024-09-16 12:40:00+00:00,SGML,10.175000190734863,10.175000190734863,10.175000190734863,10.15999984741211,10.15999984741211,2024.0
2024-09-16 12:40:00+00:00,SSRM,5.864999771118164,5.864999771118164,5.864999771118164,5.864999771118164,5.864999771118164,855.0
2024-09-16 12:40:00+00:00,STLD,111.38999938964844,111.38999938964844,111.45999908447266,111.38999938964844,111.40499877929688,3720.0
2024-09-16 12:40:00+00:00,TMC,1.0800000429153442,1.0800000429153442,1.100000023841858,1.0800000429153442,1.100000023841858,1215.0
2024-09-16 12:40:00+00:00,USLM,85.08000183105469,85.08000183105469,85.08000183105469,85.08000183105469,85.08000183105469,2096.0
2024-09-16 12:40:00+00:00,ZEUS,37.14400100708008,37.14400100708008,37.14400100708008,37.14400100708008,37.14400100708008,1048.0
2024-09-16 12:41:00+00:00,ALTO,1.600000023841858,1.600000023841858,1.600000023841858,1.600000023841858,1.600000023841858,306.0
2024-09-16 12:41:00+00:00,CENX,14.239999771118164,14.239999771118164,14.239999771118164,14.225000381469727,14.225000381469727,1035.0
2024-09-16 12:41:00+00:00,CNEY,0.5720000267028809,0.5720000267028809,0.5774000287055969,0.5644000172615051,0.5644000172615051,78634.0
2024-09-16 12:41:00+00:00,GEVO,1.3650000095367432,1.3650000095367432,1.3700000047683716,1.3600000143051147,1.3650000095367432,22295.0
2024-09-16 12:41:00+00:00,GPRE,12.65999984741211,12.65999984741211,12.65999984741211,12.649999618530273,12.649999618530273,641.0
2024-09-16 12:41:00+00:00,GSM,4.145599842071533,4.145599842071533,4.145599842071533,4.145599842071533,4.145599842071533,778.0
2024-09-16 12:41:00+00:00,LWLG,2.5450000762939453,2.5450000762939453,2.5450000762939453,2.5450000762939453,2.5450000762939453,798.0
2024-09-16 12:41:00+00:00,MERC,6.300000190734863,6.300000190734863,6.300000190734863,6.295000076293945,6.295000076293945,2123.0
2024-09-16 12:41:00+00:00,NTIC,12.5,12.5,12.5,12.5,12.5,174.0
2024-09-16 12:41:00+00:00,PAAS,21.30500030517578,21.30500030517578,21.31999969482422,21.30500030517578,21.31999969482422,1517.0
2024-09-16 12:41:00+00:00,PLL,7.09499979019165,7.09499979019165,7.09499979019165,7.09499979019165,7.09499979019165,484.0
2024-09-16 12:41:00+00:00,SSRM,5.869999885559082,5.869999885559082,5.869999885559082,5.864999771118164,5.864999771118164,1015.0
2024-09-16 12:41:00+00:00,STLD,111.38500213623047,111.38500213623047,111.38500213623047,111.38500213623047,111.38500213623047,398.0
2024-09-16 12:41:00+00:00,TMC,1.0800000429153442,1.0800000429153442,1.080199956893921,1.0700000524520874,1.0801000595092773,40370.0
2024-09-16 12:41:00+00:00,USAP,37.029998779296875,37.029998779296875,37.029998779296875,37.02000045776367,37.02000045776367,629.0
2024-09-16 12:41:00+00:00,ZEUS,37.08000183105469,37.08000183105469,37.08000183105469,37.08000183105469,37.08000183105469,1451.0
2024-09-16 12:42:00+00:00,CENX,14.220000267028809,14.220000267028809,14.239999771118164,14.220000267028809,14.229999542236328,1286.0
2024-09-16 12:42:00+00:00,CNEY,0.5730999708175659,0.5730999708175659,0.5770000219345093,0.5651000142097473,0.5770000219345093,56105.0
2024-09-16 12:42:00+00:00,GEVO,1.375,1.375,1.3799999952316284,1.3650000095367432,1.3650000095367432,60061.0
2024-09-16 12:42:00+00:00,MEOH,38.189998626708984,38.189998626708984,38.189998626708984,38.18000030517578,38.18000030517578,556.0
2024-09-16 12:42:00+00:00,MERC,6.300000190734863,6.300000190734863,6.300000190734863,6.300000190734863,6.300000190734863,214.0
2024-09-16 12:42:00+00:00,METC,9.845000267028809,9.845000267028809,9.845000267028809,9.809200286865234,9.819999694824219,14415.0
2024-09-16 12:42:00+00:00,PAAS,21.299999237060547,21.299999237060547,21.31999969482422,21.299999237060547,21.309999465942383,3141.0
2024-09-16 12:42:00+00:00,PLL,7.104000091552734,7.104000091552734,7.110000133514404,7.104000091552734,7.110000133514404,0.0
2024-09-16 12:42:00+00:00,RGLD,140.5800018310547,140.5800018310547,140.5800018310547,140.5800018310547,140.5800018310547,928.0
2024-09-16 12:42:00+00:00,SGML,10.17020034790039,10.17020034790039,10.17020034790039,10.170000076293945,10.170000076293945,731.0
2024-09-16 12:42:00+00:00,SSRM,5.869999885559082,5.869999885559082,5.869999885559082,5.869900226593018,5.869999885559082,4122.0
2024-09-16 12:42:00+00:00,STLD,111.3949966430664,111.3949966430664,111.3949966430664,111.3949966430664,111.3949966430664,417.0
2024-09-16 12:42:00+00:00,TMC,1.1050000190734863,1.1050000190734863,1.1100000143051147,1.0700000524520874,1.0700000524520874,54502.0
2024-09-16 12:43:00+00:00,ALTO,1.600000023841858,1.600000023841858,1.600000023841858,1.600000023841858,1.600000023841858,860.0
2024-09-16 12:43:00+00:00,CNEY,0.5552999973297119,0.5552999973297119,0.5726000070571899,0.5410000085830688,0.5726000070571899,154281.0
2024-09-16 12:43:00+00:00,GEVO,1.375,1.375,1.3799999952316284,1.3700000047683716,1.3717000484466553,9570.0
2024-09-16 12:43:00+00:00,GSM,4.144999980926514,4.144999980926514,4.144999980926514,4.144999980926514,4.144999980926514,0.0
2024-09-16 12:43:00+00:00,HYMC,2.625,2.625,2.625,2.625,2.625,380.0
2024-09-16 12:43:00+00:00,LWLG,2.5450000762939453,2.5450000762939453,2.5450000762939453,2.5450000762939453,2.5450000762939453,647.0
2024-09-16 12:43:00+00:00,MERC,6.289999961853027,6.289999961853027,6.289999961853027,6.284999847412109,6.289999961853027,1199.0
2024-09-16 12:43:00+00:00,METC,9.845000267028809,9.845000267028809,9.850000381469727,9.845000267028809,9.850000381469727,424.0
2024-09-16 12:43:00+00:00,ORGN,1.534999966621399,1.534999966621399,1.534999966621399,1.534999966621399,1.534999966621399,3333.0
2024-09-16 12:43:00+00:00,PAAS,21.274999618530273,21.274999618530273,21.295000076293945,21.274999618530273,21.290000915527344,7186.0
2024-09-16 12:43:00+00:00,PLL,7.09499979019165,7.09499979019165,7.108500003814697,7.09499979019165,7.108500003814697,371.0
2024-09-16 12:43:00+00:00,PPTA,9.020000457763672,9.020000457763672,9.020000457763672,9.020000457763672,9.020000457763672,1019.0
2024-09-16 12:43:00+00:00,TMC,1.1299999952316284,1.1299999952316284,1.1299999952316284,1.1100000143051147,1.1100000143051147,71991.0
2024-09-16 12:43:00+00:00,USAU,5.840000152587891,5.840000152587891,5.840000152587891,5.840000152587891,5.840000152587891,2000.0
2024-09-16 12:44:00+00:00,ALTO,1.6050000190734863,1.6050000190734863,1.6050000190734863,1.6050000190734863,1.6050000190734863,925.0
2024-09-16 12:44:00+00:00,BCPC,171.88499450683594,171.88499450683594,171.88499450683594,171.88499450683594,171.88499450683594,2480.0
2024-09-16 12:44:00+00:00,CENX,14.216400146484375,14.216400146484375,14.216400146484375,14.216400146484375,14.216400146484375,114.0
2024-09-16 12:44:00+00:00,CNEY,0.5457000136375427,0.5457000136375427,0.5539000034332275,0.545199990272522,0.5453000068664551,84511.0
2024-09-16 12:44:00+00:00,GEVO,1.375,1.375,1.3799999952316284,1.3700000047683716,1.3797999620437622,16010.0
2024-09-16 12:44:00+00:00,GPRE,12.630000114440918,12.630000114440918,12.651000022888184,12.630000114440918,12.651000022888184,2377.0
2024-09-16 12:44:00+00:00,GSM,4.139999866485596,4.139999866485596,4.139999866485596,4.139999866485596,4.139999866485596,400.0
2024-09-16 12:44:00+00:00,HDSN,7.860000133514404,7.860000133514404,7.860000133514404,7.860000133514404,7.860000133514404,638.0
2024-09-16 12:44:00+00:00,HUDI,1.996000051498413,1.996000051498413,1.996000051498413,1.996000051498413,1.996000051498413,1101.0
2024-09-16 12:44:00+00:00,KALU,69.0,69.0,69.0,68.7699966430664,68.7699966430664,304.0
2024-09-16 12:44:00+00:00,MEOH,38.2400016784668,38.2400016784668,38.27000045776367,38.189998626708984,38.209999084472656,6328.0
2024-09-16 12:44:00+00:00,MERC,6.289999961853027,6.289999961853027,6.289999961853027,6.289999961853027,6.289999961853027,1349.0
2024-09-16 12:44:00+00:00,METC,9.819999694824219,9.819999694824219,9.829999923706055,9.819999694824219,9.829999923706055,1343.0
2024-09-16 12:44:00+00:00,PAAS,21.290000915527344,21.290000915527344,21.299999237060547,21.274999618530273,21.274999618530273,7729.0
2024-09-16 12:44:00+00:00,RKDA,2.7999000549316406,2.7999000549316406,2.7999000549316406,2.7999000549316406,2.7999000549316406,240.0
2024-09-16 12:44:00+00:00,SGML,10.170000076293945,10.170000076293945,10.175000190734863,10.170000076293945,10.175000190734863,1022.0
2024-09-16 12:44:00+00:00,SSRM,5.875,5.875,5.875,5.860099792480469,5.860099792480469,2303.0
2024-09-16 12:44:00+00:00,STLD,111.3550033569336,111.3550033569336,111.37000274658203,111.3499984741211,111.37000274658203,1440.0
2024-09-16 12:44:00+00:00,TMC,1.125,1.125,1.1299999952316284,1.125,1.125,10764.0
2024-09-16 12:45:00+00:00,ALTO,1.6050000190734863,1.6050000190734863,1.6050000190734863,1.6050000190734863,1.6050000190734863,215.0
2024-09-16 12:45:00+00:00,ASTL,10.234999656677246,10.234999656677246,10.234999656677246,10.234999656677246,10.234999656677246,103.0
2024-09-16 12:45:00+00:00,CENX,14.229999542236328,14.229999542236328,14.229999542236328,14.220000267028809,14.220000267028809,846.0
2024-09-16 12:45:00+00:00,CNEY,0.550000011920929,0.550000011920929,0.5539000034332275,0.5450999736785889,0.545799970626831,95617.0
2024-09-16 12:45:00+00:00,GEVO,1.3799999952316284,1.3799999952316284,1.3799999952316284,1.3700000047683716,1.371399998664856,8528.0
2024-09-16 12:45:00+00:00,GSM,4.144999980926514,4.144999980926514,4.144999980926514,4.144999980926514,4.144999980926514,0.0
2024-09-16 12:45:00+00:00,MEOH,38.25,38.25,38.255001068115234,38.25,38.255001068115234,206.0
2024-09-16 12:45:00+00:00,METC,9.819999694824219,9.819999694824219,9.819999694824219,9.819999694824219,9.819999694824219,200.0
2024-09-16 12:45:00+00:00,ORGN,1.534999966621399,1.534999966621399,1.534999966621399,1.5299999713897705,1.534999966621399,4509.0
2024-09-16 12:45:00+00:00,PAAS,21.290000915527344,21.290000915527344,21.290000915527344,21.280000686645508,21.28499984741211,2671.0
2024-09-16 12:45:00+00:00,SGML,10.15999984741211,10.15999984741211,10.15999984741211,10.15999984741211,10.15999984741211,309.0
2024-09-16 12:45:00+00:00,SSRM,5.869999885559082,5.869999885559082,5.869999885559082,5.864999771118164,5.869999885559082,3646.0
2024-09-16 12:45:00+00:00,STLD,111.3550033569336,111.3550033569336,111.3550033569336,111.3550033569336,111.3550033569336,799.0
2024-09-16 12:45:00+00:00,TMC,1.1399999856948853,1.1399999856948853,1.149999976158142,1.1299999952316284,1.1299999952316284,54433.0
2024-09-16 12:46:00+00:00,ASTL,10.199999809265137,10.199999809265137,10.229999542236328,10.199999809265137,10.229999542236328,5074.0
2024-09-16 12:46:00+00:00,CENX,14.239999771118164,14.239999771118164,14.239999771118164,14.229999542236328,14.229999542236328,1060.0
2024-09-16 12:46:00+00:00,CNEY,0.5429999828338623,0.5429999828338623,0.5494999885559082,0.5425000190734863,0.5450999736785889,61840.0
2024-09-16 12:46:00+00:00,GEVO,1.3650000095367432,1.3650000095367432,1.3899999856948853,1.3650000095367432,1.375,117227.0
2024-09-16 12:46:00+00:00,GSM,4.144999980926514,4.144999980926514,4.144999980926514,4.144000053405762,4.144000053405762,400.0
2024-09-16 12:46:00+00:00,MEOH,38.29999923706055,38.29999923706055,38.29999923706055,38.279998779296875,38.279998779296875,748.0
2024-09-16 12:46:00+00:00,MERC,6.289999961853027,6.289999961853027,6.289999961853027,6.284999847412109,6.289999961853027,3569.0
2024-09-16 12:46:00+00:00,METC,9.835000038146973,9.835000038146973,9.835000038146973,9.819999694824219,9.819999694824219,1383.0
2024-09-16 12:46:00+00:00,PAAS,21.309999465942383,21.309999465942383,21.309999465942383,21.290000915527344,21.290000915527344,4748.0
2024-09-16 12:46:00+00:00,PLL,7.110000133514404,7.110000133514404,7.110000133514404,7.110000133514404,7.110000133514404,201.0
2024-09-16 12:46:00+00:00,PPTA,9.010000228881836,9.010000228881836,9.010000228881836,9.010000228881836,9.010000228881836,656.0
2024-09-16 12:46:00+00:00,SGML,10.15999984741211,10.15999984741211,10.15999984741211,10.15999984741211,10.15999984741211,1469.0
2024-09-16 12:46:00+00:00,SSRM,5.880000114440918,5.880000114440918,5.880000114440918,5.869999885559082,5.869999885559082,2631.0
2024-09-16 12:46:00+00:00,TMC,1.1299999952316284,1.1299999952316284,1.1302000284194946,1.1299999952316284,1.1302000284194946,7285.0
2024-09-16 12:46:00+00:00,USAP,36.959999084472656,36.959999084472656,36.97999954223633,36.95000076293945,36.97999954223633,1015.0
2024-09-16 12:46:00+00:00,USAU,5.860000133514404,5.860000133514404,5.860000133514404,5.852399826049805,5.852399826049805,0.0
2024-09-16 12:46:00+00:00,ZEUS,37.08000183105469,37.08000183105469,37.08000183105469,37.08000183105469,37.08000183105469,799.0
2024-09-16 12:47:00+00:00,ASTL,10.199999809265137,10.199999809265137,10.204999923706055,10.1899995803833,10.1899995803833,3250.0
2024-09-16 12:47:00+00:00,CENX,14.220000267028809,14.220000267028809,14.229999542236328,14.220000267028809,14.229999542236328,1280.0
2024-09-16 12:47:00+00:00,CNEY,0.5270000100135803,0.5270000100135803,0.5429999828338623,0.5253000259399414,0.5429999828338623,185632.0
2024-09-16 12:47:00+00:00,GEVO,1.3650000095367432,1.3650000095367432,1.3698999881744385,1.3600000143051147,1.3650000095367432,8429.0
2024-09-16 12:47:00+00:00,GPRE,12.630000114440918,12.630000114440918,12.630000114440918,12.630000114440918,12.630000114440918,949.0
2024-09-16 12:47:00+00:00,GSM,4.150000095367432,4.150000095367432,4.150000095367432,4.150000095367432,4.150000095367432,368.0
2024-09-16 12:47:00+00:00,IOSP,110.08000183105469,110.08000183105469,110.08000183105469,110.08000183105469,110.08000183105469,571.0
2024-09-16 12:47:00+00:00,MERC,6.295000076293945,6.295000076293945,6.295000076293945,6.289999961853027,6.295000076293945,1149.0
2024-09-16 12:47:00+00:00,METC,9.84000015258789,9.84000015258789,9.84000015258789,9.84000015258789,9.84000015258789,134.0
2024-09-16 12:47:00+00:00,PAAS,21.299999237060547,21.299999237060547,21.309999465942383,21.290000915527344,21.30500030517578,5162.0
2024-09-16 12:47:00+00:00,PLL,7.079999923706055,7.079999923706055,7.09499979019165,7.079999923706055,7.093299865722656,3445.0
2024-09-16 12:47:00+00:00,RGLD,140.74000549316406,140.74000549316406,140.74000549316406,140.58999633789062,140.58999633789062,900.0
2024-09-16 12:47:00+00:00,SGML,10.15999984741211,10.15999984741211,10.15999984741211,10.15999984741211,10.15999984741211,1613.0
2024-09-16 12:47:00+00:00,SSRM,5.875,5.875,5.875,5.875,5.875,1558.0
2024-09-16 12:47:00+00:00,STLD,111.33499908447266,111.33499908447266,111.33499908447266,111.30000305175781,111.31999969482422,1462.0
2024-09-16 12:47:00+00:00,TMC,1.1299999952316284,1.1299999952316284,1.1371999979019165,1.1200000047683716,1.1371999979019165,6735.0
2024-09-16 12:48:00+00:00,ALTO,1.6090999841690063,1.6090999841690063,1.6090999841690063,1.6090999841690063,1.6090999841690063,600.0
2024-09-16 12:48:00+00:00,ASTL,10.199999809265137,10.199999809265137,10.199999809265137,10.1899995803833,10.194999694824219,1931.0
2024-09-16 12:48:00+00:00,CENX,14.239999771118164,14.239999771118164,14.239999771118164,14.239999771118164,14.239999771118164,114.0
2024-09-16 12:48:00+00:00,CNEY,0.5375999808311462,0.5375999808311462,0.5400000214576721,0.5253000259399414,0.5264000296592712,127436.0
2024-09-16 12:48:00+00:00,GEVO,1.3600000143051147,1.3600000143051147,1.3650000095367432,1.350000023841858,1.3650000095367432,36644.0
2024-09-16 12:48:00+00:00,JCTCF,4.599999904632568,4.599999904632568,4.599999904632568,4.599999904632568,4.599999904632568,4539.0
2024-09-16 12:48:00+00:00,KALU,68.69000244140625,68.69000244140625,68.69000244140625,68.69000244140625,68.69000244140625,118.0
2024-09-16 12:48:00+00:00,LWLG,2.5316998958587646,2.5316998958587646,2.5399999618530273,2.5316998958587646,2.5399999618530273,3785.0
2024-09-16 12:48:00+00:00,MEOH,38.290000915527344,38.290000915527344,38.314998626708984,38.290000915527344,38.29999923706055,1548.0
2024-09-16 12:48:00+00:00,MERC,6.309999942779541,6.309999942779541,6.309999942779541,6.295000076293945,6.295000076293945,1430.0
2024-09-16 12:48:00+00:00,METC,9.829999923706055,9.829999923706055,9.829999923706055,9.829999923706055,9.829999923706055,392.0
2024-09-16 12:48:00+00:00,PAAS,21.30500030517578,21.30500030517578,21.309999465942383,21.30500030517578,21.309999465942383,881.0
2024-09-16 12:48:00+00:00,PLL,7.070000171661377,7.070000171661377,7.070000171661377,7.070000171661377,7.070000171661377,1569.0
2024-09-16 12:48:00+00:00,SMID,34.95560073852539,34.95560073852539,34.95560073852539,34.95560073852539,34.95560073852539,0.0
2024-09-16 12:48:00+00:00,SSRM,5.875,5.875,5.875,5.869999885559082,5.875,727.0
2024-09-16 12:48:00+00:00,TMC,1.1306999921798706,1.1306999921798706,1.149999976158142,1.1299999952316284,1.1349999904632568,74094.0
2024-09-16 12:49:00+00:00,ASTL,10.204999923706055,10.204999923706055,10.206000328063965,10.199999809265137,10.199999809265137,871.0
2024-09-16 12:49:00+00:00,CNEY,0.5371999740600586,0.5371999740600586,0.5371999740600586,0.5321999788284302,0.5324000120162964,25561.0
2024-09-16 12:49:00+00:00,GEVO,1.3598999977111816,1.3598999977111816,1.3600000143051147,1.3550000190734863,1.3550000190734863,16037.0
2024-09-16 12:49:00+00:00,GPRE,12.640000343322754,12.640000343322754,12.649999618530273,12.640000343322754,12.649999618530273,459.0
2024-09-16 12:49:00+00:00,JCTCF,4.650000095367432,4.650000095367432,4.650000095367432,4.650000095367432,4.650000095367432,10988.0
2024-09-16 12:49:00+00:00,LWLG,2.5399999618530273,2.5399999618530273,2.5399999618530273,2.5350000858306885,2.5350000858306885,1276.0
2024-09-16 12:49:00+00:00,METC,9.829999923706055,9.829999923706055,9.829999923706055,9.829999923706055,9.829999923706055,1473.0
2024-09-16 12:49:00+00:00,PAAS,21.309999465942383,21.309999465942383,21.315000534057617,21.30500030517578,21.309999465942383,1841.0
2024-09-16 12:49:00+00:00,PPTA,9.039999961853027,9.039999961853027,9.050000190734863,9.039999961853027,9.039999961853027,1949.0
2024-09-16 12:49:00+00:00,SGML,10.154999732971191,10.154999732971191,10.154999732971191,10.149999618530273,10.149999618530273,1916.0
2024-09-16 12:49:00+00:00,SSRM,5.875,5.875,5.880000114440918,5.871600151062012,5.880000114440918,2071.0
2024-09-16 12:49:00+00:00,STLD,111.33499908447266,111.33499908447266,111.3375015258789,111.33499908447266,111.3375015258789,366.0
2024-09-16 12:49:00+00:00,TMC,1.1299999952316284,1.1299999952316284,1.1399999856948853,1.1299999952316284,1.1399999856948853,12531.0
2024-09-16 12:49:00+00:00,USAP,36.974998474121094,36.974998474121094,36.974998474121094,36.974998474121094,36.974998474121094,456.0
2024-09-16 12:49:00+00:00,ZEUS,37.10499954223633,37.10499954223633,37.10499954223633,37.10499954223633,37.10499954223633,1300.0
2024-09-16 12:50:00+00:00,CENX,14.2076997756958,14.2076997756958,14.220000267028809,14.2076997756958,14.220000267028809,1371.0
2024-09-16 12:50:00+00:00,CNEY,0.5397999882698059,0.5397999882698059,0.5419999957084656,0.5300999879837036,0.5371999740600586,45401.0
2024-09-16 12:50:00+00:00,GEVO,1.3550000190734863,1.3550000190734863,1.3600000143051147,1.3550000190734863,1.3600000143051147,15791.0
2024-09-16 12:50:00+00:00,GSM,4.150000095367432,4.150000095367432,4.150000095367432,4.144999980926514,4.144999980926514,292.0
2024-09-16 12:50:00+00:00,HDSN,7.855000019073486,7.855000019073486,7.855000019073486,7.855000019073486,7.855000019073486,448.0
2024-09-16 12:50:00+00:00,IOSP,110.07250213623047,110.07250213623047,110.07250213623047,110.07250213623047,110.07250213623047,480.0
2024-09-16 12:50:00+00:00,MERC,6.320000171661377,6.320000171661377,6.320000171661377,6.320000171661377,6.320000171661377,332.0
2024-09-16 12:50:00+00:00,ORGN,1.530900001525879,1.530900001525879,1.530900001525879,1.530900001525879,1.530900001525879,1160.0
2024-09-16 12:50:00+00:00,PAAS,21.299999237060547,21.299999237060547,21.309999465942383,21.290000915527344,21.309999465942383,2574.0
2024-09-16 12:50:00+00:00,RGLD,140.5800018310547,140.5800018310547,140.5800018310547,140.55999755859375,140.55999755859375,2662.0
2024-09-16 12:50:00+00:00,STLD,111.27999877929688,111.27999877929688,111.33499908447266,111.27999877929688,111.33499908447266,1132.0
2024-09-16 12:50:00+00:00,TMC,1.1349999904632568,1.1349999904632568,1.1398999691009521,1.1299999952316284,1.1299999952316284,13694.0
2024-09-16 12:51:00+00:00,ALTO,1.6150000095367432,1.6150000095367432,1.6200000047683716,1.6098999977111816,1.6098999977111816,1719.0
2024-09-16 12:51:00+00:00,AREC,0.4699999988079071,0.4699999988079071,0.4699999988079071,0.4699999988079071,0.4699999988079071,160.0
2024-09-16 12:51:00+00:00,BIOX,8.619999885559082,8.619999885559082,8.619999885559082,8.619999885559082,8.619999885559082,476.0
2024-09-16 12:51:00+00:00,CENX,14.21500015258789,14.21500015258789,14.21500015258789,14.210000038146973,14.210000038146973,4365.0
2024-09-16 12:51:00+00:00,CNEY,0.5375999808311462,0.5375999808311462,0.5397999882698059,0.5300999879837036,0.5396999716758728,19273.0
2024-09-16 12:51:00+00:00,GEVO,1.3550000190734863,1.3550000190734863,1.3550000190734863,1.350100040435791,1.3550000190734863,3933.0
2024-09-16 12:51:00+00:00,GPRE,12.649999618530273,12.649999618530273,12.649999618530273,12.649999618530273,12.649999618530273,205.0
2024-09-16 12:51:00+00:00,HYMC,2.640000104904175,2.640000104904175,2.640000104904175,2.638000011444092,2.638000011444092,500.0
2024-09-16 12:51:00+00:00,LWLG,2.5450000762939453,2.5450000762939453,2.5450000762939453,2.5399999618530273,2.5399999618530273,1995.0
2024-09-16 12:51:00+00:00,MEOH,38.29999923706055,38.29999923706055,38.29999923706055,38.29999923706055,38.29999923706055,108.0
2024-09-16 12:51:00+00:00,MERC,6.320000171661377,6.320000171661377,6.329999923706055,6.320000171661377,6.329999923706055,1126.0
2024-09-16 12:51:00+00:00,METC,9.859999656677246,9.859999656677246,9.859999656677246,9.84000015258789,9.84000015258789,550.0
2024-09-16 12:51:00+00:00,PAAS,21.30500030517578,21.30500030517578,21.309999465942383,21.299999237060547,21.299999237060547,1684.0
2024-09-16 12:51:00+00:00,PPTA,9.020000457763672,9.020000457763672,9.020000457763672,9.020000457763672,9.020000457763672,338.0
2024-09-16 12:51:00+00:00,SGML,10.154999732971191,10.154999732971191,10.154999732971191,10.154999732971191,10.154999732971191,656.0
2024-09-16 12:51:00+00:00,SSRM,5.869999885559082,5.869999885559082,5.880000114440918,5.869999885559082,5.880000114440918,506.0
2024-09-16 12:51:00+00:00,STLD,111.37000274658203,111.37000274658203,111.37000274658203,111.31999969482422,111.31999969482422,1929.0
2024-09-16 12:51:00+00:00,TMC,1.128999948501587,1.128999948501587,1.1299999952316284,1.1100000143051147,1.1299999952316284,17593.0
2024-09-16 12:52:00+00:00,ASTL,10.199999809265137,10.199999809265137,10.199999809265137,10.1899995803833,10.199999809265137,6957.0
2024-09-16 12:52:00+00:00,CENX,14.1899995803833,14.1899995803833,14.210000038146973,14.176899909973145,14.210000038146973,3233.0
2024-09-16 12:52:00+00:00,CNEY,0.5429999828338623,0.5429999828338623,0.550000011920929,0.5310999751091003,0.5396999716758728,70912.0
2024-09-16 12:52:00+00:00,GEVO,1.3601000308990479,1.3601000308990479,1.3650000095367432,1.350000023841858,1.350000023841858,19605.0
2024-09-16 12:52:00+00:00,GPRE,12.649999618530273,12.649999618530273,12.649999618530273,12.649999618530273,12.649999618530273,121.0
2024-09-16 12:52:00+00:00,KALU,68.81999969482422,68.81999969482422,68.81999969482422,68.81999969482422,68.81999969482422,172.0
2024-09-16 12:52:00+00:00,LWLG,2.5450000762939453,2.5450000762939453,2.5450000762939453,2.5450000762939453,2.5450000762939453,512.0
2024-09-16 12:52:00+00:00,MEOH,38.279998779296875,38.279998779296875,38.279998779296875,38.279998779296875,38.279998779296875,597.0
2024-09-16 12:52:00+00:00,PAAS,21.309999465942383,21.309999465942383,21.309999465942383,21.309499740600586,21.309999465942383,2142.0
2024-09-16 12:52:00+00:00,PPTA,9.010000228881836,9.010000228881836,9.010000228881836,9.010000228881836,9.010000228881836,718.0
2024-09-16 12:52:00+00:00,SGML,10.154999732971191,10.154999732971191,10.154999732971191,10.154999732971191,10.154999732971191,615.0
2024-09-16 12:52:00+00:00,SSRM,5.875,5.875,5.875,5.875,5.875,1022.0
2024-09-16 12:52:00+00:00,STLD,111.37000274658203,111.37000274658203,111.37000274658203,111.35749816894531,111.35749816894531,1079.0
2024-09-16 12:52:00+00:00,TMC,1.1460000276565552,1.1460000276565552,1.149999976158142,1.1200000047683716,1.125,39438.0
2024-09-16 12:52:00+00:00,ZEUS,37.08000183105469,37.08000183105469,37.08000183105469,37.08000183105469,37.08000183105469,234.0
2024-09-16 12:53:00+00:00,ASTL,10.199999809265137,10.199999809265137,10.204999923706055,10.199999809265137,10.199999809265137,4133.0
2024-09-16 12:53:00+00:00,CNEY,0.5353999733924866,0.5353999733924866,0.5425999760627747,0.5353000164031982,0.5425999760627747,15517.0
2024-09-16 12:53:00+00:00,GEVO,1.3650000095367432,1.3650000095367432,1.3700000047683716,1.3600000143051147,1.3650000095367432,14431.0
2024-09-16 12:53:00+00:00,GPRE,12.640000343322754,12.640000343322754,12.640000343322754,12.640000343322754,12.640000343322754,475.0
2024-09-16 12:53:00+00:00,GSM,4.144999980926514,4.144999980926514,4.144999980926514,4.144999980926514,4.144999980926514,300.0
2024-09-16 12:53:00+00:00,HDSN,7.849999904632568,7.849999904632568,7.855000019073486,7.849999904632568,7.855000019073486,1530.0
2024-09-16 12:53:00+00:00,LWLG,2.549999952316284,2.549999952316284,2.549999952316284,2.549999952316284,2.549999952316284,239.0
2024-09-16 12:53:00+00:00,METC,9.829999923706055,9.829999923706055,9.84000015258789,9.829999923706055,9.84000015258789,1001.0
2024-09-16 12:53:00+00:00,PAAS,21.315000534057617,21.315000534057617,21.315000534057617,21.30500030517578,21.30500030517578,2450.0
2024-09-16 12:53:00+00:00,PLL,7.074999809265137,7.074999809265137,7.074999809265137,7.059999942779541,7.059999942779541,1637.0
2024-09-16 12:53:00+00:00,SGML,10.199999809265137,10.199999809265137,10.210000038146973,10.15999984741211,10.15999984741211,7787.0
2024-09-16 12:53:00+00:00,SSRM,5.880000114440918,5.880000114440918,5.880000114440918,5.880000114440918,5.880000114440918,940.0
2024-09-16 12:53:00+00:00,STLD,111.36000061035156,111.36000061035156,111.36000061035156,111.3499984741211,111.3499984741211,1111.0
2024-09-16 12:53:00+00:00,TMC,1.1399999856948853,1.1399999856948853,1.1399999856948853,1.1399999856948853,1.1399999856948853,588.0
2024-09-16 12:53:00+00:00,ZEUS,37.08000183105469,37.08000183105469,37.08000183105469,37.08000183105469,37.08000183105469,323.0
2024-09-16 12:54:00+00:00,ASTL,10.210000038146973,10.210000038146973,10.210000038146973,10.199999809265137,10.204999923706055,2727.0
2024-09-16 12:54:00+00:00,CENX,14.199999809265137,14.199999809265137,14.210000038146973,14.194999694824219,14.194999694824219,6715.0
2024-09-16 12:54:00+00:00,CNEY,0.5400000214576721,0.5400000214576721,0.5400000214576721,0.5353000164031982,0.5353000164031982,11529.0
2024-09-16 12:54:00+00:00,GEVO,1.3600000143051147,1.3600000143051147,1.3697999715805054,1.3600000143051147,1.3697999715805054,3508.0
2024-09-16 12:54:00+00:00,GSM,4.144999980926514,4.144999980926514,4.150000095367432,4.144999980926514,4.150000095367432,410.0
2024-09-16 12:54:00+00:00,HYMC,2.640000104904175,2.640000104904175,2.640000104904175,2.640000104904175,2.640000104904175,329.0
2024-09-16 12:54:00+00:00,LWLG,2.549999952316284,2.549999952316284,2.549999952316284,2.549999952316284,2.549999952316284,581.0
2024-09-16 12:54:00+00:00,PAAS,21.325000762939453,21.325000762939453,21.329999923706055,21.315000534057617,21.315000534057617,1994.0
2024-09-16 12:54:00+00:00,PPTA,9.0,9.0,9.0,9.0,9.0,77.0
2024-09-16 12:54:00+00:00,SGML,10.1899995803833,10.1899995803833,10.1899995803833,10.1899995803833,10.1899995803833,1422.0
2024-09-16 12:54:00+00:00,SSRM,5.880000114440918,5.880000114440918,5.880000114440918,5.880000114440918,5.880000114440918,810.0
2024-09-16 12:54:00+00:00,STLD,111.36000061035156,111.36000061035156,111.36000061035156,111.36000061035156,111.36000061035156,103.0
2024-09-16 12:54:00+00:00,TMC,1.1399999856948853,1.1399999856948853,1.149899959564209,1.131500005722046,1.1405999660491943,5655.0
2024-09-16 12:54:00+00:00,USAP,37.10499954223633,37.10499954223633,37.10499954223633,37.029998779296875,37.029998779296875,414.0
2024-09-16 12:54:00+00:00,USAU,5.820000171661377,5.820000171661377,5.820000171661377,5.820000171661377,5.820000171661377,131.0
2024-09-16 12:54:00+00:00,ZEUS,37.130001068115234,37.130001068115234,37.130001068115234,37.08000183105469,37.08000183105469,960.0
2024-09-16 12:55:00+00:00,ASTL,10.220000267028809,10.220000267028809,10.220000267028809,10.210000038146973,10.210000038146973,4517.0
2024-09-16 12:55:00+00:00,CENX,14.199999809265137,14.199999809265137,14.199999809265137,14.199999809265137,14.199999809265137,0.0
2024-09-16 12:55:00+00:00,CNEY,0.5350000262260437,0.5350000262260437,0.5400000214576721,0.5350000262260437,0.5353999733924866,35664.0
2024-09-16 12:55:00+00:00,GEVO,1.3700000047683716,1.3700000047683716,1.3700000047683716,1.3650000095367432,1.3650000095367432,3618.0
2024-09-16 12:55:00+00:00,GPRE,12.640000343322754,12.640000343322754,12.649999618530273,12.640000343322754,12.649999618530273,329.0
2024-09-16 12:55:00+00:00,GSM,4.144999980926514,4.144999980926514,4.144999980926514,4.144999980926514,4.144999980926514,530.0
2024-09-16 12:55:00+00:00,HDSN,7.864999771118164,7.864999771118164,7.864999771118164,7.860000133514404,7.860000133514404,481.0
2024-09-16 12:55:00+00:00,IONR,4.28000020980835,4.28000020980835,4.28000020980835,4.28000020980835,4.28000020980835,371.0
2024-09-16 12:55:00+00:00,MERC,6.315000057220459,6.315000057220459,6.315000057220459,6.315000057220459,6.315000057220459,200.0
2024-09-16 12:55:00+00:00,PAAS,21.34000015258789,21.34000015258789,21.34000015258789,21.329999923706055,21.329999923706055,3085.0
2024-09-16 12:55:00+00:00,SGML,10.194999694824219,10.194999694824219,10.194999694824219,10.1899995803833,10.1899995803833,708.0
2024-09-16 12:55:00+00:00,SSRM,5.875,5.875,5.875,5.875,5.875,1411.0
2024-09-16 12:55:00+00:00,STLD,111.38999938964844,111.38999938964844,111.4000015258789,111.36000061035156,111.36000061035156,2999.0
2024-09-16 12:55:00+00:00,TMC,1.1200000047683716,1.1200000047683716,1.1299999952316284,1.1200000047683716,1.1299999952316284,2819.0
2024-09-16 12:55:00+00:00,UFPI,123.44000244140625,123.44000244140625,123.44000244140625,123.43000030517578,123.43000030517578,1479.0
2024-09-16 12:56:00+00:00,ALTO,1.625,1.625,1.625,1.6150000095367432,1.6150000095367432,1401.0
2024-09-16 12:56:00+00:00,ASTL,10.220000267028809,10.220000267028809,10.220000267028809,10.220000267028809,10.220000267028809,1231.0
2024-09-16 12:56:00+00:00,BIOX,8.639900207519531,8.639900207519531,8.639900207519531,8.639900207519531,8.639900207519531,1484.0
2024-09-16 12:56:00+00:00,CENX,14.180000305175781,14.180000305175781,14.191399574279785,14.180000305175781,14.190999984741211,4479.0
2024-09-16 12:56:00+00:00,CNEY,0.5192999839782715,0.5192999839782715,0.5343999862670898,0.5,0.5343999862670898,173386.0
2024-09-16 12:56:00+00:00,FEAM,0.5170999765396118,0.5170999765396118,0.5170999765396118,0.5170999765396118,0.5170999765396118,2643.0
2024-09-16 12:56:00+00:00,GEVO,1.368899941444397,1.368899941444397,1.3700000047683716,1.3600000143051147,1.3700000047683716,32805.0
2024-09-16 12:56:00+00:00,GPRE,12.630000114440918,12.630000114440918,12.630000114440918,12.630000114440918,12.630000114440918,159.0
2024-09-16 12:56:00+00:00,HDSN,7.864999771118164,7.864999771118164,7.869999885559082,7.864999771118164,7.869999885559082,838.0
2024-09-16 12:56:00+00:00,KALU,68.77999877929688,68.77999877929688,68.77999877929688,68.7699966430664,68.7699966430664,249.0
2024-09-16 12:56:00+00:00,LITM,0.3280999958515167,0.3280999958515167,0.3280999958515167,0.3280999958515167,0.3280999958515167,2703.0
2024-09-16 12:56:00+00:00,LWLG,2.5450000762939453,2.5450000762939453,2.5450000762939453,2.5399999618530273,2.5399999618530273,323.0
2024-09-16 12:56:00+00:00,MERC,6.315000057220459,6.315000057220459,6.315000057220459,6.315000057220459,6.315000057220459,471.0
2024-09-16 12:56:00+00:00,PAAS,21.34000015258789,21.34000015258789,21.34000015258789,21.329999923706055,21.329999923706055,4112.0
2024-09-16 12:56:00+00:00,RGLD,140.72999572753906,140.72999572753906,140.72999572753906,140.6300048828125,140.6300048828125,1016.0
2024-09-16 12:56:00+00:00,SGML,10.170000076293945,10.170000076293945,10.180000305175781,10.164999961853027,10.180000305175781,2100.0
2024-09-16 12:56:00+00:00,STLD,111.41819763183594,111.41819763183594,111.41999816894531,111.39009857177734,111.41999816894531,3461.0
2024-09-16 12:56:00+00:00,TMC,1.1200000047683716,1.1200000047683716,1.1200000047683716,1.1200000047683716,1.1200000047683716,1425.0
2024-09-16 12:56:00+00:00,USAP,37.11000061035156,37.11000061035156,37.11000061035156,37.11000061035156,37.11000061035156,226.0
2024-09-16 12:57:00+00:00,ALTO,1.6200000047683716,1.6200000047683716,1.6299999952316284,1.6200000047683716,1.6299999952316284,32961.0
2024-09-16 12:57:00+00:00,ASTL,10.210000038146973,10.210000038146973,10.225000381469727,10.210000038146973,10.21500015258789,3739.0
2024-09-16 12:57:00+00:00,CENX,14.1899995803833,14.1899995803833,14.199999809265137,14.180000305175781,14.199999809265137,2695.0
2024-09-16 12:57:00+00:00,CNEY,0.49959999322891235,0.49959999322891235,0.5192999839782715,0.49950000643730164,0.5027999877929688,152728.0
2024-09-16 12:57:00+00:00,GEVO,1.3600000143051147,1.3600000143051147,1.3700000047683716,1.3600000143051147,1.3650000095367432,8233.0
2024-09-16 12:57:00+00:00,GPRE,12.609999656677246,12.609999656677246,12.630000114440918,12.609999656677246,12.630000114440918,2067.0
2024-09-16 12:57:00+00:00,HDSN,7.864999771118164,7.864999771118164,7.864999771118164,7.864999771118164,7.864999771118164,229.0
2024-09-16 12:57:00+00:00,IOSP,109.93000030517578,109.93000030517578,109.93000030517578,109.93000030517578,109.93000030517578,200.0
2024-09-16 12:57:00+00:00,KALU,68.91999816894531,68.91999816894531,68.91999816894531,68.7699966430664,68.7699966430664,339.0
2024-09-16 12:57:00+00:00,MEOH,38.334999084472656,38.334999084472656,38.334999084472656,38.26499938964844,38.26499938964844,746.0
2024-09-16 12:57:00+00:00,MERC,6.320000171661377,6.320000171661377,6.324999809265137,6.315000057220459,6.320000171661377,2865.0
2024-09-16 12:57:00+00:00,METC,9.84000015258789,9.84000015258789,9.84000015258789,9.84000015258789,9.84000015258789,915.0
2024-09-16 12:57:00+00:00,PAAS,21.34000015258789,21.34000015258789,21.34000015258789,21.329999923706055,21.334999084472656,1267.0
2024-09-16 12:57:00+00:00,SSRM,5.875,5.875,5.880000114440918,5.875,5.880000114440918,1065.0
2024-09-16 12:57:00+00:00,STLD,111.40499877929688,111.40499877929688,111.41000366210938,111.38999938964844,111.41000366210938,2000.0
2024-09-16 12:57:00+00:00,TMC,1.1198999881744385,1.1198999881744385,1.1200000047683716,1.1150000095367432,1.1200000047683716,4882.0
2024-09-16 12:58:00+00:00,ALTO,1.6100000143051147,1.6100000143051147,1.6100000143051147,1.6100000143051147,1.6100000143051147,2213.0
2024-09-16 12:58:00+00:00,ASTL,10.203499794006348,10.203499794006348,10.203499794006348,10.203499794006348,10.203499794006348,112.0
2024-09-16 12:58:00+00:00,CENX,14.210000038146973,14.210000038146973,14.210000038146973,14.199999809265137,14.199999809265137,845.0
2024-09-16 12:58:00+00:00,CNEY,0.49779999256134033,0.49779999256134033,0.5026999711990356,0.4952999949455261,0.4961000084877014,119152.0
2024-09-16 12:58:00+00:00,CRKN,1.3562999963760376,1.3562999963760376,1.3562999963760376,1.3562999963760376,1.3562999963760376,379.0
2024-09-16 12:58:00+00:00,GEVO,1.3650000095367432,1.3650000095367432,1.365399956703186,1.3600000143051147,1.3650000095367432,5258.0
2024-09-16 12:58:00+00:00,GPRE,12.59000015258789,12.59000015258789,12.59000015258789,12.59000015258789,12.59000015258789,190.0
2024-09-16 12:58:00+00:00,GSM,4.150000095367432,4.150000095367432,4.150000095367432,4.150000095367432,4.150000095367432,140.0
2024-09-16 12:58:00+00:00,HWKN,117.33999633789062,117.33999633789062,117.33999633789062,117.33999633789062,117.33999633789062,567.0
2024-09-16 12:58:00+00:00,MEOH,38.33000183105469,38.33000183105469,38.33000183105469,38.33000183105469,38.33000183105469,706.0
2024-09-16 12:58:00+00:00,METC,9.849800109863281,9.849800109863281,9.849800109863281,9.845000267028809,9.845000267028809,421.0
2024-09-16 12:58:00+00:00,ORGN,1.534999966621399,1.534999966621399,1.5399999618530273,1.534999966621399,1.534999966621399,10657.0
2024-09-16 12:58:00+00:00,PAAS,21.34000015258789,21.34000015258789,21.34000015258789,21.334999084472656,21.34000015258789,5378.0
2024-09-16 12:58:00+00:00,PLL,7.079999923706055,7.079999923706055,7.079999923706055,7.079999923706055,7.079999923706055,385.0
2024-09-16 12:58:00+00:00,PPTA,9.010000228881836,9.010000228881836,9.024999618530273,9.010000228881836,9.024999618530273,1796.0
2024-09-16 12:58:00+00:00,SGML,10.180000305175781,10.180000305175781,10.180000305175781,10.178999900817871,10.178999900817871,359.0
2024-09-16 12:58:00+00:00,SSRM,5.880000114440918,5.880000114440918,5.880000114440918,5.880000114440918,5.880000114440918,425.0
2024-09-16 12:58:00+00:00,STLD,111.43000030517578,111.43000030517578,111.43000030517578,111.41000366210938,111.41000366210938,988.0
2024-09-16 12:58:00+00:00,TMC,1.1150000095367432,1.1150000095367432,1.1150000095367432,1.1100000143051147,1.1100000143051147,4754.0
2024-09-16 12:58:00+00:00,ZEUS,37.14500045776367,37.14500045776367,37.14500045776367,37.14500045776367,37.14500045776367,2130.0
2024-09-16 12:59:00+00:00,ALTO,1.6050000190734863,1.6050000190734863,1.6050000190734863,1.6050000190734863,1.6050000190734863,3792.0
2024-09-16 12:59:00+00:00,AREC,0.4699999988079071,0.4699999988079071,0.4699999988079071,0.4699999988079071,0.4699999988079071,117.0
2024-09-16 12:59:00+00:00,CENX,14.210000038146973,14.210000038146973,14.210000038146973,14.199999809265137,14.199999809265137,1321.0
2024-09-16 12:59:00+00:00,CNEY,0.5060999989509583,0.5060999989509583,0.5062000155448914,0.49559998512268066,0.49779999256134033,64875.0
2024-09-16 12:59:00+00:00,GEVO,1.3550000190734863,1.3550000190734863,1.3698999881744385,1.3550000190734863,1.3698999881744385,34101.0
2024-09-16 12:59:00+00:00,GPRE,12.600000381469727,12.600000381469727,12.600000381469727,12.600000381469727,12.600000381469727,287.0
2024-09-16 12:59:00+00:00,LITM,0.3280999958515167,0.3280999958515167,0.3280999958515167,0.3280999958515167,0.3280999958515167,1002.0
2024-09-16 12:59:00+00:00,MERC,6.324999809265137,6.324999809265137,6.324999809265137,6.324999809265137,6.324999809265137,130.0
2024-09-16 12:59:00+00:00,METC,9.845000267028809,9.845000267028809,9.845000267028809,9.84000015258789,9.84000015258789,493.0
2024-09-16 12:59:00+00:00,ORGN,1.5399999618530273,1.5399999618530273,1.5399999618530273,1.5399999618530273,1.5399999618530273,22277.0
2024-09-16 12:59:00+00:00,PAAS,21.350000381469727,21.350000381469727,21.350000381469727,21.34000015258789,21.34000015258789,3417.0
2024-09-16 12:59:00+00:00,SGML,10.180000305175781,10.180000305175781,10.180000305175781,10.180000305175781,10.180000305175781,273.0
2024-09-16 12:59:00+00:00,SSRM,5.880000114440918,5.880000114440918,5.880000114440918,5.880000114440918,5.880000114440918,850.0
2024-09-16 12:59:00+00:00,STLD,111.42500305175781,111.42500305175781,111.43000030517578,111.42500305175781,111.43000030517578,699.0
2024-09-16 12:59:00+00:00,TMC,1.090000033378601,1.090000033378601,1.100000023841858,1.090000033378601,1.100000023841858,25543.0
2024-09-16 12:59:00+00:00,UFPI,123.30999755859375,123.30999755859375,123.30999755859375,123.30999755859375,123.30999755859375,593.0
2024-09-16 13:00:00+00:00,ALTO,1.6150000095367432,1.6150000095367432,1.6150000095367432,1.6100000143051147,1.6100000143051147,17641.0
2024-09-16 13:00:00+00:00,ASTL,10.204999923706055,10.204999923706055,10.204999923706055,10.204999923706055,10.204999923706055,1096.0
2024-09-16 13:00:00+00:00,CENX,14.239999771118164,14.239999771118164,14.239999771118164,14.210000038146973,14.210000038146973,1117.0
2024-09-16 13:00:00+00:00,CNEY,0.5080000162124634,0.5080000162124634,0.5080000162124634,0.4927000105381012,0.5023000240325928,80715.0
2024-09-16 13:00:00+00:00,GEVO,1.3550000190734863,1.3550000190734863,1.3550000190734863,1.3517999649047852,1.3550000190734863,1750.0
2024-09-16 13:00:00+00:00,GSM,4.144999980926514,4.144999980926514,4.150000095367432,4.144999980926514,4.150000095367432,527.0
2024-09-16 13:00:00+00:00,HDSN,7.864999771118164,7.864999771118164,7.864999771118164,7.864999771118164,7.864999771118164,245.0
2024-09-16 13:00:00+00:00,KALU,68.77999877929688,68.77999877929688,68.77999877929688,68.77999877929688,68.77999877929688,186.0
2024-09-16 13:00:00+00:00,MERC,6.340000152587891,6.340000152587891,6.340000152587891,6.324999809265137,6.324999809265137,1538.0
2024-09-16 13:00:00+00:00,METC,9.859999656677246,9.859999656677246,9.859999656677246,9.854999542236328,9.854999542236328,1017.0
2024-09-16 13:00:00+00:00,PAAS,21.34000015258789,21.34000015258789,21.354999542236328,21.329999923706055,21.354999542236328,2526.0
2024-09-16 13:00:00+00:00,PPTA,9.010000228881836,9.010000228881836,9.010000228881836,9.010000228881836,9.010000228881836,126.0
2024-09-16 13:00:00+00:00,SGML,10.180000305175781,10.180000305175781,10.180000305175781,10.170000076293945,10.170000076293945,216.0
2024-09-16 13:00:00+00:00,SSRM,5.880000114440918,5.880000114440918,5.880000114440918,5.880000114440918,5.880000114440918,412.0
2024-09-16 13:00:00+00:00,TMC,1.0800000429153442,1.0800000429153442,1.0850000381469727,1.0800000429153442,1.0808000564575195,15273.0
2024-09-16 13:01:00+00:00,ALTO,1.6100000143051147,1.6100000143051147,1.6100000143051147,1.6100000143051147,1.6100000143051147,300.0
2024-09-16 13:01:00+00:00,AREC,0.4699999988079071,0.4699999988079071,0.4699999988079071,0.4699999988079071,0.4699999988079071,0.0
2024-09-16 13:01:00+00:00,ASTL,10.210000038146973,10.210000038146973,10.21500015258789,10.199999809265137,10.199999809265137,3666.0
2024-09-16 13:01:00+00:00,CNEY,0.5098999738693237,0.5098999738693237,0.5149999856948853,0.5020999908447266,0.504800021648407,76138.0
2024-09-16 13:01:00+00:00,GEVO,1.3550000190734863,1.3550000190734863,1.3598999977111816,1.350100040435791,1.3550000190734863,14317.0
2024-09-16 13:01:00+00:00,GPRE,12.609999656677246,12.609999656677246,12.609999656677246,12.609999656677246,12.609999656677246,438.0
2024-09-16 13:01:00+00:00,GSM,4.150000095367432,4.150000095367432,4.150000095367432,4.150000095367432,4.150000095367432,3100.0
2024-09-16 13:01:00+00:00,HDSN,7.868899822235107,7.868899822235107,7.869999885559082,7.868800163269043,7.869999885559082,909.0
2024-09-16 13:01:00+00:00,METC,9.869999885559082,9.869999885559082,9.869999885559082,9.869999885559082,9.869999885559082,154.0
2024-09-16 13:01:00+00:00,PAAS,21.34000015258789,21.34000015258789,21.350000381469727,21.334999084472656,21.344999313354492,2628.0
2024-09-16 13:01:00+00:00,PPTA,9.010000228881836,9.010000228881836,9.010000228881836,9.010000228881836,9.010000228881836,793.0
2024-09-16 13:01:00+00:00,SGML,10.210000038146973,10.210000038146973,10.210000038146973,10.1899995803833,10.1899995803833,1964.0
2024-09-16 13:01:00+00:00,SSRM,5.880000114440918,5.880000114440918,5.880000114440918,5.875,5.880000114440918,1165.0
2024-09-16 13:01:00+00:00,STLD,111.44499969482422,111.44499969482422,111.45999908447266,111.43499755859375,111.43499755859375,1169.0
2024-09-16 13:01:00+00:00,TMC,1.0800000429153442,1.0800000429153442,1.0800000429153442,1.0800000429153442,1.0800000429153442,2201.0
2024-09-16 13:02:00+00:00,ALTO,1.6050000190734863,1.6050000190734863,1.6100000143051147,1.6050000190734863,1.6100000143051147,600.0
2024-09-16 13:02:00+00:00,ASTL,10.220000267028809,10.220000267028809,10.220000267028809,10.199999809265137,10.204999923706055,5567.0
2024-09-16 13:02:00+00:00,CENX,14.25,14.25,14.25,14.25,14.25,655.0
2024-09-16 13:02:00+00:00,CNEY,0.5091999769210815,0.5091999769210815,0.5099999904632568,0.503000020980835,0.5098999738693237,28393.0
2024-09-16 13:02:00+00:00,GEVO,1.3300000429153442,1.3300000429153442,1.3592000007629395,1.3300000429153442,1.3588000535964966,190371.0
2024-09-16 13:02:00+00:00,GSM,4.144999980926514,4.144999980926514,4.144999980926514,4.144999980926514,4.144999980926514,228.0
2024-09-16 13:02:00+00:00,HYMC,2.625,2.625,2.625,2.625,2.625,500.0
2024-09-16 13:02:00+00:00,METC,9.850000381469727,9.850000381469727,9.850000381469727,9.850000381469727,9.850000381469727,375.0
2024-09-16 13:02:00+00:00,PAAS,21.329999923706055,21.329999923706055,21.34000015258789,21.329999923706055,21.334999084472656,1728.0
2024-09-16 13:02:00+00:00,SSRM,5.869999885559082,5.869999885559082,5.880000114440918,5.869999885559082,5.880000114440918,1315.0
2024-09-16 13:02:00+00:00,STLD,111.44999694824219,111.44999694824219,111.44999694824219,111.44999694824219,111.44999694824219,254.0
2024-09-16 13:02:00+00:00,TMC,1.0700000524520874,1.0700000524520874,1.0806000232696533,1.0700000524520874,1.0800000429153442,14468.0
2024-09-16 13:03:00+00:00,ASTL,10.225000381469727,10.225000381469727,10.225000381469727,10.225000381469727,10.225000381469727,4450.0
2024-09-16 13:03:00+00:00,CENX,14.240799903869629,14.240799903869629,14.240799903869629,14.240799903869629,14.240799903869629,783.0
2024-09-16 13:03:00+00:00,CNEY,0.5074999928474426,0.5074999928474426,0.5099999904632568,0.5049999952316284,0.5091000199317932,23407.0
2024-09-16 13:03:00+00:00,GEVO,1.3324999809265137,1.3324999809265137,1.3380000591278076,1.3300000429153442,1.3300000429153442,34654.0
2024-09-16 13:03:00+00:00,GPRE,12.609999656677246,12.609999656677246,12.609999656677246,12.609999656677246,12.609999656677246,744.0
2024-09-16 13:03:00+00:00,GSM,4.144999980926514,4.144999980926514,4.144999980926514,4.144999980926514,4.144999980926514,282.0
2024-09-16 13:03:00+00:00,HDSN,7.869699954986572,7.869699954986572,7.869699954986572,7.869699954986572,7.869699954986572,586.0
2024-09-16 13:03:00+00:00,HYMC,2.640000104904175,2.640000104904175,2.640000104904175,2.640000104904175,2.640000104904175,143.0
2024-09-16 13:03:00+00:00,LITM,0.3280999958515167,0.3280999958515167,0.3280999958515167,0.3280999958515167,0.3280999958515167,10809.0
2024-09-16 13:03:00+00:00,METC,9.869999885559082,9.869999885559082,9.869999885559082,9.869999885559082,9.869999885559082,428.0
2024-09-16 13:03:00+00:00,PAAS,21.34000015258789,21.34000015258789,21.350000381469727,21.329999923706055,21.329999923706055,4639.0
2024-09-16 13:03:00+00:00,STLD,111.45999908447266,111.45999908447266,111.45999908447266,111.43000030517578,111.44999694824219,1692.0
2024-09-16 13:03:00+00:00,TMC,1.059999942779541,1.059999942779541,1.079300045967102,1.059999942779541,1.079300045967102,19280.0
2024-09-16 13:03:00+00:00,ZEUS,37.18000030517578,37.18000030517578,37.189998626708984,37.18000030517578,37.18000030517578,642.0
2024-09-16 13:04:00+00:00,ALTO,1.6100000143051147,1.6100000143051147,1.6100000143051147,1.6100000143051147,1.6100000143051147,0.0
2024-09-16 13:04:00+00:00,ASTL,10.220000267028809,10.220000267028809,10.220000267028809,10.220000267028809,10.220000267028809,301.0
2024-09-16 13:04:00+00:00,CENX,14.239999771118164,14.239999771118164,14.239999771118164,14.239999771118164,14.239999771118164,1229.0
2024-09-16 13:04:00+00:00,CNEY,0.5067999958992004,0.5067999958992004,0.5099999904632568,0.5024999976158142,0.5099999904632568,17128.0
2024-09-16 13:04:00+00:00,GEVO,1.3350000381469727,1.3350000381469727,1.340000033378601,1.3300000429153442,1.3305000066757202,20697.0
2024-09-16 13:04:00+00:00,KALU,68.83000183105469,68.83000183105469,68.83000183105469,68.83000183105469,68.83000183105469,352.0
2024-09-16 13:04:00+00:00,MERC,6.335000038146973,6.335000038146973,6.335000038146973,6.335000038146973,6.335000038146973,264.0
2024-09-16 13:04:00+00:00,PAAS,21.34000015258789,21.34000015258789,21.340099334716797,21.329999923706055,21.340099334716797,5056.0
2024-09-16 13:04:00+00:00,RGLD,140.75,140.75,140.75,140.75,140.75,769.0
2024-09-16 13:04:00+00:00,SSRM,5.875,5.875,5.875,5.875,5.875,506.0
2024-09-16 13:04:00+00:00,STLD,111.44999694824219,111.44999694824219,111.47000122070312,111.44129943847656,111.44999694824219,1124.0
2024-09-16 13:04:00+00:00,UFPI,123.22000122070312,123.22000122070312,123.22000122070312,123.22000122070312,123.22000122070312,783.0
2024-09-16 13:04:00+00:00,USAP,36.970001220703125,36.970001220703125,36.970001220703125,36.970001220703125,36.970001220703125,287.0
2024-09-16 13:04:00+00:00,ZEUS,37.220001220703125,37.220001220703125,37.220001220703125,37.220001220703125,37.220001220703125,613.0
2024-09-16 13:05:00+00:00,CENX,14.229999542236328,14.229999542236328,14.25,14.229999542236328,14.25,1492.0
2024-09-16 13:05:00+00:00,CNEY,0.5127999782562256,0.5127999782562256,0.5127999782562256,0.4997999966144562,0.5024999976158142,28650.0
2024-09-16 13:05:00+00:00,GEVO,1.3300000429153442,1.3300000429153442,1.3398000001907349,1.3300000429153442,1.3301000595092773,20760.0
2024-09-16 13:05:00+00:00,GPRE,12.619999885559082,12.619999885559082,12.619999885559082,12.619999885559082,12.619999885559082,367.0
2024-09-16 13:05:00+00:00,GSM,4.150000095367432,4.150000095367432,4.150000095367432,4.144999980926514,4.144999980926514,4398.0
2024-09-16 13:05:00+00:00,LGO,1.7200000286102295,1.7200000286102295,1.7200000286102295,1.7200000286102295,1.7200000286102295,2650.0
2024-09-16 13:05:00+00:00,LITM,0.3280999958515167,0.3280999958515167,0.3280999958515167,0.3269999921321869,0.3280999958515167,6600.0
2024-09-16 13:05:00+00:00,MERC,6.335000038146973,6.335000038146973,6.335000038146973,6.335000038146973,6.335000038146973,152.0
2024-09-16 13:05:00+00:00,ORGN,1.5449999570846558,1.5449999570846558,1.5449999570846558,1.5449999570846558,1.5449999570846558,21886.0
2024-09-16 13:05:00+00:00,PAAS,21.34000015258789,21.34000015258789,21.34000015258789,21.329999923706055,21.329999923706055,2985.0
2024-09-16 13:05:00+00:00,SGML,10.260000228881836,10.260000228881836,10.260000228881836,10.25,10.25,1615.0
2024-09-16 13:05:00+00:00,SSRM,5.875,5.875,5.880000114440918,5.875,5.880000114440918,1000.0
2024-09-16 13:05:00+00:00,STLD,111.44999694824219,111.44999694824219,111.44999694824219,111.44999694824219,111.44999694824219,505.0
2024-09-16 13:05:00+00:00,TMC,1.0499999523162842,1.0499999523162842,1.059999942779541,1.0499999523162842,1.059999942779541,19885.0
2024-09-16 13:05:00+00:00,USAP,37.0,37.0,37.0,36.97999954223633,36.97999954223633,1307.0
2024-09-16 13:05:00+00:00,USAU,5.820000171661377,5.820000171661377,5.820000171661377,5.820000171661377,5.820000171661377,302.0
2024-09-16 13:05:00+00:00,ZEUS,37.189998626708984,37.189998626708984,37.189998626708984,37.189998626708984,37.189998626708984,1166.0
2024-09-16 13:06:00+00:00,ALTO,1.6100000143051147,1.6100000143051147,1.6100000143051147,1.6100000143051147,1.6100000143051147,613930.0
2024-09-16 13:06:00+00:00,ASTL,10.239999771118164,10.239999771118164,10.239999771118164,10.220000267028809,10.220000267028809,1210.0
2024-09-16 13:06:00+00:00,CENX,14.220000267028809,14.220000267028809,14.229999542236328,14.220000267028809,14.220000267028809,7348.0
2024-09-16 13:06:00+00:00,CNEY,0.504800021648407,0.504800021648407,0.5127999782562256,0.5016000270843506,0.5127000212669373,8301.0
2024-09-16 13:06:00+00:00,FEAM,0.5249999761581421,0.5249999761581421,0.5249999761581421,0.5101000070571899,0.5101000070571899,4530.0
2024-09-16 13:06:00+00:00,GEVO,1.3350000381469727,1.3350000381469727,1.3394999504089355,1.3300000429153442,1.3385000228881836,6853.0
2024-09-16 13:06:00+00:00,GPRE,12.600000381469727,12.600000381469727,12.609999656677246,12.600000381469727,12.608699798583984,734.0
2024-09-16 13:06:00+00:00,GSM,4.144999980926514,4.144999980926514,4.144999980926514,4.144999980926514,4.144999980926514,14.0
2024-09-16 13:06:00+00:00,HDSN,7.864999771118164,7.864999771118164,7.864999771118164,7.864999771118164,7.864999771118164,624.0
2024-09-16 13:06:00+00:00,IOSP,110.04000091552734,110.04000091552734,110.04000091552734,110.04000091552734,110.04000091552734,284.0
2024-09-16 13:06:00+00:00,LGO,1.7300000190734863,1.7300000190734863,1.7300000190734863,1.7200000286102295,1.7200000286102295,1800.0
2024-09-16 13:06:00+00:00,LITM,0.328000009059906,0.328000009059906,0.328000009059906,0.328000009059906,0.328000009059906,216.0
2024-09-16 13:06:00+00:00,LWLG,2.5299999713897705,2.5299999713897705,2.5299999713897705,2.5299999713897705,2.5299999713897705,2733.0
2024-09-16 13:06:00+00:00,MEOH,38.31999969482422,38.31999969482422,38.31999969482422,38.31999969482422,38.31999969482422,121.0
2024-09-16 13:06:00+00:00,MERC,6.329999923706055,6.329999923706055,6.335000038146973,6.329999923706055,6.335000038146973,907.0
2024-09-16 13:06:00+00:00,ORGN,1.5499999523162842,1.5499999523162842,1.5499999523162842,1.5494999885559082,1.5494999885559082,34433.0
2024-09-16 13:06:00+00:00,PAAS,21.329999923706055,21.329999923706055,21.34000015258789,21.31999969482422,21.334999084472656,4464.0
2024-09-16 13:06:00+00:00,PLL,7.090000152587891,7.090000152587891,7.090000152587891,7.079999923706055,7.079999923706055,2588.0
2024-09-16 13:06:00+00:00,SSRM,5.875,5.875,5.875,5.863900184631348,5.875,4592.0
2024-09-16 13:06:00+00:00,STLD,111.45999908447266,111.45999908447266,111.45999908447266,111.45999908447266,111.45999908447266,485.0
2024-09-16 13:06:00+00:00,TMC,1.0399999618530273,1.0399999618530273,1.059999942779541,1.0399999618530273,1.0499999523162842,8342.0
2024-09-16 13:07:00+00:00,ALTO,1.6050000190734863,1.6050000190734863,1.6050000190734863,1.6050000190734863,1.6050000190734863,100.0
2024-09-16 13:07:00+00:00,AREC,0.48010000586509705,0.48010000586509705,0.48010000586509705,0.48010000586509705,0.48010000586509705,60020.0
2024-09-16 13:07:00+00:00,CENX,14.199999809265137,14.199999809265137,14.220000267028809,14.199999809265137,14.220000267028809,1115.0
2024-09-16 13:07:00+00:00,CNEY,0.5024999976158142,0.5024999976158142,0.5080000162124634,0.5024999976158142,0.5080000162124634,12702.0
2024-09-16 13:07:00+00:00,GEVO,1.3309999704360962,1.3309999704360962,1.339900016784668,1.3300000429153442,1.3350000381469727,8269.0
2024-09-16 13:07:00+00:00,GPRE,12.600000381469727,12.600000381469727,12.600000381469727,12.600000381469727,12.600000381469727,1220.0
2024-09-16 13:07:00+00:00,GSM,4.150000095367432,4.150000095367432,4.150000095367432,4.144999980926514,4.144999980926514,475.0
2024-09-16 13:07:00+00:00,HDSN,7.860000133514404,7.860000133514404,7.860000133514404,7.860000133514404,7.860000133514404,792.0
2024-09-16 13:07:00+00:00,LWLG,2.5385000705718994,2.5385000705718994,2.5385000705718994,2.5385000705718994,2.5385000705718994,270.0
2024-09-16 13:07:00+00:00,MEOH,38.345001220703125,38.345001220703125,38.345001220703125,38.345001220703125,38.345001220703125,731.0
2024-09-16 13:07:00+00:00,MERC,6.340000152587891,6.340000152587891,6.340000152587891,6.340000152587891,6.340000152587891,322.0
2024-09-16 13:07:00+00:00,METC,9.859999656677246,9.859999656677246,9.869999885559082,9.859999656677246,9.869999885559082,458.0
2024-09-16 13:07:00+00:00,ORGN,1.5499999523162842,1.5499999523162842,1.5499999523162842,1.5499999523162842,1.5499999523162842,112.0
2024-09-16 13:07:00+00:00,PAAS,21.31999969482422,21.31999969482422,21.31999969482422,21.309999465942383,21.314899444580078,2601.0
2024-09-16 13:07:00+00:00,PLL,7.085000038146973,7.085000038146973,7.085000038146973,7.085000038146973,7.085000038146973,249.0
2024-09-16 13:07:00+00:00,SSRM,5.875,5.875,5.880000114440918,5.875,5.875,924.0
2024-09-16 13:07:00+00:00,STLD,111.4800033569336,111.4800033569336,111.4800033569336,111.46499633789062,111.4800033569336,1145.0
2024-09-16 13:07:00+00:00,TMC,1.090000033378601,1.090000033378601,1.090000033378601,1.0499999523162842,1.0499999523162842,25400.0
2024-09-16 13:08:00+00:00,ALTO,1.6100000143051147,1.6100000143051147,1.6100000143051147,1.6100000143051147,1.6100000143051147,200.0
2024-09-16 13:08:00+00:00,CENX,14.15999984741211,14.15999984741211,14.199999809265137,14.15999984741211,14.199999809265137,1722.0
2024-09-16 13:08:00+00:00,CNEY,0.5069000124931335,0.5069000124931335,0.5074999928474426,0.5069000124931335,0.5074999928474426,5892.0
2024-09-16 13:08:00+00:00,GEVO,1.340000033378601,1.340000033378601,1.340000033378601,1.3300000429153442,1.3387999534606934,66795.0
2024-09-16 13:08:00+00:00,JCTCF,4.619999885559082,4.619999885559082,4.704999923706055,4.619999885559082,4.704999923706055,1643.0
2024-09-16 13:08:00+00:00,KALU,68.91000366210938,68.91000366210938,68.91000366210938,68.91000366210938,68.91000366210938,184.0
2024-09-16 13:08:00+00:00,LITM,0.3280999958515167,0.3280999958515167,0.3280999958515167,0.3280999958515167,0.3280999958515167,386.0
2024-09-16 13:08:00+00:00,LWLG,2.5350000858306885,2.5350000858306885,2.5350000858306885,2.5350000858306885,2.5350000858306885,109.0
2024-09-16 13:08:00+00:00,MERC,6.335000038146973,6.335000038146973,6.335000038146973,6.335000038146973,6.335000038146973,608.0
2024-09-16 13:08:00+00:00,METC,9.869999885559082,9.869999885559082,9.875,9.859999656677246,9.859999656677246,2161.0
2024-09-16 13:08:00+00:00,PAAS,21.329999923706055,21.329999923706055,21.329999923706055,21.315000534057617,21.315000534057617,2870.0
2024-09-16 13:08:00+00:00,PLL,7.090000152587891,7.090000152587891,7.090000152587891,7.090000152587891,7.090000152587891,314.0
2024-09-16 13:08:00+00:00,PPTA,9.020000457763672,9.020000457763672,9.020000457763672,8.989999771118164,8.989999771118164,247.0
2024-09-16 13:08:00+00:00,RGLD,140.6199951171875,140.6199951171875,140.74000549316406,140.6199951171875,140.74000549316406,468.0
2024-09-16 13:08:00+00:00,SSRM,5.880000114440918,5.880000114440918,5.880000114440918,5.875,5.8769001960754395,2754.0
2024-09-16 13:08:00+00:00,STLD,111.4800033569336,111.4800033569336,111.4800033569336,111.46499633789062,111.47000122070312,1916.0
2024-09-16 13:08:00+00:00,TMC,1.1490999460220337,1.1490999460220337,1.159999966621399,1.090000033378601,1.090000033378601,132881.0
2024-09-16 13:09:00+00:00,CENX,14.169699668884277,14.169699668884277,14.169699668884277,14.169699668884277,14.169699668884277,970.0
2024-09-16 13:09:00+00:00,CNEY,0.5001000165939331,0.5001000165939331,0.5074999928474426,0.4950000047683716,0.5062999725341797,25730.0
2024-09-16 13:09:00+00:00,FEAM,0.5105999708175659,0.5105999708175659,0.5105999708175659,0.5105999708175659,0.5105999708175659,200.0
2024-09-16 13:09:00+00:00,GEVO,1.3550000190734863,1.3550000190734863,1.3550000190734863,1.3300000429153442,1.3350000381469727,86002.0
2024-09-16 13:09:00+00:00,GPRE,12.600000381469727,12.600000381469727,12.609999656677246,12.600000381469727,12.600000381469727,2025.0
2024-09-16 13:09:00+00:00,HWKN,117.10099792480469,117.10099792480469,117.10099792480469,117.10099792480469,117.10099792480469,1571.0
2024-09-16 13:09:00+00:00,HYMC,2.640000104904175,2.640000104904175,2.640000104904175,2.640000104904175,2.640000104904175,1335.0
2024-09-16 13:09:00+00:00,MERC,6.335000038146973,6.335000038146973,6.340000152587891,6.335000038146973,6.340000152587891,1602.0
2024-09-16 13:09:00+00:00,METC,9.869999885559082,9.869999885559082,9.869999885559082,9.869999885559082,9.869999885559082,131.0
2024-09-16 13:09:00+00:00,PAAS,21.329999923706055,21.329999923706055,21.334999084472656,21.329999923706055,21.329999923706055,1796.0
2024-09-16 13:09:00+00:00,PPTA,9.010000228881836,9.010000228881836,9.010000228881836,9.010000228881836,9.010000228881836,1600.0
2024-09-16 13:09:00+00:00,RGLD,140.7050018310547,140.7050018310547,140.7050018310547,140.7050018310547,140.7050018310547,881.0
2024-09-16 13:09:00+00:00,SGML,10.300000190734863,10.300000190734863,10.300000190734863,10.270000457763672,10.270000457763672,3326.0
2024-09-16 13:09:00+00:00,SSRM,5.880000114440918,5.880000114440918,5.880000114440918,5.875,5.880000114440918,1010.0
2024-09-16 13:09:00+00:00,STLD,111.51000213623047,111.51000213623047,111.51000213623047,111.44000244140625,111.44000244140625,2774.0
2024-09-16 13:09:00+00:00,TMC,1.159999966621399,1.159999966621399,1.190000057220459,1.13100004196167,1.1399999856948853,125094.0
2024-09-16 13:09:00+00:00,UFPI,123.2699966430664,123.2699966430664,123.2699966430664,123.2699966430664,123.2699966430664,280.0
2024-09-16 13:09:00+00:00,ZEUS,37.28499984741211,37.28499984741211,37.28499984741211,37.279998779296875,37.279998779296875,1574.0
2024-09-16 13:10:00+00:00,ASTL,10.239999771118164,10.239999771118164,10.239999771118164,10.239999771118164,10.239999771118164,276.0
2024-09-16 13:10:00+00:00,CNEY,0.5001000165939331,0.5001000165939331,0.5001000165939331,0.4941999912261963,0.5001000165939331,20545.0
2024-09-16 13:10:00+00:00,GEVO,1.339900016784668,1.339900016784668,1.3550000190734863,1.3350000381469727,1.3550000190734863,12900.0
2024-09-16 13:10:00+00:00,GPRE,12.609999656677246,12.609999656677246,12.609999656677246,12.609999656677246,12.609999656677246,722.0
2024-09-16 13:10:00+00:00,IPX,17.987199783325195,17.987199783325195,17.987199783325195,17.680099487304688,17.84000015258789,553.0
2024-09-16 13:10:00+00:00,LGO,1.7200000286102295,1.7200000286102295,1.7300000190734863,1.7200000286102295,1.7259999513626099,2000.0
2024-09-16 13:10:00+00:00,MEOH,38.3849983215332,38.3849983215332,38.3849983215332,38.380001068115234,38.380001068115234,335.0
2024-09-16 13:10:00+00:00,PAAS,21.31999969482422,21.31999969482422,21.34000015258789,21.31999969482422,21.329999923706055,3741.0
2024-09-16 13:10:00+00:00,PPTA,9.029999732971191,9.029999732971191,9.029999732971191,9.010000228881836,9.010000228881836,1249.0
2024-09-16 13:10:00+00:00,SSRM,5.880000114440918,5.880000114440918,5.880000114440918,5.875,5.875,1434.0
2024-09-16 13:10:00+00:00,STLD,111.52999877929688,111.52999877929688,111.52999877929688,111.48999786376953,111.5199966430664,2981.0
2024-09-16 13:10:00+00:00,TMC,1.1299999952316284,1.1299999952316284,1.1699999570846558,1.1100000143051147,1.1649999618530273,57976.0
2024-09-16 13:10:00+00:00,ZEUS,37.2400016784668,37.2400016784668,37.28499984741211,37.2400016784668,37.28499984741211,664.0
2024-09-16 13:11:00+00:00,CENX,14.170000076293945,14.170000076293945,14.170000076293945,14.15999984741211,14.15999984741211,914.0
2024-09-16 13:11:00+00:00,CNEY,0.4999000132083893,0.4999000132083893,0.5030999779701233,0.4999000132083893,0.5001000165939331,29984.0
2024-09-16 13:11:00+00:00,FEAM,0.5102999806404114,0.5102999806404114,0.5102999806404114,0.5102999806404114,0.5102999806404114,386.0
2024-09-16 13:11:00+00:00,GEVO,1.3494999408721924,1.3494999408721924,1.3494999408721924,1.3349000215530396,1.3349000215530396,9142.0
2024-09-16 13:11:00+00:00,GSM,4.150000095367432,4.150000095367432,4.150000095367432,4.144999980926514,4.144999980926514,339.0
2024-09-16 13:11:00+00:00,KALU,69.01000213623047,69.01000213623047,69.01000213623047,69.01000213623047,69.01000213623047,254.0
2024-09-16 13:11:00+00:00,LWLG,2.5350000858306885,2.5350000858306885,2.5350000858306885,2.5350000858306885,2.5350000858306885,469.0
2024-09-16 13:11:00+00:00,METC,9.859999656677246,9.859999656677246,9.871999740600586,9.859999656677246,9.871999740600586,1696.0
2024-09-16 13:11:00+00:00,ORGN,1.5449999570846558,1.5449999570846558,1.5449999570846558,1.5449999570846558,1.5449999570846558,18800.0
2024-09-16 13:11:00+00:00,PAAS,21.325000762939453,21.325000762939453,21.325000762939453,21.31999969482422,21.32390022277832,2054.0
2024-09-16 13:11:00+00:00,SGML,10.3100004196167,10.3100004196167,10.319999694824219,10.289999961853027,10.300000190734863,7305.0
2024-09-16 13:11:00+00:00,SSRM,5.880000114440918,5.880000114440918,5.880000114440918,5.869999885559082,5.880000114440918,766.0
2024-09-16 13:11:00+00:00,STLD,111.44999694824219,111.44999694824219,111.4800033569336,111.44999694824219,111.4800033569336,1013.0
2024-09-16 13:11:00+00:00,TMC,1.139299988746643,1.139299988746643,1.1699999570846558,1.1200000047683716,1.1291999816894531,162267.0
2024-09-16 13:11:00+00:00,UFPI,123.12449645996094,123.12449645996094,123.12449645996094,123.12449645996094,123.12449645996094,303.0
2024-09-16 13:12:00+00:00,ALTO,1.6100000143051147,1.6100000143051147,1.6100000143051147,1.6100000143051147,1.6100000143051147,200.0
2024-09-16 13:12:00+00:00,AREC,0.47029998898506165,0.47029998898506165,0.47029998898506165,0.47029998898506165,0.47029998898506165,469.0
2024-09-16 13:12:00+00:00,ASTL,10.220000267028809,10.220000267028809,10.229999542236328,10.220000267028809,10.229999542236328,1742.0
2024-09-16 13:12:00+00:00,CENX,14.149999618530273,14.149999618530273,14.15999984741211,14.149999618530273,14.15999984741211,1867.0
2024-09-16 13:12:00+00:00,CNEY,0.49390000104904175,0.49390000104904175,0.4999000132083893,0.49149999022483826,0.4950000047683716,22712.0
2024-09-16 13:12:00+00:00,GEVO,1.3550000190734863,1.3550000190734863,1.3565000295639038,1.3450000286102295,1.3450000286102295,15295.0
2024-09-16 13:12:00+00:00,GPRE,12.609999656677246,12.609999656677246,12.609999656677246,12.609999656677246,12.609999656677246,830.0
2024-09-16 13:12:00+00:00,GSM,4.150000095367432,4.150000095367432,4.150000095367432,4.150000095367432,4.150000095367432,118.0
2024-09-16 13:12:00+00:00,HDSN,7.849999904632568,7.849999904632568,7.849999904632568,7.849999904632568,7.849999904632568,417.0
2024-09-16 13:12:00+00:00,IOSP,110.04000091552734,110.04000091552734,110.04000091552734,110.04000091552734,110.04000091552734,522.0
2024-09-16 13:12:00+00:00,LWLG,2.5350000858306885,2.5350000858306885,2.5350000858306885,2.5350000858306885,2.5350000858306885,1027.0
2024-09-16 13:12:00+00:00,MEOH,38.380001068115234,38.380001068115234,38.380001068115234,38.380001068115234,38.380001068115234,706.0
2024-09-16 13:12:00+00:00,MERC,6.335000038146973,6.335000038146973,6.335000038146973,6.335000038146973,6.335000038146973,1573.0
2024-09-16 13:12:00+00:00,METC,9.850000381469727,9.850000381469727,9.850000381469727,9.850000381469727,9.850000381469727,457.0
2024-09-16 13:12:00+00:00,ORGN,1.5400999784469604,1.5400999784469604,1.5449999570846558,1.5399999618530273,1.5449999570846558,4003.0
2024-09-16 13:12:00+00:00,PAAS,21.329999923706055,21.329999923706055,21.329999923706055,21.31999969482422,21.325000762939453,4206.0
2024-09-16 13:12:00+00:00,PLL,7.090000152587891,7.090000152587891,7.090000152587891,7.090000152587891,7.090000152587891,287.0
2024-09-16 13:12:00+00:00,SSRM,5.875,5.875,5.880000114440918,5.875,5.880000114440918,1208.0
2024-09-16 13:12:00+00:00,STLD,111.4800033569336,111.4800033569336,111.4800033569336,111.4800033569336,111.4800033569336,262.0
2024-09-16 13:12:00+00:00,TMC,1.1399999856948853,1.1399999856948853,1.1399999856948853,1.1299999952316284,1.1319999694824219,5208.0
2024-09-16 13:13:00+00:00,ALTO,1.6100000143051147,1.6100000143051147,1.6100000143051147,1.6100000143051147,1.6100000143051147,416.0
2024-09-16 13:13:00+00:00,CENX,14.149999618530273,14.149999618530273,14.149999618530273,14.149999618530273,14.149999618530273,908.0
2024-09-16 13:13:00+00:00,CNEY,0.503000020980835,0.503000020980835,0.5077000260353088,0.49399998784065247,0.49399998784065247,35437.0
2024-09-16 13:13:00+00:00,CRKN,1.3597999811172485,1.3597999811172485,1.3597999811172485,1.3597999811172485,1.3597999811172485,2395.0
2024-09-16 13:13:00+00:00,GEVO,1.3550000190734863,1.3550000190734863,1.3590999841690063,1.350000023841858,1.3590999841690063,11762.0
2024-09-16 13:13:00+00:00,GPRE,12.619999885559082,12.619999885559082,12.619999885559082,12.619999885559082,12.619999885559082,594.0
2024-09-16 13:13:00+00:00,GSM,4.144999980926514,4.144999980926514,4.144999980926514,4.144999980926514,4.144999980926514,321.0
2024-09-16 13:13:00+00:00,HDSN,7.849999904632568,7.849999904632568,7.849999904632568,7.849999904632568,7.849999904632568,844.0
2024-09-16 13:13:00+00:00,HYMC,2.6489999294281006,2.6489999294281006,2.6489999294281006,2.6489999294281006,2.6489999294281006,1812.0
2024-09-16 13:13:00+00:00,KALU,69.04000091552734,69.04000091552734,69.04000091552734,69.04000091552734,69.04000091552734,357.0
2024-09-16 13:13:00+00:00,LWLG,2.5350000858306885,2.5350000858306885,2.5350000858306885,2.5350000858306885,2.5350000858306885,174.0
2024-09-16 13:13:00+00:00,MERC,6.315000057220459,6.315000057220459,6.340000152587891,6.315000057220459,6.340000152587891,7073.0
2024-09-16 13:13:00+00:00,METC,9.829999923706055,9.829999923706055,9.84000015258789,9.829999923706055,9.84000015258789,3210.0
2024-09-16 13:13:00+00:00,NTIC,12.420000076293945,12.420000076293945,12.430000305175781,12.420000076293945,12.430000305175781,581.0
2024-09-16 13:13:00+00:00,ORGN,1.5449999570846558,1.5449999570846558,1.5449999570846558,1.5420000553131104,1.5420000553131104,1097.0
2024-09-16 13:13:00+00:00,PAAS,21.329999923706055,21.329999923706055,21.34000015258789,21.329999923706055,21.334999084472656,1407.0
2024-09-16 13:13:00+00:00,PLL,7.090000152587891,7.090000152587891,7.090000152587891,7.079999923706055,7.079999923706055,1375.0
2024-09-16 13:13:00+00:00,SSRM,5.875,5.875,5.880000114440918,5.869999885559082,5.869999885559082,2206.0
2024-09-16 13:13:00+00:00,STLD,111.44999694824219,111.44999694824219,111.45999908447266,111.44999694824219,111.45999908447266,1561.0
2024-09-16 13:13:00+00:00,TMC,1.1299999952316284,1.1299999952316284,1.1398999691009521,1.1299999952316284,1.1398999691009521,0.0
2024-09-16 13:13:00+00:00,ZEUS,37.220001220703125,37.220001220703125,37.220001220703125,37.220001220703125,37.220001220703125,1003.0
2024-09-16 13:14:00+00:00,CENX,14.140000343322754,14.140000343322754,14.15999984741211,14.140000343322754,14.15999984741211,1136.0
2024-09-16 13:14:00+00:00,CNEY,0.5084999799728394,0.5084999799728394,0.5099999904632568,0.5,0.5030999779701233,29757.0
2024-09-16 13:14:00+00:00,GEVO,1.3526999950408936,1.3526999950408936,1.3597999811172485,1.350100040435791,1.3509999513626099,16770.0
2024-09-16 13:14:00+00:00,GPRE,12.600000381469727,12.600000381469727,12.600000381469727,12.595000267028809,12.600000381469727,1251.0
2024-09-16 13:14:00+00:00,GSM,4.150000095367432,4.150000095367432,4.150000095367432,4.150000095367432,4.150000095367432,103.0
2024-09-16 13:14:00+00:00,LGO,1.7200000286102295,1.7200000286102295,1.7200000286102295,1.715000033378601,1.715000033378601,400.0
2024-09-16 13:14:00+00:00,MERC,6.315000057220459,6.315000057220459,6.315000057220459,6.315000057220459,6.315000057220459,806.0
2024-09-16 13:14:00+00:00,ORGN,1.5449999570846558,1.5449999570846558,1.5449999570846558,1.5449999570846558,1.5449999570846558,2509.0
2024-09-16 13:14:00+00:00,PAAS,21.329999923706055,21.329999923706055,21.329999923706055,21.321399688720703,21.329999923706055,1804.0
2024-09-16 13:14:00+00:00,RGLD,140.8153076171875,140.8153076171875,140.8153076171875,140.8153076171875,140.8153076171875,789.0
2024-09-16 13:14:00+00:00,SSRM,5.875,5.875,5.875,5.875,5.875,581.0
2024-09-16 13:14:00+00:00,STLD,111.41500091552734,111.41500091552734,111.41999816894531,111.41500091552734,111.41999816894531,590.0
2024-09-16 13:14:00+00:00,TMC,1.1299999952316284,1.1299999952316284,1.1299999952316284,1.1200000047683716,1.1299999952316284,6662.0
2024-09-16 13:15:00+00:00,CENX,14.149999618530273,14.149999618530273,14.149999618530273,14.149999618530273,14.149999618530273,204.0
2024-09-16 13:15:00+00:00,CNEY,0.5370000004768372,0.5370000004768372,0.5370000004768372,0.5070000290870667,0.5070000290870667,118504.0
2024-09-16 13:15:00+00:00,FEAM,0.5109999775886536,0.5109999775886536,0.5109999775886536,0.5105999708175659,0.5105999708175659,908.0
2024-09-16 13:15:00+00:00,GEVO,1.3550000190734863,1.3550000190734863,1.3593000173568726,1.3550000190734863,1.3593000173568726,5612.0
2024-09-16 13:15:00+00:00,GPRE,12.59000015258789,12.59000015258789,12.59000015258789,12.59000015258789,12.59000015258789,1575.0
2024-09-16 13:15:00+00:00,GSM,4.150000095367432,4.150000095367432,4.150000095367432,4.150000095367432,4.150000095367432,644.0
2024-09-16 13:15:00+00:00,KALU,68.91999816894531,68.91999816894531,68.91999816894531,68.91999816894531,68.91999816894531,192.0
2024-09-16 13:15:00+00:00,LWLG,2.5350000858306885,2.5350000858306885,2.538800001144409,2.5350000858306885,2.538800001144409,352.0
2024-09-16 13:15:00+00:00,METC,9.829999923706055,9.829999923706055,9.829999923706055,9.829999923706055,9.829999923706055,405.0
2024-09-16 13:15:00+00:00,PAAS,21.30500030517578,21.30500030517578,21.329999923706055,21.290000915527344,21.329999923706055,9253.0
2024-09-16 13:15:00+00:00,PLL,7.090000152587891,7.090000152587891,7.090000152587891,7.090000152587891,7.090000152587891,407.0
2024-09-16 13:15:00+00:00,RGLD,140.69000244140625,140.69000244140625,140.69000244140625,140.69000244140625,140.69000244140625,177.0
2024-09-16 13:15:00+00:00,SSRM,5.869999885559082,5.869999885559082,5.875,5.869999885559082,5.875,3793.0
2024-09-16 13:15:00+00:00,STLD,111.37999725341797,111.37999725341797,111.37999725341797,111.37999725341797,111.37999725341797,450.0
2024-09-16 13:15:00+00:00,TMC,1.1200000047683716,1.1200000047683716,1.125,1.1200000047683716,1.1200000047683716,2470.0
2024-09-16 13:15:00+00:00,UFPI,123.12999725341797,123.12999725341797,123.12999725341797,123.12999725341797,123.12999725341797,387.0
2024-09-16 13:15:00+00:00,USAU,5.793000221252441,5.793000221252441,5.793000221252441,5.793000221252441,5.793000221252441,2803.0
2024-09-16 13:16:00+00:00,ALTO,1.6100000143051147,1.6100000143051147,1.6100000143051147,1.6100000143051147,1.6100000143051147,484.0
2024-09-16 13:16:00+00:00,ASTL,10.210000038146973,10.210000038146973,10.21500015258789,10.199999809265137,10.21500015258789,1354.0
2024-09-16 13:16:00+00:00,CENX,14.15999984741211,14.15999984741211,14.15999984741211,14.15999984741211,14.15999984741211,388.0
2024-09-16 13:16:00+00:00,CNEY,0.535099983215332,0.535099983215332,0.5397999882698059,0.527999997138977,0.5397999882698059,161014.0
2024-09-16 13:16:00+00:00,GEVO,1.354099988937378,1.354099988937378,1.3598999977111816,1.350000023841858,1.3598999977111816,3605.0
2024-09-16 13:16:00+00:00,GSM,4.150000095367432,4.150000095367432,4.150000095367432,4.139999866485596,4.139999866485596,329.0
2024-09-16 13:16:00+00:00,HDSN,7.840000152587891,7.840000152587891,7.840000152587891,7.840000152587891,7.840000152587891,1043.0
2024-09-16 13:16:00+00:00,IOSP,110.08999633789062,110.08999633789062,110.08999633789062,110.08999633789062,110.08999633789062,224.0
2024-09-16 13:16:00+00:00,LITM,0.3280999958515167,0.3280999958515167,0.3280999958515167,0.3280999958515167,0.3280999958515167,857.0
2024-09-16 13:16:00+00:00,METC,9.829999923706055,9.829999923706055,9.829999923706055,9.829999923706055,9.829999923706055,150.0
2024-09-16 13:16:00+00:00,PAAS,21.329999923706055,21.329999923706055,21.329999923706055,21.30500030517578,21.30500030517578,2982.0
2024-09-16 13:16:00+00:00,PLL,7.082200050354004,7.082200050354004,7.082200050354004,7.082200050354004,7.082200050354004,280.0
2024-09-16 13:16:00+00:00,PPTA,9.045000076293945,9.045000076293945,9.045000076293945,9.045000076293945,9.045000076293945,200.0
2024-09-16 13:16:00+00:00,SGML,10.3149995803833,10.3149995803833,10.319999694824219,10.300000190734863,10.300000190734863,2430.0
2024-09-16 13:16:00+00:00,SSRM,5.880000114440918,5.880000114440918,5.880000114440918,5.869999885559082,5.869999885559082,1812.0
2024-09-16 13:16:00+00:00,STLD,111.4800033569336,111.4800033569336,111.4800033569336,111.45999908447266,111.45999908447266,1731.0
2024-09-16 13:16:00+00:00,TMC,1.125,1.125,1.1398999691009521,1.1200000047683716,1.125,14054.0
2024-09-16 13:16:00+00:00,ZEUS,37.2599983215332,37.2599983215332,37.2599983215332,37.244998931884766,37.244998931884766,1227.0
2024-09-16 13:17:00+00:00,ASTL,10.210000038146973,10.210000038146973,10.210000038146973,10.210000038146973,10.210000038146973,374.0
2024-09-16 13:17:00+00:00,CENX,14.15999984741211,14.15999984741211,14.170000076293945,14.15999984741211,14.170000076293945,1495.0
2024-09-16 13:17:00+00:00,CNEY,0.5414999723434448,0.5414999723434448,0.5437999963760376,0.5299999713897705,0.5393999814987183,87018.0
2024-09-16 13:17:00+00:00,GEVO,1.3600000143051147,1.3600000143051147,1.3600000143051147,1.3550000190734863,1.3550000190734863,3399.0
2024-09-16 13:17:00+00:00,GPRE,12.579999923706055,12.579999923706055,12.579999923706055,12.579999923706055,12.579999923706055,1036.0
2024-09-16 13:17:00+00:00,IOSP,110.19000244140625,110.19000244140625,110.19000244140625,110.12000274658203,110.12000274658203,1334.0
2024-09-16 13:17:00+00:00,KALU,68.91000366210938,68.91000366210938,68.91000366210938,68.91000366210938,68.91000366210938,275.0
2024-09-16 13:17:00+00:00,LWLG,2.5385000705718994,2.5385000705718994,2.5385000705718994,2.5385000705718994,2.5385000705718994,1663.0
2024-09-16 13:17:00+00:00,METC,9.837800025939941,9.837800025939941,9.837800025939941,9.837800025939941,9.837800025939941,602.0
2024-09-16 13:17:00+00:00,ORGN,1.562000036239624,1.562000036239624,1.562000036239624,1.5449999570846558,1.5449999570846558,40527.0
2024-09-16 13:17:00+00:00,PAAS,21.334999084472656,21.334999084472656,21.334999084472656,21.325000762939453,21.32990074157715,1590.0
2024-09-16 13:17:00+00:00,PLL,7.070000171661377,7.070000171661377,7.090000152587891,7.070000171661377,7.090000152587891,3637.0
2024-09-16 13:17:00+00:00,PPTA,9.045000076293945,9.045000076293945,9.045000076293945,9.045000076293945,9.045000076293945,645.0
2024-09-16 13:17:00+00:00,RGLD,140.75,140.75,140.75,140.7449951171875,140.7449951171875,443.0
2024-09-16 13:17:00+00:00,SGML,10.3100004196167,10.3100004196167,10.3100004196167,10.3100004196167,10.3100004196167,517.0
2024-09-16 13:17:00+00:00,SSRM,5.875,5.875,5.880000114440918,5.875,5.880000114440918,570.0
2024-09-16 13:17:00+00:00,STLD,111.4749984741211,111.4749984741211,111.4749984741211,111.4749984741211,111.4749984741211,331.0
2024-09-16 13:17:00+00:00,TMC,1.1294000148773193,1.1294000148773193,1.1299999952316284,1.1294000148773193,1.1299999952316284,3701.0
2024-09-16 13:18:00+00:00,CNEY,0.542900025844574,0.542900025844574,0.550000011920929,0.5414000153541565,0.542900025844574,65159.0
2024-09-16 13:18:00+00:00,GEVO,1.3550000190734863,1.3550000190734863,1.3600000143051147,1.3550000190734863,1.3550000190734863,5666.0
2024-09-16 13:18:00+00:00,GSM,4.150000095367432,4.150000095367432,4.150000095367432,4.150000095367432,4.150000095367432,209.0
2024-09-16 13:18:00+00:00,KALU,68.87000274658203,68.87000274658203,68.87000274658203,68.87000274658203,68.87000274658203,490.0
2024-09-16 13:18:00+00:00,MEOH,38.36000061035156,38.36000061035156,38.40999984741211,38.36000061035156,38.40999984741211,469.0
2024-09-16 13:18:00+00:00,ORGN,1.5520000457763672,1.5520000457763672,1.565000057220459,1.5520000457763672,1.565000057220459,3584.0
2024-09-16 13:18:00+00:00,PAAS,21.334999084472656,21.334999084472656,21.334999084472656,21.31999969482422,21.334999084472656,2043.0
2024-09-16 13:18:00+00:00,PLL,7.054999828338623,7.054999828338623,7.069900035858154,7.054999828338623,7.069900035858154,2074.0
2024-09-16 13:18:00+00:00,RGLD,140.72999572753906,140.72999572753906,140.74000549316406,140.72999572753906,140.74000549316406,290.0
2024-09-16 13:18:00+00:00,SSRM,5.875,5.875,5.880000114440918,5.875,5.880000114440918,835.0
2024-09-16 13:18:00+00:00,TMC,1.1198999881744385,1.1198999881744385,1.125,1.1198999881744385,1.125,21819.0
2024-09-16 13:18:00+00:00,USAP,36.999900817871094,36.999900817871094,36.999900817871094,36.999900817871094,36.999900817871094,594.0
2024-09-16 13:19:00+00:00,AREC,0.47029998898506165,0.47029998898506165,0.47029998898506165,0.47029998898506165,0.47029998898506165,3509.0
2024-09-16 13:19:00+00:00,ASTL,10.182000160217285,10.182000160217285,10.210000038146973,10.180100440979004,10.210000038146973,10267.0
2024-09-16 13:19:00+00:00,CNEY,0.5501999855041504,0.5501999855041504,0.5737000107765198,0.5464000105857849,0.546999990940094,237155.0
2024-09-16 13:19:00+00:00,GEVO,1.3550000190734863,1.3550000190734863,1.3600000143051147,1.3550000190734863,1.3550000190734863,2416.0
2024-09-16 13:19:00+00:00,LWLG,2.5350000858306885,2.5350000858306885,2.5350000858306885,2.5350000858306885,2.5350000858306885,197.0
2024-09-16 13:19:00+00:00,MEOH,38.3849983215332,38.3849983215332,38.3849983215332,38.3849983215332,38.3849983215332,133.0
2024-09-16 13:19:00+00:00,METC,9.829999923706055,9.829999923706055,9.829999923706055,9.819999694824219,9.819999694824219,1474.0
2024-09-16 13:19:00+00:00,ORGN,1.5549999475479126,1.5549999475479126,1.5549999475479126,1.5549999475479126,1.5549999475479126,1403.0
2024-09-16 13:19:00+00:00,PAAS,21.309999465942383,21.309999465942383,21.344999313354492,21.309999465942383,21.329999923706055,7632.0
2024-09-16 13:19:00+00:00,PLL,7.059999942779541,7.059999942779541,7.059999942779541,7.059999942779541,7.059999942779541,551.0
2024-09-16 13:19:00+00:00,RGLD,140.743896484375,140.743896484375,140.743896484375,140.743896484375,140.743896484375,1122.0
2024-09-16 13:19:00+00:00,SSRM,5.875,5.875,5.880000114440918,5.875,5.880000114440918,619.0
2024-09-16 13:19:00+00:00,STLD,111.3550033569336,111.3550033569336,111.46099853515625,111.3550033569336,111.46099853515625,6211.0
2024-09-16 13:19:00+00:00,TMC,1.100000023841858,1.100000023841858,1.110200047492981,1.090000033378601,1.110200047492981,41974.0
2024-09-16 13:20:00+00:00,AREC,0.47029998898506165,0.47029998898506165,0.47029998898506165,0.47029998898506165,0.47029998898506165,929.0
2024-09-16 13:20:00+00:00,ASTL,10.1899995803833,10.1899995803833,10.194999694824219,10.180000305175781,10.1850004196167,10505.0
2024-09-16 13:20:00+00:00,CENX,14.140000343322754,14.140000343322754,14.140000343322754,14.135000228881836,14.135000228881836,663.0
2024-09-16 13:20:00+00:00,CNEY,0.5557000041007996,0.5557000041007996,0.5695000290870667,0.550000011920929,0.5695000290870667,125337.0
2024-09-16 13:20:00+00:00,GEVO,1.3598999977111816,1.3598999977111816,1.3598999977111816,1.350000023841858,1.3550000190734863,1263.0
2024-09-16 13:20:00+00:00,GPRE,12.59000015258789,12.59000015258789,12.59000015258789,12.59000015258789,12.59000015258789,277.0
2024-09-16 13:20:00+00:00,GSM,4.125,4.125,4.150000095367432,4.119999885559082,4.150000095367432,7925.0
2024-09-16 13:20:00+00:00,HDSN,7.860000133514404,7.860000133514404,7.860000133514404,7.860000133514404,7.860000133514404,483.0
2024-09-16 13:20:00+00:00,LGO,1.718000054359436,1.718000054359436,1.7186000347137451,1.718000054359436,1.7186000347137451,600.0
2024-09-16 13:20:00+00:00,LWLG,2.5350000858306885,2.5350000858306885,2.5350000858306885,2.5350000858306885,2.5350000858306885,488.0
2024-09-16 13:20:00+00:00,MERC,6.300000190734863,6.300000190734863,6.309999942779541,6.300000190734863,6.309999942779541,2787.0
2024-09-16 13:20:00+00:00,METC,9.8149995803833,9.8149995803833,9.819999694824219,9.8149995803833,9.819999694824219,1219.0
2024-09-16 13:20:00+00:00,PAAS,21.290000915527344,21.290000915527344,21.309999465942383,21.290000915527344,21.309999465942383,3960.0
2024-09-16 13:20:00+00:00,PLL,7.060500144958496,7.060500144958496,7.070000171661377,7.060500144958496,7.070000171661377,1001.0
2024-09-16 13:20:00+00:00,RGLD,140.6699981689453,140.6699981689453,140.6699981689453,140.6699981689453,140.6699981689453,378.0
2024-09-16 13:20:00+00:00,SGML,10.300000190734863,10.300000190734863,10.319999694824219,10.300000190734863,10.319999694824219,2142.0
2024-09-16 13:20:00+00:00,SSRM,5.869999885559082,5.869999885559082,5.880000114440918,5.869999885559082,5.880000114440918,3800.0
2024-09-16 13:20:00+00:00,STLD,111.4000015258789,111.4000015258789,111.41000366210938,111.36000061035156,111.36000061035156,2281.0
2024-09-16 13:20:00+00:00,TMC,1.100000023841858,1.100000023841858,1.100000023841858,1.0973999500274658,1.0973999500274658,3297.0
2024-09-16 13:21:00+00:00,ALTO,1.6050000190734863,1.6050000190734863,1.6050000190734863,1.6050000190734863,1.6050000190734863,700.0
2024-09-16 13:21:00+00:00,AREC,0.4767000079154968,0.4767000079154968,0.4767000079154968,0.4767000079154968,0.4767000079154968,152.0
2024-09-16 13:21:00+00:00,ASTL,10.194999694824219,10.194999694824219,10.194999694824219,10.1899995803833,10.1899995803833,1814.0
2024-09-16 13:21:00+00:00,CENX,14.109999656677246,14.109999656677246,14.135000228881836,14.109999656677246,14.130000114440918,2138.0
2024-09-16 13:21:00+00:00,CNEY,0.5526999831199646,0.5526999831199646,0.5558000206947327,0.550000011920929,0.5554999709129333,81952.0
2024-09-16 13:21:00+00:00,GEVO,1.3566999435424805,1.3566999435424805,1.3600000143051147,1.350000023841858,1.350000023841858,3635.0
2024-09-16 13:21:00+00:00,GPRE,12.569999694824219,12.569999694824219,12.59000015258789,12.569999694824219,12.59000015258789,1667.0
2024-09-16 13:21:00+00:00,GSM,4.119999885559082,4.119999885559082,4.119999885559082,4.119999885559082,4.119999885559082,30.0
2024-09-16 13:21:00+00:00,IOSP,110.12999725341797,110.12999725341797,110.12999725341797,110.06999969482422,110.06999969482422,866.0
2024-09-16 13:21:00+00:00,KALU,68.93000030517578,68.93000030517578,68.93000030517578,68.93000030517578,68.93000030517578,683.0
2024-09-16 13:21:00+00:00,MEOH,38.34000015258789,38.34000015258789,38.375,38.34000015258789,38.369998931884766,3308.0
2024-09-16 13:21:00+00:00,MERC,6.304999828338623,6.304999828338623,6.309999942779541,6.304999828338623,6.309999942779541,1087.0
2024-09-16 13:21:00+00:00,METC,9.819999694824219,9.819999694824219,9.819999694824219,9.819999694824219,9.819999694824219,164.0
2024-09-16 13:21:00+00:00,ORGN,1.5700000524520874,1.5700000524520874,1.5700000524520874,1.559999942779541,1.559999942779541,2508.0
2024-09-16 13:21:00+00:00,PAAS,21.295000076293945,21.295000076293945,21.295000076293945,21.28499984741211,21.290000915527344,3308.0
2024-09-16 13:21:00+00:00,RGLD,140.75,140.75,140.75,140.7100067138672,140.7100067138672,1121.0
2024-09-16 13:21:00+00:00,SSRM,5.875,5.875,5.875,5.869999885559082,5.869999885559082,2218.0
2024-09-16 13:21:00+00:00,STLD,111.37999725341797,111.37999725341797,111.38500213623047,111.37999725341797,111.38500213623047,679.0
2024-09-16 13:21:00+00:00,TMC,1.1180000305175781,1.1180000305175781,1.1200000047683716,1.100000023841858,1.1200000047683716,7812.0
2024-09-16 13:21:00+00:00,UFPI,123.13999938964844,123.13999938964844,123.13999938964844,123.13999938964844,123.13999938964844,413.0
2024-09-16 13:21:00+00:00,USAP,36.900001525878906,36.900001525878906,36.900001525878906,36.900001525878906,36.900001525878906,1176.0
2024-09-16 13:22:00+00:00,ALTO,1.6007000207901,1.6007000207901,1.6007000207901,1.6007000207901,1.6007000207901,603.0
2024-09-16 13:22:00+00:00,ASTL,10.199999809265137,10.199999809265137,10.199999809265137,10.199999809265137,10.199999809265137,784.0
2024-09-16 13:22:00+00:00,CENX,14.100000381469727,14.100000381469727,14.100000381469727,14.100000381469727,14.100000381469727,461.0
2024-09-16 13:22:00+00:00,CNEY,0.5503000020980835,0.5503000020980835,0.5548999905586243,0.5400000214576721,0.550000011920929,127536.0
2024-09-16 13:22:00+00:00,GEVO,1.3580000400543213,1.3580000400543213,1.3588000535964966,1.3509999513626099,1.3585000038146973,3146.0
2024-09-16 13:22:00+00:00,LGO,1.7200000286102295,1.7200000286102295,1.7200000286102295,1.7200000286102295,1.7200000286102295,1400.0
2024-09-16 13:22:00+00:00,MEOH,38.279998779296875,38.279998779296875,38.310001373291016,38.279998779296875,38.310001373291016,450.0
2024-09-16 13:22:00+00:00,MERC,6.309999942779541,6.309999942779541,6.309999942779541,6.309999942779541,6.309999942779541,1117.0
2024-09-16 13:22:00+00:00,ORGN,1.565000057220459,1.565000057220459,1.5750000476837158,1.565000057220459,1.5700000524520874,8110.0
2024-09-16 13:22:00+00:00,PAAS,21.309999465942383,21.309999465942383,21.309999465942383,21.290000915527344,21.299999237060547,3902.0
2024-09-16 13:22:00+00:00,PLL,7.059999942779541,7.059999942779541,7.059999942779541,7.059999942779541,7.059999942779541,557.0
2024-09-16 13:22:00+00:00,RGLD,140.77999877929688,140.77999877929688,140.77999877929688,140.75,140.77000427246094,1468.0
2024-09-16 13:22:00+00:00,SGML,10.305000305175781,10.305000305175781,10.309000015258789,10.305000305175781,10.309000015258789,576.0
2024-09-16 13:22:00+00:00,SSRM,5.875,5.875,5.875,5.875,5.875,717.0
2024-09-16 13:22:00+00:00,STLD,111.38999938964844,111.38999938964844,111.38999938964844,111.38999938964844,111.38999938964844,697.0
2024-09-16 13:22:00+00:00,TMC,1.110200047492981,1.110200047492981,1.1150000095367432,1.1100000143051147,1.1150000095367432,1426.0
2024-09-16 13:23:00+00:00,ALTO,1.6050000190734863,1.6050000190734863,1.6050000190734863,1.6050000190734863,1.6050000190734863,101.0
2024-09-16 13:23:00+00:00,CENX,14.119999885559082,14.119999885559082,14.119999885559082,14.109999656677246,14.109999656677246,1379.0
2024-09-16 13:23:00+00:00,CNEY,0.5461999773979187,0.5461999773979187,0.550000011920929,0.5414000153541565,0.5429999828338623,36649.0
2024-09-16 13:23:00+00:00,GEVO,1.3502999544143677,1.3502999544143677,1.3550000190734863,1.3502999544143677,1.3550000190734863,7698.0
2024-09-16 13:23:00+00:00,GPRE,12.630000114440918,12.630000114440918,12.630000114440918,12.579999923706055,12.579999923706055,3344.0
2024-09-16 13:23:00+00:00,HDSN,7.864999771118164,7.864999771118164,7.864999771118164,7.864999771118164,7.864999771118164,490.0
2024-09-16 13:23:00+00:00,JCTCF,4.619999885559082,4.619999885559082,4.619999885559082,4.619999885559082,4.619999885559082,200.0
2024-09-16 13:23:00+00:00,LGO,1.7200000286102295,1.7200000286102295,1.7200000286102295,1.7200000286102295,1.7200000286102295,1700.0
2024-09-16 13:23:00+00:00,LWLG,2.5350000858306885,2.5350000858306885,2.5350000858306885,2.5350000858306885,2.5350000858306885,200.0
2024-09-16 13:23:00+00:00,MEOH,38.25,38.25,38.25,38.25,38.25,495.0
2024-09-16 13:23:00+00:00,METC,9.8100004196167,9.8100004196167,9.819999694824219,9.8100004196167,9.8149995803833,1669.0
2024-09-16 13:23:00+00:00,ORGN,1.559999942779541,1.559999942779541,1.5700000524520874,1.559999942779541,1.5700000524520874,6766.0
2024-09-16 13:23:00+00:00,PAAS,21.315000534057617,21.315000534057617,21.31999969482422,21.309999465942383,21.309999465942383,3251.0
2024-09-16 13:23:00+00:00,RGLD,140.83999633789062,140.83999633789062,140.8699951171875,140.8000030517578,140.86000061035156,1813.0
2024-09-16 13:23:00+00:00,SSRM,5.875,5.875,5.875,5.875,5.875,623.0
2024-09-16 13:23:00+00:00,TMC,1.1100000143051147,1.1100000143051147,1.1200000047683716,1.1100000143051147,1.1150000095367432,3147.0
2024-09-16 13:23:00+00:00,UFPI,123.30999755859375,123.30999755859375,123.30999755859375,123.30999755859375,123.30999755859375,1045.0
2024-09-16 13:24:00+00:00,ALTO,1.6050000190734863,1.6050000190734863,1.6050000190734863,1.6050000190734863,1.6050000190734863,1385.0
2024-09-16 13:24:00+00:00,AREC,0.47049999237060547,0.47049999237060547,0.4803999960422516,0.47049999237060547,0.4803999960422516,11345.0
2024-09-16 13:24:00+00:00,BIOX,8.630000114440918,8.630000114440918,8.630000114440918,8.630000114440918,8.630000114440918,342.0
2024-09-16 13:24:00+00:00,CNEY,0.5426999926567078,0.5426999926567078,0.5461000204086304,0.5400000214576721,0.5461000204086304,36998.0
2024-09-16 13:24:00+00:00,GEVO,1.350000023841858,1.350000023841858,1.3600000143051147,1.350000023841858,1.3600000143051147,11063.0
2024-09-16 13:24:00+00:00,GPRE,12.619999885559082,12.619999885559082,12.619999885559082,12.619999885559082,12.619999885559082,507.0
2024-09-16 13:24:00+00:00,LGO,1.7300000190734863,1.7300000190734863,1.7300000190734863,1.7300000190734863,1.7300000190734863,0.0
2024-09-16 13:24:00+00:00,LWLG,2.5399999618530273,2.5399999618530273,2.5399999618530273,2.5350000858306885,2.5399999618530273,1770.0
2024-09-16 13:24:00+00:00,MEOH,38.209999084472656,38.209999084472656,38.209999084472656,38.209999084472656,38.209999084472656,293.0
2024-09-16 13:24:00+00:00,METC,9.800000190734863,9.800000190734863,9.800000190734863,9.800000190734863,9.800000190734863,592.0
2024-09-16 13:24:00+00:00,ORGN,1.559999942779541,1.559999942779541,1.559999942779541,1.559999942779541,1.559999942779541,800.0
2024-09-16 13:24:00+00:00,PAAS,21.315000534057617,21.315000534057617,21.315000534057617,21.299999237060547,21.309999465942383,2237.0
2024-09-16 13:24:00+00:00,RGLD,140.72999572753906,140.72999572753906,140.72999572753906,140.72999572753906,140.72999572753906,357.0
2024-09-16 13:24:00+00:00,SSRM,5.873899936676025,5.873899936676025,5.880000114440918,5.873899936676025,5.875,1205.0
2024-09-16 13:24:00+00:00,STLD,111.37999725341797,111.37999725341797,111.37999725341797,111.37999725341797,111.37999725341797,378.0
2024-09-16 13:24:00+00:00,ZEUS,37.15999984741211,37.15999984741211,37.15999984741211,37.15999984741211,37.15999984741211,1123.0
2024-09-16 13:25:00+00:00,ASTL,10.225000381469727,10.225000381469727,10.229999542236328,10.220000267028809,10.229999542236328,1756.0
2024-09-16 13:25:00+00:00,CNEY,0.5498999953269958,0.5498999953269958,0.5498999953269958,0.5406000018119812,0.5411999821662903,27934.0
2024-09-16 13:25:00+00:00,ELBM,0.631600022315979,0.631600022315979,0.631600022315979,0.631600022315979,0.631600022315979,3508.0
2024-09-16 13:25:00+00:00,GEVO,1.350000023841858,1.350000023841858,1.3550000190734863,1.350000023841858,1.3550000190734863,8466.0
2024-09-16 13:25:00+00:00,GPRE,12.619999885559082,12.619999885559082,12.619999885559082,12.619999885559082,12.619999885559082,820.0
2024-09-16 13:25:00+00:00,HDSN,7.860000133514404,7.860000133514404,7.860000133514404,7.860000133514404,7.860000133514404,793.0
2024-09-16 13:25:00+00:00,LGO,1.7300000190734863,1.7300000190734863,1.7300000190734863,1.7300000190734863,1.7300000190734863,756.0
2024-09-16 13:25:00+00:00,LITM,0.328000009059906,0.328000009059906,0.328000009059906,0.328000009059906,0.328000009059906,17701.0
2024-09-16 13:25:00+00:00,MEOH,38.25,38.25,38.27000045776367,38.25,38.2599983215332,882.0
2024-09-16 13:25:00+00:00,ORGN,1.5700000524520874,1.5700000524520874,1.5700000524520874,1.5700000524520874,1.5700000524520874,692.0
2024-09-16 13:25:00+00:00,PAAS,21.315000534057617,21.315000534057617,21.315000534057617,21.299999237060547,21.309999465942383,2441.0
2024-09-16 13:25:00+00:00,PPTA,9.010000228881836,9.010000228881836,9.010000228881836,9.010000228881836,9.010000228881836,251.0
2024-09-16 13:25:00+00:00,SGML,10.322199821472168,10.322199821472168,10.322199821472168,10.321999549865723,10.321999549865723,468.0
2024-09-16 13:25:00+00:00,SSRM,5.875,5.875,5.880000114440918,5.869999885559082,5.880000114440918,1209.0
2024-09-16 13:25:00+00:00,STLD,111.41999816894531,111.41999816894531,111.41999816894531,111.38500213623047,111.38500213623047,890.0
2024-09-16 13:25:00+00:00,TMC,1.1101000308990479,1.1101000308990479,1.1101000308990479,1.1101000308990479,1.1101000308990479,600.0
2024-09-16 13:25:00+00:00,USAP,36.959999084472656,36.959999084472656,36.959999084472656,36.959999084472656,36.959999084472656,1046.0
2024-09-16 13:26:00+00:00,AREC,0.48100000619888306,0.48100000619888306,0.48100000619888306,0.48100000619888306,0.48100000619888306,434.0
2024-09-16 13:26:00+00:00,CENX,14.109999656677246,14.109999656677246,14.109999656677246,14.109999656677246,14.109999656677246,857.0
2024-09-16 13:26:00+00:00,CNEY,0.5432999730110168,0.5432999730110168,0.5486999750137329,0.5339999794960022,0.5467000007629395,30733.0
2024-09-16 13:26:00+00:00,GEVO,1.3550000190734863,1.3550000190734863,1.3600000143051147,1.350000023841858,1.3550000190734863,7321.0
2024-09-16 13:26:00+00:00,GPRE,12.609999656677246,12.609999656677246,12.609999656677246,12.609999656677246,12.609999656677246,1467.0
2024-09-16 13:26:00+00:00,HDSN,7.860000133514404,7.860000133514404,7.860000133514404,7.860000133514404,7.860000133514404,489.0
2024-09-16 13:26:00+00:00,HWKN,117.44000244140625,117.44000244140625,117.44000244140625,117.44000244140625,117.44000244140625,449.0
2024-09-16 13:26:00+00:00,LWLG,2.5299999713897705,2.5299999713897705,2.5299999713897705,2.5299999713897705,2.5299999713897705,219.0
2024-09-16 13:26:00+00:00,MERC,6.300000190734863,6.300000190734863,6.300000190734863,6.300000190734863,6.300000190734863,259.0
2024-09-16 13:26:00+00:00,METC,9.789999961853027,9.789999961853027,9.789999961853027,9.788800239562988,9.788800239562988,1051.0
2024-09-16 13:26:00+00:00,PAAS,21.333499908447266,21.333499908447266,21.34000015258789,21.31999969482422,21.31999969482422,2840.0
2024-09-16 13:26:00+00:00,RGLD,140.74000549316406,140.74000549316406,140.82989501953125,140.74000549316406,140.82989501953125,3077.0
2024-09-16 13:26:00+00:00,SGML,10.34000015258789,10.34000015258789,10.34000015258789,10.34000015258789,10.34000015258789,3033.0
2024-09-16 13:26:00+00:00,SSRM,5.875,5.875,5.880000114440918,5.875,5.875,1673.0
2024-09-16 13:26:00+00:00,TMC,1.1200000047683716,1.1200000047683716,1.1200000047683716,1.1150000095367432,1.1150000095367432,6040.0
2024-09-16 13:27:00+00:00,ASTL,10.234999656677246,10.234999656677246,10.239999771118164,10.225000381469727,10.225000381469727,1883.0
2024-09-16 13:27:00+00:00,CNEY,0.5357000231742859,0.5357000231742859,0.5443999767303467,0.5314000248908997,0.5339999794960022,14183.0
2024-09-16 13:27:00+00:00,GEVO,1.3585000038146973,1.3585000038146973,1.3585000038146973,1.350000023841858,1.3585000038146973,7217.0
2024-09-16 13:27:00+00:00,IOSP,110.0199966430664,110.0199966430664,110.0199966430664,110.0199966430664,110.0199966430664,264.0
2024-09-16 13:27:00+00:00,LWLG,2.5385000705718994,2.5385000705718994,2.5385000705718994,2.5385000705718994,2.5385000705718994,612.0
2024-09-16 13:27:00+00:00,MEOH,38.27450180053711,38.27450180053711,38.27450180053711,38.27450180053711,38.27450180053711,468.0
2024-09-16 13:27:00+00:00,MERC,6.309999942779541,6.309999942779541,6.309999942779541,6.300000190734863,6.300000190734863,768.0
2024-09-16 13:27:00+00:00,METC,9.8100004196167,9.8100004196167,9.8100004196167,9.800000190734863,9.800000190734863,2332.0
2024-09-16 13:27:00+00:00,PAAS,21.31999969482422,21.31999969482422,21.34000015258789,21.31999969482422,21.34000015258789,1688.0
2024-09-16 13:27:00+00:00,PLL,7.079999923706055,7.079999923706055,7.079999923706055,7.079999923706055,7.079999923706055,405.0
2024-09-16 13:27:00+00:00,SGML,10.329999923706055,10.329999923706055,10.329999923706055,10.329999923706055,10.329999923706055,749.0
2024-09-16 13:27:00+00:00,SSRM,5.875,5.875,5.875,5.875,5.875,469.0
2024-09-16 13:27:00+00:00,STLD,111.31999969482422,111.31999969482422,111.41000366210938,111.30000305175781,111.41000366210938,3032.0
2024-09-16 13:27:00+00:00,TMC,1.1100000143051147,1.1100000143051147,1.1100000143051147,1.1100000143051147,1.1100000143051147,2325.0
2024-09-16 13:27:00+00:00,UFPI,123.1500015258789,123.1500015258789,123.1500015258789,123.1500015258789,123.1500015258789,187.0
2024-09-16 13:27:00+00:00,ZEUS,37.19499969482422,37.19499969482422,37.19499969482422,37.19499969482422,37.19499969482422,209.0
2024-09-16 13:28:00+00:00,BCPC,172.32000732421875,172.32000732421875,172.32000732421875,172.32000732421875,172.32000732421875,822.0
2024-09-16 13:28:00+00:00,BIOX,8.619999885559082,8.619999885559082,8.637999534606934,8.619999885559082,8.637999534606934,573.0
2024-09-16 13:28:00+00:00,CENX,14.100000381469727,14.100000381469727,14.100000381469727,14.100000381469727,14.100000381469727,310.0
2024-09-16 13:28:00+00:00,CNEY,0.5457000136375427,0.5457000136375427,0.5457000136375427,0.5335999727249146,0.5397999882698059,57648.0
2024-09-16 13:28:00+00:00,GEVO,1.3550000190734863,1.3550000190734863,1.3600000143051147,1.350000023841858,1.350000023841858,6705.0
2024-09-16 13:28:00+00:00,GSM,4.110000133514404,4.110000133514404,4.119999885559082,4.110000133514404,4.119999885559082,2894.0
2024-09-16 13:28:00+00:00,HWKN,117.0999984741211,117.0999984741211,117.24500274658203,117.0999984741211,117.24500274658203,736.0
2024-09-16 13:28:00+00:00,HYMC,2.6533000469207764,2.6533000469207764,2.6533000469207764,2.6533000469207764,2.6533000469207764,773.0
2024-09-16 13:28:00+00:00,IOSP,109.9800033569336,109.9800033569336,109.9800033569336,109.94000244140625,109.94000244140625,596.0
2024-09-16 13:28:00+00:00,MERC,6.284999847412109,6.284999847412109,6.300000190734863,6.284999847412109,6.300000190734863,2027.0
2024-09-16 13:28:00+00:00,ORGN,1.5750000476837158,1.5750000476837158,1.5800000429153442,1.5700000524520874,1.5700000524520874,6671.0
2024-09-16 13:28:00+00:00,PAAS,21.315000534057617,21.315000534057617,21.329999923706055,21.315000534057617,21.329999923706055,2904.0
2024-09-16 13:28:00+00:00,PLL,7.070000171661377,7.070000171661377,7.070000171661377,7.070000171661377,7.070000171661377,927.0
2024-09-16 13:28:00+00:00,PPTA,9.010000228881836,9.010000228881836,9.010000228881836,9.010000228881836,9.010000228881836,141.0
2024-09-16 13:28:00+00:00,SGML,10.319999694824219,10.319999694824219,10.335000038146973,10.319999694824219,10.329999923706055,1758.0
2024-09-16 13:28:00+00:00,SSRM,5.875,5.875,5.875,5.875,5.875,872.0
2024-09-16 13:28:00+00:00,STLD,111.27999877929688,111.27999877929688,111.31999969482422,111.27999877929688,111.30999755859375,1917.0
2024-09-16 13:28:00+00:00,TMC,1.090000033378601,1.090000033378601,1.1100000143051147,1.090000033378601,1.1100000143051147,7694.0
2024-09-16 13:28:00+00:00,UFPI,123.13999938964844,123.13999938964844,123.13999938964844,123.13999938964844,123.13999938964844,1373.0
2024-09-16 13:29:00+00:00,ALTO,1.6100000143051147,1.6100000143051147,1.6100000143051147,1.6089999675750732,1.6100000143051147,5329.0
2024-09-16 13:29:00+00:00,CENX,14.09000015258789,14.09000015258789,14.09000015258789,14.09000015258789,14.09000015258789,540.0
2024-09-16 13:29:00+00:00,CNEY,0.5426999926567078,0.5426999926567078,0.5426999926567078,0.5426999926567078,0.5426999926567078,758.0
2024-09-16 13:29:00+00:00,GEVO,1.350000023841858,1.350000023841858,1.3600000143051147,1.350000023841858,1.350000023841858,2658.0
2024-09-16 13:29:00+00:00,GPRE,12.609999656677246,12.609999656677246,12.609999656677246,12.609999656677246,12.609999656677246,709.0
2024-09-16 13:29:00+00:00,GSM,4.114999771118164,4.114999771118164,4.114999771118164,4.114999771118164,4.114999771118164,541.0
2024-09-16 13:29:00+00:00,HDSN,7.840000152587891,7.840000152587891,7.840000152587891,7.840000152587891,7.840000152587891,357.0
2024-09-16 13:29:00+00:00,KALU,68.87000274658203,68.87000274658203,68.98999786376953,68.87000274658203,68.98999786376953,463.0
2024-09-16 13:29:00+00:00,LGO,1.7350000143051147,1.7350000143051147,1.7350000143051147,1.7350000143051147,1.7350000143051147,2200.0
2024-09-16 13:29:00+00:00,MEOH,38.279998779296875,38.279998779296875,38.279998779296875,38.279998779296875,38.279998779296875,229.0
2024-09-16 13:29:00+00:00,ORGN,1.5700000524520874,1.5700000524520874,1.5787999629974365,1.5700000524520874,1.5787999629974365,301.0
2024-09-16 13:29:00+00:00,PAAS,21.324899673461914,21.324899673461914,21.325000762939453,21.31999969482422,21.31999969482422,2604.0
2024-09-16 13:29:00+00:00,PLL,7.070000171661377,7.070000171661377,7.070000171661377,7.070000171661377,7.070000171661377,1043.0
2024-09-16 13:29:00+00:00,PPTA,9.010000228881836,9.010000228881836,9.010000228881836,9.010000228881836,9.010000228881836,378.0
2024-09-16 13:29:00+00:00,SGML,10.319999694824219,10.319999694824219,10.329999923706055,10.3100004196167,10.329999923706055,1288.0
2024-09-16 13:29:00+00:00,SSRM,5.880000114440918,5.880000114440918,5.880000114440918,5.875,5.875,1115.0
2024-09-16 13:29:00+00:00,STLD,111.3499984741211,111.3499984741211,111.3499984741211,111.30500030517578,111.30999755859375,2187.0
2024-09-16 13:29:00+00:00,TMC,1.0800000429153442,1.0800000429153442,1.090000033378601,1.0800000429153442,1.090000033378601,10357.0
2024-09-16 13:29:00+00:00,USLM,84.94999694824219,84.94999694824219,84.94999694824219,84.94999694824219,84.94999694824219,429.0
2024-09-16 13:29:00+00:00,ZEUS,37.150001525878906,37.150001525878906,37.150001525878906,37.150001525878906,37.150001525878906,1004.0
2024-09-16 13:30:00+00:00,CENX,14.09000015258789,14.09000015258789,14.100000381469727,14.079999923706055,14.100000381469727,1726.0
2024-09-16 13:30:00+00:00,CNEY,0.5339000225067139,0.5339000225067139,0.5419999957084656,0.5339000225067139,0.5419999957084656,10186.0
2024-09-16 13:30:00+00:00,GEVO,1.3600000143051147,1.3600000143051147,1.3600000143051147,1.350000023841858,1.3550000190734863,21288.0
2024-09-16 13:30:00+00:00,GPRE,12.609999656677246,12.609999656677246,12.609999656677246,12.609999656677246,12.609999656677246,222.0
2024-09-16 13:30:00+00:00,LWLG,2.5399999618530273,2.5399999618530273,2.5399999618530273,2.5350000858306885,2.5350000858306885,519.0
2024-09-16 13:30:00+00:00,MEOH,38.2599983215332,38.2599983215332,38.2599983215332,38.2599983215332,38.2599983215332,353.0
2024-09-16 13:30:00+00:00,MERC,6.284999847412109,6.284999847412109,6.284999847412109,6.284999847412109,6.284999847412109,422.0
2024-09-16 13:30:00+00:00,METC,9.760000228881836,9.760000228881836,9.800000190734863,9.760000228881836,9.800000190734863,3029.0
2024-09-16 13:30:00+00:00,ORGN,1.5750000476837158,1.5750000476837158,1.5750000476837158,1.5750000476837158,1.5750000476837158,100.0
2024-09-16 13:30:00+00:00,PAAS,21.28969955444336,21.28969955444336,21.325000762939453,21.28969955444336,21.325000762939453,9081.0
2024-09-16 13:30:00+00:00,SSRM,5.875,5.875,5.875,5.869999885559082,5.875,874.0
2024-09-16 13:30:00+00:00,STLD,111.30999755859375,111.30999755859375,111.37460327148438,111.30999755859375,111.3499984741211,1880.0
2024-09-16 13:30:00+00:00,TMC,1.0901000499725342,1.0901000499725342,1.100000023841858,1.0901000499725342,1.100000023841858,2016.0
2024-09-16 13:30:00+00:00,ZEUS,37.119998931884766,37.119998931884766,37.18000030517578,37.11000061035156,37.18000030517578,1463.0
2024-09-16 13:31:00+00:00,CENX,14.109999656677246,14.109999656677246,14.109999656677246,14.109999656677246,14.109999656677246,1039.0
2024-09-16 13:31:00+00:00,CNEY,0.5307000279426575,0.5307000279426575,0.5343999862670898,0.5275999903678894,0.5338000059127808,43512.0
2024-09-16 13:31:00+00:00,GEVO,1.3650000095367432,1.3650000095367432,1.36899995803833,1.350000023841858,1.3598999977111816,17774.0
2024-09-16 13:31:00+00:00,GPRE,12.619999885559082,12.619999885559082,12.619999885559082,12.60990047454834,12.609999656677246,1968.0
2024-09-16 13:31:00+00:00,GSM,4.114999771118164,4.114999771118164,4.114999771118164,4.114999771118164,4.114999771118164,778.0
2024-09-16 13:31:00+00:00,LITM,0.32749998569488525,0.32749998569488525,0.328000009059906,0.32749998569488525,0.328000009059906,6016.0
2024-09-16 13:31:00+00:00,MEOH,38.27000045776367,38.27000045776367,38.310001373291016,38.27000045776367,38.27000045776367,3369.0
2024-09-16 13:31:00+00:00,MERC,6.284999847412109,6.284999847412109,6.284999847412109,6.284999847412109,6.284999847412109,337.0
2024-09-16 13:31:00+00:00,METC,9.779999732971191,9.779999732971191,9.779999732971191,9.760000228881836,9.760000228881836,1075.0
2024-09-16 13:31:00+00:00,ORGN,1.5750000476837158,1.5750000476837158,1.5750000476837158,1.5700000524520874,1.5700000524520874,4341.0
2024-09-16 13:31:00+00:00,PAAS,21.280000686645508,21.280000686645508,21.290000915527344,21.280000686645508,21.290000915527344,1846.0
2024-09-16 13:31:00+00:00,SGML,10.319999694824219,10.319999694824219,10.319999694824219,10.319999694824219,10.319999694824219,237.0
2024-09-16 13:31:00+00:00,SSRM,5.875,5.875,5.875,5.869999885559082,5.869999885559082,715.0
2024-09-16 13:31:00+00:00,STLD,111.3550033569336,111.3550033569336,111.36000061035156,111.30999755859375,111.30999755859375,991.0
2024-09-16 13:31:00+00:00,TMC,1.100000023841858,1.100000023841858,1.100000023841858,1.0994000434875488,1.0994000434875488,5846.0
2024-09-16 13:32:00+00:00,ALTO,1.6150000095367432,1.6150000095367432,1.6150000095367432,1.6150000095367432,1.6150000095367432,276.0
2024-09-16 13:32:00+00:00,CNEY,0.5230000019073486,0.5230000019073486,0.5307999849319458,0.5230000019073486,0.5303999781608582,32877.0
2024-09-16 13:32:00+00:00,GEVO,1.3605999946594238,1.3605999946594238,1.3650000095367432,1.3605999946594238,1.361199975013733,2501.0
2024-09-16 13:32:00+00:00,GPRE,12.619999885559082,12.619999885559082,12.619999885559082,12.619999885559082,12.619999885559082,1328.0
2024-09-16 13:32:00+00:00,HYMC,2.6600000858306885,2.6600000858306885,2.6600000858306885,2.6600000858306885,2.6600000858306885,1211.0
2024-09-16 13:32:00+00:00,KALU,68.69000244140625,68.69000244140625,68.69999694824219,68.69000244140625,68.69999694824219,598.0
2024-09-16 13:32:00+00:00,MERC,6.289999961853027,6.289999961853027,6.289999961853027,6.284999847412109,6.284999847412109,2853.0
2024-09-16 13:32:00+00:00,METC,9.779999732971191,9.779999732971191,9.779999732971191,9.778800010681152,9.778800010681152,697.0
2024-09-16 13:32:00+00:00,NTIC,12.40999984741211,12.40999984741211,12.40999984741211,12.40999984741211,12.40999984741211,303.0
2024-09-16 13:32:00+00:00,ORGN,1.5750000476837158,1.5750000476837158,1.5750000476837158,1.5700000524520874,1.5700000524520874,437.0
2024-09-16 13:32:00+00:00,PAAS,21.30500030517578,21.30500030517578,21.30500030517578,21.280000686645508,21.280000686645508,4042.0
2024-09-16 13:32:00+00:00,PLL,7.079999923706055,7.079999923706055,7.079999923706055,7.079999923706055,7.079999923706055,276.0
2024-09-16 13:32:00+00:00,SGML,10.361800193786621,10.361800193786621,10.361800193786621,10.329999923706055,10.329999923706055,1325.0
2024-09-16 13:32:00+00:00,SSRM,5.880000114440918,5.880000114440918,5.880000114440918,5.875,5.875,1470.0
2024-09-16 13:32:00+00:00,STLD,111.3550033569336,111.3550033569336,111.3550033569336,111.3550033569336,111.3550033569336,1031.0
2024-09-16 13:32:00+00:00,TMC,1.090000033378601,1.090000033378601,1.0950000286102295,1.090000033378601,1.090000033378601,3927.0
2024-09-16 13:33:00+00:00,AREC,0.4812000095844269,0.4812000095844269,0.4812000095844269,0.4812000095844269,0.4812000095844269,1052.0
2024-09-16 13:33:00+00:00,ASTL,10.239999771118164,10.239999771118164,10.239999771118164,10.239999771118164,10.239999771118164,105.0
2024-09-16 13:33:00+00:00,CENX,14.130000114440918,14.130000114440918,14.149999618530273,14.130000114440918,14.149999618530273,613.0
2024-09-16 13:33:00+00:00,CNEY,0.5253999829292297,0.5253999829292297,0.536300003528595,0.5230000019073486,0.5230000019073486,11635.0
2024-09-16 13:33:00+00:00,GEVO,1.375499963760376,1.375499963760376,1.375499963760376,1.3609999418258667,1.3650000095367432,34708.0
2024-09-16 13:33:00+00:00,HUDI,1.9945000410079956,1.9945000410079956,1.9945000410079956,1.9945000410079956,1.9945000410079956,1360.0
2024-09-16 13:33:00+00:00,HYMC,2.6600000858306885,2.6600000858306885,2.6600000858306885,2.6600000858306885,2.6600000858306885,260.0
2024-09-16 13:33:00+00:00,KALU,68.80000305175781,68.80000305175781,68.80000305175781,68.80000305175781,68.80000305175781,214.0
2024-09-16 13:33:00+00:00,LGO,1.7300000190734863,1.7300000190734863,1.7350000143051147,1.7300000190734863,1.7350000143051147,0.0
2024-09-16 13:33:00+00:00,MERC,6.300000190734863,6.300000190734863,6.300000190734863,6.300000190734863,6.300000190734863,1739.0
2024-09-16 13:33:00+00:00,ORGN,1.5793999433517456,1.5793999433517456,1.5793999433517456,1.5750000476837158,1.5750000476837158,3177.0
2024-09-16 13:33:00+00:00,PAAS,21.315000534057617,21.315000534057617,21.31999969482422,21.30500030517578,21.309999465942383,2109.0
2024-09-16 13:33:00+00:00,PPTA,9.020000457763672,9.020000457763672,9.050000190734863,9.010000228881836,9.010000228881836,15875.0
2024-09-16 13:33:00+00:00,SSRM,5.875,5.875,5.875,5.875,5.875,456.0
2024-09-16 13:33:00+00:00,ZEUS,37.2400016784668,37.2400016784668,37.2400016784668,37.2400016784668,37.2400016784668,650.0
2024-09-16 13:34:00+00:00,ALTO,1.6150000095367432,1.6150000095367432,1.6150000095367432,1.6150000095367432,1.6150000095367432,328.0
2024-09-16 13:34:00+00:00,ASTL,10.239999771118164,10.239999771118164,10.239999771118164,10.239999771118164,10.239999771118164,841.0
2024-09-16 13:34:00+00:00,CNEY,0.5260999798774719,0.5260999798774719,0.5260999798774719,0.5260999798774719,0.5260999798774719,11522.0
2024-09-16 13:34:00+00:00,GEVO,1.375,1.375,1.3799999952316284,1.3717999458312988,1.3717999458312988,15845.0
2024-09-16 13:34:00+00:00,HWKN,117.12999725341797,117.12999725341797,117.12999725341797,117.12999725341797,117.12999725341797,289.0
2024-09-16 13:34:00+00:00,MEOH,38.26499938964844,38.26499938964844,38.26499938964844,38.26499938964844,38.26499938964844,122.0
2024-09-16 13:34:00+00:00,PAAS,21.315000534057617,21.315000534057617,21.31999969482422,21.309999465942383,21.309999465942383,2216.0
2024-09-16 13:34:00+00:00,PLL,7.090000152587891,7.090000152587891,7.090000152587891,7.078000068664551,7.078000068664551,696.0
2024-09-16 13:34:00+00:00,SSRM,5.875,5.875,5.880000114440918,5.869999885559082,5.869999885559082,9179.0
2024-09-16 13:34:00+00:00,STLD,111.41999816894531,111.41999816894531,111.41999816894531,111.38999938964844,111.38999938964844,2191.0
2024-09-16 13:34:00+00:00,TMC,1.090000033378601,1.090000033378601,1.100000023841858,1.090000033378601,1.0950000286102295,3284.0
2024-09-16 13:34:00+00:00,ZEUS,37.29499816894531,37.29499816894531,37.29499816894531,37.29499816894531,37.29499816894531,1497.0
2024-09-16 13:35:00+00:00,AREC,0.4894999861717224,0.4894999861717224,0.4894999861717224,0.47760000824928284,0.47760000824928284,2857.0
2024-09-16 13:35:00+00:00,ASTL,10.25,10.25,10.25,10.25,10.25,474.0
2024-09-16 13:35:00+00:00,CENX,14.109999656677246,14.109999656677246,14.109999656677246,14.109999656677246,14.109999656677246,696.0
2024-09-16 13:35:00+00:00,CNEY,0.5257999897003174,0.5257999897003174,0.5260999798774719,0.5253999829292297,0.5260000228881836,7557.0
2024-09-16 13:35:00+00:00,GEVO,1.3798999786376953,1.3798999786376953,1.3799999952316284,1.375,1.3799999952316284,25839.0
2024-09-16 13:35:00+00:00,HYMC,2.6600000858306885,2.6600000858306885,2.6600000858306885,2.6600000858306885,2.6600000858306885,144.0
2024-09-16 13:35:00+00:00,LGO,1.7350000143051147,1.7350000143051147,1.7350000143051147,1.7350000143051147,1.7350000143051147,705.0
2024-09-16 13:35:00+00:00,LWLG,2.5350000858306885,2.5350000858306885,2.5350000858306885,2.5350000858306885,2.5350000858306885,150.0
2024-09-16 13:35:00+00:00,MEOH,38.2849006652832,38.2849006652832,38.290000915527344,38.279998779296875,38.290000915527344,1800.0
2024-09-16 13:35:00+00:00,ORGN,1.5700000524520874,1.5700000524520874,1.5700000524520874,1.5700000524520874,1.5700000524520874,575.0
2024-09-16 13:35:00+00:00,PAAS,21.309999465942383,21.309999465942383,21.315000534057617,21.309999465942383,21.31220054626465,2082.0
2024-09-16 13:35:00+00:00,PPTA,9.0,9.0,9.0,9.0,9.0,1364.0
2024-09-16 13:35:00+00:00,SGML,10.340299606323242,10.340299606323242,10.340299606323242,10.340299606323242,10.340299606323242,690.0
2024-09-16 13:35:00+00:00,SSRM,5.880000114440918,5.880000114440918,5.880000114440918,5.875,5.875,767.0
2024-09-16 13:35:00+00:00,STLD,111.37999725341797,111.37999725341797,111.37999725341797,111.37999725341797,111.37999725341797,1947.0
2024-09-16 13:36:00+00:00,ASTL,10.255000114440918,10.255000114440918,10.260000228881836,10.255000114440918,10.260000228881836,451.0
2024-09-16 13:36:00+00:00,CNEY,0.5260999798774719,0.5260999798774719,0.5260999798774719,0.5048999786376953,0.524399995803833,116315.0
2024-09-16 13:36:00+00:00,FEAM,0.5400000214576721,0.5400000214576721,0.5400000214576721,0.5400000214576721,0.5400000214576721,149.0
2024-09-16 13:36:00+00:00,GEVO,1.375,1.375,1.3799999952316284,1.3700000047683716,1.375,3653.0
2024-09-16 13:36:00+00:00,GPRE,12.640000343322754,12.640000343322754,12.640000343322754,12.630000114440918,12.630000114440918,1594.0
2024-09-16 13:36:00+00:00,HDSN,7.840000152587891,7.840000152587891,7.840000152587891,7.840000152587891,7.840000152587891,248.0
2024-09-16 13:36:00+00:00,HYMC,2.6600000858306885,2.6600000858306885,2.6600000858306885,2.6600000858306885,2.6600000858306885,200.0
2024-09-16 13:36:00+00:00,LGO,1.7300000190734863,1.7300000190734863,1.7300000190734863,1.7300000190734863,1.7300000190734863,401.0
2024-09-16 13:36:00+00:00,LITM,0.3228999972343445,0.3228999972343445,0.3228999972343445,0.3221000134944916,0.3221000134944916,2633.0
2024-09-16 13:36:00+00:00,LWLG,2.5350000858306885,2.5350000858306885,2.5350000858306885,2.5316998958587646,2.5350000858306885,1570.0
2024-09-16 13:36:00+00:00,MEOH,38.25,38.25,38.25,38.20750045776367,38.25,1421.0
2024-09-16 13:36:00+00:00,METC,9.779999732971191,9.779999732971191,9.779999732971191,9.779999732971191,9.779999732971191,361.0
2024-09-16 13:36:00+00:00,PAAS,21.309999465942383,21.309999465942383,21.309999465942383,21.290000915527344,21.30500030517578,6798.0
2024-09-16 13:36:00+00:00,PLL,7.119999885559082,7.119999885559082,7.119999885559082,7.119999885559082,7.119999885559082,1220.0
2024-09-16 13:36:00+00:00,RGLD,140.52000427246094,140.52000427246094,140.6584930419922,140.52000427246094,140.6584930419922,1439.0
2024-09-16 13:36:00+00:00,SSRM,5.880000114440918,5.880000114440918,5.880000114440918,5.875,5.875,3208.0
2024-09-16 13:36:00+00:00,STLD,111.41000366210938,111.41000366210938,111.41000366210938,111.37999725341797,111.37999725341797,1330.0
2024-09-16 13:36:00+00:00,TMC,1.0950000286102295,1.0950000286102295,1.0950000286102295,1.0950000286102295,1.0950000286102295,3002.0
2024-09-16 13:36:00+00:00,WDFC,258.7550048828125,258.7550048828125,258.7550048828125,258.7550048828125,258.7550048828125,1630.0
2024-09-16 13:37:00+00:00,CENX,14.109999656677246,14.109999656677246,14.109999656677246,14.109999656677246,14.109999656677246,231.0
2024-09-16 13:37:00+00:00,CNEY,0.5174000263214111,0.5174000263214111,0.5260999798774719,0.5174000263214111,0.5260000228881836,12103.0
2024-09-16 13:37:00+00:00,GEVO,1.3798999786376953,1.3798999786376953,1.3798999786376953,1.375,1.375,7229.0
2024-09-16 13:37:00+00:00,GSM,4.114999771118164,4.114999771118164,4.114999771118164,4.114999771118164,4.114999771118164,353.0
2024-09-16 13:37:00+00:00,IOSP,110.01000213623047,110.01000213623047,110.02999877929688,109.93499755859375,110.0199966430664,1196.0
2024-09-16 13:37:00+00:00,KALU,68.73999786376953,68.73999786376953,68.73999786376953,68.73999786376953,68.73999786376953,339.0
2024-09-16 13:37:00+00:00,MEOH,38.244998931884766,38.244998931884766,38.27000045776367,38.244998931884766,38.27000045776367,519.0
2024-09-16 13:37:00+00:00,MERC,6.309999942779541,6.309999942779541,6.309999942779541,6.309999942779541,6.309999942779541,3241.0
2024-09-16 13:37:00+00:00,PAAS,21.315500259399414,21.315500259399414,21.31999969482422,21.309999465942383,21.309999465942383,5855.0
2024-09-16 13:37:00+00:00,PLL,7.130000114440918,7.130000114440918,7.139999866485596,7.125,7.139999866485596,828.0
2024-09-16 13:37:00+00:00,RGLD,140.56500244140625,140.56500244140625,140.56500244140625,140.56500244140625,140.56500244140625,404.0
2024-09-16 13:37:00+00:00,SGML,10.390000343322754,10.390000343322754,10.390000343322754,10.369999885559082,10.369999885559082,2577.0
2024-09-16 13:37:00+00:00,SSRM,5.889999866485596,5.889999866485596,5.889999866485596,5.889999866485596,5.889999866485596,628.0
2024-09-16 13:37:00+00:00,STLD,111.47000122070312,111.47000122070312,111.47000122070312,111.4000015258789,111.4000015258789,1621.0
2024-09-16 13:37:00+00:00,TMC,1.090000033378601,1.090000033378601,1.090000033378601,1.090000033378601,1.090000033378601,0.0
2024-09-16 13:37:00+00:00,UFPI,123.1449966430664,123.1449966430664,123.1449966430664,123.1449966430664,123.1449966430664,1907.0
2024-09-16 13:38:00+00:00,AREC,0.489300012588501,0.489300012588501,0.489300012588501,0.489300012588501,0.489300012588501,239.0
2024-09-16 13:38:00+00:00,ASTL,10.25,10.25,10.25,10.25,10.25,220.0
2024-09-16 13:38:00+00:00,CENX,14.09000015258789,14.09000015258789,14.100000381469727,14.09000015258789,14.094499588012695,1691.0
2024-09-16 13:38:00+00:00,CNEY,0.5174999833106995,0.5174999833106995,0.5260999798774719,0.5151000022888184,0.5230000019073486,30095.0
2024-09-16 13:38:00+00:00,GEVO,1.3798999786376953,1.3798999786376953,1.3799999952316284,1.3700000047683716,1.3798999786376953,16662.0
2024-09-16 13:38:00+00:00,GSM,4.114999771118164,4.114999771118164,4.119999885559082,4.114999771118164,4.114999771118164,3903.0
2024-09-16 13:38:00+00:00,HDSN,7.84499979019165,7.84499979019165,7.84499979019165,7.84499979019165,7.84499979019165,229.0
2024-09-16 13:38:00+00:00,MEOH,38.2400016784668,38.2400016784668,38.2400016784668,38.2400016784668,38.2400016784668,101.0
2024-09-16 13:38:00+00:00,METC,9.789999961853027,9.789999961853027,9.789999961853027,9.78499984741211,9.789999961853027,2412.0
2024-09-16 13:38:00+00:00,ORGN,1.5750000476837158,1.5750000476837158,1.5750000476837158,1.559999942779541,1.5750000476837158,41972.0
2024-09-16 13:38:00+00:00,PAAS,21.329999923706055,21.329999923706055,21.329999923706055,21.31999969482422,21.31999969482422,1453.0
2024-09-16 13:38:00+00:00,RGLD,140.67990112304688,140.67990112304688,140.67990112304688,140.67990112304688,140.67990112304688,368.0
2024-09-16 13:38:00+00:00,SGML,10.380000114440918,10.380000114440918,10.380000114440918,10.380000114440918,10.380000114440918,649.0
2024-09-16 13:38:00+00:00,SSRM,5.894999980926514,5.894999980926514,5.894999980926514,5.880000114440918,5.885000228881836,2438.0
2024-09-16 13:38:00+00:00,STLD,111.54000091552734,111.54000091552734,111.54000091552734,111.45999908447266,111.47000122070312,2003.0
2024-09-16 13:38:00+00:00,TMC,1.090999960899353,1.090999960899353,1.100000023841858,1.090999960899353,1.0983999967575073,881.0
2024-09-16 13:38:00+00:00,USAP,37.0,37.0,37.0,37.0,37.0,451.0
2024-09-16 13:39:00+00:00,ASTL,10.25,10.25,10.260000228881836,10.25,10.260000228881836,332.0
2024-09-16 13:39:00+00:00,BIOX,8.619999885559082,8.619999885559082,8.619999885559082,8.619999885559082,8.619999885559082,580.0
2024-09-16 13:39:00+00:00,CENX,14.100000381469727,14.100000381469727,14.100000381469727,14.100000381469727,14.100000381469727,486.0
2024-09-16 13:39:00+00:00,CNEY,0.5260999798774719,0.5260999798774719,0.5304999947547913,0.5245000123977661,0.5245000123977661,22497.0
2024-09-16 13:39:00+00:00,GEVO,1.3700000047683716,1.3700000047683716,1.375,1.3700000047683716,1.375,1538.0
2024-09-16 13:39:00+00:00,GSM,4.125,4.125,4.125,4.119999885559082,4.119999885559082,4385.0
2024-09-16 13:39:00+00:00,HDSN,7.840000152587891,7.840000152587891,7.84499979019165,7.840000152587891,7.84499979019165,1835.0
2024-09-16 13:39:00+00:00,KALU,69.0,69.0,69.06999969482422,69.0,69.06999969482422,1558.0
2024-09-16 13:39:00+00:00,LWLG,2.5399999618530273,2.5399999618530273,2.5399999618530273,2.5350000858306885,2.5350000858306885,3242.0
2024-09-16 13:39:00+00:00,MEOH,38.2599983215332,38.2599983215332,38.2599983215332,38.2599983215332,38.2599983215332,304.0
2024-09-16 13:39:00+00:00,METC,9.8100004196167,9.8100004196167,9.8100004196167,9.800000190734863,9.800000190734863,1084.0
2024-09-16 13:39:00+00:00,ORGN,1.5793999433517456,1.5793999433517456,1.5793999433517456,1.5700000524520874,1.5700000524520874,2247.0
2024-09-16 13:39:00+00:00,PAAS,21.344999313354492,21.344999313354492,21.344999313354492,21.344999313354492,21.344999313354492,2262.0
2024-09-16 13:39:00+00:00,PLL,7.119999885559082,7.119999885559082,7.139999866485596,7.119999885559082,7.139999866485596,1028.0
2024-09-16 13:39:00+00:00,PPTA,9.010000228881836,9.010000228881836,9.010000228881836,9.010000228881836,9.010000228881836,419.0
2024-09-16 13:39:00+00:00,RGLD,140.65499877929688,140.65499877929688,140.65499877929688,140.65499877929688,140.65499877929688,428.0
2024-09-16 13:39:00+00:00,SSRM,5.900000095367432,5.900000095367432,5.900000095367432,5.894999980926514,5.894999980926514,569.0
2024-09-16 13:39:00+00:00,STLD,111.58499908447266,111.58499908447266,111.58499908447266,111.58499908447266,111.58499908447266,613.0
2024-09-16 13:40:00+00:00,ALTO,1.6139999628067017,1.6139999628067017,1.6139999628067017,1.6139999628067017,1.6139999628067017,505.0
2024-09-16 13:40:00+00:00,CENX,14.09000015258789,14.09000015258789,14.09000015258789,14.09000015258789,14.09000015258789,335.0
2024-09-16 13:40:00+00:00,CNEY,0.5259000062942505,0.5259000062942505,0.5260000228881836,0.5199999809265137,0.5260000228881836,11921.0
2024-09-16 13:40:00+00:00,GEVO,1.378999948501587,1.378999948501587,1.3799999952316284,1.375,1.375,6873.0
2024-09-16 13:40:00+00:00,GPRE,12.640000343322754,12.640000343322754,12.649999618530273,12.640000343322754,12.649999618530273,1980.0
2024-09-16 13:40:00+00:00,GSM,4.130000114440918,4.130000114440918,4.130000114440918,4.130000114440918,4.130000114440918,109.0
2024-09-16 13:40:00+00:00,HWKN,117.05000305175781,117.05000305175781,117.05000305175781,117.05000305175781,117.05000305175781,527.0
2024-09-16 13:40:00+00:00,HYMC,2.64739990234375,2.64739990234375,2.64739990234375,2.64739990234375,2.64739990234375,137.0
2024-09-16 13:40:00+00:00,LGO,1.7300000190734863,1.7300000190734863,1.7300000190734863,1.7300000190734863,1.7300000190734863,4365.0
2024-09-16 13:40:00+00:00,LWLG,2.5450000762939453,2.5450000762939453,2.5450000762939453,2.5450000762939453,2.5450000762939453,1396.0
2024-09-16 13:40:00+00:00,MEOH,38.22999954223633,38.22999954223633,38.22999954223633,38.22999954223633,38.22999954223633,443.0
2024-09-16 13:40:00+00:00,METC,9.819999694824219,9.819999694824219,9.819999694824219,9.819999694824219,9.819999694824219,358.0
2024-09-16 13:40:00+00:00,ORGN,1.5700000524520874,1.5700000524520874,1.5800000429153442,1.5700000524520874,1.5750000476837158,2183.0
2024-09-16 13:40:00+00:00,PAAS,21.34000015258789,21.34000015258789,21.344999313354492,21.329999923706055,21.34000015258789,2562.0
2024-09-16 13:40:00+00:00,PLL,7.119999885559082,7.119999885559082,7.119999885559082,7.119999885559082,7.119999885559082,2724.0
2024-09-16 13:40:00+00:00,SGML,10.390000343322754,10.390000343322754,10.390000343322754,10.390000343322754,10.390000343322754,1350.0
2024-09-16 13:40:00+00:00,SSRM,5.894999980926514,5.894999980926514,5.900000095367432,5.894999980926514,5.900000095367432,895.0
2024-09-16 13:40:00+00:00,USAU,5.804999828338623,5.804999828338623,5.804999828338623,5.804999828338623,5.804999828338623,162.0
2024-09-16 13:41:00+00:00,AREC,0.49000000953674316,0.49000000953674316,0.49000000953674316,0.49000000953674316,0.49000000953674316,3214.0
2024-09-16 13:41:00+00:00,ASTL,10.229999542236328,10.229999542236328,10.25,10.229999542236328,10.25,3672.0
2024-09-16 13:41:00+00:00,CENX,14.09000015258789,14.09000015258789,14.100000381469727,14.09000015258789,14.100000381469727,432.0
2024-09-16 13:41:00+00:00,CNEY,0.525600016117096,0.525600016117096,0.525600016117096,0.5200999975204468,0.525600016117096,10776.0
2024-09-16 13:41:00+00:00,GEVO,1.3734999895095825,1.3734999895095825,1.37909996509552,1.3734999895095825,1.37909996509552,2074.0
2024-09-16 13:41:00+00:00,GSM,4.125,4.125,4.125,4.125,4.125,619.0
2024-09-16 13:41:00+00:00,GURE,0.9599999785423279,0.9599999785423279,0.9700999855995178,0.9599999785423279,0.9700999855995178,15813.0
2024-09-16 13:41:00+00:00,HDSN,7.840000152587891,7.840000152587891,7.840000152587891,7.840000152587891,7.840000152587891,180.0
2024-09-16 13:41:00+00:00,MEOH,38.27000045776367,38.27000045776367,38.279998779296875,38.27000045776367,38.279998779296875,635.0
2024-09-16 13:41:00+00:00,ORGN,1.5799000263214111,1.5799000263214111,1.5799000263214111,1.5700000524520874,1.5700000524520874,979.0
2024-09-16 13:41:00+00:00,PAAS,21.350000381469727,21.350000381469727,21.354999542236328,21.34000015258789,21.34000015258789,4107.0
2024-09-16 13:41:00+00:00,PLL,7.110000133514404,7.110000133514404,7.110000133514404,7.110000133514404,7.110000133514404,0.0
2024-09-16 13:41:00+00:00,PPTA,9.029999732971191,9.029999732971191,9.029999732971191,9.029999732971191,9.029999732971191,210.0
2024-09-16 13:41:00+00:00,RGLD,140.75,140.75,140.75,140.72000122070312,140.72000122070312,763.0
2024-09-16 13:41:00+00:00,SSRM,5.894999980926514,5.894999980926514,5.894999980926514,5.894999980926514,5.894999980926514,3622.0
2024-09-16 13:41:00+00:00,STLD,111.45500183105469,111.45500183105469,111.54000091552734,111.44999694824219,111.54000091552734,1610.0
2024-09-16 13:41:00+00:00,TMC,1.1100000143051147,1.1100000143051147,1.1100000143051147,1.1098999977111816,1.1098999977111816,1676.0
2024-09-16 13:41:00+00:00,ZEUS,37.310001373291016,37.310001373291016,37.310001373291016,37.310001373291016,37.310001373291016,118.0
2024-09-16 13:42:00+00:00,CNEY,0.5200999975204468,0.5200999975204468,0.5200999975204468,0.5200999975204468,0.5200999975204468,7070.0
2024-09-16 13:42:00+00:00,CRKN,1.3600000143051147,1.3600000143051147,1.3600000143051147,1.3600000143051147,1.3600000143051147,795.0
2024-09-16 13:42:00+00:00,GEVO,1.3799999952316284,1.3799999952316284,1.3799999952316284,1.3700000047683716,1.375,4959.0
2024-09-16 13:42:00+00:00,GPRE,12.619999885559082,12.619999885559082,12.619999885559082,12.619999885559082,12.619999885559082,632.0
2024-09-16 13:42:00+00:00,GURE,0.9599999785423279,0.9599999785423279,0.9599999785423279,0.9599999785423279,0.9599999785423279,0.0
2024-09-16 13:42:00+00:00,PAAS,21.354999542236328,21.354999542236328,21.354999542236328,21.354999542236328,21.354999542236328,538.0
2024-09-16 13:42:00+00:00,PPTA,9.029999732971191,9.029999732971191,9.029999732971191,9.029999732971191,9.029999732971191,234.0
2024-09-16 13:42:00+00:00,SSRM,5.894000053405762,5.894000053405762,5.900000095367432,5.894000053405762,5.900000095367432,621.0
2024-09-16 13:42:00+00:00,STLD,111.48500061035156,111.48500061035156,111.48500061035156,111.48500061035156,111.48500061035156,273.0
2024-09-16 13:42:00+00:00,TMC,1.100000023841858,1.100000023841858,1.1030000448226929,1.100000023841858,1.1030000448226929,300.0
2024-09-16 13:42:00+00:00,ZEUS,37.36000061035156,37.36000061035156,37.36000061035156,37.36000061035156,37.36000061035156,603.0
2024-09-16 13:43:00+00:00,CENX,14.079999923706055,14.079999923706055,14.079999923706055,14.079999923706055,14.079999923706055,661.0
2024-09-16 13:43:00+00:00,CNEY,0.5235000252723694,0.5235000252723694,0.5235000252723694,0.5202000141143799,0.5202000141143799,4081.0
2024-09-16 13:43:00+00:00,GEVO,1.3890000581741333,1.3890000581741333,1.3899999856948853,1.375,1.3799999952316284,82087.0
2024-09-16 13:43:00+00:00,LGO,1.7300000190734863,1.7300000190734863,1.7300000190734863,1.7300000190734863,1.7300000190734863,1500.0
2024-09-16 13:43:00+00:00,MERC,6.315000057220459,6.315000057220459,6.315000057220459,6.315000057220459,6.315000057220459,322.0
2024-09-16 13:43:00+00:00,ORGN,1.5714999437332153,1.5714999437332153,1.5714999437332153,1.5714999437332153,1.5714999437332153,856.0
2024-09-16 13:43:00+00:00,PAAS,21.344999313354492,21.344999313354492,21.354999542236328,21.329999923706055,21.354999542236328,9617.0
2024-09-16 13:43:00+00:00,SSRM,5.894999980926514,5.894999980926514,5.894999980926514,5.889999866485596,5.889999866485596,427.0
2024-09-16 13:43:00+00:00,STLD,111.48500061035156,111.48500061035156,111.48500061035156,111.48500061035156,111.48500061035156,334.0
2024-09-16 13:43:00+00:00,TMC,1.100000023841858,1.100000023841858,1.1200000047683716,1.100000023841858,1.1200000047683716,6671.0
2024-09-16 13:43:00+00:00,USLM,85.20999908447266,85.20999908447266,85.20999908447266,85.20999908447266,85.20999908447266,877.0
2024-09-16 13:44:00+00:00,AREC,0.49000000953674316,0.49000000953674316,0.49050000309944153,0.49000000953674316,0.49000000953674316,1643.0
2024-09-16 13:44:00+00:00,ASTL,10.225000381469727,10.225000381469727,10.225000381469727,10.222000122070312,10.222000122070312,437.0
2024-09-16 13:44:00+00:00,CENX,14.079999923706055,14.079999923706055,14.079999923706055,14.069999694824219,14.069999694824219,1737.0
2024-09-16 13:44:00+00:00,CNEY,0.5220999717712402,0.5220999717712402,0.5254999995231628,0.5220000147819519,0.5235000252723694,12159.0
2024-09-16 13:44:00+00:00,GEVO,1.3849999904632568,1.3849999904632568,1.3899999856948853,1.3849999904632568,1.3849999904632568,55835.0
2024-09-16 13:44:00+00:00,GPRE,12.630000114440918,12.630000114440918,12.630000114440918,12.630000114440918,12.630000114440918,952.0
2024-09-16 13:44:00+00:00,GSM,4.119999885559082,4.119999885559082,4.130000114440918,4.119999885559082,4.125,1491.0
2024-09-16 13:44:00+00:00,HDSN,7.84499979019165,7.84499979019165,7.84499979019165,7.84499979019165,7.84499979019165,268.0
2024-09-16 13:44:00+00:00,LWLG,2.5450000762939453,2.5450000762939453,2.5450000762939453,2.5450000762939453,2.5450000762939453,3088.0
2024-09-16 13:44:00+00:00,MERC,6.320000171661377,6.320000171661377,6.320000171661377,6.320000171661377,6.320000171661377,502.0
2024-09-16 13:44:00+00:00,METC,9.819999694824219,9.819999694824219,9.819999694824219,9.819999694824219,9.819999694824219,704.0
2024-09-16 13:44:00+00:00,PAAS,21.334999084472656,21.334999084472656,21.344999313354492,21.329999923706055,21.344999313354492,1310.0
2024-09-16 13:44:00+00:00,RGLD,140.77000427246094,140.77000427246094,140.77000427246094,140.77000427246094,140.77000427246094,578.0
2024-09-16 13:44:00+00:00,SGML,10.380000114440918,10.380000114440918,10.380000114440918,10.380000114440918,10.380000114440918,559.0
2024-09-16 13:44:00+00:00,SSRM,5.894999980926514,5.894999980926514,5.900000095367432,5.894999980926514,5.894999980926514,5967.0
2024-09-16 13:44:00+00:00,STLD,111.5,111.5,111.52999877929688,111.5,111.5,2032.0
2024-09-16 13:44:00+00:00,TMC,1.1150000095367432,1.1150000095367432,1.1200000047683716,1.1100000143051147,1.1100000143051147,1320.0
2024-09-16 13:44:00+00:00,USAP,37.040000915527344,37.040000915527344,37.040000915527344,37.040000915527344,37.040000915527344,449.0
2024-09-16 13:44:00+00:00,USLM,85.13999938964844,85.13999938964844,85.13999938964844,85.13999938964844,85.13999938964844,484.0
2024-09-16 13:45:00+00:00,ASTL,10.220000267028809,10.220000267028809,10.220000267028809,10.220000267028809,10.220000267028809,879.0
2024-09-16 13:45:00+00:00,CENX,14.079999923706055,14.079999923706055,14.079999923706055,14.074999809265137,14.074999809265137,697.0
2024-09-16 13:45:00+00:00,CNEY,0.5241000056266785,0.5241000056266785,0.5242000222206116,0.5220000147819519,0.5220000147819519,13072.0
2024-09-16 13:45:00+00:00,GEVO,1.3849999904632568,1.3849999904632568,1.3899999856948853,1.3799999952316284,1.3899999856948853,10626.0
2024-09-16 13:45:00+00:00,GPRE,12.635000228881836,12.635000228881836,12.635000228881836,12.635000228881836,12.635000228881836,376.0
2024-09-16 13:45:00+00:00,GSM,4.125,4.125,4.125,4.125,4.125,103.0
2024-09-16 13:45:00+00:00,HWKN,117.28500366210938,117.28500366210938,117.28500366210938,117.17500305175781,117.17500305175781,597.0
2024-09-16 13:45:00+00:00,IOSP,109.98500061035156,109.98500061035156,109.98500061035156,109.98500061035156,109.98500061035156,374.0
2024-09-16 13:45:00+00:00,MEOH,38.29999923706055,38.29999923706055,38.310001373291016,38.29999923706055,38.29999923706055,928.0
2024-09-16 13:45:00+00:00,ORGN,1.5771000385284424,1.5771000385284424,1.5771000385284424,1.5771000385284424,1.5771000385284424,570.0
2024-09-16 13:45:00+00:00,PAAS,21.344999313354492,21.344999313354492,21.350000381469727,21.334999084472656,21.34000015258789,12950.0
2024-09-16 13:45:00+00:00,RGLD,140.75,140.75,140.75,140.75,140.75,329.0
2024-09-16 13:45:00+00:00,SSRM,5.894999980926514,5.894999980926514,5.894999980926514,5.894999980926514,5.894999980926514,131.0
2024-09-16 13:45:00+00:00,STLD,111.48999786376953,111.48999786376953,111.50499725341797,111.48999786376953,111.50499725341797,726.0
2024-09-16 13:45:00+00:00,TMC,1.100000023841858,1.100000023841858,1.1181999444961548,1.100000023841858,1.1181999444961548,6467.0
2024-09-16 13:45:00+00:00,ZEUS,37.33000183105469,37.33000183105469,37.33000183105469,37.33000183105469,37.33000183105469,555.0
2024-09-16 13:46:00+00:00,ASTL,10.210000038146973,10.210000038146973,10.210000038146973,10.204999923706055,10.210000038146973,1417.0
2024-09-16 13:46:00+00:00,CENX,14.095000267028809,14.095000267028809,14.095000267028809,14.09000015258789,14.09000015258789,1521.0
2024-09-16 13:46:00+00:00,CNEY,0.5231000185012817,0.5231000185012817,0.525600016117096,0.5231000185012817,0.5254999995231628,12488.0
2024-09-16 13:46:00+00:00,GEVO,1.375,1.375,1.3898999691009521,1.375,1.3884999752044678,55202.0
2024-09-16 13:46:00+00:00,GPRE,12.630000114440918,12.630000114440918,12.630000114440918,12.630000114440918,12.630000114440918,970.0
2024-09-16 13:46:00+00:00,GSM,4.130000114440918,4.130000114440918,4.130000114440918,4.130000114440918,4.130000114440918,357.0
2024-09-16 13:46:00+00:00,HDSN,7.840000152587891,7.840000152587891,7.840000152587891,7.840000152587891,7.840000152587891,346.0
2024-09-16 13:46:00+00:00,IOSP,109.91000366210938,109.91000366210938,109.91000366210938,109.91000366210938,109.91000366210938,970.0
2024-09-16 13:46:00+00:00,LITM,0.32989999651908875,0.32989999651908875,0.32989999651908875,0.32989999651908875,0.32989999651908875,1685.0
2024-09-16 13:46:00+00:00,MERC,6.320000171661377,6.320000171661377,6.320000171661377,6.320000171661377,6.320000171661377,276.0
2024-09-16 13:46:00+00:00,METC,9.8100004196167,9.8100004196167,9.8100004196167,9.805000305175781,9.805000305175781,459.0
2024-09-16 13:46:00+00:00,PAAS,21.344999313354492,21.344999313354492,21.344999313354492,21.344999313354492,21.344999313354492,324.0
2024-09-16 13:46:00+00:00,PPTA,9.020000457763672,9.020000457763672,9.020000457763672,9.020000457763672,9.020000457763672,633.0
2024-09-16 13:46:00+00:00,RGLD,140.7100067138672,140.7100067138672,140.75,140.7100067138672,140.75,540.0
2024-09-16 13:46:00+00:00,SSRM,5.900000095367432,5.900000095367432,5.900000095367432,5.900000095367432,5.900000095367432,409.0
2024-09-16 13:46:00+00:00,TMC,1.100000023841858,1.100000023841858,1.1059999465942383,1.100000023841858,1.1059999465942383,871.0
2024-09-16 13:47:00+00:00,ASTL,10.210000038146973,10.210000038146973,10.210000038146973,10.210000038146973,10.210000038146973,640.0
2024-09-16 13:47:00+00:00,CENX,14.100000381469727,14.100000381469727,14.100000381469727,14.100000381469727,14.100000381469727,264.0
2024-09-16 13:47:00+00:00,CNEY,0.5605000257492065,0.5605000257492065,0.5605000257492065,0.5322999954223633,0.5378999710083008,89233.0
2024-09-16 13:47:00+00:00,GEVO,1.3799999952316284,1.3799999952316284,1.3799999952316284,1.3700000047683716,1.3799999952316284,10976.0
2024-09-16 13:47:00+00:00,GPRE,12.630000114440918,12.630000114440918,12.630000114440918,12.630000114440918,12.630000114440918,1180.0
2024-09-16 13:47:00+00:00,HDSN,7.835000038146973,7.835000038146973,7.840000152587891,7.835000038146973,7.840000152587891,970.0
2024-09-16 13:47:00+00:00,LGO,1.7300000190734863,1.7300000190734863,1.7300000190734863,1.7300000190734863,1.7300000190734863,1000.0
2024-09-16 13:47:00+00:00,LOOP,1.4600000381469727,1.4600000381469727,1.4600000381469727,1.4600000381469727,1.4600000381469727,110.0
2024-09-16 13:47:00+00:00,MEOH,38.349998474121094,38.349998474121094,38.349998474121094,38.279998779296875,38.290000915527344,1650.0
2024-09-16 13:47:00+00:00,MERC,6.320000171661377,6.320000171661377,6.320000171661377,6.320000171661377,6.320000171661377,2085.0
2024-09-16 13:47:00+00:00,METC,9.8149995803833,9.8149995803833,9.8149995803833,9.8149995803833,9.8149995803833,160.0
2024-09-16 13:47:00+00:00,PAAS,21.354999542236328,21.354999542236328,21.354999542236328,21.344999313354492,21.344999313354492,1794.0
2024-09-16 13:47:00+00:00,PLL,7.130000114440918,7.130000114440918,7.130000114440918,7.130000114440918,7.130000114440918,424.0
2024-09-16 13:47:00+00:00,RGLD,140.75,140.75,140.75,140.75,140.75,275.0
2024-09-16 13:47:00+00:00,SGML,10.40999984741211,10.40999984741211,10.40999984741211,10.395000457763672,10.395000457763672,1873.0
2024-09-16 13:47:00+00:00,SSRM,5.889999866485596,5.889999866485596,5.894999980926514,5.889999866485596,5.889999866485596,4926.0
2024-09-16 13:47:00+00:00,STLD,111.50499725341797,111.50499725341797,111.50499725341797,111.4800033569336,111.50499725341797,861.0
2024-09-16 13:47:00+00:00,TMC,1.1100000143051147,1.1100000143051147,1.1100000143051147,1.100100040435791,1.100100040435791,802.0
2024-09-16 13:48:00+00:00,ACNT,9.25,9.25,9.25,9.25,9.25,1008.0
2024-09-16 13:48:00+00:00,ASTL,10.194999694824219,10.194999694824219,10.220000267028809,10.194999694824219,10.210000038146973,3985.0
2024-09-16 13:48:00+00:00,CENX,14.100000381469727,14.100000381469727,14.100000381469727,14.100000381469727,14.100000381469727,346.0
2024-09-16 13:48:00+00:00,CNEY,0.5616000294685364,0.5616000294685364,0.5882999897003174,0.5515999794006348,0.555899977684021,88856.0
2024-09-16 13:48:00+00:00,GEVO,1.3700000047683716,1.3700000047683716,1.3894000053405762,1.3700000047683716,1.3799999952316284,29139.0
2024-09-16 13:48:00+00:00,GSM,4.130000114440918,4.130000114440918,4.130000114440918,4.125,4.125,2834.0
2024-09-16 13:48:00+00:00,METC,9.8149995803833,9.8149995803833,9.819999694824219,9.810099601745605,9.819999694824219,520.0
2024-09-16 13:48:00+00:00,PAAS,21.364999771118164,21.364999771118164,21.3700008392334,21.360000610351562,21.360000610351562,3968.0
2024-09-16 13:48:00+00:00,PPTA,9.010000228881836,9.010000228881836,9.010000228881836,9.010000228881836,9.010000228881836,123.0
2024-09-16 13:48:00+00:00,SGML,10.40999984741211,10.40999984741211,10.40999984741211,10.40999984741211,10.40999984741211,543.0
2024-09-16 13:48:00+00:00,SSRM,5.894000053405762,5.894000053405762,5.894000053405762,5.894000053405762,5.894000053405762,300.0
2024-09-16 13:48:00+00:00,TMC,1.1050000190734863,1.1050000190734863,1.1050000190734863,1.100000023841858,1.100000023841858,8200.0
2024-09-16 13:48:00+00:00,USAP,36.88999938964844,36.88999938964844,36.88999938964844,36.88999938964844,36.88999938964844,689.0
2024-09-16 13:48:00+00:00,USLM,84.73999786376953,84.73999786376953,84.73999786376953,84.73999786376953,84.73999786376953,778.0
2024-09-16 13:48:00+00:00,ZEUS,37.345001220703125,37.345001220703125,37.345001220703125,37.345001220703125,37.345001220703125,106.0
2024-09-16 13:49:00+00:00,ACNT,9.25,9.25,9.25,9.25,9.25,642.0
2024-09-16 13:49:00+00:00,ASTL,10.199999809265137,10.199999809265137,10.204999923706055,10.199999809265137,10.199999809265137,5563.0
2024-09-16 13:49:00+00:00,CNEY,0.5692999958992004,0.5692999958992004,0.5699999928474426,0.5601000189781189,0.5699999928474426,25666.0
2024-09-16 13:49:00+00:00,GEVO,1.3801000118255615,1.3801000118255615,1.3899999856948853,1.3799999952316284,1.3799999952316284,35095.0
2024-09-16 13:49:00+00:00,GSM,4.130000114440918,4.130000114440918,4.130000114440918,4.130000114440918,4.130000114440918,495.0
2024-09-16 13:49:00+00:00,HWKN,117.12999725341797,117.12999725341797,117.12999725341797,117.12999725341797,117.12999725341797,283.0
2024-09-16 13:49:00+00:00,LWLG,2.5450000762939453,2.5450000762939453,2.5450000762939453,2.5450000762939453,2.5450000762939453,338.0
2024-09-16 13:49:00+00:00,MEOH,38.380001068115234,38.380001068115234,38.380001068115234,38.375,38.375,259.0
2024-09-16 13:49:00+00:00,METC,9.8149995803833,9.8149995803833,9.8149995803833,9.814000129699707,9.814000129699707,761.0
2024-09-16 13:49:00+00:00,ORGN,1.5700000524520874,1.5700000524520874,1.5700000524520874,1.5700000524520874,1.5700000524520874,370.0
2024-09-16 13:49:00+00:00,PAAS,21.364999771118164,21.364999771118164,21.3700008392334,21.364999771118164,21.3700008392334,720.0
2024-09-16 13:49:00+00:00,PPTA,9.029999732971191,9.029999732971191,9.039999961853027,9.029999732971191,9.039999961853027,795.0
2024-09-16 13:49:00+00:00,RGLD,140.77499389648438,140.77499389648438,140.8000030517578,140.75,140.75,1236.0
2024-09-16 13:49:00+00:00,SGML,10.407099723815918,10.407099723815918,10.407099723815918,10.407099723815918,10.407099723815918,400.0
2024-09-16 13:49:00+00:00,SSRM,5.900000095367432,5.900000095367432,5.900000095367432,5.894999980926514,5.894999980926514,215.0
2024-09-16 13:49:00+00:00,STLD,111.50499725341797,111.50499725341797,111.50499725341797,111.50499725341797,111.50499725341797,203.0
2024-09-16 13:49:00+00:00,TMC,1.1088999509811401,1.1088999509811401,1.1088999509811401,1.1088999509811401,1.1088999509811401,1116.0
2024-09-16 13:49:00+00:00,ZEUS,37.459999084472656,37.459999084472656,37.459999084472656,37.459999084472656,37.459999084472656,120.0
2024-09-16 13:50:00+00:00,ASTL,10.210000038146973,10.210000038146973,10.210000038146973,10.199999809265137,10.199999809265137,717.0
2024-09-16 13:50:00+00:00,CENX,14.109999656677246,14.109999656677246,14.109999656677246,14.109999656677246,14.109999656677246,765.0
2024-09-16 13:50:00+00:00,CNEY,0.5680000185966492,0.5680000185966492,0.5694000124931335,0.5600000023841858,0.5694000124931335,9134.0
2024-09-16 13:50:00+00:00,GEVO,1.3849999904632568,1.3849999904632568,1.389799952507019,1.3799999952316284,1.389799952507019,5685.0
2024-09-16 13:50:00+00:00,GSM,4.139999866485596,4.139999866485596,4.139999866485596,4.130000114440918,4.130000114440918,11299.0
2024-09-16 13:50:00+00:00,LGO,1.7300000190734863,1.7300000190734863,1.7300000190734863,1.7300000190734863,1.7300000190734863,4200.0
2024-09-16 13:50:00+00:00,MERC,6.320000171661377,6.320000171661377,6.324999809265137,6.320000171661377,6.324999809265137,578.0
2024-09-16 13:50:00+00:00,PAAS,21.360000610351562,21.360000610351562,21.364999771118164,21.360000610351562,21.364999771118164,1733.0
2024-09-16 13:50:00+00:00,PPTA,9.039999961853027,9.039999961853027,9.039999961853027,9.039999961853027,9.039999961853027,1205.0
2024-09-16 13:50:00+00:00,RGLD,140.77999877929688,140.77999877929688,140.77999877929688,140.77999877929688,140.77999877929688,694.0
2024-09-16 13:50:00+00:00,SGML,10.395000457763672,10.395000457763672,10.404999732971191,10.395000457763672,10.404999732971191,1865.0
2024-09-16 13:50:00+00:00,STLD,111.50499725341797,111.50499725341797,111.50499725341797,111.50499725341797,111.50499725341797,645.0
2024-09-16 13:50:00+00:00,TMC,1.1100000143051147,1.1100000143051147,1.1200000047683716,1.1100000143051147,1.1200000047683716,3065.0
2024-09-16 13:50:00+00:00,ZEUS,37.47999954223633,37.47999954223633,37.47999954223633,37.47999954223633,37.47999954223633,342.0
2024-09-16 13:51:00+00:00,ALTO,1.6176999807357788,1.6176999807357788,1.6176999807357788,1.6176999807357788,1.6176999807357788,4940.0
2024-09-16 13:51:00+00:00,ASTL,10.220000267028809,10.220000267028809,10.220000267028809,10.220000267028809,10.220000267028809,545.0
2024-09-16 13:51:00+00:00,BCPC,172.08999633789062,172.08999633789062,172.08999633789062,172.08999633789062,172.08999633789062,761.0
2024-09-16 13:51:00+00:00,CENX,14.104999542236328,14.104999542236328,14.104999542236328,14.104999542236328,14.104999542236328,203.0
2024-09-16 13:51:00+00:00,CNEY,0.5641000270843506,0.5641000270843506,0.5666000247001648,0.560699999332428,0.5641999840736389,6497.0
2024-09-16 13:51:00+00:00,GEVO,1.3890000581741333,1.3890000581741333,1.3899999856948853,1.3849999904632568,1.3884999752044678,10567.0
2024-09-16 13:51:00+00:00,GSM,4.144999980926514,4.144999980926514,4.144999980926514,4.139999866485596,4.139999866485596,1165.0
2024-09-16 13:51:00+00:00,HWKN,116.7699966430664,116.7699966430664,116.7699966430664,116.7699966430664,116.7699966430664,1898.0
2024-09-16 13:51:00+00:00,HYMC,2.680000066757202,2.680000066757202,2.680000066757202,2.680000066757202,2.680000066757202,365.0
2024-09-16 13:51:00+00:00,LGO,1.7300000190734863,1.7300000190734863,1.7300000190734863,1.7300000190734863,1.7300000190734863,6028.0
2024-09-16 13:51:00+00:00,NTIC,12.399999618530273,12.399999618530273,12.399999618530273,12.399999618530273,12.399999618530273,887.0
2024-09-16 13:51:00+00:00,PAAS,21.364999771118164,21.364999771118164,21.364999771118164,21.354999542236328,21.364999771118164,8359.0
2024-09-16 13:51:00+00:00,SGML,10.399999618530273,10.399999618530273,10.399999618530273,10.399999618530273,10.399999618530273,1434.0
2024-09-16 13:51:00+00:00,SSRM,5.894999980926514,5.894999980926514,5.894999980926514,5.889999866485596,5.889999866485596,1012.0
2024-09-16 13:51:00+00:00,STLD,111.4800033569336,111.4800033569336,111.4800033569336,111.44999694824219,111.4800033569336,2461.0
2024-09-16 13:51:00+00:00,TMC,1.1050000190734863,1.1050000190734863,1.1050000190734863,1.1050000190734863,1.1050000190734863,749.0
2024-09-16 13:51:00+00:00,ZEUS,37.47999954223633,37.47999954223633,37.47999954223633,37.47999954223633,37.47999954223633,971.0
2024-09-16 13:52:00+00:00,ASTL,10.220000267028809,10.220000267028809,10.220000267028809,10.220000267028809,10.220000267028809,135.0
2024-09-16 13:52:00+00:00,CENX,14.119999885559082,14.119999885559082,14.119999885559082,14.109999656677246,14.109999656677246,940.0
2024-09-16 13:52:00+00:00,CNEY,0.5600000023841858,0.5600000023841858,0.5640000104904175,0.5600000023841858,0.5608000159263611,22211.0
2024-09-16 13:52:00+00:00,GEVO,1.3849999904632568,1.3849999904632568,1.3890000581741333,1.3849999904632568,1.3890000581741333,2320.0
2024-09-16 13:52:00+00:00,GPRE,12.640000343322754,12.640000343322754,12.640000343322754,12.640000343322754,12.640000343322754,1223.0
2024-09-16 13:52:00+00:00,GSM,4.150000095367432,4.150000095367432,4.150000095367432,4.150000095367432,4.150000095367432,321.0
2024-09-16 13:52:00+00:00,HDSN,7.824999809265137,7.824999809265137,7.835000038146973,7.824999809265137,7.829999923706055,1364.0
2024-09-16 13:52:00+00:00,KALU,68.94000244140625,68.94000244140625,68.94000244140625,68.94000244140625,68.94000244140625,123.0
2024-09-16 13:52:00+00:00,LGO,1.7300000190734863,1.7300000190734863,1.7400000095367432,1.7200000286102295,1.725000023841858,3929.0
2024-09-16 13:52:00+00:00,PAAS,21.364999771118164,21.364999771118164,21.364999771118164,21.360000610351562,21.360000610351562,1526.0
2024-09-16 13:52:00+00:00,RGLD,140.77999877929688,140.77999877929688,140.77999877929688,140.77999877929688,140.77999877929688,396.0
2024-09-16 13:52:00+00:00,SGML,10.414999961853027,10.414999961853027,10.414999961853027,10.399999618530273,10.399999618530273,1684.0
2024-09-16 13:52:00+00:00,SSRM,5.909999847412109,5.909999847412109,5.909999847412109,5.900000095367432,5.900000095367432,4009.0
2024-09-16 13:52:00+00:00,STLD,111.46499633789062,111.46499633789062,111.46499633789062,111.46499633789062,111.46499633789062,814.0
2024-09-16 13:52:00+00:00,TMC,1.100000023841858,1.100000023841858,1.1100000143051147,1.100000023841858,1.1100000143051147,1401.0
2024-09-16 13:53:00+00:00,ASTL,10.220000267028809,10.220000267028809,10.220000267028809,10.220000267028809,10.220000267028809,426.0
2024-09-16 13:53:00+00:00,BIOX,8.630000114440918,8.630000114440918,8.630000114440918,8.630000114440918,8.630000114440918,436.0
2024-09-16 13:53:00+00:00,CENX,14.109999656677246,14.109999656677246,14.109999656677246,14.109999656677246,14.109999656677246,334.0
2024-09-16 13:53:00+00:00,CNEY,0.5584999918937683,0.5584999918937683,0.5590000152587891,0.5440000295639038,0.5580000281333923,41592.0
2024-09-16 13:53:00+00:00,GEVO,1.381100058555603,1.381100058555603,1.3898999691009521,1.3799999952316284,1.3799999952316284,3542.0
2024-09-16 13:53:00+00:00,GPRE,12.619999885559082,12.619999885559082,12.630000114440918,12.619999885559082,12.630000114440918,702.0
2024-09-16 13:53:00+00:00,GSM,4.150000095367432,4.150000095367432,4.150000095367432,4.150000095367432,4.150000095367432,971.0
2024-09-16 13:53:00+00:00,KALU,68.94000244140625,68.94000244140625,68.94000244140625,68.94000244140625,68.94000244140625,637.0
2024-09-16 13:53:00+00:00,MERC,6.320000171661377,6.320000171661377,6.320000171661377,6.320000171661377,6.320000171661377,4784.0
2024-09-16 13:53:00+00:00,PAAS,21.375,21.375,21.385000228881836,21.36009979248047,21.36009979248047,10523.0
2024-09-16 13:53:00+00:00,PLL,7.139999866485596,7.139999866485596,7.139999866485596,7.139999866485596,7.139999866485596,548.0
2024-09-16 13:53:00+00:00,RGLD,140.75999450683594,140.75999450683594,140.75999450683594,140.75999450683594,140.75999450683594,240.0
2024-09-16 13:53:00+00:00,SGML,10.40999984741211,10.40999984741211,10.40999984741211,10.40999984741211,10.40999984741211,3001.0
2024-09-16 13:53:00+00:00,SSRM,5.909999847412109,5.909999847412109,5.909999847412109,5.90500020980835,5.909999847412109,426.0
2024-09-16 13:53:00+00:00,TMC,1.1100000143051147,1.1100000143051147,1.1100000143051147,1.1009000539779663,1.1009000539779663,811.0
2024-09-16 13:54:00+00:00,CENX,14.104999542236328,14.104999542236328,14.104999542236328,14.104999542236328,14.104999542236328,872.0
2024-09-16 13:54:00+00:00,CNEY,0.5210000276565552,0.5210000276565552,0.5210000276565552,0.5200999975204468,0.5200999975204468,114663.0
2024-09-16 13:54:00+00:00,GEVO,1.3849999904632568,1.3849999904632568,1.3875000476837158,1.3801000118255615,1.3870999813079834,24767.0
2024-09-16 13:54:00+00:00,GPRE,12.619999885559082,12.619999885559082,12.619999885559082,12.619999885559082,12.619999885559082,1501.0
2024-09-16 13:54:00+00:00,HDSN,7.824999809265137,7.824999809265137,7.824999809265137,7.824999809265137,7.824999809265137,454.0
2024-09-16 13:54:00+00:00,LWLG,2.5350000858306885,2.5350000858306885,2.5350000858306885,2.5350000858306885,2.5350000858306885,4047.0
2024-09-16 13:54:00+00:00,MEOH,38.36000061035156,38.36000061035156,38.36000061035156,38.36000061035156,38.36000061035156,1687.0
2024-09-16 13:54:00+00:00,METC,9.800000190734863,9.800000190734863,9.800000190734863,9.800000190734863,9.800000190734863,2178.0
2024-09-16 13:54:00+00:00,ORGN,1.5706000328063965,1.5706000328063965,1.5706000328063965,1.5706000328063965,1.5706000328063965,648.0
2024-09-16 13:54:00+00:00,PAAS,21.375,21.375,21.379899978637695,21.375,21.375,1888.0
2024-09-16 13:54:00+00:00,SGML,10.40999984741211,10.40999984741211,10.40999984741211,10.40999984741211,10.40999984741211,223.0
2024-09-16 13:54:00+00:00,SSRM,5.909999847412109,5.909999847412109,5.909999847412109,5.909999847412109,5.909999847412109,616.0
2024-09-16 13:54:00+00:00,STLD,111.52999877929688,111.52999877929688,111.52999877929688,111.45500183105469,111.45500183105469,3540.0
2024-09-16 13:54:00+00:00,UFPI,122.97000122070312,122.97000122070312,122.97000122070312,122.97000122070312,122.97000122070312,109.0
2024-09-16 13:55:00+00:00,CENX,14.109999656677246,14.109999656677246,14.109999656677246,14.109999656677246,14.109999656677246,342.0
2024-09-16 13:55:00+00:00,CNEY,0.5550000071525574,0.5550000071525574,0.5550000071525574,0.5300999879837036,0.5300999879837036,78288.0
2024-09-16 13:55:00+00:00,GEVO,1.3849999904632568,1.3849999904632568,1.3875000476837158,1.3799999952316284,1.3854999542236328,23648.0
2024-09-16 13:55:00+00:00,GSM,4.150000095367432,4.150000095367432,4.150000095367432,4.150000095367432,4.150000095367432,1061.0
2024-09-16 13:55:00+00:00,IPX,17.799999237060547,17.799999237060547,17.979999542236328,17.799999237060547,17.979999542236328,3013.0
2024-09-16 13:55:00+00:00,JCTCF,4.628799915313721,4.628799915313721,4.62939977645874,4.628799915313721,4.62939977645874,2900.0
2024-09-16 13:55:00+00:00,METC,9.819999694824219,9.819999694824219,9.819999694824219,9.819999694824219,9.819999694824219,1866.0
2024-09-16 13:55:00+00:00,ORGN,1.5700000524520874,1.5700000524520874,1.5720000267028809,1.5700000524520874,1.5720000267028809,9230.0
2024-09-16 13:55:00+00:00,PAAS,21.3799991607666,21.3799991607666,21.385000228881836,21.375,21.375,2026.0
2024-09-16 13:55:00+00:00,PPTA,9.045000076293945,9.045000076293945,9.045000076293945,9.045000076293945,9.045000076293945,493.0
2024-09-16 13:55:00+00:00,RGLD,140.75999450683594,140.75999450683594,140.75999450683594,140.75999450683594,140.75999450683594,399.0
2024-09-16 13:55:00+00:00,SGML,10.414999961853027,10.414999961853027,10.414999961853027,10.414999961853027,10.414999961853027,1009.0
2024-09-16 13:55:00+00:00,SSRM,5.909999847412109,5.909999847412109,5.909999847412109,5.900000095367432,5.90500020980835,1304.0
2024-09-16 13:55:00+00:00,STLD,111.5250015258789,111.5250015258789,111.5250015258789,111.5250015258789,111.5250015258789,435.0
2024-09-16 13:55:00+00:00,TMC,1.100000023841858,1.100000023841858,1.100000023841858,1.100000023841858,1.100000023841858,1813.0
2024-09-16 13:55:00+00:00,UFPI,123.08000183105469,123.08000183105469,123.08000183105469,122.96499633789062,122.96499633789062,1470.0
2024-09-16 13:56:00+00:00,CNEY,0.5400000214576721,0.5400000214576721,0.550000011920929,0.5400000214576721,0.550000011920929,10871.0
2024-09-16 13:56:00+00:00,CRKN,1.340000033378601,1.340000033378601,1.340000033378601,1.340000033378601,1.340000033378601,1106.0
2024-09-16 13:56:00+00:00,GEVO,1.3899999856948853,1.3899999856948853,1.3899999856948853,1.3799999952316284,1.3799999952316284,1536.0
2024-09-16 13:56:00+00:00,GSM,4.150000095367432,4.150000095367432,4.150000095367432,4.150000095367432,4.150000095367432,521.0
2024-09-16 13:56:00+00:00,HUDI,1.9983999729156494,1.9983999729156494,1.9983999729156494,1.9900000095367432,1.9900000095367432,1511.0
2024-09-16 13:56:00+00:00,IPX,17.799999237060547,17.799999237060547,18.006200790405273,17.799999237060547,18.006200790405273,520.0
2024-09-16 13:56:00+00:00,METC,9.829999923706055,9.829999923706055,9.829999923706055,9.819999694824219,9.819999694824219,462.0
2024-09-16 13:56:00+00:00,ORGN,1.5750000476837158,1.5750000476837158,1.5759999752044678,1.5750000476837158,1.5759999752044678,204.0
2024-09-16 13:56:00+00:00,PAAS,21.389999389648438,21.389999389648438,21.389999389648438,21.3799991607666,21.3799991607666,1744.0
2024-09-16 13:56:00+00:00,SSRM,5.909999847412109,5.909999847412109,5.909999847412109,5.909999847412109,5.909999847412109,2123.0
2024-09-16 13:56:00+00:00,STLD,111.4800033569336,111.4800033569336,111.4800033569336,111.4800033569336,111.4800033569336,147.0
2024-09-16 13:56:00+00:00,TMC,1.0950000286102295,1.0950000286102295,1.1050000190734863,1.0950000286102295,1.1050000190734863,3098.0
2024-09-16 13:56:00+00:00,ZEUS,37.45750045776367,37.45750045776367,37.45750045776367,37.45750045776367,37.45750045776367,591.0
2024-09-16 13:57:00+00:00,AREC,0.5,0.5,0.5,0.49900001287460327,0.49900001287460327,5529.0
2024-09-16 13:57:00+00:00,ASTL,10.220000267028809,10.220000267028809,10.220000267028809,10.220000267028809,10.220000267028809,329.0
2024-09-16 13:57:00+00:00,CENX,14.130000114440918,14.130000114440918,14.130000114440918,14.130000114440918,14.130000114440918,664.0
2024-09-16 13:57:00+00:00,CNEY,0.5400999784469604,0.5400999784469604,0.5418000221252441,0.5400999784469604,0.5418000221252441,5350.0
2024-09-16 13:57:00+00:00,GEVO,1.3799999952316284,1.3799999952316284,1.3899999856948853,1.3799999952316284,1.3875000476837158,5205.0
2024-09-16 13:57:00+00:00,HDSN,7.829999923706055,7.829999923706055,7.829999923706055,7.824999809265137,7.824999809265137,1002.0
2024-09-16 13:57:00+00:00,MEOH,38.369998931884766,38.369998931884766,38.369998931884766,38.369998931884766,38.369998931884766,345.0
2024-09-16 13:57:00+00:00,MERC,6.315000057220459,6.315000057220459,6.320000171661377,6.315000057220459,6.320000171661377,2441.0
2024-09-16 13:57:00+00:00,PAAS,21.395000457763672,21.395000457763672,21.399999618530273,21.395000457763672,21.395000457763672,1810.0
2024-09-16 13:57:00+00:00,SGML,10.449999809265137,10.449999809265137,10.470000267028809,10.40999984741211,10.420000076293945,11468.0
2024-09-16 13:57:00+00:00,SNES,3.1050000190734863,3.1050000190734863,3.1050000190734863,3.1050000190734863,3.1050000190734863,1000.0
2024-09-16 13:57:00+00:00,STLD,111.53500366210938,111.53500366210938,111.53500366210938,111.5250015258789,111.5250015258789,990.0
2024-09-16 13:57:00+00:00,TMC,1.1200000047683716,1.1200000047683716,1.1200000047683716,1.090000033378601,1.100000023841858,41463.0
2024-09-16 13:58:00+00:00,CENX,14.130000114440918,14.130000114440918,14.130000114440918,14.130000114440918,14.130000114440918,366.0
2024-09-16 13:58:00+00:00,CNEY,0.5428000092506409,0.5428000092506409,0.5450000166893005,0.5400000214576721,0.5400999784469604,32837.0
2024-09-16 13:58:00+00:00,GEVO,1.3809000253677368,1.3809000253677368,1.3899999856948853,1.3809000253677368,1.3899999856948853,1530.0
2024-09-16 13:58:00+00:00,GSM,4.150000095367432,4.150000095367432,4.150000095367432,4.144999980926514,4.144999980926514,324.0
2024-09-16 13:58:00+00:00,METC,9.819999694824219,9.819999694824219,9.819999694824219,9.819999694824219,9.819999694824219,2685.0
2024-09-16 13:58:00+00:00,PAAS,21.395000457763672,21.395000457763672,21.399999618530273,21.395000457763672,21.399999618530273,716.0
2024-09-16 13:58:00+00:00,PPTA,9.045000076293945,9.045000076293945,9.045000076293945,9.045000076293945,9.045000076293945,39.0
2024-09-16 13:58:00+00:00,RGLD,140.77999877929688,140.77999877929688,140.7899932861328,140.77999877929688,140.7899932861328,1385.0
2024-09-16 13:58:00+00:00,TMC,1.1200000047683716,1.1200000047683716,1.1299999952316284,1.1200000047683716,1.1200000047683716,13196.0
2024-09-16 13:59:00+00:00,ASTL,10.220000267028809,10.220000267028809,10.220000267028809,10.220000267028809,10.220000267028809,675.0
2024-09-16 13:59:00+00:00,BCPC,172.0800018310547,172.0800018310547,172.0800018310547,172.0800018310547,172.0800018310547,892.0
2024-09-16 13:59:00+00:00,CENX,14.139599800109863,14.139599800109863,14.139599800109863,14.139599800109863,14.139599800109863,862.0
2024-09-16 13:59:00+00:00,CNEY,0.5419999957084656,0.5419999957084656,0.5426999926567078,0.5419999957084656,0.5426999926567078,9683.0
2024-09-16 13:59:00+00:00,CRKN,1.3600000143051147,1.3600000143051147,1.3600000143051147,1.3589999675750732,1.3589999675750732,5368.0
2024-09-16 13:59:00+00:00,GEVO,1.3870999813079834,1.3870999813079834,1.3898999691009521,1.3801000118255615,1.388100028038025,11498.0
2024-09-16 13:59:00+00:00,GPRE,12.609999656677246,12.609999656677246,12.619999885559082,12.609999656677246,12.619999885559082,5107.0
2024-09-16 13:59:00+00:00,GSM,4.139999866485596,4.139999866485596,4.144999980926514,4.139999866485596,4.144999980926514,187.0
2024-09-16 13:59:00+00:00,MEOH,38.375,38.375,38.375,38.375,38.375,607.0
2024-09-16 13:59:00+00:00,METC,9.819999694824219,9.819999694824219,9.819999694824219,9.819999694824219,9.819999694824219,378.0
2024-09-16 13:59:00+00:00,ORGN,1.5700000524520874,1.5700000524520874,1.5750000476837158,1.5700000524520874,1.5750000476837158,5624.0
2024-09-16 13:59:00+00:00,PAAS,21.395000457763672,21.395000457763672,21.405000686645508,21.395000457763672,21.399999618530273,7075.0
2024-09-16 13:59:00+00:00,PPTA,9.045000076293945,9.045000076293945,9.045000076293945,9.045000076293945,9.045000076293945,112.0
2024-09-16 13:59:00+00:00,RGLD,140.88999938964844,140.88999938964844,140.9250030517578,140.8699951171875,140.8699951171875,3082.0
2024-09-16 13:59:00+00:00,SGML,10.449999809265137,10.449999809265137,10.449999809265137,10.4399995803833,10.444000244140625,1354.0
2024-09-16 13:59:00+00:00,SSRM,5.909999847412109,5.909999847412109,5.909999847412109,5.909999847412109,5.909999847412109,3385.0
2024-09-16 13:59:00+00:00,STLD,111.54000091552734,111.54000091552734,111.54000091552734,111.54000091552734,111.54000091552734,701.0
2024-09-16 13:59:00+00:00,TMC,1.1200000047683716,1.1200000047683716,1.1299999952316284,1.1200000047683716,1.1200000047683716,18111.0
2024-09-16 13:59:00+00:00,ZEUS,37.47999954223633,37.47999954223633,37.47999954223633,37.47999954223633,37.47999954223633,200.0
2024-09-16 14:00:00+00:00,CENX,14.140000343322754,14.140000343322754,14.140000343322754,14.119999885559082,14.119999885559082,1757.0
2024-09-16 14:00:00+00:00,CNEY,0.5450000166893005,0.5450000166893005,0.5450000166893005,0.5450000166893005,0.5450000166893005,630.0
2024-09-16 14:00:00+00:00,GEVO,1.3812999725341797,1.3812999725341797,1.3880000114440918,1.3799999952316284,1.3875999450683594,33424.0
2024-09-16 14:00:00+00:00,GPRE,12.600000381469727,12.600000381469727,12.600000381469727,12.600000381469727,12.600000381469727,1035.0
2024-09-16 14:00:00+00:00,GSM,4.150000095367432,4.150000095367432,4.150000095367432,4.150000095367432,4.150000095367432,200.0
2024-09-16 14:00:00+00:00,HDSN,7.835000038146973,7.835000038146973,7.835000038146973,7.829999923706055,7.829999923706055,2736.0
2024-09-16 14:00:00+00:00,IOSP,109.56999969482422,109.56999969482422,109.56999969482422,109.56999969482422,109.56999969482422,255.0
2024-09-16 14:00:00+00:00,KALU,68.88999938964844,68.88999938964844,68.88999938964844,68.88999938964844,68.88999938964844,749.0
2024-09-16 14:00:00+00:00,LOOP,1.4800000190734863,1.4800000190734863,1.4800000190734863,1.4800000190734863,1.4800000190734863,0.0
2024-09-16 14:00:00+00:00,MERC,6.309999942779541,6.309999942779541,6.309999942779541,6.309999942779541,6.309999942779541,5009.0
2024-09-16 14:00:00+00:00,METC,9.819999694824219,9.819999694824219,9.829999923706055,9.819999694824219,9.829999923706055,419.0
2024-09-16 14:00:00+00:00,PAAS,21.3799991607666,21.3799991607666,21.405000686645508,21.375,21.389999389648438,35641.0
2024-09-16 14:00:00+00:00,PLL,7.119999885559082,7.119999885559082,7.119999885559082,7.119999885559082,7.119999885559082,889.0
2024-09-16 14:00:00+00:00,RGLD,140.95849609375,140.95849609375,140.95849609375,140.95849609375,140.95849609375,1444.0
2024-09-16 14:00:00+00:00,SGML,10.449999809265137,10.449999809265137,10.454999923706055,10.4399995803833,10.4399995803833,6912.0
2024-09-16 14:00:00+00:00,STLD,111.51000213623047,111.51000213623047,111.51000213623047,111.51000213623047,111.51000213623047,918.0
2024-09-16 14:00:00+00:00,TMC,1.1349999904632568,1.1349999904632568,1.1399999856948853,1.1200000047683716,1.1200000047683716,62428.0
2024-09-16 14:00:00+00:00,USLM,84.91999816894531,84.91999816894531,84.93000030517578,84.91999816894531,84.93000030517578,1373.0
2024-09-16 14:00:00+00:00,ZEUS,37.44499969482422,37.44499969482422,37.44499969482422,37.38999938964844,37.38999938964844,1783.0
2024-09-16 14:01:00+00:00,CNEY,0.5099999904632568,0.5099999904632568,0.5419999957084656,0.5099999904632568,0.5419999957084656,85220.0
2024-09-16 14:01:00+00:00,GEVO,1.3799999952316284,1.3799999952316284,1.3899999856948853,1.3799999952316284,1.3875000476837158,7827.0
2024-09-16 14:01:00+00:00,GPRE,12.59000015258789,12.59000015258789,12.59000015258789,12.59000015258789,12.59000015258789,232.0
2024-09-16 14:01:00+00:00,GSM,4.144999980926514,4.144999980926514,4.144999980926514,4.144999980926514,4.144999980926514,224.0
2024-09-16 14:01:00+00:00,HYMC,2.680000066757202,2.680000066757202,2.690000057220459,2.680000066757202,2.690000057220459,1198.0
2024-09-16 14:01:00+00:00,IOSP,109.55999755859375,109.55999755859375,109.55999755859375,109.55999755859375,109.55999755859375,366.0
2024-09-16 14:01:00+00:00,LITM,0.32499998807907104,0.32499998807907104,0.32499998807907104,0.32499998807907104,0.32499998807907104,175.0
2024-09-16 14:01:00+00:00,LWLG,2.5350000858306885,2.5350000858306885,2.5350000858306885,2.5350000858306885,2.5350000858306885,102.0
2024-09-16 14:01:00+00:00,METC,9.826899528503418,9.826899528503418,9.826899528503418,9.826899528503418,9.826899528503418,254.0
2024-09-16 14:01:00+00:00,NTIC,12.479999542236328,12.479999542236328,12.479999542236328,12.479999542236328,12.479999542236328,122.0
2024-09-16 14:01:00+00:00,PAAS,21.385000228881836,21.385000228881836,21.385000228881836,21.3700008392334,21.3700008392334,2129.0
2024-09-16 14:01:00+00:00,PPTA,9.045000076293945,9.045000076293945,9.045000076293945,9.045000076293945,9.045000076293945,315.0
2024-09-16 14:01:00+00:00,SSRM,5.900000095367432,5.900000095367432,5.900000095367432,5.900000095367432,5.900000095367432,5484.0
2024-09-16 14:01:00+00:00,STLD,111.50499725341797,111.50499725341797,111.50499725341797,111.50499725341797,111.50499725341797,841.0
2024-09-16 14:01:00+00:00,TMC,1.1200000047683716,1.1200000047683716,1.1301000118255615,1.1200000047683716,1.1299999952316284,18898.0
2024-09-16 14:02:00+00:00,CNEY,0.5152000188827515,0.5152000188827515,0.5400000214576721,0.5,0.5101000070571899,69097.0
2024-09-16 14:02:00+00:00,CRKN,1.3799999952316284,1.3799999952316284,1.3799999952316284,1.3700000047683716,1.3700000047683716,4680.0
2024-09-16 14:02:00+00:00,GEVO,1.3849999904632568,1.3849999904632568,1.3899999856948853,1.3799999952316284,1.3890000581741333,9192.0
2024-09-16 14:02:00+00:00,GPRE,12.579999923706055,12.579999923706055,12.59000015258789,12.579999923706055,12.59000015258789,2036.0
2024-09-16 14:02:00+00:00,GSM,4.144999980926514,4.144999980926514,4.144999980926514,4.144999980926514,4.144999980926514,1032.0
2024-09-16 14:02:00+00:00,LGO,1.7300000190734863,1.7300000190734863,1.7300000190734863,1.7300000190734863,1.7300000190734863,4400.0
2024-09-16 14:02:00+00:00,LITM,0.32989999651908875,0.32989999651908875,0.32989999651908875,0.3228999972343445,0.3230000138282776,5052.0
2024-09-16 14:02:00+00:00,LWLG,2.5350000858306885,2.5350000858306885,2.5350000858306885,2.5350000858306885,2.5350000858306885,1309.0
2024-09-16 14:02:00+00:00,METC,9.8100004196167,9.8100004196167,9.8100004196167,9.8100004196167,9.8100004196167,1080.0
2024-09-16 14:02:00+00:00,PAAS,21.3799991607666,21.3799991607666,21.3799991607666,21.3799991607666,21.3799991607666,1883.0
2024-09-16 14:02:00+00:00,PPTA,9.029999732971191,9.029999732971191,9.029999732971191,9.029999732971191,9.029999732971191,292.0
2024-09-16 14:02:00+00:00,RGLD,140.80999755859375,140.80999755859375,140.80999755859375,140.80999755859375,140.80999755859375,361.0
2024-09-16 14:02:00+00:00,SGML,10.449999809265137,10.449999809265137,10.459500312805176,10.449999809265137,10.449999809265137,489.0
2024-09-16 14:02:00+00:00,SSRM,5.900000095367432,5.900000095367432,5.900000095367432,5.900000095367432,5.900000095367432,846.0
2024-09-16 14:02:00+00:00,STLD,111.45500183105469,111.45500183105469,111.48999786376953,111.44999694824219,111.47000122070312,3023.0
2024-09-16 14:02:00+00:00,TMC,1.125,1.125,1.125,1.1200000047683716,1.125,2174.0
2024-09-16 14:02:00+00:00,USAP,36.7599983215332,36.7599983215332,36.7599983215332,36.7599983215332,36.7599983215332,1283.0
2024-09-16 14:02:00+00:00,ZEUS,37.3849983215332,37.3849983215332,37.4275016784668,37.380001068115234,37.4275016784668,400.0
2024-09-16 14:03:00+00:00,AREC,0.49300000071525574,0.49300000071525574,0.49300000071525574,0.49300000071525574,0.49300000071525574,0.0
2024-09-16 14:03:00+00:00,CENX,14.119999885559082,14.119999885559082,14.119999885559082,14.119999885559082,14.119999885559082,362.0
2024-09-16 14:03:00+00:00,CNEY,0.5353000164031982,0.5353000164031982,0.5353000164031982,0.5200999975204468,0.5200999975204468,11379.0
2024-09-16 14:03:00+00:00,CRKN,1.3849999904632568,1.3849999904632568,1.3849999904632568,1.3849999904632568,1.3849999904632568,874.0
2024-09-16 14:03:00+00:00,GEVO,1.3875000476837158,1.3875000476837158,1.3899999856948853,1.3799999952316284,1.3849999904632568,3286.0
2024-09-16 14:03:00+00:00,GSM,4.150000095367432,4.150000095367432,4.150000095367432,4.150000095367432,4.150000095367432,0.0
2024-09-16 14:03:00+00:00,HDSN,7.866600036621094,7.866600036621094,7.866600036621094,7.866600036621094,7.866600036621094,207.0
2024-09-16 14:03:00+00:00,MEOH,38.349998474121094,38.349998474121094,38.349998474121094,38.349998474121094,38.349998474121094,822.0
2024-09-16 14:03:00+00:00,MERC,6.315000057220459,6.315000057220459,6.315000057220459,6.315000057220459,6.315000057220459,159.0
2024-09-16 14:03:00+00:00,PAAS,21.3799991607666,21.3799991607666,21.385000228881836,21.3799991607666,21.385000228881836,1201.0
2024-09-16 14:03:00+00:00,PPTA,9.039999961853027,9.039999961853027,9.0600004196167,9.039999961853027,9.0600004196167,3915.0
2024-09-16 14:03:00+00:00,RGLD,140.72000122070312,140.72000122070312,140.72000122070312,140.72000122070312,140.72000122070312,1009.0
2024-09-16 14:03:00+00:00,SGML,10.4399995803833,10.4399995803833,10.449999809265137,10.4399995803833,10.449999809265137,306.0
2024-09-16 14:03:00+00:00,SSRM,5.900000095367432,5.900000095367432,5.90500020980835,5.900000095367432,5.90500020980835,496.0
2024-09-16 14:03:00+00:00,STLD,111.47000122070312,111.47000122070312,111.4800033569336,111.45500183105469,111.45500183105469,3560.0
2024-09-16 14:03:00+00:00,TMC,1.125,1.125,1.1291999816894531,1.125,1.125,825.0
2024-09-16 14:03:00+00:00,ZEUS,37.435001373291016,37.435001373291016,37.435001373291016,37.435001373291016,37.435001373291016,882.0
2024-09-16 14:04:00+00:00,CENX,14.130000114440918,14.130000114440918,14.130000114440918,14.119999885559082,14.119999885559082,2235.0
2024-09-16 14:04:00+00:00,CRKN,1.3801000118255615,1.3801000118255615,1.3801000118255615,1.3799999952316284,1.3799999952316284,2440.0
2024-09-16 14:04:00+00:00,GEVO,1.3849999904632568,1.3849999904632568,1.3899999856948853,1.3799999952316284,1.3849999904632568,3773.0
2024-09-16 14:04:00+00:00,GPRE,12.609999656677246,12.609999656677246,12.609999656677246,12.579999923706055,12.579999923706055,1786.0
2024-09-16 14:04:00+00:00,GSM,4.139999866485596,4.139999866485596,4.150000095367432,4.135000228881836,4.150000095367432,8913.0
2024-09-16 14:04:00+00:00,HYMC,2.6700000762939453,2.6700000762939453,2.6700000762939453,2.6700000762939453,2.6700000762939453,303.0
2024-09-16 14:04:00+00:00,JCTCF,4.7708001136779785,4.7708001136779785,4.7708001136779785,4.730000019073486,4.730000019073486,1601.0
2024-09-16 14:04:00+00:00,KALU,68.7750015258789,68.7750015258789,68.86000061035156,68.7750015258789,68.83999633789062,893.0
2024-09-16 14:04:00+00:00,MERC,6.315000057220459,6.315000057220459,6.315000057220459,6.315000057220459,6.315000057220459,423.0
2024-09-16 14:04:00+00:00,METC,9.8100004196167,9.8100004196167,9.8100004196167,9.805000305175781,9.805000305175781,541.0
2024-09-16 14:04:00+00:00,PAAS,21.385000228881836,21.385000228881836,21.385000228881836,21.3799991607666,21.385000228881836,1648.0
2024-09-16 14:04:00+00:00,SGML,10.449999809265137,10.449999809265137,10.449999809265137,10.4399995803833,10.4399995803833,653.0
2024-09-16 14:04:00+00:00,SSRM,5.90500020980835,5.90500020980835,5.909999847412109,5.900000095367432,5.900000095367432,910.0
2024-09-16 14:04:00+00:00,STLD,111.43000030517578,111.43000030517578,111.45500183105469,111.43000030517578,111.45500183105469,2119.0
2024-09-16 14:04:00+00:00,TMC,1.1200000047683716,1.1200000047683716,1.128499984741211,1.1200000047683716,1.1200000047683716,4785.0
2024-09-16 14:04:00+00:00,UFPI,122.94999694824219,122.94999694824219,122.94999694824219,122.94999694824219,122.94999694824219,286.0
2024-09-16 14:05:00+00:00,ASTL,10.239999771118164,10.239999771118164,10.239999771118164,10.21500015258789,10.21500015258789,3484.0
2024-09-16 14:05:00+00:00,CENX,14.109999656677246,14.109999656677246,14.130000114440918,14.109999656677246,14.119999885559082,2985.0
2024-09-16 14:05:00+00:00,CNEY,0.5199999809265137,0.5199999809265137,0.5249000191688538,0.5199999809265137,0.5210000276565552,4716.0
2024-09-16 14:05:00+00:00,CRKN,1.3849999904632568,1.3849999904632568,1.3849999904632568,1.3849999904632568,1.3849999904632568,47.0
2024-09-16 14:05:00+00:00,GEVO,1.3849999904632568,1.3849999904632568,1.3899999856948853,1.3799999952316284,1.3898999691009521,12696.0
2024-09-16 14:05:00+00:00,GSM,4.144999980926514,4.144999980926514,4.144999980926514,4.144999980926514,4.144999980926514,422.0
2024-09-16 14:05:00+00:00,IOSP,109.72000122070312,109.72000122070312,109.72000122070312,109.55000305175781,109.55000305175781,672.0
2024-09-16 14:05:00+00:00,JCTCF,4.630000114440918,4.630000114440918,4.630000114440918,4.630000114440918,4.630000114440918,838.0
2024-09-16 14:05:00+00:00,KALU,68.875,68.875,68.875,68.875,68.875,1620.0
2024-09-16 14:05:00+00:00,MERC,6.315000057220459,6.315000057220459,6.315000057220459,6.315000057220459,6.315000057220459,1116.0
2024-09-16 14:05:00+00:00,ORGN,1.5789999961853027,1.5789999961853027,1.5789999961853027,1.5789999961853027,1.5789999961853027,1027.0
2024-09-16 14:05:00+00:00,PAAS,21.370100021362305,21.370100021362305,21.385000228881836,21.364999771118164,21.385000228881836,4913.0
2024-09-16 14:05:00+00:00,PPTA,9.03499984741211,9.03499984741211,9.03499984741211,9.03499984741211,9.03499984741211,201.0
2024-09-16 14:05:00+00:00,SGML,10.470000267028809,10.470000267028809,10.470000267028809,10.449999809265137,10.449999809265137,4238.0
2024-09-16 14:05:00+00:00,SSRM,5.889999866485596,5.889999866485596,5.900000095367432,5.889999866485596,5.900000095367432,2047.0
2024-09-16 14:05:00+00:00,STLD,111.44750213623047,111.44750213623047,111.45249938964844,111.34500122070312,111.36000061035156,2728.0
2024-09-16 14:05:00+00:00,TMC,1.125,1.125,1.125,1.125,1.125,1314.0
2024-09-16 14:06:00+00:00,BCPC,171.97999572753906,171.97999572753906,172.10000610351562,171.97999572753906,172.10000610351562,574.0
2024-09-16 14:06:00+00:00,CENX,14.130000114440918,14.130000114440918,14.135000228881836,14.130000114440918,14.130000114440918,712.0
2024-09-16 14:06:00+00:00,CNEY,0.5200999975204468,0.5200999975204468,0.5299000144004822,0.5199999809265137,0.5299000144004822,14521.0
2024-09-16 14:06:00+00:00,CRKN,1.3849999904632568,1.3849999904632568,1.3849999904632568,1.3849999904632568,1.3849999904632568,119.0
2024-09-16 14:06:00+00:00,GEVO,1.3949999809265137,1.3949999809265137,1.3949999809265137,1.3799999952316284,1.3890000581741333,100046.0
2024-09-16 14:06:00+00:00,GPRE,12.609999656677246,12.609999656677246,12.619999885559082,12.609999656677246,12.609999656677246,421.0
2024-09-16 14:06:00+00:00,HDSN,7.849999904632568,7.849999904632568,7.849999904632568,7.849999904632568,7.849999904632568,354.0
2024-09-16 14:06:00+00:00,HUDI,1.9910000562667847,1.9910000562667847,1.9910000562667847,1.9910000562667847,1.9910000562667847,390.0
2024-09-16 14:06:00+00:00,IOSP,109.77999877929688,109.77999877929688,109.77999877929688,109.77999877929688,109.77999877929688,178.0
2024-09-16 14:06:00+00:00,LITM,0.3264999985694885,0.3264999985694885,0.3264999985694885,0.3264999985694885,0.3264999985694885,103.0
2024-09-16 14:06:00+00:00,METC,9.800000190734863,9.800000190734863,9.800000190734863,9.789999961853027,9.789999961853027,353.0
2024-09-16 14:06:00+00:00,PAAS,21.364999771118164,21.364999771118164,21.3799991607666,21.350000381469727,21.375,28776.0
2024-09-16 14:06:00+00:00,SSRM,5.889999866485596,5.889999866485596,5.894999980926514,5.889999866485596,5.894999980926514,317.0
2024-09-16 14:06:00+00:00,STLD,111.48999786376953,111.48999786376953,111.51499938964844,111.45999908447266,111.48999786376953,1751.0
2024-09-16 14:06:00+00:00,TMC,1.125,1.125,1.128499984741211,1.1200000047683716,1.125,5508.0
2024-09-16 14:06:00+00:00,UFPI,123.0199966430664,123.0199966430664,123.0199966430664,123.0199966430664,123.0199966430664,253.0
2024-09-16 14:06:00+00:00,WDFC,259.5899963378906,259.5899963378906,259.5899963378906,259.5899963378906,259.5899963378906,2199.0
2024-09-16 14:07:00+00:00,CENX,14.140000343322754,14.140000343322754,14.140000343322754,14.140000343322754,14.140000343322754,1354.0
2024-09-16 14:07:00+00:00,CNEY,0.5200999975204468,0.5200999975204468,0.5200999975204468,0.5199999809265137,0.5199999809265137,15752.0
2024-09-16 14:07:00+00:00,GEVO,1.3949999809265137,1.3949999809265137,1.399899959564209,1.3899999856948853,1.399899959564209,9734.0
2024-09-16 14:07:00+00:00,GSM,4.144999980926514,4.144999980926514,4.144999980926514,4.144999980926514,4.144999980926514,320.0
2024-09-16 14:07:00+00:00,GURE,0.9599999785423279,0.9599999785423279,0.9599999785423279,0.9599999785423279,0.9599999785423279,0.0
2024-09-16 14:07:00+00:00,KALU,68.87000274658203,68.87000274658203,68.87000274658203,68.83999633789062,68.83999633789062,321.0
2024-09-16 14:07:00+00:00,MEOH,38.34000015258789,38.34000015258789,38.34000015258789,38.34000015258789,38.34000015258789,140.0
2024-09-16 14:07:00+00:00,MERC,6.315000057220459,6.315000057220459,6.315000057220459,6.315000057220459,6.315000057220459,492.0
2024-09-16 14:07:00+00:00,PAAS,21.385000228881836,21.385000228881836,21.385000228881836,21.3700008392334,21.3700008392334,2515.0
2024-09-16 14:07:00+00:00,PPTA,9.050000190734863,9.050000190734863,9.050000190734863,9.050000190734863,9.050000190734863,508.0
2024-09-16 14:07:00+00:00,RGLD,140.74000549316406,140.74000549316406,140.74000549316406,140.74000549316406,140.74000549316406,165.0
2024-09-16 14:07:00+00:00,SSRM,5.894999980926514,5.894999980926514,5.894999980926514,5.894999980926514,5.894999980926514,305.0
2024-09-16 14:07:00+00:00,STLD,111.44000244140625,111.44000244140625,111.44000244140625,111.44000244140625,111.44000244140625,3197.0
2024-09-16 14:07:00+00:00,TMC,1.125,1.125,1.125,1.1200000047683716,1.1200000047683716,7207.0
2024-09-16 14:07:00+00:00,UFPI,123.05999755859375,123.05999755859375,123.05999755859375,123.05999755859375,123.05999755859375,441.0
2024-09-16 14:08:00+00:00,ALTO,1.6200000047683716,1.6200000047683716,1.6200000047683716,1.6200000047683716,1.6200000047683716,206.0
2024-09-16 14:08:00+00:00,CENX,14.140000343322754,14.140000343322754,14.140000343322754,14.140000343322754,14.140000343322754,1365.0
2024-09-16 14:08:00+00:00,CNEY,0.5199999809265137,0.5199999809265137,0.5200999975204468,0.5199999809265137,0.5200999975204468,28210.0
2024-09-16 14:08:00+00:00,GEVO,1.399999976158142,1.399999976158142,1.399999976158142,1.3899999856948853,1.3997999429702759,17967.0
2024-09-16 14:08:00+00:00,GPRE,12.619999885559082,12.619999885559082,12.619999885559082,12.619999885559082,12.619999885559082,196.0
2024-09-16 14:08:00+00:00,GSM,4.144999980926514,4.144999980926514,4.144999980926514,4.144999980926514,4.144999980926514,321.0
2024-09-16 14:08:00+00:00,LGO,1.7350000143051147,1.7350000143051147,1.7350000143051147,1.7350000143051147,1.7350000143051147,0.0
2024-09-16 14:08:00+00:00,LWLG,2.5350000858306885,2.5350000858306885,2.5350000858306885,2.5350000858306885,2.5350000858306885,881.0
2024-09-16 14:08:00+00:00,MEOH,38.27949905395508,38.27949905395508,38.290000915527344,38.27949905395508,38.290000915527344,2310.0
2024-09-16 14:08:00+00:00,METC,9.8100004196167,9.8100004196167,9.8100004196167,9.8100004196167,9.8100004196167,212.0
2024-09-16 14:08:00+00:00,ORGN,1.570099949836731,1.570099949836731,1.570099949836731,1.570099949836731,1.570099949836731,5000.0
2024-09-16 14:08:00+00:00,PAAS,21.3799991607666,21.3799991607666,21.385000228881836,21.3799991607666,21.385000228881836,11531.0
2024-09-16 14:08:00+00:00,PLL,7.110000133514404,7.110000133514404,7.110000133514404,7.110000133514404,7.110000133514404,200.0
2024-09-16 14:08:00+00:00,RGLD,140.83900451660156,140.83900451660156,140.83900451660156,140.83900451660156,140.83900451660156,1483.0
2024-09-16 14:08:00+00:00,SGML,10.47029972076416,10.47029972076416,10.47029972076416,10.47029972076416,10.47029972076416,257.0
2024-09-16 14:08:00+00:00,SSRM,5.894999980926514,5.894999980926514,5.900000095367432,5.894999980926514,5.894999980926514,1118.0
2024-09-16 14:08:00+00:00,STLD,111.38500213623047,111.38500213623047,111.38500213623047,111.38500213623047,111.38500213623047,580.0
2024-09-16 14:08:00+00:00,TMC,1.1200000047683716,1.1200000047683716,1.1202000379562378,1.1200000047683716,1.1202000379562378,755.0
2024-09-16 14:08:00+00:00,ZEUS,37.459999084472656,37.459999084472656,37.459999084472656,37.459999084472656,37.459999084472656,408.0
2024-09-16 14:09:00+00:00,ASTL,10.23859977722168,10.23859977722168,10.239999771118164,10.23859977722168,10.239999771118164,787.0
2024-09-16 14:09:00+00:00,CENX,14.145000457763672,14.145000457763672,14.145000457763672,14.140000343322754,14.140000343322754,1083.0
2024-09-16 14:09:00+00:00,GEVO,1.3990000486373901,1.3990000486373901,1.3995000123977661,1.3899999856948853,1.3970999717712402,11686.0
2024-09-16 14:09:00+00:00,GPRE,12.630000114440918,12.630000114440918,12.630000114440918,12.619999885559082,12.619999885559082,651.0
2024-09-16 14:09:00+00:00,HDSN,7.855000019073486,7.855000019073486,7.855000019073486,7.855000019073486,7.855000019073486,267.0
2024-09-16 14:09:00+00:00,HWKN,116.97000122070312,116.97000122070312,116.97000122070312,116.97000122070312,116.97000122070312,1767.0
2024-09-16 14:09:00+00:00,IOSP,109.86000061035156,109.86000061035156,109.86000061035156,109.86000061035156,109.86000061035156,425.0
2024-09-16 14:09:00+00:00,LITM,0.3264000117778778,0.3264000117778778,0.3264000117778778,0.3264000117778778,0.3264000117778778,248.0
2024-09-16 14:09:00+00:00,MEOH,38.2599983215332,38.2599983215332,38.2599983215332,38.2599983215332,38.2599983215332,0.0
2024-09-16 14:09:00+00:00,MERC,6.315000057220459,6.315000057220459,6.320000171661377,6.315000057220459,6.320000171661377,1333.0
2024-09-16 14:09:00+00:00,METC,9.800000190734863,9.800000190734863,9.800000190734863,9.800000190734863,9.800000190734863,405.0
2024-09-16 14:09:00+00:00,NTIC,12.5,12.5,12.5,12.4399995803833,12.4399995803833,287.0
2024-09-16 14:09:00+00:00,ORGN,1.5788999795913696,1.5788999795913696,1.5788999795913696,1.5788999795913696,1.5788999795913696,6002.0
2024-09-16 14:09:00+00:00,PAAS,21.385000228881836,21.385000228881836,21.395000457763672,21.3799991607666,21.3799991607666,22322.0
2024-09-16 14:09:00+00:00,PLL,7.119999885559082,7.119999885559082,7.119999885559082,7.119999885559082,7.119999885559082,230.0
2024-09-16 14:09:00+00:00,PPTA,9.039999961853027,9.039999961853027,9.039999961853027,9.039999961853027,9.039999961853027,587.0
2024-09-16 14:09:00+00:00,RGLD,140.7899932861328,140.7899932861328,140.8300018310547,140.76499938964844,140.8300018310547,1764.0
2024-09-16 14:09:00+00:00,SGML,10.5,10.5,10.5,10.479000091552734,10.479000091552734,3886.0
2024-09-16 14:09:00+00:00,SSRM,5.900000095367432,5.900000095367432,5.900000095367432,5.900000095367432,5.900000095367432,514.0
2024-09-16 14:09:00+00:00,STLD,111.3550033569336,111.3550033569336,111.41000366210938,111.33999633789062,111.41000366210938,3535.0
2024-09-16 14:09:00+00:00,TMC,1.125,1.125,1.125,1.125,1.125,100.0
2024-09-16 14:09:00+00:00,ZEUS,37.459999084472656,37.459999084472656,37.459999084472656,37.400001525878906,37.400001525878906,1171.0
2024-09-16 14:10:00+00:00,AREC,0.49900001287460327,0.49900001287460327,0.49900001287460327,0.49900001287460327,0.49900001287460327,174.0
2024-09-16 14:10:00+00:00,BCPC,172.3000030517578,172.3000030517578,172.3000030517578,172.3000030517578,172.3000030517578,418.0
2024-09-16 14:10:00+00:00,CENX,14.154999732971191,14.154999732971191,14.154999732971191,14.154999732971191,14.154999732971191,662.0
2024-09-16 14:10:00+00:00,CNEY,0.5156000256538391,0.5156000256538391,0.5164999961853027,0.5099999904632568,0.5164999961853027,30226.0
2024-09-16 14:10:00+00:00,GEVO,1.3949999809265137,1.3949999809265137,1.399899959564209,1.3899999856948853,1.3949999809265137,7662.0
2024-09-16 14:10:00+00:00,GPRE,12.630000114440918,12.630000114440918,12.640000343322754,12.630000114440918,12.640000343322754,1192.0
2024-09-16 14:10:00+00:00,HDSN,7.860000133514404,7.860000133514404,7.860000133514404,7.860000133514404,7.860000133514404,1253.0
2024-09-16 14:10:00+00:00,LWLG,2.5399999618530273,2.5399999618530273,2.5399999618530273,2.5399999618530273,2.5399999618530273,7389.0
2024-09-16 14:10:00+00:00,MEOH,38.22999954223633,38.22999954223633,38.255001068115234,38.22999954223633,38.255001068115234,425.0
2024-09-16 14:10:00+00:00,MERC,6.315000057220459,6.315000057220459,6.315000057220459,6.315000057220459,6.315000057220459,338.0
2024-09-16 14:10:00+00:00,METC,9.800000190734863,9.800000190734863,9.800000190734863,9.800000190734863,9.800000190734863,333.0
2024-09-16 14:10:00+00:00,NTIC,12.45009994506836,12.45009994506836,12.45009994506836,12.45009994506836,12.45009994506836,681.0
2024-09-16 14:10:00+00:00,ORGN,1.5750000476837158,1.5750000476837158,1.5750000476837158,1.5750000476837158,1.5750000476837158,700.0
2024-09-16 14:10:00+00:00,PAAS,21.389999389648438,21.389999389648438,21.389999389648438,21.385499954223633,21.389999389648438,2857.0
2024-09-16 14:10:00+00:00,PPTA,9.029999732971191,9.029999732971191,9.050000190734863,9.029999732971191,9.050000190734863,1359.0
2024-09-16 14:10:00+00:00,SGML,10.510000228881836,10.510000228881836,10.510000228881836,10.510000228881836,10.510000228881836,2382.0
2024-09-16 14:10:00+00:00,SSRM,5.900000095367432,5.900000095367432,5.900000095367432,5.900000095367432,5.900000095367432,408.0
2024-09-16 14:10:00+00:00,STLD,111.36000061035156,111.36000061035156,111.36000061035156,111.31999969482422,111.31999969482422,307.0
2024-09-16 14:10:00+00:00,TMC,1.1200000047683716,1.1200000047683716,1.1200000047683716,1.1200000047683716,1.1200000047683716,3941.0
2024-09-16 14:10:00+00:00,UFPI,123.30000305175781,123.30000305175781,123.30000305175781,123.30000305175781,123.30000305175781,1133.0
2024-09-16 14:10:00+00:00,USAP,36.849998474121094,36.849998474121094,36.849998474121094,36.849998474121094,36.849998474121094,1247.0
2024-09-16 14:10:00+00:00,ZEUS,37.54999923706055,37.54999923706055,37.54999923706055,37.54999923706055,37.54999923706055,1112.0
2024-09-16 14:11:00+00:00,ALTO,1.6299999952316284,1.6299999952316284,1.6299999952316284,1.6299999952316284,1.6299999952316284,101.0
2024-09-16 14:11:00+00:00,CENX,14.154999732971191,14.154999732971191,14.15999984741211,14.154999732971191,14.15999984741211,620.0
2024-09-16 14:11:00+00:00,CNEY,0.5152000188827515,0.5152000188827515,0.515500009059906,0.5099999904632568,0.5099999904632568,6832.0
2024-09-16 14:11:00+00:00,CRKN,1.3799999952316284,1.3799999952316284,1.3799999952316284,1.3799999952316284,1.3799999952316284,1242.0
2024-09-16 14:11:00+00:00,GEVO,1.3949999809265137,1.3949999809265137,1.399999976158142,1.3949999809265137,1.399999976158142,851.0
2024-09-16 14:11:00+00:00,GPRE,12.64050006866455,12.64050006866455,12.649999618530273,12.64050006866455,12.649999618530273,713.0
2024-09-16 14:11:00+00:00,GSM,4.150000095367432,4.150000095367432,4.150000095367432,4.144999980926514,4.144999980926514,6707.0
2024-09-16 14:11:00+00:00,LWLG,2.5316998958587646,2.5316998958587646,2.5350000858306885,2.5316998958587646,2.5350000858306885,233.0
2024-09-16 14:11:00+00:00,MERC,6.309999942779541,6.309999942779541,6.315999984741211,6.309999942779541,6.315000057220459,1982.0
2024-09-16 14:11:00+00:00,ORGN,1.5705000162124634,1.5705000162124634,1.5705000162124634,1.5705000162124634,1.5705000162124634,4528.0
2024-09-16 14:11:00+00:00,PAAS,21.385000228881836,21.385000228881836,21.389999389648438,21.385000228881836,21.389999389648438,1534.0
2024-09-16 14:11:00+00:00,PPTA,9.039999961853027,9.039999961853027,9.039999961853027,9.039999961853027,9.039999961853027,424.0
2024-09-16 14:11:00+00:00,RGLD,140.8000030517578,140.8000030517578,140.8000030517578,140.8000030517578,140.8000030517578,110.0
2024-09-16 14:11:00+00:00,SSRM,5.894999980926514,5.894999980926514,5.900000095367432,5.890100002288818,5.900000095367432,1202.0
2024-09-16 14:11:00+00:00,STLD,111.32009887695312,111.32009887695312,111.32009887695312,111.32009887695312,111.32009887695312,333.0
2024-09-16 14:11:00+00:00,TMC,1.1200000047683716,1.1200000047683716,1.125,1.1200000047683716,1.1200000047683716,4243.0
2024-09-16 14:12:00+00:00,ASTL,10.239999771118164,10.239999771118164,10.239999771118164,10.239999771118164,10.239999771118164,755.0
2024-09-16 14:12:00+00:00,CENX,14.15999984741211,14.15999984741211,14.15999984741211,14.15999984741211,14.15999984741211,195.0
2024-09-16 14:12:00+00:00,CNEY,0.5151000022888184,0.5151000022888184,0.5151000022888184,0.5151000022888184,0.5151000022888184,0.0
2024-09-16 14:12:00+00:00,GEVO,1.3903000354766846,1.3903000354766846,1.399999976158142,1.3903000354766846,1.399999976158142,74889.0
2024-09-16 14:12:00+00:00,GPRE,12.649399757385254,12.649399757385254,12.649399757385254,12.649399757385254,12.649399757385254,375.0
2024-09-16 14:12:00+00:00,HYMC,2.690000057220459,2.690000057220459,2.690000057220459,2.690000057220459,2.690000057220459,122.0
2024-09-16 14:12:00+00:00,KALU,68.7300033569336,68.7300033569336,68.7300033569336,68.7300033569336,68.7300033569336,166.0
2024-09-16 14:12:00+00:00,LWLG,2.5344998836517334,2.5344998836517334,2.5344998836517334,2.5344998836517334,2.5344998836517334,254.0
2024-09-16 14:12:00+00:00,MEOH,38.22999954223633,38.22999954223633,38.22999954223633,38.22999954223633,38.22999954223633,1639.0
2024-09-16 14:12:00+00:00,MERC,6.309999942779541,6.309999942779541,6.309999942779541,6.309999942779541,6.309999942779541,986.0
2024-09-16 14:12:00+00:00,METC,9.78499984741211,9.78499984741211,9.789999961853027,9.779999732971191,9.789999961853027,2838.0
2024-09-16 14:12:00+00:00,PAAS,21.3700008392334,21.3700008392334,21.389999389648438,21.360000610351562,21.389999389648438,7388.0
2024-09-16 14:12:00+00:00,PLL,7.131999969482422,7.131999969482422,7.131999969482422,7.131999969482422,7.131999969482422,658.0
2024-09-16 14:12:00+00:00,PPTA,9.029999732971191,9.029999732971191,9.029999732971191,9.029999732971191,9.029999732971191,403.0
2024-09-16 14:12:00+00:00,RGLD,140.80999755859375,140.80999755859375,140.80999755859375,140.80999755859375,140.80999755859375,516.0
2024-09-16 14:12:00+00:00,SGML,10.489999771118164,10.489999771118164,10.5,10.489999771118164,10.5,1465.0
2024-09-16 14:12:00+00:00,SSRM,5.894999980926514,5.894999980926514,5.900000095367432,5.894999980926514,5.900000095367432,330.0
2024-09-16 14:12:00+00:00,STLD,111.30500030517578,111.30500030517578,111.33999633789062,111.30000305175781,111.33999633789062,2752.0
2024-09-16 14:12:00+00:00,TMC,1.125,1.125,1.125,1.1200000047683716,1.125,11706.0
2024-09-16 14:12:00+00:00,USAU,5.770100116729736,5.770100116729736,5.770100116729736,5.770100116729736,5.770100116729736,330.0
2024-09-16 14:12:00+00:00,USLM,85.0999984741211,85.0999984741211,85.0999984741211,85.0999984741211,85.0999984741211,1234.0
2024-09-16 14:13:00+00:00,ALTO,1.6288000345230103,1.6288000345230103,1.6288000345230103,1.6288000345230103,1.6288000345230103,398.0
2024-09-16 14:13:00+00:00,ASTL,10.260000228881836,10.260000228881836,10.260000228881836,10.260000228881836,10.260000228881836,554.0
2024-09-16 14:13:00+00:00,CENX,14.154999732971191,14.154999732971191,14.15999984741211,14.154999732971191,14.154999732971191,1124.0
2024-09-16 14:13:00+00:00,CNEY,0.5151000022888184,0.5151000022888184,0.5151000022888184,0.5151000022888184,0.5151000022888184,2582.0
2024-09-16 14:13:00+00:00,GEVO,1.4163999557495117,1.4163999557495117,1.4199999570846558,1.399999976158142,1.399999976158142,238979.0
2024-09-16 14:13:00+00:00,GPRE,12.630000114440918,12.630000114440918,12.630000114440918,12.630000114440918,12.630000114440918,986.0
2024-09-16 14:13:00+00:00,GSM,4.150000095367432,4.150000095367432,4.150000095367432,4.150000095367432,4.150000095367432,3298.0
2024-09-16 14:13:00+00:00,METC,9.779999732971191,9.779999732971191,9.779999732971191,9.779999732971191,9.779999732971191,1856.0
2024-09-16 14:13:00+00:00,PAAS,21.3799991607666,21.3799991607666,21.3799991607666,21.37849998474121,21.37849998474121,529.0
2024-09-16 14:13:00+00:00,PPTA,9.029999732971191,9.029999732971191,9.029999732971191,9.029999732971191,9.029999732971191,320.0
2024-09-16 14:13:00+00:00,SGML,10.5,10.5,10.5,10.489999771118164,10.489999771118164,1259.0
2024-09-16 14:13:00+00:00,SSRM,5.894999980926514,5.894999980926514,5.900000095367432,5.894999980926514,5.900000095367432,501.0
2024-09-16 14:13:00+00:00,TMC,1.125,1.125,1.1299999952316284,1.1200000047683716,1.125,2400.0
2024-09-16 14:13:00+00:00,ZEUS,37.58000183105469,37.58000183105469,37.58000183105469,37.58000183105469,37.58000183105469,975.0
2024-09-16 14:14:00+00:00,AREC,0.49219998717308044,0.49219998717308044,0.49219998717308044,0.49219998717308044,0.49219998717308044,0.0
2024-09-16 14:14:00+00:00,CENX,14.15999984741211,14.15999984741211,14.15999984741211,14.15999984741211,14.15999984741211,936.0
2024-09-16 14:14:00+00:00,GEVO,1.4199999570846558,1.4199999570846558,1.4199999570846558,1.409999966621399,1.4149999618530273,27409.0
2024-09-16 14:14:00+00:00,KALU,68.9000015258789,68.9000015258789,68.9000015258789,68.83000183105469,68.83000183105469,376.0
2024-09-16 14:14:00+00:00,MEOH,38.28499984741211,38.28499984741211,38.28499984741211,38.28499984741211,38.28499984741211,395.0
2024-09-16 14:14:00+00:00,PAAS,21.375,21.375,21.375,21.364999771118164,21.3700008392334,1941.0
2024-09-16 14:14:00+00:00,SGML,10.496000289916992,10.496000289916992,10.510000228881836,10.489999771118164,10.489999771118164,4183.0
2024-09-16 14:14:00+00:00,SSRM,5.900000095367432,5.900000095367432,5.900000095367432,5.900000095367432,5.900000095367432,913.0
2024-09-16 14:14:00+00:00,STLD,111.26499938964844,111.26499938964844,111.26499938964844,111.26499938964844,111.26499938964844,1109.0
2024-09-16 14:14:00+00:00,TMC,1.1100000143051147,1.1100000143051147,1.1200000047683716,1.1100000143051147,1.1200000047683716,2914.0
2024-09-16 14:15:00+00:00,CENX,14.154999732971191,14.154999732971191,14.164999961853027,14.154999732971191,14.164999961853027,1617.0
2024-09-16 14:15:00+00:00,CNEY,0.5099999904632568,0.5099999904632568,0.5199999809265137,0.5099999904632568,0.5199999809265137,15499.0
2024-09-16 14:15:00+00:00,GEVO,1.4149999618530273,1.4149999618530273,1.4199999570846558,1.409999966621399,1.4199999570846558,10087.0
2024-09-16 14:15:00+00:00,GPRE,12.630000114440918,12.630000114440918,12.630000114440918,12.630000114440918,12.630000114440918,417.0
2024-09-16 14:15:00+00:00,KALU,68.7300033569336,68.7300033569336,68.7300033569336,68.7300033569336,68.7300033569336,374.0
2024-09-16 14:15:00+00:00,MERC,6.329999923706055,6.329999923706055,6.329999923706055,6.324999809265137,6.324999809265137,3623.0
2024-09-16 14:15:00+00:00,PAAS,21.3799991607666,21.3799991607666,21.3799991607666,21.375,21.375,1121.0
2024-09-16 14:15:00+00:00,PPTA,9.026000022888184,9.026000022888184,9.026000022888184,9.026000022888184,9.026000022888184,1797.0
2024-09-16 14:15:00+00:00,SSRM,5.900000095367432,5.900000095367432,5.900000095367432,5.900000095367432,5.900000095367432,520.0
2024-09-16 14:15:00+00:00,TMC,1.1100000143051147,1.1100000143051147,1.1200000047683716,1.1100000143051147,1.1100000143051147,2157.0
2024-09-16 14:16:00+00:00,ASTL,10.265000343322754,10.265000343322754,10.265000343322754,10.260000228881836,10.260000228881836,280.0
2024-09-16 14:16:00+00:00,CENX,14.15999984741211,14.15999984741211,14.164999961853027,14.154999732971191,14.154999732971191,1123.0
2024-09-16 14:16:00+00:00,CNEY,0.5299000144004822,0.5299000144004822,0.5299000144004822,0.5195000171661377,0.5199999809265137,33370.0
2024-09-16 14:16:00+00:00,CRKN,1.3799999952316284,1.3799999952316284,1.3799999952316284,1.3799999952316284,1.3799999952316284,3792.0
2024-09-16 14:16:00+00:00,GEVO,1.422700047492981,1.422700047492981,1.4299999475479126,1.4149999618530273,1.4149999618530273,104984.0
2024-09-16 14:16:00+00:00,KALU,68.69999694824219,68.69999694824219,68.69999694824219,68.69999694824219,68.69999694824219,148.0
2024-09-16 14:16:00+00:00,PAAS,21.378400802612305,21.378400802612305,21.385000228881836,21.3700008392334,21.3799991607666,3844.0
2024-09-16 14:16:00+00:00,SGML,10.489999771118164,10.489999771118164,10.5,10.489999771118164,10.5,1363.0
2024-09-16 14:16:00+00:00,SSRM,5.900000095367432,5.900000095367432,5.900000095367432,5.900000095367432,5.900000095367432,118.0
2024-09-16 14:16:00+00:00,STLD,111.26000213623047,111.26000213623047,111.26000213623047,111.26000213623047,111.26000213623047,604.0
2024-09-16 14:16:00+00:00,TMC,1.1100000143051147,1.1100000143051147,1.1299999952316284,1.1100000143051147,1.1100000143051147,2296.0
2024-09-16 14:16:00+00:00,ZEUS,37.47999954223633,37.47999954223633,37.5,37.47999954223633,37.5,1884.0
2024-09-16 14:17:00+00:00,ASTL,10.260000228881836,10.260000228881836,10.260000228881836,10.260000228881836,10.260000228881836,107.0
2024-09-16 14:17:00+00:00,CNEY,0.5339999794960022,0.5339999794960022,0.5339999794960022,0.5271000266075134,0.5339000225067139,36444.0
2024-09-16 14:17:00+00:00,GEVO,1.420199990272522,1.420199990272522,1.4299999475479126,1.4199999570846558,1.4299999475479126,24767.0
2024-09-16 14:17:00+00:00,HYMC,2.6659998893737793,2.6659998893737793,2.6659998893737793,2.6659998893737793,2.6659998893737793,745.0
2024-09-16 14:17:00+00:00,IOSP,109.79000091552734,109.79000091552734,109.80000305175781,109.79000091552734,109.80000305175781,217.0
2024-09-16 14:17:00+00:00,IPX,18.030000686645508,18.030000686645508,18.030000686645508,18.030000686645508,18.030000686645508,501.0
2024-09-16 14:17:00+00:00,KALU,68.79000091552734,68.79000091552734,68.79000091552734,68.79000091552734,68.79000091552734,220.0
2024-09-16 14:17:00+00:00,MEOH,38.33000183105469,38.33000183105469,38.5,38.27000045776367,38.27000045776367,13815.0
2024-09-16 14:17:00+00:00,MERC,6.324999809265137,6.324999809265137,6.324999809265137,6.324999809265137,6.324999809265137,724.0
2024-09-16 14:17:00+00:00,METC,9.789999961853027,9.789999961853027,9.789999961853027,9.789999961853027,9.789999961853027,474.0
2024-09-16 14:17:00+00:00,ORGN,1.5793999433517456,1.5793999433517456,1.5793999433517456,1.5793999433517456,1.5793999433517456,398.0
2024-09-16 14:17:00+00:00,PAAS,21.34000015258789,21.34000015258789,21.3700008392334,21.34000015258789,21.3700008392334,4271.0
2024-09-16 14:17:00+00:00,PLL,7.130000114440918,7.130000114440918,7.130000114440918,7.130000114440918,7.130000114440918,407.0
2024-09-16 14:17:00+00:00,PPTA,9.010000228881836,9.010000228881836,9.010000228881836,9.010000228881836,9.010000228881836,333.0
2024-09-16 14:17:00+00:00,RGLD,141.05850219726562,141.05850219726562,141.05850219726562,140.8300018310547,140.8300018310547,1616.0
2024-09-16 14:17:00+00:00,SGML,10.484999656677246,10.484999656677246,10.484999656677246,10.479999542236328,10.484999656677246,1259.0
2024-09-16 14:17:00+00:00,SSRM,5.885000228881836,5.885000228881836,5.889999866485596,5.880000114440918,5.889999866485596,7868.0
2024-09-16 14:17:00+00:00,STLD,111.20999908447266,111.20999908447266,111.20999908447266,111.20999908447266,111.20999908447266,1741.0
2024-09-16 14:17:00+00:00,TMC,1.1100000143051147,1.1100000143051147,1.1200000047683716,1.1100000143051147,1.1100000143051147,5428.0
2024-09-16 14:17:00+00:00,ZEUS,37.47999954223633,37.47999954223633,37.47999954223633,37.47999954223633,37.47999954223633,682.0
2024-09-16 14:18:00+00:00,ASTL,10.260000228881836,10.260000228881836,10.260000228881836,10.260000228881836,10.260000228881836,264.0
2024-09-16 14:18:00+00:00,BCPC,172.2050018310547,172.2050018310547,172.2050018310547,172.2050018310547,172.2050018310547,241.0
2024-09-16 14:18:00+00:00,BIOX,8.619999885559082,8.619999885559082,8.619999885559082,8.619999885559082,8.619999885559082,1393.0
2024-09-16 14:18:00+00:00,CENX,14.135000228881836,14.135000228881836,14.149999618530273,14.135000228881836,14.149999618530273,2670.0
2024-09-16 14:18:00+00:00,CNEY,0.5300999879837036,0.5300999879837036,0.5566999912261963,0.5299999713897705,0.5392000079154968,81259.0
2024-09-16 14:18:00+00:00,FEAM,0.5400000214576721,0.5400000214576721,0.5400000214576721,0.5400000214576721,0.5400000214576721,4405.0
2024-09-16 14:18:00+00:00,GEVO,1.429900050163269,1.429900050163269,1.429900050163269,1.4199999570846558,1.4220000505447388,20924.0
2024-09-16 14:18:00+00:00,GPRE,12.630000114440918,12.630000114440918,12.630000114440918,12.630000114440918,12.630000114440918,1846.0
2024-09-16 14:18:00+00:00,KALU,68.69999694824219,68.69999694824219,68.69999694824219,68.69999694824219,68.69999694824219,173.0
2024-09-16 14:18:00+00:00,LWLG,2.5399999618530273,2.5399999618530273,2.5399999618530273,2.5350000858306885,2.5350000858306885,1959.0
2024-09-16 14:18:00+00:00,MEOH,38.33000183105469,38.33000183105469,38.33000183105469,38.33000183105469,38.33000183105469,258.0
2024-09-16 14:18:00+00:00,METC,9.788999557495117,9.788999557495117,9.788999557495117,9.788999557495117,9.788999557495117,330.0
2024-09-16 14:18:00+00:00,PAAS,21.344999313354492,21.344999313354492,21.344999313354492,21.34000015258789,21.344999313354492,1594.0
2024-09-16 14:18:00+00:00,PLL,7.119999885559082,7.119999885559082,7.119999885559082,7.119999885559082,7.119999885559082,558.0
2024-09-16 14:18:00+00:00,PPTA,9.010000228881836,9.010000228881836,9.010000228881836,9.010000228881836,9.010000228881836,342.0
2024-09-16 14:18:00+00:00,SGML,10.479999542236328,10.479999542236328,10.479999542236328,10.479999542236328,10.479999542236328,682.0
2024-09-16 14:18:00+00:00,SSRM,5.885000228881836,5.885000228881836,5.885000228881836,5.885000228881836,5.885000228881836,407.0
2024-09-16 14:18:00+00:00,STLD,111.18000030517578,111.18000030517578,111.18000030517578,111.18000030517578,111.18000030517578,732.0
2024-09-16 14:18:00+00:00,TMC,1.1100000143051147,1.1100000143051147,1.1150000095367432,1.1100000143051147,1.1100000143051147,5336.0
2024-09-16 14:19:00+00:00,ASTL,10.25,10.25,10.260000228881836,10.25,10.260000228881836,824.0
2024-09-16 14:19:00+00:00,BCPC,172.16000366210938,172.16000366210938,172.16000366210938,172.16000366210938,172.16000366210938,1696.0
2024-09-16 14:19:00+00:00,CENX,14.119999885559082,14.119999885559082,14.130000114440918,14.119999885559082,14.130000114440918,1900.0
2024-09-16 14:19:00+00:00,CNEY,0.5311999917030334,0.5311999917030334,0.5411999821662903,0.5310999751091003,0.5411999821662903,5636.0
2024-09-16 14:19:00+00:00,GEVO,1.410099983215332,1.410099983215332,1.4294999837875366,1.409999966621399,1.4200999736785889,67308.0
2024-09-16 14:19:00+00:00,GPRE,12.614999771118164,12.614999771118164,12.640000343322754,12.614999771118164,12.630000114440918,1321.0
2024-09-16 14:19:00+00:00,GSM,4.150000095367432,4.150000095367432,4.150000095367432,4.150000095367432,4.150000095367432,773.0
2024-09-16 14:19:00+00:00,HDSN,7.860000133514404,7.860000133514404,7.860000133514404,7.860000133514404,7.860000133514404,725.0
2024-09-16 14:19:00+00:00,HYMC,2.6500000953674316,2.6500000953674316,2.6649999618530273,2.6500000953674316,2.6649999618530273,800.0
2024-09-16 14:19:00+00:00,IOSP,109.7699966430664,109.7699966430664,109.81999969482422,109.7699966430664,109.81999969482422,800.0
2024-09-16 14:19:00+00:00,KALU,68.68000030517578,68.68000030517578,68.68000030517578,68.68000030517578,68.68000030517578,653.0
2024-09-16 14:19:00+00:00,MEOH,38.31999969482422,38.31999969482422,38.31999969482422,38.29999923706055,38.31999969482422,343.0
2024-09-16 14:19:00+00:00,ORGN,1.5750000476837158,1.5750000476837158,1.5750000476837158,1.570099949836731,1.570099949836731,2683.0
2024-09-16 14:19:00+00:00,PAAS,21.329999923706055,21.329999923706055,21.344999313354492,21.329999923706055,21.334999084472656,6875.0
2024-09-16 14:19:00+00:00,RGLD,140.8000030517578,140.8000030517578,140.8000030517578,140.8000030517578,140.8000030517578,988.0
2024-09-16 14:19:00+00:00,SGML,10.479999542236328,10.479999542236328,10.484999656677246,10.479999542236328,10.484999656677246,1602.0
2024-09-16 14:19:00+00:00,SSRM,5.880000114440918,5.880000114440918,5.885000228881836,5.880000114440918,5.885000228881836,1996.0
2024-09-16 14:19:00+00:00,STLD,111.18000030517578,111.18000030517578,111.18000030517578,111.18000030517578,111.18000030517578,2040.0
2024-09-16 14:19:00+00:00,TMC,1.1100000143051147,1.1100000143051147,1.1150000095367432,1.1100000143051147,1.110200047492981,3262.0
2024-09-16 14:19:00+00:00,ZEUS,37.5,37.5,37.52000045776367,37.5,37.52000045776367,593.0
2024-09-16 14:20:00+00:00,CENX,14.119999885559082,14.119999885559082,14.119999885559082,14.119999885559082,14.119999885559082,435.0
2024-09-16 14:20:00+00:00,CNEY,0.5159000158309937,0.5159000158309937,0.5400000214576721,0.510200023651123,0.5310999751091003,60291.0
2024-09-16 14:20:00+00:00,GEVO,1.3945000171661377,1.3945000171661377,1.4199999570846558,1.3899999856948853,1.4199999570846558,152261.0
2024-09-16 14:20:00+00:00,MEOH,38.33000183105469,38.33000183105469,38.33000183105469,38.31999969482422,38.31999969482422,1091.0
2024-09-16 14:20:00+00:00,MERC,6.324999809265137,6.324999809265137,6.324999809265137,6.324999809265137,6.324999809265137,564.0
2024-09-16 14:20:00+00:00,METC,9.78499984741211,9.78499984741211,9.789999961853027,9.779999732971191,9.779999732971191,3464.0
2024-09-16 14:20:00+00:00,PAAS,21.334999084472656,21.334999084472656,21.34000015258789,21.329999923706055,21.329999923706055,2969.0
2024-09-16 14:20:00+00:00,PLL,7.110000133514404,7.110000133514404,7.110000133514404,7.110000133514404,7.110000133514404,705.0
2024-09-16 14:20:00+00:00,SEED,2.5792999267578125,2.5792999267578125,2.5792999267578125,2.5792999267578125,2.5792999267578125,2014.0
2024-09-16 14:20:00+00:00,SGML,10.470000267028809,10.470000267028809,10.479999542236328,10.449999809265137,10.479999542236328,4224.0
2024-09-16 14:20:00+00:00,SSRM,5.889999866485596,5.889999866485596,5.889999866485596,5.880000114440918,5.880000114440918,17059.0
2024-09-16 14:20:00+00:00,STLD,111.12999725341797,111.12999725341797,111.16999816894531,111.12999725341797,111.16999816894531,2035.0
2024-09-16 14:20:00+00:00,TMC,1.1200000047683716,1.1200000047683716,1.1200000047683716,1.1100000143051147,1.1100000143051147,2296.0
2024-09-16 14:20:00+00:00,USLM,85.0999984741211,85.0999984741211,85.0999984741211,85.0999984741211,85.0999984741211,341.0
2024-09-16 14:20:00+00:00,ZEUS,37.52000045776367,37.52000045776367,37.52000045776367,37.52000045776367,37.52000045776367,1213.0
2024-09-16 14:21:00+00:00,ALTO,1.6200000047683716,1.6200000047683716,1.621000051498413,1.6150000095367432,1.621000051498413,27149.0
2024-09-16 14:21:00+00:00,ASTL,10.25,10.25,10.25,10.25,10.25,970.0
2024-09-16 14:21:00+00:00,CENX,14.140000343322754,14.140000343322754,14.140000343322754,14.130000114440918,14.130000114440918,1494.0
2024-09-16 14:21:00+00:00,CNEY,0.5149999856948853,0.5149999856948853,0.5160999894142151,0.5102999806404114,0.5160999894142151,17860.0
2024-09-16 14:21:00+00:00,CRKN,1.3894000053405762,1.3894000053405762,1.3894000053405762,1.38919997215271,1.38919997215271,1682.0
2024-09-16 14:21:00+00:00,GEVO,1.4049999713897705,1.4049999713897705,1.4098999500274658,1.3949999809265137,1.3949999809265137,29603.0
2024-09-16 14:21:00+00:00,GPRE,12.619999885559082,12.619999885559082,12.619999885559082,12.614999771118164,12.614999771118164,1483.0
2024-09-16 14:21:00+00:00,MEOH,38.3125,38.3125,38.3125,38.3125,38.3125,395.0
2024-09-16 14:21:00+00:00,METC,9.779999732971191,9.779999732971191,9.779999732971191,9.779999732971191,9.779999732971191,1162.0
2024-09-16 14:21:00+00:00,PAAS,21.334999084472656,21.334999084472656,21.34000015258789,21.329999923706055,21.329999923706055,3078.0
2024-09-16 14:21:00+00:00,SGML,10.470000267028809,10.470000267028809,10.470000267028809,10.470000267028809,10.470000267028809,1585.0
2024-09-16 14:21:00+00:00,SSRM,5.900000095367432,5.900000095367432,5.900000095367432,5.900000095367432,5.900000095367432,102.0
2024-09-16 14:21:00+00:00,TMC,1.100000023841858,1.100000023841858,1.1100000143051147,1.100000023841858,1.1100000143051147,9000.0
2024-09-16 14:21:00+00:00,ZEUS,37.65999984741211,37.65999984741211,37.65999984741211,37.65999984741211,37.65999984741211,127.0
2024-09-16 14:22:00+00:00,ALTO,1.6200000047683716,1.6200000047683716,1.6200000047683716,1.6200000047683716,1.6200000047683716,1100.0
2024-09-16 14:22:00+00:00,AREC,0.49230000376701355,0.49230000376701355,0.4961000084877014,0.49230000376701355,0.4961000084877014,94937.0
2024-09-16 14:22:00+00:00,BIOX,8.609999656677246,8.609999656677246,8.609999656677246,8.609999656677246,8.609999656677246,799.0
2024-09-16 14:22:00+00:00,CENX,14.15999984741211,14.15999984741211,14.15999984741211,14.15999984741211,14.15999984741211,444.0
2024-09-16 14:22:00+00:00,CNEY,0.5149999856948853,0.5149999856948853,0.5149999856948853,0.5102999806404114,0.5149999856948853,19445.0
2024-09-16 14:22:00+00:00,CRKN,1.389799952507019,1.389799952507019,1.389799952507019,1.389799952507019,1.389799952507019,397.0
2024-09-16 14:22:00+00:00,GEVO,1.3949999809265137,1.3949999809265137,1.399999976158142,1.3899999856948853,1.399999976158142,19111.0
2024-09-16 14:22:00+00:00,HYMC,2.6600000858306885,2.6600000858306885,2.6600000858306885,2.649199962615967,2.6500000953674316,9014.0
2024-09-16 14:22:00+00:00,IOSP,109.8499984741211,109.8499984741211,109.8499984741211,109.8499984741211,109.8499984741211,131.0
2024-09-16 14:22:00+00:00,MEOH,38.345001220703125,38.345001220703125,38.349998474121094,38.34000015258789,38.34000015258789,2339.0
2024-09-16 14:22:00+00:00,MERC,6.309999942779541,6.309999942779541,6.335000038146973,6.309999942779541,6.329999923706055,7584.0
2024-09-16 14:22:00+00:00,METC,9.779999732971191,9.779999732971191,9.779999732971191,9.779999732971191,9.779999732971191,281.0
2024-09-16 14:22:00+00:00,PAAS,21.34000015258789,21.34000015258789,21.34000015258789,21.34000015258789,21.34000015258789,2350.0
2024-09-16 14:22:00+00:00,PLL,7.110099792480469,7.110099792480469,7.110099792480469,7.110099792480469,7.110099792480469,211.0
2024-09-16 14:22:00+00:00,RGLD,140.89999389648438,140.89999389648438,140.89999389648438,140.89999389648438,140.89999389648438,802.0
2024-09-16 14:22:00+00:00,SSRM,5.900000095367432,5.900000095367432,5.900000095367432,5.900000095367432,5.900000095367432,1648.0
2024-09-16 14:22:00+00:00,STLD,111.16000366210938,111.16000366210938,111.16000366210938,111.16000366210938,111.16000366210938,509.0
2024-09-16 14:22:00+00:00,TMC,1.125,1.125,1.1253000497817993,1.100000023841858,1.1100000143051147,11457.0
2024-09-16 14:22:00+00:00,ZEUS,37.7400016784668,37.7400016784668,37.7400016784668,37.66999816894531,37.66999816894531,1004.0
2024-09-16 14:23:00+00:00,ALTO,1.6150000095367432,1.6150000095367432,1.6150000095367432,1.6150000095367432,1.6150000095367432,200.0
2024-09-16 14:23:00+00:00,CENX,14.15999984741211,14.15999984741211,14.15999984741211,14.15999984741211,14.15999984741211,818.0
2024-09-16 14:23:00+00:00,CNEY,0.5149999856948853,0.5149999856948853,0.5149999856948853,0.5149999856948853,0.5149999856948853,19346.0
2024-09-16 14:23:00+00:00,CRKN,1.38919997215271,1.38919997215271,1.3899999856948853,1.38919997215271,1.3899999856948853,1162.0
2024-09-16 14:23:00+00:00,GEVO,1.3899999856948853,1.3899999856948853,1.399999976158142,1.3801000118255615,1.399999976158142,132843.0
2024-09-16 14:23:00+00:00,GPRE,12.640000343322754,12.640000343322754,12.640000343322754,12.619999885559082,12.619999885559082,973.0
2024-09-16 14:23:00+00:00,GSM,4.144000053405762,4.144000053405762,4.144000053405762,4.144000053405762,4.144000053405762,1204.0
2024-09-16 14:23:00+00:00,HDSN,7.864999771118164,7.864999771118164,7.864999771118164,7.864999771118164,7.864999771118164,143.0
2024-09-16 14:23:00+00:00,HYMC,2.6700000762939453,2.6700000762939453,2.6700000762939453,2.6500000953674316,2.6700000762939453,512.0
2024-09-16 14:23:00+00:00,IOSP,109.82250213623047,109.82250213623047,109.82250213623047,109.82250213623047,109.82250213623047,442.0
2024-09-16 14:23:00+00:00,LGO,1.7400000095367432,1.7400000095367432,1.7400000095367432,1.7400000095367432,1.7400000095367432,70560.0
2024-09-16 14:23:00+00:00,MEOH,38.31999969482422,38.31999969482422,38.31999969482422,38.31999969482422,38.31999969482422,638.0
2024-09-16 14:23:00+00:00,MERC,6.320000171661377,6.320000171661377,6.324999809265137,6.315000057220459,6.315000057220459,2550.0
2024-09-16 14:23:00+00:00,METC,9.779999732971191,9.779999732971191,9.779999732971191,9.779999732971191,9.779999732971191,361.0
2024-09-16 14:23:00+00:00,PAAS,21.350000381469727,21.350000381469727,21.350000381469727,21.33930015563965,21.344999313354492,3289.0
2024-09-16 14:23:00+00:00,PLL,7.110000133514404,7.110000133514404,7.110000133514404,7.110000133514404,7.110000133514404,583.0
2024-09-16 14:23:00+00:00,PPTA,9.005000114440918,9.005000114440918,9.005000114440918,9.005000114440918,9.005000114440918,421.0
2024-09-16 14:23:00+00:00,SGML,10.5,10.5,10.5,10.5,10.5,246.0
2024-09-16 14:23:00+00:00,SSRM,5.90500020980835,5.90500020980835,5.90500020980835,5.90500020980835,5.90500020980835,320.0
2024-09-16 14:23:00+00:00,STLD,111.19999694824219,111.19999694824219,111.20999908447266,111.16500091552734,111.16500091552734,7480.0
2024-09-16 14:23:00+00:00,TMC,1.1299999952316284,1.1299999952316284,1.1299999952316284,1.1200000047683716,1.1200000047683716,1403.0
2024-09-16 14:23:00+00:00,UFPI,123.1500015258789,123.1500015258789,123.1500015258789,123.1500015258789,123.1500015258789,729.0
2024-09-16 14:23:00+00:00,ZKIN,0.44620001316070557,0.44620001316070557,0.44620001316070557,0.44620001316070557,0.44620001316070557,5613.0
2024-09-16 14:24:00+00:00,ACNT,9.25,9.25,9.25,9.25,9.25,425.0
2024-09-16 14:24:00+00:00,ALTO,1.6200000047683716,1.6200000047683716,1.6200000047683716,1.6200000047683716,1.6200000047683716,402.0
2024-09-16 14:24:00+00:00,CENX,14.15999984741211,14.15999984741211,14.15999984741211,14.15999984741211,14.15999984741211,356.0
2024-09-16 14:24:00+00:00,CNEY,0.5199999809265137,0.5199999809265137,0.5199999809265137,0.5151000022888184,0.5151000022888184,9348.0
2024-09-16 14:24:00+00:00,GEVO,1.3899999856948853,1.3899999856948853,1.3899999856948853,1.3806999921798706,1.3806999921798706,12671.0
2024-09-16 14:24:00+00:00,GPRE,12.640000343322754,12.640000343322754,12.640000343322754,12.630000114440918,12.630000114440918,1665.0
2024-09-16 14:24:00+00:00,KALU,68.62000274658203,68.62000274658203,68.83999633789062,68.62000274658203,68.83999633789062,661.0
2024-09-16 14:24:00+00:00,LGO,1.7400000095367432,1.7400000095367432,1.7400000095367432,1.7400000095367432,1.7400000095367432,400.0
2024-09-16 14:24:00+00:00,LITM,0.3280999958515167,0.3280999958515167,0.3280999958515167,0.3280999958515167,0.3280999958515167,400.0
2024-09-16 14:24:00+00:00,MERC,6.320000171661377,6.320000171661377,6.320000171661377,6.320000171661377,6.320000171661377,1289.0
2024-09-16 14:24:00+00:00,METC,9.789999961853027,9.789999961853027,9.789999961853027,9.779999732971191,9.779999732971191,552.0
2024-09-16 14:24:00+00:00,NTIC,12.460000038146973,12.460000038146973,12.460000038146973,12.460000038146973,12.460000038146973,1004.0
2024-09-16 14:24:00+00:00,ORGN,1.5787999629974365,1.5787999629974365,1.5787999629974365,1.5787999629974365,1.5787999629974365,650.0
2024-09-16 14:24:00+00:00,PAAS,21.350000381469727,21.350000381469727,21.350000381469727,21.344999313354492,21.344999313354492,1954.0
2024-09-16 14:24:00+00:00,PLL,7.111000061035156,7.111000061035156,7.111000061035156,7.111000061035156,7.111000061035156,212.0
2024-09-16 14:24:00+00:00,SGML,10.5,10.5,10.5,10.5,10.5,1597.0
2024-09-16 14:24:00+00:00,SSRM,5.909999847412109,5.909999847412109,5.909999847412109,5.909999847412109,5.909999847412109,948.0
2024-09-16 14:24:00+00:00,STLD,111.13999938964844,111.13999938964844,111.15499877929688,111.13999938964844,111.1500015258789,1067.0
2024-09-16 14:24:00+00:00,TMC,1.125,1.125,1.125,1.1200000047683716,1.1200000047683716,3315.0
2024-09-16 14:25:00+00:00,ALTO,1.6200000047683716,1.6200000047683716,1.6200000047683716,1.6200000047683716,1.6200000047683716,200.0
2024-09-16 14:25:00+00:00,CENX,14.15999984741211,14.15999984741211,14.164999961853027,14.154999732971191,14.15999984741211,1172.0
2024-09-16 14:25:00+00:00,CNEY,0.519599974155426,0.519599974155426,0.519599974155426,0.519599974155426,0.519599974155426,1749.0
2024-09-16 14:25:00+00:00,GEVO,1.375,1.375,1.3898999691009521,1.3700000047683716,1.3878999948501587,93215.0
2024-09-16 14:25:00+00:00,GPRE,12.619999885559082,12.619999885559082,12.619999885559082,12.619999885559082,12.619999885559082,565.0
2024-09-16 14:25:00+00:00,HDSN,7.866000175476074,7.866000175476074,7.866000175476074,7.866000175476074,7.866000175476074,456.0
2024-09-16 14:25:00+00:00,LGO,1.7400000095367432,1.7400000095367432,1.7400000095367432,1.7400000095367432,1.7400000095367432,0.0
2024-09-16 14:25:00+00:00,LITM,0.3280999958515167,0.3280999958515167,0.3280999958515167,0.3280999958515167,0.3280999958515167,5900.0
2024-09-16 14:25:00+00:00,METC,9.779999732971191,9.779999732971191,9.779999732971191,9.779999732971191,9.779999732971191,161.0
2024-09-16 14:25:00+00:00,PAAS,21.354999542236328,21.354999542236328,21.360000610351562,21.350000381469727,21.350000381469727,1314.0
2024-09-16 14:25:00+00:00,SGML,10.5,10.5,10.5,10.5,10.5,663.0
2024-09-16 14:25:00+00:00,SSRM,5.909999847412109,5.909999847412109,5.909999847412109,5.901199817657471,5.90500020980835,2400.0
2024-09-16 14:25:00+00:00,STLD,111.16000366210938,111.16000366210938,111.16000366210938,111.15499877929688,111.15499877929688,2695.0
2024-09-16 14:25:00+00:00,TMC,1.1299999952316284,1.1299999952316284,1.1299999952316284,1.1200000047683716,1.1200000047683716,1272.0
2024-09-16 14:26:00+00:00,CNEY,0.5041999816894531,0.5041999816894531,0.519599974155426,0.5020999908447266,0.519599974155426,88979.0
2024-09-16 14:26:00+00:00,GEVO,1.3799999952316284,1.3799999952316284,1.3799999952316284,1.3701000213623047,1.375,58369.0
2024-09-16 14:26:00+00:00,GSM,4.144999980926514,4.144999980926514,4.144999980926514,4.144999980926514,4.144999980926514,725.0
2024-09-16 14:26:00+00:00,KALU,68.8550033569336,68.8550033569336,68.87000274658203,68.8550033569336,68.87000274658203,589.0
2024-09-16 14:26:00+00:00,LITM,0.3271999955177307,0.3271999955177307,0.3271999955177307,0.3271999955177307,0.3271999955177307,0.0
2024-09-16 14:26:00+00:00,METC,9.779999732971191,9.779999732971191,9.779999732971191,9.779999732971191,9.779999732971191,285.0
2024-09-16 14:26:00+00:00,ORGN,1.5750000476837158,1.5750000476837158,1.5750000476837158,1.5750000476837158,1.5750000476837158,1681.0
2024-09-16 14:26:00+00:00,PAAS,21.356000900268555,21.356000900268555,21.360000610351562,21.354999542236328,21.354999542236328,1567.0
2024-09-16 14:26:00+00:00,PLL,7.119999885559082,7.119999885559082,7.119999885559082,7.119999885559082,7.119999885559082,818.0
2024-09-16 14:26:00+00:00,RGLD,140.8000030517578,140.8000030517578,140.8000030517578,140.8000030517578,140.8000030517578,788.0
2024-09-16 14:26:00+00:00,SGML,10.5,10.5,10.5,10.5,10.5,253.0
2024-09-16 14:26:00+00:00,SSRM,5.9079999923706055,5.9079999923706055,5.909999847412109,5.900000095367432,5.909999847412109,3013.0
2024-09-16 14:26:00+00:00,STLD,111.18000030517578,111.18000030517578,111.20999908447266,111.16000366210938,111.16000366210938,4314.0
2024-09-16 14:26:00+00:00,TMC,1.1100000143051147,1.1100000143051147,1.125,1.1100000143051147,1.1200000047683716,8625.0
2024-09-16 14:26:00+00:00,ZEUS,37.90999984741211,37.90999984741211,37.90999984741211,37.75,37.75,1284.0
2024-09-16 14:27:00+00:00,ALTO,1.6200000047683716,1.6200000047683716,1.6200000047683716,1.6200000047683716,1.6200000047683716,325.0
2024-09-16 14:27:00+00:00,ASTL,10.220000267028809,10.220000267028809,10.239999771118164,10.220000267028809,10.239999771118164,6575.0
2024-09-16 14:27:00+00:00,CENX,14.15999984741211,14.15999984741211,14.15999984741211,14.15999984741211,14.15999984741211,640.0
2024-09-16 14:27:00+00:00,CNEY,0.5045999884605408,0.5045999884605408,0.5049999952316284,0.5041999816894531,0.5041999816894531,23066.0
2024-09-16 14:27:00+00:00,GEVO,1.3789000511169434,1.3789000511169434,1.3799999952316284,1.3700000047683716,1.371999979019165,113090.0
2024-09-16 14:27:00+00:00,GPRE,12.630000114440918,12.630000114440918,12.630000114440918,12.630000114440918,12.630000114440918,792.0
2024-09-16 14:27:00+00:00,GSM,4.150000095367432,4.150000095367432,4.150000095367432,4.150000095367432,4.150000095367432,5146.0
2024-09-16 14:27:00+00:00,HDSN,7.855000019073486,7.855000019073486,7.860000133514404,7.855000019073486,7.860000133514404,1017.0
2024-09-16 14:27:00+00:00,KALU,68.86000061035156,68.86000061035156,68.86000061035156,68.86000061035156,68.86000061035156,152.0
2024-09-16 14:27:00+00:00,MEOH,38.31999969482422,38.31999969482422,38.31999969482422,38.31999969482422,38.31999969482422,140.0
2024-09-16 14:27:00+00:00,ORGN,1.5750000476837158,1.5750000476837158,1.5750000476837158,1.5750000476837158,1.5750000476837158,371.0
2024-09-16 14:27:00+00:00,PAAS,21.3700008392334,21.3700008392334,21.3700008392334,21.360000610351562,21.360000610351562,2138.0
2024-09-16 14:27:00+00:00,RGLD,140.9149932861328,140.9149932861328,140.9149932861328,140.83999633789062,140.91000366210938,1517.0
2024-09-16 14:27:00+00:00,SGML,10.5,10.5,10.5,10.5,10.5,202.0
2024-09-16 14:27:00+00:00,SSRM,5.909999847412109,5.909999847412109,5.909999847412109,5.909999847412109,5.909999847412109,802.0
2024-09-16 14:27:00+00:00,STLD,111.28500366210938,111.28500366210938,111.28500366210938,111.18000030517578,111.18000030517578,21416.0
2024-09-16 14:27:00+00:00,TMC,1.1200000047683716,1.1200000047683716,1.1200000047683716,1.100000023841858,1.1100000143051147,21305.0
2024-09-16 14:28:00+00:00,ALTO,1.6200000047683716,1.6200000047683716,1.6200000047683716,1.6150000095367432,1.6150000095367432,1600.0
2024-09-16 14:28:00+00:00,ASTL,10.220000267028809,10.220000267028809,10.225000381469727,10.220000267028809,10.220000267028809,3134.0
2024-09-16 14:28:00+00:00,CENX,14.164999961853027,14.164999961853027,14.170000076293945,14.15999984741211,14.15999984741211,1035.0
2024-09-16 14:28:00+00:00,CNEY,0.49900001287460327,0.49900001287460327,0.5049999952316284,0.49900001287460327,0.5049999952316284,38274.0
2024-09-16 14:28:00+00:00,GEVO,1.3712999820709229,1.3712999820709229,1.3798999786376953,1.3700000047683716,1.375,6659.0
2024-09-16 14:28:00+00:00,GPRE,12.625,12.625,12.630000114440918,12.625,12.630000114440918,1139.0
2024-09-16 14:28:00+00:00,GSM,4.150000095367432,4.150000095367432,4.150000095367432,4.150000095367432,4.150000095367432,376.0
2024-09-16 14:28:00+00:00,HDSN,7.84499979019165,7.84499979019165,7.84499979019165,7.84499979019165,7.84499979019165,128.0
2024-09-16 14:28:00+00:00,KALU,68.91000366210938,68.91000366210938,68.91000366210938,68.83999633789062,68.83999633789062,989.0
2024-09-16 14:28:00+00:00,LGO,1.731600046157837,1.731600046157837,1.731600046157837,1.731600046157837,1.731600046157837,938.0
2024-09-16 14:28:00+00:00,LOOP,1.4500000476837158,1.4500000476837158,1.4500000476837158,1.4500000476837158,1.4500000476837158,23287.0
2024-09-16 14:28:00+00:00,METC,9.789999961853027,9.789999961853027,9.789999961853027,9.779999732971191,9.779999732971191,660.0
2024-09-16 14:28:00+00:00,PAAS,21.3700008392334,21.3700008392334,21.3700008392334,21.360000610351562,21.360000610351562,3895.0
2024-09-16 14:28:00+00:00,RGLD,140.9149932861328,140.9149932861328,140.9149932861328,140.9149932861328,140.9149932861328,379.0
2024-09-16 14:28:00+00:00,SGML,10.490099906921387,10.490099906921387,10.5,10.489999771118164,10.489999771118164,2120.0
2024-09-16 14:28:00+00:00,SSRM,5.90500020980835,5.90500020980835,5.909999847412109,5.90500020980835,5.909999847412109,10828.0
2024-09-16 14:28:00+00:00,STLD,111.27999877929688,111.27999877929688,111.29000091552734,111.2699966430664,111.28500366210938,1882.0
2024-09-16 14:28:00+00:00,TMC,1.1100000143051147,1.1100000143051147,1.1200000047683716,1.1100000143051147,1.1200000047683716,2721.0
2024-09-16 14:28:00+00:00,USAP,36.970001220703125,36.970001220703125,37.0,36.970001220703125,37.0,584.0
2024-09-16 14:28:00+00:00,USAU,5.800000190734863,5.800000190734863,5.800000190734863,5.800000190734863,5.800000190734863,394.0
2024-09-16 14:29:00+00:00,ASTL,10.204999923706055,10.204999923706055,10.220000267028809,10.204999923706055,10.220000267028809,4487.0
2024-09-16 14:29:00+00:00,CENX,14.170000076293945,14.170000076293945,14.170000076293945,14.164999961853027,14.170000076293945,1226.0
2024-09-16 14:29:00+00:00,CNEY,0.49939998984336853,0.49939998984336853,0.49939998984336853,0.49399998784065247,0.4950000047683716,23122.0
2024-09-16 14:29:00+00:00,ELBM,0.631600022315979,0.631600022315979,0.631600022315979,0.631600022315979,0.631600022315979,303.0
2024-09-16 14:29:00+00:00,GEVO,1.3700000047683716,1.3700000047683716,1.3799999952316284,1.3700000047683716,1.3799999952316284,5868.0
2024-09-16 14:29:00+00:00,GSM,4.144999980926514,4.144999980926514,4.144999980926514,4.144999980926514,4.144999980926514,151.0
2024-09-16 14:29:00+00:00,HDSN,7.84499979019165,7.84499979019165,7.84499979019165,7.84499979019165,7.84499979019165,137.0
2024-09-16 14:29:00+00:00,KALU,68.97250366210938,68.97250366210938,68.97250366210938,68.97250366210938,68.97250366210938,236.0
2024-09-16 14:29:00+00:00,LGO,1.7300000190734863,1.7300000190734863,1.7300000190734863,1.7200000286102295,1.7200000286102295,2167.0
2024-09-16 14:29:00+00:00,LWLG,2.5350000858306885,2.5350000858306885,2.5350000858306885,2.5350000858306885,2.5350000858306885,717.0
2024-09-16 14:29:00+00:00,MEOH,38.349998474121094,38.349998474121094,38.369998931884766,38.349998474121094,38.369998931884766,1385.0
2024-09-16 14:29:00+00:00,ORGN,1.5750000476837158,1.5750000476837158,1.5750000476837158,1.5700000524520874,1.5700000524520874,2881.0
2024-09-16 14:29:00+00:00,PAAS,21.363800048828125,21.363800048828125,21.3700008392334,21.363800048828125,21.3700008392334,1222.0
2024-09-16 14:29:00+00:00,PPTA,8.960000038146973,8.960000038146973,8.989999771118164,8.960000038146973,8.989999771118164,718.0
2024-09-16 14:29:00+00:00,SGML,10.510000228881836,10.510000228881836,10.510000228881836,10.510000228881836,10.510000228881836,698.0
2024-09-16 14:29:00+00:00,SSRM,5.909999847412109,5.909999847412109,5.909999847412109,5.901500225067139,5.909999847412109,11662.0
2024-09-16 14:29:00+00:00,STLD,111.27999877929688,111.27999877929688,111.27999877929688,111.27999877929688,111.27999877929688,342.0
2024-09-16 14:29:00+00:00,TMC,1.1100000143051147,1.1100000143051147,1.118899941444397,1.1100000143051147,1.1150000095367432,2359.0
2024-09-16 14:30:00+00:00,ALTO,1.6200000047683716,1.6200000047683716,1.6200000047683716,1.6200000047683716,1.6200000047683716,245.0
2024-09-16 14:30:00+00:00,ASTL,10.199999809265137,10.199999809265137,10.199999809265137,10.199999809265137,10.199999809265137,2010.0
2024-09-16 14:30:00+00:00,CENX,14.170000076293945,14.170000076293945,14.170000076293945,14.164999961853027,14.164999961853027,518.0
2024-09-16 14:30:00+00:00,CNEY,0.49720001220703125,0.49720001220703125,0.4999000132083893,0.4952999949455261,0.4952999949455261,11752.0
2024-09-16 14:30:00+00:00,GEVO,1.375,1.375,1.3799999952316284,1.3704999685287476,1.3799999952316284,13967.0
2024-09-16 14:30:00+00:00,GSM,4.150000095367432,4.150000095367432,4.150000095367432,4.150000095367432,4.150000095367432,273.0
2024-09-16 14:30:00+00:00,HDSN,7.849999904632568,7.849999904632568,7.849999904632568,7.84499979019165,7.84499979019165,725.0
2024-09-16 14:30:00+00:00,MEOH,38.349998474121094,38.349998474121094,38.349998474121094,38.349998474121094,38.349998474121094,291.0
2024-09-16 14:30:00+00:00,METC,9.779999732971191,9.779999732971191,9.779999732971191,9.770000457763672,9.770000457763672,308.0
2024-09-16 14:30:00+00:00,PAAS,21.3799991607666,21.3799991607666,21.3799991607666,21.3700008392334,21.3700008392334,2103.0
2024-09-16 14:30:00+00:00,PPTA,8.949999809265137,8.949999809265137,8.949999809265137,8.949999809265137,8.949999809265137,2461.0
2024-09-16 14:30:00+00:00,RGLD,140.86000061035156,140.86000061035156,140.86000061035156,140.86000061035156,140.86000061035156,341.0
2024-09-16 14:30:00+00:00,SSRM,5.909999847412109,5.909999847412109,5.909999847412109,5.9039998054504395,5.909999847412109,702.0
2024-09-16 14:30:00+00:00,STLD,111.2300033569336,111.2300033569336,111.2699966430664,111.2300033569336,111.26000213623047,3285.0
2024-09-16 14:30:00+00:00,TMC,1.1100000143051147,1.1100000143051147,1.1100000143051147,1.1100000143051147,1.1100000143051147,400.0
2024-09-16 14:30:00+00:00,ZEUS,37.810001373291016,37.810001373291016,37.88999938964844,37.810001373291016,37.849998474121094,927.0
2024-09-16 14:31:00+00:00,ALTO,1.6200000047683716,1.6200000047683716,1.6200000047683716,1.6200000047683716,1.6200000047683716,366.0
2024-09-16 14:31:00+00:00,AREC,0.49239999055862427,0.49239999055862427,0.49239999055862427,0.49239999055862427,0.49239999055862427,1932.0
2024-09-16 14:31:00+00:00,ASTL,10.199999809265137,10.199999809265137,10.199999809265137,10.199999809265137,10.199999809265137,977.0
2024-09-16 14:31:00+00:00,CENX,14.1899995803833,14.1899995803833,14.1899995803833,14.15999984741211,14.164999961853027,4426.0
2024-09-16 14:31:00+00:00,GEVO,1.3700000047683716,1.3700000047683716,1.3799999952316284,1.3700000047683716,1.3701000213623047,30200.0
2024-09-16 14:31:00+00:00,GPRE,12.600000381469727,12.600000381469727,12.630000114440918,12.600000381469727,12.619999885559082,2942.0
2024-09-16 14:31:00+00:00,GSM,4.144999980926514,4.144999980926514,4.144999980926514,4.144999980926514,4.144999980926514,204.0
2024-09-16 14:31:00+00:00,HDSN,7.849999904632568,7.849999904632568,7.860000133514404,7.849999904632568,7.860000133514404,915.0
2024-09-16 14:31:00+00:00,KALU,68.96420288085938,68.96420288085938,68.96420288085938,68.96420288085938,68.96420288085938,199.0
2024-09-16 14:31:00+00:00,LGO,1.7200000286102295,1.7200000286102295,1.7200000286102295,1.7200000286102295,1.7200000286102295,1872.0
2024-09-16 14:31:00+00:00,MEOH,38.33000183105469,38.33000183105469,38.33000183105469,38.33000183105469,38.33000183105469,1041.0
2024-09-16 14:31:00+00:00,METC,9.779999732971191,9.779999732971191,9.779999732971191,9.779999732971191,9.779999732971191,456.0
2024-09-16 14:31:00+00:00,ORGN,1.5750000476837158,1.5750000476837158,1.5750000476837158,1.5750000476837158,1.5750000476837158,1434.0
2024-09-16 14:31:00+00:00,PAAS,21.3700008392334,21.3700008392334,21.3799991607666,21.3700008392334,21.3799991607666,4746.0
2024-09-16 14:31:00+00:00,PLL,7.114999771118164,7.114999771118164,7.114999771118164,7.114999771118164,7.114999771118164,1538.0
2024-09-16 14:31:00+00:00,PPTA,8.930000305175781,8.930000305175781,8.930000305175781,8.930000305175781,8.930000305175781,200.0
2024-09-16 14:31:00+00:00,RGLD,140.9250030517578,140.9250030517578,140.9250030517578,140.9250030517578,140.9250030517578,638.0
2024-09-16 14:31:00+00:00,SGML,10.510000228881836,10.510000228881836,10.510000228881836,10.5,10.5,1311.0
2024-09-16 14:31:00+00:00,SSRM,5.909999847412109,5.909999847412109,5.909999847412109,5.90500020980835,5.909999847412109,1221.0
2024-09-16 14:31:00+00:00,STLD,111.2699966430664,111.2699966430664,111.27999877929688,111.24500274658203,111.24500274658203,800.0
2024-09-16 14:31:00+00:00,TMC,1.1198999881744385,1.1198999881744385,1.1200000047683716,1.1100000143051147,1.1150000095367432,5527.0
2024-09-16 14:31:00+00:00,UFPI,123.29499816894531,123.29499816894531,123.29499816894531,123.29499816894531,123.29499816894531,269.0
2024-09-16 14:31:00+00:00,USAP,36.959999084472656,36.959999084472656,36.959999084472656,36.959999084472656,36.959999084472656,569.0
2024-09-16 14:31:00+00:00,ZEUS,37.89500045776367,37.89500045776367,37.89500045776367,37.83000183105469,37.83000183105469,1148.0
2024-09-16 14:32:00+00:00,CENX,14.149999618530273,14.149999618530273,14.1899995803833,14.149999618530273,14.1899995803833,2998.0
2024-09-16 14:32:00+00:00,CNEY,0.49729999899864197,0.49729999899864197,0.49729999899864197,0.49729999899864197,0.49729999899864197,1754.0
2024-09-16 14:32:00+00:00,GEVO,1.375,1.375,1.3799999952316284,1.375,1.3799999952316284,10794.0
2024-09-16 14:32:00+00:00,GPRE,12.600000381469727,12.600000381469727,12.619999885559082,12.600000381469727,12.6003999710083,2532.0
2024-09-16 14:32:00+00:00,GSM,4.150000095367432,4.150000095367432,4.150000095367432,4.150000095367432,4.150000095367432,676.0
2024-09-16 14:32:00+00:00,HDSN,7.855000019073486,7.855000019073486,7.855000019073486,7.855000019073486,7.855000019073486,240.0
2024-09-16 14:32:00+00:00,HYMC,2.6689999103546143,2.6689999103546143,2.6689999103546143,2.6689999103546143,2.6689999103546143,3198.0
2024-09-16 14:32:00+00:00,LITM,0.33090001344680786,0.33090001344680786,0.33090001344680786,0.33090001344680786,0.33090001344680786,17575.0
2024-09-16 14:32:00+00:00,METC,9.789999961853027,9.789999961853027,9.789999961853027,9.779999732971191,9.779999732971191,491.0
2024-09-16 14:32:00+00:00,PAAS,21.375,21.375,21.375,21.3700008392334,21.3700008392334,1369.0
2024-09-16 14:32:00+00:00,PLL,7.119999885559082,7.119999885559082,7.130000114440918,7.119999885559082,7.119999885559082,1553.0
2024-09-16 14:32:00+00:00,RGLD,140.8699951171875,140.8699951171875,140.8699951171875,140.8699951171875,140.8699951171875,2204.0
2024-09-16 14:32:00+00:00,SGML,10.510000228881836,10.510000228881836,10.510000228881836,10.510000228881836,10.510000228881836,859.0
2024-09-16 14:32:00+00:00,SSRM,5.909900188446045,5.909900188446045,5.909999847412109,5.90500020980835,5.90500020980835,26872.0
2024-09-16 14:32:00+00:00,STLD,111.2699966430664,111.2699966430664,111.2699966430664,111.2699966430664,111.2699966430664,432.0
2024-09-16 14:32:00+00:00,TMC,1.1100000143051147,1.1100000143051147,1.1200000047683716,1.1100000143051147,1.1100000143051147,913.0
2024-09-16 14:33:00+00:00,CNEY,0.4950000047683716,0.4950000047683716,0.49709999561309814,0.4950000047683716,0.49709999561309814,20117.0
2024-09-16 14:33:00+00:00,GEVO,1.3704999685287476,1.3704999685287476,1.3799999952316284,1.3704999685287476,1.375,91788.0
2024-09-16 14:33:00+00:00,GPRE,12.609999656677246,12.609999656677246,12.609999656677246,12.609999656677246,12.609999656677246,628.0
2024-09-16 14:33:00+00:00,LGO,1.725000023841858,1.725000023841858,1.725000023841858,1.7200000286102295,1.7200000286102295,33.0
2024-09-16 14:33:00+00:00,LWLG,2.5350000858306885,2.5350000858306885,2.5350000858306885,2.5350000858306885,2.5350000858306885,384.0
2024-09-16 14:33:00+00:00,MEOH,38.34000015258789,38.34000015258789,38.34000015258789,38.34000015258789,38.34000015258789,417.0
2024-09-16 14:33:00+00:00,MERC,6.324999809265137,6.324999809265137,6.324999809265137,6.320000171661377,6.320000171661377,332.0
2024-09-16 14:33:00+00:00,PAAS,21.385000228881836,21.385000228881836,21.389999389648438,21.3799991607666,21.3799991607666,3329.0
2024-09-16 14:33:00+00:00,PLL,7.139999866485596,7.139999866485596,7.139999866485596,7.139999866485596,7.139999866485596,1352.0
2024-09-16 14:33:00+00:00,SGML,10.510000228881836,10.510000228881836,10.510000228881836,10.510000228881836,10.510000228881836,1580.0
2024-09-16 14:33:00+00:00,SSRM,5.914999961853027,5.914999961853027,5.914999961853027,5.909999847412109,5.909999847412109,0.0
2024-09-16 14:33:00+00:00,STLD,111.2750015258789,111.2750015258789,111.2750015258789,111.2750015258789,111.2750015258789,976.0
2024-09-16 14:33:00+00:00,TMC,1.1100000143051147,1.1100000143051147,1.1200000047683716,1.1100000143051147,1.1100000143051147,1927.0
2024-09-16 14:33:00+00:00,UFPI,123.29499816894531,123.29499816894531,123.29499816894531,123.29499816894531,123.29499816894531,897.0
2024-09-16 14:34:00+00:00,ALTO,1.6200000047683716,1.6200000047683716,1.6200000047683716,1.6191999912261963,1.6191999912261963,6624.0
2024-09-16 14:34:00+00:00,CENX,14.15999984741211,14.15999984741211,14.15999984741211,14.149999618530273,14.149999618530273,736.0
2024-09-16 14:34:00+00:00,CNEY,0.4952000081539154,0.4952000081539154,0.4961000084877014,0.4950000047683716,0.4950000047683716,8659.0
2024-09-16 14:34:00+00:00,GEVO,1.375,1.375,1.3799999952316284,1.3701000213623047,1.3799999952316284,44712.0
2024-09-16 14:34:00+00:00,GPRE,12.609999656677246,12.609999656677246,12.609999656677246,12.609999656677246,12.609999656677246,607.0
2024-09-16 14:34:00+00:00,HDSN,7.860000133514404,7.860000133514404,7.860000133514404,7.860000133514404,7.860000133514404,146.0
2024-09-16 14:34:00+00:00,LWLG,2.5350000858306885,2.5350000858306885,2.5350000858306885,2.5350000858306885,2.5350000858306885,109.0
2024-09-16 14:34:00+00:00,MERC,6.309999942779541,6.309999942779541,6.320000171661377,6.309999942779541,6.320000171661377,2023.0
2024-09-16 14:34:00+00:00,PAAS,21.3700008392334,21.3700008392334,21.389999389648438,21.364999771118164,21.385000228881836,6801.0
2024-09-16 14:34:00+00:00,PPTA,8.920000076293945,8.920000076293945,8.920000076293945,8.920000076293945,8.920000076293945,142.0
2024-09-16 14:34:00+00:00,SSRM,5.914999961853027,5.914999961853027,5.920000076293945,5.914999961853027,5.920000076293945,591.0
2024-09-16 14:34:00+00:00,TMC,1.1100000143051147,1.1100000143051147,1.1150000095367432,1.1100000143051147,1.1100000143051147,478.0
2024-09-16 14:35:00+00:00,ACNT,9.25,9.25,9.25,9.25,9.25,112.0
2024-09-16 14:35:00+00:00,ALTO,1.625,1.625,1.625,1.625,1.625,211.0
2024-09-16 14:35:00+00:00,ASTL,10.220000267028809,10.220000267028809,10.220000267028809,10.220000267028809,10.220000267028809,1443.0
2024-09-16 14:35:00+00:00,CENX,14.145000457763672,14.145000457763672,14.145000457763672,14.145000457763672,14.145000457763672,770.0
2024-09-16 14:35:00+00:00,CNEY,0.4900999963283539,0.4900999963283539,0.4950999915599823,0.4900999963283539,0.4950000047683716,13074.0
2024-09-16 14:35:00+00:00,GEVO,1.375,1.375,1.3799999952316284,1.375,1.375,3809.0
2024-09-16 14:35:00+00:00,GPRE,12.619999885559082,12.619999885559082,12.619999885559082,12.610099792480469,12.619999885559082,1434.0
2024-09-16 14:35:00+00:00,GSM,4.144999980926514,4.144999980926514,4.144999980926514,4.144999980926514,4.144999980926514,425.0
2024-09-16 14:35:00+00:00,GURE,0.960099995136261,0.960099995136261,0.960099995136261,0.960099995136261,0.960099995136261,16558.0
2024-09-16 14:35:00+00:00,LWLG,2.5385000705718994,2.5385000705718994,2.5385000705718994,2.5350000858306885,2.5350000858306885,1508.0
2024-09-16 14:35:00+00:00,MEOH,38.34000015258789,38.34000015258789,38.34000015258789,38.33000183105469,38.33000183105469,538.0
2024-09-16 14:35:00+00:00,MERC,6.309999942779541,6.309999942779541,6.309999942779541,6.309999942779541,6.309999942779541,408.0
2024-09-16 14:35:00+00:00,PAAS,21.3799991607666,21.3799991607666,21.3799991607666,21.3700008392334,21.375,3673.0
2024-09-16 14:35:00+00:00,PPTA,8.970000267028809,8.970000267028809,8.970000267028809,8.949999809265137,8.949999809265137,914.0
2024-09-16 14:35:00+00:00,RGLD,140.8300018310547,140.8300018310547,140.8300018310547,140.8300018310547,140.8300018310547,1667.0
2024-09-16 14:35:00+00:00,SGML,10.505000114440918,10.505000114440918,10.505000114440918,10.505000114440918,10.505000114440918,200.0
2024-09-16 14:35:00+00:00,SSRM,5.914999961853027,5.914999961853027,5.914999961853027,5.914999961853027,5.914999961853027,447.0
2024-09-16 14:35:00+00:00,STLD,111.2699966430664,111.2699966430664,111.28500366210938,111.25,111.28500366210938,2288.0
2024-09-16 14:35:00+00:00,TMC,1.1150000095367432,1.1150000095367432,1.1150000095367432,1.100000023841858,1.1100000143051147,8419.0
2024-09-16 14:35:00+00:00,USLM,85.1050033569336,85.1050033569336,85.1050033569336,85.1050033569336,85.1050033569336,187.0
2024-09-16 14:35:00+00:00,ZEUS,37.939998626708984,37.939998626708984,37.939998626708984,37.939998626708984,37.939998626708984,732.0
2024-09-16 14:35:00+00:00,ZKIN,0.4300999939441681,0.4300999939441681,0.4300999939441681,0.4300999939441681,0.4300999939441681,0.0
2024-09-16 14:36:00+00:00,CENX,14.140000343322754,14.140000343322754,14.140000343322754,14.140000343322754,14.140000343322754,655.0
2024-09-16 14:36:00+00:00,GEVO,1.375,1.375,1.3799999952316284,1.3701000213623047,1.375,9713.0
2024-09-16 14:36:00+00:00,GSM,4.150000095367432,4.150000095367432,4.150000095367432,4.150000095367432,4.150000095367432,200.0
2024-09-16 14:36:00+00:00,GURE,0.9700000286102295,0.9700000286102295,0.9700000286102295,0.9670000076293945,0.9670000076293945,200.0
2024-09-16 14:36:00+00:00,HDSN,7.864999771118164,7.864999771118164,7.864999771118164,7.864999771118164,7.864999771118164,516.0
2024-09-16 14:36:00+00:00,IOSP,109.69499969482422,109.69499969482422,109.69499969482422,109.69499969482422,109.69499969482422,269.0
2024-09-16 14:36:00+00:00,LWLG,2.5350000858306885,2.5350000858306885,2.5350000858306885,2.5350000858306885,2.5350000858306885,867.0
2024-09-16 14:36:00+00:00,MERC,6.315000057220459,6.315000057220459,6.315000057220459,6.315000057220459,6.315000057220459,491.0
2024-09-16 14:36:00+00:00,METC,9.819999694824219,9.819999694824219,9.819999694824219,9.819999694824219,9.819999694824219,2502.0
2024-09-16 14:36:00+00:00,PAAS,21.389999389648438,21.389999389648438,21.389999389648438,21.385000228881836,21.385000228881836,1542.0
2024-09-16 14:36:00+00:00,PPTA,8.989999771118164,8.989999771118164,8.989999771118164,8.989999771118164,8.989999771118164,356.0
2024-09-16 14:36:00+00:00,SGML,10.515000343322754,10.515000343322754,10.515000343322754,10.515000343322754,10.515000343322754,1139.0
2024-09-16 14:36:00+00:00,SSRM,5.909999847412109,5.909999847412109,5.920000076293945,5.909999847412109,5.920000076293945,1104.0
2024-09-16 14:36:00+00:00,STLD,111.2699966430664,111.2699966430664,111.29000091552734,111.26499938964844,111.2699966430664,1816.0
2024-09-16 14:36:00+00:00,TMC,1.1200000047683716,1.1200000047683716,1.1200000047683716,1.1100000143051147,1.1100000143051147,1084.0
2024-09-16 14:37:00+00:00,CENX,14.140000343322754,14.140000343322754,14.140000343322754,14.140000343322754,14.140000343322754,263.0
2024-09-16 14:37:00+00:00,GEVO,1.375,1.375,1.375,1.375,1.375,3120.0
2024-09-16 14:37:00+00:00,GPRE,12.620100021362305,12.620100021362305,12.620100021362305,12.620100021362305,12.620100021362305,1709.0
2024-09-16 14:37:00+00:00,GSM,4.144999980926514,4.144999980926514,4.144999980926514,4.144999980926514,4.144999980926514,801.0
2024-09-16 14:37:00+00:00,KALU,69.0,69.0,69.0,69.0,69.0,143.0
2024-09-16 14:37:00+00:00,MEOH,38.345001220703125,38.345001220703125,38.345001220703125,38.345001220703125,38.345001220703125,408.0
2024-09-16 14:37:00+00:00,PAAS,21.385000228881836,21.385000228881836,21.389999389648438,21.385000228881836,21.385000228881836,1593.0
2024-09-16 14:37:00+00:00,PPTA,8.989999771118164,8.989999771118164,8.989999771118164,8.989999771118164,8.989999771118164,392.0
2024-09-16 14:37:00+00:00,SSRM,5.914999961853027,5.914999961853027,5.914999961853027,5.914999961853027,5.914999961853027,592.0
2024-09-16 14:37:00+00:00,TMC,1.1100000143051147,1.1100000143051147,1.1100000143051147,1.1100000143051147,1.1100000143051147,16253.0
2024-09-16 14:37:00+00:00,USLM,85.1050033569336,85.1050033569336,85.1050033569336,85.1050033569336,85.1050033569336,776.0
2024-09-16 14:38:00+00:00,ALTO,1.625,1.625,1.625,1.625,1.625,438.0
2024-09-16 14:38:00+00:00,CENX,14.119999885559082,14.119999885559082,14.130000114440918,14.119999885559082,14.130000114440918,1307.0
2024-09-16 14:38:00+00:00,CNEY,0.47540000081062317,0.47540000081062317,0.4803999960422516,0.47540000081062317,0.48030000925064087,196715.0
2024-09-16 14:38:00+00:00,CRKN,1.3799999952316284,1.3799999952316284,1.3799999952316284,1.3799999952316284,1.3799999952316284,6581.0
2024-09-16 14:38:00+00:00,GEVO,1.375,1.375,1.378999948501587,1.375,1.375,1055.0
2024-09-16 14:38:00+00:00,GPRE,12.609999656677246,12.609999656677246,12.630000114440918,12.609999656677246,12.630000114440918,1541.0
2024-09-16 14:38:00+00:00,GSM,4.144999980926514,4.144999980926514,4.150000095367432,4.144999980926514,4.150000095367432,2557.0
2024-09-16 14:38:00+00:00,GURE,0.9700000286102295,0.9700000286102295,0.9700000286102295,0.9700000286102295,0.9700000286102295,1050.0
2024-09-16 14:38:00+00:00,HYMC,2.6700000762939453,2.6700000762939453,2.6700000762939453,2.6700000762939453,2.6700000762939453,444.0
2024-09-16 14:38:00+00:00,MEOH,38.29999923706055,38.29999923706055,38.31999969482422,38.29999923706055,38.31999969482422,322.0
2024-09-16 14:38:00+00:00,MERC,6.309999942779541,6.309999942779541,6.309999942779541,6.309999942779541,6.309999942779541,380.0
2024-09-16 14:38:00+00:00,METC,9.805000305175781,9.805000305175781,9.817000389099121,9.805000305175781,9.817000389099121,716.0
2024-09-16 14:38:00+00:00,PAAS,21.375,21.375,21.385000228881836,21.375,21.385000228881836,3258.0
2024-09-16 14:38:00+00:00,PLL,7.130000114440918,7.130000114440918,7.142499923706055,7.130000114440918,7.139999866485596,1156.0
2024-09-16 14:38:00+00:00,PPTA,9.0,9.0,9.0,9.0,9.0,17.0
2024-09-16 14:38:00+00:00,RGLD,140.72000122070312,140.72000122070312,140.77000427246094,140.72000122070312,140.77000427246094,624.0
2024-09-16 14:38:00+00:00,SMID,35.18000030517578,35.18000030517578,35.18000030517578,35.18000030517578,35.18000030517578,16069.0
2024-09-16 14:38:00+00:00,SSRM,5.914999961853027,5.914999961853027,5.920000076293945,5.914999961853027,5.914999961853027,758.0
2024-09-16 14:38:00+00:00,STLD,111.2300033569336,111.2300033569336,111.23500061035156,111.2300033569336,111.23500061035156,4730.0
2024-09-16 14:38:00+00:00,TMC,1.1100000143051147,1.1100000143051147,1.1100000143051147,1.1100000143051147,1.1100000143051147,3296.0
2024-09-16 14:38:00+00:00,UFPI,123.19999694824219,123.19999694824219,123.19999694824219,123.19999694824219,123.19999694824219,314.0
2024-09-16 14:39:00+00:00,ALTO,1.625,1.625,1.625,1.625,1.625,900.0
2024-09-16 14:39:00+00:00,CENX,14.149999618530273,14.149999618530273,14.149999618530273,14.119999885559082,14.119999885559082,1874.0
2024-09-16 14:39:00+00:00,CNEY,0.47999998927116394,0.47999998927116394,0.47999998927116394,0.4799000024795532,0.47999998927116394,6057.0
2024-09-16 14:39:00+00:00,GEVO,1.3799999952316284,1.3799999952316284,1.3799999952316284,1.3700000047683716,1.3795000314712524,74166.0
2024-09-16 14:39:00+00:00,GPRE,12.619999885559082,12.619999885559082,12.625,12.609999656677246,12.609999656677246,2889.0
2024-09-16 14:39:00+00:00,GSM,4.144999980926514,4.144999980926514,4.150000095367432,4.144999980926514,4.150000095367432,17100.0
2024-09-16 14:39:00+00:00,KALU,68.88999938964844,68.88999938964844,68.88999938964844,68.88999938964844,68.88999938964844,493.0
2024-09-16 14:39:00+00:00,MEOH,38.334999084472656,38.334999084472656,38.334999084472656,38.31999969482422,38.31999969482422,1234.0
2024-09-16 14:39:00+00:00,MERC,6.309999942779541,6.309999942779541,6.309999942779541,6.309999942779541,6.309999942779541,770.0
2024-09-16 14:39:00+00:00,METC,9.805000305175781,9.805000305175781,9.807499885559082,9.805000305175781,9.807499885559082,378.0
2024-09-16 14:39:00+00:00,PAAS,21.385000228881836,21.385000228881836,21.389999389648438,21.3799991607666,21.3799991607666,1286.0
2024-09-16 14:39:00+00:00,PLL,7.150000095367432,7.150000095367432,7.150000095367432,7.150000095367432,7.150000095367432,1577.0
2024-09-16 14:39:00+00:00,PPTA,8.979999542236328,8.979999542236328,8.979999542236328,8.979999542236328,8.979999542236328,542.0
2024-09-16 14:39:00+00:00,RGLD,140.72000122070312,140.72000122070312,140.72000122070312,140.72000122070312,140.72000122070312,246.0
2024-09-16 14:39:00+00:00,SGML,10.53499984741211,10.53499984741211,10.53499984741211,10.53499984741211,10.53499984741211,440.0
2024-09-16 14:39:00+00:00,SSRM,5.914999961853027,5.914999961853027,5.920000076293945,5.914999961853027,5.914999961853027,931.0
2024-09-16 14:39:00+00:00,STLD,111.30999755859375,111.30999755859375,111.30999755859375,111.23999786376953,111.23999786376953,2820.0
2024-09-16 14:39:00+00:00,ZEUS,37.90999984741211,37.90999984741211,37.90999984741211,37.90999984741211,37.90999984741211,757.0
2024-09-16 14:40:00+00:00,ALTO,1.625,1.625,1.625,1.625,1.625,204.0
2024-09-16 14:40:00+00:00,AREC,0.49000000953674316,0.49000000953674316,0.49000000953674316,0.49000000953674316,0.49000000953674316,561.0
2024-09-16 14:40:00+00:00,BIOX,8.609999656677246,8.609999656677246,8.609999656677246,8.609999656677246,8.609999656677246,260.0
2024-09-16 14:40:00+00:00,CENX,14.140000343322754,14.140000343322754,14.145000457763672,14.140000343322754,14.145000457763672,1045.0
2024-09-16 14:40:00+00:00,CNEY,0.48989999294281006,0.48989999294281006,0.49000000953674316,0.47999998927116394,0.48249998688697815,13300.0
2024-09-16 14:40:00+00:00,CRKN,1.389799952507019,1.389799952507019,1.389799952507019,1.389799952507019,1.389799952507019,263.0
2024-09-16 14:40:00+00:00,GEVO,1.379699945449829,1.379699945449829,1.3799999952316284,1.3700000047683716,1.3799999952316284,24240.0
2024-09-16 14:40:00+00:00,GPRE,12.628999710083008,12.628999710083008,12.628999710083008,12.628999710083008,12.628999710083008,402.0
2024-09-16 14:40:00+00:00,GSM,4.144999980926514,4.144999980926514,4.144999980926514,4.144999980926514,4.144999980926514,734.0
2024-09-16 14:40:00+00:00,HWKN,117.31999969482422,117.31999969482422,117.31999969482422,117.16500091552734,117.16500091552734,567.0
2024-09-16 14:40:00+00:00,LGO,1.7200000286102295,1.7200000286102295,1.7300000190734863,1.7200000286102295,1.722000002861023,3016.0
2024-09-16 14:40:00+00:00,MEOH,38.29999923706055,38.29999923706055,38.310001373291016,38.29999923706055,38.310001373291016,1296.0
2024-09-16 14:40:00+00:00,MERC,6.309999942779541,6.309999942779541,6.309999942779541,6.309999942779541,6.309999942779541,222.0
2024-09-16 14:40:00+00:00,METC,9.805000305175781,9.805000305175781,9.819999694824219,9.805000305175781,9.8100004196167,797.0
2024-09-16 14:40:00+00:00,PAAS,21.385000228881836,21.385000228881836,21.389999389648438,21.3799991607666,21.385000228881836,7997.0
2024-09-16 14:40:00+00:00,PLL,7.150000095367432,7.150000095367432,7.150000095367432,7.150000095367432,7.150000095367432,241.0
2024-09-16 14:40:00+00:00,RGLD,140.72000122070312,140.72000122070312,140.72000122070312,140.72000122070312,140.72000122070312,921.0
2024-09-16 14:40:00+00:00,SGML,10.53499984741211,10.53499984741211,10.539999961853027,10.53499984741211,10.539999961853027,204.0
2024-09-16 14:40:00+00:00,SSRM,5.909999847412109,5.909999847412109,5.914999961853027,5.909999847412109,5.914999961853027,5260.0
2024-09-16 14:40:00+00:00,STLD,111.31999969482422,111.31999969482422,111.36000061035156,111.31999969482422,111.31999969482422,2273.0
2024-09-16 14:40:00+00:00,TMC,1.1150000095367432,1.1150000095367432,1.1150000095367432,1.1150000095367432,1.1150000095367432,4422.0
2024-09-16 14:41:00+00:00,ASTL,10.225000381469727,10.225000381469727,10.229999542236328,10.222000122070312,10.225000381469727,1658.0
2024-09-16 14:41:00+00:00,BIOX,8.609999656677246,8.609999656677246,8.609999656677246,8.600000381469727,8.604999542236328,2585.0
2024-09-16 14:41:00+00:00,CENX,14.140000343322754,14.140000343322754,14.140000343322754,14.140000343322754,14.140000343322754,987.0
2024-09-16 14:41:00+00:00,CNEY,0.49000000953674316,0.49000000953674316,0.49000000953674316,0.48989999294281006,0.49000000953674316,8160.0
2024-09-16 14:41:00+00:00,GEVO,1.3799999952316284,1.3799999952316284,1.3799999952316284,1.375,1.3799999952316284,14368.0
2024-09-16 14:41:00+00:00,GPRE,12.630000114440918,12.630000114440918,12.630000114440918,12.625,12.630000114440918,1443.0
2024-09-16 14:41:00+00:00,GSM,4.144999980926514,4.144999980926514,4.150000095367432,4.144999980926514,4.144999980926514,620.0
2024-09-16 14:41:00+00:00,LWLG,2.5450000762939453,2.5450000762939453,2.5450000762939453,2.5399999618530273,2.5399999618530273,6125.0
2024-09-16 14:41:00+00:00,MERC,6.315000057220459,6.315000057220459,6.320000171661377,6.315000057220459,6.320000171661377,3071.0
2024-09-16 14:41:00+00:00,METC,9.819999694824219,9.819999694824219,9.819999694824219,9.819999694824219,9.819999694824219,237.0
2024-09-16 14:41:00+00:00,PAAS,21.389999389648438,21.389999389648438,21.389999389648438,21.375,21.375,2517.0
2024-09-16 14:41:00+00:00,PLL,7.159999847412109,7.159999847412109,7.159999847412109,7.150000095367432,7.150000095367432,490.0
2024-09-16 14:41:00+00:00,SGML,10.545000076293945,10.545000076293945,10.545000076293945,10.539999961853027,10.539999961853027,507.0
2024-09-16 14:41:00+00:00,SSRM,5.920000076293945,5.920000076293945,5.920000076293945,5.909999847412109,5.909999847412109,3703.0
2024-09-16 14:41:00+00:00,STLD,111.2699966430664,111.2699966430664,111.2699966430664,111.2699966430664,111.2699966430664,873.0
2024-09-16 14:41:00+00:00,TMC,1.1100000143051147,1.1100000143051147,1.1150000095367432,1.1100000143051147,1.1150000095367432,5869.0
2024-09-16 14:41:00+00:00,UFPI,123.25,123.25,123.32499694824219,123.25,123.32499694824219,455.0
2024-09-16 14:42:00+00:00,ASTL,10.199999809265137,10.199999809265137,10.220000267028809,10.199999809265137,10.220000267028809,3626.0
2024-09-16 14:42:00+00:00,BIOX,8.600000381469727,8.600000381469727,8.600000381469727,8.600000381469727,8.600000381469727,955.0
2024-09-16 14:42:00+00:00,CENX,14.15999984741211,14.15999984741211,14.15999984741211,14.140000343322754,14.145000457763672,1997.0
2024-09-16 14:42:00+00:00,CNEY,0.47999998927116394,0.47999998927116394,0.4894999861717224,0.47999998927116394,0.4894999861717224,6210.0
2024-09-16 14:42:00+00:00,GEVO,1.3799999952316284,1.3799999952316284,1.3799999952316284,1.375,1.375,11221.0
2024-09-16 14:42:00+00:00,GPRE,12.640000343322754,12.640000343322754,12.640000343322754,12.625,12.625,1418.0
2024-09-16 14:42:00+00:00,GSM,4.144999980926514,4.144999980926514,4.150000095367432,4.1402997970581055,4.144999980926514,5804.0
2024-09-16 14:42:00+00:00,HDSN,7.855000019073486,7.855000019073486,7.860899925231934,7.855000019073486,7.860899925231934,2802.0
2024-09-16 14:42:00+00:00,HUDI,1.9900000095367432,1.9900000095367432,1.9900000095367432,1.9900000095367432,1.9900000095367432,150.0
2024-09-16 14:42:00+00:00,HWKN,117.30500030517578,117.30500030517578,117.44999694824219,117.30500030517578,117.41000366210938,2070.0
2024-09-16 14:42:00+00:00,HYMC,2.6700000762939453,2.6700000762939453,2.6700000762939453,2.6510000228881836,2.6510000228881836,613.0
2024-09-16 14:42:00+00:00,IOSP,109.5999984741211,109.5999984741211,109.5999984741211,109.5999984741211,109.5999984741211,316.0
2024-09-16 14:42:00+00:00,LWLG,2.5316998958587646,2.5316998958587646,2.5450000762939453,2.5316998958587646,2.5450000762939453,1741.0
2024-09-16 14:42:00+00:00,MEOH,38.310001373291016,38.310001373291016,38.310001373291016,38.290000915527344,38.290000915527344,203.0
2024-09-16 14:42:00+00:00,MERC,6.315000057220459,6.315000057220459,6.315000057220459,6.315000057220459,6.315000057220459,777.0
2024-09-16 14:42:00+00:00,METC,9.805000305175781,9.805000305175781,9.805000305175781,9.789999961853027,9.789999961853027,392.0
2024-09-16 14:42:00+00:00,PAAS,21.3700008392334,21.3700008392334,21.389999389648438,21.364999771118164,21.389999389648438,4564.0
2024-09-16 14:42:00+00:00,PLL,7.159999847412109,7.159999847412109,7.159999847412109,7.159999847412109,7.159999847412109,802.0
2024-09-16 14:42:00+00:00,PPTA,8.970000267028809,8.970000267028809,8.970000267028809,8.960000038146973,8.960000038146973,3433.0
2024-09-16 14:42:00+00:00,RGLD,140.64999389648438,140.64999389648438,140.64999389648438,140.64999389648438,140.64999389648438,687.0
2024-09-16 14:42:00+00:00,SGML,10.53499984741211,10.53499984741211,10.539999961853027,10.53499984741211,10.539999961853027,2233.0
2024-09-16 14:42:00+00:00,SSRM,5.914999961853027,5.914999961853027,5.920000076293945,5.914999961853027,5.920000076293945,463.0
2024-09-16 14:42:00+00:00,STLD,111.20500183105469,111.20500183105469,111.23999786376953,111.0999984741211,111.23999786376953,5870.0
2024-09-16 14:42:00+00:00,TMC,1.1100000143051147,1.1100000143051147,1.1100000143051147,1.1100000143051147,1.1100000143051147,2723.0
2024-09-16 14:42:00+00:00,UFPI,123.18000030517578,123.18000030517578,123.2300033569336,123.16999816894531,123.2300033569336,1864.0
2024-09-16 14:42:00+00:00,USAP,36.91999816894531,36.91999816894531,36.91999816894531,36.91999816894531,36.91999816894531,588.0
2024-09-16 14:42:00+00:00,ZEUS,37.939998626708984,37.939998626708984,37.970001220703125,37.939998626708984,37.970001220703125,880.0
2024-09-16 14:43:00+00:00,CENX,14.15999984741211,14.15999984741211,14.164999961853027,14.15999984741211,14.164999961853027,1180.0
2024-09-16 14:43:00+00:00,CNEY,0.4797999858856201,0.4797999858856201,0.4893999993801117,0.4796000123023987,0.4893999993801117,23505.0
2024-09-16 14:43:00+00:00,GEVO,1.3700000047683716,1.3700000047683716,1.3799999952316284,1.3700000047683716,1.3799999952316284,50633.0
2024-09-16 14:43:00+00:00,GPRE,12.640000343322754,12.640000343322754,12.649999618530273,12.640000343322754,12.649999618530273,479.0
2024-09-16 14:43:00+00:00,GSM,4.140100002288818,4.140100002288818,4.140100002288818,4.140100002288818,4.140100002288818,0.0
2024-09-16 14:43:00+00:00,LWLG,2.5399999618530273,2.5399999618530273,2.5399999618530273,2.5399999618530273,2.5399999618530273,661.0
2024-09-16 14:43:00+00:00,MEOH,38.314998626708984,38.314998626708984,38.314998626708984,38.290000915527344,38.290000915527344,442.0
2024-09-16 14:43:00+00:00,MERC,6.340000152587891,6.340000152587891,6.340000152587891,6.315000057220459,6.315000057220459,7765.0
2024-09-16 14:43:00+00:00,METC,9.819899559020996,9.819899559020996,9.819899559020996,9.819899559020996,9.819899559020996,334.0
2024-09-16 14:43:00+00:00,PAAS,21.3700008392334,21.3700008392334,21.379899978637695,21.3700008392334,21.3700008392334,4915.0
2024-09-16 14:43:00+00:00,PLL,7.159999847412109,7.159999847412109,7.159999847412109,7.159999847412109,7.159999847412109,245.0
2024-09-16 14:43:00+00:00,RGLD,140.75,140.75,140.75,140.75,140.75,102.0
2024-09-16 14:43:00+00:00,SGML,10.53499984741211,10.53499984741211,10.53499984741211,10.53499984741211,10.53499984741211,384.0
2024-09-16 14:43:00+00:00,SSRM,5.914999961853027,5.914999961853027,5.920000076293945,5.914999961853027,5.920000076293945,800.0
2024-09-16 14:43:00+00:00,TMC,1.1150000095367432,1.1150000095367432,1.1150000095367432,1.1150000095367432,1.1150000095367432,1858.0
2024-09-16 14:43:00+00:00,ZEUS,37.91999816894531,37.91999816894531,37.93000030517578,37.91999816894531,37.93000030517578,1457.0
2024-09-16 14:44:00+00:00,ASTL,10.210000038146973,10.210000038146973,10.210000038146973,10.199999809265137,10.20199966430664,5642.0
2024-09-16 14:44:00+00:00,CENX,14.164999961853027,14.164999961853027,14.164999961853027,14.15999984741211,14.15999984741211,913.0
2024-09-16 14:44:00+00:00,CNEY,0.489300012588501,0.489300012588501,0.4893999993801117,0.47620001435279846,0.4797999858856201,18390.0
2024-09-16 14:44:00+00:00,GEVO,1.3799999952316284,1.3799999952316284,1.3799999952316284,1.3710999488830566,1.3710999488830566,7766.0
2024-09-16 14:44:00+00:00,GPRE,12.630000114440918,12.630000114440918,12.630000114440918,12.630000114440918,12.630000114440918,256.0
2024-09-16 14:44:00+00:00,GSM,4.144999980926514,4.144999980926514,4.150000095367432,4.144999980926514,4.150000095367432,2877.0
2024-09-16 14:44:00+00:00,IOSP,109.66500091552734,109.66500091552734,109.66500091552734,109.66500091552734,109.66500091552734,198.0
2024-09-16 14:44:00+00:00,MEOH,38.31999969482422,38.31999969482422,38.31999969482422,38.290000915527344,38.290000915527344,368.0
2024-09-16 14:44:00+00:00,MERC,6.335000038146973,6.335000038146973,6.335000038146973,6.335000038146973,6.335000038146973,420.0
2024-09-16 14:44:00+00:00,METC,9.819999694824219,9.819999694824219,9.819999694824219,9.805000305175781,9.805000305175781,702.0
2024-09-16 14:44:00+00:00,ORGN,1.5800000429153442,1.5800000429153442,1.5800000429153442,1.565000057220459,1.5700000524520874,42076.0
2024-09-16 14:44:00+00:00,PAAS,21.3799991607666,21.3799991607666,21.3799991607666,21.364999771118164,21.3700008392334,4854.0
2024-09-16 14:44:00+00:00,RGLD,140.75,140.75,140.8300018310547,140.75,140.7899932861328,733.0
2024-09-16 14:44:00+00:00,SGML,10.53499984741211,10.53499984741211,10.53499984741211,10.53499984741211,10.53499984741211,118.0
2024-09-16 14:44:00+00:00,SSRM,5.925000190734863,5.925000190734863,5.925000190734863,5.909999847412109,5.914999961853027,3485.0
2024-09-16 14:44:00+00:00,STLD,111.16000366210938,111.16000366210938,111.16000366210938,111.16000366210938,111.16000366210938,241.0
2024-09-16 14:44:00+00:00,TMC,1.100000023841858,1.100000023841858,1.1100000143051147,1.100000023841858,1.1100000143051147,3600.0
2024-09-16 14:45:00+00:00,ASTL,10.199999809265137,10.199999809265137,10.199999809265137,10.199999809265137,10.199999809265137,2247.0
2024-09-16 14:45:00+00:00,BIOX,8.600000381469727,8.600000381469727,8.600000381469727,8.595000267028809,8.600000381469727,773.0
2024-09-16 14:45:00+00:00,CENX,14.149999618530273,14.149999618530273,14.164999961853027,14.149999618530273,14.164999961853027,1288.0
2024-09-16 14:45:00+00:00,CNEY,0.48910000920295715,0.48910000920295715,0.4893999993801117,0.48019999265670776,0.48899999260902405,4154.0
2024-09-16 14:45:00+00:00,CRKN,1.3899999856948853,1.3899999856948853,1.3899999856948853,1.3808000087738037,1.3808000087738037,627.0
2024-09-16 14:45:00+00:00,GEVO,1.3799999952316284,1.3799999952316284,1.3799999952316284,1.3701000213623047,1.3701000213623047,3628.0
2024-09-16 14:45:00+00:00,GPRE,12.630000114440918,12.630000114440918,12.640000343322754,12.630000114440918,12.630000114440918,4991.0
2024-09-16 14:45:00+00:00,GSM,4.144999980926514,4.144999980926514,4.144999980926514,4.144999980926514,4.144999980926514,253.0
2024-09-16 14:45:00+00:00,HDSN,7.855000019073486,7.855000019073486,7.860000133514404,7.855000019073486,7.855000019073486,995.0
2024-09-16 14:45:00+00:00,MEOH,38.29999923706055,38.29999923706055,38.29999923706055,38.29999923706055,38.29999923706055,501.0
2024-09-16 14:45:00+00:00,MERC,6.320000171661377,6.320000171661377,6.340000152587891,6.315000057220459,6.335000038146973,11747.0
2024-09-16 14:45:00+00:00,ORGN,1.5850000381469727,1.5850000381469727,1.5850000381469727,1.5850000381469727,1.5850000381469727,6565.0
2024-09-16 14:45:00+00:00,PAAS,21.364999771118164,21.364999771118164,21.3799991607666,21.360000610351562,21.375,14884.0
2024-09-16 14:45:00+00:00,PPTA,8.989999771118164,8.989999771118164,8.989999771118164,8.989999771118164,8.989999771118164,207.0
2024-09-16 14:45:00+00:00,RGLD,140.75,140.75,140.75,140.75,140.75,357.0
2024-09-16 14:45:00+00:00,SGML,10.529999732971191,10.529999732971191,10.53499984741211,10.529999732971191,10.53499984741211,1419.0
2024-09-16 14:45:00+00:00,SSRM,5.914999961853027,5.914999961853027,5.925000190734863,5.914999961853027,5.925000190734863,2464.0
2024-09-16 14:45:00+00:00,STLD,111.09500122070312,111.09500122070312,111.16999816894531,111.09500122070312,111.16000366210938,5117.0
2024-09-16 14:45:00+00:00,TMC,1.0954999923706055,1.0954999923706055,1.100000023841858,1.0954999923706055,1.100000023841858,7183.0
2024-09-16 14:46:00+00:00,ACNT,9.239999771118164,9.239999771118164,9.239999771118164,9.239999771118164,9.239999771118164,115.0
2024-09-16 14:46:00+00:00,AREC,0.49000000953674316,0.49000000953674316,0.49000000953674316,0.49000000953674316,0.49000000953674316,200.0
2024-09-16 14:46:00+00:00,ASTL,10.199999809265137,10.199999809265137,10.199999809265137,10.199999809265137,10.199999809265137,251.0
2024-09-16 14:46:00+00:00,CENX,14.15999984741211,14.15999984741211,14.15999984741211,14.15999984741211,14.15999984741211,501.0
2024-09-16 14:46:00+00:00,CNEY,0.4844000041484833,0.4844000041484833,0.48910000920295715,0.48010000586509705,0.48100000619888306,21291.0
2024-09-16 14:46:00+00:00,CRKN,1.3801000118255615,1.3801000118255615,1.3801000118255615,1.3801000118255615,1.3801000118255615,393.0
2024-09-16 14:46:00+00:00,GEVO,1.3799999952316284,1.3799999952316284,1.3799999952316284,1.3701000213623047,1.3798999786376953,4527.0
2024-09-16 14:46:00+00:00,GPRE,12.630000114440918,12.630000114440918,12.630000114440918,12.614999771118164,12.619999885559082,2211.0
2024-09-16 14:46:00+00:00,HDSN,7.860000133514404,7.860000133514404,7.860000133514404,7.860000133514404,7.860000133514404,195.0
2024-09-16 14:46:00+00:00,MERC,6.360000133514404,6.360000133514404,6.369999885559082,6.329999923706055,6.329999923706055,16478.0
2024-09-16 14:46:00+00:00,METC,9.805000305175781,9.805000305175781,9.805000305175781,9.805000305175781,9.805000305175781,914.0
2024-09-16 14:46:00+00:00,ORGN,1.5850000381469727,1.5850000381469727,1.5891000032424927,1.5850000381469727,1.5891000032424927,1307.0
2024-09-16 14:46:00+00:00,PAAS,21.3799991607666,21.3799991607666,21.3799991607666,21.360000610351562,21.360000610351562,3227.0
2024-09-16 14:46:00+00:00,PLL,7.15500020980835,7.15500020980835,7.170000076293945,7.15500020980835,7.159999847412109,1194.0
2024-09-16 14:46:00+00:00,PPTA,8.979999542236328,8.979999542236328,8.979999542236328,8.979999542236328,8.979999542236328,482.0
2024-09-16 14:46:00+00:00,SGML,10.5600004196167,10.5600004196167,10.569999694824219,10.524999618530273,10.524999618530273,3387.0
2024-09-16 14:46:00+00:00,SSRM,5.925000190734863,5.925000190734863,5.925000190734863,5.920000076293945,5.920000076293945,1982.0
2024-09-16 14:46:00+00:00,STLD,111.09500122070312,111.09500122070312,111.09500122070312,111.09500122070312,111.09500122070312,640.0
2024-09-16 14:46:00+00:00,TMC,1.090000033378601,1.090000033378601,1.0950000286102295,1.090000033378601,1.090000033378601,4547.0
2024-09-16 14:46:00+00:00,USAP,36.91999816894531,36.91999816894531,36.91999816894531,36.88999938964844,36.900001525878906,983.0
2024-09-16 14:46:00+00:00,USAU,5.784999847412109,5.784999847412109,5.784999847412109,5.784999847412109,5.784999847412109,255.0
2024-09-16 14:46:00+00:00,ZEUS,37.915000915527344,37.915000915527344,37.915000915527344,37.915000915527344,37.915000915527344,224.0
2024-09-16 14:47:00+00:00,CENX,14.1850004196167,14.1850004196167,14.1850004196167,14.170000076293945,14.170000076293945,1223.0
2024-09-16 14:47:00+00:00,CNEY,0.48010000586509705,0.48010000586509705,0.48890000581741333,0.48010000586509705,0.48010000586509705,7540.0
2024-09-16 14:47:00+00:00,GEVO,1.375,1.375,1.3788000345230103,1.371999979019165,1.371999979019165,5134.0
2024-09-16 14:47:00+00:00,GPRE,12.630000114440918,12.630000114440918,12.640000343322754,12.630000114440918,12.630000114440918,1760.0
2024-09-16 14:47:00+00:00,GSM,4.144999980926514,4.144999980926514,4.144999980926514,4.139999866485596,4.144999980926514,1444.0
2024-09-16 14:47:00+00:00,HDSN,7.860000133514404,7.860000133514404,7.860000133514404,7.860000133514404,7.860000133514404,255.0
2024-09-16 14:47:00+00:00,IOSP,109.79000091552734,109.79000091552734,109.79000091552734,109.79000091552734,109.79000091552734,1419.0
2024-09-16 14:47:00+00:00,MEOH,38.31999969482422,38.31999969482422,38.31999969482422,38.31999969482422,38.31999969482422,718.0
2024-09-16 14:47:00+00:00,MERC,6.360000133514404,6.360000133514404,6.360000133514404,6.349999904632568,6.349999904632568,1991.0
2024-09-16 14:47:00+00:00,ORGN,1.5850000381469727,1.5850000381469727,1.5850000381469727,1.5850000381469727,1.5850000381469727,527.0
2024-09-16 14:47:00+00:00,PAAS,21.389999389648438,21.389999389648438,21.399999618530273,21.3799991607666,21.3799991607666,3255.0
2024-09-16 14:47:00+00:00,RGLD,140.7550048828125,140.7550048828125,140.83990478515625,140.7550048828125,140.83990478515625,606.0
2024-09-16 14:47:00+00:00,SGML,10.550000190734863,10.550000190734863,10.550000190734863,10.550000190734863,10.550000190734863,604.0
2024-09-16 14:47:00+00:00,SSRM,5.920000076293945,5.920000076293945,5.929999828338623,5.920000076293945,5.925000190734863,951.0
2024-09-16 14:47:00+00:00,STLD,111.09500122070312,111.09500122070312,111.09500122070312,111.09500122070312,111.09500122070312,580.0
2024-09-16 14:47:00+00:00,TMC,1.090999960899353,1.090999960899353,1.0950000286102295,1.090000033378601,1.0916999578475952,4799.0
2024-09-16 14:47:00+00:00,UFPI,123.2300033569336,123.2300033569336,123.27999877929688,123.2300033569336,123.27999877929688,764.0
2024-09-16 14:47:00+00:00,USAU,5.806600093841553,5.806600093841553,5.806600093841553,5.806600093841553,5.806600093841553,1005.0
2024-09-16 14:47:00+00:00,ZEUS,37.939998626708984,37.939998626708984,37.939998626708984,37.939998626708984,37.939998626708984,165.0
2024-09-16 14:48:00+00:00,ASTL,10.220000267028809,10.220000267028809,10.220000267028809,10.210000038146973,10.210000038146973,740.0
2024-09-16 14:48:00+00:00,CENX,14.199999809265137,14.199999809265137,14.199999809265137,14.1899995803833,14.194999694824219,1839.0
2024-09-16 14:48:00+00:00,CNEY,0.4763999879360199,0.4763999879360199,0.48010000586509705,0.4763000011444092,0.47999998927116394,8623.0
2024-09-16 14:48:00+00:00,GEVO,1.3799999952316284,1.3799999952316284,1.3799999952316284,1.3705999851226807,1.375,9754.0
2024-09-16 14:48:00+00:00,GPRE,12.649999618530273,12.649999618530273,12.649999618530273,12.640000343322754,12.640000343322754,1613.0
2024-09-16 14:48:00+00:00,GSM,4.144999980926514,4.144999980926514,4.144999980926514,4.144999980926514,4.144999980926514,938.0
2024-09-16 14:48:00+00:00,HDSN,7.869999885559082,7.869999885559082,7.869999885559082,7.869999885559082,7.869999885559082,382.0
2024-09-16 14:48:00+00:00,KALU,68.80000305175781,68.80000305175781,68.80000305175781,68.80000305175781,68.80000305175781,131.0
2024-09-16 14:48:00+00:00,LGO,1.7200000286102295,1.7200000286102295,1.7200000286102295,1.7200000286102295,1.7200000286102295,594.0
2024-09-16 14:48:00+00:00,LWLG,2.5350000858306885,2.5350000858306885,2.5350000858306885,2.5350000858306885,2.5350000858306885,550.0
2024-09-16 14:48:00+00:00,MEOH,38.349998474121094,38.349998474121094,38.349998474121094,38.34000015258789,38.34000015258789,741.0
2024-09-16 14:48:00+00:00,MERC,6.360000133514404,6.360000133514404,6.360000133514404,6.360000133514404,6.360000133514404,2286.0
2024-09-16 14:48:00+00:00,METC,9.819999694824219,9.819999694824219,9.819999694824219,9.8100004196167,9.8100004196167,1729.0
2024-09-16 14:48:00+00:00,PAAS,21.399999618530273,21.399999618530273,21.399999618530273,21.393999099731445,21.395000457763672,2292.0
2024-09-16 14:48:00+00:00,PPTA,9.0,9.0,9.0,8.989999771118164,8.996399879455566,1099.0
2024-09-16 14:48:00+00:00,RGLD,140.7100067138672,140.7100067138672,140.7100067138672,140.7100067138672,140.7100067138672,1667.0
2024-09-16 14:48:00+00:00,SGML,10.555000305175781,10.555000305175781,10.555000305175781,10.555000305175781,10.555000305175781,6314.0
2024-09-16 14:48:00+00:00,SSRM,5.925000190734863,5.925000190734863,5.925000190734863,5.925000190734863,5.925000190734863,222.0
2024-09-16 14:48:00+00:00,STLD,111.13500213623047,111.13500213623047,111.13999938964844,111.09500122070312,111.09500122070312,3705.0
2024-09-16 14:48:00+00:00,TMC,1.0950000286102295,1.0950000286102295,1.0950000286102295,1.0950000286102295,1.0950000286102295,1193.0
2024-09-16 14:48:00+00:00,UFPI,123.33999633789062,123.33999633789062,123.33999633789062,123.33999633789062,123.33999633789062,693.0
2024-09-16 14:48:00+00:00,ZEUS,37.97999954223633,37.97999954223633,37.97999954223633,37.970001220703125,37.970001220703125,1131.0
2024-09-16 14:49:00+00:00,ALTO,1.625,1.625,1.6269999742507935,1.625,1.6269999742507935,3697.0
2024-09-16 14:49:00+00:00,ASTL,10.229999542236328,10.229999542236328,10.234999656677246,10.229999542236328,10.234999656677246,759.0
2024-09-16 14:49:00+00:00,BIOX,8.600000381469727,8.600000381469727,8.600099563598633,8.600000381469727,8.600000381469727,15020.0
2024-09-16 14:49:00+00:00,CENX,14.204999923706055,14.204999923706055,14.210000038146973,14.199999809265137,14.210000038146973,1317.0
2024-09-16 14:49:00+00:00,CNEY,0.478300005197525,0.478300005197525,0.478300005197525,0.4767000079154968,0.4767000079154968,396.0
2024-09-16 14:49:00+00:00,CRKN,1.3801000118255615,1.3801000118255615,1.3801000118255615,1.3801000118255615,1.3801000118255615,502.0
2024-09-16 14:49:00+00:00,GEVO,1.3799999952316284,1.3799999952316284,1.3799999952316284,1.3712999820709229,1.3799999952316284,3221.0
2024-09-16 14:49:00+00:00,GPRE,12.645000457763672,12.645000457763672,12.649999618530273,12.645000457763672,12.649999618530273,908.0
2024-09-16 14:49:00+00:00,GSM,4.144999980926514,4.144999980926514,4.150000095367432,4.144999980926514,4.150000095367432,311.0
2024-09-16 14:49:00+00:00,HDSN,7.880000114440918,7.880000114440918,7.880000114440918,7.880000114440918,7.880000114440918,150.0
2024-09-16 14:49:00+00:00,HWKN,117.56999969482422,117.56999969482422,117.56999969482422,117.56999969482422,117.56999969482422,331.0
2024-09-16 14:49:00+00:00,METC,9.819999694824219,9.819999694824219,9.819999694824219,9.819999694824219,9.819999694824219,1220.0
2024-09-16 14:49:00+00:00,PAAS,21.409799575805664,21.409799575805664,21.40999984741211,21.399999618530273,21.399999618530273,1354.0
2024-09-16 14:49:00+00:00,SSRM,5.929999828338623,5.929999828338623,5.929999828338623,5.925000190734863,5.925000190734863,590.0
2024-09-16 14:49:00+00:00,STLD,111.0999984741211,111.0999984741211,111.13999938964844,111.0999984741211,111.13999938964844,3652.0
2024-09-16 14:49:00+00:00,TMC,1.090000033378601,1.090000033378601,1.090000033378601,1.090000033378601,1.090000033378601,200.0
2024-09-16 14:49:00+00:00,USAP,37.099998474121094,37.099998474121094,37.099998474121094,37.099998474121094,37.099998474121094,593.0
2024-09-16 14:50:00+00:00,ASTL,10.225000381469727,10.225000381469727,10.225000381469727,10.225000381469727,10.225000381469727,102.0
2024-09-16 14:50:00+00:00,BCPC,172.25999450683594,172.25999450683594,172.25999450683594,172.25999450683594,172.25999450683594,505.0
2024-09-16 14:50:00+00:00,CENX,14.204999923706055,14.204999923706055,14.204999923706055,14.204999923706055,14.204999923706055,290.0
2024-09-16 14:50:00+00:00,CNEY,0.47999998927116394,0.47999998927116394,0.47999998927116394,0.47999998927116394,0.47999998927116394,3840.0
2024-09-16 14:50:00+00:00,GEVO,1.3799999952316284,1.3799999952316284,1.3799999952316284,1.3798999786376953,1.3799999952316284,4508.0
2024-09-16 14:50:00+00:00,GPRE,12.645000457763672,12.645000457763672,12.65999984741211,12.645000457763672,12.649999618530273,2653.0
2024-09-16 14:50:00+00:00,KALU,69.01000213623047,69.01000213623047,69.01000213623047,68.94999694824219,68.94999694824219,294.0
2024-09-16 14:50:00+00:00,MEOH,38.369998931884766,38.369998931884766,38.369998931884766,38.369998931884766,38.369998931884766,347.0
2024-09-16 14:50:00+00:00,METC,9.830300331115723,9.830300331115723,9.835000038146973,9.830300331115723,9.835000038146973,225.0
2024-09-16 14:50:00+00:00,ORGN,1.5850000381469727,1.5850000381469727,1.5850000381469727,1.5850000381469727,1.5850000381469727,2037.0
2024-09-16 14:50:00+00:00,PAAS,21.405000686645508,21.405000686645508,21.405000686645508,21.40399932861328,21.405000686645508,1775.0
2024-09-16 14:50:00+00:00,PLL,7.159999847412109,7.159999847412109,7.159999847412109,7.159999847412109,7.159999847412109,985.0
2024-09-16 14:50:00+00:00,PPTA,9.0,9.0,9.0,9.0,9.0,104.0
2024-09-16 14:50:00+00:00,SGML,10.5600004196167,10.5600004196167,10.5600004196167,10.5600004196167,10.5600004196167,1291.0
2024-09-16 14:50:00+00:00,SSRM,5.925000190734863,5.925000190734863,5.925000190734863,5.925000190734863,5.925000190734863,3774.0
2024-09-16 14:50:00+00:00,STLD,111.1050033569336,111.1050033569336,111.1050033569336,111.0999984741211,111.0999984741211,683.0
2024-09-16 14:50:00+00:00,TMC,1.090000033378601,1.090000033378601,1.0950000286102295,1.090000033378601,1.090000033378601,12344.0
2024-09-16 14:50:00+00:00,USAP,37.189998626708984,37.189998626708984,37.189998626708984,37.189998626708984,37.189998626708984,470.0
2024-09-16 14:51:00+00:00,ASTL,10.229999542236328,10.229999542236328,10.229999542236328,10.229999542236328,10.229999542236328,233.0
2024-09-16 14:51:00+00:00,BCPC,172.2899932861328,172.2899932861328,172.2899932861328,172.2899932861328,172.2899932861328,211.0
2024-09-16 14:51:00+00:00,BIOX,8.614999771118164,8.614999771118164,8.614999771118164,8.614999771118164,8.614999771118164,301.0
2024-09-16 14:51:00+00:00,CENX,14.180000305175781,14.180000305175781,14.210000038146973,14.180000305175781,14.210000038146973,4297.0
2024-09-16 14:51:00+00:00,CNEY,0.48899999260902405,0.48899999260902405,0.48910000920295715,0.47999998927116394,0.47999998927116394,2368.0
2024-09-16 14:51:00+00:00,GEVO,1.3798999786376953,1.3798999786376953,1.3799999952316284,1.3712999820709229,1.3798999786376953,4350.0
2024-09-16 14:51:00+00:00,GPRE,12.640000343322754,12.640000343322754,12.645000457763672,12.640000343322754,12.645000457763672,794.0
2024-09-16 14:51:00+00:00,GSM,4.144999980926514,4.144999980926514,4.144999980926514,4.144999980926514,4.144999980926514,920.0
2024-09-16 14:51:00+00:00,HDSN,7.880000114440918,7.880000114440918,7.880000114440918,7.880000114440918,7.880000114440918,264.0
2024-09-16 14:51:00+00:00,HWKN,117.70999908447266,117.70999908447266,117.70999908447266,117.70999908447266,117.70999908447266,136.0
2024-09-16 14:51:00+00:00,HYMC,2.690000057220459,2.690000057220459,2.690000057220459,2.690000057220459,2.690000057220459,200.0
2024-09-16 14:51:00+00:00,KALU,68.91999816894531,68.91999816894531,69.01000213623047,68.91999816894531,69.01000213623047,484.0
2024-09-16 14:51:00+00:00,LGO,1.7200000286102295,1.7200000286102295,1.7200000286102295,1.7200000286102295,1.7200000286102295,903.0
2024-09-16 14:51:00+00:00,MEOH,38.36000061035156,38.36000061035156,38.37200164794922,38.36000061035156,38.369998931884766,906.0
2024-09-16 14:51:00+00:00,MERC,6.349999904632568,6.349999904632568,6.349999904632568,6.349999904632568,6.349999904632568,758.0
2024-09-16 14:51:00+00:00,METC,9.850000381469727,9.850000381469727,9.850000381469727,9.835000038146973,9.835000038146973,1059.0
2024-09-16 14:51:00+00:00,PAAS,21.389999389648438,21.389999389648438,21.405000686645508,21.389999389648438,21.405000686645508,3737.0
2024-09-16 14:51:00+00:00,PPTA,9.0,9.0,9.0,9.0,9.0,347.0
2024-09-16 14:51:00+00:00,SGML,10.569000244140625,10.569000244140625,10.569000244140625,10.5600004196167,10.5600004196167,210.0
2024-09-16 14:51:00+00:00,SSRM,5.920000076293945,5.920000076293945,5.929999828338623,5.920000076293945,5.929999828338623,1855.0
2024-09-16 14:51:00+00:00,STLD,111.08000183105469,111.08000183105469,111.10070037841797,111.08000183105469,111.10070037841797,1757.0
2024-09-16 14:51:00+00:00,TMC,1.090000033378601,1.090000033378601,1.090000033378601,1.090000033378601,1.090000033378601,335.0
2024-09-16 14:51:00+00:00,ZKIN,0.4480000138282776,0.4480000138282776,0.45989999175071716,0.4480000138282776,0.45989999175071716,7832.0
2024-09-16 14:52:00+00:00,ASTL,10.229999542236328,10.229999542236328,10.229999542236328,10.229999542236328,10.229999542236328,280.0
2024-09-16 14:52:00+00:00,CENX,14.15999984741211,14.15999984741211,14.15999984741211,14.15999984741211,14.15999984741211,157.0
2024-09-16 14:52:00+00:00,CNEY,0.4880000054836273,0.4880000054836273,0.4880000054836273,0.4830000102519989,0.4830000102519989,300.0
2024-09-16 14:52:00+00:00,CRKN,1.3825000524520874,1.3825000524520874,1.3825000524520874,1.3825000524520874,1.3825000524520874,400.0
2024-09-16 14:52:00+00:00,GEVO,1.3799999952316284,1.3799999952316284,1.3799999952316284,1.3701000213623047,1.3799999952316284,4065.0
2024-09-16 14:52:00+00:00,GPRE,12.635000228881836,12.635000228881836,12.635000228881836,12.635000228881836,12.635000228881836,1209.0
2024-09-16 14:52:00+00:00,GSM,4.144999980926514,4.144999980926514,4.150000095367432,4.144999980926514,4.150000095367432,300.0
2024-09-16 14:52:00+00:00,HWKN,117.5250015258789,117.5250015258789,117.5250015258789,117.5250015258789,117.5250015258789,372.0
2024-09-16 14:52:00+00:00,LGO,1.7200000286102295,1.7200000286102295,1.7200000286102295,1.7200000286102295,1.7200000286102295,100.0
2024-09-16 14:52:00+00:00,LWLG,2.5399999618530273,2.5399999618530273,2.5399999618530273,2.5399999618530273,2.5399999618530273,11011.0
2024-09-16 14:52:00+00:00,MEOH,38.34000015258789,38.34000015258789,38.34000015258789,38.34000015258789,38.34000015258789,192.0
2024-09-16 14:52:00+00:00,MERC,6.340000152587891,6.340000152587891,6.340000152587891,6.340000152587891,6.340000152587891,482.0
2024-09-16 14:52:00+00:00,PAAS,21.3700008392334,21.3700008392334,21.385000228881836,21.3700008392334,21.385000228881836,2967.0
2024-09-16 14:52:00+00:00,PLL,7.150000095367432,7.150000095367432,7.150000095367432,7.150000095367432,7.150000095367432,1582.0
2024-09-16 14:52:00+00:00,SGML,10.574999809265137,10.574999809265137,10.574999809265137,10.5600004196167,10.5649995803833,1789.0
2024-09-16 14:52:00+00:00,SSRM,5.925000190734863,5.925000190734863,5.925000190734863,5.925000190734863,5.925000190734863,374.0
2024-09-16 14:52:00+00:00,STLD,111.08999633789062,111.08999633789062,111.0999984741211,111.08000183105469,111.08000183105469,3698.0
2024-09-16 14:52:00+00:00,TMC,1.0950000286102295,1.0950000286102295,1.0950000286102295,1.0950000286102295,1.0950000286102295,1257.0
2024-09-16 14:52:00+00:00,UFPI,123.41000366210938,123.41000366210938,123.41000366210938,123.41000366210938,123.41000366210938,656.0
2024-09-16 14:52:00+00:00,ZEUS,38.09000015258789,38.09000015258789,38.09000015258789,38.09000015258789,38.09000015258789,637.0
2024-09-16 14:53:00+00:00,ASTL,10.220000267028809,10.220000267028809,10.229999542236328,10.220000267028809,10.229999542236328,2362.0
2024-09-16 14:53:00+00:00,CENX,14.15999984741211,14.15999984741211,14.15999984741211,14.15999984741211,14.15999984741211,997.0
2024-09-16 14:53:00+00:00,CNEY,0.47999998927116394,0.47999998927116394,0.47999998927116394,0.47999998927116394,0.47999998927116394,2886.0
2024-09-16 14:53:00+00:00,CRKN,1.3799999952316284,1.3799999952316284,1.3799999952316284,1.3799999952316284,1.3799999952316284,3356.0
2024-09-16 14:53:00+00:00,GEVO,1.375,1.375,1.3799999952316284,1.3701000213623047,1.3799999952316284,16602.0
2024-09-16 14:53:00+00:00,GPRE,12.635000228881836,12.635000228881836,12.635000228881836,12.635000228881836,12.635000228881836,590.0
2024-09-16 14:53:00+00:00,GSM,4.144999980926514,4.144999980926514,4.150000095367432,4.144999980926514,4.150000095367432,500.0
2024-09-16 14:53:00+00:00,HDSN,7.880000114440918,7.880000114440918,7.880000114440918,7.880000114440918,7.880000114440918,660.0
2024-09-16 14:53:00+00:00,HWKN,117.38999938964844,117.38999938964844,117.38999938964844,117.38999938964844,117.38999938964844,860.0
2024-09-16 14:53:00+00:00,HYMC,2.6640000343322754,2.6640000343322754,2.6640000343322754,2.6640000343322754,2.6640000343322754,1.0
2024-09-16 14:53:00+00:00,LWLG,2.5350000858306885,2.5350000858306885,2.5385000705718994,2.5299999713897705,2.5350000858306885,1022.0
2024-09-16 14:53:00+00:00,MEOH,38.33000183105469,38.33000183105469,38.33000183105469,38.33000183105469,38.33000183105469,520.0
2024-09-16 14:53:00+00:00,MERC,6.340000152587891,6.340000152587891,6.340000152587891,6.340000152587891,6.340000152587891,1322.0
2024-09-16 14:53:00+00:00,METC,9.869999885559082,9.869999885559082,9.869999885559082,9.869999885559082,9.869999885559082,589.0
2024-09-16 14:53:00+00:00,PAAS,21.375,21.375,21.375,21.360000610351562,21.364999771118164,3023.0
2024-09-16 14:53:00+00:00,SSRM,5.929900169372559,5.929900169372559,5.929900169372559,5.914999961853027,5.920000076293945,7221.0
2024-09-16 14:53:00+00:00,STLD,111.08000183105469,111.08000183105469,111.08000183105469,111.08000183105469,111.08000183105469,350.0
2024-09-16 14:53:00+00:00,TMC,1.0999000072479248,1.0999000072479248,1.100000023841858,1.090000033378601,1.090000033378601,4950.0
2024-09-16 14:53:00+00:00,USAU,5.797999858856201,5.797999858856201,5.797999858856201,5.797999858856201,5.797999858856201,107.0
2024-09-16 14:53:00+00:00,ZKIN,0.45989999175071716,0.45989999175071716,0.45989999175071716,0.45989999175071716,0.45989999175071716,106.0
2024-09-16 14:54:00+00:00,CNEY,0.47999998927116394,0.47999998927116394,0.47999998927116394,0.47999998927116394,0.47999998927116394,1826.0
2024-09-16 14:54:00+00:00,CRKN,1.3849999904632568,1.3849999904632568,1.3849999904632568,1.3849999904632568,1.3849999904632568,10944.0
2024-09-16 14:54:00+00:00,GEVO,1.3799999952316284,1.3799999952316284,1.3799999952316284,1.3704999685287476,1.3704999685287476,30382.0
2024-09-16 14:54:00+00:00,GPRE,12.630000114440918,12.630000114440918,12.630000114440918,12.630000114440918,12.630000114440918,867.0
2024-09-16 14:54:00+00:00,GSM,4.150000095367432,4.150000095367432,4.150000095367432,4.150000095367432,4.150000095367432,119.0
2024-09-16 14:54:00+00:00,HDSN,7.880000114440918,7.880000114440918,7.880000114440918,7.880000114440918,7.880000114440918,817.0
2024-09-16 14:54:00+00:00,HWKN,117.31999969482422,117.31999969482422,117.31999969482422,117.31999969482422,117.31999969482422,420.0
2024-09-16 14:54:00+00:00,LWLG,2.5344998836517334,2.5344998836517334,2.5399999618530273,2.5309998989105225,2.5350000858306885,7887.0
2024-09-16 14:54:00+00:00,MEOH,38.310001373291016,38.310001373291016,38.33000183105469,38.310001373291016,38.33000183105469,1379.0
2024-09-16 14:54:00+00:00,MERC,6.34499979019165,6.34499979019165,6.349999904632568,6.340000152587891,6.340000152587891,2407.0
2024-09-16 14:54:00+00:00,METC,9.854999542236328,9.854999542236328,9.854999542236328,9.854999542236328,9.854999542236328,164.0
2024-09-16 14:54:00+00:00,ORGN,1.5850000381469727,1.5850000381469727,1.5850000381469727,1.5850000381469727,1.5850000381469727,141.0
2024-09-16 14:54:00+00:00,PAAS,21.37980079650879,21.37980079650879,21.37980079650879,21.375,21.375,1788.0
2024-09-16 14:54:00+00:00,RGLD,140.7899932861328,140.7899932861328,140.83999633789062,140.75999450683594,140.75999450683594,6119.0
2024-09-16 14:54:00+00:00,SGML,10.5600004196167,10.5600004196167,10.5649995803833,10.5600004196167,10.5649995803833,1693.0
2024-09-16 14:54:00+00:00,SSRM,5.925000190734863,5.925000190734863,5.925000190734863,5.925000190734863,5.925000190734863,221.0
2024-09-16 14:54:00+00:00,STLD,111.02999877929688,111.02999877929688,111.08000183105469,111.0199966430664,111.08000183105469,3679.0
2024-09-16 14:54:00+00:00,TMC,1.0915000438690186,1.0915000438690186,1.100000023841858,1.0915000438690186,1.100000023841858,2772.0
2024-09-16 14:54:00+00:00,USAP,37.099998474121094,37.099998474121094,37.099998474121094,37.099998474121094,37.099998474121094,1516.0
2024-09-16 14:55:00+00:00,AREC,0.49000000953674316,0.49000000953674316,0.49000000953674316,0.49000000953674316,0.49000000953674316,103.0
2024-09-16 14:55:00+00:00,ASTL,10.21500015258789,10.21500015258789,10.21500015258789,10.210000038146973,10.210000038146973,527.0
2024-09-16 14:55:00+00:00,BIOX,8.595000267028809,8.595000267028809,8.595000267028809,8.595000267028809,8.595000267028809,102.0
2024-09-16 14:55:00+00:00,CENX,14.170000076293945,14.170000076293945,14.170000076293945,14.164999961853027,14.170000076293945,2182.0
2024-09-16 14:55:00+00:00,CNEY,0.4771000146865845,0.4771000146865845,0.4799000024795532,0.4771000146865845,0.4799000024795532,11599.0
2024-09-16 14:55:00+00:00,CRKN,1.3849999904632568,1.3849999904632568,1.3849999904632568,1.3849999904632568,1.3849999904632568,0.0
2024-09-16 14:55:00+00:00,GEVO,1.375,1.375,1.3799999952316284,1.375,1.3798999786376953,5157.0
2024-09-16 14:55:00+00:00,GPRE,12.625,12.625,12.630000114440918,12.625,12.625,2007.0
2024-09-16 14:55:00+00:00,GSM,4.150000095367432,4.150000095367432,4.150000095367432,4.150000095367432,4.150000095367432,285.0
2024-09-16 14:55:00+00:00,HDSN,7.889999866485596,7.889999866485596,7.889999866485596,7.889999866485596,7.889999866485596,1707.0
2024-09-16 14:55:00+00:00,HYMC,2.6600000858306885,2.6600000858306885,2.6600000858306885,2.6600000858306885,2.6600000858306885,520.0
2024-09-16 14:55:00+00:00,HYMCW,0.01360000018030405,0.01360000018030405,0.01360000018030405,0.01360000018030405,0.01360000018030405,79256.0
2024-09-16 14:55:00+00:00,LWLG,2.5350000858306885,2.5350000858306885,2.5350000858306885,2.5350000858306885,2.5350000858306885,200.0
2024-09-16 14:55:00+00:00,MEOH,38.279998779296875,38.279998779296875,38.29499816894531,38.2599983215332,38.29499816894531,6235.0
2024-09-16 14:55:00+00:00,MERC,6.360000133514404,6.360000133514404,6.360000133514404,6.349999904632568,6.349999904632568,2975.0
2024-09-16 14:55:00+00:00,METC,9.84000015258789,9.84000015258789,9.850000381469727,9.84000015258789,9.84000015258789,2289.0
2024-09-16 14:55:00+00:00,PAAS,21.395000457763672,21.395000457763672,21.395000457763672,21.374000549316406,21.374000549316406,4764.0
2024-09-16 14:55:00+00:00,PLL,7.159999847412109,7.159999847412109,7.159999847412109,7.159999847412109,7.159999847412109,957.0
2024-09-16 14:55:00+00:00,SGML,10.569999694824219,10.569999694824219,10.569999694824219,10.5600004196167,10.5600004196167,1727.0
2024-09-16 14:55:00+00:00,SSRM,5.925000190734863,5.925000190734863,5.929999828338623,5.920000076293945,5.925000190734863,1175.0
2024-09-16 14:55:00+00:00,STLD,111.05999755859375,111.05999755859375,111.06749725341797,111.02999877929688,111.02999877929688,4627.0
2024-09-16 14:55:00+00:00,TMC,1.090000033378601,1.090000033378601,1.100000023841858,1.090000033378601,1.100000023841858,5080.0
2024-09-16 14:55:00+00:00,USLM,84.80500030517578,84.80500030517578,84.80500030517578,84.80500030517578,84.80500030517578,181.0
2024-09-16 14:55:00+00:00,WDFC,259.6600036621094,259.6600036621094,259.6600036621094,259.6600036621094,259.6600036621094,322.0
2024-09-16 14:56:00+00:00,ASTL,10.21500015258789,10.21500015258789,10.21500015258789,10.21500015258789,10.21500015258789,341.0
2024-09-16 14:56:00+00:00,BCPC,172.51499938964844,172.51499938964844,172.51499938964844,172.51499938964844,172.51499938964844,482.0
2024-09-16 14:56:00+00:00,CENX,14.1850004196167,14.1850004196167,14.1850004196167,14.175000190734863,14.180000305175781,1109.0
2024-09-16 14:56:00+00:00,CNEY,0.4799000024795532,0.4799000024795532,0.4799000024795532,0.47699999809265137,0.47699999809265137,5916.0
2024-09-16 14:56:00+00:00,CRKN,1.3898999691009521,1.3898999691009521,1.3898999691009521,1.3898999691009521,1.3898999691009521,13.0
2024-09-16 14:56:00+00:00,GEVO,1.375,1.375,1.3799999952316284,1.3711999654769897,1.3799999952316284,2681.0
2024-09-16 14:56:00+00:00,GPRE,12.630000114440918,12.630000114440918,12.630000114440918,12.630000114440918,12.630000114440918,1244.0
2024-09-16 14:56:00+00:00,HDSN,7.906599998474121,7.906599998474121,7.906599998474121,7.889999866485596,7.889999866485596,593.0
2024-09-16 14:56:00+00:00,KALU,68.91999816894531,68.91999816894531,68.91999816894531,68.91999816894531,68.91999816894531,123.0
2024-09-16 14:56:00+00:00,LGO,1.7300000190734863,1.7300000190734863,1.7300000190734863,1.7200000286102295,1.7200000286102295,1700.0
2024-09-16 14:56:00+00:00,MEOH,38.26020050048828,38.26020050048828,38.26020050048828,38.26020050048828,38.26020050048828,152.0
2024-09-16 14:56:00+00:00,PAAS,21.399999618530273,21.399999618530273,21.399999618530273,21.395000457763672,21.395000457763672,1314.0
2024-09-16 14:56:00+00:00,PLL,7.179999828338623,7.179999828338623,7.179999828338623,7.170000076293945,7.170000076293945,1397.0
2024-09-16 14:56:00+00:00,PPTA,8.994999885559082,8.994999885559082,8.994999885559082,8.979999542236328,8.979999542236328,303.0
2024-09-16 14:56:00+00:00,SSRM,5.929999828338623,5.929999828338623,5.929999828338623,5.929999828338623,5.929999828338623,442.0
2024-09-16 14:56:00+00:00,TMC,1.100000023841858,1.100000023841858,1.100000023841858,1.0800000429153442,1.0950000286102295,24602.0
2024-09-16 14:56:00+00:00,ZEUS,38.02000045776367,38.02000045776367,38.10499954223633,37.979000091552734,37.979000091552734,3057.0
2024-09-16 14:57:00+00:00,ALTO,1.62090003490448,1.62090003490448,1.62090003490448,1.62090003490448,1.62090003490448,1456.0
2024-09-16 14:57:00+00:00,CENX,14.199999809265137,14.199999809265137,14.199999809265137,14.1899995803833,14.1899995803833,1461.0
2024-09-16 14:57:00+00:00,CNEY,0.47699999809265137,0.47699999809265137,0.4799000024795532,0.47699999809265137,0.47699999809265137,7055.0
2024-09-16 14:57:00+00:00,GEVO,1.375,1.375,1.3799999952316284,1.3700000047683716,1.375,4978.0
2024-09-16 14:57:00+00:00,GPRE,12.65999984741211,12.65999984741211,12.65999984741211,12.640000343322754,12.640000343322754,871.0
2024-09-16 14:57:00+00:00,GSM,4.144999980926514,4.144999980926514,4.150000095367432,4.144999980926514,4.150000095367432,809.0
2024-09-16 14:57:00+00:00,KALU,69.0,69.0,69.0,69.0,69.0,168.0
2024-09-16 14:57:00+00:00,LWLG,2.5299999713897705,2.5299999713897705,2.5299999713897705,2.5299999713897705,2.5299999713897705,580.0
2024-09-16 14:57:00+00:00,MERC,6.400000095367432,6.400000095367432,6.400000095367432,6.364999771118164,6.364999771118164,3152.0
2024-09-16 14:57:00+00:00,METC,9.84000015258789,9.84000015258789,9.84000015258789,9.84000015258789,9.84000015258789,186.0
2024-09-16 14:57:00+00:00,ORGN,1.5810999870300293,1.5810999870300293,1.5810999870300293,1.5810999870300293,1.5810999870300293,249.0
2024-09-16 14:57:00+00:00,PAAS,21.389999389648438,21.389999389648438,21.395000457763672,21.389999389648438,21.395000457763672,5670.0
2024-09-16 14:57:00+00:00,PLL,7.170000076293945,7.170000076293945,7.179999828338623,7.170000076293945,7.179999828338623,964.0
2024-09-16 14:57:00+00:00,RGLD,140.85000610351562,140.85000610351562,140.85000610351562,140.82000732421875,140.82000732421875,948.0
2024-09-16 14:57:00+00:00,SGML,10.579999923706055,10.579999923706055,10.59000015258789,10.579999923706055,10.585000038146973,3244.0
2024-09-16 14:57:00+00:00,SSRM,5.925000190734863,5.925000190734863,5.925000190734863,5.925000190734863,5.925000190734863,6040.0
2024-09-16 14:57:00+00:00,STLD,111.0,111.0,111.08000183105469,111.0,111.05000305175781,5834.0
2024-09-16 14:57:00+00:00,TMC,1.1088000535964966,1.1088000535964966,1.1100000143051147,1.1088000535964966,1.1100000143051147,1013.0
2024-09-16 14:57:00+00:00,UFPI,123.41000366210938,123.41000366210938,123.41000366210938,123.41000366210938,123.41000366210938,3486.0
2024-09-16 14:58:00+00:00,ACNT,9.239999771118164,9.239999771118164,9.239999771118164,9.239999771118164,9.239999771118164,107.0
2024-09-16 14:58:00+00:00,ASTL,10.210000038146973,10.210000038146973,10.21500015258789,10.210000038146973,10.21500015258789,1919.0
2024-09-16 14:58:00+00:00,CENX,14.199999809265137,14.199999809265137,14.199999809265137,14.199999809265137,14.199999809265137,1223.0
2024-09-16 14:58:00+00:00,CNEY,0.47920000553131104,0.47920000553131104,0.47929999232292175,0.47699999809265137,0.47929999232292175,3829.0
2024-09-16 14:58:00+00:00,GEVO,1.3799999952316284,1.3799999952316284,1.3799999952316284,1.3700000047683716,1.3700000047683716,15639.0
2024-09-16 14:58:00+00:00,GPRE,12.649999618530273,12.649999618530273,12.65999984741211,12.649999618530273,12.649999618530273,1660.0
2024-09-16 14:58:00+00:00,GSM,4.159999847412109,4.159999847412109,4.159999847412109,4.150000095367432,4.150000095367432,19837.0
2024-09-16 14:58:00+00:00,HDSN,7.900000095367432,7.900000095367432,7.900000095367432,7.900000095367432,7.900000095367432,180.0
2024-09-16 14:58:00+00:00,HWKN,117.3499984741211,117.3499984741211,117.3499984741211,117.3499984741211,117.3499984741211,660.0
2024-09-16 14:58:00+00:00,MEOH,38.290000915527344,38.290000915527344,38.290000915527344,38.290000915527344,38.290000915527344,305.0
2024-09-16 14:58:00+00:00,MERC,6.400000095367432,6.400000095367432,6.400000095367432,6.400000095367432,6.400000095367432,699.0
2024-09-16 14:58:00+00:00,METC,9.850000381469727,9.850000381469727,9.850000381469727,9.850000381469727,9.850000381469727,1765.0
2024-09-16 14:58:00+00:00,PAAS,21.389999389648438,21.389999389648438,21.389999389648438,21.389999389648438,21.389999389648438,761.0
2024-09-16 14:58:00+00:00,PLL,7.179999828338623,7.179999828338623,7.179999828338623,7.179999828338623,7.179999828338623,582.0
2024-09-16 14:58:00+00:00,PPTA,8.994999885559082,8.994999885559082,8.994999885559082,8.994999885559082,8.994999885559082,379.0
2024-09-16 14:58:00+00:00,RGLD,140.91000366210938,140.91000366210938,140.91000366210938,140.91000366210938,140.91000366210938,565.0
2024-09-16 14:58:00+00:00,SSRM,5.929999828338623,5.929999828338623,5.929999828338623,5.929999828338623,5.929999828338623,1292.0
2024-09-16 14:58:00+00:00,STLD,111.0,111.0,111.00499725341797,110.98999786376953,110.98999786376953,6521.0
2024-09-16 14:58:00+00:00,TMC,1.100000023841858,1.100000023841858,1.1100000143051147,1.100000023841858,1.1100000143051147,1802.0
2024-09-16 14:58:00+00:00,USAU,5.8171000480651855,5.8171000480651855,5.8171000480651855,5.8171000480651855,5.8171000480651855,2087.0
2024-09-16 14:58:00+00:00,ZEUS,38.0,38.0,38.0,38.0,38.0,346.0
2024-09-16 14:59:00+00:00,ASTL,10.210000038146973,10.210000038146973,10.210000038146973,10.210000038146973,10.210000038146973,386.0
2024-09-16 14:59:00+00:00,CENX,14.220000267028809,14.220000267028809,14.220000267028809,14.220000267028809,14.220000267028809,574.0
2024-09-16 14:59:00+00:00,CNEY,0.47839999198913574,0.47839999198913574,0.47839999198913574,0.47699999809265137,0.47699999809265137,492.0
2024-09-16 14:59:00+00:00,GEVO,1.3799999952316284,1.3799999952316284,1.3799999952316284,1.378000020980835,1.378999948501587,17691.0
2024-09-16 14:59:00+00:00,GPRE,12.649999618530273,12.649999618530273,12.65999984741211,12.649999618530273,12.65999984741211,851.0
2024-09-16 14:59:00+00:00,GSM,4.15500020980835,4.15500020980835,4.15500020980835,4.15500020980835,4.15500020980835,1636.0
2024-09-16 14:59:00+00:00,HDSN,7.90500020980835,7.90500020980835,7.909999847412109,7.90500020980835,7.909999847412109,1117.0
2024-09-16 14:59:00+00:00,IOSP,109.97000122070312,109.97000122070312,109.98999786376953,109.93000030517578,109.93000030517578,900.0
2024-09-16 14:59:00+00:00,KALU,68.91000366210938,68.91000366210938,68.91999816894531,68.91000366210938,68.91999816894531,325.0
2024-09-16 14:59:00+00:00,LGO,1.7200000286102295,1.7200000286102295,1.7300000190734863,1.7200000286102295,1.722000002861023,513.0
2024-09-16 14:59:00+00:00,MERC,6.40500020980835,6.40500020980835,6.40500020980835,6.40500020980835,6.40500020980835,1311.0
2024-09-16 14:59:00+00:00,METC,9.854999542236328,9.854999542236328,9.859999656677246,9.850000381469727,9.859999656677246,893.0
2024-09-16 14:59:00+00:00,ORGN,1.5850000381469727,1.5850000381469727,1.5850000381469727,1.5850000381469727,1.5850000381469727,166.0
2024-09-16 14:59:00+00:00,PAAS,21.399999618530273,21.399999618530273,21.405000686645508,21.399999618530273,21.399999618530273,5866.0
2024-09-16 14:59:00+00:00,PLL,7.181000232696533,7.181000232696533,7.181000232696533,7.181000232696533,7.181000232696533,216.0
2024-09-16 14:59:00+00:00,PPTA,9.0,9.0,9.010000228881836,8.979999542236328,8.979999542236328,5211.0
2024-09-16 14:59:00+00:00,SSRM,5.940000057220459,5.940000057220459,5.940000057220459,5.929999828338623,5.929999828338623,8454.0
2024-09-16 14:59:00+00:00,STLD,110.9749984741211,110.9749984741211,110.98999786376953,110.97000122070312,110.98999786376953,2091.0
2024-09-16 14:59:00+00:00,TMC,1.100000023841858,1.100000023841858,1.1200000047683716,1.100000023841858,1.1100000143051147,806.0
2024-09-16 14:59:00+00:00,USAU,5.829999923706055,5.829999923706055,5.840000152587891,5.829899787902832,5.829899787902832,9125.0
2024-09-16 14:59:00+00:00,USLM,84.7699966430664,84.7699966430664,84.7699966430664,84.7699966430664,84.7699966430664,1014.0
2024-09-16 14:59:00+00:00,WDFC,259.625,259.625,259.625,259.625,259.625,842.0
2024-09-16 14:59:00+00:00,ZEUS,38.11000061035156,38.11000061035156,38.11000061035156,38.11000061035156,38.11000061035156,1017.0
2024-09-16 15:00:00+00:00,ASTL,10.225000381469727,10.225000381469727,10.229999542236328,10.204999923706055,10.204999923706055,7827.0
2024-09-16 15:00:00+00:00,BIOX,8.619999885559082,8.619999885559082,8.619999885559082,8.619999885559082,8.619999885559082,1812.0
2024-09-16 15:00:00+00:00,CENX,14.204999923706055,14.204999923706055,14.210000038146973,14.204999923706055,14.210000038146973,1560.0
2024-09-16 15:00:00+00:00,CNEY,0.47929999232292175,0.47929999232292175,0.47929999232292175,0.4763000011444092,0.47780001163482666,16473.0
2024-09-16 15:00:00+00:00,CRKN,1.3799999952316284,1.3799999952316284,1.3799999952316284,1.3799999952316284,1.3799999952316284,200.0
2024-09-16 15:00:00+00:00,GEVO,1.3880000114440918,1.3880000114440918,1.3884999752044678,1.375,1.3799999952316284,31759.0
2024-09-16 15:00:00+00:00,GPRE,12.649999618530273,12.649999618530273,12.649999618530273,12.649999618530273,12.649999618530273,522.0
2024-09-16 15:00:00+00:00,GSM,4.156000137329102,4.156000137329102,4.159999847412109,4.150000095367432,4.159999847412109,6566.0
2024-09-16 15:00:00+00:00,IOSP,109.93000030517578,109.93000030517578,109.93000030517578,109.93000030517578,109.93000030517578,396.0
2024-09-16 15:00:00+00:00,LGO,1.7110999822616577,1.7110999822616577,1.7110999822616577,1.7110999822616577,1.7110999822616577,1964.0
2024-09-16 15:00:00+00:00,MEOH,38.29999923706055,38.29999923706055,38.29999923706055,38.290000915527344,38.290000915527344,709.0
2024-09-16 15:00:00+00:00,MERC,6.400000095367432,6.400000095367432,6.400000095367432,6.400000095367432,6.400000095367432,1792.0
2024-09-16 15:00:00+00:00,ORGN,1.590000033378601,1.590000033378601,1.590000033378601,1.589900016784668,1.589900016784668,17199.0
2024-09-16 15:00:00+00:00,PAAS,21.40999984741211,21.40999984741211,21.40999984741211,21.399999618530273,21.405000686645508,3076.0
2024-09-16 15:00:00+00:00,PPTA,8.979999542236328,8.979999542236328,8.979999542236328,8.970000267028809,8.979999542236328,3192.0
2024-09-16 15:00:00+00:00,SGML,10.614999771118164,10.614999771118164,10.614999771118164,10.579999923706055,10.579999923706055,3808.0
2024-09-16 15:00:00+00:00,SSRM,5.934500217437744,5.934500217437744,5.940000057220459,5.934500217437744,5.934999942779541,1820.0
2024-09-16 15:00:00+00:00,STLD,110.94000244140625,110.94000244140625,110.9749984741211,110.94000244140625,110.9749984741211,2421.0
2024-09-16 15:00:00+00:00,TMC,1.100000023841858,1.100000023841858,1.100000023841858,1.100000023841858,1.100000023841858,609.0
2024-09-16 15:01:00+00:00,CENX,14.199999809265137,14.199999809265137,14.199999809265137,14.199999809265137,14.199999809265137,1800.0
2024-09-16 15:01:00+00:00,CNEY,0.47510001063346863,0.47510001063346863,0.47909998893737793,0.4749999940395355,0.47909998893737793,20764.0
2024-09-16 15:01:00+00:00,GEVO,1.3799999952316284,1.3799999952316284,1.3898999691009521,1.3799999952316284,1.3803000450134277,9848.0
2024-09-16 15:01:00+00:00,GSM,4.144999980926514,4.144999980926514,4.150000095367432,4.144999980926514,4.150000095367432,11211.0
2024-09-16 15:01:00+00:00,HDSN,7.909999847412109,7.909999847412109,7.925000190734863,7.909999847412109,7.925000190734863,1444.0
2024-09-16 15:01:00+00:00,KALU,68.91000366210938,68.91000366210938,68.91000366210938,68.91000366210938,68.91000366210938,832.0
2024-09-16 15:01:00+00:00,LITM,0.33070001006126404,0.33070001006126404,0.33070001006126404,0.33070001006126404,0.33070001006126404,2690.0
2024-09-16 15:01:00+00:00,MEOH,38.310001373291016,38.310001373291016,38.310001373291016,38.310001373291016,38.310001373291016,626.0
2024-09-16 15:01:00+00:00,MERC,6.375,6.375,6.389999866485596,6.369999885559082,6.389999866485596,2616.0
2024-09-16 15:01:00+00:00,METC,9.850000381469727,9.850000381469727,9.850000381469727,9.850000381469727,9.850000381469727,998.0
2024-09-16 15:01:00+00:00,PAAS,21.395000457763672,21.395000457763672,21.405000686645508,21.395000457763672,21.405000686645508,6551.0
2024-09-16 15:01:00+00:00,PLL,7.190000057220459,7.190000057220459,7.190000057220459,7.190000057220459,7.190000057220459,201.0
2024-09-16 15:01:00+00:00,RGLD,140.94000244140625,140.94000244140625,140.94000244140625,140.8800048828125,140.8800048828125,1370.0
2024-09-16 15:01:00+00:00,SSRM,5.929999828338623,5.929999828338623,5.934999942779541,5.929999828338623,5.934999942779541,4637.0
2024-09-16 15:01:00+00:00,STLD,110.95999908447266,110.95999908447266,110.95999908447266,110.95999908447266,110.95999908447266,1144.0
2024-09-16 15:02:00+00:00,ACNT,9.239999771118164,9.239999771118164,9.239999771118164,9.239999771118164,9.239999771118164,202.0
2024-09-16 15:02:00+00:00,CENX,14.180000305175781,14.180000305175781,14.194999694824219,14.180000305175781,14.194999694824219,1190.0
2024-09-16 15:02:00+00:00,CNEY,0.47519999742507935,0.47519999742507935,0.47519999742507935,0.47510001063346863,0.47510001063346863,13448.0
2024-09-16 15:02:00+00:00,GEVO,1.3849999904632568,1.3849999904632568,1.3898999691009521,1.3849999904632568,1.3849999904632568,5648.0
2024-09-16 15:02:00+00:00,GPRE,12.680000305175781,12.680000305175781,12.680000305175781,12.649999618530273,12.649999618530273,1902.0
2024-09-16 15:02:00+00:00,GSM,4.144999980926514,4.144999980926514,4.144999980926514,4.144999980926514,4.144999980926514,445.0
2024-09-16 15:02:00+00:00,IOSP,109.93820190429688,109.93820190429688,109.93820190429688,109.93820190429688,109.93820190429688,430.0
2024-09-16 15:02:00+00:00,LWLG,2.5388998985290527,2.5388998985290527,2.5388998985290527,2.5299999713897705,2.5299999713897705,2816.0
2024-09-16 15:02:00+00:00,MEOH,38.310001373291016,38.310001373291016,38.310001373291016,38.310001373291016,38.310001373291016,253.0
2024-09-16 15:02:00+00:00,MERC,6.360000133514404,6.360000133514404,6.369999885559082,6.360000133514404,6.369999885559082,1747.0
2024-09-16 15:02:00+00:00,PAAS,21.405000686645508,21.405000686645508,21.405000686645508,21.395000457763672,21.395000457763672,882.0
2024-09-16 15:02:00+00:00,PPTA,8.9399995803833,8.9399995803833,8.960000038146973,8.9399995803833,8.960000038146973,700.0
2024-09-16 15:02:00+00:00,SGML,10.600000381469727,10.600000381469727,10.600000381469727,10.600000381469727,10.600000381469727,260.0
2024-09-16 15:02:00+00:00,SSRM,5.929999828338623,5.929999828338623,5.929999828338623,5.929999828338623,5.929999828338623,454.0
2024-09-16 15:02:00+00:00,STLD,110.94000244140625,110.94000244140625,110.94000244140625,110.93000030517578,110.93000030517578,805.0
2024-09-16 15:02:00+00:00,TMC,1.100000023841858,1.100000023841858,1.1200000047683716,1.100000023841858,1.1200000047683716,1747.0
2024-09-16 15:02:00+00:00,ZEUS,38.18000030517578,38.18000030517578,38.18000030517578,38.18000030517578,38.18000030517578,651.0
2024-09-16 15:03:00+00:00,AREC,0.49000000953674316,0.49000000953674316,0.49000000953674316,0.49000000953674316,0.49000000953674316,106.0
2024-09-16 15:03:00+00:00,ASTL,10.229999542236328,10.229999542236328,10.234999656677246,10.225000381469727,10.229999542236328,3835.0
2024-09-16 15:03:00+00:00,CNEY,0.4722000062465668,0.4722000062465668,0.47510001063346863,0.4722000062465668,0.47510001063346863,16886.0
2024-09-16 15:03:00+00:00,CRKN,1.3849999904632568,1.3849999904632568,1.3849999904632568,1.3849999904632568,1.3849999904632568,782.0
2024-09-16 15:03:00+00:00,GEVO,1.3897000551223755,1.3897000551223755,1.3899999856948853,1.3849999904632568,1.3849999904632568,26169.0
2024-09-16 15:03:00+00:00,GPRE,12.649999618530273,12.649999618530273,12.680000305175781,12.649999618530273,12.670000076293945,3235.0
2024-09-16 15:03:00+00:00,LITM,0.3305000066757202,0.3305000066757202,0.3305000066757202,0.3305000066757202,0.3305000066757202,0.0
2024-09-16 15:03:00+00:00,MERC,6.355000019073486,6.355000019073486,6.355000019073486,6.340000152587891,6.349999904632568,1396.0
2024-09-16 15:03:00+00:00,ORGN,1.5950000286102295,1.5950000286102295,1.5950000286102295,1.5950000286102295,1.5950000286102295,4923.0
2024-09-16 15:03:00+00:00,PAAS,21.409900665283203,21.409900665283203,21.420000076293945,21.405000686645508,21.405000686645508,20845.0
2024-09-16 15:03:00+00:00,SGML,10.600000381469727,10.600000381469727,10.600000381469727,10.600000381469727,10.600000381469727,1249.0
2024-09-16 15:03:00+00:00,STLD,110.9000015258789,110.9000015258789,110.9000015258789,110.9000015258789,110.9000015258789,1030.0
2024-09-16 15:03:00+00:00,TMC,1.100000023841858,1.100000023841858,1.100000023841858,1.100000023841858,1.100000023841858,216.0
2024-09-16 15:03:00+00:00,ZEUS,38.08000183105469,38.08000183105469,38.08000183105469,38.08000183105469,38.08000183105469,697.0
2024-09-16 15:04:00+00:00,ACNT,9.239999771118164,9.239999771118164,9.239999771118164,9.239999771118164,9.239999771118164,219.0
2024-09-16 15:04:00+00:00,ASTL,10.199999809265137,10.199999809265137,10.220000267028809,10.199999809265137,10.220000267028809,2477.0
2024-09-16 15:04:00+00:00,CENX,14.150099754333496,14.150099754333496,14.170000076293945,14.150099754333496,14.170000076293945,2477.0
2024-09-16 15:04:00+00:00,CNEY,0.47209998965263367,0.47209998965263367,0.47209998965263367,0.47209998965263367,0.47209998965263367,15872.0
2024-09-16 15:04:00+00:00,GEVO,1.3849999904632568,1.3849999904632568,1.3897000551223755,1.3804999589920044,1.3849999904632568,15029.0
2024-09-16 15:04:00+00:00,GPRE,12.649999618530273,12.649999618530273,12.649999618530273,12.649999618530273,12.649999618530273,571.0
2024-09-16 15:04:00+00:00,GSM,4.144999980926514,4.144999980926514,4.144999980926514,4.144999980926514,4.144999980926514,192.0
2024-09-16 15:04:00+00:00,HDSN,7.900000095367432,7.900000095367432,7.900000095367432,7.900000095367432,7.900000095367432,816.0
2024-09-16 15:04:00+00:00,IOSP,109.70999908447266,109.70999908447266,109.70999908447266,109.70999908447266,109.70999908447266,210.0
2024-09-16 15:04:00+00:00,LWLG,2.5299999713897705,2.5299999713897705,2.5299999713897705,2.5299999713897705,2.5299999713897705,4275.0
2024-09-16 15:04:00+00:00,MEOH,38.310001373291016,38.310001373291016,38.310001373291016,38.310001373291016,38.310001373291016,603.0
2024-09-16 15:04:00+00:00,MERC,6.369999885559082,6.369999885559082,6.369999885559082,6.349999904632568,6.349999904632568,3904.0
2024-09-16 15:04:00+00:00,METC,9.845000267028809,9.845000267028809,9.849800109863281,9.835000038146973,9.84000015258789,3715.0
2024-09-16 15:04:00+00:00,PAAS,21.389999389648438,21.389999389648438,21.405000686645508,21.389999389648438,21.405000686645508,4150.0
2024-09-16 15:04:00+00:00,PLL,7.179999828338623,7.179999828338623,7.179999828338623,7.179999828338623,7.179999828338623,676.0
2024-09-16 15:04:00+00:00,PPTA,8.911399841308594,8.911399841308594,8.911399841308594,8.911399841308594,8.911399841308594,1150.0
2024-09-16 15:04:00+00:00,RGLD,140.86000061035156,140.86000061035156,140.86000061035156,140.8000030517578,140.83999633789062,1116.0
2024-09-16 15:04:00+00:00,SGML,10.604999542236328,10.604999542236328,10.604999542236328,10.59000015258789,10.59000015258789,2468.0
2024-09-16 15:04:00+00:00,SSRM,5.928699970245361,5.928699970245361,5.928699970245361,5.920000076293945,5.920000076293945,1673.0
2024-09-16 15:04:00+00:00,STLD,110.87000274658203,110.87000274658203,110.87000274658203,110.87000274658203,110.87000274658203,1713.0
2024-09-16 15:04:00+00:00,TMC,1.100000023841858,1.100000023841858,1.1200000047683716,1.100000023841858,1.1200000047683716,1673.0
2024-09-16 15:04:00+00:00,ZEUS,38.09000015258789,38.09000015258789,38.09000015258789,38.04499816894531,38.064998626708984,1714.0
2024-09-16 15:05:00+00:00,AREC,0.4950000047683716,0.4950000047683716,0.4950000047683716,0.4950000047683716,0.4950000047683716,362.0
2024-09-16 15:05:00+00:00,ASTL,10.199999809265137,10.199999809265137,10.204999923706055,10.199999809265137,10.204999923706055,10543.0
2024-09-16 15:05:00+00:00,CENX,14.149999618530273,14.149999618530273,14.149999618530273,14.135000228881836,14.140000343322754,1754.0
2024-09-16 15:05:00+00:00,CNEY,0.4700999855995178,0.4700999855995178,0.4700999855995178,0.4700999855995178,0.4700999855995178,1214.0
2024-09-16 15:05:00+00:00,GEVO,1.3849999904632568,1.3849999904632568,1.3849999904632568,1.3802000284194946,1.3849999904632568,1980.0
2024-09-16 15:05:00+00:00,GPRE,12.649999618530273,12.649999618530273,12.649999618530273,12.649999618530273,12.649999618530273,254.0
2024-09-16 15:05:00+00:00,HWKN,117.0,117.0,117.0,117.0,117.0,1417.0
2024-09-16 15:05:00+00:00,IOSP,109.67500305175781,109.67500305175781,109.67500305175781,109.67500305175781,109.67500305175781,1150.0
2024-09-16 15:05:00+00:00,LWLG,2.5250000953674316,2.5250000953674316,2.5250000953674316,2.5250000953674316,2.5250000953674316,1311.0
2024-09-16 15:05:00+00:00,ORGN,1.5950000286102295,1.5950000286102295,1.5950000286102295,1.5950000286102295,1.5950000286102295,723.0
2024-09-16 15:05:00+00:00,PAAS,21.389999389648438,21.389999389648438,21.389999389648438,21.3799991607666,21.389999389648438,3406.0
2024-09-16 15:05:00+00:00,PPTA,8.920000076293945,8.920000076293945,8.920000076293945,8.920000076293945,8.920000076293945,1149.0
2024-09-16 15:05:00+00:00,SGML,10.609999656677246,10.609999656677246,10.609999656677246,10.604999542236328,10.604999542236328,287.0
2024-09-16 15:05:00+00:00,STLD,110.8499984741211,110.8499984741211,110.8550033569336,110.8499984741211,110.8550033569336,1009.0
2024-09-16 15:05:00+00:00,TMC,1.100000023841858,1.100000023841858,1.1100000143051147,1.100000023841858,1.1100000143051147,410.0
2024-09-16 15:06:00+00:00,ALTO,1.625,1.625,1.625,1.625,1.625,164.0
2024-09-16 15:06:00+00:00,ASTL,10.194999694824219,10.194999694824219,10.194999694824219,10.1899995803833,10.194999694824219,2130.0
2024-09-16 15:06:00+00:00,BCPC,172.5500030517578,172.5500030517578,172.5500030517578,172.5500030517578,172.5500030517578,916.0
2024-09-16 15:06:00+00:00,CENX,14.154999732971191,14.154999732971191,14.15999984741211,14.154999732971191,14.15999984741211,2154.0
2024-09-16 15:06:00+00:00,CNEY,0.46720001101493835,0.46720001101493835,0.4700999855995178,0.46720001101493835,0.4700999855995178,11422.0
2024-09-16 15:06:00+00:00,GEVO,1.3849999904632568,1.3849999904632568,1.3899999856948853,1.3849999904632568,1.3849999904632568,3383.0
2024-09-16 15:06:00+00:00,GPRE,12.65999984741211,12.65999984741211,12.65999984741211,12.649999618530273,12.649999618530273,1060.0
2024-09-16 15:06:00+00:00,HWKN,116.9749984741211,116.9749984741211,116.9749984741211,116.9749984741211,116.9749984741211,211.0
2024-09-16 15:06:00+00:00,HYMC,2.674999952316284,2.674999952316284,2.674999952316284,2.674999952316284,2.674999952316284,603.0
2024-09-16 15:06:00+00:00,MEOH,38.310001373291016,38.310001373291016,38.310001373291016,38.310001373291016,38.310001373291016,207.0
2024-09-16 15:06:00+00:00,MERC,6.385000228881836,6.385000228881836,6.389999866485596,6.369999885559082,6.369999885559082,2203.0
2024-09-16 15:06:00+00:00,ORGN,1.600000023841858,1.600000023841858,1.600000023841858,1.600000023841858,1.600000023841858,118.0
2024-09-16 15:06:00+00:00,PAAS,21.389999389648438,21.389999389648438,21.395000457763672,21.389999389648438,21.395000457763672,1148.0
2024-09-16 15:06:00+00:00,RGLD,140.80999755859375,140.80999755859375,140.80999755859375,140.80999755859375,140.80999755859375,704.0
2024-09-16 15:06:00+00:00,SGML,10.600000381469727,10.600000381469727,10.604999542236328,10.600000381469727,10.600000381469727,2365.0
2024-09-16 15:06:00+00:00,SSRM,5.925000190734863,5.925000190734863,5.925000190734863,5.925000190734863,5.925000190734863,600.0
2024-09-16 15:06:00+00:00,STLD,110.90499877929688,110.90499877929688,110.90499877929688,110.8499984741211,110.86000061035156,6349.0
2024-09-16 15:06:00+00:00,TMC,1.100000023841858,1.100000023841858,1.100000023841858,1.100000023841858,1.100000023841858,290.0
2024-09-16 15:07:00+00:00,ALTO,1.6299999952316284,1.6299999952316284,1.6299999952316284,1.620300054550171,1.620300054550171,1088.0
2024-09-16 15:07:00+00:00,ASTL,10.194999694824219,10.194999694824219,10.194999694824219,10.194999694824219,10.194999694824219,174.0
2024-09-16 15:07:00+00:00,CENX,14.175000190734863,14.175000190734863,14.1850004196167,14.164999961853027,14.164999961853027,1072.0
2024-09-16 15:07:00+00:00,CNEY,0.4650999903678894,0.4650999903678894,0.4657000005245209,0.4650000035762787,0.4657000005245209,17545.0
2024-09-16 15:07:00+00:00,GEVO,1.385200023651123,1.385200023651123,1.385200023651123,1.3799999952316284,1.3799999952316284,2164.0
2024-09-16 15:07:00+00:00,HDSN,7.889999866485596,7.889999866485596,7.889999866485596,7.889999866485596,7.889999866485596,526.0
2024-09-16 15:07:00+00:00,HWKN,117.08499908447266,117.08499908447266,117.08499908447266,117.08499908447266,117.08499908447266,437.0
2024-09-16 15:07:00+00:00,KALU,69.0,69.0,69.0,69.0,69.0,331.0
2024-09-16 15:07:00+00:00,LITM,0.32989999651908875,0.32989999651908875,0.32989999651908875,0.32989999651908875,0.32989999651908875,140.0
2024-09-16 15:07:00+00:00,LWLG,2.5299999713897705,2.5299999713897705,2.5350000858306885,2.5299999713897705,2.5299999713897705,6618.0
2024-09-16 15:07:00+00:00,MEOH,38.310001373291016,38.310001373291016,38.31999969482422,38.29999923706055,38.31999969482422,1723.0
2024-09-16 15:07:00+00:00,MERC,6.389999866485596,6.389999866485596,6.389999866485596,6.389999866485596,6.389999866485596,1045.0
2024-09-16 15:07:00+00:00,PAAS,21.399999618530273,21.399999618530273,21.399999618530273,21.389999389648438,21.389999389648438,4110.0
2024-09-16 15:07:00+00:00,PLL,7.190000057220459,7.190000057220459,7.190000057220459,7.190000057220459,7.190000057220459,126.0
2024-09-16 15:07:00+00:00,SGML,10.619000434875488,10.619000434875488,10.619000434875488,10.609999656677246,10.609999656677246,503.0
2024-09-16 15:07:00+00:00,SSRM,5.925000190734863,5.925000190734863,5.925000190734863,5.921999931335449,5.921999931335449,1406.0
2024-09-16 15:07:00+00:00,STLD,110.91999816894531,110.91999816894531,110.91999816894531,110.8550033569336,110.9000015258789,4307.0
2024-09-16 15:07:00+00:00,TMC,1.100000023841858,1.100000023841858,1.1200000047683716,1.100000023841858,1.100000023841858,1822.0
2024-09-16 15:07:00+00:00,ZEUS,38.099998474121094,38.099998474121094,38.130001068115234,38.099998474121094,38.1150016784668,711.0
2024-09-16 15:08:00+00:00,ASTL,10.194999694824219,10.194999694824219,10.194999694824219,10.194999694824219,10.194999694824219,439.0
2024-09-16 15:08:00+00:00,CENX,14.175000190734863,14.175000190734863,14.180000305175781,14.175000190734863,14.180000305175781,745.0
2024-09-16 15:08:00+00:00,GEVO,1.3837000131607056,1.3837000131607056,1.388700008392334,1.3837000131607056,1.3849999904632568,5277.0
2024-09-16 15:08:00+00:00,GPRE,12.65999984741211,12.65999984741211,12.661999702453613,12.649999618530273,12.649999618530273,3725.0
2024-09-16 15:08:00+00:00,GSM,4.150000095367432,4.150000095367432,4.150000095367432,4.144999980926514,4.144999980926514,832.0
2024-09-16 15:08:00+00:00,HYMC,2.6702001094818115,2.6702001094818115,2.6702001094818115,2.6702001094818115,2.6702001094818115,368.0
2024-09-16 15:08:00+00:00,LITM,0.32989999651908875,0.32989999651908875,0.32989999651908875,0.32989999651908875,0.32989999651908875,1445.0
2024-09-16 15:08:00+00:00,MEOH,38.310001373291016,38.310001373291016,38.310001373291016,38.310001373291016,38.310001373291016,202.0
2024-09-16 15:08:00+00:00,ORGN,1.600000023841858,1.600000023841858,1.600000023841858,1.5950000286102295,1.5988999605178833,6537.0
2024-09-16 15:08:00+00:00,PAAS,21.399999618530273,21.399999618530273,21.405000686645508,21.393999099731445,21.399999618530273,3143.0
2024-09-16 15:08:00+00:00,RGLD,140.85000610351562,140.85000610351562,140.85000610351562,140.85000610351562,140.85000610351562,508.0
2024-09-16 15:08:00+00:00,SGML,10.635000228881836,10.635000228881836,10.635000228881836,10.632499694824219,10.632499694824219,1057.0
2024-09-16 15:08:00+00:00,SSRM,5.925000190734863,5.925000190734863,5.925000190734863,5.925000190734863,5.925000190734863,111.0
2024-09-16 15:08:00+00:00,STLD,110.9000015258789,110.9000015258789,110.91999816894531,110.9000015258789,110.91999816894531,998.0
2024-09-16 15:08:00+00:00,ZEUS,38.04999923706055,38.04999923706055,38.04999923706055,38.04999923706055,38.04999923706055,209.0
2024-09-16 15:09:00+00:00,CENX,14.170000076293945,14.170000076293945,14.170000076293945,14.170000076293945,14.170000076293945,579.0
2024-09-16 15:09:00+00:00,CNEY,0.4650999903678894,0.4650999903678894,0.4650999903678894,0.4650999903678894,0.4650999903678894,744.0
2024-09-16 15:09:00+00:00,GEVO,1.3849999904632568,1.3849999904632568,1.3849999904632568,1.3813999891281128,1.3849999904632568,944.0
2024-09-16 15:09:00+00:00,GPRE,12.649999618530273,12.649999618530273,12.65999984741211,12.649999618530273,12.65999984741211,1454.0
2024-09-16 15:09:00+00:00,HDSN,7.892099857330322,7.892099857330322,7.900000095367432,7.892099857330322,7.900000095367432,669.0
2024-09-16 15:09:00+00:00,HWKN,116.88999938964844,116.88999938964844,116.88999938964844,116.88999938964844,116.88999938964844,351.0
2024-09-16 15:09:00+00:00,MEOH,38.314998626708984,38.314998626708984,38.314998626708984,38.314998626708984,38.314998626708984,892.0
2024-09-16 15:09:00+00:00,MERC,6.385000228881836,6.385000228881836,6.385000228881836,6.385000228881836,6.385000228881836,376.0
2024-09-16 15:09:00+00:00,ORGN,1.6050000190734863,1.6050000190734863,1.6050000190734863,1.600000023841858,1.600000023841858,40363.0
2024-09-16 15:09:00+00:00,PAAS,21.3799991607666,21.3799991607666,21.40999984741211,21.3799991607666,21.403900146484375,4586.0
2024-09-16 15:09:00+00:00,PLL,7.21999979019165,7.21999979019165,7.21999979019165,7.199999809265137,7.199999809265137,1859.0
2024-09-16 15:09:00+00:00,RGLD,140.86000061035156,140.86000061035156,140.86000061035156,140.80999755859375,140.83999633789062,2060.0
2024-09-16 15:09:00+00:00,SGML,10.647500038146973,10.647500038146973,10.647500038146973,10.647500038146973,10.647500038146973,401.0
2024-09-16 15:09:00+00:00,SSRM,5.920000076293945,5.920000076293945,5.929999828338623,5.920000076293945,5.925000190734863,5801.0
2024-09-16 15:09:00+00:00,STLD,110.95999908447266,110.95999908447266,110.9800033569336,110.91999816894531,110.91999816894531,6159.0
2024-09-16 15:09:00+00:00,TMC,1.107800006866455,1.107800006866455,1.1200000047683716,1.100000023841858,1.100000023841858,2396.0
2024-09-16 15:09:00+00:00,UFPI,123.41000366210938,123.41000366210938,123.41000366210938,123.41000366210938,123.41000366210938,274.0
2024-09-16 15:09:00+00:00,ZEUS,38.095001220703125,38.095001220703125,38.095001220703125,38.095001220703125,38.095001220703125,350.0
2024-09-16 15:10:00+00:00,ALTO,1.625,1.625,1.625,1.625,1.625,669.0
2024-09-16 15:10:00+00:00,CENX,14.149999618530273,14.149999618530273,14.15999984741211,14.149999618530273,14.15999984741211,1934.0
2024-09-16 15:10:00+00:00,CNEY,0.4650999903678894,0.4650999903678894,0.4650999903678894,0.4650999903678894,0.4650999903678894,1516.0
2024-09-16 15:10:00+00:00,GEVO,1.3866000175476074,1.3866000175476074,1.3899999856948853,1.3799999952316284,1.3849999904632568,4768.0
2024-09-16 15:10:00+00:00,GPRE,12.640000343322754,12.640000343322754,12.649999618530273,12.640000343322754,12.649999618530273,1134.0
2024-09-16 15:10:00+00:00,GSM,4.144999980926514,4.144999980926514,4.144999980926514,4.144999980926514,4.144999980926514,179.0
2024-09-16 15:10:00+00:00,KALU,68.98999786376953,68.98999786376953,68.98999786376953,68.98999786376953,68.98999786376953,540.0
2024-09-16 15:10:00+00:00,LWLG,2.5350000858306885,2.5350000858306885,2.5350000858306885,2.5350000858306885,2.5350000858306885,1810.0
2024-09-16 15:10:00+00:00,MERC,6.385000228881836,6.385000228881836,6.385000228881836,6.385000228881836,6.385000228881836,1444.0
2024-09-16 15:10:00+00:00,METC,9.850000381469727,9.850000381469727,9.850000381469727,9.84000015258789,9.850000381469727,3900.0
2024-09-16 15:10:00+00:00,ORGN,1.600000023841858,1.600000023841858,1.6050000190734863,1.600000023841858,1.600000023841858,11955.0
2024-09-16 15:10:00+00:00,PAAS,21.364999771118164,21.364999771118164,21.375,21.350000381469727,21.375,6649.0
2024-09-16 15:10:00+00:00,PLL,7.199999809265137,7.199999809265137,7.207600116729736,7.199999809265137,7.199999809265137,811.0
2024-09-16 15:10:00+00:00,RGLD,140.72000122070312,140.72000122070312,140.72000122070312,140.7100067138672,140.7100067138672,222.0
2024-09-16 15:10:00+00:00,SGML,10.649999618530273,10.649999618530273,10.649999618530273,10.649999618530273,10.649999618530273,401.0
2024-09-16 15:10:00+00:00,STLD,110.9749984741211,110.9749984741211,110.9749984741211,110.9749984741211,110.9749984741211,704.0
2024-09-16 15:10:00+00:00,TMC,1.100000023841858,1.100000023841858,1.100000023841858,1.100000023841858,1.100000023841858,119.0
2024-09-16 15:10:00+00:00,UFPI,123.47000122070312,123.47000122070312,123.47000122070312,123.47000122070312,123.47000122070312,1069.0
2024-09-16 15:10:00+00:00,WDFC,259.5320129394531,259.5320129394531,259.5320129394531,259.5320129394531,259.5320129394531,2743.0
2024-09-16 15:10:00+00:00,ZEUS,38.040000915527344,38.040000915527344,38.11000061035156,38.040000915527344,38.06999969482422,1952.0
2024-09-16 15:11:00+00:00,ASTL,10.199999809265137,10.199999809265137,10.199999809265137,10.194999694824219,10.194999694824219,1051.0
2024-09-16 15:11:00+00:00,CENX,14.15999984741211,14.15999984741211,14.15999984741211,14.15999984741211,14.15999984741211,907.0
2024-09-16 15:11:00+00:00,CNEY,0.4652000069618225,0.4652000069618225,0.4652999937534332,0.4652000069618225,0.4652000069618225,60133.0
2024-09-16 15:11:00+00:00,GEVO,1.3849999904632568,1.3849999904632568,1.3899999856948853,1.3849999904632568,1.3899999856948853,6368.0
2024-09-16 15:11:00+00:00,GPRE,12.645000457763672,12.645000457763672,12.645000457763672,12.640000343322754,12.640000343322754,2888.0
2024-09-16 15:11:00+00:00,GSM,4.144999980926514,4.144999980926514,4.144999980926514,4.144999980926514,4.144999980926514,217.0
2024-09-16 15:11:00+00:00,GURE,0.9800000190734863,0.9800000190734863,0.9800000190734863,0.9800000190734863,0.9800000190734863,8310.0
2024-09-16 15:11:00+00:00,LITM,0.3269999921321869,0.3269999921321869,0.3269999921321869,0.3269999921321869,0.3269999921321869,319.0
2024-09-16 15:11:00+00:00,MERC,6.385000228881836,6.385000228881836,6.385000228881836,6.385000228881836,6.385000228881836,517.0
2024-09-16 15:11:00+00:00,METC,9.845000267028809,9.845000267028809,9.850000381469727,9.84000015258789,9.850000381469727,1029.0
2024-09-16 15:11:00+00:00,ORGN,1.5850000381469727,1.5850000381469727,1.5950000286102295,1.5850000381469727,1.5950000286102295,13964.0
2024-09-16 15:11:00+00:00,PAAS,21.350000381469727,21.350000381469727,21.3700008392334,21.34000015258789,21.3700008392334,6728.0
2024-09-16 15:11:00+00:00,RGLD,140.8300018310547,140.8300018310547,140.8300018310547,140.8300018310547,140.8300018310547,319.0
2024-09-16 15:11:00+00:00,RKDA,2.889899969100952,2.889899969100952,2.889899969100952,2.889899969100952,2.889899969100952,1227.0
2024-09-16 15:11:00+00:00,SGML,10.640000343322754,10.640000343322754,10.649999618530273,10.640000343322754,10.640000343322754,2558.0
2024-09-16 15:11:00+00:00,SSRM,5.909999847412109,5.909999847412109,5.909999847412109,5.909999847412109,5.909999847412109,3574.0
2024-09-16 15:11:00+00:00,STLD,110.99500274658203,110.99500274658203,111.0,110.94999694824219,110.94999694824219,2900.0
2024-09-16 15:11:00+00:00,TMC,1.100000023841858,1.100000023841858,1.1200000047683716,1.100000023841858,1.100000023841858,2643.0
2024-09-16 15:11:00+00:00,USAU,5.789999961853027,5.789999961853027,5.789999961853027,5.789999961853027,5.789999961853027,400.0
2024-09-16 15:11:00+00:00,ZEUS,38.060001373291016,38.060001373291016,38.060001373291016,38.060001373291016,38.060001373291016,758.0
2024-09-16 15:12:00+00:00,ASTL,10.204999923706055,10.204999923706055,10.204999923706055,10.20009994506836,10.204999923706055,941.0
2024-09-16 15:12:00+00:00,CENX,14.159899711608887,14.159899711608887,14.164999961853027,14.159899711608887,14.15999984741211,753.0
2024-09-16 15:12:00+00:00,CNEY,0.46540001034736633,0.46540001034736633,0.46540001034736633,0.4652999937534332,0.4652999937534332,3082.0
2024-09-16 15:12:00+00:00,FEAM,0.5,0.5,0.5192999839782715,0.5,0.5192999839782715,14770.0
2024-09-16 15:12:00+00:00,GEVO,1.3849999904632568,1.3849999904632568,1.3898999691009521,1.3801000118255615,1.3853000402450562,10337.0
2024-09-16 15:12:00+00:00,GPRE,12.635000228881836,12.635000228881836,12.640000343322754,12.630000114440918,12.640000343322754,3038.0
2024-09-16 15:12:00+00:00,GSM,4.144999980926514,4.144999980926514,4.150000095367432,4.144999980926514,4.144999980926514,3207.0
2024-09-16 15:12:00+00:00,KALU,68.95500183105469,68.95500183105469,68.98999786376953,68.95500183105469,68.9800033569336,858.0
2024-09-16 15:12:00+00:00,MEOH,38.33000183105469,38.33000183105469,38.33000183105469,38.32500076293945,38.32500076293945,537.0
2024-09-16 15:12:00+00:00,PAAS,21.334999084472656,21.334999084472656,21.354999542236328,21.334999084472656,21.350000381469727,2600.0
2024-09-16 15:12:00+00:00,PLL,7.190000057220459,7.190000057220459,7.190000057220459,7.190000057220459,7.190000057220459,140.0
2024-09-16 15:12:00+00:00,RGLD,140.6750030517578,140.6750030517578,140.6750030517578,140.66000366210938,140.66000366210938,1802.0
2024-09-16 15:12:00+00:00,SGML,10.680000305175781,10.680000305175781,10.680000305175781,10.649999618530273,10.670000076293945,2784.0
2024-09-16 15:12:00+00:00,SSRM,5.909999847412109,5.909999847412109,5.909999847412109,5.90500020980835,5.90500020980835,457.0
2024-09-16 15:12:00+00:00,STLD,110.91000366210938,110.91000366210938,111.0,110.91000366210938,111.0,2622.0
2024-09-16 15:12:00+00:00,TMC,1.100000023841858,1.100000023841858,1.1100000143051147,1.100000023841858,1.100000023841858,1789.0
2024-09-16 15:12:00+00:00,ZEUS,38.09000015258789,38.09000015258789,38.09000015258789,38.09000015258789,38.09000015258789,1290.0
2024-09-16 15:13:00+00:00,ACNT,9.101799964904785,9.101799964904785,9.175000190734863,9.101799964904785,9.175000190734863,861.0
2024-09-16 15:13:00+00:00,AREC,0.4950000047683716,0.4950000047683716,0.4950000047683716,0.4950000047683716,0.4950000047683716,889.0
2024-09-16 15:13:00+00:00,ASTL,10.199999809265137,10.199999809265137,10.199999809265137,10.199999809265137,10.199999809265137,200.0
2024-09-16 15:13:00+00:00,CENX,14.149999618530273,14.149999618530273,14.149999618530273,14.149999618530273,14.149999618530273,718.0
2024-09-16 15:13:00+00:00,CNEY,0.45989999175071716,0.45989999175071716,0.4652999937534332,0.4569999873638153,0.4652999937534332,41307.0
2024-09-16 15:13:00+00:00,CRKN,1.38100004196167,1.38100004196167,1.38100004196167,1.38100004196167,1.38100004196167,196.0
2024-09-16 15:13:00+00:00,GEVO,1.379699945449829,1.379699945449829,1.38919997215271,1.3700000047683716,1.3849999904632568,31743.0
2024-09-16 15:13:00+00:00,GPRE,12.640000343322754,12.640000343322754,12.640000343322754,12.625,12.625,4783.0
2024-09-16 15:13:00+00:00,GSM,4.144999980926514,4.144999980926514,4.144999980926514,4.144999980926514,4.144999980926514,162.0
2024-09-16 15:13:00+00:00,HWKN,116.70500183105469,116.70500183105469,116.83000183105469,116.66500091552734,116.66500091552734,2207.0
2024-09-16 15:13:00+00:00,LWLG,2.5350000858306885,2.5350000858306885,2.5350000858306885,2.5299999713897705,2.5350000858306885,2715.0
2024-09-16 15:13:00+00:00,MEOH,38.369998931884766,38.369998931884766,38.369998931884766,38.31999969482422,38.31999969482422,3595.0
2024-09-16 15:13:00+00:00,MERC,6.385000228881836,6.385000228881836,6.389999866485596,6.380000114440918,6.385000228881836,3454.0
2024-09-16 15:13:00+00:00,METC,9.845000267028809,9.845000267028809,9.845000267028809,9.845000267028809,9.845000267028809,171.0
2024-09-16 15:13:00+00:00,PAAS,21.354999542236328,21.354999542236328,21.354999542236328,21.34000015258789,21.34000015258789,3531.0
2024-09-16 15:13:00+00:00,PLL,7.184999942779541,7.184999942779541,7.184999942779541,7.184999942779541,7.184999942779541,210.0
2024-09-16 15:13:00+00:00,PPTA,8.90999984741211,8.90999984741211,8.930000305175781,8.90999984741211,8.930000305175781,1650.0
2024-09-16 15:13:00+00:00,SGML,10.664999961853027,10.664999961853027,10.6850004196167,10.65999984741211,10.680000305175781,2695.0
2024-09-16 15:13:00+00:00,SSRM,5.90500020980835,5.90500020980835,5.90500020980835,5.90500020980835,5.90500020980835,301.0
2024-09-16 15:13:00+00:00,STLD,110.8550033569336,110.8550033569336,110.87999725341797,110.8550033569336,110.87999725341797,1377.0
2024-09-16 15:13:00+00:00,TMC,1.100000023841858,1.100000023841858,1.1100000143051147,1.100000023841858,1.100000023841858,1587.0
2024-09-16 15:13:00+00:00,USLM,85.18000030517578,85.18000030517578,85.18000030517578,84.70999908447266,84.70999908447266,3305.0
2024-09-16 15:14:00+00:00,ASTL,10.199999809265137,10.199999809265137,10.204999923706055,10.199999809265137,10.199999809265137,5171.0
2024-09-16 15:14:00+00:00,CENX,14.140000343322754,14.140000343322754,14.140000343322754,14.140000343322754,14.140000343322754,1217.0
2024-09-16 15:14:00+00:00,CNEY,0.46000000834465027,0.46000000834465027,0.46000000834465027,0.45989999175071716,0.45989999175071716,1290.0
2024-09-16 15:14:00+00:00,GEVO,1.3799999952316284,1.3799999952316284,1.3799999952316284,1.3700000047683716,1.375,10050.0
2024-09-16 15:14:00+00:00,GPRE,12.619999885559082,12.619999885559082,12.619999885559082,12.609999656677246,12.619999885559082,3990.0
2024-09-16 15:14:00+00:00,GSM,4.150000095367432,4.150000095367432,4.150000095367432,4.150000095367432,4.150000095367432,424.0
2024-09-16 15:14:00+00:00,HDSN,7.880000114440918,7.880000114440918,7.889999866485596,7.880000114440918,7.889999866485596,1572.0
2024-09-16 15:14:00+00:00,KALU,68.87999725341797,68.87999725341797,68.91999816894531,68.81999969482422,68.91999816894531,953.0
2024-09-16 15:14:00+00:00,LITM,0.32710000872612,0.32710000872612,0.32710000872612,0.32710000872612,0.32710000872612,4836.0
2024-09-16 15:14:00+00:00,MEOH,38.45500183105469,38.45500183105469,38.45500183105469,38.415000915527344,38.415000915527344,1177.0
2024-09-16 15:14:00+00:00,MERC,6.385000228881836,6.385000228881836,6.385000228881836,6.385000228881836,6.385000228881836,811.0
2024-09-16 15:14:00+00:00,METC,9.845000267028809,9.845000267028809,9.845000267028809,9.845000267028809,9.845000267028809,433.0
2024-09-16 15:14:00+00:00,PAAS,21.329500198364258,21.329500198364258,21.350000381469727,21.329500198364258,21.350000381469727,8543.0
2024-09-16 15:14:00+00:00,SGML,10.678999900817871,10.678999900817871,10.678999900817871,10.65999984741211,10.65999984741211,1054.0
2024-09-16 15:14:00+00:00,SMID,35.04999923706055,35.04999923706055,35.04999923706055,35.04999923706055,35.04999923706055,291.0
2024-09-16 15:14:00+00:00,SNES,3.1500000953674316,3.1500000953674316,3.1500000953674316,3.1500000953674316,3.1500000953674316,579.0
2024-09-16 15:14:00+00:00,SSRM,5.909999847412109,5.909999847412109,5.909999847412109,5.900000095367432,5.900000095367432,840.0
2024-09-16 15:14:00+00:00,STLD,110.81999969482422,110.81999969482422,110.87999725341797,110.81999969482422,110.8550033569336,2485.0
2024-09-16 15:14:00+00:00,TMC,1.100000023841858,1.100000023841858,1.1050000190734863,1.100000023841858,1.1019999980926514,2797.0
2024-09-16 15:14:00+00:00,UFPI,123.37000274658203,123.37000274658203,123.37000274658203,123.37000274658203,123.37000274658203,119.0
2024-09-16 15:15:00+00:00,ASTL,10.194999694824219,10.194999694824219,10.199999809265137,10.194999694824219,10.199999809265137,1418.0
2024-09-16 15:15:00+00:00,BCPC,172.02000427246094,172.02000427246094,172.02000427246094,172.02000427246094,172.02000427246094,273.0
2024-09-16 15:15:00+00:00,CENX,14.109999656677246,14.109999656677246,14.130999565124512,14.109999656677246,14.130999565124512,1142.0
2024-09-16 15:15:00+00:00,CNEY,0.45739999413490295,0.45739999413490295,0.46000000834465027,0.4571000039577484,0.4571000039577484,48394.0
2024-09-16 15:15:00+00:00,GEVO,1.375,1.375,1.3799999952316284,1.3700000047683716,1.375,12218.0
2024-09-16 15:15:00+00:00,GPRE,12.609999656677246,12.609999656677246,12.609999656677246,12.609999656677246,12.609999656677246,3025.0
2024-09-16 15:15:00+00:00,GSM,4.150000095367432,4.150000095367432,4.150000095367432,4.144999980926514,4.144999980926514,602.0
2024-09-16 15:15:00+00:00,KALU,68.76499938964844,68.76499938964844,68.76499938964844,68.76499938964844,68.76499938964844,584.0
2024-09-16 15:15:00+00:00,LWLG,2.5299999713897705,2.5299999713897705,2.5299999713897705,2.5299999713897705,2.5299999713897705,3928.0
2024-09-16 15:15:00+00:00,MEOH,38.48500061035156,38.48500061035156,38.4900016784668,38.459999084472656,38.459999084472656,2119.0
2024-09-16 15:15:00+00:00,MERC,6.385000228881836,6.385000228881836,6.389999866485596,6.380000114440918,6.385000228881836,1595.0
2024-09-16 15:15:00+00:00,ORGN,1.5812000036239624,1.5812000036239624,1.5812000036239624,1.5800000429153442,1.5800000429153442,404.0
2024-09-16 15:15:00+00:00,PAAS,21.325000762939453,21.325000762939453,21.325000762939453,21.325000762939453,21.325000762939453,7993.0
2024-09-16 15:15:00+00:00,PLL,7.15500020980835,7.15500020980835,7.179999828338623,7.15500020980835,7.179999828338623,2218.0
2024-09-16 15:15:00+00:00,PPTA,8.869999885559082,8.869999885559082,8.890000343322754,8.869999885559082,8.890000343322754,1079.0
2024-09-16 15:15:00+00:00,SGML,10.670000076293945,10.670000076293945,10.670000076293945,10.670000076293945,10.670000076293945,1166.0
2024-09-16 15:15:00+00:00,SSRM,5.90500020980835,5.90500020980835,5.90500020980835,5.90500020980835,5.90500020980835,327.0
2024-09-16 15:15:00+00:00,STLD,110.8499984741211,110.8499984741211,110.8499984741211,110.83499908447266,110.83499908447266,1122.0
2024-09-16 15:15:00+00:00,TMC,1.090000033378601,1.090000033378601,1.1100000143051147,1.090000033378601,1.1100000143051147,8796.0
2024-09-16 15:15:00+00:00,UFPI,123.27999877929688,123.27999877929688,123.34500122070312,123.27999877929688,123.34500122070312,3281.0
2024-09-16 15:16:00+00:00,ASTL,10.194999694824219,10.194999694824219,10.194999694824219,10.1899995803833,10.194999694824219,3107.0
2024-09-16 15:16:00+00:00,CENX,14.100000381469727,14.100000381469727,14.109999656677246,14.100000381469727,14.104999542236328,1894.0
2024-09-16 15:16:00+00:00,CNEY,0.46000000834465027,0.46000000834465027,0.4625000059604645,0.46000000834465027,0.46000000834465027,11743.0
2024-09-16 15:16:00+00:00,CRKN,1.3849999904632568,1.3849999904632568,1.3849999904632568,1.3809000253677368,1.3809000253677368,203.0
2024-09-16 15:16:00+00:00,GEVO,1.375,1.375,1.3799999952316284,1.3700000047683716,1.375,10374.0
2024-09-16 15:16:00+00:00,GSM,4.150000095367432,4.150000095367432,4.150000095367432,4.144999980926514,4.144999980926514,701.0
2024-09-16 15:16:00+00:00,HDSN,7.880000114440918,7.880000114440918,7.885000228881836,7.880000114440918,7.885000228881836,1609.0
2024-09-16 15:16:00+00:00,HYMC,2.6603000164031982,2.6603000164031982,2.6603000164031982,2.6603000164031982,2.6603000164031982,259.0
2024-09-16 15:16:00+00:00,HYMCL,0.020099999383091927,0.020099999383091927,0.020099999383091927,0.020099999383091927,0.020099999383091927,7186.0
2024-09-16 15:16:00+00:00,IOSP,109.34500122070312,109.34500122070312,109.41999816894531,109.29499816894531,109.29499816894531,1429.0
2024-09-16 15:16:00+00:00,LWLG,2.5199999809265137,2.5199999809265137,2.5250000953674316,2.5199999809265137,2.5250000953674316,634.0
2024-09-16 15:16:00+00:00,MEOH,38.5099983215332,38.5099983215332,38.519901275634766,38.5099983215332,38.5099983215332,1074.0
2024-09-16 15:16:00+00:00,MERC,6.375,6.375,6.382500171661377,6.375,6.382500171661377,2285.0
2024-09-16 15:16:00+00:00,METC,9.835000038146973,9.835000038146973,9.845000267028809,9.835000038146973,9.845000267028809,2168.0
2024-09-16 15:16:00+00:00,ORGN,1.5800000429153442,1.5800000429153442,1.5800000429153442,1.5800000429153442,1.5800000429153442,8704.0
2024-09-16 15:16:00+00:00,PAAS,21.299999237060547,21.299999237060547,21.31999969482422,21.295000076293945,21.31999969482422,15739.0
2024-09-16 15:16:00+00:00,SGML,10.670000076293945,10.670000076293945,10.671799659729004,10.663999557495117,10.671799659729004,964.0
2024-09-16 15:16:00+00:00,SSRM,5.900000095367432,5.900000095367432,5.900000095367432,5.894999980926514,5.900000095367432,7030.0
2024-09-16 15:16:00+00:00,STLD,110.92500305175781,110.92500305175781,110.92500305175781,110.8499984741211,110.8499984741211,5119.0
2024-09-16 15:16:00+00:00,TMC,1.090000033378601,1.090000033378601,1.0950000286102295,1.090000033378601,1.090000033378601,2907.0
2024-09-16 15:16:00+00:00,USLM,85.18000030517578,85.18000030517578,85.18000030517578,85.0199966430664,85.0199966430664,1207.0
2024-09-16 15:17:00+00:00,AREC,0.4999000132083893,0.4999000132083893,0.4999000132083893,0.49540001153945923,0.4977000057697296,6382.0
2024-09-16 15:17:00+00:00,ASTL,10.199000358581543,10.199000358581543,10.199000358581543,10.194999694824219,10.194999694824219,1940.0
2024-09-16 15:17:00+00:00,BIOX,8.600000381469727,8.600000381469727,8.600000381469727,8.600000381469727,8.600000381469727,369.0
2024-09-16 15:17:00+00:00,CENX,14.104999542236328,14.104999542236328,14.114999771118164,14.104999542236328,14.109999656677246,1269.0
2024-09-16 15:17:00+00:00,CNEY,0.460099995136261,0.460099995136261,0.4650000035762787,0.460099995136261,0.4648999869823456,7844.0
2024-09-16 15:17:00+00:00,CRKN,1.3849999904632568,1.3849999904632568,1.3849999904632568,1.3849999904632568,1.3849999904632568,436.0
2024-09-16 15:17:00+00:00,GEVO,1.375,1.375,1.3798999786376953,1.3700000047683716,1.375,26729.0
2024-09-16 15:17:00+00:00,GPRE,12.659000396728516,12.659000396728516,12.659000396728516,12.609999656677246,12.609999656677246,3247.0
2024-09-16 15:17:00+00:00,GSM,4.144999980926514,4.144999980926514,4.150000095367432,4.144999980926514,4.144999980926514,11511.0
2024-09-16 15:17:00+00:00,HYMC,2.6600000858306885,2.6600000858306885,2.6600000858306885,2.6600000858306885,2.6600000858306885,1140.0
2024-09-16 15:17:00+00:00,MEOH,38.5,38.5,38.5,38.5,38.5,520.0
2024-09-16 15:17:00+00:00,MERC,6.385000228881836,6.385000228881836,6.389800071716309,6.380000114440918,6.380000114440918,3371.0
2024-09-16 15:17:00+00:00,METC,9.859999656677246,9.859999656677246,9.859999656677246,9.84000015258789,9.84000015258789,2004.0
2024-09-16 15:17:00+00:00,PAAS,21.31999969482422,21.31999969482422,21.325000762939453,21.309999465942383,21.309999465942383,4091.0
2024-09-16 15:17:00+00:00,PPTA,8.860099792480469,8.860099792480469,8.860099792480469,8.860099792480469,8.860099792480469,1102.0
2024-09-16 15:17:00+00:00,RGLD,140.75999450683594,140.75999450683594,140.75999450683594,140.7100067138672,140.75,2174.0
2024-09-16 15:17:00+00:00,SGML,10.680000305175781,10.680000305175781,10.680000305175781,10.670100212097168,10.670100212097168,955.0
2024-09-16 15:17:00+00:00,SSRM,5.909999847412109,5.909999847412109,5.909999847412109,5.909999847412109,5.909999847412109,4554.0
2024-09-16 15:17:00+00:00,STLD,111.00499725341797,111.00499725341797,111.04499816894531,110.94000244140625,110.94000244140625,12416.0
2024-09-16 15:17:00+00:00,TMC,1.0901000499725342,1.0901000499725342,1.1150000095367432,1.090000033378601,1.090000033378601,29529.0
2024-09-16 15:17:00+00:00,ZEUS,38.14500045776367,38.14500045776367,38.14500045776367,38.11000061035156,38.125,2379.0
2024-09-16 15:18:00+00:00,AREC,0.4999000132083893,0.4999000132083893,0.4999000132083893,0.49900001287460327,0.49900001287460327,0.0
2024-09-16 15:18:00+00:00,ASTL,10.199999809265137,10.199999809265137,10.199999809265137,10.1899995803833,10.194999694824219,7291.0
2024-09-16 15:18:00+00:00,CENX,14.119999885559082,14.119999885559082,14.119999885559082,14.119999885559082,14.119999885559082,441.0
2024-09-16 15:18:00+00:00,CNEY,0.4602000117301941,0.4602000117301941,0.4602000117301941,0.4602000117301941,0.4602000117301941,15350.0
2024-09-16 15:18:00+00:00,GEVO,1.3700000047683716,1.3700000047683716,1.3799999952316284,1.3700000047683716,1.375,3474.0
2024-09-16 15:18:00+00:00,GPRE,12.649999618530273,12.649999618530273,12.649999618530273,12.649999618530273,12.649999618530273,2830.0
2024-09-16 15:18:00+00:00,GSM,4.144999980926514,4.144999980926514,4.145999908447266,4.144999980926514,4.144999980926514,2077.0
2024-09-16 15:18:00+00:00,HDSN,7.880000114440918,7.880000114440918,7.880000114440918,7.880000114440918,7.880000114440918,197.0
2024-09-16 15:18:00+00:00,IOSP,109.47000122070312,109.47000122070312,109.47000122070312,109.47000122070312,109.47000122070312,615.0
2024-09-16 15:18:00+00:00,LWLG,2.5250000953674316,2.5250000953674316,2.5250000953674316,2.5250000953674316,2.5250000953674316,295.0
2024-09-16 15:18:00+00:00,MEOH,38.5,38.5,38.5,38.5,38.5,759.0
2024-09-16 15:18:00+00:00,MERC,6.380000114440918,6.380000114440918,6.380099773406982,6.380000114440918,6.380099773406982,3634.0
2024-09-16 15:18:00+00:00,ORGN,1.5799000263214111,1.5799000263214111,1.5800000429153442,1.5750000476837158,1.5800000429153442,10279.0
2024-09-16 15:18:00+00:00,PAAS,21.325000762939453,21.325000762939453,21.325000762939453,21.315000534057617,21.315000534057617,1880.0
2024-09-16 15:18:00+00:00,PLL,7.15500020980835,7.15500020980835,7.15500020980835,7.15500020980835,7.15500020980835,127.0
2024-09-16 15:18:00+00:00,PPTA,8.899999618530273,8.899999618530273,8.899999618530273,8.899999618530273,8.899999618530273,405.0
2024-09-16 15:18:00+00:00,RGLD,140.66009521484375,140.66009521484375,140.66009521484375,140.66009521484375,140.66009521484375,745.0
2024-09-16 15:18:00+00:00,SEED,2.559999942779541,2.559999942779541,2.559999942779541,2.559999942779541,2.559999942779541,194.0
2024-09-16 15:18:00+00:00,SMID,35.0,35.0,35.0,35.0,35.0,692.0
2024-09-16 15:18:00+00:00,SSRM,5.909999847412109,5.909999847412109,5.914999961853027,5.909999847412109,5.914999961853027,390.0
2024-09-16 15:18:00+00:00,STLD,111.00499725341797,111.00499725341797,111.00499725341797,111.0,111.0,997.0
2024-09-16 15:18:00+00:00,TMC,1.100000023841858,1.100000023841858,1.100000023841858,1.090000033378601,1.090000033378601,3258.0
2024-09-16 15:18:00+00:00,UFPI,123.23999786376953,123.23999786376953,123.25,123.23999786376953,123.25,733.0
2024-09-16 15:18:00+00:00,USAU,5.811999797821045,5.811999797821045,5.811999797821045,5.811999797821045,5.811999797821045,0.0
2024-09-16 15:19:00+00:00,ALTO,1.625,1.625,1.625,1.625,1.625,630.0
2024-09-16 15:19:00+00:00,AREC,0.4975000023841858,0.4975000023841858,0.49959999322891235,0.4975000023841858,0.49959999322891235,1947.0
2024-09-16 15:19:00+00:00,CENX,14.119999885559082,14.119999885559082,14.119999885559082,14.119999885559082,14.119999885559082,1815.0
2024-09-16 15:19:00+00:00,CNEY,0.4496999979019165,0.4496999979019165,0.4602000117301941,0.44940000772476196,0.4602000117301941,30483.0
2024-09-16 15:19:00+00:00,CRKN,1.3863999843597412,1.3863999843597412,1.3863999843597412,1.3863999843597412,1.3863999843597412,2402.0
2024-09-16 15:19:00+00:00,GEVO,1.375,1.375,1.3799999952316284,1.3700000047683716,1.375,8714.0
2024-09-16 15:19:00+00:00,GPRE,12.65999984741211,12.65999984741211,12.664999961853027,12.65999984741211,12.664999961853027,984.0
2024-09-16 15:19:00+00:00,GSM,4.150000095367432,4.150000095367432,4.150000095367432,4.150000095367432,4.150000095367432,350.0
2024-09-16 15:19:00+00:00,HDSN,7.889999866485596,7.889999866485596,7.889999866485596,7.885000228881836,7.885000228881836,928.0
2024-09-16 15:19:00+00:00,KALU,68.76000213623047,68.76000213623047,68.76000213623047,68.76000213623047,68.76000213623047,266.0
2024-09-16 15:19:00+00:00,LWLG,2.5299999713897705,2.5299999713897705,2.5299999713897705,2.5299999713897705,2.5299999713897705,1294.0
2024-09-16 15:19:00+00:00,MEOH,38.52000045776367,38.52000045776367,38.52000045776367,38.47999954223633,38.5,633.0
2024-09-16 15:19:00+00:00,MERC,6.375,6.375,6.375,6.375,6.375,661.0
2024-09-16 15:19:00+00:00,METC,9.880000114440918,9.880000114440918,9.880000114440918,9.858799934387207,9.858799934387207,2193.0
2024-09-16 15:19:00+00:00,ORGN,1.5800000429153442,1.5800000429153442,1.5859999656677246,1.5800000429153442,1.5800000429153442,3385.0
2024-09-16 15:19:00+00:00,PAAS,21.329999923706055,21.329999923706055,21.329999923706055,21.325000762939453,21.325000762939453,512.0
2024-09-16 15:19:00+00:00,PLL,7.159999847412109,7.159999847412109,7.159999847412109,7.159999847412109,7.159999847412109,427.0
2024-09-16 15:19:00+00:00,PPTA,8.869999885559082,8.869999885559082,8.869999885559082,8.869999885559082,8.869999885559082,299.0
2024-09-16 15:19:00+00:00,RGLD,140.8000030517578,140.8000030517578,140.8000030517578,140.7100067138672,140.7100067138672,2528.0
2024-09-16 15:19:00+00:00,SGML,10.704999923706055,10.704999923706055,10.704999923706055,10.689000129699707,10.689000129699707,2044.0
2024-09-16 15:19:00+00:00,SSRM,5.914999961853027,5.914999961853027,5.920000076293945,5.914999961853027,5.914999961853027,642.0
2024-09-16 15:19:00+00:00,STLD,111.16000366210938,111.16000366210938,111.16000366210938,111.01000213623047,111.01000213623047,2588.0
2024-09-16 15:19:00+00:00,TMC,1.100000023841858,1.100000023841858,1.100000023841858,1.090000033378601,1.090000033378601,2329.0
2024-09-16 15:19:00+00:00,UFPI,123.38999938964844,123.38999938964844,123.38999938964844,123.30999755859375,123.30999755859375,2253.0
2024-09-16 15:19:00+00:00,ZEUS,38.17499923706055,38.17499923706055,38.18000030517578,38.17499923706055,38.18000030517578,895.0
2024-09-16 15:20:00+00:00,ALTO,1.625,1.625,1.625,1.625,1.625,300.0
2024-09-16 15:20:00+00:00,AREC,0.49959999322891235,0.49959999322891235,0.49959999322891235,0.49959999322891235,0.49959999322891235,298.0
2024-09-16 15:20:00+00:00,ASTL,10.204999923706055,10.204999923706055,10.204999923706055,10.199999809265137,10.199999809265137,828.0
2024-09-16 15:20:00+00:00,CENX,14.140000343322754,14.140000343322754,14.140000343322754,14.125,14.125,1854.0
2024-09-16 15:20:00+00:00,CNEY,0.44769999384880066,0.44769999384880066,0.44780001044273376,0.4449999928474426,0.4465000033378601,20619.0
2024-09-16 15:20:00+00:00,CRKN,1.3849999904632568,1.3849999904632568,1.3849999904632568,1.3849999904632568,1.3849999904632568,2401.0
2024-09-16 15:20:00+00:00,GEVO,1.3799999952316284,1.3799999952316284,1.3799999952316284,1.375,1.375,23928.0
2024-09-16 15:20:00+00:00,GPRE,12.64900016784668,12.64900016784668,12.649999618530273,12.640000343322754,12.649999618530273,1175.0
2024-09-16 15:20:00+00:00,GSM,4.150000095367432,4.150000095367432,4.150000095367432,4.150000095367432,4.150000095367432,442.0
2024-09-16 15:20:00+00:00,HUDI,1.9731999635696411,1.9731999635696411,1.9731999635696411,1.9731999635696411,1.9731999635696411,301.0
2024-09-16 15:20:00+00:00,IONR,4.139999866485596,4.139999866485596,4.139999866485596,4.139999866485596,4.139999866485596,247.0
2024-09-16 15:20:00+00:00,LITM,0.3269999921321869,0.3269999921321869,0.32710000872612,0.3269999921321869,0.32710000872612,1135.0
2024-09-16 15:20:00+00:00,MEOH,38.529998779296875,38.529998779296875,38.529998779296875,38.5099983215332,38.5099983215332,1383.0
2024-09-16 15:20:00+00:00,MERC,6.375,6.375,6.375,6.375,6.375,1201.0
2024-09-16 15:20:00+00:00,METC,9.890000343322754,9.890000343322754,9.890000343322754,9.880000114440918,9.880000114440918,1243.0
2024-09-16 15:20:00+00:00,PAAS,21.325000762939453,21.325000762939453,21.329999923706055,21.31999969482422,21.31999969482422,2044.0
2024-09-16 15:20:00+00:00,PLL,7.164999961853027,7.164999961853027,7.168000221252441,7.164999961853027,7.168000221252441,346.0
2024-09-16 15:20:00+00:00,SGML,10.720000267028809,10.720000267028809,10.729900360107422,10.720000267028809,10.729900360107422,1096.0
2024-09-16 15:20:00+00:00,STLD,111.0999984741211,111.0999984741211,111.2300033569336,111.08999633789062,111.16000366210938,2446.0
2024-09-16 15:20:00+00:00,TMC,1.090000033378601,1.090000033378601,1.1068999767303467,1.090000033378601,1.090000033378601,3694.0
2024-09-16 15:20:00+00:00,USAP,37.06999969482422,37.06999969482422,37.09000015258789,37.06999969482422,37.09000015258789,730.0
2024-09-16 15:20:00+00:00,USAU,5.828800201416016,5.828800201416016,5.828800201416016,5.828800201416016,5.828800201416016,3600.0
2024-09-16 15:21:00+00:00,ALTO,1.6150000095367432,1.6150000095367432,1.6210999488830566,1.6150000095367432,1.6210999488830566,8348.0
2024-09-16 15:21:00+00:00,AREC,0.4999000132083893,0.4999000132083893,0.5,0.4993000030517578,0.49959999322891235,5532.0
2024-09-16 15:21:00+00:00,ASTL,10.210000038146973,10.210000038146973,10.210000038146973,10.210000038146973,10.210000038146973,739.0
2024-09-16 15:21:00+00:00,CENX,14.145000457763672,14.145000457763672,14.145000457763672,14.145000457763672,14.145000457763672,1156.0
2024-09-16 15:21:00+00:00,CNEY,0.45170000195503235,0.45170000195503235,0.45329999923706055,0.4498000144958496,0.4498000144958496,41200.0
2024-09-16 15:21:00+00:00,GEVO,1.3799999952316284,1.3799999952316284,1.3799999952316284,1.375,1.3798999786376953,21360.0
2024-09-16 15:21:00+00:00,GPRE,12.670000076293945,12.670000076293945,12.670000076293945,12.640000343322754,12.640000343322754,1959.0
2024-09-16 15:21:00+00:00,GSM,4.150000095367432,4.150000095367432,4.150000095367432,4.144999980926514,4.144999980926514,210.0
2024-09-16 15:21:00+00:00,GURE,0.963100016117096,0.963100016117096,0.963100016117096,0.9599999785423279,0.963100016117096,1238.0
2024-09-16 15:21:00+00:00,KALU,68.91500091552734,68.91500091552734,68.91500091552734,68.91500091552734,68.91500091552734,239.0
2024-09-16 15:21:00+00:00,LWLG,2.5250000953674316,2.5250000953674316,2.5250000953674316,2.5250000953674316,2.5250000953674316,751.0
2024-09-16 15:21:00+00:00,MEOH,38.529998779296875,38.529998779296875,38.529998779296875,38.52000045776367,38.52000045776367,657.0
2024-09-16 15:21:00+00:00,MERC,6.369999885559082,6.369999885559082,6.369999885559082,6.369999885559082,6.369999885559082,716.0
2024-09-16 15:21:00+00:00,METC,9.880000114440918,9.880000114440918,9.889900207519531,9.880000114440918,9.889900207519531,353.0
2024-09-16 15:21:00+00:00,ORGN,1.5794999599456787,1.5794999599456787,1.5794999599456787,1.570199966430664,1.570199966430664,5450.0
2024-09-16 15:21:00+00:00,PAAS,21.315000534057617,21.315000534057617,21.325000762939453,21.315000534057617,21.325000762939453,6032.0
2024-09-16 15:21:00+00:00,SSRM,5.914999961853027,5.914999961853027,5.914999961853027,5.914999961853027,5.914999961853027,118.0
2024-09-16 15:21:00+00:00,STLD,111.13500213623047,111.13500213623047,111.19000244140625,111.13500213623047,111.19000244140625,1333.0
2024-09-16 15:21:00+00:00,TMC,1.0950000286102295,1.0950000286102295,1.100000023841858,1.090000033378601,1.090000033378601,4684.0
2024-09-16 15:21:00+00:00,USAU,5.840000152587891,5.840000152587891,5.840000152587891,5.840000152587891,5.840000152587891,0.0
2024-09-16 15:22:00+00:00,AREC,0.49959999322891235,0.49959999322891235,0.49959999322891235,0.49959999322891235,0.49959999322891235,1083.0
2024-09-16 15:22:00+00:00,BIOX,8.609999656677246,8.609999656677246,8.609999656677246,8.609999656677246,8.609999656677246,277.0
2024-09-16 15:22:00+00:00,CENX,14.140999794006348,14.140999794006348,14.149999618530273,14.140999794006348,14.149999618530273,629.0
2024-09-16 15:22:00+00:00,CNEY,0.4399999976158142,0.4399999976158142,0.44999998807907104,0.4399999976158142,0.44999998807907104,21339.0
2024-09-16 15:22:00+00:00,CRKN,1.3849999904632568,1.3849999904632568,1.3849999904632568,1.3849999904632568,1.3849999904632568,1020.0
2024-09-16 15:22:00+00:00,FEAM,0.5120000243186951,0.5120000243186951,0.5120000243186951,0.5120000243186951,0.5120000243186951,1158.0
2024-09-16 15:22:00+00:00,GEVO,1.3849999904632568,1.3849999904632568,1.3899999856948853,1.375,1.3799999952316284,126939.0
2024-09-16 15:22:00+00:00,GPRE,12.680000305175781,12.680000305175781,12.680000305175781,12.664999961853027,12.664999961853027,1306.0
2024-09-16 15:22:00+00:00,GSM,4.150000095367432,4.150000095367432,4.150000095367432,4.144999980926514,4.150000095367432,785.0
2024-09-16 15:22:00+00:00,HDSN,7.894999980926514,7.894999980926514,7.894999980926514,7.894999980926514,7.894999980926514,200.0
2024-09-16 15:22:00+00:00,HYMC,2.6700000762939453,2.6700000762939453,2.6700000762939453,2.6700000762939453,2.6700000762939453,528.0
2024-09-16 15:22:00+00:00,LWLG,2.5290000438690186,2.5290000438690186,2.5290000438690186,2.5250000953674316,2.5250000953674316,2598.0
2024-09-16 15:22:00+00:00,MEOH,38.525001525878906,38.525001525878906,38.525001525878906,38.525001525878906,38.525001525878906,182.0
2024-09-16 15:22:00+00:00,METC,9.880000114440918,9.880000114440918,9.890000343322754,9.880000114440918,9.880000114440918,941.0
2024-09-16 15:22:00+00:00,PAAS,21.329999923706055,21.329999923706055,21.329999923706055,21.325000762939453,21.325000762939453,3877.0
2024-09-16 15:22:00+00:00,PLL,7.170000076293945,7.170000076293945,7.170000076293945,7.165999889373779,7.165999889373779,383.0
2024-09-16 15:22:00+00:00,PPTA,8.90999984741211,8.90999984741211,8.90999984741211,8.90999984741211,8.90999984741211,327.0
2024-09-16 15:22:00+00:00,SGML,10.720000267028809,10.720000267028809,10.734999656677246,10.720000267028809,10.734999656677246,641.0
2024-09-16 15:22:00+00:00,SSRM,5.910900115966797,5.910900115966797,5.914999961853027,5.909999847412109,5.909999847412109,9336.0
2024-09-16 15:22:00+00:00,STLD,111.1050033569336,111.1050033569336,111.1050033569336,111.0999984741211,111.0999984741211,617.0
2024-09-16 15:22:00+00:00,UFPI,123.45999908447266,123.45999908447266,123.45999908447266,123.37999725341797,123.41999816894531,1808.0
2024-09-16 15:22:00+00:00,USAU,5.817699909210205,5.817699909210205,5.817699909210205,5.817699909210205,5.817699909210205,321.0
2024-09-16 15:22:00+00:00,ZEUS,38.150001525878906,38.150001525878906,38.150001525878906,38.150001525878906,38.150001525878906,731.0
2024-09-16 15:23:00+00:00,ACNT,9.25,9.25,9.25,9.25,9.25,306.0
2024-09-16 15:23:00+00:00,ALTO,1.6150000095367432,1.6150000095367432,1.6150000095367432,1.6150000095367432,1.6150000095367432,400.0
2024-09-16 15:23:00+00:00,AREC,0.4993000030517578,0.4993000030517578,0.4999000132083893,0.4993000030517578,0.4999000132083893,2354.0
2024-09-16 15:23:00+00:00,ASTL,10.204999923706055,10.204999923706055,10.204999923706055,10.199999809265137,10.199999809265137,928.0
2024-09-16 15:23:00+00:00,CENX,14.145000457763672,14.145000457763672,14.149999618530273,14.145000457763672,14.149999618530273,605.0
2024-09-16 15:23:00+00:00,CNEY,0.44369998574256897,0.44369998574256897,0.4458000063896179,0.4399999976158142,0.4458000063896179,5970.0
2024-09-16 15:23:00+00:00,FEAM,0.5120999813079834,0.5120999813079834,0.5120999813079834,0.5029000043869019,0.5029000043869019,581.0
2024-09-16 15:23:00+00:00,GEVO,1.375,1.375,1.3849999904632568,1.375,1.3799999952316284,48833.0
2024-09-16 15:23:00+00:00,GPRE,12.670000076293945,12.670000076293945,12.670000076293945,12.670000076293945,12.670000076293945,871.0
2024-09-16 15:23:00+00:00,GSM,4.150000095367432,4.150000095367432,4.150000095367432,4.150000095367432,4.150000095367432,101.0
2024-09-16 15:23:00+00:00,HDSN,7.89900016784668,7.89900016784668,7.89900016784668,7.89900016784668,7.89900016784668,687.0
2024-09-16 15:23:00+00:00,KALU,68.87000274658203,68.87000274658203,68.87000274658203,68.87000274658203,68.87000274658203,362.0
2024-09-16 15:23:00+00:00,MEOH,38.54999923706055,38.54999923706055,38.54999923706055,38.529998779296875,38.529998779296875,633.0
2024-09-16 15:23:00+00:00,METC,9.880000114440918,9.880000114440918,9.890000343322754,9.880000114440918,9.890000343322754,782.0
2024-09-16 15:23:00+00:00,PAAS,21.334999084472656,21.334999084472656,21.334999084472656,21.329999923706055,21.329999923706055,1955.0
2024-09-16 15:23:00+00:00,PLL,7.174799919128418,7.174799919128418,7.174799919128418,7.170000076293945,7.170000076293945,739.0
2024-09-16 15:23:00+00:00,PPTA,8.899999618530273,8.899999618530273,8.90999984741211,8.899999618530273,8.90999984741211,500.0
2024-09-16 15:23:00+00:00,RETO,1.429800033569336,1.429800033569336,1.429800033569336,1.429800033569336,1.429800033569336,0.0
2024-09-16 15:23:00+00:00,SGML,10.729999542236328,10.729999542236328,10.729999542236328,10.729999542236328,10.729999542236328,202.0
2024-09-16 15:23:00+00:00,SSRM,5.914999961853027,5.914999961853027,5.920000076293945,5.914999961853027,5.920000076293945,0.0
2024-09-16 15:23:00+00:00,STLD,111.08999633789062,111.08999633789062,111.08999633789062,111.08999633789062,111.08999633789062,1079.0
2024-09-16 15:23:00+00:00,TMC,1.090000033378601,1.090000033378601,1.0950000286102295,1.090000033378601,1.0950000286102295,4923.0
2024-09-16 15:23:00+00:00,USAU,5.859899997711182,5.859899997711182,5.859899997711182,5.859899997711182,5.859899997711182,1106.0
2024-09-16 15:24:00+00:00,ACNT,9.25,9.25,9.25,9.25,9.25,200.0
2024-09-16 15:24:00+00:00,AREC,0.4999000132083893,0.4999000132083893,0.4999000132083893,0.4986000061035156,0.4999000132083893,1519.0
2024-09-16 15:24:00+00:00,CENX,14.149999618530273,14.149999618530273,14.149999618530273,14.145000457763672,14.145000457763672,855.0
2024-09-16 15:24:00+00:00,CNEY,0.4474000036716461,0.4474000036716461,0.4474000036716461,0.4401000142097473,0.4456999897956848,15681.0
2024-09-16 15:24:00+00:00,GEVO,1.375,1.375,1.3799999952316284,1.3700000047683716,1.375,17512.0
2024-09-16 15:24:00+00:00,GPRE,12.675000190734863,12.675000190734863,12.675000190734863,12.675000190734863,12.675000190734863,154.0
2024-09-16 15:24:00+00:00,GSM,4.144999980926514,4.144999980926514,4.150000095367432,4.144999980926514,4.150000095367432,570.0
2024-09-16 15:24:00+00:00,KALU,68.88500213623047,68.88500213623047,68.88500213623047,68.88500213623047,68.88500213623047,269.0
2024-09-16 15:24:00+00:00,LWLG,2.5250000953674316,2.5250000953674316,2.5250000953674316,2.5250000953674316,2.5250000953674316,466.0
2024-09-16 15:24:00+00:00,MEOH,38.564998626708984,38.564998626708984,38.564998626708984,38.55099868774414,38.55099868774414,417.0
2024-09-16 15:24:00+00:00,METC,9.880000114440918,9.880000114440918,9.880000114440918,9.869999885559082,9.869999885559082,1089.0
2024-09-16 15:24:00+00:00,PAAS,21.34000015258789,21.34000015258789,21.34000015258789,21.329999923706055,21.334999084472656,4675.0
2024-09-16 15:24:00+00:00,PPTA,8.925000190734863,8.925000190734863,8.925000190734863,8.925000190734863,8.925000190734863,372.0
2024-09-16 15:24:00+00:00,SGML,10.73900032043457,10.73900032043457,10.739999771118164,10.73900032043457,10.739999771118164,399.0
2024-09-16 15:24:00+00:00,SSRM,5.914999961853027,5.914999961853027,5.914999961853027,5.914999961853027,5.914999961853027,747.0
2024-09-16 15:24:00+00:00,STLD,111.11000061035156,111.11000061035156,111.16999816894531,111.11000061035156,111.13500213623047,3512.0
2024-09-16 15:24:00+00:00,TMC,1.090000033378601,1.090000033378601,1.090000033378601,1.090000033378601,1.090000033378601,400.0
2024-09-16 15:24:00+00:00,ZEUS,38.189998626708984,38.189998626708984,38.189998626708984,38.189998626708984,38.189998626708984,564.0
2024-09-16 15:25:00+00:00,ACNT,9.25,9.25,9.25,9.25,9.25,138.0
2024-09-16 15:25:00+00:00,AREC,0.49459999799728394,0.49459999799728394,0.4999000132083893,0.49459999799728394,0.4999000132083893,415.0
2024-09-16 15:25:00+00:00,BCPC,172.08999633789062,172.08999633789062,172.08999633789062,172.08999633789062,172.08999633789062,1054.0
2024-09-16 15:25:00+00:00,CENX,14.154999732971191,14.154999732971191,14.154999732971191,14.149999618530273,14.149999618530273,1469.0
2024-09-16 15:25:00+00:00,CNEY,0.46000000834465027,0.46000000834465027,0.4611000120639801,0.4474000036716461,0.4474000036716461,22176.0
2024-09-16 15:25:00+00:00,GEVO,1.375,1.375,1.3799999952316284,1.3700000047683716,1.3799999952316284,24668.0
2024-09-16 15:25:00+00:00,GPRE,12.694999694824219,12.694999694824219,12.699999809265137,12.675000190734863,12.675000190734863,2133.0
2024-09-16 15:25:00+00:00,GSM,4.150000095367432,4.150000095367432,4.150000095367432,4.144999980926514,4.144999980926514,218.0
2024-09-16 15:25:00+00:00,LWLG,2.5250000953674316,2.5250000953674316,2.5271999835968018,2.5250000953674316,2.5271999835968018,1636.0
2024-09-16 15:25:00+00:00,MEOH,38.65999984741211,38.65999984741211,38.65999984741211,38.58000183105469,38.58000183105469,1184.0
2024-09-16 15:25:00+00:00,MERC,6.375,6.375,6.375,6.375,6.375,107.0
2024-09-16 15:25:00+00:00,METC,9.890000343322754,9.890000343322754,9.890000343322754,9.880000114440918,9.880000114440918,312.0
2024-09-16 15:25:00+00:00,PAAS,21.334999084472656,21.334999084472656,21.334999084472656,21.334999084472656,21.334999084472656,420.0
2024-09-16 15:25:00+00:00,PLL,7.170000076293945,7.170000076293945,7.179999828338623,7.170000076293945,7.179999828338623,1019.0
2024-09-16 15:25:00+00:00,PPTA,8.9399995803833,8.9399995803833,8.9399995803833,8.9399995803833,8.9399995803833,214.0
2024-09-16 15:25:00+00:00,SGML,10.75,10.75,10.75,10.75,10.75,1009.0
2024-09-16 15:25:00+00:00,SSRM,5.925000190734863,5.925000190734863,5.925000190734863,5.914999961853027,5.914999961853027,4783.0
2024-09-16 15:25:00+00:00,STLD,111.11000061035156,111.11000061035156,111.12999725341797,111.11000061035156,111.12999725341797,1010.0
2024-09-16 15:25:00+00:00,TMC,1.090000033378601,1.090000033378601,1.0950000286102295,1.090000033378601,1.0950000286102295,4326.0
2024-09-16 15:25:00+00:00,UFPI,123.55999755859375,123.55999755859375,123.55999755859375,123.55500030517578,123.55500030517578,977.0
2024-09-16 15:26:00+00:00,ACNT,9.25,9.25,9.25,9.25,9.25,142.0
2024-09-16 15:26:00+00:00,AREC,0.49729999899864197,0.49729999899864197,0.5,0.49729999899864197,0.5,1485.0
2024-09-16 15:26:00+00:00,ASTL,10.210000038146973,10.210000038146973,10.21500015258789,10.210000038146973,10.210000038146973,2221.0
2024-09-16 15:26:00+00:00,CENX,14.149999618530273,14.149999618530273,14.154999732971191,14.149999618530273,14.154999732971191,1787.0
2024-09-16 15:26:00+00:00,CNEY,0.45989999175071716,0.45989999175071716,0.46000000834465027,0.45989999175071716,0.46000000834465027,1118.0
2024-09-16 15:26:00+00:00,GEVO,1.3799999952316284,1.3799999952316284,1.3799999952316284,1.3700000047683716,1.3799999952316284,14198.0
2024-09-16 15:26:00+00:00,GPRE,12.6850004196167,12.6850004196167,12.699999809265137,12.6850004196167,12.694999694824219,3990.0
2024-09-16 15:26:00+00:00,GSM,4.144999980926514,4.144999980926514,4.150000095367432,4.144999980926514,4.150000095367432,1548.0
2024-09-16 15:26:00+00:00,HDSN,7.894999980926514,7.894999980926514,7.894999980926514,7.894999980926514,7.894999980926514,394.0
2024-09-16 15:26:00+00:00,IOSP,109.54000091552734,109.54000091552734,109.54000091552734,109.54000091552734,109.54000091552734,1211.0
2024-09-16 15:26:00+00:00,KALU,68.88500213623047,68.88500213623047,68.88500213623047,68.88500213623047,68.88500213623047,111.0
2024-09-16 15:26:00+00:00,LWLG,2.529900074005127,2.529900074005127,2.529900074005127,2.5250000953674316,2.529099941253662,1273.0
2024-09-16 15:26:00+00:00,MEOH,38.70500183105469,38.70500183105469,38.70500183105469,38.64500045776367,38.64500045776367,3349.0
2024-09-16 15:26:00+00:00,MERC,6.375,6.375,6.375,6.375,6.375,772.0
2024-09-16 15:26:00+00:00,METC,9.930000305175781,9.930000305175781,9.930000305175781,9.890000343322754,9.890000343322754,1993.0
2024-09-16 15:26:00+00:00,ORGN,1.5750000476837158,1.5750000476837158,1.5800000429153442,1.570099949836731,1.5799000263214111,4413.0
2024-09-16 15:26:00+00:00,PAAS,21.350000381469727,21.350000381469727,21.350000381469727,21.334999084472656,21.334999084472656,7108.0
2024-09-16 15:26:00+00:00,PLL,7.169000148773193,7.169000148773193,7.169000148773193,7.169000148773193,7.169000148773193,147.0
2024-09-16 15:26:00+00:00,PPTA,8.930000305175781,8.930000305175781,8.9399995803833,8.930000305175781,8.9399995803833,957.0
2024-09-16 15:26:00+00:00,RGLD,140.75,140.75,140.7550048828125,140.75,140.7550048828125,961.0
2024-09-16 15:26:00+00:00,SSRM,5.925000190734863,5.925000190734863,5.929999828338623,5.925000190734863,5.929999828338623,814.0
2024-09-16 15:26:00+00:00,STLD,111.0999984741211,111.0999984741211,111.13500213623047,111.0999984741211,111.11000061035156,2304.0
2024-09-16 15:26:00+00:00,TMC,1.090000033378601,1.090000033378601,1.090000033378601,1.090000033378601,1.090000033378601,2227.0
2024-09-16 15:26:00+00:00,USAU,5.848999977111816,5.848999977111816,5.848999977111816,5.848999977111816,5.848999977111816,725.0
2024-09-16 15:26:00+00:00,ZEUS,38.20000076293945,38.20000076293945,38.22999954223633,38.16999816894531,38.22999954223633,1610.0
2024-09-16 15:27:00+00:00,AREC,0.5,0.5,0.5,0.5,0.5,703.0
2024-09-16 15:27:00+00:00,ASTL,10.21500015258789,10.21500015258789,10.21500015258789,10.199999809265137,10.210000038146973,4794.0
2024-09-16 15:27:00+00:00,CENX,14.140999794006348,14.140999794006348,14.145000457763672,14.140000343322754,14.145000457763672,2427.0
2024-09-16 15:27:00+00:00,CNEY,0.45980000495910645,0.45980000495910645,0.46000000834465027,0.4553999900817871,0.46000000834465027,6149.0
2024-09-16 15:27:00+00:00,GEVO,1.3799999952316284,1.3799999952316284,1.3799999952316284,1.375,1.3799999952316284,427.0
2024-09-16 15:27:00+00:00,GPRE,12.670000076293945,12.670000076293945,12.680000305175781,12.670000076293945,12.680000305175781,1449.0
2024-09-16 15:27:00+00:00,GSM,4.150000095367432,4.150000095367432,4.150000095367432,4.150000095367432,4.150000095367432,257.0
2024-09-16 15:27:00+00:00,HDSN,7.889999866485596,7.889999866485596,7.889999866485596,7.889999866485596,7.889999866485596,703.0
2024-09-16 15:27:00+00:00,KALU,68.92739868164062,68.92739868164062,68.92739868164062,68.92739868164062,68.92739868164062,219.0
2024-09-16 15:27:00+00:00,MEOH,38.65999984741211,38.65999984741211,38.709999084472656,38.65999984741211,38.709999084472656,2103.0
2024-09-16 15:27:00+00:00,MERC,6.389999866485596,6.389999866485596,6.389999866485596,6.375,6.375,6307.0
2024-09-16 15:27:00+00:00,METC,9.930000305175781,9.930000305175781,9.930000305175781,9.920000076293945,9.920000076293945,1110.0
2024-09-16 15:27:00+00:00,PAAS,21.360000610351562,21.360000610351562,21.360000610351562,21.34000015258789,21.34779930114746,4287.0
2024-09-16 15:27:00+00:00,PPTA,8.930000305175781,8.930000305175781,8.930000305175781,8.930000305175781,8.930000305175781,446.0
2024-09-16 15:27:00+00:00,RGLD,140.75,140.75,140.75999450683594,140.75,140.75999450683594,1566.0
2024-09-16 15:27:00+00:00,SGML,10.739999771118164,10.739999771118164,10.739999771118164,10.739999771118164,10.739999771118164,1497.0
2024-09-16 15:27:00+00:00,SSRM,5.925000190734863,5.925000190734863,5.926000118255615,5.925000190734863,5.925000190734863,625.0
2024-09-16 15:27:00+00:00,STLD,111.12000274658203,111.12000274658203,111.12000274658203,111.11000061035156,111.11000061035156,1244.0
2024-09-16 15:27:00+00:00,TMC,1.090000033378601,1.090000033378601,1.0950000286102295,1.090000033378601,1.0950000286102295,4334.0
2024-09-16 15:27:00+00:00,UFPI,123.59500122070312,123.59500122070312,123.59500122070312,123.59500122070312,123.59500122070312,133.0
2024-09-16 15:27:00+00:00,USAP,37.060001373291016,37.060001373291016,37.060001373291016,37.04999923706055,37.04999923706055,1112.0
2024-09-16 15:27:00+00:00,ZEUS,38.099998474121094,38.099998474121094,38.16999816894531,38.099998474121094,38.16999816894531,1746.0
2024-09-16 15:28:00+00:00,AREC,0.5,0.5,0.5,0.5,0.5,1003.0
2024-09-16 15:28:00+00:00,CENX,14.149999618530273,14.149999618530273,14.149999618530273,14.145000457763672,14.149999618530273,1730.0
2024-09-16 15:28:00+00:00,CNEY,0.4690999984741211,0.4690999984741211,0.4699999988079071,0.45989999175071716,0.45989999175071716,8192.0
2024-09-16 15:28:00+00:00,GEVO,1.3799999952316284,1.3799999952316284,1.3799999952316284,1.375,1.378499984741211,4949.0
2024-09-16 15:28:00+00:00,GPRE,12.670000076293945,12.670000076293945,12.670000076293945,12.670000076293945,12.670000076293945,339.0
2024-09-16 15:28:00+00:00,GSM,4.150000095367432,4.150000095367432,4.150000095367432,4.144999980926514,4.144999980926514,1629.0
2024-09-16 15:28:00+00:00,HDSN,7.894999980926514,7.894999980926514,7.894999980926514,7.889999866485596,7.889999866485596,966.0
2024-09-16 15:28:00+00:00,HYMC,2.677999973297119,2.677999973297119,2.677999973297119,2.677999973297119,2.677999973297119,538.0
2024-09-16 15:28:00+00:00,KALU,68.80999755859375,68.80999755859375,68.80999755859375,68.80999755859375,68.80999755859375,481.0
2024-09-16 15:28:00+00:00,LWLG,2.5250000953674316,2.5250000953674316,2.5250000953674316,2.5250000953674316,2.5250000953674316,404.0
2024-09-16 15:28:00+00:00,MEOH,38.66999816894531,38.66999816894531,38.685001373291016,38.65129852294922,38.685001373291016,1210.0
2024-09-16 15:28:00+00:00,MERC,6.380000114440918,6.380000114440918,6.389999866485596,6.380000114440918,6.389999866485596,2323.0
2024-09-16 15:28:00+00:00,METC,9.9399995803833,9.9399995803833,9.9399995803833,9.9399995803833,9.9399995803833,119.0
2024-09-16 15:28:00+00:00,ORGN,1.5755000114440918,1.5755000114440918,1.5755000114440918,1.5755000114440918,1.5755000114440918,4000.0
2024-09-16 15:28:00+00:00,PAAS,21.360000610351562,21.360000610351562,21.360000610351562,21.354999542236328,21.360000610351562,2623.0
2024-09-16 15:28:00+00:00,PLL,7.164999961853027,7.164999961853027,7.164999961853027,7.164999961853027,7.164999961853027,102.0
2024-09-16 15:28:00+00:00,RGLD,140.77999877929688,140.77999877929688,140.77999877929688,140.77999877929688,140.77999877929688,424.0
2024-09-16 15:28:00+00:00,SMID,34.13999938964844,34.13999938964844,34.13999938964844,34.13999938964844,34.13999938964844,520.0
2024-09-16 15:28:00+00:00,SSRM,5.925000190734863,5.925000190734863,5.925000190734863,5.925000190734863,5.925000190734863,200.0
2024-09-16 15:28:00+00:00,STLD,111.16000366210938,111.16000366210938,111.16000366210938,111.13500213623047,111.13500213623047,4565.0
2024-09-16 15:28:00+00:00,TMC,1.090000033378601,1.090000033378601,1.0950000286102295,1.090000033378601,1.090000033378601,2550.0
2024-09-16 15:28:00+00:00,USAU,5.860000133514404,5.860000133514404,5.860000133514404,5.860000133514404,5.860000133514404,2670.0
2024-09-16 15:29:00+00:00,ACNT,9.180000305175781,9.180000305175781,9.180000305175781,9.180000305175781,9.180000305175781,810.0
2024-09-16 15:29:00+00:00,BIOX,8.600000381469727,8.600000381469727,8.600000381469727,8.600000381469727,8.600000381469727,570.0
2024-09-16 15:29:00+00:00,CENX,14.154999732971191,14.154999732971191,14.154999732971191,14.154999732971191,14.154999732971191,1059.0
2024-09-16 15:29:00+00:00,CNEY,0.46700000762939453,0.46700000762939453,0.46799999475479126,0.4668999910354614,0.46790000796318054,6001.0
2024-09-16 15:29:00+00:00,FEAM,0.503000020980835,0.503000020980835,0.503000020980835,0.503000020980835,0.503000020980835,1069.0
2024-09-16 15:29:00+00:00,GEVO,1.3799999952316284,1.3799999952316284,1.3799999952316284,1.375,1.3792999982833862,29943.0
2024-09-16 15:29:00+00:00,GPRE,12.675000190734863,12.675000190734863,12.675000190734863,12.670000076293945,12.670000076293945,1398.0
2024-09-16 15:29:00+00:00,HWKN,116.41000366210938,116.41000366210938,116.41000366210938,116.41000366210938,116.41000366210938,257.0
2024-09-16 15:29:00+00:00,MEOH,38.6150016784668,38.6150016784668,38.65399932861328,38.599998474121094,38.65399932861328,2383.0
2024-09-16 15:29:00+00:00,METC,9.9399995803833,9.9399995803833,9.9399995803833,9.9399995803833,9.9399995803833,185.0
2024-09-16 15:29:00+00:00,ORGN,1.5703999996185303,1.5703999996185303,1.5703999996185303,1.5703999996185303,1.5703999996185303,0.0
2024-09-16 15:29:00+00:00,PAAS,21.350099563598633,21.350099563598633,21.354999542236328,21.350000381469727,21.354999542236328,4016.0
2024-09-16 15:29:00+00:00,PLL,7.135000228881836,7.135000228881836,7.164999961853027,7.135000228881836,7.164999961853027,2316.0
2024-09-16 15:29:00+00:00,RGLD,140.78500366210938,140.78500366210938,140.78500366210938,140.78500366210938,140.78500366210938,495.0
2024-09-16 15:29:00+00:00,SGML,10.739999771118164,10.739999771118164,10.744999885559082,10.730199813842773,10.739999771118164,1411.0
2024-09-16 15:29:00+00:00,SSRM,5.925000190734863,5.925000190734863,5.925000190734863,5.925000190734863,5.925000190734863,117.0
2024-09-16 15:29:00+00:00,STLD,111.1050033569336,111.1050033569336,111.12000274658203,111.08999633789062,111.12000274658203,3128.0
2024-09-16 15:29:00+00:00,TMC,1.0950000286102295,1.0950000286102295,1.0950000286102295,1.090000033378601,1.090000033378601,904.0
2024-09-16 15:29:00+00:00,UFPI,123.5999984741211,123.5999984741211,123.5999984741211,123.5999984741211,123.5999984741211,155.0
2024-09-16 15:29:00+00:00,USAP,37.08000183105469,37.08000183105469,37.08000183105469,37.08000183105469,37.08000183105469,153.0
2024-09-16 15:29:00+00:00,ZEUS,38.130001068115234,38.130001068115234,38.130001068115234,38.130001068115234,38.130001068115234,255.0
2024-09-16 15:30:00+00:00,ALTO,1.611299991607666,1.611299991607666,1.611299991607666,1.611299991607666,1.611299991607666,1939.0
2024-09-16 15:30:00+00:00,ASTL,10.210000038146973,10.210000038146973,10.210000038146973,10.210000038146973,10.210000038146973,1044.0
2024-09-16 15:30:00+00:00,CENX,14.145000457763672,14.145000457763672,14.145000457763672,14.145000457763672,14.145000457763672,5584.0
2024-09-16 15:30:00+00:00,GEVO,1.375,1.375,1.3799999952316284,1.375,1.375,30788.0
2024-09-16 15:30:00+00:00,GPRE,12.668999671936035,12.668999671936035,12.668999671936035,12.668999671936035,12.668999671936035,1906.0
2024-09-16 15:30:00+00:00,GSM,4.150000095367432,4.150000095367432,4.150000095367432,4.150000095367432,4.150000095367432,3847.0
2024-09-16 15:30:00+00:00,HDSN,7.889999866485596,7.889999866485596,7.889999866485596,7.889999866485596,7.889999866485596,326.0
2024-09-16 15:30:00+00:00,HWKN,116.0999984741211,116.0999984741211,116.0999984741211,116.0999984741211,116.0999984741211,3184.0
2024-09-16 15:30:00+00:00,MEOH,38.67499923706055,38.67499923706055,38.689998626708984,38.67499923706055,38.689998626708984,1007.0
2024-09-16 15:30:00+00:00,MERC,6.385000228881836,6.385000228881836,6.385000228881836,6.385000228881836,6.385000228881836,1903.0
2024-09-16 15:30:00+00:00,METC,9.914999961853027,9.914999961853027,9.914999961853027,9.914999961853027,9.914999961853027,4450.0
2024-09-16 15:30:00+00:00,ORGN,1.5700000524520874,1.5700000524520874,1.5700000524520874,1.5700000524520874,1.5700000524520874,4835.0
2024-09-16 15:30:00+00:00,PAAS,21.34000015258789,21.34000015258789,21.350000381469727,21.34000015258789,21.350000381469727,7306.0
2024-09-16 15:30:00+00:00,PLL,7.130000114440918,7.130000114440918,7.130000114440918,7.130000114440918,7.130000114440918,755.0
2024-09-16 15:30:00+00:00,RGLD,140.82000732421875,140.82000732421875,140.82000732421875,140.82000732421875,140.82000732421875,2039.0
2024-09-16 15:30:00+00:00,SGML,10.739999771118164,10.739999771118164,10.739999771118164,10.739999771118164,10.739999771118164,2372.0
2024-09-16 15:30:00+00:00,SNES,3.009999990463257,3.009999990463257,3.009999990463257,3.009999990463257,3.009999990463257,1415.0
2024-09-16 15:30:00+00:00,STLD,111.04000091552734,111.04000091552734,111.04000091552734,111.04000091552734,111.04000091552734,3849.0
2024-09-16 15:30:00+00:00,UFPI,123.48500061035156,123.48500061035156,123.48500061035156,123.48500061035156,123.48500061035156,325.0
2024-09-16 15:30:00+00:00,USLM,85.1500015258789,85.1500015258789,85.1500015258789,85.1500015258789,85.1500015258789,355.0
2024-09-16 15:30:00+00:00,ZEUS,37.97999954223633,37.97999954223633,38.04999923706055,37.97999954223633,38.04999923706055,2073.0
2024-09-16 15:31:00+00:00,ACNT,9.180000305175781,9.180000305175781,9.180000305175781,9.180000305175781,9.180000305175781,2588.0
2024-09-16 15:31:00+00:00,ASTL,10.220000267028809,10.220000267028809,10.220000267028809,10.210000038146973,10.210000038146973,5006.0
2024-09-16 15:31:00+00:00,BCPC,171.8699951171875,171.8699951171875,171.8699951171875,171.80999755859375,171.80999755859375,732.0
2024-09-16 15:31:00+00:00,CENX,14.140999794006348,14.140999794006348,14.149999618530273,14.140000343322754,14.145000457763672,3137.0
2024-09-16 15:31:00+00:00,CNEY,0.4603999853134155,0.4603999853134155,0.4603999853134155,0.4603999853134155,0.4603999853134155,3678.0
2024-09-16 15:31:00+00:00,CRKN,1.3803999423980713,1.3803999423980713,1.3803999423980713,1.3801000118255615,1.3801000118255615,3140.0
2024-09-16 15:31:00+00:00,GEVO,1.3700000047683716,1.3700000047683716,1.3799999952316284,1.3700000047683716,1.375,4544.0
2024-09-16 15:31:00+00:00,GPRE,12.664999961853027,12.664999961853027,12.664999961853027,12.664999961853027,12.664999961853027,850.0
2024-09-16 15:31:00+00:00,GSM,4.144999980926514,4.144999980926514,4.150000095367432,4.144999980926514,4.150000095367432,427.0
2024-09-16 15:31:00+00:00,GURE,0.9649999737739563,0.9649999737739563,0.9649999737739563,0.9649999737739563,0.9649999737739563,2135.0
2024-09-16 15:31:00+00:00,HDSN,7.894999980926514,7.894999980926514,7.894999980926514,7.894999980926514,7.894999980926514,785.0
2024-09-16 15:31:00+00:00,HWKN,116.16999816894531,116.16999816894531,116.18000030517578,116.11000061035156,116.12000274658203,1431.0
2024-09-16 15:31:00+00:00,HYMCL,0.021299999207258224,0.021299999207258224,0.021299999207258224,0.021299999207258224,0.021299999207258224,24.0
2024-09-16 15:31:00+00:00,IPX,17.899999618530273,17.899999618530273,17.920000076293945,17.899999618530273,17.920000076293945,2655.0
2024-09-16 15:31:00+00:00,LWLG,2.5250000953674316,2.5250000953674316,2.5250000953674316,2.5250000953674316,2.5250000953674316,467.0
2024-09-16 15:31:00+00:00,MERC,6.385000228881836,6.385000228881836,6.385000228881836,6.385000228881836,6.385000228881836,504.0
2024-09-16 15:31:00+00:00,METC,9.90999984741211,9.90999984741211,9.930000305175781,9.90999984741211,9.914999961853027,2225.0
2024-09-16 15:31:00+00:00,ORGN,1.5758999586105347,1.5758999586105347,1.5758999586105347,1.5758999586105347,1.5758999586105347,200.0
2024-09-16 15:31:00+00:00,PAAS,21.334999084472656,21.334999084472656,21.334999084472656,21.329999923706055,21.329999923706055,3533.0
2024-09-16 15:31:00+00:00,RGLD,140.80999755859375,140.80999755859375,140.82000732421875,140.80999755859375,140.82000732421875,2208.0
2024-09-16 15:31:00+00:00,SGML,10.755000114440918,10.755000114440918,10.755000114440918,10.755000114440918,10.755000114440918,386.0
2024-09-16 15:31:00+00:00,SSRM,5.914999961853027,5.914999961853027,5.914999961853027,5.914999961853027,5.914999961853027,14231.0
2024-09-16 15:31:00+00:00,STLD,111.1050033569336,111.1050033569336,111.12000274658203,111.08000183105469,111.08000183105469,2108.0
2024-09-16 15:31:00+00:00,TMC,1.0950000286102295,1.0950000286102295,1.100000023841858,1.090000033378601,1.0950000286102295,7830.0
2024-09-16 15:31:00+00:00,UFPI,123.38999938964844,123.38999938964844,123.48999786376953,123.38999938964844,123.48999786376953,1465.0
2024-09-16 15:31:00+00:00,ZEUS,37.900001525878906,37.900001525878906,37.95000076293945,37.900001525878906,37.95000076293945,634.0
2024-09-16 15:32:00+00:00,AREC,0.4932999908924103,0.4932999908924103,0.4932999908924103,0.4932999908924103,0.4932999908924103,11071.0
2024-09-16 15:32:00+00:00,ASTL,10.239999771118164,10.239999771118164,10.239999771118164,10.229999542236328,10.229999542236328,1877.0
2024-09-16 15:32:00+00:00,BCPC,171.83999633789062,171.83999633789062,171.83999633789062,171.83999633789062,171.83999633789062,953.0
2024-09-16 15:32:00+00:00,CENX,14.145000457763672,14.145000457763672,14.145000457763672,14.140000343322754,14.145000457763672,869.0
2024-09-16 15:32:00+00:00,CNEY,0.4699999988079071,0.4699999988079071,0.4699999988079071,0.4603999853134155,0.46050000190734863,4701.0
2024-09-16 15:32:00+00:00,GEVO,1.3849999904632568,1.3849999904632568,1.3899999856948853,1.3799999952316284,1.3799999952316284,30559.0
2024-09-16 15:32:00+00:00,GPRE,12.699000358581543,12.699000358581543,12.699000358581543,12.664999961853027,12.664999961853027,2870.0
2024-09-16 15:32:00+00:00,GSM,4.144999980926514,4.144999980926514,4.150000095367432,4.144999980926514,4.144999980926514,679.0
2024-09-16 15:32:00+00:00,HWKN,116.4000015258789,116.4000015258789,116.4000015258789,116.16500091552734,116.16500091552734,2352.0
2024-09-16 15:32:00+00:00,HYMCL,0.024000000208616257,0.024000000208616257,0.024000000208616257,0.024000000208616257,0.024000000208616257,100.0
2024-09-16 15:32:00+00:00,KALU,68.9000015258789,68.9000015258789,68.9000015258789,68.83999633789062,68.8499984741211,768.0
2024-09-16 15:32:00+00:00,LGO,1.7400000095367432,1.7400000095367432,1.7400000095367432,1.7200000286102295,1.7200000286102295,1582.0
2024-09-16 15:32:00+00:00,LWLG,2.529900074005127,2.529900074005127,2.529900074005127,2.5250000953674316,2.5250000953674316,2627.0
2024-09-16 15:32:00+00:00,MEOH,38.75,38.75,38.75,38.69499969482422,38.70000076293945,4558.0
2024-09-16 15:32:00+00:00,METC,9.920000076293945,9.920000076293945,9.920000076293945,9.90999984741211,9.90999984741211,655.0
2024-09-16 15:32:00+00:00,ORGN,1.5700000524520874,1.5700000524520874,1.5700000524520874,1.5700000524520874,1.5700000524520874,1226.0
2024-09-16 15:32:00+00:00,PAAS,21.354999542236328,21.354999542236328,21.360000610351562,21.334999084472656,21.334999084472656,10230.0
2024-09-16 15:32:00+00:00,PPTA,8.914999961853027,8.914999961853027,8.914999961853027,8.90999984741211,8.90999984741211,2001.0
2024-09-16 15:32:00+00:00,SGML,10.760000228881836,10.760000228881836,10.760000228881836,10.739999771118164,10.75,1865.0
2024-09-16 15:32:00+00:00,SMID,34.476200103759766,34.476200103759766,34.476200103759766,33.84000015258789,33.84000015258789,502.0
2024-09-16 15:32:00+00:00,SSRM,5.914999961853027,5.914999961853027,5.914999961853027,5.914999961853027,5.914999961853027,1010.0
2024-09-16 15:32:00+00:00,STLD,111.18000030517578,111.18000030517578,111.18000030517578,111.11000061035156,111.11000061035156,3014.0
2024-09-16 15:32:00+00:00,TMC,1.090000033378601,1.090000033378601,1.100000023841858,1.090000033378601,1.0950000286102295,7135.0
2024-09-16 15:32:00+00:00,UFPI,123.4000015258789,123.4000015258789,123.4000015258789,123.30000305175781,123.30000305175781,727.0
2024-09-16 15:32:00+00:00,USAP,37.0,37.0,37.029998779296875,37.0,37.029998779296875,665.0
2024-09-16 15:32:00+00:00,USAU,5.820000171661377,5.820000171661377,5.869999885559082,5.820000171661377,5.869999885559082,2032.0
2024-09-16 15:32:00+00:00,USLM,85.06999969482422,85.06999969482422,85.06999969482422,85.06999969482422,85.06999969482422,1435.0
2024-09-16 15:32:00+00:00,ZEUS,37.959999084472656,37.959999084472656,37.959999084472656,37.959999084472656,37.959999084472656,138.0
2024-09-16 15:33:00+00:00,ACNT,9.180000305175781,9.180000305175781,9.180000305175781,9.180000305175781,9.180000305175781,1291.0
2024-09-16 15:33:00+00:00,ALTO,1.6150000095367432,1.6150000095367432,1.6150000095367432,1.6100000143051147,1.6150000095367432,1264.0
2024-09-16 15:33:00+00:00,AREC,0.5,0.5,0.5,0.5,0.5,32.0
2024-09-16 15:33:00+00:00,ASTL,10.239999771118164,10.239999771118164,10.239999771118164,10.239999771118164,10.239999771118164,328.0
2024-09-16 15:33:00+00:00,CENX,14.164999961853027,14.164999961853027,14.164999961853027,14.149999618530273,14.149999618530273,3955.0
2024-09-16 15:33:00+00:00,CNEY,0.4659000039100647,0.4659000039100647,0.4699000120162964,0.4659000039100647,0.4699000120162964,11570.0
2024-09-16 15:33:00+00:00,GEVO,1.3849999904632568,1.3849999904632568,1.3849999904632568,1.3811999559402466,1.3849999904632568,3704.0
2024-09-16 15:33:00+00:00,GPRE,12.694999694824219,12.694999694824219,12.694999694824219,12.6899995803833,12.694999694824219,1283.0
2024-09-16 15:33:00+00:00,GSM,4.144999980926514,4.144999980926514,4.150000095367432,4.144999980926514,4.150000095367432,773.0
2024-09-16 15:33:00+00:00,HDSN,7.920000076293945,7.920000076293945,7.920000076293945,7.900000095367432,7.900000095367432,1040.0
2024-09-16 15:33:00+00:00,IOSP,109.70999908447266,109.70999908447266,109.70999908447266,109.70999908447266,109.70999908447266,817.0
2024-09-16 15:33:00+00:00,KALU,69.0199966430664,69.0199966430664,69.0199966430664,68.91000366210938,68.91000366210938,4732.0
2024-09-16 15:33:00+00:00,LITM,0.3231000006198883,0.3231000006198883,0.32710000872612,0.3231000006198883,0.32710000872612,15210.0
2024-09-16 15:33:00+00:00,LWLG,2.5350000858306885,2.5350000858306885,2.5350000858306885,2.5299999713897705,2.5299999713897705,5507.0
2024-09-16 15:33:00+00:00,MEOH,38.755001068115234,38.755001068115234,38.779998779296875,38.73099899291992,38.779998779296875,2784.0
2024-09-16 15:33:00+00:00,MERC,6.385000228881836,6.385000228881836,6.385000228881836,6.385000228881836,6.385000228881836,1731.0
2024-09-16 15:33:00+00:00,METC,9.920000076293945,9.920000076293945,9.920000076293945,9.90999984741211,9.90999984741211,1297.0
2024-09-16 15:33:00+00:00,PAAS,21.3700008392334,21.3700008392334,21.3700008392334,21.360000610351562,21.360000610351562,4089.0
2024-09-16 15:33:00+00:00,PPTA,8.930000305175781,8.930000305175781,8.930000305175781,8.930000305175781,8.930000305175781,874.0
2024-09-16 15:33:00+00:00,SGML,10.800000190734863,10.800000190734863,10.800000190734863,10.779999732971191,10.779999732971191,4676.0
2024-09-16 15:33:00+00:00,SSRM,5.920000076293945,5.920000076293945,5.920000076293945,5.914999961853027,5.914999961853027,1440.0
2024-09-16 15:33:00+00:00,STLD,111.20999908447266,111.20999908447266,111.26000213623047,111.20999908447266,111.26000213623047,1799.0
2024-09-16 15:33:00+00:00,TMC,1.090000033378601,1.090000033378601,1.0950000286102295,1.090000033378601,1.090000033378601,4894.0
2024-09-16 15:33:00+00:00,USLM,85.25,85.25,85.25,85.25,85.25,2430.0
2024-09-16 15:33:00+00:00,ZEUS,37.9900016784668,37.9900016784668,37.9900016784668,37.9900016784668,37.9900016784668,1144.0
2024-09-16 15:34:00+00:00,ASTL,10.234999656677246,10.234999656677246,10.234999656677246,10.229999542236328,10.229999542236328,716.0
2024-09-16 15:34:00+00:00,CENX,14.151000022888184,14.151000022888184,14.164999961853027,14.149999618530273,14.164999961853027,2899.0
2024-09-16 15:34:00+00:00,CNEY,0.46050000190734863,0.46050000190734863,0.460999995470047,0.46050000190734863,0.460999995470047,362.0
2024-09-16 15:34:00+00:00,ELBM,0.6299999952316284,0.6299999952316284,0.6299999952316284,0.6299999952316284,0.6299999952316284,824.0
2024-09-16 15:34:00+00:00,GEVO,1.3804999589920044,1.3804999589920044,1.3854000568389893,1.3804999589920044,1.3849999904632568,6658.0
2024-09-16 15:34:00+00:00,GPRE,12.710000038146973,12.710000038146973,12.720000267028809,12.6850004196167,12.694999694824219,12762.0
2024-09-16 15:34:00+00:00,GSM,4.150000095367432,4.150000095367432,4.150000095367432,4.144999980926514,4.144999980926514,331.0
2024-09-16 15:34:00+00:00,GURE,0.9800000190734863,0.9800000190734863,0.9800000190734863,0.9800000190734863,0.9800000190734863,649.0
2024-09-16 15:34:00+00:00,HDSN,7.920000076293945,7.920000076293945,7.920000076293945,7.920000076293945,7.920000076293945,768.0
2024-09-16 15:34:00+00:00,HWKN,116.55500030517578,116.55500030517578,116.55500030517578,116.55500030517578,116.55500030517578,190.0
2024-09-16 15:34:00+00:00,LWLG,2.5350000858306885,2.5350000858306885,2.5350000858306885,2.5350000858306885,2.5350000858306885,5711.0
2024-09-16 15:34:00+00:00,MEOH,38.78499984741211,38.78499984741211,38.79999923706055,38.7599983215332,38.7599983215332,5541.0
2024-09-16 15:34:00+00:00,MERC,6.385000228881836,6.385000228881836,6.385000228881836,6.385000228881836,6.385000228881836,1562.0
2024-09-16 15:34:00+00:00,METC,9.90999984741211,9.90999984741211,9.920000076293945,9.90999984741211,9.920000076293945,1738.0
2024-09-16 15:34:00+00:00,PAAS,21.3799991607666,21.3799991607666,21.3799991607666,21.364999771118164,21.364999771118164,4059.0
2024-09-16 15:34:00+00:00,PLL,7.119999885559082,7.119999885559082,7.119999885559082,7.119999885559082,7.119999885559082,373.0
2024-09-16 15:34:00+00:00,PPTA,8.944999694824219,8.944999694824219,8.944999694824219,8.944999694824219,8.944999694824219,535.0
2024-09-16 15:34:00+00:00,SGML,10.869999885559082,10.869999885559082,10.869999885559082,10.84000015258789,10.84000015258789,3404.0
2024-09-16 15:34:00+00:00,SMID,34.084999084472656,34.084999084472656,34.084999084472656,34.084999084472656,34.084999084472656,345.0
2024-09-16 15:34:00+00:00,SSRM,5.925000190734863,5.925000190734863,5.925000190734863,5.920000076293945,5.920000076293945,9401.0
2024-09-16 15:34:00+00:00,STLD,111.0999984741211,111.0999984741211,111.17500305175781,111.0999984741211,111.16000366210938,4060.0
2024-09-16 15:34:00+00:00,TMC,1.090000033378601,1.090000033378601,1.0989999771118164,1.090000033378601,1.090000033378601,8431.0
2024-09-16 15:34:00+00:00,UFPI,123.87999725341797,123.87999725341797,123.87999725341797,123.4749984741211,123.4749984741211,5795.0
2024-09-16 15:34:00+00:00,USAP,37.025001525878906,37.025001525878906,37.025001525878906,37.025001525878906,37.025001525878906,142.0
2024-09-16 15:34:00+00:00,ZEUS,38.0099983215332,38.0099983215332,38.0099983215332,38.0099983215332,38.0099983215332,1142.0
2024-09-16 15:35:00+00:00,CENX,14.149999618530273,14.149999618530273,14.180000305175781,14.149999618530273,14.154999732971191,7433.0
2024-09-16 15:35:00+00:00,CNEY,0.460999995470047,0.460999995470047,0.4699999988079071,0.46050000190734863,0.46050000190734863,12262.0
2024-09-16 15:35:00+00:00,ELBM,0.6150000095367432,0.6150000095367432,0.6230000257492065,0.6150000095367432,0.6150000095367432,1676.0
2024-09-16 15:35:00+00:00,GEVO,1.3840999603271484,1.3840999603271484,1.3899999856948853,1.3840999603271484,1.3849999904632568,4480.0
2024-09-16 15:35:00+00:00,GPRE,12.699999809265137,12.699999809265137,12.720000267028809,12.6899995803833,12.71500015258789,4088.0
2024-09-16 15:35:00+00:00,GSM,4.144999980926514,4.144999980926514,4.150000095367432,4.144999980926514,4.150000095367432,2336.0
2024-09-16 15:35:00+00:00,HDSN,7.909999847412109,7.909999847412109,7.909999847412109,7.909999847412109,7.909999847412109,669.0
2024-09-16 15:35:00+00:00,HWKN,116.55000305175781,116.55000305175781,116.55000305175781,116.55000305175781,116.55000305175781,102.0
2024-09-16 15:35:00+00:00,KALU,68.93000030517578,68.93000030517578,68.93000030517578,68.91999816894531,68.93000030517578,665.0
2024-09-16 15:35:00+00:00,LWLG,2.5350000858306885,2.5350000858306885,2.539900064468384,2.5350000858306885,2.539900064468384,4816.0
2024-09-16 15:35:00+00:00,MEOH,38.810001373291016,38.810001373291016,38.82500076293945,38.779998779296875,38.79999923706055,3137.0
2024-09-16 15:35:00+00:00,MERC,6.380000114440918,6.380000114440918,6.380000114440918,6.380000114440918,6.380000114440918,1855.0
2024-09-16 15:35:00+00:00,METC,9.859999656677246,9.859999656677246,9.914999961853027,9.859999656677246,9.899999618530273,5558.0
2024-09-16 15:35:00+00:00,ORGN,1.5700000524520874,1.5700000524520874,1.5750000476837158,1.5700000524520874,1.5750000476837158,1130.0
2024-09-16 15:35:00+00:00,PAAS,21.3700008392334,21.3700008392334,21.375,21.364999771118164,21.375,4900.0
2024-09-16 15:35:00+00:00,PLL,7.110000133514404,7.110000133514404,7.119999885559082,7.110000133514404,7.119999885559082,1220.0
2024-09-16 15:35:00+00:00,RGLD,140.9199981689453,140.9199981689453,140.94000244140625,140.9199981689453,140.94000244140625,1657.0
2024-09-16 15:35:00+00:00,SGML,10.829999923706055,10.829999923706055,10.859800338745117,10.829999923706055,10.850000381469727,3677.0
2024-09-16 15:35:00+00:00,SSRM,5.925000190734863,5.925000190734863,5.925000190734863,5.925000190734863,5.925000190734863,1286.0
2024-09-16 15:35:00+00:00,STLD,111.05329895019531,111.05329895019531,111.1050033569336,111.0199966430664,111.1050033569336,5438.0
2024-09-16 15:35:00+00:00,TMC,1.090000033378601,1.090000033378601,1.0950000286102295,1.090000033378601,1.090000033378601,3392.0
2024-09-16 15:35:00+00:00,UFPI,123.55000305175781,123.55000305175781,123.73999786376953,123.55000305175781,123.73999786376953,1306.0
2024-09-16 15:35:00+00:00,USAU,5.890999794006348,5.890999794006348,5.890999794006348,5.890999794006348,5.890999794006348,582.0
2024-09-16 15:36:00+00:00,ASTL,10.239999771118164,10.239999771118164,10.239999771118164,10.239999771118164,10.239999771118164,200.0
2024-09-16 15:36:00+00:00,CENX,14.15999984741211,14.15999984741211,14.164999961853027,14.140999794006348,14.140999794006348,2350.0
2024-09-16 15:36:00+00:00,GEVO,1.3849999904632568,1.3849999904632568,1.3849999904632568,1.3799999952316284,1.3849999904632568,17112.0
2024-09-16 15:36:00+00:00,GPRE,12.720000267028809,12.720000267028809,12.720000267028809,12.710000038146973,12.710000038146973,1311.0
2024-09-16 15:36:00+00:00,GSM,4.150000095367432,4.150000095367432,4.150000095367432,4.144999980926514,4.144999980926514,463.0
2024-09-16 15:36:00+00:00,HDSN,7.90500020980835,7.90500020980835,7.90500020980835,7.90500020980835,7.90500020980835,1103.0
2024-09-16 15:36:00+00:00,HWKN,116.4800033569336,116.4800033569336,116.63999938964844,116.44000244140625,116.44000244140625,861.0
2024-09-16 15:36:00+00:00,LGO,1.7200000286102295,1.7200000286102295,1.7200000286102295,1.7200000286102295,1.7200000286102295,733.0
2024-09-16 15:36:00+00:00,LITM,0.32690000534057617,0.32690000534057617,0.32690000534057617,0.32690000534057617,0.32690000534057617,901.0
2024-09-16 15:36:00+00:00,MEOH,38.70000076293945,38.70000076293945,38.77000045776367,38.70000076293945,38.77000045776367,775.0
2024-09-16 15:36:00+00:00,METC,9.869999885559082,9.869999885559082,9.869999885559082,9.859999656677246,9.859999656677246,1298.0
2024-09-16 15:36:00+00:00,ORGN,1.565000057220459,1.565000057220459,1.5700000524520874,1.565000057220459,1.5700000524520874,2366.0
2024-09-16 15:36:00+00:00,PAAS,21.354999542236328,21.354999542236328,21.364999771118164,21.354999542236328,21.364999771118164,8198.0
2024-09-16 15:36:00+00:00,PPTA,8.944999694824219,8.944999694824219,8.944999694824219,8.944999694824219,8.944999694824219,622.0
2024-09-16 15:36:00+00:00,SGML,10.859999656677246,10.859999656677246,10.859999656677246,10.859999656677246,10.859999656677246,592.0
2024-09-16 15:36:00+00:00,SSRM,5.925000190734863,5.925000190734863,5.925000190734863,5.920000076293945,5.920000076293945,11861.0
2024-09-16 15:36:00+00:00,STLD,111.05999755859375,111.05999755859375,111.12999725341797,111.04499816894531,111.04499816894531,4960.0
2024-09-16 15:36:00+00:00,TMC,1.090999960899353,1.090999960899353,1.0950000286102295,1.090999960899353,1.0950000286102295,1999.0
2024-09-16 15:36:00+00:00,UFPI,123.58999633789062,123.58999633789062,123.58999633789062,123.58999633789062,123.58999633789062,1164.0
2024-09-16 15:36:00+00:00,USAP,36.970001220703125,36.970001220703125,36.970001220703125,36.970001220703125,36.970001220703125,413.0
2024-09-16 15:36:00+00:00,USAU,5.900000095367432,5.900000095367432,5.900000095367432,5.875,5.875,118.0
2024-09-16 15:37:00+00:00,ALTO,1.6150000095367432,1.6150000095367432,1.6150000095367432,1.6100000143051147,1.6100000143051147,1099.0
2024-09-16 15:37:00+00:00,CENX,14.135000228881836,14.135000228881836,14.149999618530273,14.135000228881836,14.149999618530273,2834.0
2024-09-16 15:37:00+00:00,CNEY,0.4620000123977661,0.4620000123977661,0.4699999988079071,0.4620000123977661,0.4699999988079071,4589.0
2024-09-16 15:37:00+00:00,GEVO,1.389299988746643,1.389299988746643,1.389299988746643,1.3819999694824219,1.3849999904632568,10694.0
2024-09-16 15:37:00+00:00,GPRE,12.729999542236328,12.729999542236328,12.729999542236328,12.729999542236328,12.729999542236328,858.0
2024-09-16 15:37:00+00:00,GSM,4.150000095367432,4.150000095367432,4.150000095367432,4.150000095367432,4.150000095367432,328.0
2024-09-16 15:37:00+00:00,HWKN,116.44000244140625,116.44000244140625,116.44000244140625,116.44000244140625,116.44000244140625,660.0
2024-09-16 15:37:00+00:00,HYMC,2.6700000762939453,2.6700000762939453,2.6700000762939453,2.6700000762939453,2.6700000762939453,304.0
2024-09-16 15:37:00+00:00,IOSP,109.55750274658203,109.55750274658203,109.55750274658203,109.55750274658203,109.55750274658203,200.0
2024-09-16 15:37:00+00:00,KALU,68.95999908447266,68.95999908447266,68.95999908447266,68.95999908447266,68.95999908447266,362.0
2024-09-16 15:37:00+00:00,LITM,0.3231000006198883,0.3231000006198883,0.3231000006198883,0.3231000006198883,0.3231000006198883,0.0
2024-09-16 15:37:00+00:00,LWLG,2.5299999713897705,2.5299999713897705,2.5299999713897705,2.5299999713897705,2.5299999713897705,3006.0
2024-09-16 15:37:00+00:00,MEOH,38.66299819946289,38.66299819946289,38.67499923706055,38.66299819946289,38.67499923706055,425.0
2024-09-16 15:37:00+00:00,MERC,6.360000133514404,6.360000133514404,6.385000228881836,6.355000019073486,6.380000114440918,22270.0
2024-09-16 15:37:00+00:00,METC,9.854999542236328,9.854999542236328,9.864999771118164,9.854999542236328,9.864999771118164,1987.0
2024-09-16 15:37:00+00:00,PAAS,21.35070037841797,21.35070037841797,21.364999771118164,21.350000381469727,21.350099563598633,17822.0
2024-09-16 15:37:00+00:00,PLL,7.099999904632568,7.099999904632568,7.119800090789795,7.099999904632568,7.119800090789795,1986.0
2024-09-16 15:37:00+00:00,RGLD,140.89999389648438,140.89999389648438,140.89999389648438,140.89999389648438,140.89999389648438,1288.0
2024-09-16 15:37:00+00:00,SGML,10.84000015258789,10.84000015258789,10.869000434875488,10.84000015258789,10.869000434875488,1399.0
2024-09-16 15:37:00+00:00,SSRM,5.925000190734863,5.925000190734863,5.925000190734863,5.925000190734863,5.925000190734863,2382.0
2024-09-16 15:37:00+00:00,STLD,111.05000305175781,111.05000305175781,111.06999969482422,111.02999877929688,111.06999969482422,2136.0
2024-09-16 15:37:00+00:00,TMC,1.0999000072479248,1.0999000072479248,1.100000023841858,1.0950000286102295,1.100000023841858,2291.0
2024-09-16 15:37:00+00:00,UFPI,123.73999786376953,123.73999786376953,123.73999786376953,123.59500122070312,123.59500122070312,2009.0
2024-09-16 15:37:00+00:00,USAP,36.939998626708984,36.939998626708984,36.939998626708984,36.939998626708984,36.939998626708984,665.0
2024-09-16 15:37:00+00:00,ZEUS,38.119998931884766,38.119998931884766,38.119998931884766,38.04999923706055,38.04999923706055,1867.0
2024-09-16 15:38:00+00:00,ALTO,1.6200000047683716,1.6200000047683716,1.6200000047683716,1.6200000047683716,1.6200000047683716,517.0
2024-09-16 15:38:00+00:00,AREC,0.5,0.5,0.5,0.5,0.5,1107.0
2024-09-16 15:38:00+00:00,ASTL,10.239999771118164,10.239999771118164,10.25,10.239999771118164,10.239999771118164,2641.0
2024-09-16 15:38:00+00:00,CENX,14.145000457763672,14.145000457763672,14.149999618530273,14.140000343322754,14.140000343322754,1912.0
2024-09-16 15:38:00+00:00,CNEY,0.45739999413490295,0.45739999413490295,0.45899999141693115,0.45739999413490295,0.45899999141693115,7271.0
2024-09-16 15:38:00+00:00,GEVO,1.3849999904632568,1.3849999904632568,1.3898999691009521,1.3799999952316284,1.388700008392334,56365.0
2024-09-16 15:38:00+00:00,GPRE,12.729000091552734,12.729000091552734,12.739999771118164,12.720000267028809,12.739999771118164,3415.0
2024-09-16 15:38:00+00:00,GSM,4.144999980926514,4.144999980926514,4.150000095367432,4.144999980926514,4.150000095367432,437.0
2024-09-16 15:38:00+00:00,HWKN,116.54000091552734,116.54000091552734,116.54000091552734,116.44000244140625,116.47000122070312,422.0
2024-09-16 15:38:00+00:00,IOSP,109.68000030517578,109.68000030517578,109.68000030517578,109.55999755859375,109.55999755859375,1001.0
2024-09-16 15:38:00+00:00,LWLG,2.5250000953674316,2.5250000953674316,2.5250000953674316,2.5250000953674316,2.5250000953674316,390.0
2024-09-16 15:38:00+00:00,MEOH,38.67499923706055,38.67499923706055,38.67499923706055,38.66999816894531,38.66999816894531,585.0
2024-09-16 15:38:00+00:00,METC,9.84000015258789,9.84000015258789,9.850000381469727,9.84000015258789,9.850000381469727,1189.0
2024-09-16 15:38:00+00:00,NTIC,12.399999618530273,12.399999618530273,12.399999618530273,12.399999618530273,12.399999618530273,214.0
2024-09-16 15:38:00+00:00,PAAS,21.3700008392334,21.3700008392334,21.3700008392334,21.354999542236328,21.354999542236328,5439.0
2024-09-16 15:38:00+00:00,RGLD,141.13499450683594,141.13499450683594,141.13499450683594,141.01499938964844,141.01499938964844,1008.0
2024-09-16 15:38:00+00:00,SGML,10.854999542236328,10.854999542236328,10.854999542236328,10.845999717712402,10.845999717712402,1184.0
2024-09-16 15:38:00+00:00,SSRM,5.934999942779541,5.934999942779541,5.934999942779541,5.929999828338623,5.929999828338623,5113.0
2024-09-16 15:38:00+00:00,STLD,111.08999633789062,111.08999633789062,111.08999633789062,111.04000091552734,111.04000091552734,4899.0
2024-09-16 15:38:00+00:00,TMC,1.0950000286102295,1.0950000286102295,1.100000023841858,1.0901000499725342,1.100000023841858,5930.0
2024-09-16 15:38:00+00:00,UFPI,123.76499938964844,123.76499938964844,123.76499938964844,123.76499938964844,123.76499938964844,273.0
2024-09-16 15:38:00+00:00,USAP,36.94169998168945,36.94169998168945,37.0,36.94169998168945,37.0,701.0
2024-09-16 15:38:00+00:00,WDFC,259.75,259.75,259.75,259.75,259.75,448.0
2024-09-16 15:38:00+00:00,ZEUS,38.18000030517578,38.18000030517578,38.18000030517578,38.18000030517578,38.18000030517578,813.0
2024-09-16 15:39:00+00:00,ASTL,10.239999771118164,10.239999771118164,10.239999771118164,10.239999771118164,10.239999771118164,529.0
2024-09-16 15:39:00+00:00,BCPC,172.14500427246094,172.14500427246094,172.14500427246094,172.13999938964844,172.13999938964844,1589.0
2024-09-16 15:39:00+00:00,CENX,14.145000457763672,14.145000457763672,14.145000457763672,14.145000457763672,14.145000457763672,1538.0
2024-09-16 15:39:00+00:00,CNEY,0.4569999873638153,0.4569999873638153,0.4569999873638153,0.4569000005722046,0.4569000005722046,3469.0
2024-09-16 15:39:00+00:00,GEVO,1.389799952507019,1.389799952507019,1.3899999856948853,1.3799999952316284,1.3849999904632568,13267.0
2024-09-16 15:39:00+00:00,GPRE,12.720000267028809,12.720000267028809,12.739999771118164,12.704999923706055,12.725000381469727,8823.0
2024-09-16 15:39:00+00:00,GSM,4.144999980926514,4.144999980926514,4.150000095367432,4.144999980926514,4.150000095367432,600.0
2024-09-16 15:39:00+00:00,HDSN,7.920000076293945,7.920000076293945,7.920000076293945,7.920000076293945,7.920000076293945,1739.0
2024-09-16 15:39:00+00:00,HWKN,116.47000122070312,116.47000122070312,116.47000122070312,116.47000122070312,116.47000122070312,840.0
2024-09-16 15:39:00+00:00,HYMC,2.6600000858306885,2.6600000858306885,2.684999942779541,2.6600000858306885,2.680000066757202,2502.0
2024-09-16 15:39:00+00:00,LGO,1.7200000286102295,1.7200000286102295,1.7200000286102295,1.7200000286102295,1.7200000286102295,1760.0
2024-09-16 15:39:00+00:00,LWLG,2.5350000858306885,2.5350000858306885,2.5350000858306885,2.5299999713897705,2.5299999713897705,5196.0
2024-09-16 15:39:00+00:00,MEOH,38.63999938964844,38.63999938964844,38.67499923706055,38.63999938964844,38.67499923706055,1474.0
2024-09-16 15:39:00+00:00,MERC,6.369999885559082,6.369999885559082,6.369999885559082,6.369999885559082,6.369999885559082,692.0
2024-09-16 15:39:00+00:00,METC,9.850000381469727,9.850000381469727,9.859999656677246,9.84000015258789,9.84000015258789,3604.0
2024-09-16 15:39:00+00:00,NTIC,12.399999618530273,12.399999618530273,12.399999618530273,12.399999618530273,12.399999618530273,593.0
2024-09-16 15:39:00+00:00,PAAS,21.370100021362305,21.370100021362305,21.3799991607666,21.364999771118164,21.3700008392334,7455.0
2024-09-16 15:39:00+00:00,PLL,7.130000114440918,7.130000114440918,7.130000114440918,7.110000133514404,7.110000133514404,1784.0
2024-09-16 15:39:00+00:00,PPTA,8.920000076293945,8.920000076293945,8.949999809265137,8.920000076293945,8.944999694824219,2207.0
2024-09-16 15:39:00+00:00,RGLD,141.1999969482422,141.1999969482422,141.1999969482422,141.13499450683594,141.1699981689453,994.0
2024-09-16 15:39:00+00:00,SGML,10.904999732971191,10.904999732971191,10.90999984741211,10.854999542236328,10.854999542236328,5157.0
2024-09-16 15:39:00+00:00,SSRM,5.934999942779541,5.934999942779541,5.940000057220459,5.934999942779541,5.934999942779541,1915.0
2024-09-16 15:39:00+00:00,STLD,111.16500091552734,111.16500091552734,111.16500091552734,111.13999938964844,111.13999938964844,1606.0
2024-09-16 15:39:00+00:00,TMC,1.1050000190734863,1.1050000190734863,1.1050000190734863,1.100000023841858,1.100000023841858,2937.0
2024-09-16 15:39:00+00:00,UFPI,123.81500244140625,123.81500244140625,123.8499984741211,123.81500244140625,123.8499984741211,318.0
2024-09-16 15:39:00+00:00,USAP,37.0,37.0,37.0,37.0,37.0,273.0
2024-09-16 15:39:00+00:00,USAU,5.875,5.875,5.875,5.875,5.875,1051.0
2024-09-16 15:39:00+00:00,WDFC,259.9800109863281,259.9800109863281,259.9800109863281,259.9800109863281,259.9800109863281,277.0
2024-09-16 15:39:00+00:00,ZEUS,38.2400016784668,38.2400016784668,38.2400016784668,38.2400016784668,38.2400016784668,449.0
2024-09-16 15:40:00+00:00,ALTO,1.6150000095367432,1.6150000095367432,1.6150000095367432,1.6150000095367432,1.6150000095367432,200.0
2024-09-16 15:40:00+00:00,AREC,0.5044999718666077,0.5044999718666077,0.5044999718666077,0.5044999718666077,0.5044999718666077,538.0
2024-09-16 15:40:00+00:00,BCPC,172.3800048828125,172.3800048828125,172.3800048828125,172.27999877929688,172.27999877929688,395.0
2024-09-16 15:40:00+00:00,CENX,14.154999732971191,14.154999732971191,14.15999984741211,14.140999794006348,14.145000457763672,7753.0
2024-09-16 15:40:00+00:00,CNEY,0.4569999873638153,0.4569999873638153,0.4569999873638153,0.4569999873638153,0.4569999873638153,11351.0
2024-09-16 15:40:00+00:00,CRKN,1.3799999952316284,1.3799999952316284,1.3799999952316284,1.3799999952316284,1.3799999952316284,255.0
2024-09-16 15:40:00+00:00,GEVO,1.3849999904632568,1.3849999904632568,1.3894000053405762,1.3818000555038452,1.3849999904632568,19961.0
2024-09-16 15:40:00+00:00,GPRE,12.729999542236328,12.729999542236328,12.729999542236328,12.729999542236328,12.729999542236328,263.0
2024-09-16 15:40:00+00:00,GSM,4.144999980926514,4.144999980926514,4.150000095367432,4.144999980926514,4.150000095367432,5075.0
2024-09-16 15:40:00+00:00,HDSN,7.929999828338623,7.929999828338623,7.929999828338623,7.929999828338623,7.929999828338623,233.0
2024-09-16 15:40:00+00:00,HWKN,116.47000122070312,116.47000122070312,116.47000122070312,116.45999908447266,116.45999908447266,636.0
2024-09-16 15:40:00+00:00,LITM,0.3305000066757202,0.3305000066757202,0.3305000066757202,0.3305000066757202,0.3305000066757202,3000.0
2024-09-16 15:40:00+00:00,MEOH,38.60100173950195,38.60100173950195,38.619998931884766,38.60100173950195,38.6150016784668,1047.0
2024-09-16 15:40:00+00:00,MERC,6.369999885559082,6.369999885559082,6.369999885559082,6.369999885559082,6.369999885559082,1463.0
2024-09-16 15:40:00+00:00,METC,9.890000343322754,9.890000343322754,9.899999618530273,9.859999656677246,9.859999656677246,3512.0
2024-09-16 15:40:00+00:00,ORGN,1.5750000476837158,1.5750000476837158,1.5750000476837158,1.5700000524520874,1.5700000524520874,4145.0
2024-09-16 15:40:00+00:00,PAAS,21.3799991607666,21.3799991607666,21.3799991607666,21.375,21.3799991607666,1962.0
2024-09-16 15:40:00+00:00,PLL,7.130000114440918,7.130000114440918,7.130000114440918,7.130000114440918,7.130000114440918,102.0
2024-09-16 15:40:00+00:00,PPTA,8.9350004196167,8.9350004196167,8.9350004196167,8.9350004196167,8.9350004196167,245.0
2024-09-16 15:40:00+00:00,RGLD,141.1999969482422,141.1999969482422,141.1999969482422,141.1999969482422,141.1999969482422,793.0
2024-09-16 15:40:00+00:00,SGML,10.869999885559082,10.869999885559082,10.900799751281738,10.869999885559082,10.899999618530273,3951.0
2024-09-16 15:40:00+00:00,SSRM,5.940000057220459,5.940000057220459,5.940000057220459,5.934999942779541,5.934999942779541,6779.0
2024-09-16 15:40:00+00:00,STLD,111.24500274658203,111.24500274658203,111.26499938964844,111.16999816894531,111.19999694824219,9584.0
2024-09-16 15:40:00+00:00,TMC,1.1050000190734863,1.1050000190734863,1.1100000143051147,1.100000023841858,1.1050000190734863,1350.0
2024-09-16 15:40:00+00:00,UFPI,123.88999938964844,123.88999938964844,123.88999938964844,123.88999938964844,123.88999938964844,848.0
2024-09-16 15:40:00+00:00,USAP,37.0099983215332,37.0099983215332,37.0099983215332,37.0099983215332,37.0099983215332,640.0
2024-09-16 15:40:00+00:00,USAU,5.880000114440918,5.880000114440918,5.909999847412109,5.860000133514404,5.860000133514404,1190.0
2024-09-16 15:40:00+00:00,ZEUS,38.2400016784668,38.2400016784668,38.2400016784668,38.2400016784668,38.2400016784668,1514.0
2024-09-16 15:41:00+00:00,ALTO,1.6150000095367432,1.6150000095367432,1.6200000047683716,1.6150000095367432,1.6200000047683716,343.0
2024-09-16 15:41:00+00:00,AREC,0.5044000148773193,0.5044000148773193,0.5044000148773193,0.5044000148773193,0.5044000148773193,0.0
2024-09-16 15:41:00+00:00,CENX,14.166999816894531,14.166999816894531,14.170000076293945,14.154999732971191,14.15999984741211,3785.0
2024-09-16 15:41:00+00:00,CNEY,0.4569999873638153,0.4569999873638153,0.4569999873638153,0.4569000005722046,0.4569999873638153,19227.0
2024-09-16 15:41:00+00:00,GEVO,1.388800024986267,1.388800024986267,1.3898999691009521,1.3799999952316284,1.3897000551223755,33460.0
2024-09-16 15:41:00+00:00,GPRE,12.718999862670898,12.718999862670898,12.718999862670898,12.71500015258789,12.71500015258789,1350.0
2024-09-16 15:41:00+00:00,GSM,4.150000095367432,4.150000095367432,4.150000095367432,4.150000095367432,4.150000095367432,241.0
2024-09-16 15:41:00+00:00,HDSN,7.920000076293945,7.920000076293945,7.920000076293945,7.920000076293945,7.920000076293945,790.0
2024-09-16 15:41:00+00:00,HWKN,116.55999755859375,116.55999755859375,116.66999816894531,116.47000122070312,116.47000122070312,950.0
2024-09-16 15:41:00+00:00,IPX,17.920000076293945,17.920000076293945,17.920000076293945,17.899999618530273,17.899999618530273,426.0
2024-09-16 15:41:00+00:00,KALU,69.0250015258789,69.0250015258789,69.05000305175781,69.01499938964844,69.01499938964844,2718.0
2024-09-16 15:41:00+00:00,LITM,0.32679998874664307,0.32679998874664307,0.33070001006126404,0.32679998874664307,0.33070001006126404,9216.0
2024-09-16 15:41:00+00:00,LWLG,2.5350000858306885,2.5350000858306885,2.5350000858306885,2.5350000858306885,2.5350000858306885,130.0
2024-09-16 15:41:00+00:00,MEOH,38.62099838256836,38.62099838256836,38.62099838256836,38.62099838256836,38.62099838256836,166.0
2024-09-16 15:41:00+00:00,MERC,6.369999885559082,6.369999885559082,6.369999885559082,6.369999885559082,6.369999885559082,842.0
2024-09-16 15:41:00+00:00,METC,9.90999984741211,9.90999984741211,9.920000076293945,9.899900436401367,9.899999618530273,3120.0
2024-09-16 15:41:00+00:00,ORGN,1.5750000476837158,1.5750000476837158,1.5750000476837158,1.5750000476837158,1.5750000476837158,840.0
2024-09-16 15:41:00+00:00,PAAS,21.3799991607666,21.3799991607666,21.389999389648438,21.3700008392334,21.3799991607666,8614.0
2024-09-16 15:41:00+00:00,PLL,7.138000011444092,7.138000011444092,7.138000011444092,7.130000114440918,7.136000156402588,1359.0
2024-09-16 15:41:00+00:00,PPTA,8.899999618530273,8.899999618530273,8.9399995803833,8.899999618530273,8.9399995803833,5269.0
2024-09-16 15:41:00+00:00,RGLD,141.18499755859375,141.18499755859375,141.18499755859375,141.18499755859375,141.18499755859375,1489.0
2024-09-16 15:41:00+00:00,SGML,10.909799575805664,10.909799575805664,10.90999984741211,10.850000381469727,10.869999885559082,4901.0
2024-09-16 15:41:00+00:00,SSRM,5.934999942779541,5.934999942779541,5.940000057220459,5.934999942779541,5.934999942779541,3081.0
2024-09-16 15:41:00+00:00,STLD,111.33999633789062,111.33999633789062,111.33999633789062,111.19999694824219,111.25499725341797,5272.0
2024-09-16 15:41:00+00:00,TMC,1.100000023841858,1.100000023841858,1.1100000143051147,1.100000023841858,1.1100000143051147,1811.0
2024-09-16 15:41:00+00:00,ZEUS,38.33000183105469,38.33000183105469,38.33000183105469,38.32500076293945,38.32500076293945,583.0
2024-09-16 15:42:00+00:00,ALTO,1.6200000047683716,1.6200000047683716,1.6200000047683716,1.618499994277954,1.618499994277954,2794.0
2024-09-16 15:42:00+00:00,AREC,0.5044999718666077,0.5044999718666077,0.5044999718666077,0.5044999718666077,0.5044999718666077,241.0
2024-09-16 15:42:00+00:00,ASTL,10.239999771118164,10.239999771118164,10.239999771118164,10.239999771118164,10.239999771118164,1946.0
2024-09-16 15:42:00+00:00,CENX,14.154999732971191,14.154999732971191,14.170000076293945,14.149999618530273,14.16100025177002,5763.0
2024-09-16 15:42:00+00:00,CNEY,0.46700000762939453,0.46700000762939453,0.46700000762939453,0.4620000123977661,0.46700000762939453,983.0
2024-09-16 15:42:00+00:00,GEVO,1.3849999904632568,1.3849999904632568,1.3899999856948853,1.3809000253677368,1.3849999904632568,44905.0
2024-09-16 15:42:00+00:00,GSM,4.150000095367432,4.150000095367432,4.150000095367432,4.144999980926514,4.144999980926514,448.0
2024-09-16 15:42:00+00:00,HDSN,7.920000076293945,7.920000076293945,7.920000076293945,7.920000076293945,7.920000076293945,1009.0
2024-09-16 15:42:00+00:00,HWKN,116.69999694824219,116.69999694824219,116.7300033569336,116.69999694824219,116.7300033569336,1915.0
2024-09-16 15:42:00+00:00,IPX,17.920000076293945,17.920000076293945,17.954999923706055,17.920000076293945,17.954999923706055,929.0
2024-09-16 15:42:00+00:00,KALU,69.0199966430664,69.0199966430664,69.0199966430664,69.0199966430664,69.0199966430664,527.0
2024-09-16 15:42:00+00:00,LITM,0.3249000012874603,0.3249000012874603,0.32679998874664307,0.3240000009536743,0.32670000195503235,9214.0
2024-09-16 15:42:00+00:00,LWLG,2.5350000858306885,2.5350000858306885,2.5350000858306885,2.5350000858306885,2.5350000858306885,192.0
2024-09-16 15:42:00+00:00,MEOH,38.67499923706055,38.67499923706055,38.67499923706055,38.63999938964844,38.650001525878906,1616.0
2024-09-16 15:42:00+00:00,MERC,6.369999885559082,6.369999885559082,6.369999885559082,6.369999885559082,6.369999885559082,636.0
2024-09-16 15:42:00+00:00,METC,9.914999961853027,9.914999961853027,9.925000190734863,9.914999961853027,9.920000076293945,3490.0
2024-09-16 15:42:00+00:00,NTIC,12.479999542236328,12.479999542236328,12.479999542236328,12.479999542236328,12.479999542236328,1233.0
2024-09-16 15:42:00+00:00,ORGN,1.5850000381469727,1.5850000381469727,1.5850000381469727,1.5750000476837158,1.5800000429153442,10638.0
2024-09-16 15:42:00+00:00,PAAS,21.389999389648438,21.389999389648438,21.389999389648438,21.3799991607666,21.3799991607666,8558.0
2024-09-16 15:42:00+00:00,PLL,7.129000186920166,7.129000186920166,7.135000228881836,7.125,7.135000228881836,1273.0
2024-09-16 15:42:00+00:00,PPTA,8.928999900817871,8.928999900817871,8.928999900817871,8.928999900817871,8.928999900817871,700.0
2024-09-16 15:42:00+00:00,SGML,10.920000076293945,10.920000076293945,10.920000076293945,10.920000076293945,10.920000076293945,735.0
2024-09-16 15:42:00+00:00,SSRM,5.929999828338623,5.929999828338623,5.934999942779541,5.925000190734863,5.934999942779541,6753.0
2024-09-16 15:42:00+00:00,STLD,111.33999633789062,111.33999633789062,111.40499877929688,111.33999633789062,111.3499984741211,2658.0
2024-09-16 15:42:00+00:00,TMC,1.100000023841858,1.100000023841858,1.1100000143051147,1.100000023841858,1.1100000143051147,1825.0
2024-09-16 15:42:00+00:00,UFPI,123.94000244140625,123.94000244140625,123.94000244140625,123.94000244140625,123.94000244140625,3184.0
2024-09-16 15:42:00+00:00,USAU,5.909999847412109,5.909999847412109,5.909999847412109,5.909999847412109,5.909999847412109,400.0
2024-09-16 15:42:00+00:00,USLM,85.37999725341797,85.37999725341797,85.37999725341797,85.37999725341797,85.37999725341797,583.0
2024-09-16 15:42:00+00:00,WDFC,259.760009765625,259.760009765625,259.760009765625,259.760009765625,259.760009765625,296.0
2024-09-16 15:42:00+00:00,ZEUS,38.39500045776367,38.39500045776367,38.39500045776367,38.36000061035156,38.36000061035156,1130.0
2024-09-16 15:43:00+00:00,ALTO,1.6150000095367432,1.6150000095367432,1.6150000095367432,1.6150000095367432,1.6150000095367432,200.0
2024-09-16 15:43:00+00:00,AREC,0.5044999718666077,0.5044999718666077,0.5044999718666077,0.5044999718666077,0.5044999718666077,400.0
2024-09-16 15:43:00+00:00,ASTL,10.25,10.25,10.25,10.25,10.25,508.0
2024-09-16 15:43:00+00:00,CENX,14.154999732971191,14.154999732971191,14.15999984741211,14.154999732971191,14.154999732971191,1445.0
2024-09-16 15:43:00+00:00,CNEY,0.46700000762939453,0.46700000762939453,0.46700000762939453,0.46700000762939453,0.46700000762939453,1709.0
2024-09-16 15:43:00+00:00,CRKN,1.3899999856948853,1.3899999856948853,1.3899999856948853,1.3799999952316284,1.3799999952316284,502.0
2024-09-16 15:43:00+00:00,FEAM,0.503000020980835,0.503000020980835,0.503000020980835,0.503000020980835,0.503000020980835,200.0
2024-09-16 15:43:00+00:00,GEVO,1.399999976158142,1.399999976158142,1.4098999500274658,1.3849999904632568,1.3849999904632568,102871.0
2024-09-16 15:43:00+00:00,GPRE,12.718999862670898,12.718999862670898,12.718999862670898,12.710000038146973,12.710000038146973,1029.0
2024-09-16 15:43:00+00:00,GSM,4.149899959564209,4.149899959564209,4.150000095367432,4.144999980926514,4.144999980926514,590.0
2024-09-16 15:43:00+00:00,HDSN,7.925000190734863,7.925000190734863,7.929999828338623,7.914999961853027,7.914999961853027,1326.0
2024-09-16 15:43:00+00:00,IOSP,109.72000122070312,109.72000122070312,109.72000122070312,109.72000122070312,109.72000122070312,969.0
2024-09-16 15:43:00+00:00,IPX,17.920000076293945,17.920000076293945,17.920000076293945,17.920000076293945,17.920000076293945,268.0
2024-09-16 15:43:00+00:00,KALU,68.97000122070312,68.97000122070312,69.01000213623047,68.97000122070312,69.01000213623047,1165.0
2024-09-16 15:43:00+00:00,LWLG,2.5399999618530273,2.5399999618530273,2.5399999618530273,2.5350000858306885,2.5350000858306885,838.0
2024-09-16 15:43:00+00:00,MEOH,38.654998779296875,38.654998779296875,38.68000030517578,38.643001556396484,38.68000030517578,1938.0
2024-09-16 15:43:00+00:00,MERC,6.369999885559082,6.369999885559082,6.369999885559082,6.369999885559082,6.369999885559082,341.0
2024-09-16 15:43:00+00:00,METC,9.904999732971191,9.904999732971191,9.90999984741211,9.899999618530273,9.90999984741211,2423.0
2024-09-16 15:43:00+00:00,ORGN,1.5800000429153442,1.5800000429153442,1.5800000429153442,1.5800000429153442,1.5800000429153442,642.0
2024-09-16 15:43:00+00:00,PAAS,21.364999771118164,21.364999771118164,21.3799991607666,21.360000610351562,21.3799991607666,33083.0
2024-09-16 15:43:00+00:00,PLL,7.130000114440918,7.130000114440918,7.130000114440918,7.130000114440918,7.130000114440918,1652.0
2024-09-16 15:43:00+00:00,PPTA,8.920000076293945,8.920000076293945,8.920000076293945,8.920000076293945,8.920000076293945,269.0
2024-09-16 15:43:00+00:00,RGLD,141.1999969482422,141.1999969482422,141.1999969482422,141.1999969482422,141.1999969482422,1581.0
2024-09-16 15:43:00+00:00,SGML,10.930299758911133,10.930299758911133,10.95199966430664,10.920000076293945,10.930000305175781,4004.0
2024-09-16 15:43:00+00:00,SMID,34.59000015258789,34.59000015258789,34.59000015258789,34.59000015258789,34.59000015258789,216.0
2024-09-16 15:43:00+00:00,SSRM,5.925000190734863,5.925000190734863,5.929999828338623,5.920000076293945,5.920000076293945,4494.0
2024-09-16 15:43:00+00:00,STLD,111.24500274658203,111.24500274658203,111.31999969482422,111.19999694824219,111.30999755859375,14399.0
2024-09-16 15:43:00+00:00,TMC,1.1050000190734863,1.1050000190734863,1.1100000143051147,1.100000023841858,1.1050000190734863,3449.0
2024-09-16 15:43:00+00:00,ZEUS,38.33000183105469,38.33000183105469,38.36000061035156,38.33000183105469,38.36000061035156,699.0
2024-09-16 15:44:00+00:00,ALTO,1.6150000095367432,1.6150000095367432,1.6150000095367432,1.6150000095367432,1.6150000095367432,787.0
2024-09-16 15:44:00+00:00,AREC,0.5044000148773193,0.5044000148773193,0.5044999718666077,0.5030999779701233,0.5044000148773193,8251.0
2024-09-16 15:44:00+00:00,BIOX,8.600000381469727,8.600000381469727,8.600000381469727,8.600000381469727,8.600000381469727,568.0
2024-09-16 15:44:00+00:00,CENX,14.154999732971191,14.154999732971191,14.154999732971191,14.140999794006348,14.154999732971191,4742.0
2024-09-16 15:44:00+00:00,CNEY,0.4699000120162964,0.4699000120162964,0.4699000120162964,0.4634999930858612,0.4634999930858612,3057.0
2024-09-16 15:44:00+00:00,CRKN,1.3799999952316284,1.3799999952316284,1.3799999952316284,1.3799999952316284,1.3799999952316284,1287.0
2024-09-16 15:44:00+00:00,FEAM,0.5023000240325928,0.5023000240325928,0.5023000240325928,0.5023000240325928,0.5023000240325928,927.0
2024-09-16 15:44:00+00:00,GEVO,1.4026000499725342,1.4026000499725342,1.4049999713897705,1.3906999826431274,1.3906999826431274,37572.0
2024-09-16 15:44:00+00:00,GPRE,12.734999656677246,12.734999656677246,12.734999656677246,12.704999923706055,12.718999862670898,12972.0
2024-09-16 15:44:00+00:00,GSM,4.150000095367432,4.150000095367432,4.150000095367432,4.144999980926514,4.150000095367432,2968.0
2024-09-16 15:44:00+00:00,HDSN,7.925000190734863,7.925000190734863,7.925000190734863,7.925000190734863,7.925000190734863,1406.0
2024-09-16 15:44:00+00:00,HWKN,116.7300033569336,116.7300033569336,116.80000305175781,116.7300033569336,116.80000305175781,952.0
2024-09-16 15:44:00+00:00,HYMC,2.6600000858306885,2.6600000858306885,2.6600000858306885,2.6600000858306885,2.6600000858306885,672.0
2024-09-16 15:44:00+00:00,KALU,69.0,69.0,69.04000091552734,69.0,69.0,1019.0
2024-09-16 15:44:00+00:00,LWLG,2.5350000858306885,2.5350000858306885,2.5350000858306885,2.5350000858306885,2.5350000858306885,1306.0
2024-09-16 15:44:00+00:00,MERC,6.380000114440918,6.380000114440918,6.380000114440918,6.364999771118164,6.369999885559082,5813.0
2024-09-16 15:44:00+00:00,METC,9.890000343322754,9.890000343322754,9.899999618530273,9.890000343322754,9.899999618530273,3681.0
2024-09-16 15:44:00+00:00,ORGN,1.5799000263214111,1.5799000263214111,1.5799000263214111,1.5799000263214111,1.5799000263214111,3082.0
2024-09-16 15:44:00+00:00,PAAS,21.360000610351562,21.360000610351562,21.364999771118164,21.350000381469727,21.364999771118164,7745.0
2024-09-16 15:44:00+00:00,PPTA,8.9399995803833,8.9399995803833,8.9399995803833,8.920000076293945,8.930000305175781,4202.0
2024-09-16 15:44:00+00:00,RETO,1.4199999570846558,1.4199999570846558,1.4199999570846558,1.4199999570846558,1.4199999570846558,43707.0
2024-09-16 15:44:00+00:00,SGML,10.958999633789062,10.958999633789062,10.958999633789062,10.9399995803833,10.9399995803833,1755.0
2024-09-16 15:44:00+00:00,SSRM,5.925000190734863,5.925000190734863,5.925000190734863,5.920000076293945,5.920000076293945,763.0
2024-09-16 15:44:00+00:00,STLD,111.19999694824219,111.19999694824219,111.22000122070312,111.16999816894531,111.22000122070312,26595.0
2024-09-16 15:44:00+00:00,TMC,1.1050000190734863,1.1050000190734863,1.1100000143051147,1.100000023841858,1.100100040435791,15597.0
2024-09-16 15:44:00+00:00,USAP,37.029998779296875,37.029998779296875,37.029998779296875,37.029998779296875,37.029998779296875,239.0
2024-09-16 15:44:00+00:00,USAU,5.919899940490723,5.919899940490723,5.920000076293945,5.909999847412109,5.909999847412109,1667.0
2024-09-16 15:44:00+00:00,WDFC,259.510009765625,259.510009765625,259.510009765625,259.510009765625,259.510009765625,1462.0
2024-09-16 15:44:00+00:00,ZEUS,38.380001068115234,38.380001068115234,38.380001068115234,38.36000061035156,38.36000061035156,1509.0
2024-09-16 15:45:00+00:00,ALTO,1.6150000095367432,1.6150000095367432,1.6150000095367432,1.6150000095367432,1.6150000095367432,5383.0
2024-09-16 15:45:00+00:00,AREC,0.5033000111579895,0.5033000111579895,0.5033000111579895,0.5033000111579895,0.5033000111579895,80.0
2024-09-16 15:45:00+00:00,BCPC,172.47500610351562,172.47500610351562,172.49000549316406,172.47500610351562,172.49000549316406,1203.0
2024-09-16 15:45:00+00:00,CENX,14.164999961853027,14.164999961853027,14.1850004196167,14.15999984741211,14.15999984741211,5957.0
2024-09-16 15:45:00+00:00,CNEY,0.4699999988079071,0.4699999988079071,0.4699999988079071,0.4699000120162964,0.4699000120162964,15605.0
2024-09-16 15:45:00+00:00,CRKN,1.378000020980835,1.378000020980835,1.378000020980835,1.378000020980835,1.378000020980835,656.0
2024-09-16 15:45:00+00:00,GEVO,1.406000018119812,1.406000018119812,1.4098999500274658,1.399999976158142,1.4049999713897705,12170.0
2024-09-16 15:45:00+00:00,GPRE,12.739999771118164,12.739999771118164,12.739999771118164,12.734999656677246,12.734999656677246,2442.0
2024-09-16 15:45:00+00:00,GSM,4.15500020980835,4.15500020980835,4.159999847412109,4.150000095367432,4.150000095367432,18875.0
2024-09-16 15:45:00+00:00,HDSN,7.929999828338623,7.929999828338623,7.929999828338623,7.925000190734863,7.925000190734863,1217.0
2024-09-16 15:45:00+00:00,HWKN,116.97000122070312,116.97000122070312,117.1449966430664,116.91999816894531,116.91999816894531,1195.0
2024-09-16 15:45:00+00:00,HYMC,2.6600000858306885,2.6600000858306885,2.6600000858306885,2.6600000858306885,2.6600000858306885,0.0
2024-09-16 15:45:00+00:00,HYMCL,0.023900000378489494,0.023900000378489494,0.024000000208616257,0.022099999710917473,0.022099999710917473,1605.0
2024-09-16 15:45:00+00:00,KALU,69.00499725341797,69.00499725341797,69.00499725341797,69.00499725341797,69.00499725341797,891.0
2024-09-16 15:45:00+00:00,LITM,0.328000009059906,0.328000009059906,0.328000009059906,0.328000009059906,0.328000009059906,400.0
2024-09-16 15:45:00+00:00,LWLG,2.5399999618530273,2.5399999618530273,2.5399999618530273,2.5399999618530273,2.5399999618530273,3820.0
2024-09-16 15:45:00+00:00,MEOH,38.665000915527344,38.665000915527344,38.665000915527344,38.665000915527344,38.665000915527344,485.0
2024-09-16 15:45:00+00:00,MERC,6.38100004196167,6.38100004196167,6.38100004196167,6.375,6.375,2238.0
2024-09-16 15:45:00+00:00,METC,9.895000457763672,9.895000457763672,9.895000457763672,9.895000457763672,9.895000457763672,308.0
2024-09-16 15:45:00+00:00,ORGN,1.5750000476837158,1.5750000476837158,1.5750000476837158,1.5750000476837158,1.5750000476837158,144.0
2024-09-16 15:45:00+00:00,PAAS,21.364999771118164,21.364999771118164,21.3700008392334,21.354999542236328,21.364999771118164,7606.0
2024-09-16 15:45:00+00:00,PPTA,8.9350004196167,8.9350004196167,8.9350004196167,8.930000305175781,8.930000305175781,570.0
2024-09-16 15:45:00+00:00,RGLD,141.2100067138672,141.2100067138672,141.2100067138672,141.15499877929688,141.15499877929688,2946.0
2024-09-16 15:45:00+00:00,SGML,10.949999809265137,10.949999809265137,10.970000267028809,10.930000305175781,10.9399995803833,3108.0
2024-09-16 15:45:00+00:00,SNES,2.799999952316284,2.799999952316284,3.0,2.799999952316284,3.0,4343.0
2024-09-16 15:45:00+00:00,SSRM,5.909999847412109,5.909999847412109,5.925000190734863,5.909999847412109,5.925000190734863,13536.0
2024-09-16 15:45:00+00:00,STLD,111.34500122070312,111.34500122070312,111.34500122070312,111.22000122070312,111.22000122070312,5491.0
2024-09-16 15:45:00+00:00,TMC,1.1100000143051147,1.1100000143051147,1.11899995803833,1.1100000143051147,1.1100000143051147,21087.0
2024-09-16 15:45:00+00:00,UFPI,123.91999816894531,123.91999816894531,123.94999694824219,123.91999816894531,123.94999694824219,1212.0
2024-09-16 15:45:00+00:00,USAP,36.970001220703125,36.970001220703125,37.04800033569336,36.970001220703125,37.04800033569336,2654.0
2024-09-16 15:45:00+00:00,USAU,5.920000076293945,5.920000076293945,5.920000076293945,5.920000076293945,5.920000076293945,1903.0
2024-09-16 15:45:00+00:00,USLM,85.52999877929688,85.52999877929688,85.52999877929688,85.52999877929688,85.52999877929688,808.0
2024-09-16 15:45:00+00:00,ZEUS,38.3650016784668,38.3650016784668,38.3650016784668,38.3650016784668,38.3650016784668,1259.0
2024-09-16 15:46:00+00:00,AREC,0.5049999952316284,0.5049999952316284,0.5049999952316284,0.5049999952316284,0.5049999952316284,357.0
2024-09-16 15:46:00+00:00,ASTL,10.244999885559082,10.244999885559082,10.244999885559082,10.244999885559082,10.244999885559082,295.0
2024-09-16 15:46:00+00:00,BIOX,8.630000114440918,8.630000114440918,8.630000114440918,8.630000114440918,8.630000114440918,481.0
2024-09-16 15:46:00+00:00,CENX,14.170999526977539,14.170999526977539,14.175000190734863,14.170000076293945,14.170000076293945,1763.0
2024-09-16 15:46:00+00:00,CNEY,0.4749999940395355,0.4749999940395355,0.4799000024795532,0.47040000557899475,0.4799000024795532,919.0
2024-09-16 15:46:00+00:00,GEVO,1.4049999713897705,1.4049999713897705,1.409999966621399,1.399999976158142,1.4049999713897705,67621.0
2024-09-16 15:46:00+00:00,GPRE,12.770000457763672,12.770000457763672,12.779999732971191,12.770000457763672,12.770000457763672,2707.0
2024-09-16 15:46:00+00:00,GSM,4.15500020980835,4.15500020980835,4.159999847412109,4.15500020980835,4.15500020980835,1764.0
2024-09-16 15:46:00+00:00,HDSN,7.948999881744385,7.948999881744385,7.948999881744385,7.948999881744385,7.948999881744385,2282.0
2024-09-16 15:46:00+00:00,HWKN,116.94999694824219,116.94999694824219,116.9749984741211,116.94999694824219,116.9749984741211,424.0
2024-09-16 15:46:00+00:00,LITM,0.3296999931335449,0.3296999931335449,0.3296999931335449,0.3294000029563904,0.3294000029563904,685.0
2024-09-16 15:46:00+00:00,LWLG,2.5499000549316406,2.5499000549316406,2.549999952316284,2.5450000762939453,2.5450000762939453,1235.0
2024-09-16 15:46:00+00:00,MEOH,38.67499923706055,38.67499923706055,38.67499923706055,38.66999816894531,38.66999816894531,954.0
2024-09-16 15:46:00+00:00,MERC,6.369999885559082,6.369999885559082,6.385000228881836,6.369999885559082,6.385000228881836,5159.0
2024-09-16 15:46:00+00:00,METC,9.869999885559082,9.869999885559082,9.890000343322754,9.859999656677246,9.890000343322754,2777.0
2024-09-16 15:46:00+00:00,ORGN,1.5750000476837158,1.5750000476837158,1.5750000476837158,1.5700000524520874,1.570099949836731,11042.0
2024-09-16 15:46:00+00:00,PAAS,21.364999771118164,21.364999771118164,21.3700008392334,21.360000610351562,21.360000610351562,4234.0
2024-09-16 15:46:00+00:00,PPTA,8.9350004196167,8.9350004196167,8.9350004196167,8.9350004196167,8.9350004196167,712.0
2024-09-16 15:46:00+00:00,SGML,10.859999656677246,10.859999656677246,10.950300216674805,10.859999656677246,10.950300216674805,11290.0
2024-09-16 15:46:00+00:00,SMID,34.70000076293945,34.70000076293945,34.70000076293945,34.70000076293945,34.70000076293945,150.0
2024-09-16 15:46:00+00:00,SSRM,5.914999961853027,5.914999961853027,5.914999961853027,5.909999847412109,5.909999847412109,4865.0
2024-09-16 15:46:00+00:00,STLD,111.41999816894531,111.41999816894531,111.41999816894531,111.40499877929688,111.40499877929688,862.0
2024-09-16 15:46:00+00:00,TMC,1.1100000143051147,1.1100000143051147,1.1150000095367432,1.1100000143051147,1.1100000143051147,7238.0
2024-09-16 15:46:00+00:00,UFPI,124.06999969482422,124.06999969482422,124.16000366210938,124.06999969482422,124.08999633789062,1408.0
2024-09-16 15:46:00+00:00,WDFC,259.82000732421875,259.82000732421875,259.82000732421875,259.82000732421875,259.82000732421875,1202.0
2024-09-16 15:47:00+00:00,ALTO,1.6200000047683716,1.6200000047683716,1.6200000047683716,1.6150000095367432,1.6150000095367432,2010.0
2024-09-16 15:47:00+00:00,CENX,14.15999984741211,14.15999984741211,14.170000076293945,14.151000022888184,14.170000076293945,3919.0
2024-09-16 15:47:00+00:00,CNEY,0.4749999940395355,0.4749999940395355,0.4749999940395355,0.4749999940395355,0.4749999940395355,9242.0
2024-09-16 15:47:00+00:00,GEVO,1.4049999713897705,1.4049999713897705,1.409999966621399,1.399999976158142,1.4049999713897705,21644.0
2024-09-16 15:47:00+00:00,GPRE,12.789999961853027,12.789999961853027,12.789999961853027,12.770000457763672,12.774999618530273,3070.0
2024-09-16 15:47:00+00:00,GSM,4.15500020980835,4.15500020980835,4.159999847412109,4.150000095367432,4.159999847412109,6348.0
2024-09-16 15:47:00+00:00,HWKN,117.08000183105469,117.08000183105469,117.08000183105469,116.98999786376953,116.98999786376953,206.0
2024-09-16 15:47:00+00:00,HYMC,2.6510000228881836,2.6510000228881836,2.6510000228881836,2.6510000228881836,2.6510000228881836,732.0
2024-09-16 15:47:00+00:00,IONR,4.320000171661377,4.320000171661377,4.320000171661377,4.320000171661377,4.320000171661377,101.0
2024-09-16 15:47:00+00:00,IOSP,109.83999633789062,109.83999633789062,109.83999633789062,109.83999633789062,109.83999633789062,693.0
2024-09-16 15:47:00+00:00,LITM,0.32829999923706055,0.32829999923706055,0.32829999923706055,0.32829999923706055,0.32829999923706055,301.0
2024-09-16 15:47:00+00:00,LWLG,2.5450000762939453,2.5450000762939453,2.5450000762939453,2.5450000762939453,2.5450000762939453,472.0
2024-09-16 15:47:00+00:00,MEOH,38.67499923706055,38.67499923706055,38.67499923706055,38.65999984741211,38.67499923706055,520.0
2024-09-16 15:47:00+00:00,MERC,6.375,6.375,6.375,6.375,6.375,108.0
2024-09-16 15:47:00+00:00,METC,9.869999885559082,9.869999885559082,9.880000114440918,9.869999885559082,9.869999885559082,4918.0
2024-09-16 15:47:00+00:00,PAAS,21.310100555419922,21.310100555419922,21.364999771118164,21.310100555419922,21.364999771118164,16668.0
2024-09-16 15:47:00+00:00,PLL,7.159999847412109,7.159999847412109,7.159999847412109,7.150000095367432,7.150000095367432,1951.0
2024-09-16 15:47:00+00:00,PPTA,8.9399995803833,8.9399995803833,8.9399995803833,8.930000305175781,8.930000305175781,1406.0
2024-09-16 15:47:00+00:00,RGLD,141.1699981689453,141.1699981689453,141.23500061035156,141.1699981689453,141.2100067138672,3625.0
2024-09-16 15:47:00+00:00,SEED,2.5899999141693115,2.5899999141693115,2.5899999141693115,2.5899999141693115,2.5899999141693115,385.0
2024-09-16 15:47:00+00:00,SGML,10.875,10.875,10.885000228881836,10.859999656677246,10.885000228881836,1715.0
2024-09-16 15:47:00+00:00,SSRM,5.90500020980835,5.90500020980835,5.910399913787842,5.90500020980835,5.910399913787842,12788.0
2024-09-16 15:47:00+00:00,STLD,111.40499877929688,111.40499877929688,111.42500305175781,111.38999938964844,111.41999816894531,3094.0
2024-09-16 15:47:00+00:00,TMC,1.100000023841858,1.100000023841858,1.100000023841858,1.090000033378601,1.100000023841858,19777.0
2024-09-16 15:47:00+00:00,UFPI,124.0250015258789,124.0250015258789,124.0250015258789,124.0250015258789,124.0250015258789,432.0
2024-09-16 15:47:00+00:00,USAP,37.0,37.0,37.0,37.0,37.0,572.0
2024-09-16 15:47:00+00:00,USAU,5.920000076293945,5.920000076293945,5.920000076293945,5.910699844360352,5.910699844360352,995.0
2024-09-16 15:47:00+00:00,USLM,85.5999984741211,85.5999984741211,85.5999984741211,85.5999984741211,85.5999984741211,1843.0
2024-09-16 15:48:00+00:00,AREC,0.504800021648407,0.504800021648407,0.5049999952316284,0.504800021648407,0.5049999952316284,1249.0
2024-09-16 15:48:00+00:00,ASTL,10.244999885559082,10.244999885559082,10.25,10.244999885559082,10.244999885559082,3243.0
2024-09-16 15:48:00+00:00,CENX,14.149999618530273,14.149999618530273,14.154999732971191,14.149999618530273,14.154999732971191,1196.0
2024-09-16 15:48:00+00:00,CNEY,0.4799000024795532,0.4799000024795532,0.4799000024795532,0.4749000072479248,0.4749000072479248,16034.0
2024-09-16 15:48:00+00:00,GEVO,1.4049999713897705,1.4049999713897705,1.409999966621399,1.399999976158142,1.4045000076293945,11648.0
2024-09-16 15:48:00+00:00,GPRE,12.800000190734863,12.800000190734863,12.8100004196167,12.800000190734863,12.800000190734863,3758.0
2024-09-16 15:48:00+00:00,GSM,4.15500020980835,4.15500020980835,4.159999847412109,4.150000095367432,4.15500020980835,10085.0
2024-09-16 15:48:00+00:00,HDSN,7.934999942779541,7.934999942779541,7.934999942779541,7.934999942779541,7.934999942779541,556.0
2024-09-16 15:48:00+00:00,HWKN,116.94999694824219,116.94999694824219,117.08000183105469,116.94999694824219,116.94999694824219,927.0
2024-09-16 15:48:00+00:00,KALU,68.95999908447266,68.95999908447266,68.95999908447266,68.95999908447266,68.95999908447266,155.0
2024-09-16 15:48:00+00:00,LWLG,2.5450000762939453,2.5450000762939453,2.5450000762939453,2.5450000762939453,2.5450000762939453,235.0
2024-09-16 15:48:00+00:00,MEOH,38.70500183105469,38.70500183105469,38.709999084472656,38.66999816894531,38.68000030517578,3547.0
2024-09-16 15:48:00+00:00,MERC,6.369999885559082,6.369999885559082,6.375,6.369999885559082,6.375,2770.0
2024-09-16 15:48:00+00:00,METC,9.890000343322754,9.890000343322754,9.890000343322754,9.864999771118164,9.869999885559082,4409.0
2024-09-16 15:48:00+00:00,PAAS,21.299999237060547,21.299999237060547,21.309999465942383,21.299999237060547,21.309999465942383,33165.0
2024-09-16 15:48:00+00:00,PLL,7.158999919891357,7.158999919891357,7.158999919891357,7.158999919891357,7.158999919891357,149.0
2024-09-16 15:48:00+00:00,PPTA,8.944999694824219,8.944999694824219,8.949999809265137,8.9399995803833,8.949999809265137,3552.0
2024-09-16 15:48:00+00:00,SGML,10.819999694824219,10.819999694824219,10.880000114440918,10.819999694824219,10.880000114440918,3779.0
2024-09-16 15:48:00+00:00,SMID,34.5099983215332,34.5099983215332,34.5099983215332,34.5099983215332,34.5099983215332,190.0
2024-09-16 15:48:00+00:00,SNES,2.9818999767303467,2.9818999767303467,2.9818999767303467,2.9818999767303467,2.9818999767303467,295.0
2024-09-16 15:48:00+00:00,SSRM,5.90500020980835,5.90500020980835,5.909999847412109,5.9004998207092285,5.909999847412109,5388.0
2024-09-16 15:48:00+00:00,STLD,111.47000122070312,111.47000122070312,111.47000122070312,111.40499877929688,111.40499877929688,6460.0
2024-09-16 15:48:00+00:00,TMC,1.090000033378601,1.090000033378601,1.100000023841858,1.090000033378601,1.090000033378601,7198.0
2024-09-16 15:48:00+00:00,USAP,36.970001220703125,36.970001220703125,36.97999954223633,36.970001220703125,36.9734001159668,828.0
2024-09-16 15:48:00+00:00,ZEUS,38.459999084472656,38.459999084472656,38.5,38.459999084472656,38.5,1795.0
2024-09-16 15:49:00+00:00,ALTO,1.6150000095367432,1.6150000095367432,1.6150000095367432,1.6150000095367432,1.6150000095367432,336.0
2024-09-16 15:49:00+00:00,ASTL,10.25,10.25,10.25,10.25,10.25,848.0
2024-09-16 15:49:00+00:00,BCPC,172.52999877929688,172.52999877929688,172.52999877929688,172.52999877929688,172.52999877929688,329.0
2024-09-16 15:49:00+00:00,CENX,14.140000343322754,14.140000343322754,14.154999732971191,14.135000228881836,14.154999732971191,5696.0
2024-09-16 15:49:00+00:00,CNEY,0.47929999232292175,0.47929999232292175,0.4814000129699707,0.4699999988079071,0.4799000024795532,25084.0
2024-09-16 15:49:00+00:00,GEVO,1.4049999713897705,1.4049999713897705,1.4092999696731567,1.399999976158142,1.4049999713897705,29637.0
2024-09-16 15:49:00+00:00,GPRE,12.78499984741211,12.78499984741211,12.800000190734863,12.770000457763672,12.800000190734863,8074.0
2024-09-16 15:49:00+00:00,GSM,4.15500020980835,4.15500020980835,4.15500020980835,4.150000095367432,4.150000095367432,4262.0
2024-09-16 15:49:00+00:00,GURE,0.949999988079071,0.949999988079071,0.949999988079071,0.949999988079071,0.949999988079071,273.0
2024-09-16 15:49:00+00:00,HDSN,7.940000057220459,7.940000057220459,7.940000057220459,7.940000057220459,7.940000057220459,1529.0
2024-09-16 15:49:00+00:00,HWKN,117.20999908447266,117.20999908447266,117.20999908447266,117.12999725341797,117.12999725341797,1921.0
2024-09-16 15:49:00+00:00,HYMC,2.6401000022888184,2.6401000022888184,2.640199899673462,2.640000104904175,2.640199899673462,1551.0
2024-09-16 15:49:00+00:00,IOSP,109.94999694824219,109.94999694824219,109.9800033569336,109.77999877929688,109.77999877929688,2539.0
2024-09-16 15:49:00+00:00,KALU,68.91500091552734,68.91500091552734,68.91500091552734,68.91500091552734,68.91500091552734,465.0
2024-09-16 15:49:00+00:00,LITM,0.328000009059906,0.328000009059906,0.328000009059906,0.328000009059906,0.328000009059906,246.0
2024-09-16 15:49:00+00:00,LWLG,2.5450000762939453,2.5450000762939453,2.5450000762939453,2.5450000762939453,2.5450000762939453,667.0
2024-09-16 15:49:00+00:00,MEOH,38.70500183105469,38.70500183105469,38.70500183105469,38.689998626708984,38.70000076293945,1463.0
2024-09-16 15:49:00+00:00,MERC,6.364999771118164,6.364999771118164,6.364999771118164,6.360000133514404,6.360000133514404,2825.0
2024-09-16 15:49:00+00:00,METC,9.875,9.875,9.880000114440918,9.869999885559082,9.880000114440918,2310.0
2024-09-16 15:49:00+00:00,ORGN,1.5712000131607056,1.5712000131607056,1.5750000476837158,1.5712000131607056,1.5750000476837158,584.0
2024-09-16 15:49:00+00:00,PAAS,21.299999237060547,21.299999237060547,21.309999465942383,21.299999237060547,21.30109977722168,7686.0
2024-09-16 15:49:00+00:00,PLL,7.169000148773193,7.169000148773193,7.170000076293945,7.159999847412109,7.159999847412109,1053.0
2024-09-16 15:49:00+00:00,PPTA,8.954999923706055,8.954999923706055,8.954999923706055,8.930000305175781,8.930000305175781,1478.0
2024-09-16 15:49:00+00:00,RGLD,141.35499572753906,141.35499572753906,141.35499572753906,141.35499572753906,141.35499572753906,1699.0
2024-09-16 15:49:00+00:00,SGML,10.84000015258789,10.84000015258789,10.850000381469727,10.8100004196167,10.8100004196167,1872.0
2024-09-16 15:49:00+00:00,SNES,2.9649999141693115,2.9649999141693115,2.9649999141693115,2.9649999141693115,2.9649999141693115,1000.0
2024-09-16 15:49:00+00:00,SSRM,5.909999847412109,5.909999847412109,5.909999847412109,5.90500020980835,5.90500020980835,5560.0
2024-09-16 15:49:00+00:00,STLD,111.4000015258789,111.4000015258789,111.5250015258789,111.4000015258789,111.47000122070312,6586.0
2024-09-16 15:49:00+00:00,TMC,1.0750000476837158,1.0750000476837158,1.0950000286102295,1.0700000524520874,1.090000033378601,21137.0
2024-09-16 15:49:00+00:00,UFPI,123.91000366210938,123.91000366210938,123.91000366210938,123.91000366210938,123.91000366210938,406.0
2024-09-16 15:49:00+00:00,USAU,5.90500020980835,5.90500020980835,5.90500020980835,5.90500020980835,5.90500020980835,907.0
2024-09-16 15:49:00+00:00,ZEUS,38.60499954223633,38.60499954223633,38.60499954223633,38.5,38.5,1376.0
2024-09-16 15:49:00+00:00,ZKIN,0.445499986410141,0.445499986410141,0.4456000030040741,0.445499986410141,0.4456000030040741,450.0
2024-09-16 15:50:00+00:00,ACNT,9.180000305175781,9.180000305175781,9.180000305175781,9.180000305175781,9.180000305175781,582.0
2024-09-16 15:50:00+00:00,ALTO,1.6150000095367432,1.6150000095367432,1.6150000095367432,1.6150000095367432,1.6150000095367432,282.0
2024-09-16 15:50:00+00:00,ASTL,10.225000381469727,10.225000381469727,10.244999885559082,10.225000381469727,10.239999771118164,2717.0
2024-09-16 15:50:00+00:00,BCPC,172.57000732421875,172.57000732421875,172.57000732421875,172.57000732421875,172.57000732421875,418.0
2024-09-16 15:50:00+00:00,CENX,14.149999618530273,14.149999618530273,14.149999618530273,14.145000457763672,14.145999908447266,5334.0
2024-09-16 15:50:00+00:00,CNEY,0.4738999903202057,0.4738999903202057,0.47929999232292175,0.4699999988079071,0.47929999232292175,12057.0
2024-09-16 15:50:00+00:00,GEVO,1.3949999809265137,1.3949999809265137,1.409999966621399,1.3899999856948853,1.4012999534606934,100753.0
2024-09-16 15:50:00+00:00,GPRE,12.770000457763672,12.770000457763672,12.800000190734863,12.770000457763672,12.789999961853027,11178.0
2024-09-16 15:50:00+00:00,GSM,4.15500020980835,4.15500020980835,4.159999847412109,4.150000095367432,4.15500020980835,5963.0
2024-09-16 15:50:00+00:00,HDSN,7.945000171661377,7.945000171661377,7.945000171661377,7.940000057220459,7.940000057220459,1458.0
2024-09-16 15:50:00+00:00,HWKN,117.2699966430664,117.2699966430664,117.2699966430664,117.13999938964844,117.13999938964844,2191.0
2024-09-16 15:50:00+00:00,IPX,18.0,18.0,18.0,17.915000915527344,17.969999313354492,727.0
2024-09-16 15:50:00+00:00,KALU,68.94000244140625,68.94000244140625,68.94000244140625,68.81999969482422,68.83000183105469,2057.0
2024-09-16 15:50:00+00:00,LWLG,2.549999952316284,2.549999952316284,2.555000066757202,2.549999952316284,2.549999952316284,3371.0
2024-09-16 15:50:00+00:00,MEOH,38.72999954223633,38.72999954223633,38.75,38.709999084472656,38.72999954223633,4061.0
2024-09-16 15:50:00+00:00,MERC,6.364999771118164,6.364999771118164,6.364999771118164,6.364999771118164,6.364999771118164,1211.0
2024-09-16 15:50:00+00:00,METC,9.880000114440918,9.880000114440918,9.880000114440918,9.859999656677246,9.869999885559082,3009.0
2024-09-16 15:50:00+00:00,ORGN,1.5750000476837158,1.5750000476837158,1.5750000476837158,1.5750000476837158,1.5750000476837158,77.0
2024-09-16 15:50:00+00:00,PAAS,21.31999969482422,21.31999969482422,21.350000381469727,21.290000915527344,21.299999237060547,52457.0
2024-09-16 15:50:00+00:00,PLL,7.160999774932861,7.160999774932861,7.168799877166748,7.159999847412109,7.168799877166748,1175.0
2024-09-16 15:50:00+00:00,PPTA,8.956000328063965,8.956000328063965,8.960000038146973,8.949999809265137,8.958000183105469,2872.0
2024-09-16 15:50:00+00:00,RGLD,141.3249969482422,141.3249969482422,141.3249969482422,141.3249969482422,141.3249969482422,1222.0
2024-09-16 15:50:00+00:00,SGML,10.84000015258789,10.84000015258789,10.890000343322754,10.819999694824219,10.850000381469727,14029.0
2024-09-16 15:50:00+00:00,SSRM,5.909999847412109,5.909999847412109,5.920000076293945,5.90500020980835,5.909999847412109,11371.0
2024-09-16 15:50:00+00:00,STLD,111.27999877929688,111.27999877929688,111.37000274658203,111.25,111.3499984741211,13123.0
2024-09-16 15:50:00+00:00,TMC,1.0700000524520874,1.0700000524520874,1.0800000429153442,1.0700000524520874,1.0750000476837158,21505.0
2024-09-16 15:50:00+00:00,UFPI,124.05999755859375,124.05999755859375,124.0999984741211,124.0199966430664,124.0199966430664,2158.0
2024-09-16 15:50:00+00:00,USAP,37.03499984741211,37.03499984741211,37.03499984741211,37.03499984741211,37.03499984741211,262.0
2024-09-16 15:50:00+00:00,USAU,5.920000076293945,5.920000076293945,5.920000076293945,5.882400035858154,5.882400035858154,3137.0
2024-09-16 15:50:00+00:00,WDFC,260.7298889160156,260.7298889160156,260.7298889160156,260.7298889160156,260.7298889160156,878.0
2024-09-16 15:50:00+00:00,ZEUS,38.56999969482422,38.56999969482422,38.56999969482422,38.529998779296875,38.529998779296875,670.0
2024-09-16 15:50:00+00:00,ZKIN,0.46000000834465027,0.46000000834465027,0.46000000834465027,0.4528000056743622,0.4528000056743622,400.0
2024-09-16 15:51:00+00:00,ALTO,1.6150000095367432,1.6150000095367432,1.6150000095367432,1.6150000095367432,1.6150000095367432,439.0
2024-09-16 15:51:00+00:00,BCPC,172.57000732421875,172.57000732421875,172.57000732421875,172.57000732421875,172.57000732421875,2937.0
2024-09-16 15:51:00+00:00,CENX,14.154999732971191,14.154999732971191,14.15999984741211,14.145000457763672,14.149999618530273,4445.0
2024-09-16 15:51:00+00:00,CNEY,0.4797999858856201,0.4797999858856201,0.4797999858856201,0.4729999899864197,0.4729999899864197,8717.0
2024-09-16 15:51:00+00:00,ELBM,0.6111000180244446,0.6111000180244446,0.6111999750137329,0.6110000014305115,0.6111000180244446,4000.0
2024-09-16 15:51:00+00:00,FEAM,0.5099999904632568,0.5099999904632568,0.5099999904632568,0.5099999904632568,0.5099999904632568,400.0
2024-09-16 15:51:00+00:00,GEVO,1.399899959564209,1.399899959564209,1.399999976158142,1.3899999856948853,1.3899999856948853,19085.0
2024-09-16 15:51:00+00:00,GPRE,12.727499961853027,12.727499961853027,12.770000457763672,12.725000381469727,12.770000457763672,5546.0
2024-09-16 15:51:00+00:00,GSM,4.15500020980835,4.15500020980835,4.15500020980835,4.15500020980835,4.15500020980835,820.0
2024-09-16 15:51:00+00:00,HDSN,7.940000057220459,7.940000057220459,7.940000057220459,7.940000057220459,7.940000057220459,2097.0
2024-09-16 15:51:00+00:00,HYMC,2.6410000324249268,2.6410000324249268,2.6410000324249268,2.6410000324249268,2.6410000324249268,517.0
2024-09-16 15:51:00+00:00,IOSP,109.8499984741211,109.8499984741211,109.8499984741211,109.79000091552734,109.79000091552734,1112.0
2024-09-16 15:51:00+00:00,KALU,69.0,69.0,69.0,68.83999633789062,68.83999633789062,3906.0
2024-09-16 15:51:00+00:00,LITM,0.328000009059906,0.328000009059906,0.328000009059906,0.328000009059906,0.328000009059906,2180.0
2024-09-16 15:51:00+00:00,MEOH,38.70000076293945,38.70000076293945,38.75,38.689998626708984,38.75,2425.0
2024-09-16 15:51:00+00:00,MERC,6.360000133514404,6.360000133514404,6.364999771118164,6.360000133514404,6.364999771118164,3338.0
2024-09-16 15:51:00+00:00,METC,9.890000343322754,9.890000343322754,9.890000343322754,9.869999885559082,9.880000114440918,5518.0
2024-09-16 15:51:00+00:00,PAAS,21.31999969482422,21.31999969482422,21.31999969482422,21.30500030517578,21.31999969482422,20686.0
2024-09-16 15:51:00+00:00,PLL,7.169000148773193,7.169000148773193,7.169000148773193,7.159999847412109,7.159999847412109,1321.0
2024-09-16 15:51:00+00:00,PPTA,8.970000267028809,8.970000267028809,8.970000267028809,8.960000038146973,8.960000038146973,1046.0
2024-09-16 15:51:00+00:00,RGLD,141.22000122070312,141.22000122070312,141.22000122070312,141.22000122070312,141.22000122070312,349.0
2024-09-16 15:51:00+00:00,SGML,10.829999923706055,10.829999923706055,10.84000015258789,10.829999923706055,10.84000015258789,2250.0
2024-09-16 15:51:00+00:00,SSRM,5.90500020980835,5.90500020980835,5.90500020980835,5.90500020980835,5.90500020980835,5896.0
2024-09-16 15:51:00+00:00,STLD,111.29499816894531,111.29499816894531,111.36000061035156,111.27999877929688,111.27999877929688,7352.0
2024-09-16 15:51:00+00:00,TMC,1.0700000524520874,1.0700000524520874,1.0800000429153442,1.0700000524520874,1.0700000524520874,17353.0
2024-09-16 15:51:00+00:00,UFPI,123.98999786376953,123.98999786376953,123.98999786376953,123.98999786376953,123.98999786376953,1541.0
2024-09-16 15:51:00+00:00,USAP,37.060001373291016,37.060001373291016,37.07500076293945,37.060001373291016,37.07500076293945,903.0
2024-09-16 15:51:00+00:00,USAU,5.916299819946289,5.916299819946289,5.920000076293945,5.916299819946289,5.920000076293945,441.0
2024-09-16 15:51:00+00:00,USLM,85.16999816894531,85.16999816894531,85.16999816894531,85.16999816894531,85.16999816894531,107.0
2024-09-16 15:51:00+00:00,ZEUS,38.540000915527344,38.540000915527344,38.57500076293945,38.52000045776367,38.56999969482422,2418.0
2024-09-16 15:52:00+00:00,ALTO,1.6150000095367432,1.6150000095367432,1.6150000095367432,1.6100000143051147,1.6150000095367432,7639.0
2024-09-16 15:52:00+00:00,AREC,0.5016999840736389,0.5016999840736389,0.5016999840736389,0.5016999840736389,0.5016999840736389,6922.0
2024-09-16 15:52:00+00:00,ASTL,10.229999542236328,10.229999542236328,10.229999542236328,10.229999542236328,10.229999542236328,1151.0
2024-09-16 15:52:00+00:00,CENX,14.154999732971191,14.154999732971191,14.1850004196167,14.145000457763672,14.154999732971191,14694.0
2024-09-16 15:52:00+00:00,CNEY,0.47600001096725464,0.47600001096725464,0.4788999855518341,0.4700999855995178,0.47839999198913574,12888.0
2024-09-16 15:52:00+00:00,GEVO,1.3849999904632568,1.3849999904632568,1.399999976158142,1.3812999725341797,1.3946000337600708,83560.0
2024-09-16 15:52:00+00:00,GPRE,12.729999542236328,12.729999542236328,12.729999542236328,12.710000038146973,12.710000038146973,5498.0
2024-09-16 15:52:00+00:00,GSM,4.15500020980835,4.15500020980835,4.15500020980835,4.150000095367432,4.150000095367432,2379.0
2024-09-16 15:52:00+00:00,HDSN,7.954999923706055,7.954999923706055,7.954999923706055,7.954999923706055,7.954999923706055,975.0
2024-09-16 15:52:00+00:00,HWKN,117.27999877929688,117.27999877929688,117.27999877929688,117.23999786376953,117.23999786376953,530.0
2024-09-16 15:52:00+00:00,KALU,69.00579833984375,69.00579833984375,69.00579833984375,68.91999816894531,68.94000244140625,1074.0
2024-09-16 15:52:00+00:00,LITM,0.32820001244544983,0.32820001244544983,0.32820001244544983,0.32820001244544983,0.32820001244544983,395.0
2024-09-16 15:52:00+00:00,LWLG,2.555000066757202,2.555000066757202,2.555000066757202,2.555000066757202,2.555000066757202,432.0
2024-09-16 15:52:00+00:00,MEOH,38.689998626708984,38.689998626708984,38.689998626708984,38.689998626708984,38.689998626708984,1436.0
2024-09-16 15:52:00+00:00,MERC,6.364999771118164,6.364999771118164,6.364999771118164,6.364999771118164,6.364999771118164,1712.0
2024-09-16 15:52:00+00:00,METC,9.880000114440918,9.880000114440918,9.890000343322754,9.880000114440918,9.880000114440918,4075.0
2024-09-16 15:52:00+00:00,NTIC,12.3100004196167,12.3100004196167,12.460000038146973,12.3100004196167,12.460000038146973,1900.0
2024-09-16 15:52:00+00:00,PAAS,21.290000915527344,21.290000915527344,21.31999969482422,21.290000915527344,21.31999969482422,35847.0
2024-09-16 15:52:00+00:00,PLL,7.164999961853027,7.164999961853027,7.164999961853027,7.164999961853027,7.164999961853027,725.0
2024-09-16 15:52:00+00:00,PPTA,8.949999809265137,8.949999809265137,8.960000038146973,8.949999809265137,8.960000038146973,5342.0
2024-09-16 15:52:00+00:00,RETO,1.4199999570846558,1.4199999570846558,1.4199999570846558,1.4199999570846558,1.4199999570846558,213.0
2024-09-16 15:52:00+00:00,RGLD,141.22500610351562,141.22500610351562,141.22999572753906,141.2050018310547,141.22999572753906,3266.0
2024-09-16 15:52:00+00:00,SGML,10.829999923706055,10.829999923706055,10.850000381469727,10.829999923706055,10.850000381469727,2816.0
2024-09-16 15:52:00+00:00,SSRM,5.90500020980835,5.90500020980835,5.90500020980835,5.900000095367432,5.900000095367432,5618.0
2024-09-16 15:52:00+00:00,STLD,111.30000305175781,111.30000305175781,111.36000061035156,111.24500274658203,111.26000213623047,15115.0
2024-09-16 15:52:00+00:00,TMC,1.0700000524520874,1.0700000524520874,1.0850000381469727,1.0700000524520874,1.0700000524520874,19626.0
2024-09-16 15:52:00+00:00,UFPI,124.16000366210938,124.16000366210938,124.16000366210938,123.98999786376953,123.98999786376953,2482.0
2024-09-16 15:52:00+00:00,USAP,37.040000915527344,37.040000915527344,37.05500030517578,37.040000915527344,37.05500030517578,492.0
2024-09-16 15:52:00+00:00,USLM,84.97000122070312,84.97000122070312,84.97000122070312,84.97000122070312,84.97000122070312,248.0
2024-09-16 15:52:00+00:00,ZEUS,38.529998779296875,38.529998779296875,38.529998779296875,38.529998779296875,38.529998779296875,1865.0
2024-09-16 15:53:00+00:00,ALTO,1.6150000095367432,1.6150000095367432,1.6150000095367432,1.6150000095367432,1.6150000095367432,949.0
2024-09-16 15:53:00+00:00,ASTL,10.225000381469727,10.225000381469727,10.225000381469727,10.225000381469727,10.225000381469727,334.0
2024-09-16 15:53:00+00:00,BIOX,8.600000381469727,8.600000381469727,8.600000381469727,8.600000381469727,8.600000381469727,1549.0
2024-09-16 15:53:00+00:00,CENX,14.145000457763672,14.145000457763672,14.149999618530273,14.145000457763672,14.149999618530273,4447.0
2024-09-16 15:53:00+00:00,CNEY,0.4699999988079071,0.4699999988079071,0.47690001130104065,0.4699999988079071,0.47690001130104065,13614.0
2024-09-16 15:53:00+00:00,ELBM,0.6205999851226807,0.6205999851226807,0.6205999851226807,0.6205999851226807,0.6205999851226807,0.0
2024-09-16 15:53:00+00:00,FEAM,0.5019999742507935,0.5019999742507935,0.5019999742507935,0.5019999742507935,0.5019999742507935,288.0
2024-09-16 15:53:00+00:00,GEVO,1.3909000158309937,1.3909000158309937,1.399999976158142,1.3801000118255615,1.3899999856948853,48799.0
2024-09-16 15:53:00+00:00,GPRE,12.744999885559082,12.744999885559082,12.75,12.739999771118164,12.739999771118164,5509.0
2024-09-16 15:53:00+00:00,GSM,4.150000095367432,4.150000095367432,4.15500020980835,4.150000095367432,4.15500020980835,544.0
2024-09-16 15:53:00+00:00,GURE,0.9800000190734863,0.9800000190734863,0.9800000190734863,0.9800000190734863,0.9800000190734863,251.0
2024-09-16 15:53:00+00:00,HWKN,117.62000274658203,117.62000274658203,117.62000274658203,117.28500366210938,117.28500366210938,2151.0
2024-09-16 15:53:00+00:00,HYMC,2.6500000953674316,2.6500000953674316,2.6500000953674316,2.6500000953674316,2.6500000953674316,5492.0
2024-09-16 15:53:00+00:00,HYMCW,0.015399999916553497,0.015399999916553497,0.01549999974668026,0.015399999916553497,0.01549999974668026,0.0
2024-09-16 15:53:00+00:00,IOSP,109.77999877929688,109.77999877929688,109.77999877929688,109.77999877929688,109.77999877929688,673.0
2024-09-16 15:53:00+00:00,KALU,69.02999877929688,69.02999877929688,69.02999877929688,69.02999877929688,69.02999877929688,520.0
2024-09-16 15:53:00+00:00,LWLG,2.555000066757202,2.555000066757202,2.555000066757202,2.555000066757202,2.555000066757202,2838.0
2024-09-16 15:53:00+00:00,MEOH,38.665000915527344,38.665000915527344,38.67499923706055,38.65299987792969,38.66999816894531,1678.0
2024-09-16 15:53:00+00:00,MERC,6.364999771118164,6.364999771118164,6.369999885559082,6.360000133514404,6.364999771118164,3136.0
2024-09-16 15:53:00+00:00,METC,9.880000114440918,9.880000114440918,9.880000114440918,9.869999885559082,9.869999885559082,1221.0
2024-09-16 15:53:00+00:00,ORGN,1.5750000476837158,1.5750000476837158,1.5750000476837158,1.5750000476837158,1.5750000476837158,105.0
2024-09-16 15:53:00+00:00,PAAS,21.28499984741211,21.28499984741211,21.295000076293945,21.270000457763672,21.290000915527344,39448.0
2024-09-16 15:53:00+00:00,PLL,7.164999961853027,7.164999961853027,7.164999961853027,7.164999961853027,7.164999961853027,209.0
2024-09-16 15:53:00+00:00,RGLD,141.2100067138672,141.2100067138672,141.2100067138672,141.1199951171875,141.1199951171875,2436.0
2024-09-16 15:53:00+00:00,SGML,10.890000343322754,10.890000343322754,10.895000457763672,10.850000381469727,10.850000381469727,7686.0
2024-09-16 15:53:00+00:00,SSRM,5.894999980926514,5.894999980926514,5.909999847412109,5.894999980926514,5.909999847412109,8367.0
2024-09-16 15:53:00+00:00,STLD,111.375,111.375,111.44000244140625,111.30000305175781,111.30000305175781,12975.0
2024-09-16 15:53:00+00:00,TMC,1.0700000524520874,1.0700000524520874,1.0800000429153442,1.0700000524520874,1.0700000524520874,15102.0
2024-09-16 15:53:00+00:00,UFPI,124.27999877929688,124.27999877929688,124.27999877929688,124.18000030517578,124.18000030517578,3279.0
2024-09-16 15:53:00+00:00,USAP,37.029998779296875,37.029998779296875,37.029998779296875,37.02000045776367,37.02000045776367,1004.0
2024-09-16 15:53:00+00:00,USAU,5.948200225830078,5.948200225830078,5.948200225830078,5.920000076293945,5.920000076293945,943.0
2024-09-16 15:53:00+00:00,USLM,85.02999877929688,85.02999877929688,85.02999877929688,85.02999877929688,85.02999877929688,343.0
2024-09-16 15:53:00+00:00,WDFC,260.8500061035156,260.8500061035156,260.8500061035156,260.8500061035156,260.8500061035156,608.0
2024-09-16 15:54:00+00:00,ALTO,1.6050000190734863,1.6050000190734863,1.6100000143051147,1.600000023841858,1.6100000143051147,16093.0
2024-09-16 15:54:00+00:00,ASTL,10.225000381469727,10.225000381469727,10.229999542236328,10.225000381469727,10.225000381469727,1298.0
2024-09-16 15:54:00+00:00,CENX,14.1850004196167,14.1850004196167,14.1850004196167,14.145000457763672,14.145000457763672,13573.0
2024-09-16 15:54:00+00:00,CNEY,0.47450000047683716,0.47450000047683716,0.4754999876022339,0.4699999988079071,0.4754999876022339,10165.0
2024-09-16 15:54:00+00:00,CRKN,1.378999948501587,1.378999948501587,1.378999948501587,1.378999948501587,1.378999948501587,466.0
2024-09-16 15:54:00+00:00,GEVO,1.3949999809265137,1.3949999809265137,1.399999976158142,1.3899999856948853,1.3949999809265137,46484.0
2024-09-16 15:54:00+00:00,GPRE,12.779999732971191,12.779999732971191,12.779999732971191,12.725000381469727,12.744999885559082,16438.0
2024-09-16 15:54:00+00:00,GSM,4.15500020980835,4.15500020980835,4.15500020980835,4.150000095367432,4.15500020980835,5062.0
2024-09-16 15:54:00+00:00,HDSN,7.949999809265137,7.949999809265137,7.960000038146973,7.949999809265137,7.949999809265137,3470.0
2024-09-16 15:54:00+00:00,HWKN,117.04000091552734,117.04000091552734,117.4800033569336,116.91999816894531,117.4800033569336,4966.0
2024-09-16 15:54:00+00:00,IOSP,109.83999633789062,109.83999633789062,109.87999725341797,109.83999633789062,109.86000061035156,872.0
2024-09-16 15:54:00+00:00,KALU,68.95999908447266,68.95999908447266,68.95999908447266,68.95999908447266,68.95999908447266,1277.0
2024-09-16 15:54:00+00:00,MEOH,38.65999984741211,38.65999984741211,38.68000030517578,38.65999984741211,38.665000915527344,2519.0
2024-09-16 15:54:00+00:00,MERC,6.364999771118164,6.364999771118164,6.375,6.364999771118164,6.364999771118164,9777.0
2024-09-16 15:54:00+00:00,METC,9.869999885559082,9.869999885559082,9.890000343322754,9.869999885559082,9.880000114440918,4304.0
2024-09-16 15:54:00+00:00,NTIC,12.369999885559082,12.369999885559082,12.369999885559082,12.369999885559082,12.369999885559082,105.0
2024-09-16 15:54:00+00:00,ORGN,1.5750000476837158,1.5750000476837158,1.5750000476837158,1.5750000476837158,1.5750000476837158,1836.0
2024-09-16 15:54:00+00:00,PAAS,21.274999618530273,21.274999618530273,21.28499984741211,21.270000457763672,21.28499984741211,45295.0
2024-09-16 15:54:00+00:00,PLL,7.164999961853027,7.164999961853027,7.170000076293945,7.164999961853027,7.169099807739258,1310.0
2024-09-16 15:54:00+00:00,PPTA,8.949999809265137,8.949999809265137,8.970000267028809,8.949999809265137,8.970000267028809,3347.0
2024-09-16 15:54:00+00:00,RGLD,141.2899932861328,141.2899932861328,141.35000610351562,141.25999450683594,141.25999450683594,3118.0
2024-09-16 15:54:00+00:00,SGML,10.875,10.875,10.890000343322754,10.869999885559082,10.890000343322754,2973.0
2024-09-16 15:54:00+00:00,SMID,34.689998626708984,34.689998626708984,34.689998626708984,34.689998626708984,34.689998626708984,645.0
2024-09-16 15:54:00+00:00,SSRM,5.894999980926514,5.894999980926514,5.894999980926514,5.894999980926514,5.894999980926514,2139.0
2024-09-16 15:54:00+00:00,STLD,111.18000030517578,111.18000030517578,111.30000305175781,111.13500213623047,111.30000305175781,38387.0
2024-09-16 15:54:00+00:00,TMC,1.0750000476837158,1.0750000476837158,1.0800000429153442,1.0700000524520874,1.0700000524520874,35431.0
2024-09-16 15:54:00+00:00,UFPI,123.91999816894531,123.91999816894531,124.19000244140625,123.88999938964844,124.19000244140625,3523.0
2024-09-16 15:54:00+00:00,USAP,37.0,37.0,37.0,37.0,37.0,431.0
2024-09-16 15:54:00+00:00,USLM,84.97100067138672,84.97100067138672,84.97100067138672,84.97100067138672,84.97100067138672,1254.0
2024-09-16 15:54:00+00:00,WDFC,260.489990234375,260.489990234375,260.57000732421875,260.489990234375,260.57000732421875,3875.0
2024-09-16 15:54:00+00:00,ZEUS,38.54999923706055,38.54999923706055,38.54999923706055,38.54999923706055,38.54999923706055,1609.0
2024-09-16 15:55:00+00:00,ALTO,1.6050000190734863,1.6050000190734863,1.6050000190734863,1.6050000190734863,1.6050000190734863,605.0
2024-09-16 15:55:00+00:00,ASTL,10.204999923706055,10.204999923706055,10.220000267028809,10.204999923706055,10.220000267028809,4348.0
2024-09-16 15:55:00+00:00,BIOX,8.595000267028809,8.595000267028809,8.600000381469727,8.595000267028809,8.600000381469727,1527.0
2024-09-16 15:55:00+00:00,CENX,14.175000190734863,14.175000190734863,14.1850004196167,14.175000190734863,14.175000190734863,8561.0
2024-09-16 15:55:00+00:00,CNEY,0.4799000024795532,0.4799000024795532,0.4799000024795532,0.4729999899864197,0.4749000072479248,33172.0
2024-09-16 15:55:00+00:00,CRKN,1.3799999952316284,1.3799999952316284,1.3799999952316284,1.3799999952316284,1.3799999952316284,525.0
2024-09-16 15:55:00+00:00,GEVO,1.3949999809265137,1.3949999809265137,1.399899959564209,1.3899999856948853,1.3949999809265137,47855.0
2024-09-16 15:55:00+00:00,GPRE,12.8149995803833,12.8149995803833,12.8149995803833,12.770000457763672,12.779999732971191,8731.0
2024-09-16 15:55:00+00:00,GSM,4.15500020980835,4.15500020980835,4.15500020980835,4.15500020980835,4.15500020980835,3824.0
2024-09-16 15:55:00+00:00,HDSN,7.925000190734863,7.925000190734863,7.934999942779541,7.925000190734863,7.929999828338623,1732.0
2024-09-16 15:55:00+00:00,HWKN,117.2699966430664,117.2699966430664,117.2699966430664,117.2699966430664,117.2699966430664,228.0
2024-09-16 15:55:00+00:00,LWLG,2.5399999618530273,2.5399999618530273,2.549999952316284,2.5299999713897705,2.549999952316284,22301.0
2024-09-16 15:55:00+00:00,MEOH,38.65999984741211,38.65999984741211,38.65999984741211,38.63999938964844,38.63999938964844,4948.0
2024-09-16 15:55:00+00:00,MERC,6.375,6.375,6.380000114440918,6.360000133514404,6.364999771118164,6109.0
2024-09-16 15:55:00+00:00,METC,9.890000343322754,9.890000343322754,9.890000343322754,9.869999885559082,9.869999885559082,5720.0
2024-09-16 15:55:00+00:00,NTIC,12.399999618530273,12.399999618530273,12.399999618530273,12.399999618530273,12.399999618530273,284.0
2024-09-16 15:55:00+00:00,ORGN,1.5759999752044678,1.5759999752044678,1.5759999752044678,1.5759999752044678,1.5759999752044678,653.0
2024-09-16 15:55:00+00:00,PAAS,21.264999389648438,21.264999389648438,21.290000915527344,21.260000228881836,21.274999618530273,63145.0
2024-09-16 15:55:00+00:00,PLL,7.169099807739258,7.169099807739258,7.169099807739258,7.159999847412109,7.164999961853027,2268.0
2024-09-16 15:55:00+00:00,PPTA,8.96500015258789,8.96500015258789,8.96500015258789,8.949999809265137,8.960000038146973,5041.0
2024-09-16 15:55:00+00:00,RGLD,141.0800018310547,141.0800018310547,141.32000732421875,141.0800018310547,141.32000732421875,7162.0
2024-09-16 15:55:00+00:00,SEED,2.630000114440918,2.630000114440918,2.630000114440918,2.619999885559082,2.619999885559082,667.0
2024-09-16 15:55:00+00:00,SGML,10.78499984741211,10.78499984741211,10.890000343322754,10.78499984741211,10.880000114440918,23638.0
2024-09-16 15:55:00+00:00,SNES,2.9200000762939453,2.9200000762939453,2.9667000770568848,2.9200000762939453,2.920099973678589,421.0
2024-09-16 15:55:00+00:00,SSRM,5.894999980926514,5.894999980926514,5.900000095367432,5.894999980926514,5.894999980926514,26528.0
2024-09-16 15:55:00+00:00,STLD,111.15499877929688,111.15499877929688,111.29000091552734,111.15499877929688,111.18000030517578,28320.0
2024-09-16 15:55:00+00:00,TMC,1.0499999523162842,1.0499999523162842,1.0759999752044678,1.0499999523162842,1.0750000476837158,50392.0
2024-09-16 15:55:00+00:00,UFPI,123.69999694824219,123.69999694824219,123.87999725341797,123.69999694824219,123.87000274658203,4166.0
2024-09-16 15:55:00+00:00,USAP,37.0,37.0,37.005001068115234,37.0,37.005001068115234,345.0
2024-09-16 15:55:00+00:00,ZEUS,38.560001373291016,38.560001373291016,38.59000015258789,38.560001373291016,38.59000015258789,2419.0
2024-09-16 15:56:00+00:00,ALTO,1.600000023841858,1.600000023841858,1.6050000190734863,1.600000023841858,1.6050000190734863,908.0
2024-09-16 15:56:00+00:00,ASTL,10.199999809265137,10.199999809265137,10.220000267028809,10.199999809265137,10.21500015258789,3599.0
2024-09-16 15:56:00+00:00,BIOX,8.595000267028809,8.595000267028809,8.595000267028809,8.595000267028809,8.595000267028809,1062.0
2024-09-16 15:56:00+00:00,CENX,14.175000190734863,14.175000190734863,14.180000305175781,14.175000190734863,14.175000190734863,6852.0
2024-09-16 15:56:00+00:00,CNEY,0.48190000653266907,0.48190000653266907,0.48899999260902405,0.4799000024795532,0.4799000024795532,2337.0
2024-09-16 15:56:00+00:00,ELBM,0.6110000014305115,0.6110000014305115,0.6111000180244446,0.6110000014305115,0.6111000180244446,1863.0
2024-09-16 15:56:00+00:00,GEVO,1.3901000022888184,1.3901000022888184,1.399999976158142,1.3899999856948853,1.3949999809265137,29383.0
2024-09-16 15:56:00+00:00,GPRE,12.835000038146973,12.835000038146973,12.84000015258789,12.8100004196167,12.8149995803833,11704.0
2024-09-16 15:56:00+00:00,GSM,4.15500020980835,4.15500020980835,4.15500020980835,4.15500020980835,4.15500020980835,3842.0
2024-09-16 15:56:00+00:00,HDSN,7.929999828338623,7.929999828338623,7.934999942779541,7.920000076293945,7.920000076293945,3462.0
2024-09-16 15:56:00+00:00,HWKN,117.13999938964844,117.13999938964844,117.31999969482422,117.13999938964844,117.31999969482422,1101.0
2024-09-16 15:56:00+00:00,HYMC,2.625,2.625,2.640000104904175,2.619999885559082,2.640000104904175,2933.0
2024-09-16 15:56:00+00:00,IOSP,109.75499725341797,109.75499725341797,109.75499725341797,109.75,109.75,2271.0
2024-09-16 15:56:00+00:00,KALU,68.94999694824219,68.94999694824219,68.94999694824219,68.94000244140625,68.94000244140625,1469.0
2024-09-16 15:56:00+00:00,LWLG,2.5350000858306885,2.5350000858306885,2.5350000858306885,2.5350000858306885,2.5350000858306885,285.0
2024-09-16 15:56:00+00:00,MEOH,38.63999938964844,38.63999938964844,38.650001525878906,38.630001068115234,38.650001525878906,3359.0
2024-09-16 15:56:00+00:00,MERC,6.375,6.375,6.380000114440918,6.375,6.375,5936.0
2024-09-16 15:56:00+00:00,METC,9.885000228881836,9.885000228881836,9.894499778747559,9.885000228881836,9.885000228881836,1939.0
2024-09-16 15:56:00+00:00,ORGN,1.5800000429153442,1.5800000429153442,1.5800000429153442,1.5700000524520874,1.5700000524520874,3059.0
2024-09-16 15:56:00+00:00,PAAS,21.235000610351562,21.235000610351562,21.264999389648438,21.229999542236328,21.260000228881836,73543.0
2024-09-16 15:56:00+00:00,PLL,7.164999961853027,7.164999961853027,7.164999961853027,7.150000095367432,7.159999847412109,3662.0
2024-09-16 15:56:00+00:00,PPTA,8.965999603271484,8.965999603271484,8.979999542236328,8.960000038146973,8.960000038146973,4552.0
2024-09-16 15:56:00+00:00,RGLD,141.07000732421875,141.07000732421875,141.07000732421875,141.07000732421875,141.07000732421875,1820.0
2024-09-16 15:56:00+00:00,SGML,10.766599655151367,10.766599655151367,10.789999961853027,10.765000343322754,10.789999961853027,15481.0
2024-09-16 15:56:00+00:00,SNES,2.9200000762939453,2.9200000762939453,2.9200000762939453,2.9200000762939453,2.9200000762939453,212.0
2024-09-16 15:56:00+00:00,SSRM,5.885000228881836,5.885000228881836,5.894999980926514,5.885000228881836,5.894999980926514,12377.0
2024-09-16 15:56:00+00:00,STLD,110.94000244140625,110.94000244140625,111.16000366210938,110.94000244140625,111.16000366210938,29414.0
2024-09-16 15:56:00+00:00,TMC,1.0499999523162842,1.0499999523162842,1.0700000524520874,1.0499999523162842,1.0499999523162842,57131.0
2024-09-16 15:56:00+00:00,UFPI,123.71499633789062,123.71499633789062,123.71499633789062,123.62000274658203,123.62999725341797,1416.0
2024-09-16 15:56:00+00:00,USAP,36.970001220703125,36.970001220703125,37.0,36.959999084472656,37.0,777.0
2024-09-16 15:56:00+00:00,USLM,85.2699966430664,85.2699966430664,85.2699966430664,85.2300033569336,85.2300033569336,2034.0
2024-09-16 15:56:00+00:00,ZEUS,38.33000183105469,38.33000183105469,38.525001525878906,38.33000183105469,38.525001525878906,8228.0
2024-09-16 15:57:00+00:00,ALTO,1.6050000190734863,1.6050000190734863,1.6090999841690063,1.600000023841858,1.6090999841690063,4435.0
2024-09-16 15:57:00+00:00,ASTL,10.204999923706055,10.204999923706055,10.204999923706055,10.204999923706055,10.204999923706055,551.0
2024-09-16 15:57:00+00:00,BCPC,172.47999572753906,172.47999572753906,172.47999572753906,172.47999572753906,172.47999572753906,1563.0
2024-09-16 15:57:00+00:00,BIOX,8.600000381469727,8.600000381469727,8.600000381469727,8.595000267028809,8.595000267028809,1791.0
2024-09-16 15:57:00+00:00,CENX,14.1899995803833,14.1899995803833,14.1899995803833,14.15999984741211,14.175000190734863,15415.0
2024-09-16 15:57:00+00:00,CNEY,0.4860000014305115,0.4860000014305115,0.4880000054836273,0.47600001096725464,0.4878999888896942,12635.0
2024-09-16 15:57:00+00:00,FEAM,0.5009999871253967,0.5009999871253967,0.5134000182151794,0.5009999871253967,0.5134000182151794,469.0
2024-09-16 15:57:00+00:00,GEVO,1.3949999809265137,1.3949999809265137,1.399899959564209,1.3899999856948853,1.3949999809265137,21694.0
2024-09-16 15:57:00+00:00,GPRE,12.864999771118164,12.864999771118164,12.875,12.835000038146973,12.835000038146973,15157.0
2024-09-16 15:57:00+00:00,GSM,4.15500020980835,4.15500020980835,4.159999847412109,4.15500020980835,4.15500020980835,3335.0
2024-09-16 15:57:00+00:00,HDSN,7.934999942779541,7.934999942779541,7.940000057220459,7.934999942779541,7.934999942779541,1441.0
2024-09-16 15:57:00+00:00,HWKN,117.47000122070312,117.47000122070312,117.47000122070312,117.30000305175781,117.30000305175781,1887.0
2024-09-16 15:57:00+00:00,KALU,68.9000015258789,68.9000015258789,69.04000091552734,68.875,68.97000122070312,4860.0
2024-09-16 15:57:00+00:00,LWLG,2.5399999618530273,2.5399999618530273,2.5399999618530273,2.5316998958587646,2.5380001068115234,9878.0
2024-09-16 15:57:00+00:00,MEOH,38.64500045776367,38.64500045776367,38.650001525878906,38.64500045776367,38.64500045776367,1227.0
2024-09-16 15:57:00+00:00,MERC,6.369999885559082,6.369999885559082,6.385000228881836,6.369999885559082,6.375,25587.0
2024-09-16 15:57:00+00:00,METC,9.904999732971191,9.904999732971191,9.90999984741211,9.890000343322754,9.890000343322754,5126.0
2024-09-16 15:57:00+00:00,NTIC,12.430000305175781,12.430000305175781,12.430000305175781,12.430000305175781,12.430000305175781,440.0
2024-09-16 15:57:00+00:00,ORGN,1.5743000507354736,1.5743000507354736,1.5750000476837158,1.5700000524520874,1.5750000476837158,10898.0
2024-09-16 15:57:00+00:00,PAAS,21.25,21.25,21.25,21.229999542236328,21.229999542236328,51508.0
2024-09-16 15:57:00+00:00,PLL,7.178999900817871,7.178999900817871,7.179999828338623,7.170000076293945,7.170000076293945,4472.0
2024-09-16 15:57:00+00:00,PPTA,8.975000381469727,8.975000381469727,8.994999885559082,8.960000038146973,8.960000038146973,4855.0
2024-09-16 15:57:00+00:00,RGLD,141.0399932861328,141.0399932861328,141.2100067138672,141.00999450683594,141.1300048828125,4949.0
2024-09-16 15:57:00+00:00,SGML,10.774999618530273,10.774999618530273,10.789999961853027,10.770000457763672,10.770000457763672,7033.0
2024-09-16 15:57:00+00:00,SSRM,5.885000228881836,5.885000228881836,5.894999980926514,5.885000228881836,5.885000228881836,50628.0
2024-09-16 15:57:00+00:00,STLD,111.05000305175781,111.05000305175781,111.05000305175781,110.94000244140625,110.94000244140625,28388.0
2024-09-16 15:57:00+00:00,TMC,1.0499999523162842,1.0499999523162842,1.0499999523162842,1.0399999618530273,1.0499999523162842,8743.0
2024-09-16 15:57:00+00:00,UFPI,123.6500015258789,123.6500015258789,123.75,123.62000274658203,123.68000030517578,4146.0
2024-09-16 15:57:00+00:00,USAP,36.93000030517578,36.93000030517578,36.970001220703125,36.93000030517578,36.970001220703125,1975.0
2024-09-16 15:57:00+00:00,USAU,5.929999828338623,5.929999828338623,5.929999828338623,5.929999828338623,5.929999828338623,218.0
2024-09-16 15:57:00+00:00,WDFC,260.1600036621094,260.1600036621094,260.1600036621094,260.1600036621094,260.1600036621094,599.0
2024-09-16 15:57:00+00:00,ZEUS,38.34000015258789,38.34000015258789,38.34000015258789,38.279998779296875,38.279998779296875,3057.0
2024-09-16 15:58:00+00:00,ALTO,1.600000023841858,1.600000023841858,1.6100000143051147,1.600000023841858,1.600000023841858,7341.0
2024-09-16 15:58:00+00:00,AREC,0.5040000081062317,0.5040000081062317,0.5080000162124634,0.5,0.5049999952316284,2407.0
2024-09-16 15:58:00+00:00,ASTL,10.199999809265137,10.199999809265137,10.204999923706055,10.194999694824219,10.204999923706055,10352.0
2024-09-16 15:58:00+00:00,BIOX,8.600000381469727,8.600000381469727,8.600000381469727,8.600000381469727,8.600000381469727,665.0
2024-09-16 15:58:00+00:00,CENX,14.194999694824219,14.194999694824219,14.199999809265137,14.180000305175781,14.1850004196167,24910.0
2024-09-16 15:58:00+00:00,CNEY,0.4756999909877777,0.4756999909877777,0.4860000014305115,0.4699999988079071,0.47589999437332153,24446.0
2024-09-16 15:58:00+00:00,CRKN,1.3650000095367432,1.3650000095367432,1.3700000047683716,1.3650000095367432,1.3700000047683716,2069.0
2024-09-16 15:58:00+00:00,GEVO,1.3960000276565552,1.3960000276565552,1.399999976158142,1.3899999856948853,1.3949999809265137,114472.0
2024-09-16 15:58:00+00:00,GPRE,12.875,12.875,12.880000114440918,12.859999656677246,12.864999771118164,12468.0
2024-09-16 15:58:00+00:00,GSM,4.15500020980835,4.15500020980835,4.15500020980835,4.150000095367432,4.15500020980835,12230.0
2024-09-16 15:58:00+00:00,HDSN,7.929999828338623,7.929999828338623,7.940000057220459,7.925000190734863,7.934999942779541,4230.0
2024-09-16 15:58:00+00:00,HWKN,117.56999969482422,117.56999969482422,117.66999816894531,117.56999969482422,117.66999816894531,1490.0
2024-09-16 15:58:00+00:00,HYMC,2.609999895095825,2.609999895095825,2.609999895095825,2.609999895095825,2.609999895095825,1752.0
2024-09-16 15:58:00+00:00,KALU,68.88999938964844,68.88999938964844,68.91000366210938,68.875,68.91000366210938,1671.0
2024-09-16 15:58:00+00:00,LITM,0.3255000114440918,0.3255000114440918,0.3255000114440918,0.32510000467300415,0.32510000467300415,794.0
2024-09-16 15:58:00+00:00,LWLG,2.5399999618530273,2.5399999618530273,2.5399999618530273,2.5350000858306885,2.5399999618530273,4820.0
2024-09-16 15:58:00+00:00,MEOH,38.65999984741211,38.65999984741211,38.65999984741211,38.63100051879883,38.64500045776367,9098.0
2024-09-16 15:58:00+00:00,MERC,6.355000019073486,6.355000019073486,6.369999885559082,6.355000019073486,6.369999885559082,5153.0
2024-09-16 15:58:00+00:00,METC,9.90999984741211,9.90999984741211,9.920000076293945,9.890000343322754,9.904999732971191,6747.0
2024-09-16 15:58:00+00:00,ORGN,1.5750000476837158,1.5750000476837158,1.5750000476837158,1.570099949836731,1.5750000476837158,4076.0
2024-09-16 15:58:00+00:00,PAAS,21.239999771118164,21.239999771118164,21.25,21.239999771118164,21.2450008392334,22210.0
2024-09-16 15:58:00+00:00,PLL,7.179999828338623,7.179999828338623,7.189000129699707,7.179999828338623,7.179999828338623,3767.0
2024-09-16 15:58:00+00:00,PPTA,8.960000038146973,8.960000038146973,8.970000267028809,8.9399995803833,8.970000267028809,8727.0
2024-09-16 15:58:00+00:00,RGLD,141.0749969482422,141.0749969482422,141.14999389648438,141.0399932861328,141.14999389648438,3351.0
2024-09-16 15:58:00+00:00,SGML,10.789999961853027,10.789999961853027,10.800000190734863,10.779999732971191,10.779999732971191,13128.0
2024-09-16 15:58:00+00:00,SMID,34.380001068115234,34.380001068115234,34.380001068115234,34.380001068115234,34.380001068115234,207.0
2024-09-16 15:58:00+00:00,SSRM,5.885000228881836,5.885000228881836,5.889999866485596,5.885000228881836,5.889999866485596,10817.0
2024-09-16 15:58:00+00:00,STLD,110.97000122070312,110.97000122070312,111.05999755859375,110.94999694824219,111.05999755859375,26996.0
2024-09-16 15:58:00+00:00,TMC,1.059999942779541,1.059999942779541,1.0700000524520874,1.0400999784469604,1.0400999784469604,46456.0
2024-09-16 15:58:00+00:00,UFPI,123.56999969482422,123.56999969482422,123.7249984741211,123.56999969482422,123.7249984741211,5070.0
2024-09-16 15:58:00+00:00,USAP,36.91999816894531,36.91999816894531,36.93000030517578,36.869998931884766,36.93000030517578,1336.0
2024-09-16 15:58:00+00:00,USAU,5.889999866485596,5.889999866485596,5.900000095367432,5.889999866485596,5.900000095367432,550.0
2024-09-16 15:58:00+00:00,USLM,85.27999877929688,85.27999877929688,85.27999877929688,85.27999877929688,85.27999877929688,550.0
2024-09-16 15:58:00+00:00,WDFC,260.0899963378906,260.0899963378906,260.0899963378906,260.0899963378906,260.0899963378906,3545.0
2024-09-16 15:58:00+00:00,ZEUS,38.33000183105469,38.33000183105469,38.369998931884766,38.33000183105469,38.36000061035156,6978.0
2024-09-16 15:59:00+00:00,ALTO,1.600000023841858,1.600000023841858,1.6100000143051147,1.600000023841858,1.6050000190734863,9692.0
2024-09-16 15:59:00+00:00,AREC,0.5099999904632568,0.5099999904632568,0.5099999904632568,0.5080000162124634,0.5080000162124634,4943.0
2024-09-16 15:59:00+00:00,ASTL,10.194999694824219,10.194999694824219,10.204999923706055,10.1850004196167,10.199999809265137,23402.0
2024-09-16 15:59:00+00:00,BCPC,172.57000732421875,172.57000732421875,172.57000732421875,172.39999389648438,172.39999389648438,2676.0
2024-09-16 15:59:00+00:00,BIOX,8.600000381469727,8.600000381469727,8.609999656677246,8.600000381469727,8.609999656677246,832.0
2024-09-16 15:59:00+00:00,CENX,14.199999809265137,14.199999809265137,14.229999542236328,14.180000305175781,14.199999809265137,52819.0
2024-09-16 15:59:00+00:00,CNEY,0.47279998660087585,0.47279998660087585,0.4758000075817108,0.4699999988079071,0.4756999909877777,48806.0
2024-09-16 15:59:00+00:00,CRKN,1.350000023841858,1.350000023841858,1.36899995803833,1.350000023841858,1.3600000143051147,17496.0
2024-09-16 15:59:00+00:00,FEAM,0.5,0.5,0.5001000165939331,0.5,0.5,1020.0
2024-09-16 15:59:00+00:00,GEVO,1.3849999904632568,1.3849999904632568,1.399999976158142,1.3799999952316284,1.3949999809265137,135099.0
2024-09-16 15:59:00+00:00,GPRE,12.859999656677246,12.859999656677246,12.90999984741211,12.859999656677246,12.875,47919.0
2024-09-16 15:59:00+00:00,GSM,4.144999980926514,4.144999980926514,4.15500020980835,4.139999866485596,4.150000095367432,26401.0
2024-09-16 15:59:00+00:00,HDSN,7.909999847412109,7.909999847412109,7.934999942779541,7.909999847412109,7.934999942779541,9130.0
2024-09-16 15:59:00+00:00,HUDI,1.9800000190734863,1.9800000190734863,1.9800000190734863,1.9800000190734863,1.9800000190734863,405.0
2024-09-16 15:59:00+00:00,HWKN,117.87000274658203,117.87000274658203,117.87000274658203,117.63999938964844,117.63999938964844,4892.0
2024-09-16 15:59:00+00:00,HYMC,2.630000114440918,2.630000114440918,2.630000114440918,2.630000114440918,2.630000114440918,1049.0
2024-09-16 15:59:00+00:00,IOSP,109.83000183105469,109.83000183105469,109.83000183105469,109.83000183105469,109.83000183105469,1519.0
2024-09-16 15:59:00+00:00,KALU,68.8499984741211,68.8499984741211,68.86000061035156,68.75499725341797,68.8499984741211,4485.0
2024-09-16 15:59:00+00:00,LGO,1.7200000286102295,1.7200000286102295,1.7200000286102295,1.7200000286102295,1.7200000286102295,111.0
2024-09-16 15:59:00+00:00,LWLG,2.5450000762939453,2.5450000762939453,2.549999952316284,2.5350000858306885,2.5350000858306885,21395.0
2024-09-16 15:59:00+00:00,MEOH,38.630001068115234,38.630001068115234,38.65999984741211,38.599998474121094,38.654998779296875,10897.0
2024-09-16 15:59:00+00:00,MERC,6.380000114440918,6.380000114440918,6.380000114440918,6.360000133514404,6.360000133514404,14568.0
2024-09-16 15:59:00+00:00,METC,9.90999984741211,9.90999984741211,9.930000305175781,9.90999984741211,9.90999984741211,19671.0
2024-09-16 15:59:00+00:00,NTIC,12.329999923706055,12.329999923706055,12.329999923706055,12.329999923706055,12.329999923706055,458.0
2024-09-16 15:59:00+00:00,ORGN,1.559999942779541,1.559999942779541,1.5750000476837158,1.559999942779541,1.5750000476837158,12854.0
2024-09-16 15:59:00+00:00,PAAS,21.2450008392334,21.2450008392334,21.25,21.219999313354492,21.2450008392334,87848.0
2024-09-16 15:59:00+00:00,PLL,7.179999828338623,7.179999828338623,7.179999828338623,7.170000076293945,7.179999828338623,5316.0
2024-09-16 15:59:00+00:00,PPTA,8.960000038146973,8.960000038146973,8.975000381469727,8.949999809265137,8.960000038146973,12386.0
2024-09-16 15:59:00+00:00,RGLD,141.0500030517578,141.0500030517578,141.1300048828125,140.91000366210938,141.1300048828125,6822.0
2024-09-16 15:59:00+00:00,SGML,10.729999542236328,10.729999542236328,10.798999786376953,10.729999542236328,10.798999786376953,26548.0
2024-09-16 15:59:00+00:00,SMID,34.22999954223633,34.22999954223633,34.27000045776367,34.22999954223633,34.27000045776367,280.0
2024-09-16 15:59:00+00:00,SSRM,5.880000114440918,5.880000114440918,5.889999866485596,5.880000114440918,5.885000228881836,74188.0
2024-09-16 15:59:00+00:00,STLD,110.97000122070312,110.97000122070312,111.0,110.9000015258789,110.97000122070312,78835.0
2024-09-16 15:59:00+00:00,TMC,1.0700000524520874,1.0700000524520874,1.090000033378601,1.0499999523162842,1.059999942779541,48545.0
2024-09-16 15:59:00+00:00,UFPI,123.56999969482422,123.56999969482422,123.5999984741211,123.37999725341797,123.5999984741211,9905.0
2024-09-16 15:59:00+00:00,USAP,36.84000015258789,36.84000015258789,36.970001220703125,36.84000015258789,36.970001220703125,4040.0
2024-09-16 15:59:00+00:00,USAU,5.900000095367432,5.900000095367432,5.900000095367432,5.900000095367432,5.900000095367432,214.0
2024-09-16 15:59:00+00:00,USLM,85.0,85.0,85.23999786376953,84.95999908447266,85.23999786376953,1788.0
2024-09-16 15:59:00+00:00,ZEUS,38.470001220703125,38.470001220703125,38.4900016784668,38.43000030517578,38.43000030517578,7676.0
