Datetime,Ticker,Adj Close,Close,High,Low,Open,Volume
2024-08-01 09:30:00,ADN,4.539999961853027,4.539999961853027,4.539999961853027,4.539999961853027,4.539999961853027,0.0
2024-08-01 09:30:00,AEP,98.33999633789062,98.33999633789062,98.47200012207031,98.31500244140625,98.47200012207031,37464.0
2024-08-01 09:30:00,AY,22.10059928894043,22.10059928894043,22.10059928894043,22.100000381469727,22.100000381469727,13789.0
2024-08-01 09:30:00,BNRG,0.7599999904632568,0.7599999904632568,0.7599999904632568,0.7599999904632568,0.7599999904632568,9325.0
2024-08-01 09:30:00,CEG,189.5749969482422,189.5749969482422,190.0,187.75030517578125,188.29200744628906,103829.0
2024-08-01 09:30:00,CWCO,29.09000015258789,29.09000015258789,29.09000015258789,29.09000015258789,29.09000015258789,0.0
2024-08-01 09:30:00,EXC,37.29499816894531,37.29499816894531,37.314998626708984,36.959999084472656,36.959999084472656,79473.0
2024-08-01 09:30:00,FLNC,16.469999313354492,16.469999313354492,16.469999313354492,16.469999313354492,16.469999313354492,41209.0
2024-08-01 09:30:00,HTOO,0.8399999737739563,0.8399999737739563,0.8399999737739563,0.8399999737739563,0.8399999737739563,0.0
2024-08-01 09:30:00,LNT,55.90999984741211,55.90999984741211,55.90999984741211,55.90999984741211,55.90999984741211,0.0
2024-08-01 09:30:00,MGEE,85.79000091552734,85.79000091552734,85.79000091552734,85.79000091552734,85.79000091552734,1434.0
2024-08-01 09:30:00,MNTK,5.853000164031982,5.853000164031982,5.853000164031982,5.853000164031982,5.853000164031982,18663.0
2024-08-01 09:30:00,MSEX,65.58999633789062,65.58999633789062,65.58999633789062,65.58999633789062,65.58999633789062,1535.0
2024-08-01 09:30:00,NFE,19.559999465942383,19.559999465942383,19.6200008392334,19.5,19.600000381469727,21378.0
2024-08-01 09:30:00,NWE,53.880001068115234,53.880001068115234,54.470001220703125,53.880001068115234,53.95000076293945,4154.0
2024-08-01 09:30:00,OTTR,96.98999786376953,96.98999786376953,96.98999786376953,96.98999786376953,96.98999786376953,0.0
2024-08-01 09:30:00,RGCO,22.65999984741211,22.65999984741211,22.65999984741211,22.65999984741211,22.65999984741211,0.0
2024-08-01 09:30:00,RNW,5.840000152587891,5.840000152587891,5.840000152587891,5.840000152587891,5.840000152587891,2544.0
2024-08-01 09:30:00,WAVE,2.9000000953674316,2.9000000953674316,2.9000000953674316,2.9000000953674316,2.9000000953674316,0.0
2024-08-01 09:30:00,XEL,58.08000183105469,58.08000183105469,58.18000030517578,57.5,57.61000061035156,40133.0
2024-08-01 09:31:00,AEP,98.58999633789062,98.58999633789062,98.58999633789062,98.47000122070312,98.52999877929688,4632.0
2024-08-01 09:31:00,AY,22.139999389648438,22.139999389648438,22.139999389648438,22.139999389648438,22.139999389648438,722.0
2024-08-01 09:31:00,CEG,190.38499450683594,190.38499450683594,190.97999572753906,189.0449981689453,189.0449981689453,10864.0
2024-08-01 09:31:00,CWCO,28.959999084472656,28.959999084472656,28.959999084472656,28.959999084472656,28.959999084472656,2131.0
2024-08-01 09:31:00,EXC,37.22999954223633,37.22999954223633,37.334999084472656,37.189998626708984,37.314998626708984,16833.0
2024-08-01 09:31:00,FLNC,16.549999237060547,16.549999237060547,16.579999923706055,16.549999237060547,16.549999237060547,3578.0
2024-08-01 09:31:00,LNT,55.915000915527344,55.915000915527344,55.915000915527344,55.875,55.875,733.0
2024-08-01 09:31:00,NFE,19.459999084472656,19.459999084472656,19.5,19.420000076293945,19.46500015258789,8018.0
2024-08-01 09:31:00,NWE,54.254798889160156,54.254798889160156,54.254798889160156,54.254798889160156,54.254798889160156,667.0
2024-08-01 09:31:00,XEL,58.15999984741211,58.15999984741211,58.15999984741211,58.150001525878906,58.150001525878906,628.0
2024-08-01 09:32:00,AEP,98.76499938964844,98.76499938964844,98.76499938964844,98.66500091552734,98.68000030517578,1658.0
2024-08-01 09:32:00,CEG,189.4199981689453,189.4199981689453,190.625,188.50999450683594,190.28500366210938,14428.0
2024-08-01 09:32:00,CWCO,28.719999313354492,28.719999313354492,28.719999313354492,28.719999313354492,28.719999313354492,277.0
2024-08-01 09:32:00,EXC,37.439998626708984,37.439998626708984,37.47949981689453,37.09000015258789,37.20000076293945,45488.0
2024-08-01 09:32:00,FLNC,16.586999893188477,16.586999893188477,16.6299991607666,16.510000228881836,16.545000076293945,5087.0
2024-08-01 09:32:00,LNT,55.939998626708984,55.939998626708984,56.0099983215332,55.880699157714844,55.880699157714844,3357.0
2024-08-01 09:32:00,NFE,19.34119987487793,19.34119987487793,19.3799991607666,19.34119987487793,19.3799991607666,2969.0
2024-08-01 09:32:00,RNW,5.880000114440918,5.880000114440918,5.880000114440918,5.880000114440918,5.880000114440918,200.0
2024-08-01 09:32:00,XEL,58.0099983215332,58.0099983215332,58.064998626708984,57.95000076293945,58.064998626708984,5288.0
2024-08-01 09:33:00,AEP,98.86499786376953,98.86499786376953,98.87000274658203,98.81999969482422,98.81999969482422,4572.0
2024-08-01 09:33:00,BNRG,0.7689999938011169,0.7689999938011169,0.7689999938011169,0.7689999938011169,0.7689999938011169,0.0
2024-08-01 09:33:00,CEG,190.0399932861328,190.0399932861328,190.36000061035156,188.99000549316406,188.99000549316406,6332.0
2024-08-01 09:33:00,EXC,37.470001220703125,37.470001220703125,37.470001220703125,37.400001525878906,37.41999816894531,24130.0
2024-08-01 09:33:00,FLNC,16.760000228881836,16.760000228881836,16.760000228881836,16.670000076293945,16.690000534057617,4225.0
2024-08-01 09:33:00,LNT,56.04499816894531,56.04499816894531,56.06999969482422,56.025001525878906,56.025001525878906,1155.0
2024-08-01 09:33:00,NFE,19.309999465942383,19.309999465942383,19.33989906311035,19.25,19.31999969482422,6887.0
2024-08-01 09:33:00,RGCO,22.84040069580078,22.84040069580078,22.84040069580078,22.84040069580078,22.84040069580078,718.0
2024-08-01 09:33:00,RNW,5.909999847412109,5.909999847412109,5.909999847412109,5.869999885559082,5.869999885559082,6376.0
2024-08-01 09:33:00,XEL,58.279998779296875,58.279998779296875,58.279998779296875,58.0099983215332,58.0099983215332,2877.0
2024-08-01 09:33:00,YORW,41.875,41.875,41.875,41.875,41.875,0.0
2024-08-01 09:34:00,CDZI,3.713399887084961,3.713399887084961,3.713399887084961,3.713399887084961,3.713399887084961,0.0
2024-08-01 09:34:00,LNT,56.029998779296875,56.029998779296875,56.029998779296875,56.029998779296875,56.029998779296875,365.0
2024-08-01 09:34:00,NWE,54.025001525878906,54.025001525878906,54.025001525878906,54.025001525878906,54.025001525878906,396.0
2024-08-01 09:34:00,XEL,58.275001525878906,58.275001525878906,58.310001373291016,58.275001525878906,58.279998779296875,880.0
2024-08-01 09:35:00,AEP,98.8499984741211,98.8499984741211,98.8499984741211,98.8499984741211,98.8499984741211,4452.0
2024-08-01 09:35:00,AY,22.1200008392334,22.1200008392334,22.1200008392334,22.1200008392334,22.1200008392334,478.0
2024-08-01 09:35:00,CEG,190.72000122070312,190.72000122070312,191.02999877929688,190.49710083007812,190.72999572753906,24174.0
2024-08-01 09:35:00,EXC,37.59000015258789,37.59000015258789,37.59000015258789,37.59000015258789,37.59000015258789,36783.0
2024-08-01 09:35:00,FLNC,16.774999618530273,16.774999618530273,16.774999618530273,16.760000228881836,16.760000228881836,15038.0
2024-08-01 09:35:00,LNT,56.16999816894531,56.16999816894531,56.16999816894531,56.1349983215332,56.16999816894531,3511.0
2024-08-01 09:35:00,NFE,19.31999969482422,19.31999969482422,19.31999969482422,19.31999969482422,19.31999969482422,13951.0
2024-08-01 09:35:00,RNW,5.909999847412109,5.909999847412109,5.909999847412109,5.909999847412109,5.909999847412109,1394.0
2024-08-01 09:35:00,WAVE,2.9560000896453857,2.9560000896453857,2.9560000896453857,2.9560000896453857,2.9560000896453857,1317.0
2024-08-01 09:35:00,XEL,58.33000183105469,58.33000183105469,58.40999984741211,58.310001373291016,58.40999984741211,5511.0
2024-08-01 09:36:00,AEP,99.02999877929688,99.02999877929688,99.04499816894531,98.93000030517578,98.93000030517578,18732.0
2024-08-01 09:36:00,AY,22.1200008392334,22.1200008392334,22.139999389648438,22.1200008392334,22.139999389648438,4940.0
2024-08-01 09:36:00,CEG,190.91419982910156,190.91419982910156,191.44000244140625,190.6999969482422,190.6999969482422,7530.0
2024-08-01 09:36:00,EXC,37.58000183105469,37.58000183105469,37.599998474121094,37.52000045776367,37.58000183105469,6444.0
2024-08-01 09:36:00,FLNC,16.729999542236328,16.729999542236328,16.84000015258789,16.729999542236328,16.770000457763672,13927.0
2024-08-01 09:36:00,LNT,56.2599983215332,56.2599983215332,56.2599983215332,56.220001220703125,56.220001220703125,1576.0
2024-08-01 09:36:00,MNTK,5.929999828338623,5.929999828338623,5.929999828338623,5.929999828338623,5.929999828338623,627.0
2024-08-01 09:36:00,NFE,19.290000915527344,19.290000915527344,19.290000915527344,19.270000457763672,19.270000457763672,6744.0
2024-08-01 09:36:00,NWE,53.994998931884766,53.994998931884766,53.994998931884766,53.994998931884766,53.994998931884766,300.0
2024-08-01 09:36:00,XEL,58.29629898071289,58.29629898071289,58.34000015258789,58.290000915527344,58.34000015258789,1167.0
2024-08-01 09:37:00,AEP,99.13870239257812,99.13870239257812,99.13870239257812,99.05500030517578,99.05500030517578,2819.0
2024-08-01 09:37:00,AY,22.132200241088867,22.132200241088867,22.155000686645508,22.123699188232422,22.123699188232422,5092.0
2024-08-01 09:37:00,CEG,190.5749969482422,190.5749969482422,191.5,190.3300018310547,191.25999450683594,20800.0
2024-08-01 09:37:00,CREG,1.0700000524520874,1.0700000524520874,1.0700000524520874,1.0418000221252441,1.0418000221252441,0.0
2024-08-01 09:37:00,EXC,37.62900161743164,37.62900161743164,37.66999816894531,37.56999969482422,37.56999969482422,9448.0
2024-08-01 09:37:00,FLNC,16.799999237060547,16.799999237060547,16.81999969482422,16.739999771118164,16.75,14361.0
2024-08-01 09:37:00,LNT,56.279998779296875,56.279998779296875,56.279998779296875,56.25,56.2599983215332,2666.0
2024-08-01 09:37:00,NFE,19.31529998779297,19.31529998779297,19.329999923706055,19.290000915527344,19.299999237060547,5118.0
2024-08-01 09:37:00,NWE,54.119998931884766,54.119998931884766,54.119998931884766,53.994998931884766,53.994998931884766,1971.0
2024-08-01 09:37:00,OPAL,4.159999847412109,4.159999847412109,4.159999847412109,4.159999847412109,4.159999847412109,0.0
2024-08-01 09:37:00,RNW,5.920000076293945,5.920000076293945,5.925000190734863,5.920000076293945,5.920000076293945,555.0
2024-08-01 09:37:00,XEL,58.41999816894531,58.41999816894531,58.470001220703125,58.34000015258789,58.34000015258789,5627.0
2024-08-01 09:38:00,AEP,98.95500183105469,98.95500183105469,99.08000183105469,98.94000244140625,99.08000183105469,3977.0
2024-08-01 09:38:00,AY,22.135000228881836,22.135000228881836,22.139999389648438,22.135000228881836,22.139999389648438,2324.0
2024-08-01 09:38:00,CDZI,3.7249999046325684,3.7249999046325684,3.7249999046325684,3.7249999046325684,3.7249999046325684,760.0
2024-08-01 09:38:00,CEG,191.43699645996094,191.43699645996094,191.8800048828125,191.08999633789062,191.08999633789062,7800.0
2024-08-01 09:38:00,EXC,37.564701080322266,37.564701080322266,37.62799835205078,37.527801513671875,37.62799835205078,9108.0
2024-08-01 09:38:00,FLNC,16.7549991607666,16.7549991607666,16.81999969482422,16.7549991607666,16.809999465942383,3162.0
2024-08-01 09:38:00,LNT,56.25,56.25,56.29999923706055,56.18519973754883,56.25,3609.0
2024-08-01 09:38:00,NFE,19.209999084472656,19.209999084472656,19.280000686645508,19.209999084472656,19.270000457763672,7264.0
2024-08-01 09:38:00,NWE,54.04499816894531,54.04499816894531,54.06999969482422,53.939998626708984,54.02000045776367,2842.0
2024-08-01 09:38:00,XEL,58.2400016784668,58.2400016784668,58.400001525878906,58.22999954223633,58.400001525878906,2966.0
2024-08-01 09:39:00,AEP,98.9800033569336,98.9800033569336,98.9800033569336,98.9800033569336,98.9800033569336,1075.0
2024-08-01 09:39:00,CEG,191.7519989013672,191.7519989013672,192.14999389648438,191.4199981689453,191.42999267578125,5440.0
2024-08-01 09:39:00,EXC,37.599998474121094,37.599998474121094,37.599998474121094,37.56999969482422,37.58000183105469,5106.0
2024-08-01 09:39:00,FLNC,16.809999465942383,16.809999465942383,16.829999923706055,16.760000228881836,16.770000457763672,4721.0
2024-08-01 09:39:00,NFE,19.260000228881836,19.260000228881836,19.270000457763672,19.200000762939453,19.200000762939453,4025.0
2024-08-01 09:39:00,NWE,54.025001525878906,54.025001525878906,54.025001525878906,54.025001525878906,54.025001525878906,439.0
2024-08-01 09:39:00,RNW,5.920000076293945,5.920000076293945,5.920000076293945,5.920000076293945,5.920000076293945,611.0
2024-08-01 09:39:00,WAVE,2.9000000953674316,2.9000000953674316,2.9000000953674316,2.9000000953674316,2.9000000953674316,436.0
2024-08-01 09:39:00,XEL,58.29999923706055,58.29999923706055,58.349998474121094,58.29999923706055,58.34000015258789,1090.0
2024-08-01 09:40:00,AEP,99.03500366210938,99.03500366210938,99.08000183105469,99.03500366210938,99.05999755859375,9393.0
2024-08-01 09:40:00,AY,22.125,22.125,22.1299991607666,22.125,22.1299991607666,1313.0
2024-08-01 09:40:00,CEG,191.80999755859375,191.80999755859375,192.1699981689453,190.77999877929688,191.98500061035156,10098.0
2024-08-01 09:40:00,EXC,37.56999969482422,37.56999969482422,37.630001068115234,37.540000915527344,37.59000015258789,13376.0
2024-08-01 09:40:00,FLNC,16.624799728393555,16.624799728393555,16.770000457763672,16.624799728393555,16.770000457763672,4708.0
2024-08-01 09:40:00,HTOO,0.8100000023841858,0.8100000023841858,0.8100000023841858,0.8100000023841858,0.8100000023841858,2747.0
2024-08-01 09:40:00,LNT,56.36000061035156,56.36000061035156,56.404998779296875,56.36000061035156,56.404998779296875,3017.0
2024-08-01 09:40:00,NFE,19.31999969482422,19.31999969482422,19.31999969482422,19.25,19.25,5579.0
2024-08-01 09:40:00,RNW,5.940000057220459,5.940000057220459,5.940000057220459,5.940000057220459,5.940000057220459,7.0
2024-08-01 09:40:00,XEL,58.060001373291016,58.060001373291016,58.310001373291016,58.0099983215332,58.310001373291016,7345.0
2024-08-01 09:41:00,AEP,99.05999755859375,99.05999755859375,99.05999755859375,98.9800033569336,98.9800033569336,12091.0
2024-08-01 09:41:00,AY,22.125,22.125,22.125,22.125,22.125,240.0
2024-08-01 09:41:00,CEG,191.0850067138672,191.0850067138672,191.3092041015625,191.0850067138672,191.21499633789062,1430.0
2024-08-01 09:41:00,CREG,1.0299999713897705,1.0299999713897705,1.0299999713897705,1.0299999713897705,1.0299999713897705,500.0
2024-08-01 09:41:00,CWCO,29.010000228881836,29.010000228881836,29.010000228881836,29.010000228881836,29.010000228881836,114.0
2024-08-01 09:41:00,EXC,37.72999954223633,37.72999954223633,37.7400016784668,37.560001373291016,37.560001373291016,19225.0
2024-08-01 09:41:00,FLNC,16.6200008392334,16.6200008392334,16.65999984741211,16.6200008392334,16.65999984741211,2552.0
2024-08-01 09:41:00,LNT,56.31999969482422,56.31999969482422,56.31999969482422,56.31999969482422,56.31999969482422,562.0
2024-08-01 09:41:00,MNTK,5.940000057220459,5.940000057220459,5.96999979019165,5.940000057220459,5.96999979019165,1210.0
2024-08-01 09:41:00,MSEX,66.46499633789062,66.46499633789062,66.46499633789062,66.46499633789062,66.46499633789062,119.0
2024-08-01 09:41:00,NFE,19.344999313354492,19.344999313354492,19.350000381469727,19.334999084472656,19.350000381469727,1070.0
2024-08-01 09:41:00,NWE,54.082801818847656,54.082801818847656,54.082801818847656,54.064998626708984,54.064998626708984,1028.0
2024-08-01 09:41:00,RNW,5.920000076293945,5.920000076293945,5.940000057220459,5.920000076293945,5.940000057220459,3884.0
2024-08-01 09:41:00,XEL,58.060001373291016,58.060001373291016,58.09000015258789,58.0,58.08000183105469,4689.0
2024-08-01 09:42:00,AEP,99.0,99.0,99.0199966430664,99.0,99.0199966430664,1285.0
2024-08-01 09:42:00,AY,22.125,22.125,22.125,22.125,22.125,1477.0
2024-08-01 09:42:00,CEG,191.8800048828125,191.8800048828125,192.0,191.20010375976562,191.28500366210938,9322.0
2024-08-01 09:42:00,EXC,37.77899932861328,37.77899932861328,37.779998779296875,37.66999816894531,37.709999084472656,12956.0
2024-08-01 09:42:00,FLNC,16.649999618530273,16.649999618530273,16.649999618530273,16.549999237060547,16.610000610351562,2746.0
2024-08-01 09:42:00,LNT,56.27000045776367,56.27000045776367,56.27000045776367,56.27000045776367,56.27000045776367,203.0
2024-08-01 09:42:00,NFE,19.399999618530273,19.399999618530273,19.399999618530273,19.34000015258789,19.34000015258789,1763.0
2024-08-01 09:42:00,RNW,5.90500020980835,5.90500020980835,5.909999847412109,5.90500020980835,5.909999847412109,767.0
2024-08-01 09:42:00,XEL,58.060001373291016,58.060001373291016,58.07500076293945,58.060001373291016,58.06999969482422,2949.0
2024-08-01 09:43:00,AEP,98.91999816894531,98.91999816894531,98.9800033569336,98.91999816894531,98.97000122070312,2410.0
2024-08-01 09:43:00,CEG,192.3800048828125,192.3800048828125,192.38999938964844,191.4949951171875,191.63999938964844,12968.0
2024-08-01 09:43:00,CWCO,29.18000030517578,29.18000030517578,29.18000030517578,29.18000030517578,29.18000030517578,104.0
2024-08-01 09:43:00,EXC,37.68000030517578,37.68000030517578,37.7599983215332,37.63999938964844,37.7599983215332,12898.0
2024-08-01 09:43:00,FLNC,16.634700775146484,16.634700775146484,16.634700775146484,16.610000610351562,16.610000610351562,813.0
2024-08-01 09:43:00,LNT,56.25,56.25,56.31999969482422,56.25,56.2599983215332,3806.0
2024-08-01 09:43:00,MNTK,5.940000057220459,5.940000057220459,5.940000057220459,5.940000057220459,5.940000057220459,335.0
2024-08-01 09:43:00,NFE,19.36669921875,19.36669921875,19.420000076293945,19.350000381469727,19.3700008392334,4399.0
2024-08-01 09:43:00,NWE,54.064998626708984,54.064998626708984,54.064998626708984,54.064998626708984,54.064998626708984,521.0
2024-08-01 09:43:00,RNW,5.910999774932861,5.910999774932861,5.910999774932861,5.909999847412109,5.909999847412109,1256.0
2024-08-01 09:43:00,XEL,57.959999084472656,57.959999084472656,58.077999114990234,57.93000030517578,58.06999969482422,4549.0
2024-08-01 09:44:00,AEP,98.81999969482422,98.81999969482422,98.86000061035156,98.81999969482422,98.86000061035156,1081.0
2024-08-01 09:44:00,AY,22.1200008392334,22.1200008392334,22.125,22.1200008392334,22.125,806.0
2024-08-01 09:44:00,CEG,193.25999450683594,193.25999450683594,193.64999389648438,192.27000427246094,192.47000122070312,14831.0
2024-08-01 09:44:00,CWCO,29.15570068359375,29.15570068359375,29.15570068359375,29.15570068359375,29.15570068359375,864.0
2024-08-01 09:44:00,EXC,37.68000030517578,37.68000030517578,37.72999954223633,37.665000915527344,37.70000076293945,6604.0
2024-08-01 09:44:00,FLNC,16.46500015258789,16.46500015258789,16.59000015258789,16.46500015258789,16.59000015258789,8998.0
2024-08-01 09:44:00,LNT,56.189998626708984,56.189998626708984,56.25,56.189998626708984,56.25,5766.0
2024-08-01 09:44:00,NFE,19.420000076293945,19.420000076293945,19.420000076293945,19.36680030822754,19.382200241088867,3857.0
2024-08-01 09:44:00,OPAL,4.159999847412109,4.159999847412109,4.159999847412109,4.159999847412109,4.159999847412109,327.0
2024-08-01 09:44:00,OTTR,97.20999908447266,97.20999908447266,97.20999908447266,97.20999908447266,97.20999908447266,291.0
2024-08-01 09:44:00,RNW,5.918600082397461,5.918600082397461,5.918600082397461,5.918600082397461,5.918600082397461,229.0
2024-08-01 09:44:00,XEL,57.83000183105469,57.83000183105469,57.970001220703125,57.83000183105469,57.970001220703125,2207.0
2024-08-01 09:45:00,AEP,98.68000030517578,98.68000030517578,98.68000030517578,98.68000030517578,98.68000030517578,4901.0
2024-08-01 09:45:00,AY,22.1200008392334,22.1200008392334,22.125,22.1200008392334,22.1200008392334,1407.0
2024-08-01 09:45:00,CEG,193.25,193.25,194.27000427246094,193.1699981689453,193.40499877929688,43863.0
2024-08-01 09:45:00,EXC,37.58000183105469,37.58000183105469,37.72999954223633,37.56999969482422,37.689998626708984,14086.0
2024-08-01 09:45:00,FLNC,16.59000015258789,16.59000015258789,16.59000015258789,16.481399536132812,16.481399536132812,5406.0
2024-08-01 09:45:00,LNT,56.16999816894531,56.16999816894531,56.16999816894531,56.16999816894531,56.16999816894531,230.0
2024-08-01 09:45:00,MSEX,66.56999969482422,66.56999969482422,67.06999969482422,66.56999969482422,67.06999969482422,436.0
2024-08-01 09:45:00,NFE,19.440000534057617,19.440000534057617,19.459999084472656,19.42009925842285,19.43000030517578,7485.0
2024-08-01 09:45:00,NWE,53.95000076293945,53.95000076293945,53.95000076293945,53.95000076293945,53.95000076293945,268.0
2024-08-01 09:45:00,OPAL,4.199999809265137,4.199999809265137,4.199999809265137,4.179699897766113,4.179800033569336,5458.0
2024-08-01 09:45:00,OTTR,97.40499877929688,97.40499877929688,97.40499877929688,97.40499877929688,97.40499877929688,546.0
2024-08-01 09:45:00,XEL,57.56999969482422,57.56999969482422,57.81999969482422,57.56999969482422,57.81999969482422,10624.0
2024-08-01 09:46:00,AEP,98.56999969482422,98.56999969482422,98.70999908447266,98.55999755859375,98.66999816894531,6919.0
2024-08-01 09:46:00,AY,22.125,22.125,22.1299991607666,22.1200008392334,22.1200008392334,2729.0
2024-08-01 09:46:00,CEG,193.4600067138672,193.4600067138672,193.6199951171875,192.6199951171875,193.4499969482422,33942.0
2024-08-01 09:46:00,EXC,37.517601013183594,37.517601013183594,37.56999969482422,37.4900016784668,37.540000915527344,20621.0
2024-08-01 09:46:00,FLNC,16.59000015258789,16.59000015258789,16.594999313354492,16.584999084472656,16.594999313354492,1620.0
2024-08-01 09:46:00,LNT,56.02000045776367,56.02000045776367,56.09000015258789,56.0,56.09000015258789,1517.0
2024-08-01 09:46:00,MNTK,5.929999828338623,5.929999828338623,5.929999828338623,5.929999828338623,5.929999828338623,431.0
2024-08-01 09:46:00,NFE,19.440000534057617,19.440000534057617,19.440000534057617,19.440000534057617,19.440000534057617,296.0
2024-08-01 09:46:00,NWE,53.880001068115234,53.880001068115234,53.880001068115234,53.880001068115234,53.880001068115234,246.0
2024-08-01 09:46:00,OPAL,4.166900157928467,4.166900157928467,4.199999809265137,4.166900157928467,4.199999809265137,2759.0
2024-08-01 09:46:00,XEL,57.33000183105469,57.33000183105469,57.529998779296875,57.33000183105469,57.529998779296875,8652.0
2024-08-01 09:47:00,AEP,98.5009994506836,98.5009994506836,98.51000213623047,98.5009994506836,98.51000213623047,890.0
2024-08-01 09:47:00,AY,22.1299991607666,22.1299991607666,22.1299991607666,22.1299991607666,22.1299991607666,927.0
2024-08-01 09:47:00,CEG,193.25,193.25,193.47999572753906,193.0399932861328,193.47999572753906,14378.0
2024-08-01 09:47:00,EXC,37.619998931884766,37.619998931884766,37.63999938964844,37.525001525878906,37.525001525878906,18096.0
2024-08-01 09:47:00,FLNC,16.635000228881836,16.635000228881836,16.649999618530273,16.600000381469727,16.600000381469727,3444.0
2024-08-01 09:47:00,LNT,56.0,56.0,56.029998779296875,55.97999954223633,55.9900016784668,2848.0
2024-08-01 09:47:00,MNTK,5.934999942779541,5.934999942779541,5.934999942779541,5.920000076293945,5.920000076293945,455.0
2024-08-01 09:47:00,NFE,19.54840087890625,19.54840087890625,19.54840087890625,19.459999084472656,19.459999084472656,4824.0
2024-08-01 09:47:00,NWE,53.83000183105469,53.83000183105469,53.83000183105469,53.83000183105469,53.83000183105469,200.0
2024-08-01 09:47:00,RNW,5.9456000328063965,5.9456000328063965,5.9456000328063965,5.920000076293945,5.920000076293945,3208.0
2024-08-01 09:47:00,XEL,57.26499938964844,57.26499938964844,57.33000183105469,57.220001220703125,57.33000183105469,8197.0
2024-08-01 09:48:00,AEP,98.54000091552734,98.54000091552734,98.56999969482422,98.51000213623047,98.56999969482422,2455.0
2024-08-01 09:48:00,CEG,193.3800048828125,193.3800048828125,193.3800048828125,192.75,193.33999633789062,8987.0
2024-08-01 09:48:00,EXC,37.630001068115234,37.630001068115234,37.70000076293945,37.625,37.625,27756.0
2024-08-01 09:48:00,FLNC,16.579999923706055,16.579999923706055,16.620100021362305,16.579999923706055,16.620100021362305,2643.0
2024-08-01 09:48:00,LNT,56.0093994140625,56.0093994140625,56.02000045776367,56.0,56.0,1804.0
2024-08-01 09:48:00,MGEE,88.125,88.125,88.125,88.125,88.125,303.0
2024-08-01 09:48:00,MNTK,5.949999809265137,5.949999809265137,5.949999809265137,5.949999809265137,5.949999809265137,372.0
2024-08-01 09:48:00,MSEX,66.56999969482422,66.56999969482422,66.56999969482422,66.56999969482422,66.56999969482422,205.0
2024-08-01 09:48:00,NFE,19.489999771118164,19.489999771118164,19.530000686645508,19.469999313354492,19.530000686645508,2694.0
2024-08-01 09:48:00,NWE,53.834999084472656,53.834999084472656,53.834999084472656,53.834999084472656,53.834999084472656,256.0
2024-08-01 09:48:00,RNW,5.960000038146973,5.960000038146973,5.960000038146973,5.949999809265137,5.949999809265137,848.0
2024-08-01 09:48:00,XEL,57.34000015258789,57.34000015258789,57.470001220703125,57.33000183105469,57.33000183105469,17469.0
2024-08-01 09:49:00,AEP,98.59770202636719,98.59770202636719,98.59770202636719,98.59770202636719,98.59770202636719,898.0
2024-08-01 09:49:00,AY,22.135000228881836,22.135000228881836,22.135000228881836,22.135000228881836,22.135000228881836,1092.0
2024-08-01 09:49:00,CEG,192.5399932861328,192.5399932861328,193.49000549316406,192.5399932861328,193.49000549316406,20157.0
2024-08-01 09:49:00,EXC,37.75,37.75,37.75,37.630001068115234,37.65999984741211,11037.0
2024-08-01 09:49:00,FLNC,16.65999984741211,16.65999984741211,16.65999984741211,16.549999237060547,16.549999237060547,3762.0
2024-08-01 09:49:00,LNT,56.099998474121094,56.099998474121094,56.099998474121094,55.970001220703125,55.970001220703125,2988.0
2024-08-01 09:49:00,NFE,19.512699127197266,19.512699127197266,19.512699127197266,19.479999542236328,19.510000228881836,1743.0
2024-08-01 09:49:00,OPAL,4.184999942779541,4.184999942779541,4.184999942779541,4.184999942779541,4.184999942779541,300.0
2024-08-01 09:49:00,RNW,5.96999979019165,5.96999979019165,5.96999979019165,5.96999979019165,5.96999979019165,528.0
2024-08-01 09:49:00,XEL,57.52000045776367,57.52000045776367,57.52000045776367,57.290000915527344,57.290000915527344,4702.0
2024-08-01 09:50:00,AEP,98.7750015258789,98.7750015258789,98.7750015258789,98.7300033569336,98.7300033569336,2103.0
2024-08-01 09:50:00,AY,22.135000228881836,22.135000228881836,22.135000228881836,22.135000228881836,22.135000228881836,964.0
2024-08-01 09:50:00,CDZI,3.7200000286102295,3.7200000286102295,3.7200000286102295,3.7200000286102295,3.7200000286102295,237.0
2024-08-01 09:50:00,CEG,192.4149932861328,192.4149932861328,192.9949951171875,192.13999938964844,192.6999969482422,9812.0
2024-08-01 09:50:00,CWCO,29.079999923706055,29.079999923706055,29.079999923706055,29.079999923706055,29.079999923706055,119.0
2024-08-01 09:50:00,EXC,37.849998474121094,37.849998474121094,37.849998474121094,37.72999954223633,37.744998931884766,16989.0
2024-08-01 09:50:00,FLNC,16.584999084472656,16.584999084472656,16.639999389648438,16.579999923706055,16.639999389648438,2557.0
2024-08-01 09:50:00,LNT,56.119998931884766,56.119998931884766,56.119998931884766,56.099998474121094,56.099998474121094,1569.0
2024-08-01 09:50:00,MNTK,5.925000190734863,5.925000190734863,5.925000190734863,5.925000190734863,5.925000190734863,293.0
2024-08-01 09:50:00,NFE,19.459999084472656,19.459999084472656,19.5,19.459999084472656,19.5,1532.0
2024-08-01 09:50:00,NWE,53.790000915527344,53.790000915527344,53.790000915527344,53.790000915527344,53.790000915527344,104.0
2024-08-01 09:50:00,OPAL,4.199999809265137,4.199999809265137,4.199999809265137,4.199999809265137,4.199999809265137,207.0
2024-08-01 09:50:00,RNW,5.962500095367432,5.962500095367432,5.96999979019165,5.962500095367432,5.96999979019165,5003.0
2024-08-01 09:50:00,XEL,57.880001068115234,57.880001068115234,57.939998626708984,57.540000915527344,57.540000915527344,7407.0
2024-08-01 09:51:00,AEP,98.70999908447266,98.70999908447266,98.80500030517578,98.69499969482422,98.76000213623047,3670.0
2024-08-01 09:51:00,CEG,191.9499969482422,191.9499969482422,192.7100067138672,191.9499969482422,192.14999389648438,12170.0
2024-08-01 09:51:00,CWCO,29.079999923706055,29.079999923706055,29.079999923706055,29.079999923706055,29.079999923706055,647.0
2024-08-01 09:51:00,EXC,37.810001373291016,37.810001373291016,37.84000015258789,37.7599983215332,37.81999969482422,8609.0
2024-08-01 09:51:00,FLNC,16.635000228881836,16.635000228881836,16.670000076293945,16.600000381469727,16.600000381469727,2725.0
2024-08-01 09:51:00,LNT,56.11000061035156,56.11000061035156,56.11000061035156,56.040000915527344,56.07500076293945,3280.0
2024-08-01 09:51:00,MNTK,5.949999809265137,5.949999809265137,5.960000038146973,5.940000057220459,5.940000057220459,1146.0
2024-08-01 09:51:00,NFE,19.43000030517578,19.43000030517578,19.459999084472656,19.43000030517578,19.459999084472656,4387.0
2024-08-01 09:51:00,RNW,5.96999979019165,5.96999979019165,5.96999979019165,5.965000152587891,5.96999979019165,808.0
2024-08-01 09:51:00,XEL,57.93899917602539,57.93899917602539,58.29999923706055,57.779998779296875,57.779998779296875,8734.0
2024-08-01 09:52:00,AEP,98.7750015258789,98.7750015258789,98.79000091552734,98.7750015258789,98.79000091552734,1163.0
2024-08-01 09:52:00,CEG,191.7899932861328,191.7899932861328,191.90899658203125,191.33999633789062,191.8249969482422,7662.0
2024-08-01 09:52:00,EXC,37.81999969482422,37.81999969482422,37.83000183105469,37.79999923706055,37.81999969482422,4711.0
2024-08-01 09:52:00,FLNC,16.649999618530273,16.649999618530273,16.649999618530273,16.6200008392334,16.63990020751953,1637.0
2024-08-01 09:52:00,LNT,56.099998474121094,56.099998474121094,56.099998474121094,56.099998474121094,56.099998474121094,673.0
2024-08-01 09:52:00,NFE,19.3700008392334,19.3700008392334,19.440000534057617,19.3700008392334,19.420000076293945,9004.0
2024-08-01 09:52:00,NWE,53.790000915527344,53.790000915527344,53.80500030517578,53.790000915527344,53.80500030517578,380.0
2024-08-01 09:52:00,RNW,5.96999979019165,5.96999979019165,5.96999979019165,5.96999979019165,5.96999979019165,1552.0
2024-08-01 09:52:00,XEL,57.779998779296875,57.779998779296875,57.90999984741211,57.779998779296875,57.90999984741211,1540.0
2024-08-01 09:53:00,AEP,98.61000061035156,98.61000061035156,98.70459747314453,98.61000061035156,98.66999816894531,4472.0
2024-08-01 09:53:00,CEG,192.58999633789062,192.58999633789062,192.58999633789062,191.89999389648438,191.89999389648438,8134.0
2024-08-01 09:53:00,CREG,1.0,1.0,1.0,1.0,1.0,1071.0
2024-08-01 09:53:00,EXC,37.790000915527344,37.790000915527344,37.81999969482422,37.775001525878906,37.81999969482422,5687.0
2024-08-01 09:53:00,FLNC,16.604999542236328,16.604999542236328,16.670000076293945,16.59000015258789,16.665000915527344,5238.0
2024-08-01 09:53:00,LNT,56.060001373291016,56.060001373291016,56.08000183105469,56.04999923706055,56.08000183105469,2503.0
2024-08-01 09:53:00,NFE,19.360000610351562,19.360000610351562,19.3700008392334,19.360000610351562,19.3700008392334,636.0
2024-08-01 09:53:00,NWE,53.78499984741211,53.78499984741211,53.78499984741211,53.779998779296875,53.779998779296875,803.0
2024-08-01 09:53:00,RNW,5.96999979019165,5.96999979019165,5.96999979019165,5.96999979019165,5.96999979019165,4339.0
2024-08-01 09:53:00,XEL,57.779998779296875,57.779998779296875,57.8224983215332,57.7400016784668,57.7400016784668,1565.0
2024-08-01 09:54:00,AEP,98.61000061035156,98.61000061035156,98.62000274658203,98.61000061035156,98.62000274658203,1876.0
2024-08-01 09:54:00,CEG,191.72000122070312,191.72000122070312,192.5,191.64999389648438,192.5,11191.0
2024-08-01 09:54:00,EXC,37.7400016784668,37.7400016784668,37.790000915527344,37.7400016784668,37.78499984741211,8585.0
2024-08-01 09:54:00,FLNC,16.56999969482422,16.56999969482422,16.600000381469727,16.56999969482422,16.594999313354492,1761.0
2024-08-01 09:54:00,LNT,56.060001373291016,56.060001373291016,56.06999969482422,56.060001373291016,56.06999969482422,927.0
2024-08-01 09:54:00,MSEX,67.1500015258789,67.1500015258789,67.1500015258789,67.02999877929688,67.02999877929688,553.0
2024-08-01 09:54:00,NFE,19.347000122070312,19.347000122070312,19.364999771118164,19.347000122070312,19.364999771118164,2981.0
2024-08-01 09:54:00,NWE,53.665000915527344,53.665000915527344,53.665000915527344,53.665000915527344,53.665000915527344,1845.0
2024-08-01 09:54:00,OPAL,4.175000190734863,4.175000190734863,4.175000190734863,4.175000190734863,4.175000190734863,151.0
2024-08-01 09:54:00,OTTR,96.80999755859375,96.80999755859375,96.80999755859375,96.80999755859375,96.80999755859375,504.0
2024-08-01 09:54:00,RNW,5.989999771118164,5.989999771118164,5.989999771118164,5.980000019073486,5.980000019073486,5432.0
2024-08-01 09:54:00,XEL,57.810001373291016,57.810001373291016,57.88999938964844,57.790000915527344,57.84000015258789,7282.0
2024-08-01 09:55:00,AEP,98.45819854736328,98.45819854736328,98.56749725341797,98.44000244140625,98.56749725341797,2055.0
2024-08-01 09:55:00,AY,22.135000228881836,22.135000228881836,22.135000228881836,22.135000228881836,22.135000228881836,611.0
2024-08-01 09:55:00,CEG,191.8699951171875,191.8699951171875,191.8699951171875,191.22999572753906,191.36000061035156,5218.0
2024-08-01 09:55:00,EXC,37.54999923706055,37.54999923706055,37.7400016784668,37.54999923706055,37.7400016784668,18351.0
2024-08-01 09:55:00,FLNC,16.530000686645508,16.530000686645508,16.549999237060547,16.530000686645508,16.549999237060547,1428.0
2024-08-01 09:55:00,LNT,55.939998626708984,55.939998626708984,56.06999969482422,55.939998626708984,56.06999969482422,993.0
2024-08-01 09:55:00,NFE,19.329999923706055,19.329999923706055,19.350000381469727,19.31999969482422,19.350000381469727,5456.0
2024-08-01 09:55:00,OPAL,4.179999828338623,4.179999828338623,4.179999828338623,4.179999828338623,4.179999828338623,174.0
2024-08-01 09:55:00,RNW,5.989999771118164,5.989999771118164,5.989999771118164,5.985000133514404,5.989999771118164,3728.0
2024-08-01 09:55:00,XEL,57.724998474121094,57.724998474121094,57.81999969482422,57.689998626708984,57.81999969482422,8014.0
2024-08-01 09:56:00,AEP,98.38999938964844,98.38999938964844,98.44999694824219,98.37000274658203,98.44000244140625,5750.0
2024-08-01 09:56:00,AY,22.135000228881836,22.135000228881836,22.139999389648438,22.135000228881836,22.139999389648438,935.0
2024-08-01 09:56:00,CEG,191.57730102539062,191.57730102539062,191.99000549316406,191.47000122070312,191.99000549316406,4355.0
2024-08-01 09:56:00,EXC,37.5,37.5,37.54999923706055,37.5,37.54999923706055,13646.0
2024-08-01 09:56:00,FLNC,16.5049991607666,16.5049991607666,16.53499984741211,16.5,16.53499984741211,3396.0
2024-08-01 09:56:00,HTOO,0.8159999847412109,0.8159999847412109,0.8159999847412109,0.8159999847412109,0.8159999847412109,1800.0
2024-08-01 09:56:00,LNT,55.92499923706055,55.92499923706055,55.93000030517578,55.91999816894531,55.91999816894531,52932.0
2024-08-01 09:56:00,MNTK,5.920000076293945,5.920000076293945,5.929999828338623,5.920000076293945,5.929999828338623,1019.0
2024-08-01 09:56:00,NFE,19.34000015258789,19.34000015258789,19.34000015258789,19.31999969482422,19.31999969482422,2098.0
2024-08-01 09:56:00,RNW,6.0,6.0,6.0,5.980000019073486,5.980000019073486,7190.0
2024-08-01 09:56:00,XEL,57.650001525878906,57.650001525878906,57.689998626708984,57.630001068115234,57.689998626708984,3258.0
2024-08-01 09:57:00,AEP,98.36000061035156,98.36000061035156,98.4000015258789,98.31999969482422,98.38500213623047,7926.0
2024-08-01 09:57:00,CEG,190.86000061035156,190.86000061035156,191.5500030517578,190.86000061035156,191.5500030517578,8010.0
2024-08-01 09:57:00,EXC,37.650001525878906,37.650001525878906,37.650001525878906,37.47999954223633,37.494998931884766,19658.0
2024-08-01 09:57:00,FLNC,16.5,16.5,16.5,16.5,16.5,604.0
2024-08-01 09:57:00,HTOO,0.8199999928474426,0.8199999928474426,0.8199999928474426,0.8199999928474426,0.8199999928474426,0.0
2024-08-01 09:57:00,LNT,55.90999984741211,55.90999984741211,55.90999984741211,55.86000061035156,55.900001525878906,3680.0
2024-08-01 09:57:00,NFE,19.3700008392334,19.3700008392334,19.3799991607666,19.360000610351562,19.360000610351562,1395.0
2024-08-01 09:57:00,OPAL,4.150000095367432,4.150000095367432,4.199699878692627,4.150000095367432,4.199699878692627,468.0
2024-08-01 09:57:00,WAVE,2.934999942779541,2.934999942779541,2.934999942779541,2.934999942779541,2.934999942779541,105.0
2024-08-01 09:57:00,XEL,57.6150016784668,57.6150016784668,57.63999938964844,57.6150016784668,57.63999938964844,924.0
2024-08-01 09:58:00,AEP,98.27999877929688,98.27999877929688,98.58999633789062,98.27999877929688,98.4000015258789,50473.0
2024-08-01 09:58:00,AY,22.135000228881836,22.135000228881836,22.135000228881836,22.1299991607666,22.135000228881836,568.0
2024-08-01 09:58:00,CEG,191.19000244140625,191.19000244140625,191.19000244140625,190.64999389648438,190.77999877929688,15185.0
2024-08-01 09:58:00,EXC,37.595001220703125,37.595001220703125,37.68000030517578,37.58000183105469,37.63999938964844,20974.0
2024-08-01 09:58:00,FLNC,16.394800186157227,16.394800186157227,16.485000610351562,16.394800186157227,16.485000610351562,1887.0
2024-08-01 09:58:00,LNT,55.849998474121094,55.849998474121094,55.939998626708984,55.849998474121094,55.90999984741211,7669.0
2024-08-01 09:58:00,NFE,19.350000381469727,19.350000381469727,19.389999389648438,19.350000381469727,19.3700008392334,3358.0
2024-08-01 09:58:00,PCYO,10.989999771118164,10.989999771118164,10.989999771118164,10.989999771118164,10.989999771118164,0.0
2024-08-01 09:58:00,RNW,6.0,6.0,6.005000114440918,5.994999885559082,6.005000114440918,1760.0
2024-08-01 09:58:00,XEL,57.630001068115234,57.630001068115234,57.68000030517578,57.619998931884766,57.650001525878906,2340.0
2024-08-01 09:59:00,AEP,98.28500366210938,98.28500366210938,98.29070281982422,98.20999908447266,98.29000091552734,4113.0
2024-08-01 09:59:00,AY,22.135000228881836,22.135000228881836,22.139999389648438,22.135000228881836,22.139999389648438,886.0
2024-08-01 09:59:00,CEG,191.0800018310547,191.0800018310547,191.38999938964844,190.8000030517578,191.27999877929688,7260.0
2024-08-01 09:59:00,CREG,0.949999988079071,0.949999988079071,1.0099999904632568,0.9449999928474426,1.0099999904632568,64723.0
2024-08-01 09:59:00,EXC,37.595001220703125,37.595001220703125,37.595001220703125,37.560001373291016,37.56999969482422,8636.0
2024-08-01 09:59:00,FLNC,16.399999618530273,16.399999618530273,16.399999618530273,16.389999389648438,16.389999389648438,2343.0
2024-08-01 09:59:00,LNT,55.869998931884766,55.869998931884766,55.89500045776367,55.849998474121094,55.849998474121094,2604.0
2024-08-01 09:59:00,MGEE,87.73249816894531,87.73249816894531,87.74749755859375,87.54000091552734,87.54000091552734,966.0
2024-08-01 09:59:00,MSEX,67.02999877929688,67.02999877929688,67.02999877929688,67.02999877929688,67.02999877929688,156.0
2024-08-01 09:59:00,NFE,19.36479949951172,19.36479949951172,19.3700008392334,19.329999923706055,19.3700008392334,9226.0
2024-08-01 09:59:00,OPAL,4.170000076293945,4.170000076293945,4.179999828338623,4.170000076293945,4.173999786376953,3374.0
2024-08-01 09:59:00,RNW,6.0,6.0,6.0,6.0,6.0,4.0
2024-08-01 09:59:00,XEL,57.6150016784668,57.6150016784668,57.68000030517578,57.52000045776367,57.61000061035156,13806.0
2024-08-01 10:00:00,AEP,98.2699966430664,98.2699966430664,98.31999969482422,98.26000213623047,98.29000091552734,4425.0
2024-08-01 10:00:00,AY,22.135000228881836,22.135000228881836,22.135000228881836,22.135000228881836,22.135000228881836,156.0
2024-08-01 10:00:00,CEG,190.75999450683594,190.75999450683594,191.19000244140625,190.38999938964844,191.0800018310547,10587.0
2024-08-01 10:00:00,CREG,0.949999988079071,0.949999988079071,0.949999988079071,0.949999988079071,0.949999988079071,500.0
2024-08-01 10:00:00,EXC,37.61000061035156,37.61000061035156,37.64500045776367,37.58000183105469,37.58000183105469,10978.0
2024-08-01 10:00:00,FLNC,16.3700008392334,16.3700008392334,16.3799991607666,16.350000381469727,16.3799991607666,6296.0
2024-08-01 10:00:00,LNT,55.91999816894531,55.91999816894531,55.93000030517578,55.869998931884766,55.869998931884766,1547.0
2024-08-01 10:00:00,MGEE,87.7699966430664,87.7699966430664,87.7699966430664,87.7699966430664,87.7699966430664,672.0
2024-08-01 10:00:00,MNTK,5.917099952697754,5.917099952697754,5.917099952697754,5.917099952697754,5.917099952697754,204.0
2024-08-01 10:00:00,NFE,19.3799991607666,19.3799991607666,19.3799991607666,19.350000381469727,19.360000610351562,9737.0
2024-08-01 10:00:00,RGCO,22.850000381469727,22.850000381469727,22.889999389648438,22.850000381469727,22.889999389648438,999.0
2024-08-01 10:00:00,RNW,6.0,6.0,6.0,6.0,6.0,700.0
2024-08-01 10:00:00,XEL,57.5099983215332,57.5099983215332,57.63999938964844,57.5,57.63999938964844,6193.0
2024-08-01 10:01:00,AEP,98.29000091552734,98.29000091552734,98.3499984741211,98.20999908447266,98.2699966430664,8089.0
2024-08-01 10:01:00,AY,22.135000228881836,22.135000228881836,22.135000228881836,22.135000228881836,22.135000228881836,677.0
2024-08-01 10:01:00,CEG,189.9488067626953,189.9488067626953,190.80999755859375,189.9488067626953,190.61000061035156,11284.0
2024-08-01 10:01:00,CREG,0.9498999714851379,0.9498999714851379,0.9498999714851379,0.9498999714851379,0.9498999714851379,9800.0
2024-08-01 10:01:00,CWCO,28.829999923706055,28.829999923706055,28.829999923706055,28.829999923706055,28.829999923706055,403.0
2024-08-01 10:01:00,EXC,37.56999969482422,37.56999969482422,37.63999938964844,37.52000045776367,37.619998931884766,34579.0
2024-08-01 10:01:00,FLNC,16.350000381469727,16.350000381469727,16.350000381469727,16.291099548339844,16.350000381469727,4112.0
2024-08-01 10:01:00,LNT,55.900001525878906,55.900001525878906,55.900001525878906,55.869998931884766,55.900001525878906,2113.0
2024-08-01 10:01:00,MGEE,87.56500244140625,87.56500244140625,87.76000213623047,87.56500244140625,87.76000213623047,705.0
2024-08-01 10:01:00,MNTK,5.900000095367432,5.900000095367432,5.909999847412109,5.889999866485596,5.909999847412109,3246.0
2024-08-01 10:01:00,NFE,19.364999771118164,19.364999771118164,19.420000076293945,19.364999771118164,19.420000076293945,2729.0
2024-08-01 10:01:00,NWE,53.41999816894531,53.41999816894531,53.41999816894531,53.41999816894531,53.41999816894531,2456.0
2024-08-01 10:01:00,OPAL,4.150000095367432,4.150000095367432,4.150000095367432,4.150000095367432,4.150000095367432,301.0
2024-08-01 10:01:00,RGCO,22.700000762939453,22.700000762939453,22.700000762939453,22.700000762939453,22.700000762939453,212.0
2024-08-01 10:01:00,XEL,57.369998931884766,57.369998931884766,57.502498626708984,57.22999954223633,57.459999084472656,30159.0
2024-08-01 10:02:00,AEP,98.34500122070312,98.34500122070312,98.34500122070312,98.2699966430664,98.2699966430664,11164.0
2024-08-01 10:02:00,AY,22.135000228881836,22.135000228881836,22.139999389648438,22.135000228881836,22.139999389648438,990.0
2024-08-01 10:02:00,CEG,190.0399932861328,190.0399932861328,190.2550048828125,189.83999633789062,190.2550048828125,15085.0
2024-08-01 10:02:00,CREG,0.9498999714851379,0.9498999714851379,0.949999988079071,0.9498999714851379,0.949999988079071,12800.0
2024-08-01 10:02:00,EXC,37.57500076293945,37.57500076293945,37.58000183105469,37.5,37.56999969482422,40077.0
2024-08-01 10:02:00,FLNC,16.350000381469727,16.350000381469727,16.350000381469727,16.31999969482422,16.34000015258789,3130.0
2024-08-01 10:02:00,LNT,55.88999938964844,55.88999938964844,55.90999984741211,55.88999938964844,55.90999984741211,2062.0
2024-08-01 10:02:00,MNTK,5.900000095367432,5.900000095367432,5.900000095367432,5.900000095367432,5.900000095367432,654.0
2024-08-01 10:02:00,MSEX,66.91000366210938,66.91000366210938,66.91000366210938,66.91000366210938,66.91000366210938,399.0
2024-08-01 10:02:00,NFE,19.399999618530273,19.399999618530273,19.399999618530273,19.344999313354492,19.354999542236328,4555.0
2024-08-01 10:02:00,WAVE,2.969899892807007,2.969899892807007,2.969899892807007,2.969899892807007,2.969899892807007,245.0
2024-08-01 10:02:00,XEL,57.375,57.375,57.400001525878906,57.29999923706055,57.369998931884766,9799.0
2024-08-01 10:03:00,CEG,189.0050048828125,189.0050048828125,190.02999877929688,189.0050048828125,189.89999389648438,21962.0
2024-08-01 10:03:00,EXC,37.47999954223633,37.47999954223633,37.47999954223633,37.47999954223633,37.47999954223633,61543.0
2024-08-01 10:03:00,FLNC,16.31999969482422,16.31999969482422,16.3799991607666,16.31999969482422,16.34000015258789,5002.0
2024-08-01 10:03:00,LNT,55.91999816894531,55.91999816894531,55.91999816894531,55.88999938964844,55.91999816894531,1844.0
2024-08-01 10:03:00,MGEE,87.54019927978516,87.54019927978516,87.54019927978516,87.54019927978516,87.54019927978516,1108.0
2024-08-01 10:03:00,MNTK,5.900000095367432,5.900000095367432,5.900000095367432,5.900000095367432,5.900000095367432,903.0
2024-08-01 10:03:00,MSEX,66.30000305175781,66.30000305175781,66.30000305175781,66.30000305175781,66.30000305175781,1211.0
2024-08-01 10:03:00,NFE,19.360000610351562,19.360000610351562,19.360000610351562,19.360000610351562,19.360000610351562,7359.0
2024-08-01 10:03:00,RNW,6.0,6.0,6.0,6.0,6.0,2567.0
2024-08-01 10:03:00,XEL,57.54999923706055,57.54999923706055,57.54999923706055,57.54999923706055,57.54999923706055,6217.0
2024-08-01 10:04:00,AEP,98.16999816894531,98.16999816894531,98.29000091552734,98.16000366210938,98.29000091552734,14152.0
2024-08-01 10:04:00,AY,22.135000228881836,22.135000228881836,22.135000228881836,22.135000228881836,22.135000228881836,602.0
2024-08-01 10:04:00,CEG,188.76499938964844,188.76499938964844,189.1199951171875,188.5399932861328,189.08999633789062,21734.0
2024-08-01 10:04:00,EXC,37.369998931884766,37.369998931884766,37.5,37.349998474121094,37.470001220703125,24443.0
2024-08-01 10:04:00,FLNC,16.309999465942383,16.309999465942383,16.334999084472656,16.299999237060547,16.334999084472656,3522.0
2024-08-01 10:04:00,LNT,55.869998931884766,55.869998931884766,55.91999816894531,55.869998931884766,55.91999816894531,2472.0
2024-08-01 10:04:00,MNTK,5.90500020980835,5.90500020980835,5.90500020980835,5.900000095367432,5.900000095367432,1101.0
2024-08-01 10:04:00,OTTR,96.1500015258789,96.1500015258789,96.1500015258789,96.1500015258789,96.1500015258789,273.0
2024-08-01 10:04:00,RNW,6.0,6.0,6.0,6.0,6.0,3032.0
2024-08-01 10:04:00,XEL,57.52000045776367,57.52000045776367,57.54999923706055,57.505001068115234,57.54999923706055,4728.0
2024-08-01 10:04:00,YORW,41.599998474121094,41.599998474121094,41.599998474121094,41.599998474121094,41.599998474121094,2311.0
2024-08-01 10:05:00,AEP,98.21499633789062,98.21499633789062,98.25,98.16999816894531,98.19000244140625,2802.0
2024-08-01 10:05:00,AY,22.135000228881836,22.135000228881836,22.135000228881836,22.135000228881836,22.135000228881836,401.0
2024-08-01 10:05:00,CEG,189.05999755859375,189.05999755859375,189.10000610351562,188.61000061035156,188.75999450683594,28020.0
2024-08-01 10:05:00,CREG,0.9399999976158142,0.9399999976158142,0.9449999928474426,0.9200000166893005,0.9449999928474426,2453.0
2024-08-01 10:05:00,EXC,37.38999938964844,37.38999938964844,37.40999984741211,37.36000061035156,37.36000061035156,25877.0
2024-08-01 10:05:00,FLNC,16.209999084472656,16.209999084472656,16.29210090637207,16.209999084472656,16.29210090637207,8526.0
2024-08-01 10:05:00,LNT,55.90999984741211,55.90999984741211,55.90999984741211,55.86000061035156,55.869998931884766,5029.0
2024-08-01 10:05:00,MNTK,5.90500020980835,5.90500020980835,5.90500020980835,5.900000095367432,5.900000095367432,427.0
2024-08-01 10:05:00,NFE,19.269899368286133,19.269899368286133,19.299999237060547,19.260000228881836,19.299999237060547,4879.0
2024-08-01 10:05:00,NWE,53.5099983215332,53.5099983215332,53.5099983215332,53.45000076293945,53.45000076293945,1761.0
2024-08-01 10:05:00,OTTR,96.1500015258789,96.1500015258789,96.1500015258789,96.1500015258789,96.1500015258789,286.0
2024-08-01 10:05:00,RNW,5.980000019073486,5.980000019073486,6.0,5.980000019073486,6.0,2149.0
2024-08-01 10:05:00,XEL,57.41999816894531,57.41999816894531,57.470001220703125,57.33000183105469,57.439998626708984,4053.0
2024-08-01 10:06:00,AEP,98.27100372314453,98.27100372314453,98.27100372314453,98.22000122070312,98.23999786376953,6519.0
2024-08-01 10:06:00,CEG,188.3000030517578,188.3000030517578,188.8000030517578,188.3000030517578,188.8000030517578,5539.0
2024-08-01 10:06:00,CREG,0.9399999976158142,0.9399999976158142,0.949999988079071,0.9399999976158142,0.949999988079071,4300.0
2024-08-01 10:06:00,EXC,37.43000030517578,37.43000030517578,37.43000030517578,37.3849983215332,37.400001525878906,14296.0
2024-08-01 10:06:00,FLNC,16.165000915527344,16.165000915527344,16.165000915527344,16.165000915527344,16.165000915527344,3737.0
2024-08-01 10:06:00,LNT,55.904998779296875,55.904998779296875,55.935001373291016,55.904998779296875,55.935001373291016,1359.0
2024-08-01 10:06:00,MNTK,5.900000095367432,5.900000095367432,5.900000095367432,5.900000095367432,5.900000095367432,1017.0
2024-08-01 10:06:00,MSEX,66.37999725341797,66.37999725341797,66.37999725341797,66.37999725341797,66.37999725341797,1093.0
2024-08-01 10:06:00,NFE,19.220399856567383,19.220399856567383,19.260000228881836,19.220399856567383,19.260000228881836,2543.0
2024-08-01 10:06:00,OTTR,96.31999969482422,96.31999969482422,96.31999969482422,96.26000213623047,96.26000213623047,1101.0
2024-08-01 10:06:00,RNW,5.96999979019165,5.96999979019165,5.96999979019165,5.96999979019165,5.96999979019165,230.0
2024-08-01 10:06:00,XEL,57.51499938964844,57.51499938964844,57.51499938964844,57.44990158081055,57.45000076293945,2902.0
2024-08-01 10:07:00,ADN,4.670000076293945,4.670000076293945,4.670000076293945,4.670000076293945,4.670000076293945,1770.0
2024-08-01 10:07:00,AEP,98.12999725341797,98.12999725341797,98.27999877929688,98.12999725341797,98.27999877929688,3818.0
2024-08-01 10:07:00,CEG,187.9550018310547,187.9550018310547,188.3802032470703,187.77000427246094,188.1949005126953,14371.0
2024-08-01 10:07:00,EXC,37.369998931884766,37.369998931884766,37.43000030517578,37.369998931884766,37.42499923706055,15616.0
2024-08-01 10:07:00,FLNC,16.114999771118164,16.114999771118164,16.18000030517578,16.102800369262695,16.170000076293945,5724.0
2024-08-01 10:07:00,LNT,55.86000061035156,55.86000061035156,55.939998626708984,55.849998474121094,55.93000030517578,3326.0
2024-08-01 10:07:00,MGEE,87.86000061035156,87.86000061035156,87.86000061035156,87.86000061035156,87.86000061035156,429.0
2024-08-01 10:07:00,MNTK,5.900000095367432,5.900000095367432,5.909999847412109,5.880000114440918,5.880000114440918,3833.0
2024-08-01 10:07:00,NFE,19.170000076293945,19.170000076293945,19.219999313354492,19.170000076293945,19.219999313354492,7415.0
2024-08-01 10:07:00,NWE,53.45000076293945,53.45000076293945,53.470001220703125,53.45000076293945,53.470001220703125,1071.0
2024-08-01 10:07:00,OTTR,96.25,96.25,96.25,96.0999984741211,96.11000061035156,2092.0
2024-08-01 10:07:00,RNW,5.954999923706055,5.954999923706055,5.960000038146973,5.954999923706055,5.960000038146973,1296.0
2024-08-01 10:07:00,WAVE,2.9000000953674316,2.9000000953674316,2.9000000953674316,2.9000000953674316,2.9000000953674316,225.0
2024-08-01 10:07:00,XEL,57.279998779296875,57.279998779296875,57.529998779296875,57.279998779296875,57.529998779296875,11141.0
2024-08-01 10:08:00,AEP,98.0999984741211,98.0999984741211,98.15499877929688,98.0999984741211,98.12000274658203,4338.0
2024-08-01 10:08:00,AY,22.135000228881836,22.135000228881836,22.135000228881836,22.1299991607666,22.1299991607666,1462.0
2024-08-01 10:08:00,CDZI,3.6700000762939453,3.6700000762939453,3.690000057220459,3.6700000762939453,3.690000057220459,1154.0
2024-08-01 10:08:00,CEG,188.58999633789062,188.58999633789062,188.72999572753906,188.11000061035156,188.24899291992188,26241.0
2024-08-01 10:08:00,EXC,37.380001068115234,37.380001068115234,37.380001068115234,37.310001373291016,37.380001068115234,11786.0
2024-08-01 10:08:00,FLNC,16.1200008392334,16.1200008392334,16.165000915527344,16.1200008392334,16.139999389648438,5190.0
2024-08-01 10:08:00,LNT,55.84000015258789,55.84000015258789,55.8489990234375,55.81999969482422,55.8489990234375,3275.0
2024-08-01 10:08:00,MNTK,5.900000095367432,5.900000095367432,5.900000095367432,5.900000095367432,5.900000095367432,2350.0
2024-08-01 10:08:00,MSEX,66.21499633789062,66.21499633789062,66.29499816894531,66.21499633789062,66.29499816894531,260.0
2024-08-01 10:08:00,NFE,19.165000915527344,19.165000915527344,19.190000534057617,19.165000915527344,19.174999237060547,10437.0
2024-08-01 10:08:00,NWE,53.375,53.375,53.38999938964844,53.375,53.38999938964844,588.0
2024-08-01 10:08:00,OTTR,96.0999984741211,96.0999984741211,96.0999984741211,96.0999984741211,96.0999984741211,366.0
2024-08-01 10:08:00,RGCO,22.860000610351562,22.860000610351562,22.860000610351562,22.860000610351562,22.860000610351562,881.0
2024-08-01 10:08:00,WAVE,2.9000000953674316,2.9000000953674316,2.9100000858306885,2.9000000953674316,2.9100000858306885,362.0
2024-08-01 10:08:00,XEL,57.32500076293945,57.32500076293945,57.35499954223633,57.290000915527344,57.30099868774414,6555.0
2024-08-01 10:09:00,AEP,98.12999725341797,98.12999725341797,98.20559692382812,98.12000274658203,98.12000274658203,3639.0
2024-08-01 10:09:00,CEG,188.84300231933594,188.84300231933594,188.86000061035156,188.5500030517578,188.59500122070312,7674.0
2024-08-01 10:09:00,EXC,37.369998931884766,37.369998931884766,37.45000076293945,37.36000061035156,37.36000061035156,14197.0
2024-08-01 10:09:00,FLNC,16.049999237060547,16.049999237060547,16.125,16.049999237060547,16.1200008392334,6722.0
2024-08-01 10:09:00,LNT,55.86000061035156,55.86000061035156,55.86000061035156,55.834999084472656,55.84000015258789,2867.0
2024-08-01 10:09:00,MGEE,87.88999938964844,87.88999938964844,87.88999938964844,87.86000061035156,87.86000061035156,656.0
2024-08-01 10:09:00,NFE,19.165000915527344,19.165000915527344,19.18400001525879,19.15999984741211,19.18000030517578,3741.0
2024-08-01 10:09:00,NWE,53.34000015258789,53.34000015258789,53.34000015258789,53.34000015258789,53.34000015258789,960.0
2024-08-01 10:09:00,RNW,5.954999923706055,5.954999923706055,5.954999923706055,5.954999923706055,5.954999923706055,500.0
2024-08-01 10:09:00,XEL,57.36000061035156,57.36000061035156,57.369998931884766,57.29999923706055,57.29999923706055,2933.0
2024-08-01 10:10:00,AEP,98.33000183105469,98.33000183105469,98.33999633789062,98.1500015258789,98.1500015258789,5441.0
2024-08-01 10:10:00,AY,22.135000228881836,22.135000228881836,22.139999389648438,22.135000228881836,22.135000228881836,3024.0
2024-08-01 10:10:00,CEG,188.83999633789062,188.83999633789062,189.4499969482422,188.83999633789062,188.8800048828125,14675.0
2024-08-01 10:10:00,EXC,37.45000076293945,37.45000076293945,37.459999084472656,37.380001068115234,37.380001068115234,10152.0
2024-08-01 10:10:00,FLNC,16.06999969482422,16.06999969482422,16.06999969482422,16.059999465942383,16.059999465942383,2094.0
2024-08-01 10:10:00,LNT,55.91999816894531,55.91999816894531,55.91999816894531,55.849998474121094,55.849998474121094,4538.0
2024-08-01 10:10:00,MGEE,87.94499969482422,87.94499969482422,87.95999908447266,87.94499969482422,87.95999908447266,311.0
2024-08-01 10:10:00,MNTK,5.889999866485596,5.889999866485596,5.889999866485596,5.889999866485596,5.889999866485596,542.0
2024-08-01 10:10:00,MSEX,66.05999755859375,66.05999755859375,66.05999755859375,66.05999755859375,66.05999755859375,452.0
2024-08-01 10:10:00,NFE,19.1299991607666,19.1299991607666,19.164499282836914,19.1200008392334,19.15999984741211,4784.0
2024-08-01 10:10:00,OTTR,96.05000305175781,96.05000305175781,96.05000305175781,96.0,96.0,417.0
2024-08-01 10:10:00,RNW,5.954999923706055,5.954999923706055,5.954999923706055,5.954999923706055,5.954999923706055,213.0
2024-08-01 10:10:00,XEL,57.45000076293945,57.45000076293945,57.45000076293945,57.3400993347168,57.37990188598633,7497.0
2024-08-01 10:11:00,AEP,98.19000244140625,98.19000244140625,98.30999755859375,98.19000244140625,98.30609893798828,3602.0
2024-08-01 10:11:00,AY,22.135000228881836,22.135000228881836,22.135000228881836,22.135000228881836,22.135000228881836,1608.0
2024-08-01 10:11:00,CEG,188.8300018310547,188.8300018310547,189.16990661621094,188.64999389648438,188.90499877929688,17310.0
2024-08-01 10:11:00,EXC,37.3650016784668,37.3650016784668,37.43000030517578,37.33000183105469,37.43000030517578,8621.0
2024-08-01 10:11:00,FLNC,16.075000762939453,16.075000762939453,16.079999923706055,16.06999969482422,16.079999923706055,3222.0
2024-08-01 10:11:00,LNT,55.849998474121094,55.849998474121094,55.86899948120117,55.849998474121094,55.86000061035156,1239.0
2024-08-01 10:11:00,MNTK,5.894999980926514,5.894999980926514,5.894999980926514,5.894999980926514,5.894999980926514,110.0
2024-08-01 10:11:00,NFE,19.1299991607666,19.1299991607666,19.15999984741211,19.110000610351562,19.1200008392334,2559.0
2024-08-01 10:11:00,NWE,53.22999954223633,53.22999954223633,53.31999969482422,53.22999954223633,53.31999969482422,767.0
2024-08-01 10:11:00,XEL,57.43000030517578,57.43000030517578,57.52000045776367,57.43000030517578,57.459999084472656,9409.0
2024-08-01 10:12:00,AEP,98.19000244140625,98.19000244140625,98.19000244140625,98.1500015258789,98.18000030517578,2890.0
2024-08-01 10:12:00,CEG,188.27999877929688,188.27999877929688,188.93499755859375,188.27999877929688,188.74000549316406,2174.0
2024-08-01 10:12:00,EXC,37.31999969482422,37.31999969482422,37.400001525878906,37.310001373291016,37.3650016784668,16706.0
2024-08-01 10:12:00,FLNC,16.100000381469727,16.100000381469727,16.108999252319336,16.06999969482422,16.078899383544922,3108.0
2024-08-01 10:12:00,LNT,55.849998474121094,55.849998474121094,55.869998931884766,55.849998474121094,55.849998474121094,4344.0
2024-08-01 10:12:00,MGEE,87.94249725341797,87.94249725341797,87.95500183105469,87.94249725341797,87.95500183105469,987.0
2024-08-01 10:12:00,MNTK,5.889999866485596,5.889999866485596,5.889999866485596,5.889999866485596,5.889999866485596,388.0
2024-08-01 10:12:00,NFE,19.21500015258789,19.21500015258789,19.21500015258789,19.1299991607666,19.1299991607666,9812.0
2024-08-01 10:12:00,NWE,53.279998779296875,53.279998779296875,53.31999969482422,53.27000045776367,53.27000045776367,2468.0
2024-08-01 10:12:00,OTTR,96.05000305175781,96.05000305175781,96.05000305175781,96.05000305175781,96.05000305175781,417.0
2024-08-01 10:12:00,RNW,5.954999923706055,5.954999923706055,5.954999923706055,5.954999923706055,5.954999923706055,615.0
2024-08-01 10:12:00,XEL,57.45000076293945,57.45000076293945,57.45000076293945,57.39500045776367,57.400001525878906,4106.0
2024-08-01 10:13:00,AEP,98.13999938964844,98.13999938964844,98.13999938964844,98.04499816894531,98.08000183105469,3932.0
2024-08-01 10:13:00,CEG,189.4600067138672,189.4600067138672,189.4600067138672,188.33999633789062,188.5,11917.0
2024-08-01 10:13:00,EXC,37.40999984741211,37.40999984741211,37.41999816894531,37.31999969482422,37.31999969482422,11799.0
2024-08-01 10:13:00,FLNC,16.145000457763672,16.145000457763672,16.149999618530273,16.110000610351562,16.110000610351562,3173.0
2024-08-01 10:13:00,LNT,55.880001068115234,55.880001068115234,55.880001068115234,55.810001373291016,55.810001373291016,3211.0
2024-08-01 10:13:00,NFE,19.25,19.25,19.260000228881836,19.229999542236328,19.229999542236328,2093.0
2024-08-01 10:13:00,OPAL,4.130000114440918,4.130000114440918,4.150000095367432,4.130000114440918,4.150000095367432,793.0
2024-08-01 10:13:00,RNW,5.945000171661377,5.945000171661377,5.949999809265137,5.940000057220459,5.949999809265137,22811.0
2024-08-01 10:13:00,XEL,57.47999954223633,57.47999954223633,57.540000915527344,57.369998931884766,57.369998931884766,10690.0
2024-08-01 10:14:00,AEP,98.13999938964844,98.13999938964844,98.19999694824219,98.13500213623047,98.13500213623047,4220.0
2024-08-01 10:14:00,CEG,188.8249969482422,188.8249969482422,189.57000732421875,188.8249969482422,189.57000732421875,7483.0
2024-08-01 10:14:00,CREG,0.9550999999046326,0.9550999999046326,0.9550999999046326,0.9550999999046326,0.9550999999046326,1453.0
2024-08-01 10:14:00,EXC,37.375,37.375,37.45500183105469,37.375,37.40999984741211,6172.0
2024-08-01 10:14:00,FLNC,16.149999618530273,16.149999618530273,16.170000076293945,16.149999618530273,16.15999984741211,1732.0
2024-08-01 10:14:00,HTOO,0.8199999928474426,0.8199999928474426,0.8199999928474426,0.8199999928474426,0.8199999928474426,340.0
2024-08-01 10:14:00,LNT,55.88999938964844,55.88999938964844,55.904998779296875,55.88999938964844,55.900001525878906,2218.0
2024-08-01 10:14:00,NFE,19.264999389648438,19.264999389648438,19.270000457763672,19.2450008392334,19.2450008392334,3269.0
2024-08-01 10:14:00,OPAL,4.169899940490723,4.169899940490723,4.169899940490723,4.169899940490723,4.169899940490723,0.0
2024-08-01 10:14:00,OTTR,95.86000061035156,95.86000061035156,96.0,95.86000061035156,96.0,2505.0
2024-08-01 10:14:00,RNW,5.949999809265137,5.949999809265137,5.949999809265137,5.945000171661377,5.945000171661377,2329.0
2024-08-01 10:14:00,XEL,57.30099868774414,57.30099868774414,57.54499816894531,57.29999923706055,57.529998779296875,31417.0
2024-08-01 10:15:00,AEP,98.04499816894531,98.04499816894531,98.1449966430664,98.04499816894531,98.1449966430664,2853.0
2024-08-01 10:15:00,CEG,188.7100067138672,188.7100067138672,189.13999938964844,188.60000610351562,188.72999572753906,3298.0
2024-08-01 10:15:00,CREG,0.9552000164985657,0.9552000164985657,0.960099995136261,0.9552000164985657,0.960099995136261,5700.0
2024-08-01 10:15:00,EXC,37.34000015258789,37.34000015258789,37.39500045776367,37.334999084472656,37.375,7353.0
2024-08-01 10:15:00,FLNC,16.09000015258789,16.09000015258789,16.139999389648438,16.084999084472656,16.139999389648438,5445.0
2024-08-01 10:15:00,LNT,55.849998474121094,55.849998474121094,55.89609909057617,55.849998474121094,55.89500045776367,1848.0
2024-08-01 10:15:00,MNTK,5.900000095367432,5.900000095367432,5.909999847412109,5.880000114440918,5.889999866485596,4047.0
2024-08-01 10:15:00,MSEX,65.80000305175781,65.80000305175781,65.80000305175781,65.80000305175781,65.80000305175781,200.0
2024-08-01 10:15:00,NFE,19.260000228881836,19.260000228881836,19.280000686645508,19.239999771118164,19.280000686645508,4380.0
2024-08-01 10:15:00,NWE,53.18000030517578,53.18000030517578,53.22999954223633,53.18000030517578,53.18000030517578,1349.0
2024-08-01 10:15:00,OPAL,4.150000095367432,4.150000095367432,4.150000095367432,4.150000095367432,4.150000095367432,600.0
2024-08-01 10:15:00,WAVE,2.8499999046325684,2.8499999046325684,2.8499999046325684,2.8499999046325684,2.8499999046325684,446.0
2024-08-01 10:15:00,XEL,57.189998626708984,57.189998626708984,57.279998779296875,57.189998626708984,57.2599983215332,5883.0
2024-08-01 10:16:00,AEP,98.04499816894531,98.04499816894531,98.08000183105469,98.01000213623047,98.04499816894531,4426.0
2024-08-01 10:16:00,ARTNA,39.11000061035156,39.11000061035156,39.11000061035156,39.11000061035156,39.11000061035156,4621.0
2024-08-01 10:16:00,CEG,189.14999389648438,189.14999389648438,189.24000549316406,188.83999633789062,188.98500061035156,7647.0
2024-08-01 10:16:00,CWCO,28.610000610351562,28.610000610351562,28.610000610351562,28.610000610351562,28.610000610351562,493.0
2024-08-01 10:16:00,EXC,37.29499816894531,37.29499816894531,37.349998474121094,37.290000915527344,37.34000015258789,9377.0
2024-08-01 10:16:00,FLNC,16.114999771118164,16.114999771118164,16.1299991607666,16.06999969482422,16.06999969482422,8800.0
2024-08-01 10:16:00,LNT,55.88999938964844,55.88999938964844,55.88999938964844,55.86000061035156,55.869998931884766,2471.0
2024-08-01 10:16:00,MNTK,5.889999866485596,5.889999866485596,5.900000095367432,5.889999866485596,5.900000095367432,2833.0
2024-08-01 10:16:00,MSEX,66.30999755859375,66.30999755859375,66.30999755859375,66.0999984741211,66.0999984741211,570.0
2024-08-01 10:16:00,NFE,19.25,19.25,19.25,19.2450008392334,19.25,2275.0
2024-08-01 10:16:00,OTTR,95.5999984741211,95.5999984741211,95.5999984741211,95.5999984741211,95.5999984741211,284.0
2024-08-01 10:16:00,XEL,57.209999084472656,57.209999084472656,57.250999450683594,57.189998626708984,57.20000076293945,6766.0
2024-08-01 10:17:00,AEP,98.06500244140625,98.06500244140625,98.06999969482422,98.02999877929688,98.06999969482422,2595.0
2024-08-01 10:17:00,AY,22.135000228881836,22.135000228881836,22.135000228881836,22.1299991607666,22.1299991607666,1369.0
2024-08-01 10:17:00,CEG,188.69000244140625,188.69000244140625,189.1699981689453,188.47999572753906,189.1699981689453,13944.0
2024-08-01 10:17:00,EXC,37.2599983215332,37.2599983215332,37.29499816894531,37.23500061035156,37.29499816894531,30368.0
2024-08-01 10:17:00,FLNC,16.110000610351562,16.110000610351562,16.1299991607666,16.110000610351562,16.1299991607666,1259.0
2024-08-01 10:17:00,HTOO,0.8199999928474426,0.8199999928474426,0.8199999928474426,0.8199999928474426,0.8199999928474426,1505.0
2024-08-01 10:17:00,LNT,55.849998474121094,55.849998474121094,55.86000061035156,55.84000015258789,55.86000061035156,1759.0
2024-08-01 10:17:00,MNTK,5.889999866485596,5.889999866485596,5.909999847412109,5.889999866485596,5.909999847412109,893.0
2024-08-01 10:17:00,NFE,19.270000457763672,19.270000457763672,19.270000457763672,19.25,19.25,5563.0
2024-08-01 10:17:00,OPAL,4.130000114440918,4.130000114440918,4.130000114440918,4.130000114440918,4.130000114440918,78.0
2024-08-01 10:17:00,XEL,57.11000061035156,57.11000061035156,57.206199645996094,57.029998779296875,57.206199645996094,3523.0
2024-08-01 10:18:00,AEP,98.17500305175781,98.17500305175781,98.18000030517578,98.11000061035156,98.11000061035156,3114.0
2024-08-01 10:18:00,AY,22.139999389648438,22.139999389648438,22.139999389648438,22.139999389648438,22.139999389648438,668.0
2024-08-01 10:18:00,CEG,188.75,188.75,188.94000244140625,188.63999938964844,188.91000366210938,13006.0
2024-08-01 10:18:00,CREG,0.9399999976158142,0.9399999976158142,0.9399999976158142,0.9399999976158142,0.9399999976158142,900.0
2024-08-01 10:18:00,EXC,37.30500030517578,37.30500030517578,37.31999969482422,37.26499938964844,37.26499938964844,28010.0
2024-08-01 10:18:00,FLNC,16.110000610351562,16.110000610351562,16.110000610351562,16.110000610351562,16.110000610351562,219.0
2024-08-01 10:18:00,HTOO,0.8199999928474426,0.8199999928474426,0.8199999928474426,0.8199999928474426,0.8199999928474426,537.0
2024-08-01 10:18:00,LNT,55.91999816894531,55.91999816894531,55.91999816894531,55.869998931884766,55.869998931884766,3118.0
2024-08-01 10:18:00,NFE,19.225000381469727,19.225000381469727,19.270000457763672,19.219999313354492,19.25,9018.0
2024-08-01 10:18:00,NWE,53.185001373291016,53.185001373291016,53.189998626708984,53.185001373291016,53.189998626708984,775.0
2024-08-01 10:18:00,OTTR,95.44000244140625,95.44000244140625,95.44000244140625,95.44000244140625,95.44000244140625,511.0
2024-08-01 10:18:00,RNW,5.954999923706055,5.954999923706055,5.954999923706055,5.954999923706055,5.954999923706055,277.0
2024-08-01 10:18:00,XEL,57.380001068115234,57.380001068115234,57.42399978637695,57.09000015258789,57.09000015258789,20659.0
2024-08-01 10:19:00,AEP,98.27999877929688,98.27999877929688,98.27999877929688,98.17500305175781,98.19000244140625,3691.0
2024-08-01 10:19:00,AY,22.135000228881836,22.135000228881836,22.135000228881836,22.135000228881836,22.135000228881836,200.0
2024-08-01 10:19:00,CEG,188.72999572753906,188.72999572753906,188.85000610351562,188.27999877929688,188.85000610351562,7509.0
2024-08-01 10:19:00,EXC,37.33000183105469,37.33000183105469,37.34000015258789,37.29999923706055,37.30500030517578,29806.0
2024-08-01 10:19:00,FLNC,16.06999969482422,16.06999969482422,16.084999084472656,16.059999465942383,16.084999084472656,3465.0
2024-08-01 10:19:00,LNT,56.0,56.0,56.0,55.90999984741211,55.90999984741211,4198.0
2024-08-01 10:19:00,MGEE,88.29000091552734,88.29000091552734,88.43000030517578,88.29000091552734,88.4000015258789,666.0
2024-08-01 10:19:00,MNTK,5.900000095367432,5.900000095367432,5.900000095367432,5.860000133514404,5.869999885559082,1369.0
2024-08-01 10:19:00,MSEX,65.78500366210938,65.78500366210938,65.78500366210938,65.78500366210938,65.78500366210938,234.0
2024-08-01 10:19:00,NFE,19.219999313354492,19.219999313354492,19.229999542236328,19.219999313354492,19.225000381469727,1608.0
2024-08-01 10:19:00,NWE,53.18000030517578,53.18000030517578,53.18000030517578,53.165000915527344,53.165000915527344,687.0
2024-08-01 10:19:00,OTTR,95.5,95.5,95.5,95.5,95.5,608.0
2024-08-01 10:19:00,PCYO,10.895299911499023,10.895299911499023,10.895299911499023,10.895299911499023,10.895299911499023,2863.0
2024-08-01 10:19:00,RNW,5.942999839782715,5.942999839782715,5.949999809265137,5.940000057220459,5.949999809265137,9152.0
2024-08-01 10:19:00,XEL,57.650001525878906,57.650001525878906,57.65999984741211,57.34000015258789,57.34000015258789,50210.0
2024-08-01 10:20:00,AEP,98.45999908447266,98.45999908447266,98.45999908447266,98.37999725341797,98.37999725341797,3707.0
2024-08-01 10:20:00,AY,22.135000228881836,22.135000228881836,22.135000228881836,22.135000228881836,22.135000228881836,287.0
2024-08-01 10:20:00,CEG,188.6300048828125,188.6300048828125,188.8249969482422,188.4600067138672,188.625,11499.0
2024-08-01 10:20:00,CREG,0.9599999785423279,0.9599999785423279,0.9599999785423279,0.9599999785423279,0.9599999785423279,3.0
2024-08-01 10:20:00,EXC,37.439998626708984,37.439998626708984,37.45000076293945,37.32500076293945,37.32500076293945,31846.0
2024-08-01 10:20:00,FLNC,16.065000534057617,16.065000534057617,16.09000015258789,16.049999237060547,16.060100555419922,6809.0
2024-08-01 10:20:00,LNT,56.040000915527344,56.040000915527344,56.040000915527344,56.0099983215332,56.0099983215332,785.0
2024-08-01 10:20:00,MGEE,88.30999755859375,88.30999755859375,88.30999755859375,88.30999755859375,88.30999755859375,1213.0
2024-08-01 10:20:00,MNTK,5.900000095367432,5.900000095367432,5.900000095367432,5.900000095367432,5.900000095367432,498.0
2024-08-01 10:20:00,NFE,19.258100509643555,19.258100509643555,19.258100509643555,19.209999084472656,19.209999084472656,9259.0
2024-08-01 10:20:00,NWE,53.31039810180664,53.31039810180664,53.314998626708984,53.22999954223633,53.22999954223633,1865.0
2024-08-01 10:20:00,RNW,5.945000171661377,5.945000171661377,5.945000171661377,5.945000171661377,5.945000171661377,401.0
2024-08-01 10:20:00,XEL,57.76250076293945,57.76250076293945,57.775001525878906,57.650001525878906,57.650001525878906,10444.0
2024-08-01 10:21:00,AEP,98.55000305175781,98.55000305175781,98.56999969482422,98.5,98.52999877929688,4721.0
2024-08-01 10:21:00,AY,22.135000228881836,22.135000228881836,22.135000228881836,22.135000228881836,22.135000228881836,503.0
2024-08-01 10:21:00,CEG,187.99000549316406,187.99000549316406,188.6300048828125,187.7899932861328,188.6300048828125,11918.0
2024-08-01 10:21:00,EXC,37.380001068115234,37.380001068115234,37.459999084472656,37.36000061035156,37.44499969482422,23717.0
2024-08-01 10:21:00,FLNC,16.03499984741211,16.03499984741211,16.058000564575195,16.010000228881836,16.030000686645508,2751.0
2024-08-01 10:21:00,LNT,56.04999923706055,56.04999923706055,56.060001373291016,56.04999923706055,56.04999923706055,1236.0
2024-08-01 10:21:00,MNTK,5.889999866485596,5.889999866485596,5.889999866485596,5.889999866485596,5.889999866485596,545.0
2024-08-01 10:21:00,MSEX,65.66999816894531,65.66999816894531,65.66999816894531,65.66999816894531,65.66999816894531,226.0
2024-08-01 10:21:00,NFE,19.209999084472656,19.209999084472656,19.239999771118164,19.209999084472656,19.239999771118164,4898.0
2024-08-01 10:21:00,NWE,53.31999969482422,53.31999969482422,53.31999969482422,53.31999969482422,53.31999969482422,128.0
2024-08-01 10:21:00,RNW,5.945000171661377,5.945000171661377,5.945000171661377,5.945000171661377,5.945000171661377,301.0
2024-08-01 10:21:00,XEL,58.16999816894531,58.16999816894531,58.18000030517578,57.755001068115234,57.755001068115234,131807.0
2024-08-01 10:22:00,AEP,98.69000244140625,98.69000244140625,98.69000244140625,98.56999969482422,98.56999969482422,4293.0
2024-08-01 10:22:00,CDZI,3.6549999713897705,3.6549999713897705,3.6549999713897705,3.6549999713897705,3.6549999713897705,431.0
2024-08-01 10:22:00,CEG,187.4550018310547,187.4550018310547,188.07000732421875,187.35000610351562,188.07000732421875,8988.0
2024-08-01 10:22:00,EXC,37.584999084472656,37.584999084472656,37.599998474121094,37.404998779296875,37.404998779296875,20712.0
2024-08-01 10:22:00,FLNC,16.030000686645508,16.030000686645508,16.03499984741211,16.020000457763672,16.030000686645508,2215.0
2024-08-01 10:22:00,LNT,56.060001373291016,56.060001373291016,56.060001373291016,56.04499816894531,56.04499816894531,1500.0
2024-08-01 10:22:00,NFE,19.20199966430664,19.20199966430664,19.21500015258789,19.190000534057617,19.209999084472656,49507.0
2024-08-01 10:22:00,NWE,53.380001068115234,53.380001068115234,53.380001068115234,53.33000183105469,53.36000061035156,622.0
2024-08-01 10:22:00,OPAL,4.144999980926514,4.144999980926514,4.144999980926514,4.144999980926514,4.144999980926514,738.0
2024-08-01 10:22:00,RNW,5.945000171661377,5.945000171661377,5.945000171661377,5.945000171661377,5.945000171661377,200.0
2024-08-01 10:22:00,XEL,57.95000076293945,57.95000076293945,58.31999969482422,57.95000076293945,58.13999938964844,17672.0
2024-08-01 10:23:00,AEP,98.68000030517578,98.68000030517578,98.71939849853516,98.68000030517578,98.71939849853516,7778.0
2024-08-01 10:23:00,AY,22.1299991607666,22.1299991607666,22.1299991607666,22.1299991607666,22.1299991607666,1819.0
2024-08-01 10:23:00,CEG,187.9149932861328,187.9149932861328,188.08999633789062,187.49000549316406,187.49000549316406,18879.0
2024-08-01 10:23:00,EXC,37.540000915527344,37.540000915527344,37.54999923706055,37.529998779296875,37.53499984741211,11616.0
2024-08-01 10:23:00,FLNC,16.059999465942383,16.059999465942383,16.059999465942383,16.049999237060547,16.049999237060547,1359.0
2024-08-01 10:23:00,LNT,56.09000015258789,56.09000015258789,56.1150016784668,56.09000015258789,56.1150016784668,2696.0
2024-08-01 10:23:00,MSEX,65.70999908447266,65.70999908447266,65.70999908447266,65.70999908447266,65.70999908447266,1241.0
2024-08-01 10:23:00,NFE,19.18000030517578,19.18000030517578,19.18000030517578,19.18000030517578,19.18000030517578,3549.0
2024-08-01 10:23:00,NWE,53.380001068115234,53.380001068115234,53.380001068115234,53.380001068115234,53.380001068115234,301.0
2024-08-01 10:23:00,OTTR,95.5199966430664,95.5199966430664,95.5199966430664,95.5199966430664,95.5199966430664,617.0
2024-08-01 10:23:00,RNW,5.945000171661377,5.945000171661377,5.945000171661377,5.945000171661377,5.945000171661377,0.0
2024-08-01 10:23:00,XEL,58.119998931884766,58.119998931884766,58.189998626708984,58.119998931884766,58.189998626708984,34346.0
2024-08-01 10:24:00,AEP,98.68000030517578,98.68000030517578,98.68000030517578,98.61000061035156,98.62999725341797,3265.0
2024-08-01 10:24:00,CEG,188.3249969482422,188.3249969482422,188.3979949951172,187.9550018310547,188.00250244140625,10200.0
2024-08-01 10:24:00,EXC,37.470001220703125,37.470001220703125,37.540000915527344,37.470001220703125,37.5099983215332,8719.0
2024-08-01 10:24:00,FLNC,16.040000915527344,16.040000915527344,16.049999237060547,16.040000915527344,16.049999237060547,763.0
2024-08-01 10:24:00,LNT,56.06999969482422,56.06999969482422,56.084999084472656,56.06999969482422,56.084999084472656,1522.0
2024-08-01 10:24:00,MNTK,5.889999866485596,5.889999866485596,5.889999866485596,5.889999866485596,5.889999866485596,264.0
2024-08-01 10:24:00,NFE,19.184999465942383,19.184999465942383,19.21500015258789,19.174999237060547,19.174999237060547,3734.0
2024-08-01 10:24:00,NWE,53.34000015258789,53.34000015258789,53.34000015258789,53.34000015258789,53.34000015258789,810.0
2024-08-01 10:24:00,OTTR,95.5999984741211,95.5999984741211,95.5999984741211,95.5999984741211,95.5999984741211,328.0
2024-08-01 10:24:00,RNW,5.965000152587891,5.965000152587891,5.965000152587891,5.945000171661377,5.945000171661377,101743.0
2024-08-01 10:24:00,XEL,57.904998779296875,57.904998779296875,58.125,57.900001525878906,58.125,38824.0
2024-08-01 10:25:00,AEP,98.69000244140625,98.69000244140625,98.69000244140625,98.58999633789062,98.5999984741211,3197.0
2024-08-01 10:25:00,CEG,187.8773956298828,187.8773956298828,188.18499755859375,187.8773956298828,188.18499755859375,5780.0
2024-08-01 10:25:00,EXC,37.52000045776367,37.52000045776367,37.54999923706055,37.46500015258789,37.46500015258789,8729.0
2024-08-01 10:25:00,FLNC,16.059999465942383,16.059999465942383,16.059999465942383,16.030000686645508,16.030000686645508,744.0
2024-08-01 10:25:00,LNT,56.08000183105469,56.08000183105469,56.09000015258789,56.064998626708984,56.064998626708984,2395.0
2024-08-01 10:25:00,MNTK,5.889999866485596,5.889999866485596,5.889999866485596,5.889999866485596,5.889999866485596,670.0
2024-08-01 10:25:00,NFE,19.200000762939453,19.200000762939453,19.200000762939453,19.18000030517578,19.18000030517578,1760.0
2024-08-01 10:25:00,OTTR,95.36000061035156,95.36000061035156,95.36000061035156,95.36000061035156,95.36000061035156,118.0
2024-08-01 10:25:00,XEL,57.900001525878906,57.900001525878906,57.900001525878906,57.81999969482422,57.84000015258789,6967.0
2024-08-01 10:26:00,AEP,98.66000366210938,98.66000366210938,98.70999908447266,98.66000366210938,98.70999908447266,7243.0
2024-08-01 10:26:00,AY,22.135000228881836,22.135000228881836,22.139999389648438,22.135000228881836,22.139999389648438,561.0
2024-08-01 10:26:00,CEG,188.0,188.0,188.0800018310547,187.84620666503906,188.0800018310547,5679.0
2024-08-01 10:26:00,EXC,37.52000045776367,37.52000045776367,37.59000015258789,37.5099983215332,37.54999923706055,10964.0
2024-08-01 10:26:00,FLNC,16.03499984741211,16.03499984741211,16.040000915527344,16.020000457763672,16.03499984741211,1801.0
2024-08-01 10:26:00,LNT,56.06999969482422,56.06999969482422,56.119998931884766,56.06999969482422,56.09000015258789,3638.0
2024-08-01 10:26:00,MNTK,5.889999866485596,5.889999866485596,5.889999866485596,5.889999866485596,5.889999866485596,722.0
2024-08-01 10:26:00,NFE,19.209999084472656,19.209999084472656,19.21500015258789,19.15999984741211,19.170000076293945,6754.0
2024-08-01 10:26:00,OTTR,95.36000061035156,95.36000061035156,95.36000061035156,95.36000061035156,95.36000061035156,283.0
2024-08-01 10:26:00,RNW,5.96999979019165,5.96999979019165,5.96999979019165,5.96999979019165,5.96999979019165,308.0
2024-08-01 10:26:00,XEL,57.820098876953125,57.820098876953125,57.930999755859375,57.820098876953125,57.869998931884766,6987.0
2024-08-01 10:27:00,AEP,98.70500183105469,98.70500183105469,98.72000122070312,98.6500015258789,98.6500015258789,8291.0
2024-08-01 10:27:00,AY,22.135000228881836,22.135000228881836,22.135000228881836,22.135000228881836,22.135000228881836,157.0
2024-08-01 10:27:00,CEG,187.32000732421875,187.32000732421875,187.99000549316406,187.27999877929688,187.85000610351562,6914.0
2024-08-01 10:27:00,EXC,37.540000915527344,37.540000915527344,37.540000915527344,37.47999954223633,37.4900016784668,10818.0
2024-08-01 10:27:00,FLNC,16.049999237060547,16.049999237060547,16.049999237060547,16.020000457763672,16.020000457763672,6967.0
2024-08-01 10:27:00,LNT,56.09000015258789,56.09000015258789,56.09000015258789,56.060001373291016,56.060001373291016,1880.0
2024-08-01 10:27:00,MNTK,5.889999866485596,5.889999866485596,5.889999866485596,5.880000114440918,5.880000114440918,453.0
2024-08-01 10:27:00,NFE,19.219999313354492,19.219999313354492,19.219999313354492,19.209999084472656,19.209999084472656,894.0
2024-08-01 10:27:00,NWE,53.314998626708984,53.314998626708984,53.314998626708984,53.314998626708984,53.314998626708984,281.0
2024-08-01 10:27:00,XEL,57.849998474121094,57.849998474121094,57.849998474121094,57.779998779296875,57.79999923706055,3635.0
2024-08-01 10:28:00,AEP,98.73999786376953,98.73999786376953,98.76499938964844,98.70999908447266,98.76499938964844,2879.0
2024-08-01 10:28:00,AY,22.135000228881836,22.135000228881836,22.135000228881836,22.135000228881836,22.135000228881836,457.0
2024-08-01 10:28:00,CDZIP,15.930000305175781,15.930000305175781,15.930000305175781,15.930000305175781,15.930000305175781,0.0
2024-08-01 10:28:00,CEG,187.72999572753906,187.72999572753906,187.8300018310547,187.10000610351562,187.3000030517578,12825.0
2024-08-01 10:28:00,CWCO,28.65999984741211,28.65999984741211,28.670000076293945,28.65999984741211,28.670000076293945,615.0
2024-08-01 10:28:00,EXC,37.5099983215332,37.5099983215332,37.54999923706055,37.5,37.54999923706055,7020.0
2024-08-01 10:28:00,FLNC,16.020000457763672,16.020000457763672,16.059999465942383,16.020000457763672,16.059999465942383,2639.0
2024-08-01 10:28:00,LNT,56.06999969482422,56.06999969482422,56.08000183105469,56.05500030517578,56.08000183105469,2044.0
2024-08-01 10:28:00,MSEX,65.67500305175781,65.67500305175781,65.67500305175781,65.67500305175781,65.67500305175781,779.0
2024-08-01 10:28:00,NFE,19.170000076293945,19.170000076293945,19.260000228881836,19.170000076293945,19.260000228881836,8390.0
2024-08-01 10:28:00,NWE,53.279998779296875,53.279998779296875,53.279998779296875,53.279998779296875,53.279998779296875,884.0
2024-08-01 10:28:00,RNW,5.974999904632568,5.974999904632568,5.974999904632568,5.974999904632568,5.974999904632568,363.0
2024-08-01 10:28:00,XEL,57.93000030517578,57.93000030517578,57.930999755859375,57.849998474121094,57.93000030517578,6558.0
2024-08-01 10:29:00,AEP,98.73500061035156,98.73500061035156,98.74500274658203,98.70999908447266,98.74500274658203,2147.0
2024-08-01 10:29:00,CEG,187.53500366210938,187.53500366210938,187.74000549316406,187.27760314941406,187.74000549316406,7205.0
2024-08-01 10:29:00,CREG,0.960099995136261,0.960099995136261,0.960099995136261,0.9599999785423279,0.9599999785423279,33705.0
2024-08-01 10:29:00,EXC,37.459999084472656,37.459999084472656,37.51499938964844,37.459999084472656,37.5099983215332,7122.0
2024-08-01 10:29:00,FLNC,15.989999771118164,15.989999771118164,16.020000457763672,15.989999771118164,16.010000228881836,14768.0
2024-08-01 10:29:00,LNT,56.029998779296875,56.029998779296875,56.04999923706055,56.029998779296875,56.04999923706055,1952.0
2024-08-01 10:29:00,MNTK,5.889999866485596,5.889999866485596,5.900000095367432,5.869999885559082,5.869999885559082,3175.0
2024-08-01 10:29:00,NFE,19.18000030517578,19.18000030517578,19.18000030517578,19.170000076293945,19.170000076293945,801.0
2024-08-01 10:29:00,NWE,53.20000076293945,53.20000076293945,53.2400016784668,53.20000076293945,53.2400016784668,907.0
2024-08-01 10:29:00,XEL,57.94499969482422,57.94499969482422,57.95000076293945,57.900001525878906,57.935001373291016,2415.0
2024-08-01 10:29:00,YORW,41.470001220703125,41.470001220703125,41.470001220703125,41.470001220703125,41.470001220703125,1523.0
2024-08-01 10:30:00,AEP,98.80000305175781,98.80000305175781,98.8499984741211,98.7300033569336,98.75,4086.0
2024-08-01 10:30:00,CEG,187.5449981689453,187.5449981689453,187.70899963378906,187.38999938964844,187.47720336914062,9391.0
2024-08-01 10:30:00,EXC,37.52009963989258,37.52009963989258,37.525001525878906,37.45000076293945,37.45000076293945,3560.0
2024-08-01 10:30:00,FLNC,16.02899932861328,16.02899932861328,16.03499984741211,15.989999771118164,16.010000228881836,5740.0
2024-08-01 10:30:00,LNT,56.0099983215332,56.0099983215332,56.040000915527344,56.0099983215332,56.040000915527344,3459.0
2024-08-01 10:30:00,MNTK,5.888999938964844,5.888999938964844,5.900000095367432,5.888999938964844,5.900000095367432,2210.0
2024-08-01 10:30:00,NFE,19.21500015258789,19.21500015258789,19.219999313354492,19.200000762939453,19.200000762939453,2582.0
2024-08-01 10:30:00,NWE,53.13999938964844,53.13999938964844,53.17499923706055,53.13999938964844,53.17499923706055,692.0
2024-08-01 10:30:00,RNW,5.974999904632568,5.974999904632568,5.974999904632568,5.974999904632568,5.974999904632568,233.0
2024-08-01 10:30:00,XEL,57.97999954223633,57.97999954223633,58.02000045776367,57.97999954223633,57.97999954223633,4228.0
2024-08-01 10:31:00,AEP,98.8499984741211,98.8499984741211,98.8499984741211,98.78500366210938,98.8010025024414,2394.0
2024-08-01 10:31:00,AY,22.139999389648438,22.139999389648438,22.139999389648438,22.139999389648438,22.139999389648438,1505.0
2024-08-01 10:31:00,CEG,187.13999938964844,187.13999938964844,187.6649932861328,187.13999938964844,187.5449981689453,14692.0
2024-08-01 10:31:00,CWCO,28.690000534057617,28.690000534057617,28.690000534057617,28.690000534057617,28.690000534057617,230.0
2024-08-01 10:31:00,EXC,37.525001525878906,37.525001525878906,37.59000015258789,37.5099983215332,37.529998779296875,13914.0
2024-08-01 10:31:00,FLNC,15.970000267028809,15.970000267028809,16.010000228881836,15.960000038146973,16.010000228881836,7924.0
2024-08-01 10:31:00,LNT,56.02949905395508,56.02949905395508,56.02949905395508,56.02000045776367,56.02000045776367,834.0
2024-08-01 10:31:00,MNTK,5.900000095367432,5.900000095367432,5.900000095367432,5.889999866485596,5.900000095367432,6299.0
2024-08-01 10:31:00,NFE,19.172000885009766,19.172000885009766,19.225000381469727,19.172000885009766,19.219999313354492,2682.0
2024-08-01 10:31:00,OTTR,95.0,95.0,95.01000213623047,95.0,95.01000213623047,1813.0
2024-08-01 10:31:00,RNW,5.973999977111816,5.973999977111816,5.973999977111816,5.973999977111816,5.973999977111816,1196.0
2024-08-01 10:31:00,XEL,58.03499984741211,58.03499984741211,58.099998474121094,58.029998779296875,58.029998779296875,6555.0
2024-08-01 10:32:00,AEP,98.7699966430664,98.7699966430664,98.86000061035156,98.7699966430664,98.8499984741211,5845.0
2024-08-01 10:32:00,CEG,186.72000122070312,186.72000122070312,187.22000122070312,186.72000122070312,187.22000122070312,8819.0
2024-08-01 10:32:00,EXC,37.505001068115234,37.505001068115234,37.529998779296875,37.439998626708984,37.525001525878906,20140.0
2024-08-01 10:32:00,FLNC,16.0,16.0,16.0,15.960000038146973,15.989999771118164,3004.0
2024-08-01 10:32:00,LNT,55.970001220703125,55.970001220703125,56.029998779296875,55.970001220703125,56.029998779296875,3135.0
2024-08-01 10:32:00,NFE,19.18000030517578,19.18000030517578,19.18000030517578,19.170000076293945,19.18000030517578,2587.0
2024-08-01 10:32:00,NWE,53.0,53.0,53.08000183105469,53.0,53.08000183105469,948.0
2024-08-01 10:32:00,RNW,5.965000152587891,5.965000152587891,5.980000019073486,5.965000152587891,5.980000019073486,2270.0
2024-08-01 10:32:00,XEL,58.029998779296875,58.029998779296875,58.11000061035156,58.029998779296875,58.040000915527344,5334.0
2024-08-01 10:33:00,AEP,98.80999755859375,98.80999755859375,98.83999633789062,98.80999755859375,98.80999755859375,4239.0
2024-08-01 10:33:00,CDZIP,15.9399995803833,15.9399995803833,15.949999809265137,15.90999984741211,15.9399995803833,1391.0
2024-08-01 10:33:00,CEG,188.09500122070312,188.09500122070312,188.19000244140625,186.83299255371094,186.83299255371094,23857.0
2024-08-01 10:33:00,EXC,37.505001068115234,37.505001068115234,37.560001373291016,37.5,37.5,7992.0
2024-08-01 10:33:00,FLNC,16.049999237060547,16.049999237060547,16.049999237060547,16.0,16.0,3692.0
2024-08-01 10:33:00,LNT,55.91999816894531,55.91999816894531,55.970001220703125,55.91999816894531,55.959999084472656,4067.0
2024-08-01 10:33:00,MGEE,87.96499633789062,87.96499633789062,87.96499633789062,87.96499633789062,87.96499633789062,905.0
2024-08-01 10:33:00,NFE,19.229999542236328,19.229999542236328,19.229999542236328,19.190000534057617,19.190000534057617,3434.0
2024-08-01 10:33:00,NWE,53.0,53.0,53.02000045776367,53.0,53.02000045776367,1915.0
2024-08-01 10:33:00,OPAL,4.110000133514404,4.110000133514404,4.110000133514404,4.110000133514404,4.110000133514404,336.0
2024-08-01 10:33:00,RNW,5.965000152587891,5.965000152587891,5.96999979019165,5.965000152587891,5.96999979019165,3781.0
2024-08-01 10:33:00,WAVE,2.9040000438690186,2.9040000438690186,2.9040000438690186,2.9040000438690186,2.9040000438690186,459.0
2024-08-01 10:33:00,XEL,58.029998779296875,58.029998779296875,58.06999969482422,58.0,58.040000915527344,2944.0
2024-08-01 10:34:00,AEP,98.83000183105469,98.83000183105469,98.83000183105469,98.80999755859375,98.81999969482422,2545.0
2024-08-01 10:34:00,BNRG,0.777899980545044,0.777899980545044,0.777899980545044,0.777899980545044,0.777899980545044,16421.0
2024-08-01 10:34:00,CEG,187.77999877929688,187.77999877929688,188.22500610351562,187.6699981689453,188.22000122070312,14556.0
2024-08-01 10:34:00,EXC,37.529998779296875,37.529998779296875,37.55500030517578,37.52000045776367,37.525001525878906,8078.0
2024-08-01 10:34:00,FLNC,16.012800216674805,16.012800216674805,16.059999465942383,15.994999885559082,16.059999465942383,8302.0
2024-08-01 10:34:00,LNT,55.93000030517578,55.93000030517578,55.959999084472656,55.904998779296875,55.904998779296875,6631.0
2024-08-01 10:34:00,NFE,19.219999313354492,19.219999313354492,19.219999313354492,19.21380043029785,19.21380043029785,1923.0
2024-08-01 10:34:00,RNW,5.965000152587891,5.965000152587891,5.965000152587891,5.965000152587891,5.965000152587891,300.0
2024-08-01 10:34:00,XEL,58.0099983215332,58.0099983215332,58.09000015258789,57.91999816894531,58.06999969482422,8794.0
2024-08-01 10:35:00,AEP,98.84500122070312,98.84500122070312,98.86000061035156,98.83000183105469,98.8499984741211,3067.0
2024-08-01 10:35:00,AY,22.135000228881836,22.135000228881836,22.135000228881836,22.135000228881836,22.135000228881836,376.0
2024-08-01 10:35:00,CDZI,3.6500000953674316,3.6500000953674316,3.6500000953674316,3.6500000953674316,3.6500000953674316,202.0
2024-08-01 10:35:00,CEG,187.2899932861328,187.2899932861328,187.77999877929688,187.0,187.77499389648438,5201.0
2024-08-01 10:35:00,CWCO,28.5,28.5,28.65999984741211,28.5,28.65999984741211,1930.0
2024-08-01 10:35:00,EXC,37.53499984741211,37.53499984741211,37.540000915527344,37.525001525878906,37.540000915527344,1938.0
2024-08-01 10:35:00,FLNC,16.049999237060547,16.049999237060547,16.049999237060547,16.020000457763672,16.049999237060547,6101.0
2024-08-01 10:35:00,LNT,55.90679931640625,55.90679931640625,55.90679931640625,55.90679931640625,55.90679931640625,747.0
2024-08-01 10:35:00,MNTK,5.880000114440918,5.880000114440918,5.880000114440918,5.880000114440918,5.880000114440918,1058.0
2024-08-01 10:35:00,MSEX,65.67500305175781,65.67500305175781,65.67500305175781,65.67500305175781,65.67500305175781,237.0
2024-08-01 10:35:00,NFE,19.200000762939453,19.200000762939453,19.21940040588379,19.190099716186523,19.21940040588379,4866.0
2024-08-01 10:35:00,NWE,52.915000915527344,52.915000915527344,52.915000915527344,52.900001525878906,52.900001525878906,590.0
2024-08-01 10:35:00,XEL,57.959999084472656,57.959999084472656,58.0099983215332,57.910099029541016,58.0,5230.0
2024-08-01 10:36:00,AEP,98.76000213623047,98.76000213623047,98.83000183105469,98.76000213623047,98.83000183105469,3543.0
2024-08-01 10:36:00,AY,22.135000228881836,22.135000228881836,22.135000228881836,22.135000228881836,22.135000228881836,887.0
2024-08-01 10:36:00,CDZI,3.6500000953674316,3.6500000953674316,3.6500000953674316,3.6500000953674316,3.6500000953674316,217.0
2024-08-01 10:36:00,CEG,186.80499267578125,186.80499267578125,187.25999450683594,186.63400268554688,187.1300048828125,12034.0
2024-08-01 10:36:00,EXC,37.52000045776367,37.52000045776367,37.560001373291016,37.51499938964844,37.529998779296875,10064.0
2024-08-01 10:36:00,FLNC,16.0,16.0,16.030000686645508,16.0,16.030000686645508,6612.0
2024-08-01 10:36:00,LNT,55.900001525878906,55.900001525878906,55.93000030517578,55.900001525878906,55.904998779296875,3121.0
2024-08-01 10:36:00,MGEE,87.41000366210938,87.41000366210938,87.41000366210938,87.41000366210938,87.41000366210938,310.0
2024-08-01 10:36:00,MNTK,5.885000228881836,5.885000228881836,5.889999866485596,5.869999885559082,5.880000114440918,4118.0
2024-08-01 10:36:00,NFE,19.145000457763672,19.145000457763672,19.190000534057617,19.145000457763672,19.190000534057617,3188.0
2024-08-01 10:36:00,NWE,52.86000061035156,52.86000061035156,52.86000061035156,52.86000061035156,52.86000061035156,402.0
2024-08-01 10:36:00,OTTR,94.66500091552734,94.66500091552734,94.66500091552734,94.41000366210938,94.41000366210938,261.0
2024-08-01 10:36:00,RNW,5.954999923706055,5.954999923706055,5.960000038146973,5.954999923706055,5.960000038146973,1317.0
2024-08-01 10:36:00,XEL,57.63999938964844,57.63999938964844,57.939998626708984,57.560001373291016,57.939998626708984,11301.0
2024-08-01 10:37:00,AEP,98.72000122070312,98.72000122070312,98.7300033569336,98.70500183105469,98.70500183105469,1687.0
2024-08-01 10:37:00,AY,22.135000228881836,22.135000228881836,22.135000228881836,22.1299991607666,22.1299991607666,7282.0
2024-08-01 10:37:00,CEG,186.40499877929688,186.40499877929688,186.5800018310547,186.38999938964844,186.5800018310547,7780.0
2024-08-01 10:37:00,EXC,37.470001220703125,37.470001220703125,37.51499938964844,37.459999084472656,37.5099983215332,18211.0
2024-08-01 10:37:00,FLNC,15.949999809265137,15.949999809265137,15.984999656677246,15.9399995803833,15.984999656677246,3894.0
2024-08-01 10:37:00,LNT,55.86000061035156,55.86000061035156,55.880001068115234,55.86000061035156,55.880001068115234,6805.0
2024-08-01 10:37:00,MNTK,5.889999866485596,5.889999866485596,5.889999866485596,5.860000133514404,5.860000133514404,4009.0
2024-08-01 10:37:00,NFE,19.135000228881836,19.135000228881836,19.151500701904297,19.1299991607666,19.139999389648438,7145.0
2024-08-01 10:37:00,NWE,52.84000015258789,52.84000015258789,52.869998931884766,52.84000015258789,52.84000015258789,953.0
2024-08-01 10:37:00,OTTR,94.38999938964844,94.38999938964844,94.38999938964844,94.38999938964844,94.38999938964844,738.0
2024-08-01 10:37:00,RNW,5.949999809265137,5.949999809265137,5.954999923706055,5.945000171661377,5.954999923706055,8334.0
2024-08-01 10:37:00,XEL,57.7400016784668,57.7400016784668,57.77000045776367,57.63999938964844,57.63999938964844,7022.0
2024-08-01 10:38:00,AEP,98.7300033569336,98.7300033569336,98.7300033569336,98.64099884033203,98.69999694824219,3839.0
2024-08-01 10:38:00,ARTNA,38.847999572753906,38.847999572753906,38.847999572753906,38.847999572753906,38.847999572753906,1366.0
2024-08-01 10:38:00,AY,22.135000228881836,22.135000228881836,22.135000228881836,22.135000228881836,22.135000228881836,880.0
2024-08-01 10:38:00,CEG,186.61000061035156,186.61000061035156,187.0800018310547,185.9499969482422,186.5,18265.0
2024-08-01 10:38:00,CWCO,28.510000228881836,28.510000228881836,28.56999969482422,28.5049991607666,28.56999969482422,654.0
2024-08-01 10:38:00,EXC,37.474998474121094,37.474998474121094,37.47760009765625,37.459999084472656,37.474998474121094,6783.0
2024-08-01 10:38:00,FLNC,16.05500030517578,16.05500030517578,16.05500030517578,15.9399995803833,15.9399995803833,3067.0
2024-08-01 10:38:00,LNT,55.880001068115234,55.880001068115234,55.880001068115234,55.83000183105469,55.849998474121094,7701.0
2024-08-01 10:38:00,MGEE,87.55000305175781,87.55000305175781,87.55000305175781,87.47000122070312,87.47000122070312,918.0
2024-08-01 10:38:00,MNTK,5.889999866485596,5.889999866485596,5.894999980926514,5.889999866485596,5.894999980926514,1844.0
2024-08-01 10:38:00,MSEX,64.88999938964844,64.88999938964844,65.3499984741211,64.88999938964844,65.3499984741211,1036.0
2024-08-01 10:38:00,NFE,19.190000534057617,19.190000534057617,19.190000534057617,19.139999389648438,19.139999389648438,3941.0
2024-08-01 10:38:00,NWE,52.880001068115234,52.880001068115234,52.880001068115234,52.7599983215332,52.7599983215332,2630.0
2024-08-01 10:38:00,RNW,5.960000038146973,5.960000038146973,5.960000038146973,5.960000038146973,5.960000038146973,236.0
2024-08-01 10:38:00,XEL,57.630001068115234,57.630001068115234,57.74570083618164,57.630001068115234,57.72999954223633,3166.0
2024-08-01 10:39:00,AEP,98.69999694824219,98.69999694824219,98.73999786376953,98.69000244140625,98.73999786376953,2096.0
2024-08-01 10:39:00,AY,22.135000228881836,22.135000228881836,22.135000228881836,22.135000228881836,22.135000228881836,562.0
2024-08-01 10:39:00,CEG,186.49000549316406,186.49000549316406,186.8159942626953,186.22999572753906,186.8000030517578,6961.0
2024-08-01 10:39:00,CWCO,28.459999084472656,28.459999084472656,28.459999084472656,28.459999084472656,28.459999084472656,125.0
2024-08-01 10:39:00,EXC,37.5,37.5,37.525001525878906,37.474998474121094,37.4900016784668,16867.0
2024-08-01 10:39:00,FLNC,16.014999389648438,16.014999389648438,16.049999237060547,16.0,16.049999237060547,3991.0
2024-08-01 10:39:00,LNT,55.8650016784668,55.8650016784668,55.869998931884766,55.8650016784668,55.869998931884766,592.0
2024-08-01 10:39:00,NFE,19.15999984741211,19.15999984741211,19.18000030517578,19.15999984741211,19.18000030517578,2224.0
2024-08-01 10:39:00,OPAL,4.099999904632568,4.099999904632568,4.099999904632568,4.099999904632568,4.099999904632568,442.0
2024-08-01 10:39:00,XEL,57.5,57.5,57.599998474121094,57.5,57.59260177612305,4012.0
2024-08-01 10:40:00,AEP,98.63999938964844,98.63999938964844,98.72000122070312,98.63999938964844,98.69999694824219,2556.0
2024-08-01 10:40:00,AY,22.135000228881836,22.135000228881836,22.135000228881836,22.135000228881836,22.135000228881836,200.0
2024-08-01 10:40:00,CEG,186.4149932861328,186.4149932861328,186.61500549316406,186.27499389648438,186.49000549316406,5793.0
2024-08-01 10:40:00,EXC,37.459999084472656,37.459999084472656,37.494998931884766,37.459999084472656,37.48500061035156,5347.0
2024-08-01 10:40:00,FLNC,16.0049991607666,16.0049991607666,16.019899368286133,15.989999771118164,15.989999771118164,1325.0
2024-08-01 10:40:00,LNT,55.880001068115234,55.880001068115234,55.88999938964844,55.869998931884766,55.869998931884766,4759.0
2024-08-01 10:40:00,NFE,19.135000228881836,19.135000228881836,19.149999618530273,19.135000228881836,19.149999618530273,1405.0
2024-08-01 10:40:00,NWE,52.875,52.875,52.875,52.875,52.875,355.0
2024-08-01 10:40:00,XEL,57.290000915527344,57.290000915527344,57.42499923706055,57.25,57.41999816894531,4831.0
2024-08-01 10:41:00,AEP,98.56999969482422,98.56999969482422,98.62000274658203,98.56999969482422,98.62000274658203,2218.0
2024-08-01 10:41:00,AY,22.135000228881836,22.135000228881836,22.135000228881836,22.135000228881836,22.135000228881836,1.0
2024-08-01 10:41:00,CEG,185.94500732421875,185.94500732421875,186.46279907226562,185.89999389648438,186.46279907226562,4617.0
2024-08-01 10:41:00,EXC,37.41999816894531,37.41999816894531,37.45000076293945,37.41999816894531,37.44499969482422,4785.0
2024-08-01 10:41:00,FLNC,16.0049991607666,16.0049991607666,16.0049991607666,15.989999771118164,16.0049991607666,2978.0
2024-08-01 10:41:00,MNTK,5.88700008392334,5.88700008392334,5.889999866485596,5.88700008392334,5.889900207519531,5454.0
2024-08-01 10:41:00,NFE,19.139999389648438,19.139999389648438,19.139999389648438,19.1200008392334,19.1299991607666,4125.0
2024-08-01 10:41:00,NWE,52.88999938964844,52.88999938964844,52.88999938964844,52.88999938964844,52.88999938964844,141.0
2024-08-01 10:41:00,OTTR,94.48999786376953,94.48999786376953,94.58000183105469,94.37000274658203,94.41999816894531,963.0
2024-08-01 10:41:00,XEL,57.310001373291016,57.310001373291016,57.41999816894531,57.29499816894531,57.29499816894531,6141.0
2024-08-01 10:42:00,ADN,4.420000076293945,4.420000076293945,4.420000076293945,4.420000076293945,4.420000076293945,326.0
2024-08-01 10:42:00,AEP,98.7074966430664,98.7074966430664,98.7074966430664,98.55999755859375,98.55999755859375,8975.0
2024-08-01 10:42:00,AY,22.135000228881836,22.135000228881836,22.135000228881836,22.135000228881836,22.135000228881836,449.0
2024-08-01 10:42:00,CEG,185.60000610351562,185.60000610351562,185.89999389648438,185.55999755859375,185.89999389648438,3242.0
2024-08-01 10:42:00,EXC,37.4900016784668,37.4900016784668,37.4900016784668,37.41999816894531,37.41999816894531,6239.0
2024-08-01 10:42:00,FLNC,15.989999771118164,15.989999771118164,16.020000457763672,15.989999771118164,16.020000457763672,880.0
2024-08-01 10:42:00,LNT,55.88999938964844,55.88999938964844,55.88999938964844,55.869998931884766,55.869998931884766,2450.0
2024-08-01 10:42:00,MNTK,5.889999866485596,5.889999866485596,5.889999866485596,5.889999866485596,5.889999866485596,424.0
2024-08-01 10:42:00,MSEX,65.34500122070312,65.34500122070312,65.37000274658203,65.12999725341797,65.12999725341797,470.0
2024-08-01 10:42:00,NFE,19.139999389648438,19.139999389648438,19.139999389648438,19.1299991607666,19.139999389648438,3722.0
2024-08-01 10:42:00,NWE,52.900001525878906,52.900001525878906,52.900001525878906,52.900001525878906,52.900001525878906,606.0
2024-08-01 10:42:00,OPAL,4.079999923706055,4.079999923706055,4.079999923706055,4.079999923706055,4.079999923706055,509.0
2024-08-01 10:42:00,OTTR,94.51499938964844,94.51499938964844,94.51499938964844,94.51499938964844,94.51499938964844,1087.0
2024-08-01 10:42:00,XEL,57.47999954223633,57.47999954223633,57.5,57.33000183105469,57.33000183105469,7866.0
2024-08-01 10:43:00,AEP,98.7300033569336,98.7300033569336,98.75499725341797,98.7300033569336,98.74500274658203,18487.0
2024-08-01 10:43:00,CDZI,3.6500000953674316,3.6500000953674316,3.6500000953674316,3.6500000953674316,3.6500000953674316,226.0
2024-08-01 10:43:00,CEG,185.48500061035156,185.48500061035156,185.63999938964844,185.2845001220703,185.60000610351562,13817.0
2024-08-01 10:43:00,EXC,37.5,37.5,37.51499938964844,37.494998931884766,37.494998931884766,12139.0
2024-08-01 10:43:00,FLNC,15.960000038146973,15.960000038146973,15.989800453186035,15.9399995803833,15.989800453186035,3519.0
2024-08-01 10:43:00,LNT,55.93000030517578,55.93000030517578,55.93000030517578,55.90999984741211,55.90999984741211,1659.0
2024-08-01 10:43:00,NFE,19.110000610351562,19.110000610351562,19.139999389648438,19.100000381469727,19.139999389648438,9794.0
2024-08-01 10:43:00,NWE,52.900001525878906,52.900001525878906,52.91999816894531,52.900001525878906,52.900001525878906,862.0
2024-08-01 10:43:00,XEL,57.540000915527344,57.540000915527344,57.56999969482422,57.52000045776367,57.529998779296875,6055.0
2024-08-01 10:44:00,AEP,98.7699966430664,98.7699966430664,98.80000305175781,98.72989654541016,98.72989654541016,8798.0
2024-08-01 10:44:00,AY,22.13360023498535,22.13360023498535,22.135000228881836,22.131799697875977,22.133699417114258,857.0
2024-08-01 10:44:00,CEG,185.6300048828125,185.6300048828125,185.85000610351562,185.42999267578125,185.6999969482422,4275.0
2024-08-01 10:44:00,EXC,37.56999969482422,37.56999969482422,37.599998474121094,37.4900016784668,37.494998931884766,17302.0
2024-08-01 10:44:00,FLNC,15.960000038146973,15.960000038146973,16.0,15.944999694824219,15.960000038146973,5232.0
2024-08-01 10:44:00,LNT,55.970001220703125,55.970001220703125,55.970001220703125,55.92499923706055,55.93000030517578,6752.0
2024-08-01 10:44:00,MSEX,65.18499755859375,65.18499755859375,65.18499755859375,65.18499755859375,65.18499755859375,311.0
2024-08-01 10:44:00,NFE,19.110000610351562,19.110000610351562,19.1200008392334,19.110000610351562,19.110000610351562,2252.0
2024-08-01 10:44:00,NWE,52.94499969482422,52.94499969482422,52.970001220703125,52.88999938964844,52.88999938964844,2879.0
2024-08-01 10:44:00,XEL,57.5,57.5,57.56999969482422,57.459999084472656,57.560001373291016,7891.0
2024-08-01 10:45:00,AEP,98.7300033569336,98.7300033569336,98.76000213623047,98.7300033569336,98.75,1777.0
2024-08-01 10:45:00,CEG,184.9550018310547,184.9550018310547,185.52999877929688,184.77999877929688,185.52999877929688,5146.0
2024-08-01 10:45:00,EXC,37.5099983215332,37.5099983215332,37.56949996948242,37.5099983215332,37.564998626708984,8940.0
2024-08-01 10:45:00,FLNC,15.970000267028809,15.970000267028809,15.989999771118164,15.970000267028809,15.989999771118164,899.0
2024-08-01 10:45:00,LNT,55.959999084472656,55.959999084472656,55.97999954223633,55.959999084472656,55.959999084472656,3930.0
2024-08-01 10:45:00,MSEX,65.43499755859375,65.43499755859375,65.43499755859375,65.43499755859375,65.43499755859375,934.0
2024-08-01 10:45:00,NFE,19.100000381469727,19.100000381469727,19.110000610351562,19.09000015258789,19.110000610351562,5313.0
2024-08-01 10:45:00,OPAL,4.065000057220459,4.065000057220459,4.065000057220459,4.059999942779541,4.059999942779541,643.0
2024-08-01 10:45:00,XEL,57.32500076293945,57.32500076293945,57.4900016784668,57.32500076293945,57.4900016784668,3875.0
2024-08-01 10:46:00,ADN,4.400000095367432,4.400000095367432,4.400000095367432,4.400000095367432,4.400000095367432,1422.0
2024-08-01 10:46:00,AEP,98.95999908447266,98.95999908447266,98.95999908447266,98.76000213623047,98.76000213623047,17004.0
2024-08-01 10:46:00,CEG,185.19630432128906,185.19630432128906,185.19630432128906,184.82000732421875,185.02000427246094,9140.0
2024-08-01 10:46:00,EXC,37.56999969482422,37.56999969482422,37.59000015258789,37.505001068115234,37.505001068115234,15579.0
2024-08-01 10:46:00,FLNC,15.970000267028809,15.970000267028809,15.970000267028809,15.970000267028809,15.970000267028809,2867.0
2024-08-01 10:46:00,LNT,56.04999923706055,56.04999923706055,56.04999923706055,55.970001220703125,55.970001220703125,11084.0
2024-08-01 10:46:00,MGEE,87.72000122070312,87.72000122070312,87.72000122070312,87.72000122070312,87.72000122070312,542.0
2024-08-01 10:46:00,NFE,19.104999542236328,19.104999542236328,19.110000610351562,19.100000381469727,19.100000381469727,3711.0
2024-08-01 10:46:00,NWE,52.95500183105469,52.95500183105469,52.95500183105469,52.95500183105469,52.95500183105469,1731.0
2024-08-01 10:46:00,XEL,57.52000045776367,57.52000045776367,57.52000045776367,57.2599983215332,57.349998474121094,40849.0
2024-08-01 10:47:00,AEP,98.94000244140625,98.94000244140625,98.94000244140625,98.94000244140625,98.94000244140625,2085.0
2024-08-01 10:47:00,AY,22.13360023498535,22.13360023498535,22.13360023498535,22.13360023498535,22.13360023498535,396.0
2024-08-01 10:47:00,CEG,184.5,184.5,184.72000122070312,184.5,184.5850067138672,10314.0
2024-08-01 10:47:00,CREG,0.8999999761581421,0.8999999761581421,0.8999999761581421,0.8999999761581421,0.8999999761581421,0.0
2024-08-01 10:47:00,EXC,37.6150016784668,37.6150016784668,37.630001068115234,37.60499954223633,37.60499954223633,10606.0
2024-08-01 10:47:00,FLNC,16.020000457763672,16.020000457763672,16.020000457763672,15.949999809265137,15.960000038146973,4104.0
2024-08-01 10:47:00,LNT,56.060001373291016,56.060001373291016,56.060001373291016,56.060001373291016,56.060001373291016,1689.0
2024-08-01 10:47:00,NFE,19.139999389648438,19.139999389648438,19.139999389648438,19.110000610351562,19.110000610351562,3974.0
2024-08-01 10:47:00,OPAL,4.065000057220459,4.065000057220459,4.065000057220459,4.065000057220459,4.065000057220459,301.0
2024-08-01 10:47:00,RNW,5.96999979019165,5.96999979019165,5.96999979019165,5.96999979019165,5.96999979019165,2457.0
2024-08-01 10:47:00,XEL,57.5099983215332,57.5099983215332,57.5099983215332,57.45000076293945,57.474998474121094,2540.0
2024-08-01 10:48:00,AEP,98.91000366210938,98.91000366210938,98.95999908447266,98.9000015258789,98.95919799804688,4657.0
2024-08-01 10:48:00,AY,22.135000228881836,22.135000228881836,22.139999389648438,22.135000228881836,22.139999389648438,1089.0
2024-08-01 10:48:00,CEG,184.375,184.375,184.65499877929688,184.0,184.64500427246094,20043.0
2024-08-01 10:48:00,CWCO,28.290000915527344,28.290000915527344,28.459999084472656,28.290000915527344,28.459999084472656,1317.0
2024-08-01 10:48:00,EXC,37.584999084472656,37.584999084472656,37.650001525878906,37.56999969482422,37.61000061035156,13278.0
2024-08-01 10:48:00,FLNC,15.949999809265137,15.949999809265137,16.010000228881836,15.949999809265137,15.989999771118164,2259.0
2024-08-01 10:48:00,LNT,56.02000045776367,56.02000045776367,56.06999969482422,56.02000045776367,56.06999969482422,6188.0
2024-08-01 10:48:00,MGEE,87.7750015258789,87.7750015258789,87.82499694824219,87.6500015258789,87.82499694824219,1002.0
2024-08-01 10:48:00,MNTK,5.869999885559082,5.869999885559082,5.880000114440918,5.864999771118164,5.880000114440918,1434.0
2024-08-01 10:48:00,MSEX,65.29000091552734,65.29000091552734,65.29000091552734,65.29000091552734,65.29000091552734,593.0
2024-08-01 10:48:00,NFE,19.1299991607666,19.1299991607666,19.139999389648438,19.1200008392334,19.139999389648438,1997.0
2024-08-01 10:48:00,NWE,52.97999954223633,52.97999954223633,53.029998779296875,52.97999954223633,53.0,2899.0
2024-08-01 10:48:00,RNW,5.960000038146973,5.960000038146973,5.960000038146973,5.960000038146973,5.960000038146973,2191.0
2024-08-01 10:48:00,XEL,57.439998626708984,57.439998626708984,57.47999954223633,57.38999938964844,57.470001220703125,6954.0
2024-08-01 10:49:00,AEP,98.8499984741211,98.8499984741211,98.86000061035156,98.8499984741211,98.86000061035156,1655.0
2024-08-01 10:49:00,CDZI,3.640000104904175,3.640000104904175,3.6500000953674316,3.640000104904175,3.6500000953674316,769.0
2024-08-01 10:49:00,CEG,184.40499877929688,184.40499877929688,184.7899932861328,184.30999755859375,184.44000244140625,16625.0
2024-08-01 10:49:00,EXC,37.59000015258789,37.59000015258789,37.619998931884766,37.584999084472656,37.584999084472656,12902.0
2024-08-01 10:49:00,FLNC,15.930000305175781,15.930000305175781,15.954999923706055,15.920000076293945,15.954999923706055,2928.0
2024-08-01 10:49:00,LNT,56.0099983215332,56.0099983215332,56.02000045776367,56.005001068115234,56.0099983215332,2567.0
2024-08-01 10:49:00,NFE,19.139999389648438,19.139999389648438,19.139999389648438,19.110000610351562,19.1200008392334,5269.0
2024-08-01 10:49:00,WAVE,2.850100040435791,2.850100040435791,2.850100040435791,2.850100040435791,2.850100040435791,1357.0
2024-08-01 10:49:00,XEL,57.400001525878906,57.400001525878906,57.43000030517578,57.33000183105469,57.380001068115234,6245.0
2024-08-01 10:50:00,AEP,98.83999633789062,98.83999633789062,98.87999725341797,98.81999969482422,98.84500122070312,4873.0
2024-08-01 10:50:00,AY,22.135000228881836,22.135000228881836,22.135000228881836,22.135000228881836,22.135000228881836,263.0
2024-08-01 10:50:00,BNRG,0.7599999904632568,0.7599999904632568,0.7599999904632568,0.7599999904632568,0.7599999904632568,21.0
2024-08-01 10:50:00,CEG,185.02999877929688,185.02999877929688,185.22000122070312,184.40499877929688,184.40499877929688,13801.0
2024-08-01 10:50:00,EXC,37.564998626708984,37.564998626708984,37.6150016784668,37.55500030517578,37.58000183105469,25992.0
2024-08-01 10:50:00,FLNC,16.010000228881836,16.010000228881836,16.010000228881836,15.90999984741211,15.90999984741211,2574.0
2024-08-01 10:50:00,HTOO,0.8192999958992004,0.8192999958992004,0.8192999958992004,0.8192999958992004,0.8192999958992004,2522.0
2024-08-01 10:50:00,LNT,55.97999954223633,55.97999954223633,56.0,55.974998474121094,56.0,7602.0
2024-08-01 10:50:00,MNTK,5.849999904632568,5.849999904632568,5.849999904632568,5.849999904632568,5.849999904632568,1302.0
2024-08-01 10:50:00,NFE,19.17799949645996,19.17799949645996,19.17799949645996,19.149999618530273,19.149999618530273,1547.0
2024-08-01 10:50:00,RNW,5.96999979019165,5.96999979019165,5.96999979019165,5.959499835968018,5.959499835968018,971.0
2024-08-01 10:50:00,XEL,57.52000045776367,57.52000045776367,57.54999923706055,57.3650016784668,57.3650016784668,14173.0
2024-08-01 10:51:00,AEP,98.69000244140625,98.69000244140625,98.83999633789062,98.69000244140625,98.81999969482422,2331.0
2024-08-01 10:51:00,CEG,184.7729949951172,184.7729949951172,185.02999877929688,184.27520751953125,185.02999877929688,17440.0
2024-08-01 10:51:00,EXC,37.525001525878906,37.525001525878906,37.57500076293945,37.51499938964844,37.56999969482422,9544.0
2024-08-01 10:51:00,FLNC,15.96500015258789,15.96500015258789,16.0,15.953499794006348,16.0,5564.0
2024-08-01 10:51:00,LNT,55.93000030517578,55.93000030517578,55.959999084472656,55.93000030517578,55.959999084472656,609.0
2024-08-01 10:51:00,MGEE,87.47000122070312,87.47000122070312,87.47000122070312,87.47000122070312,87.47000122070312,322.0
2024-08-01 10:51:00,NFE,19.149999618530273,19.149999618530273,19.170000076293945,19.149999618530273,19.170000076293945,2313.0
2024-08-01 10:51:00,NWE,52.86000061035156,52.86000061035156,52.86000061035156,52.86000061035156,52.86000061035156,180.0
2024-08-01 10:51:00,OPAL,4.039999961853027,4.039999961853027,4.039999961853027,4.039999961853027,4.039999961853027,366.0
2024-08-01 10:51:00,OTTR,94.5,94.5,94.5,94.5,94.5,638.0
2024-08-01 10:51:00,RNW,5.965000152587891,5.965000152587891,5.965000152587891,5.965000152587891,5.965000152587891,1.0
2024-08-01 10:51:00,XEL,57.470001220703125,57.470001220703125,57.52000045776367,57.45000076293945,57.494998931884766,9368.0
2024-08-01 10:52:00,AEP,98.58999633789062,98.58999633789062,98.67500305175781,98.58999633789062,98.67500305175781,4164.0
2024-08-01 10:52:00,AY,22.135000228881836,22.135000228881836,22.135000228881836,22.135000228881836,22.135000228881836,219.0
2024-08-01 10:52:00,CEG,184.1199951171875,184.1199951171875,184.67999267578125,184.1199951171875,184.6649932861328,4940.0
2024-08-01 10:52:00,EXC,37.46500015258789,37.46500015258789,37.525001525878906,37.46500015258789,37.525001525878906,8031.0
2024-08-01 10:52:00,FLNC,15.949999809265137,15.949999809265137,15.970000267028809,15.949999809265137,15.970000267028809,1659.0
2024-08-01 10:52:00,LNT,55.880001068115234,55.880001068115234,55.91999816894531,55.880001068115234,55.91999816894531,3041.0
2024-08-01 10:52:00,MSEX,65.25,65.25,65.3499984741211,65.25,65.3499984741211,1093.0
2024-08-01 10:52:00,NFE,19.139999389648438,19.139999389648438,19.159299850463867,19.139999389648438,19.149999618530273,2713.0
2024-08-01 10:52:00,NWE,52.81999969482422,52.81999969482422,52.81999969482422,52.81999969482422,52.81999969482422,1340.0
2024-08-01 10:52:00,RNW,5.960000038146973,5.960000038146973,5.9629998207092285,5.960000038146973,5.96019983291626,1368.0
2024-08-01 10:52:00,XEL,57.38999938964844,57.38999938964844,57.45000076293945,57.38999938964844,57.45000076293945,3925.0
2024-08-01 10:53:00,AEP,98.66000366210938,98.66000366210938,98.66000366210938,98.56999969482422,98.56999969482422,2158.0
2024-08-01 10:53:00,AY,22.13010025024414,22.13010025024414,22.13010025024414,22.13010025024414,22.13010025024414,642.0
2024-08-01 10:53:00,CEG,184.19000244140625,184.19000244140625,184.67999267578125,184.19000244140625,184.44000244140625,4074.0
2024-08-01 10:53:00,EXC,37.47999954223633,37.47999954223633,37.505001068115234,37.459999084472656,37.46500015258789,5387.0
2024-08-01 10:53:00,FLNC,15.949999809265137,15.949999809265137,15.949999809265137,15.9350004196167,15.9350004196167,1494.0
2024-08-01 10:53:00,LNT,55.91999816894531,55.91999816894531,55.91999816894531,55.880001068115234,55.88999938964844,4481.0
2024-08-01 10:53:00,MGEE,87.30999755859375,87.30999755859375,87.30999755859375,87.30999755859375,87.30999755859375,121.0
2024-08-01 10:53:00,NFE,19.1299991607666,19.1299991607666,19.1299991607666,19.1299991607666,19.1299991607666,595.0
2024-08-01 10:53:00,NWE,52.86000061035156,52.86000061035156,52.86000061035156,52.83000183105469,52.83000183105469,2382.0
2024-08-01 10:53:00,RNW,5.960000038146973,5.960000038146973,5.960000038146973,5.960000038146973,5.960000038146973,321.0
2024-08-01 10:53:00,XEL,57.444000244140625,57.444000244140625,57.444000244140625,57.41999816894531,57.41999816894531,1527.0
2024-08-01 10:54:00,AEP,98.76000213623047,98.76000213623047,98.76000213623047,98.65499877929688,98.66000366210938,2714.0
2024-08-01 10:54:00,AY,22.135000228881836,22.135000228881836,22.135000228881836,22.135000228881836,22.135000228881836,403.0
2024-08-01 10:54:00,CEG,184.4550018310547,184.4550018310547,184.60000610351562,184.10000610351562,184.35000610351562,7031.0
2024-08-01 10:54:00,EXC,37.573001861572266,37.573001861572266,37.573001861572266,37.4900016784668,37.4900016784668,13962.0
2024-08-01 10:54:00,FLNC,15.9399995803833,15.9399995803833,15.960000038146973,15.9399995803833,15.960000038146973,1251.0
2024-08-01 10:54:00,GWRS,12.899999618530273,12.899999618530273,12.899999618530273,12.899999618530273,12.899999618530273,2215.0
2024-08-01 10:54:00,LNT,55.95000076293945,55.95000076293945,55.959999084472656,55.91999816894531,55.91999816894531,4779.0
2024-08-01 10:54:00,MNTK,5.800000190734863,5.800000190734863,5.800000190734863,5.800000190734863,5.800000190734863,961.0
2024-08-01 10:54:00,NFE,19.139999389648438,19.139999389648438,19.149999618530273,19.1299991607666,19.1299991607666,1873.0
2024-08-01 10:54:00,OTTR,94.5,94.5,94.5,94.5,94.5,488.0
2024-08-01 10:54:00,XEL,57.400001525878906,57.400001525878906,57.470001220703125,57.349998474121094,57.459999084472656,12225.0
2024-08-01 10:55:00,AEP,98.78500366210938,98.78500366210938,98.81999969482422,98.77010345458984,98.77999877929688,2735.0
2024-08-01 10:55:00,CEG,184.39999389648438,184.39999389648438,184.52999877929688,184.1999969482422,184.4550018310547,6992.0
2024-08-01 10:55:00,EXC,37.60499954223633,37.60499954223633,37.619998931884766,37.595001220703125,37.595001220703125,9625.0
2024-08-01 10:55:00,FLNC,15.979999542236328,15.979999542236328,15.979999542236328,15.9399995803833,15.949999809265137,2936.0
2024-08-01 10:55:00,LNT,56.0099983215332,56.0099983215332,56.0099983215332,55.97999954223633,55.97999954223633,458.0
2024-08-01 10:55:00,NFE,19.139999389648438,19.139999389648438,19.149999618530273,19.139999389648438,19.139999389648438,1617.0
2024-08-01 10:55:00,OPAL,4.039999961853027,4.039999961853027,4.039999961853027,4.039999961853027,4.039999961853027,201.0
2024-08-01 10:55:00,RNW,5.960000038146973,5.960000038146973,5.965000152587891,5.960000038146973,5.965000152587891,1398.0
2024-08-01 10:55:00,XEL,57.5,57.5,57.5,57.459999084472656,57.470001220703125,3298.0
2024-08-01 10:56:00,AEP,98.80999755859375,98.80999755859375,98.86000061035156,98.78500366210938,98.78500366210938,4377.0
2024-08-01 10:56:00,AY,22.135000228881836,22.135000228881836,22.135000228881836,22.1299991607666,22.135000228881836,4561.0
2024-08-01 10:56:00,CEG,185.1699981689453,185.1699981689453,185.1699981689453,184.5,184.58999633789062,7281.0
2024-08-01 10:56:00,CWCO,28.25,28.25,28.25,28.25,28.25,179.0
2024-08-01 10:56:00,EXC,37.595001220703125,37.595001220703125,37.61000061035156,37.595001220703125,37.60499954223633,3865.0
2024-08-01 10:56:00,FLNC,16.010000228881836,16.010000228881836,16.010000228881836,15.949999809265137,15.960000038146973,3135.0
2024-08-01 10:56:00,LNT,56.02000045776367,56.02000045776367,56.02000045776367,56.0,56.0,1606.0
2024-08-01 10:56:00,MGEE,87.37999725341797,87.37999725341797,87.37999725341797,87.37999725341797,87.37999725341797,525.0
2024-08-01 10:56:00,MSEX,65.43000030517578,65.43000030517578,65.43000030517578,65.25499725341797,65.25499725341797,656.0
2024-08-01 10:56:00,NFE,19.170000076293945,19.170000076293945,19.170000076293945,19.149999618530273,19.15999984741211,3341.0
2024-08-01 10:56:00,OTTR,94.41999816894531,94.41999816894531,94.41999816894531,94.41999816894531,94.41999816894531,560.0
2024-08-01 10:56:00,RNW,5.965000152587891,5.965000152587891,5.965000152587891,5.965000152587891,5.965000152587891,521.0
2024-08-01 10:56:00,XEL,57.40999984741211,57.40999984741211,57.45500183105469,57.369998931884766,57.41999816894531,15443.0
2024-08-01 10:57:00,AEP,98.875,98.875,98.875,98.81500244140625,98.81500244140625,8612.0
2024-08-01 10:57:00,AY,22.114999771118164,22.114999771118164,22.135000228881836,22.114999771118164,22.1299991607666,12619.0
2024-08-01 10:57:00,CDZI,3.6500000953674316,3.6500000953674316,3.6500000953674316,3.6500000953674316,3.6500000953674316,396.0
2024-08-01 10:57:00,CEG,184.92999267578125,184.92999267578125,185.1699981689453,184.75,185.03500366210938,7352.0
2024-08-01 10:57:00,EXC,37.6150016784668,37.6150016784668,37.630001068115234,37.595001220703125,37.595001220703125,6523.0
2024-08-01 10:57:00,FLNC,15.994999885559082,15.994999885559082,16.020000457763672,15.994999885559082,16.020000457763672,1540.0
2024-08-01 10:57:00,LNT,56.040000915527344,56.040000915527344,56.040000915527344,56.0099983215332,56.0099983215332,1277.0
2024-08-01 10:57:00,NFE,19.15999984741211,19.15999984741211,19.19499969482422,19.149999618530273,19.190000534057617,3351.0
2024-08-01 10:57:00,OPAL,4.039999961853027,4.039999961853027,4.039999961853027,4.039999961853027,4.039999961853027,3811.0
2024-08-01 10:57:00,OTTR,94.31999969482422,94.31999969482422,94.31999969482422,94.31999969482422,94.31999969482422,1003.0
2024-08-01 10:57:00,XEL,57.470001220703125,57.470001220703125,57.5,57.45000076293945,57.45000076293945,3955.0
2024-08-01 10:58:00,AEP,98.94000244140625,98.94000244140625,98.94000244140625,98.86499786376953,98.87999725341797,12463.0
2024-08-01 10:58:00,ARTNA,38.91999816894531,38.91999816894531,38.91999816894531,38.91999816894531,38.91999816894531,119.0
2024-08-01 10:58:00,AY,22.114999771118164,22.114999771118164,22.114999771118164,22.114999771118164,22.114999771118164,500.0
2024-08-01 10:58:00,CEG,184.6699981689453,184.6699981689453,185.11000061035156,184.5561065673828,184.92999267578125,18754.0
2024-08-01 10:58:00,EXC,37.64500045776367,37.64500045776367,37.64500045776367,37.6150016784668,37.6150016784668,6150.0
2024-08-01 10:58:00,FLNC,15.979999542236328,15.979999542236328,16.009000778198242,15.979999542236328,16.009000778198242,864.0
2024-08-01 10:58:00,LNT,56.029998779296875,56.029998779296875,56.040000915527344,56.029998779296875,56.040000915527344,1826.0
2024-08-01 10:58:00,MGEE,87.34500122070312,87.34500122070312,87.34500122070312,87.34500122070312,87.34500122070312,230.0
2024-08-01 10:58:00,NFE,19.149999618530273,19.149999618530273,19.149999618530273,19.139999389648438,19.139999389648438,928.0
2024-08-01 10:58:00,XEL,57.5,57.5,57.5099983215332,57.43000030517578,57.43000030517578,3013.0
2024-08-01 10:59:00,AEP,98.94499969482422,98.94499969482422,98.94499969482422,98.91000366210938,98.94000244140625,6474.0
2024-08-01 10:59:00,AY,22.1200008392334,22.1200008392334,22.1200008392334,22.1200008392334,22.1200008392334,334.0
2024-08-01 10:59:00,CDZI,3.640000104904175,3.640000104904175,3.6500000953674316,3.640000104904175,3.6489999294281006,2240.0
2024-08-01 10:59:00,CDZIP,15.75,15.75,15.75,15.75,15.75,496.0
2024-08-01 10:59:00,CEG,184.8699951171875,184.8699951171875,184.8699951171875,184.47500610351562,184.59500122070312,6071.0
2024-08-01 10:59:00,EXC,37.709999084472656,37.709999084472656,37.709999084472656,37.64500045776367,37.654998779296875,14991.0
2024-08-01 10:59:00,FLNC,15.95989990234375,15.95989990234375,15.979999542236328,15.95989990234375,15.975000381469727,2928.0
2024-08-01 10:59:00,LNT,56.08000183105469,56.08000183105469,56.08000183105469,56.06999969482422,56.06999969482422,910.0
2024-08-01 10:59:00,MGEE,87.5,87.5,87.58000183105469,87.47000122070312,87.55000305175781,556.0
2024-08-01 10:59:00,MNTK,5.769999980926514,5.769999980926514,5.800000190734863,5.769999980926514,5.800000190734863,5033.0
2024-08-01 10:59:00,MSEX,65.2300033569336,65.2300033569336,65.2300033569336,65.01000213623047,65.0199966430664,1877.0
2024-08-01 10:59:00,NFE,19.1200008392334,19.1200008392334,19.135000228881836,19.1200008392334,19.1299991607666,2037.0
2024-08-01 10:59:00,RNW,5.965000152587891,5.965000152587891,5.965000152587891,5.965000152587891,5.965000152587891,149.0
2024-08-01 10:59:00,XEL,57.470001220703125,57.470001220703125,57.5,57.459999084472656,57.5,7180.0
2024-08-01 11:00:00,AEP,99.00499725341797,99.00499725341797,99.00499725341797,98.94000244140625,98.94499969482422,23466.0
2024-08-01 11:00:00,ARTNA,38.79999923706055,38.79999923706055,38.79999923706055,38.79999923706055,38.79999923706055,696.0
2024-08-01 11:00:00,AY,22.114999771118164,22.114999771118164,22.114999771118164,22.114999771118164,22.114999771118164,975.0
2024-08-01 11:00:00,BNRG,0.7601000070571899,0.7601000070571899,0.7601000070571899,0.7601000070571899,0.7601000070571899,6100.0
2024-08-01 11:00:00,CDZI,3.640000104904175,3.640000104904175,3.640000104904175,3.640000104904175,3.640000104904175,233.0
2024-08-01 11:00:00,CEG,184.72000122070312,184.72000122070312,185.08990478515625,184.7100067138672,184.89999389648438,16477.0
2024-08-01 11:00:00,CWCO,28.326799392700195,28.326799392700195,28.326799392700195,28.326799392700195,28.326799392700195,443.0
2024-08-01 11:00:00,EXC,37.7599983215332,37.7599983215332,37.7599983215332,37.70000076293945,37.70500183105469,15006.0
2024-08-01 11:00:00,FLNC,15.979999542236328,15.979999542236328,15.979999542236328,15.960000038146973,15.960000038146973,2030.0
2024-08-01 11:00:00,LNT,56.099998474121094,56.099998474121094,56.099998474121094,56.06999969482422,56.06999969482422,1968.0
2024-08-01 11:00:00,NFE,19.114999771118164,19.114999771118164,19.1200008392334,19.110000610351562,19.1200008392334,1361.0
2024-08-01 11:00:00,NWE,53.040000915527344,53.040000915527344,53.040000915527344,53.040000915527344,53.040000915527344,355.0
2024-08-01 11:00:00,OPAL,4.039999961853027,4.039999961853027,4.039999961853027,4.039999961853027,4.039999961853027,7213.0
2024-08-01 11:00:00,XEL,57.45000076293945,57.45000076293945,57.46500015258789,57.43000030517578,57.439998626708984,3191.0
2024-08-01 11:01:00,AEP,98.94499969482422,98.94499969482422,98.98999786376953,98.94499969482422,98.98999786376953,5852.0
2024-08-01 11:01:00,AY,22.114999771118164,22.114999771118164,22.114999771118164,22.114999771118164,22.114999771118164,390.0
2024-08-01 11:01:00,CDZI,3.640000104904175,3.640000104904175,3.640000104904175,3.640000104904175,3.640000104904175,38.0
2024-08-01 11:01:00,CEG,184.39999389648438,184.39999389648438,184.6300048828125,184.1999969482422,184.50999450683594,2891.0
2024-08-01 11:01:00,EXC,37.744998931884766,37.744998931884766,37.76499938964844,37.7400016784668,37.76499938964844,8888.0
2024-08-01 11:01:00,FLNC,15.989999771118164,15.989999771118164,16.0,15.970000267028809,15.979999542236328,2891.0
2024-08-01 11:01:00,LNT,56.09000015258789,56.09000015258789,56.09000015258789,56.09000015258789,56.09000015258789,1169.0
2024-08-01 11:01:00,MSEX,65.31999969482422,65.31999969482422,65.31999969482422,65.31999969482422,65.31999969482422,112.0
2024-08-01 11:01:00,NFE,19.139999389648438,19.139999389648438,19.139999389648438,19.1200008392334,19.1200008392334,2348.0
2024-08-01 11:01:00,NWE,53.0099983215332,53.0099983215332,53.0099983215332,53.0099983215332,53.0099983215332,215.0
2024-08-01 11:01:00,XEL,57.529998779296875,57.529998779296875,57.56999969482422,57.47999954223633,57.47999954223633,22768.0
2024-08-01 11:02:00,AEP,98.9000015258789,98.9000015258789,98.98999786376953,98.88999938964844,98.98999786376953,4313.0
2024-08-01 11:02:00,CEG,183.8800048828125,183.8800048828125,184.50999450683594,183.8800048828125,184.27999877929688,11931.0
2024-08-01 11:02:00,EXC,37.68000030517578,37.68000030517578,37.77000045776367,37.67499923706055,37.744998931884766,11458.0
2024-08-01 11:02:00,FLNC,15.970000267028809,15.970000267028809,15.989999771118164,15.970000267028809,15.979999542236328,1139.0
2024-08-01 11:02:00,LNT,56.060001373291016,56.060001373291016,56.11000061035156,56.060001373291016,56.08000183105469,6724.0
2024-08-01 11:02:00,MSEX,65.24500274658203,65.24500274658203,65.25,65.24500274658203,65.25,613.0
2024-08-01 11:02:00,NFE,19.170000076293945,19.170000076293945,19.170000076293945,19.1299991607666,19.139999389648438,3777.0
2024-08-01 11:02:00,RNW,5.96999979019165,5.96999979019165,5.96999979019165,5.96999979019165,5.96999979019165,2012.0
2024-08-01 11:02:00,XEL,57.5099983215332,57.5099983215332,57.58000183105469,57.4900016784668,57.540000915527344,26004.0
2024-08-01 11:03:00,AEP,98.91500091552734,98.91500091552734,98.91500091552734,98.9000015258789,98.9000015258789,1567.0
2024-08-01 11:03:00,CEG,183.44000244140625,183.44000244140625,184.1999969482422,183.2899932861328,184.1999969482422,12916.0
2024-08-01 11:03:00,EXC,37.67499923706055,37.67499923706055,37.67499923706055,37.67499923706055,37.67499923706055,413.0
2024-08-01 11:03:00,FLNC,15.960000038146973,15.960000038146973,15.979999542236328,15.960000038146973,15.979999542236328,4609.0
2024-08-01 11:03:00,GWRS,12.968099594116211,12.968099594116211,12.968099594116211,12.968099594116211,12.968099594116211,136.0
2024-08-01 11:03:00,LNT,56.10499954223633,56.10499954223633,56.11000061035156,56.06999969482422,56.06999969482422,2122.0
2024-08-01 11:03:00,MGEE,87.55999755859375,87.55999755859375,87.55999755859375,87.4000015258789,87.4000015258789,717.0
2024-08-01 11:03:00,MNTK,5.795000076293945,5.795000076293945,5.795000076293945,5.795000076293945,5.795000076293945,302.0
2024-08-01 11:03:00,NFE,19.184999465942383,19.184999465942383,19.184999465942383,19.149999618530273,19.15999984741211,3527.0
2024-08-01 11:03:00,NWE,53.00920104980469,53.00920104980469,53.00920104980469,53.00920104980469,53.00920104980469,824.0
2024-08-01 11:03:00,XEL,57.4900016784668,57.4900016784668,57.540000915527344,57.4900016784668,57.5,5766.0
2024-08-01 11:03:00,YORW,41.052799224853516,41.052799224853516,41.052799224853516,41.052799224853516,41.052799224853516,328.0
2024-08-01 11:04:00,AEP,98.93930053710938,98.93930053710938,98.93930053710938,98.87999725341797,98.87999725341797,3418.0
2024-08-01 11:04:00,AY,22.114999771118164,22.114999771118164,22.114999771118164,22.114999771118164,22.114999771118164,238.0
2024-08-01 11:04:00,CDZI,3.634999990463257,3.634999990463257,3.634999990463257,3.634999990463257,3.634999990463257,2774.0
2024-08-01 11:04:00,CEG,183.4199981689453,183.4199981689453,183.57879638671875,183.25,183.42999267578125,9764.0
2024-08-01 11:04:00,EXC,37.66999816894531,37.66999816894531,37.67499923706055,37.61000061035156,37.67499923706055,6750.0
2024-08-01 11:04:00,FLNC,15.920000076293945,15.920000076293945,15.9399995803833,15.920000076293945,15.9399995803833,3041.0
2024-08-01 11:04:00,GWRS,12.885000228881836,12.885000228881836,12.885000228881836,12.885000228881836,12.885000228881836,727.0
2024-08-01 11:04:00,LNT,56.099998474121094,56.099998474121094,56.10499954223633,56.099998474121094,56.10499954223633,1966.0
2024-08-01 11:04:00,MSEX,65.15499877929688,65.15499877929688,65.15499877929688,65.15499877929688,65.15499877929688,244.0
2024-08-01 11:04:00,NFE,19.199800491333008,19.199800491333008,19.199800491333008,19.184999465942383,19.184999465942383,1342.0
2024-08-01 11:04:00,OTTR,94.31999969482422,94.31999969482422,94.31999969482422,94.28500366210938,94.28500366210938,1984.0
2024-08-01 11:04:00,PCYO,10.699999809265137,10.699999809265137,10.699999809265137,10.699999809265137,10.699999809265137,104.0
2024-08-01 11:04:00,XEL,57.52000045776367,57.52000045776367,57.55500030517578,57.5,57.51499938964844,23214.0
2024-08-01 11:04:00,YORW,41.01499938964844,41.01499938964844,41.01499938964844,41.01499938964844,41.01499938964844,1378.0
2024-08-01 11:05:00,AEP,98.94000244140625,98.94000244140625,98.94000244140625,98.86000061035156,98.91999816894531,5303.0
2024-08-01 11:05:00,AY,22.114999771118164,22.114999771118164,22.114999771118164,22.114999771118164,22.114999771118164,107.0
2024-08-01 11:05:00,CDZI,3.5999999046325684,3.5999999046325684,3.5999999046325684,3.5999999046325684,3.5999999046325684,1787.0
2024-08-01 11:05:00,CEG,183.0399932861328,183.0399932861328,183.4600067138672,183.0399932861328,183.17999267578125,3721.0
2024-08-01 11:05:00,CWCO,28.200000762939453,28.200000762939453,28.229999542236328,28.200000762939453,28.229999542236328,1898.0
2024-08-01 11:05:00,EXC,37.689998626708984,37.689998626708984,37.69499969482422,37.654998779296875,37.665000915527344,8739.0
2024-08-01 11:05:00,FLNC,15.890000343322754,15.890000343322754,15.928799629211426,15.890000343322754,15.920000076293945,2826.0
2024-08-01 11:05:00,LNT,56.11000061035156,56.11000061035156,56.11000061035156,56.095001220703125,56.099998474121094,3089.0
2024-08-01 11:05:00,MGEE,87.4000015258789,87.4000015258789,87.4000015258789,87.4000015258789,87.4000015258789,583.0
2024-08-01 11:05:00,MNTK,5.75,5.75,5.75,5.75,5.75,884.0
2024-08-01 11:05:00,MSEX,65.20500183105469,65.20500183105469,65.20500183105469,65.20500183105469,65.20500183105469,692.0
2024-08-01 11:05:00,NFE,19.170000076293945,19.170000076293945,19.209999084472656,19.170000076293945,19.209999084472656,2468.0
2024-08-01 11:05:00,NWE,52.959999084472656,52.959999084472656,53.02000045776367,52.959999084472656,52.9900016784668,2174.0
2024-08-01 11:05:00,PCYO,10.699999809265137,10.699999809265137,10.699999809265137,10.699999809265137,10.699999809265137,766.0
2024-08-01 11:05:00,RNW,5.965000152587891,5.965000152587891,5.96999979019165,5.965000152587891,5.96999979019165,2757.0
2024-08-01 11:05:00,XEL,57.439998626708984,57.439998626708984,57.5099983215332,57.40999984741211,57.5,14306.0
2024-08-01 11:06:00,AEP,98.91999816894531,98.91999816894531,98.94999694824219,98.91000366210938,98.94000244140625,5822.0
2024-08-01 11:06:00,AY,22.110000610351562,22.110000610351562,22.110000610351562,22.110000610351562,22.110000610351562,503.0
2024-08-01 11:06:00,CEG,183.22000122070312,183.22000122070312,183.47000122070312,182.97999572753906,183.21499633789062,12909.0
2024-08-01 11:06:00,EXC,37.68000030517578,37.68000030517578,37.70000076293945,37.68000030517578,37.685001373291016,4120.0
2024-08-01 11:06:00,FLNC,15.920000076293945,15.920000076293945,15.930000305175781,15.890000343322754,15.890000343322754,6003.0
2024-08-01 11:06:00,LNT,56.16999816894531,56.16999816894531,56.16999816894531,56.11000061035156,56.11000061035156,2396.0
2024-08-01 11:06:00,MNTK,5.739999771118164,5.739999771118164,5.739999771118164,5.739999771118164,5.739999771118164,217.0
2024-08-01 11:06:00,NFE,19.15999984741211,19.15999984741211,19.170000076293945,19.149999618530273,19.149999618530273,8608.0
2024-08-01 11:06:00,NWE,53.04999923706055,53.04999923706055,53.04999923706055,52.9900016784668,52.9900016784668,1145.0
2024-08-01 11:06:00,OTTR,94.31999969482422,94.31999969482422,94.31999969482422,94.31999969482422,94.31999969482422,898.0
2024-08-01 11:06:00,PCYO,10.699999809265137,10.699999809265137,10.699999809265137,10.699999809265137,10.699999809265137,906.0
2024-08-01 11:06:00,XEL,57.439998626708984,57.439998626708984,57.47999954223633,57.400001525878906,57.435001373291016,9692.0
2024-08-01 11:07:00,ADN,4.449999809265137,4.449999809265137,4.449999809265137,4.449999809265137,4.449999809265137,338.0
2024-08-01 11:07:00,AEP,98.83999633789062,98.83999633789062,98.91000366210938,98.83999633789062,98.91000366210938,6029.0
2024-08-01 11:07:00,CEG,182.7949981689453,182.7949981689453,183.14999389648438,182.7050018310547,182.97000122070312,4211.0
2024-08-01 11:07:00,EXC,37.689998626708984,37.689998626708984,37.689998626708984,37.650001525878906,37.689998626708984,6481.0
2024-08-01 11:07:00,FLNC,15.930000305175781,15.930000305175781,15.930000305175781,15.920000076293945,15.920000076293945,2381.0
2024-08-01 11:07:00,LNT,56.130001068115234,56.130001068115234,56.16999816894531,56.119998931884766,56.160301208496094,4248.0
2024-08-01 11:07:00,MSEX,64.92749786376953,64.92749786376953,65.0250015258789,64.92749786376953,65.01499938964844,497.0
2024-08-01 11:07:00,NFE,19.139999389648438,19.139999389648438,19.149999618530273,19.137699127197266,19.149999618530273,2280.0
2024-08-01 11:07:00,OPAL,4.019999980926514,4.019999980926514,4.019999980926514,4.019999980926514,4.019999980926514,911.0
2024-08-01 11:07:00,XEL,57.44499969482422,57.44499969482422,57.45000076293945,57.41999816894531,57.43000030517578,2852.0
2024-08-01 11:08:00,AEP,98.95999908447266,98.95999908447266,98.95999908447266,98.88999938964844,98.88999938964844,3298.0
2024-08-01 11:08:00,CEG,182.9499969482422,182.9499969482422,183.17999267578125,182.67999267578125,182.9250030517578,8589.0
2024-08-01 11:08:00,EXC,37.70000076293945,37.70000076293945,37.70500183105469,37.689998626708984,37.689998626708984,4460.0
2024-08-01 11:08:00,FLNC,15.930000305175781,15.930000305175781,15.960000038146973,15.920000076293945,15.960000038146973,2294.0
2024-08-01 11:08:00,LNT,56.119998931884766,56.119998931884766,56.150001525878906,56.11000061035156,56.119998931884766,5637.0
2024-08-01 11:08:00,MNTK,5.739999771118164,5.739999771118164,5.75,5.739999771118164,5.75,501.0
2024-08-01 11:08:00,MSEX,64.92500305175781,64.92500305175781,64.92500305175781,64.92500305175781,64.92500305175781,336.0
2024-08-01 11:08:00,NFE,19.139999389648438,19.139999389648438,19.139999389648438,19.139999389648438,19.139999389648438,761.0
2024-08-01 11:08:00,NWE,53.005001068115234,53.005001068115234,53.005001068115234,53.005001068115234,53.005001068115234,386.0
2024-08-01 11:08:00,WAVE,2.8787999153137207,2.8787999153137207,2.8787999153137207,2.8787999153137207,2.8787999153137207,436.0
2024-08-01 11:08:00,XEL,57.44499969482422,57.44499969482422,57.459999084472656,57.439998626708984,57.439998626708984,4694.0
2024-08-01 11:09:00,AEP,98.95999908447266,98.95999908447266,98.9800033569336,98.91999816894531,98.94999694824219,5527.0
2024-08-01 11:09:00,CEG,183.1999969482422,183.1999969482422,183.41000366210938,182.9550018310547,182.9550018310547,7166.0
2024-08-01 11:09:00,EXC,37.69499969482422,37.69499969482422,37.69499969482422,37.63999938964844,37.689998626708984,11271.0
2024-08-01 11:09:00,FLNC,15.930000305175781,15.930000305175781,15.930000305175781,15.920000076293945,15.920000076293945,1272.0
2024-08-01 11:09:00,LNT,56.13999938964844,56.13999938964844,56.14500045776367,56.099998474121094,56.11000061035156,17326.0
2024-08-01 11:09:00,NFE,19.139999389648438,19.139999389648438,19.139999389648438,19.1299991607666,19.1299991607666,3085.0
2024-08-01 11:09:00,NWE,53.06999969482422,53.06999969482422,53.08000183105469,53.06999969482422,53.08000183105469,481.0
2024-08-01 11:09:00,RNW,5.96999979019165,5.96999979019165,5.96999979019165,5.965000152587891,5.965000152587891,303.0
2024-08-01 11:09:00,XEL,57.470001220703125,57.470001220703125,57.470001220703125,57.439998626708984,57.459999084472656,8072.0
2024-08-01 11:10:00,AEP,98.83999633789062,98.83999633789062,98.93000030517578,98.83999633789062,98.93000030517578,4923.0
2024-08-01 11:10:00,AY,22.110000610351562,22.110000610351562,22.114999771118164,22.110000610351562,22.114999771118164,1512.0
2024-08-01 11:10:00,CEG,183.66799926757812,183.66799926757812,183.66799926757812,183.1999969482422,183.1999969482422,12970.0
2024-08-01 11:10:00,EXC,37.630001068115234,37.630001068115234,37.689998626708984,37.6150016784668,37.689998626708984,14340.0
2024-08-01 11:10:00,FLNC,15.930000305175781,15.930000305175781,15.930000305175781,15.920000076293945,15.930000305175781,2421.0
2024-08-01 11:10:00,HTOO,0.8004000186920166,0.8004000186920166,0.8004000186920166,0.8004000186920166,0.8004000186920166,2552.0
2024-08-01 11:10:00,LNT,56.09000015258789,56.09000015258789,56.11000061035156,56.060001373291016,56.11000061035156,6127.0
2024-08-01 11:10:00,MGEE,87.27999877929688,87.27999877929688,87.41000366210938,87.27999877929688,87.3499984741211,1157.0
2024-08-01 11:10:00,MNTK,5.730000019073486,5.730000019073486,5.739999771118164,5.730000019073486,5.739999771118164,367.0
2024-08-01 11:10:00,NFE,19.1299991607666,19.1299991607666,19.1299991607666,19.1299991607666,19.1299991607666,699.0
2024-08-01 11:10:00,NWE,53.02000045776367,53.02000045776367,53.099998474121094,53.02000045776367,53.099998474121094,776.0
2024-08-01 11:10:00,OPAL,4.019999980926514,4.019999980926514,4.019999980926514,4.019999980926514,4.019999980926514,1468.0
2024-08-01 11:10:00,OTTR,94.2300033569336,94.2300033569336,94.2300033569336,94.2300033569336,94.2300033569336,758.0
2024-08-01 11:10:00,XEL,57.40999984741211,57.40999984741211,57.45500183105469,57.380001068115234,57.45000076293945,13112.0
2024-08-01 11:11:00,AEP,98.88999938964844,98.88999938964844,98.88999938964844,98.83000183105469,98.83499908447266,2201.0
2024-08-01 11:11:00,CEG,183.47999572753906,183.47999572753906,183.5050048828125,183.47999572753906,183.5050048828125,5721.0
2024-08-01 11:11:00,CREG,0.9279999732971191,0.9279999732971191,0.9279999732971191,0.9279999732971191,0.9279999732971191,199043.0
2024-08-01 11:11:00,EXC,37.650001525878906,37.650001525878906,37.650001525878906,37.619998931884766,37.625,2680.0
2024-08-01 11:11:00,FLNC,15.920000076293945,15.920000076293945,15.920000076293945,15.920000076293945,15.920000076293945,943.0
2024-08-01 11:11:00,LNT,56.06999969482422,56.06999969482422,56.06999969482422,56.060001373291016,56.064998626708984,1901.0
2024-08-01 11:11:00,MSEX,64.87999725341797,64.87999725341797,64.87999725341797,64.87999725341797,64.87999725341797,417.0
2024-08-01 11:11:00,NFE,19.1200008392334,19.1200008392334,19.129600524902344,19.1200008392334,19.129600524902344,1590.0
2024-08-01 11:11:00,NWE,53.04499816894531,53.04499816894531,53.04499816894531,53.04499816894531,53.04499816894531,106.0
2024-08-01 11:11:00,RNW,5.966100215911865,5.966100215911865,5.966100215911865,5.966100215911865,5.966100215911865,126.0
2024-08-01 11:11:00,XEL,57.36000061035156,57.36000061035156,57.400001525878906,57.345001220703125,57.38999938964844,3119.0
2024-08-01 11:12:00,AEP,98.84410095214844,98.84410095214844,98.91999816894531,98.84410095214844,98.9000015258789,5701.0
2024-08-01 11:12:00,CEG,183.81500244140625,183.81500244140625,183.93569946289062,183.48500061035156,183.5,13653.0
2024-08-01 11:12:00,EXC,37.650001525878906,37.650001525878906,37.650001525878906,37.630001068115234,37.64500045776367,10840.0
2024-08-01 11:12:00,FLNC,15.920000076293945,15.920000076293945,15.930000305175781,15.899999618530273,15.930000305175781,3400.0
2024-08-01 11:12:00,LNT,56.060001373291016,56.060001373291016,56.08000183105469,56.060001373291016,56.08000183105469,2304.0
2024-08-01 11:12:00,MGEE,87.31999969482422,87.31999969482422,87.31999969482422,87.31999969482422,87.31999969482422,216.0
2024-08-01 11:12:00,MNTK,5.71999979019165,5.71999979019165,5.71999979019165,5.71999979019165,5.71999979019165,123.0
2024-08-01 11:12:00,NFE,19.110000610351562,19.110000610351562,19.1299991607666,19.110000610351562,19.114999771118164,4101.0
2024-08-01 11:12:00,NWE,52.9119987487793,52.9119987487793,53.04999923706055,52.9119987487793,53.04999923706055,2386.0
2024-08-01 11:12:00,XEL,57.250099182128906,57.250099182128906,57.36000061035156,57.250099182128906,57.36000061035156,7720.0
2024-08-01 11:13:00,AEP,98.83000183105469,98.83000183105469,98.87000274658203,98.81999969482422,98.86000061035156,6141.0
2024-08-01 11:13:00,CEG,183.875,183.875,184.17999267578125,183.6999969482422,183.81500244140625,12949.0
2024-08-01 11:13:00,EXC,37.63999938964844,37.63999938964844,37.650001525878906,37.630001068115234,37.650001525878906,9585.0
2024-08-01 11:13:00,FLNC,15.899999618530273,15.899999618530273,15.920000076293945,15.899999618530273,15.920000076293945,1925.0
2024-08-01 11:13:00,LNT,56.029998779296875,56.029998779296875,56.029998779296875,56.029998779296875,56.029998779296875,2546.0
2024-08-01 11:13:00,MGEE,87.15499877929688,87.15499877929688,87.15499877929688,87.15499877929688,87.15499877929688,406.0
2024-08-01 11:13:00,NFE,19.110000610351562,19.110000610351562,19.1200008392334,19.110000610351562,19.110000610351562,1738.0
2024-08-01 11:13:00,NWE,52.91999816894531,52.91999816894531,52.94300079345703,52.880001068115234,52.94300079345703,1496.0
2024-08-01 11:13:00,OTTR,93.8499984741211,93.8499984741211,93.8499984741211,93.8499984741211,93.8499984741211,658.0
2024-08-01 11:13:00,RNW,5.965000152587891,5.965000152587891,5.965000152587891,5.965000152587891,5.965000152587891,317.0
2024-08-01 11:13:00,XEL,57.16999816894531,57.16999816894531,57.26499938964844,57.16999816894531,57.2599983215332,10130.0
2024-08-01 11:14:00,AEP,98.86000061035156,98.86000061035156,98.87000274658203,98.83999633789062,98.8499984741211,2819.0
2024-08-01 11:14:00,CEG,183.83999633789062,183.83999633789062,184.19900512695312,183.6999969482422,183.8699951171875,15727.0
2024-08-01 11:14:00,CREG,0.9100000262260437,0.9100000262260437,0.9200000166893005,0.9100000262260437,0.9200000166893005,7223.0
2024-08-01 11:14:00,CWCO,28.125999450683594,28.125999450683594,28.125999450683594,28.079999923706055,28.079999923706055,430.0
2024-08-01 11:14:00,EXC,37.650001525878906,37.650001525878906,37.65999984741211,37.63999938964844,37.63999938964844,4646.0
2024-08-01 11:14:00,FLNC,15.859999656677246,15.859999656677246,15.890000343322754,15.859999656677246,15.880000114440918,2969.0
2024-08-01 11:14:00,LNT,56.040000915527344,56.040000915527344,56.060001373291016,56.040000915527344,56.040000915527344,3978.0
2024-08-01 11:14:00,MNTK,5.71999979019165,5.71999979019165,5.71999979019165,5.71999979019165,5.71999979019165,755.0
2024-08-01 11:14:00,MSEX,65.13999938964844,65.13999938964844,65.13999938964844,65.13999938964844,65.13999938964844,260.0
2024-08-01 11:14:00,NFE,19.100000381469727,19.100000381469727,19.110000610351562,19.100000381469727,19.100000381469727,1200.0
2024-08-01 11:14:00,NWE,52.880001068115234,52.880001068115234,52.92499923706055,52.880001068115234,52.92499923706055,165.0
2024-08-01 11:14:00,RNW,5.96999979019165,5.96999979019165,5.96999979019165,5.96999979019165,5.96999979019165,1860.0
2024-08-01 11:14:00,XEL,57.13999938964844,57.13999938964844,57.224998474121094,57.11000061035156,57.16999816894531,8149.0
2024-08-01 11:15:00,AEP,98.82499694824219,98.82499694824219,98.87000274658203,98.81999969482422,98.84500122070312,6562.0
2024-08-01 11:15:00,BNRG,0.7601000070571899,0.7601000070571899,0.7601000070571899,0.7601000070571899,0.7601000070571899,8000.0
2024-08-01 11:15:00,CEG,183.5,183.5,183.77999877929688,183.5,183.77000427246094,4232.0
2024-08-01 11:15:00,EXC,37.650001525878906,37.650001525878906,37.665000915527344,37.630001068115234,37.650001525878906,10919.0
2024-08-01 11:15:00,FLNC,15.889800071716309,15.889800071716309,15.889800071716309,15.869999885559082,15.869999885559082,2021.0
2024-08-01 11:15:00,LNT,56.04999923706055,56.04999923706055,56.04999923706055,56.029998779296875,56.029998779296875,1840.0
2024-08-01 11:15:00,MSEX,64.97000122070312,64.97000122070312,64.97000122070312,64.97000122070312,64.97000122070312,151.0
2024-08-01 11:15:00,NFE,19.1299991607666,19.1299991607666,19.139999389648438,19.110000610351562,19.110000610351562,7053.0
2024-08-01 11:15:00,RNW,5.980000019073486,5.980000019073486,5.980000019073486,5.979899883270264,5.979899883270264,6670.0
2024-08-01 11:15:00,XEL,57.1349983215332,57.1349983215332,57.17499923706055,57.119998931884766,57.119998931884766,2387.0
2024-08-01 11:16:00,ADN,4.590000152587891,4.590000152587891,4.590000152587891,4.489999771118164,4.489999771118164,2150.0
2024-08-01 11:16:00,AEP,98.73999786376953,98.73999786376953,98.82499694824219,98.70999908447266,98.82499694824219,18639.0
2024-08-01 11:16:00,AY,22.114999771118164,22.114999771118164,22.114999771118164,22.114999771118164,22.114999771118164,740.0
2024-08-01 11:16:00,CEG,183.56500244140625,183.56500244140625,183.8000030517578,183.5399932861328,183.5399932861328,4433.0
2024-08-01 11:16:00,EXC,37.650001525878906,37.650001525878906,37.65999984741211,37.625,37.654998779296875,11721.0
2024-08-01 11:16:00,FLNC,15.9350004196167,15.9350004196167,15.9350004196167,15.880000114440918,15.880000114440918,2349.0
2024-08-01 11:16:00,HTOOW,0.05999999865889549,0.05999999865889549,0.05999999865889549,0.05999999865889549,0.05999999865889549,0.0
2024-08-01 11:16:00,LNT,56.064998626708984,56.064998626708984,56.064998626708984,56.040000915527344,56.04499816894531,3408.0
2024-08-01 11:16:00,MSEX,65.04000091552734,65.04000091552734,65.04000091552734,65.04000091552734,65.04000091552734,280.0
2024-08-01 11:16:00,NFE,19.170000076293945,19.170000076293945,19.170000076293945,19.150100708007812,19.150100708007812,1901.0
2024-08-01 11:16:00,NWE,52.915000915527344,52.915000915527344,52.91999816894531,52.915000915527344,52.91999816894531,925.0
2024-08-01 11:16:00,RNW,5.994999885559082,5.994999885559082,6.0,5.989999771118164,5.989999771118164,564.0
2024-08-01 11:16:00,XEL,57.10100173950195,57.10100173950195,57.15999984741211,57.060001373291016,57.150001525878906,17574.0
2024-08-01 11:17:00,ADN,4.570000171661377,4.570000171661377,4.579999923706055,4.570000171661377,4.579999923706055,0.0
2024-08-01 11:17:00,AEP,98.76000213623047,98.76000213623047,98.7699966430664,98.73999786376953,98.76000213623047,6528.0
2024-08-01 11:17:00,ARTNA,38.720001220703125,38.720001220703125,38.720001220703125,38.720001220703125,38.720001220703125,231.0
2024-08-01 11:17:00,BNRG,0.7601000070571899,0.7601000070571899,0.7601000070571899,0.7599999904632568,0.7599999904632568,1665.0
2024-08-01 11:17:00,CEG,183.9550018310547,183.9550018310547,184.0,183.6699981689453,183.77999877929688,11598.0
2024-08-01 11:17:00,CWCO,28.225000381469727,28.225000381469727,28.225000381469727,28.204999923706055,28.204999923706055,936.0
2024-08-01 11:17:00,EXC,37.63999938964844,37.63999938964844,37.650001525878906,37.59000015258789,37.64500045776367,29503.0
2024-08-01 11:17:00,FLNC,15.9399995803833,15.9399995803833,15.949999809265137,15.928000450134277,15.928000450134277,1059.0
2024-08-01 11:17:00,LNT,56.029998779296875,56.029998779296875,56.060001373291016,56.029998779296875,56.060001373291016,2541.0
2024-08-01 11:17:00,MGEE,87.31999969482422,87.31999969482422,87.31999969482422,87.30999755859375,87.30999755859375,908.0
2024-08-01 11:17:00,MNTK,5.710000038146973,5.710000038146973,5.710000038146973,5.710000038146973,5.710000038146973,351.0
2024-08-01 11:17:00,MSEX,65.04000091552734,65.04000091552734,65.04000091552734,65.04000091552734,65.04000091552734,286.0
2024-08-01 11:17:00,NFE,19.15999984741211,19.15999984741211,19.15999984741211,19.15999984741211,19.15999984741211,492.0
2024-08-01 11:17:00,NWE,52.959999084472656,52.959999084472656,52.959999084472656,52.959999084472656,52.959999084472656,557.0
2024-08-01 11:17:00,OTTR,94.17880249023438,94.17880249023438,94.17880249023438,94.17880249023438,94.17880249023438,548.0
2024-08-01 11:17:00,XEL,57.04499816894531,57.04499816894531,57.150001525878906,57.029998779296875,57.084999084472656,11550.0
2024-08-01 11:18:00,ADN,4.559999942779541,4.559999942779541,4.559999942779541,4.559999942779541,4.559999942779541,1254.0
2024-08-01 11:18:00,AEP,98.8550033569336,98.8550033569336,98.8550033569336,98.76000213623047,98.7699966430664,6129.0
2024-08-01 11:18:00,ARTNA,38.845001220703125,38.845001220703125,38.845001220703125,38.845001220703125,38.845001220703125,106.0
2024-08-01 11:18:00,CEG,184.02999877929688,184.02999877929688,184.13999938964844,183.92999267578125,184.07000732421875,33063.0
2024-08-01 11:18:00,CREG,0.9100000262260437,0.9100000262260437,0.9100000262260437,0.9100000262260437,0.9100000262260437,1000.0
2024-08-01 11:18:00,EXC,37.64500045776367,37.64500045776367,37.650001525878906,37.619998931884766,37.63999938964844,7015.0
2024-08-01 11:18:00,FLNC,15.930000305175781,15.930000305175781,15.944999694824219,15.920000076293945,15.944999694824219,2559.0
2024-08-01 11:18:00,LNT,56.029998779296875,56.029998779296875,56.04999923706055,56.02000045776367,56.029998779296875,3928.0
2024-08-01 11:18:00,NFE,19.139999389648438,19.139999389648438,19.149999618530273,19.139999389648438,19.149999618530273,1206.0
2024-08-01 11:18:00,NWE,52.959999084472656,52.959999084472656,52.959999084472656,52.939998626708984,52.939998626708984,1189.0
2024-08-01 11:18:00,RNW,6.0,6.0,6.0,5.994999885559082,5.994999885559082,394.0
2024-08-01 11:18:00,XEL,57.02000045776367,57.02000045776367,57.060001373291016,56.959999084472656,57.060001373291016,9565.0
2024-08-01 11:19:00,AEP,98.87999725341797,98.87999725341797,98.9000015258789,98.83000183105469,98.83000183105469,15371.0
2024-08-01 11:19:00,CDZI,3.549999952316284,3.549999952316284,3.549999952316284,3.549999952316284,3.549999952316284,201.0
2024-08-01 11:19:00,CEG,183.68499755859375,183.68499755859375,183.9550018310547,183.5500030517578,183.9550018310547,7971.0
2024-08-01 11:19:00,CREG,0.9190999865531921,0.9190999865531921,0.9190999865531921,0.9190999865531921,0.9190999865531921,0.0
2024-08-01 11:19:00,EXC,37.64360046386719,37.64360046386719,37.65999984741211,37.625,37.63999938964844,6935.0
2024-08-01 11:19:00,FLNC,15.920000076293945,15.920000076293945,15.930000305175781,15.899999618530273,15.930000305175781,3512.0
2024-08-01 11:19:00,LNT,56.040000915527344,56.040000915527344,56.04999923706055,56.040000915527344,56.040000915527344,1370.0
2024-08-01 11:19:00,MGEE,87.30500030517578,87.30500030517578,87.30500030517578,87.30500030517578,87.30500030517578,280.0
2024-08-01 11:19:00,NFE,19.1299991607666,19.1299991607666,19.1299991607666,19.1200008392334,19.1299991607666,1841.0
2024-08-01 11:19:00,OTTR,94.41000366210938,94.41000366210938,94.41000366210938,94.41000366210938,94.41000366210938,243.0
2024-08-01 11:19:00,RNW,6.0,6.0,6.0,5.994999885559082,5.994999885559082,557.0
2024-08-01 11:19:00,XEL,56.97999954223633,56.97999954223633,57.02000045776367,56.95000076293945,56.970001220703125,6051.0
2024-08-01 11:20:00,AEP,98.95999908447266,98.95999908447266,98.95999908447266,98.875,98.87999725341797,17183.0
2024-08-01 11:20:00,ARTNA,38.779998779296875,38.779998779296875,38.779998779296875,38.779998779296875,38.779998779296875,112.0
2024-08-01 11:20:00,AY,22.114999771118164,22.114999771118164,22.114999771118164,22.11009979248047,22.114999771118164,538.0
2024-08-01 11:20:00,CEG,183.75999450683594,183.75999450683594,183.8800048828125,183.67999267578125,183.67999267578125,5785.0
2024-08-01 11:20:00,EXC,37.63999938964844,37.63999938964844,37.65999984741211,37.63999938964844,37.64500045776367,7146.0
2024-08-01 11:20:00,FLNC,15.90999984741211,15.90999984741211,15.90999984741211,15.90999984741211,15.90999984741211,375.0
2024-08-01 11:20:00,LNT,56.02000045776367,56.02000045776367,56.029998779296875,56.02000045776367,56.02000045776367,3290.0
2024-08-01 11:20:00,MSEX,65.04000091552734,65.04000091552734,65.04000091552734,65.04000091552734,65.04000091552734,367.0
2024-08-01 11:20:00,NFE,19.15999984741211,19.15999984741211,19.170000076293945,19.13990020751953,19.139999389648438,6495.0
2024-08-01 11:20:00,XEL,57.10499954223633,57.10499954223633,57.150001525878906,56.994998931884766,57.0,10571.0
2024-08-01 11:21:00,AEP,98.99500274658203,98.99500274658203,98.99500274658203,98.94499969482422,98.94499969482422,10902.0
2024-08-01 11:21:00,CEG,183.58140563964844,183.58140563964844,183.8175048828125,183.22999572753906,183.7949981689453,17136.0
2024-08-01 11:21:00,EXC,37.68000030517578,37.68000030517578,37.68000030517578,37.6349983215332,37.6349983215332,4670.0
2024-08-01 11:21:00,FLNC,15.890000343322754,15.890000343322754,15.930000305175781,15.890000343322754,15.920000076293945,1497.0
2024-08-01 11:21:00,LNT,56.060001373291016,56.060001373291016,56.060001373291016,56.0099983215332,56.02000045776367,6043.0
2024-08-01 11:21:00,MNTK,5.710000038146973,5.710000038146973,5.715000152587891,5.710000038146973,5.715000152587891,919.0
2024-08-01 11:21:00,NFE,19.129899978637695,19.129899978637695,19.139999389648438,19.1200008392334,19.139999389648438,2836.0
2024-08-01 11:21:00,NWE,52.970001220703125,52.970001220703125,52.970001220703125,52.970001220703125,52.970001220703125,219.0
2024-08-01 11:21:00,OPAL,4.010000228881836,4.010000228881836,4.010000228881836,4.010000228881836,4.010000228881836,563.0
2024-08-01 11:21:00,OTTR,94.06999969482422,94.06999969482422,94.37999725341797,93.97000122070312,94.37999725341797,7418.0
2024-08-01 11:21:00,RNW,5.994999885559082,5.994999885559082,5.994999885559082,5.994999885559082,5.994999885559082,131.0
2024-08-01 11:21:00,XEL,57.209999084472656,57.209999084472656,57.22999954223633,57.130001068115234,57.130001068115234,9953.0
2024-08-01 11:22:00,AEP,98.94000244140625,98.94000244140625,99.04000091552734,98.91999816894531,99.0,22714.0
2024-08-01 11:22:00,ARTNA,38.77000045776367,38.77000045776367,38.77000045776367,38.77000045776367,38.77000045776367,256.0
2024-08-01 11:22:00,AY,22.114999771118164,22.114999771118164,22.114999771118164,22.114999771118164,22.114999771118164,358.0
2024-08-01 11:22:00,CEG,182.72999572753906,182.72999572753906,183.3000030517578,182.72999572753906,183.25999450683594,9626.0
2024-08-01 11:22:00,CWCO,28.06999969482422,28.06999969482422,28.06999969482422,28.06999969482422,28.06999969482422,904.0
2024-08-01 11:22:00,EXC,37.650001525878906,37.650001525878906,37.68000030517578,37.63999938964844,37.68000030517578,9058.0
2024-08-01 11:22:00,FLNC,15.859999656677246,15.859999656677246,15.899999618530273,15.859999656677246,15.890000343322754,2337.0
2024-08-01 11:22:00,LNT,56.0099983215332,56.0099983215332,56.04999923706055,56.0099983215332,56.04999923706055,3379.0
2024-08-01 11:22:00,MGEE,87.2699966430664,87.2699966430664,87.2750015258789,87.2699966430664,87.2750015258789,392.0
2024-08-01 11:22:00,MNTK,5.710000038146973,5.710000038146973,5.710000038146973,5.710000038146973,5.710000038146973,511.0
2024-08-01 11:22:00,NFE,19.109899520874023,19.109899520874023,19.110000610351562,19.079999923706055,19.110000610351562,6997.0
2024-08-01 11:22:00,NWE,52.93000030517578,52.93000030517578,52.93000030517578,52.93000030517578,52.93000030517578,729.0
2024-08-01 11:22:00,OTTR,93.96499633789062,93.96499633789062,93.96499633789062,93.96499633789062,93.96499633789062,786.0
2024-08-01 11:22:00,RNW,6.0,6.0,6.0,6.0,6.0,1620.0
2024-08-01 11:22:00,XEL,57.150001525878906,57.150001525878906,57.220001220703125,57.13999938964844,57.220001220703125,7131.0
2024-08-01 11:23:00,AEP,98.94999694824219,98.94999694824219,99.0,98.94999694824219,98.95500183105469,8629.0
2024-08-01 11:23:00,CDZI,3.549999952316284,3.549999952316284,3.549999952316284,3.549999952316284,3.549999952316284,311.0
2024-08-01 11:23:00,CEG,182.35000610351562,182.35000610351562,182.55999755859375,182.25999450683594,182.55999755859375,3768.0
2024-08-01 11:23:00,EXC,37.68000030517578,37.68000030517578,37.685001373291016,37.65999984741211,37.65999984741211,5485.0
2024-08-01 11:23:00,FLNC,15.859999656677246,15.859999656677246,15.880000114440918,15.850000381469727,15.850000381469727,4680.0
2024-08-01 11:23:00,LNT,56.040000915527344,56.040000915527344,56.060001373291016,56.029998779296875,56.029998779296875,2959.0
2024-08-01 11:23:00,MGEE,87.13999938964844,87.13999938964844,87.4800033569336,87.12000274658203,87.12000274658203,2120.0
2024-08-01 11:23:00,MSEX,64.80000305175781,64.80000305175781,64.8499984741211,64.80000305175781,64.8499984741211,953.0
2024-08-01 11:23:00,NFE,19.100000381469727,19.100000381469727,19.114999771118164,19.100000381469727,19.110000610351562,2306.0
2024-08-01 11:23:00,NWE,53.005001068115234,53.005001068115234,53.005001068115234,52.970001220703125,52.970001220703125,1836.0
2024-08-01 11:23:00,RNW,5.994999885559082,5.994999885559082,5.994999885559082,5.994999885559082,5.994999885559082,777.0
2024-08-01 11:23:00,XEL,57.16999816894531,57.16999816894531,57.20000076293945,57.154998779296875,57.15999984741211,4520.0
2024-08-01 11:24:00,AEP,98.91999816894531,98.91999816894531,98.97000122070312,98.9000015258789,98.97000122070312,2431.0
2024-08-01 11:24:00,ARTNA,38.79499816894531,38.79499816894531,38.79499816894531,38.689998626708984,38.689998626708984,307.0
2024-08-01 11:24:00,CEG,183.04910278320312,183.04910278320312,183.3800048828125,182.38499450683594,182.5,23439.0
2024-08-01 11:24:00,EXC,37.665000915527344,37.665000915527344,37.685001373291016,37.65999984741211,37.685001373291016,7703.0
2024-08-01 11:24:00,FLNC,15.899999618530273,15.899999618530273,15.899999618530273,15.859999656677246,15.859999656677246,3699.0
2024-08-01 11:24:00,LNT,56.0099983215332,56.0099983215332,56.029998779296875,56.0099983215332,56.029998779296875,1682.0
2024-08-01 11:24:00,NFE,19.104999542236328,19.104999542236328,19.104999542236328,19.104999542236328,19.104999542236328,1360.0
2024-08-01 11:24:00,XEL,57.13999938964844,57.13999938964844,57.150001525878906,57.099998474121094,57.11000061035156,5723.0
2024-08-01 11:25:00,AEP,98.97989654541016,98.97989654541016,98.9800033569336,98.88500213623047,98.91999816894531,8712.0
2024-08-01 11:25:00,ARTNA,38.68000030517578,38.68000030517578,38.68000030517578,38.68000030517578,38.68000030517578,131.0
2024-08-01 11:25:00,AY,22.110000610351562,22.110000610351562,22.110000610351562,22.110000610351562,22.110000610351562,644.0
2024-08-01 11:25:00,CEG,183.05499267578125,183.05499267578125,183.4499969482422,182.9149932861328,182.9499969482422,12375.0
2024-08-01 11:25:00,EXC,37.665000915527344,37.665000915527344,37.67499923706055,37.65999984741211,37.66999816894531,3700.0
2024-08-01 11:25:00,LNT,56.0099983215332,56.0099983215332,56.0099983215332,56.0,56.0,2904.0
2024-08-01 11:25:00,MSEX,64.61009979248047,64.61009979248047,64.61009979248047,64.61009979248047,64.61009979248047,2070.0
2024-08-01 11:25:00,NFE,19.1299991607666,19.1299991607666,19.1299991607666,19.1200008392334,19.1200008392334,882.0
2024-08-01 11:25:00,NWE,52.97999954223633,52.97999954223633,53.0,52.97999954223633,53.0,372.0
2024-08-01 11:25:00,OTTR,93.88999938964844,93.88999938964844,93.88999938964844,93.88999938964844,93.88999938964844,301.0
2024-08-01 11:25:00,XEL,57.0,57.0,57.13999938964844,56.98500061035156,57.13999938964844,5598.0
2024-08-01 11:26:00,AEP,98.95500183105469,98.95500183105469,98.97000122070312,98.92749786376953,98.92749786376953,4725.0
2024-08-01 11:26:00,CEG,183.1300048828125,183.1300048828125,183.14999389648438,182.96499633789062,183.0399932861328,19929.0
2024-08-01 11:26:00,CREG,0.9100000262260437,0.9100000262260437,0.9100000262260437,0.9100000262260437,0.9100000262260437,200.0
2024-08-01 11:26:00,EXC,37.625,37.625,37.65999984741211,37.61000061035156,37.65999984741211,7988.0
2024-08-01 11:26:00,FLNC,15.88599967956543,15.88599967956543,15.895000457763672,15.875,15.880000114440918,1821.0
2024-08-01 11:26:00,LNT,55.9900016784668,55.9900016784668,56.005001068115234,55.97999954223633,56.005001068115234,1690.0
2024-08-01 11:26:00,NFE,19.139999389648438,19.139999389648438,19.139999389648438,19.1299991607666,19.1299991607666,1397.0
2024-08-01 11:26:00,XEL,56.910099029541016,56.910099029541016,56.970001220703125,56.88999938964844,56.970001220703125,9115.0
2024-08-01 11:27:00,AEP,98.95999908447266,98.95999908447266,98.95999908447266,98.95999908447266,98.95999908447266,4497.0
2024-08-01 11:27:00,ARTNA,38.68000030517578,38.68000030517578,38.68000030517578,38.68000030517578,38.68000030517578,151.0
2024-08-01 11:27:00,CEG,182.75999450683594,182.75999450683594,182.75999450683594,182.75999450683594,182.75999450683594,6333.0
2024-08-01 11:27:00,EXC,37.625,37.625,37.625,37.625,37.625,3450.0
2024-08-01 11:27:00,FLNC,15.880000114440918,15.880000114440918,15.880000114440918,15.880000114440918,15.880000114440918,821.0
2024-08-01 11:27:00,LNT,55.97999954223633,55.97999954223633,56.0,55.97999954223633,55.994998931884766,1787.0
2024-08-01 11:27:00,MGEE,87.48999786376953,87.48999786376953,87.48999786376953,87.48999786376953,87.48999786376953,211.0
2024-08-01 11:27:00,MNTK,5.710000038146973,5.710000038146973,5.710000038146973,5.710000038146973,5.710000038146973,562.0
2024-08-01 11:27:00,NFE,19.15999984741211,19.15999984741211,19.15999984741211,19.15999984741211,19.15999984741211,1120.0
2024-08-01 11:27:00,OTTR,93.91999816894531,93.91999816894531,93.91999816894531,93.91999816894531,93.91999816894531,154.0
2024-08-01 11:27:00,XEL,56.9900016784668,56.9900016784668,56.9900016784668,56.9900016784668,56.9900016784668,11603.0
2024-08-01 11:28:00,AEP,99.05000305175781,99.05000305175781,99.05000305175781,98.9800033569336,98.9800033569336,3586.0
2024-08-01 11:28:00,AY,22.114999771118164,22.114999771118164,22.114999771118164,22.114999771118164,22.114999771118164,151.0
2024-08-01 11:28:00,CEG,183.00999450683594,183.00999450683594,183.00999450683594,182.55999755859375,182.77999877929688,3270.0
2024-08-01 11:28:00,EXC,37.6349983215332,37.6349983215332,37.6349983215332,37.619998931884766,37.630001068115234,7047.0
2024-08-01 11:28:00,FLNC,15.890000343322754,15.890000343322754,15.890000343322754,15.859999656677246,15.859999656677246,2553.0
2024-08-01 11:28:00,LNT,56.02000045776367,56.02000045776367,56.029998779296875,55.98500061035156,55.98500061035156,4579.0
2024-08-01 11:28:00,MGEE,87.5,87.5,87.5,87.5,87.5,1133.0
2024-08-01 11:28:00,NFE,19.139999389648438,19.139999389648438,19.15999984741211,19.139999389648438,19.15999984741211,2305.0
2024-08-01 11:28:00,NWE,53.040000915527344,53.040000915527344,53.040000915527344,53.040000915527344,53.040000915527344,925.0
2024-08-01 11:28:00,OTTR,93.9800033569336,93.9800033569336,93.9800033569336,93.9800033569336,93.9800033569336,349.0
2024-08-01 11:28:00,PCYO,10.608400344848633,10.608400344848633,10.608400344848633,10.608400344848633,10.608400344848633,1265.0
2024-08-01 11:28:00,RNW,6.0,6.0,6.0,6.0,6.0,677.0
2024-08-01 11:28:00,WAVE,2.875,2.875,2.875,2.875,2.875,860.0
2024-08-01 11:28:00,XEL,57.04999923706055,57.04999923706055,57.060001373291016,57.02000045776367,57.03499984741211,2862.0
2024-08-01 11:29:00,AEP,99.12000274658203,99.12000274658203,99.12000274658203,99.04000091552734,99.05000305175781,4526.0
2024-08-01 11:29:00,ARTNA,38.69599914550781,38.69599914550781,38.69599914550781,38.69599914550781,38.69599914550781,305.0
2024-08-01 11:29:00,AY,22.111000061035156,22.111000061035156,22.111000061035156,22.111000061035156,22.111000061035156,691.0
2024-08-01 11:29:00,CDZI,3.5450000762939453,3.5450000762939453,3.5450000762939453,3.5450000762939453,3.5450000762939453,300.0
2024-08-01 11:29:00,CEG,183.00999450683594,183.00999450683594,183.00999450683594,182.6999969482422,182.6999969482422,2019.0
2024-08-01 11:29:00,EXC,37.65999984741211,37.65999984741211,37.65999984741211,37.625,37.630001068115234,17828.0
2024-08-01 11:29:00,FLNC,15.875,15.875,15.890000343322754,15.869999885559082,15.890000343322754,4890.0
2024-08-01 11:29:00,LNT,56.02000045776367,56.02000045776367,56.02000045776367,56.02000045776367,56.02000045776367,952.0
2024-08-01 11:29:00,NFE,19.1200008392334,19.1200008392334,19.139999389648438,19.1200008392334,19.139999389648438,1595.0
2024-08-01 11:29:00,NWE,52.9900016784668,52.9900016784668,53.040000915527344,52.970001220703125,53.040000915527344,3643.0
2024-08-01 11:29:00,OTTR,93.76100158691406,93.76100158691406,93.99870300292969,93.76100158691406,93.91999816894531,2169.0
2024-08-01 11:29:00,RNW,6.0,6.0,6.0,6.0,6.0,113.0
2024-08-01 11:29:00,XEL,57.06999969482422,57.06999969482422,57.099998474121094,57.04999923706055,57.06999969482422,4095.0
2024-08-01 11:30:00,AEP,99.17610168457031,99.17610168457031,99.17610168457031,99.12999725341797,99.12999725341797,2144.0
2024-08-01 11:30:00,ARTNA,38.779998779296875,38.779998779296875,38.779998779296875,38.779998779296875,38.779998779296875,200.0
2024-08-01 11:30:00,CDZI,3.5450000762939453,3.5450000762939453,3.5450000762939453,3.5450000762939453,3.5450000762939453,10.0
2024-08-01 11:30:00,CEG,182.53500366210938,182.53500366210938,182.80999755859375,182.41000366210938,182.80999755859375,4372.0
2024-08-01 11:30:00,EXC,37.65999984741211,37.65999984741211,37.689998626708984,37.650001525878906,37.665000915527344,18182.0
2024-08-01 11:30:00,FLNC,15.880000114440918,15.880000114440918,15.880000114440918,15.875,15.875,3243.0
2024-08-01 11:30:00,LNT,56.09000015258789,56.09000015258789,56.11000061035156,56.04999923706055,56.04999923706055,5841.0
2024-08-01 11:30:00,MSEX,64.88999938964844,64.88999938964844,64.96499633789062,64.87999725341797,64.87999725341797,2236.0
2024-08-01 11:30:00,NFE,19.110000610351562,19.110000610351562,19.110000610351562,19.100000381469727,19.110000610351562,1471.0
2024-08-01 11:30:00,NWE,53.03499984741211,53.03499984741211,53.040000915527344,53.03499984741211,53.040000915527344,918.0
2024-08-01 11:30:00,RNW,5.99560022354126,5.99560022354126,5.99560022354126,5.99560022354126,5.99560022354126,497.0
2024-08-01 11:30:00,XEL,57.22999954223633,57.22999954223633,57.25,57.150001525878906,57.150001525878906,3728.0
2024-08-01 11:31:00,AEP,99.16000366210938,99.16000366210938,99.20999908447266,99.1500015258789,99.20999908447266,3976.0
2024-08-01 11:31:00,CEG,182.97000122070312,182.97000122070312,182.97000122070312,182.72000122070312,182.74000549316406,5486.0
2024-08-01 11:31:00,CWCO,28.049999237060547,28.049999237060547,28.049999237060547,28.049999237060547,28.049999237060547,519.0
2024-08-01 11:31:00,EXC,37.63999938964844,37.63999938964844,37.665000915527344,37.63999938964844,37.665000915527344,10459.0
2024-08-01 11:31:00,FLNC,15.880000114440918,15.880000114440918,15.880000114440918,15.869999885559082,15.869999885559082,685.0
2024-08-01 11:31:00,LNT,56.06999969482422,56.06999969482422,56.11000061035156,56.060001373291016,56.11000061035156,3051.0
2024-08-01 11:31:00,MNTK,5.710000038146973,5.710000038146973,5.71999979019165,5.710000038146973,5.71999979019165,1369.0
2024-08-01 11:31:00,NFE,19.110000610351562,19.110000610351562,19.1299991607666,19.110000610351562,19.1200008392334,3011.0
2024-08-01 11:31:00,NWE,53.0099983215332,53.0099983215332,53.0099983215332,53.0099983215332,53.0099983215332,525.0
2024-08-01 11:31:00,OPAL,3.9800000190734863,3.9800000190734863,4.000100135803223,3.9800000190734863,4.0,5500.0
2024-08-01 11:31:00,OTTR,93.87000274658203,93.87000274658203,93.87000274658203,93.87000274658203,93.87000274658203,573.0
2024-08-01 11:31:00,RNW,5.950099945068359,5.950099945068359,6.0,5.949999809265137,6.0,20943.0
2024-08-01 11:31:00,XEL,57.279998779296875,57.279998779296875,57.279998779296875,57.22999954223633,57.25,6611.0
2024-08-01 11:32:00,AEP,99.19999694824219,99.19999694824219,99.24500274658203,99.19999694824219,99.2249984741211,3411.0
2024-08-01 11:32:00,ARTNA,38.66999816894531,38.66999816894531,38.66999816894531,38.66999816894531,38.66999816894531,100.0
2024-08-01 11:32:00,BNRG,0.7601000070571899,0.7601000070571899,0.7601000070571899,0.7601000070571899,0.7601000070571899,535.0
2024-08-01 11:32:00,CDZI,3.5596001148223877,3.5596001148223877,3.5596001148223877,3.5596001148223877,3.5596001148223877,266.0
2024-08-01 11:32:00,CEG,183.0,183.0,183.1199951171875,182.77740478515625,182.77740478515625,13007.0
2024-08-01 11:32:00,EXC,37.65999984741211,37.65999984741211,37.665000915527344,37.61000061035156,37.64500045776367,70393.0
2024-08-01 11:32:00,FLNC,15.859999656677246,15.859999656677246,15.880000114440918,15.859999656677246,15.880000114440918,2237.0
2024-08-01 11:32:00,LNT,56.06999969482422,56.06999969482422,56.084999084472656,56.06999969482422,56.08000183105469,1421.0
2024-08-01 11:32:00,MNTK,5.730000019073486,5.730000019073486,5.730000019073486,5.71999979019165,5.71999979019165,577.0
2024-08-01 11:32:00,NFE,19.119400024414062,19.119400024414062,19.119400024414062,19.119400024414062,19.119400024414062,578.0
2024-08-01 11:32:00,NWE,53.01499938964844,53.01499938964844,53.01499938964844,53.01499938964844,53.01499938964844,482.0
2024-08-01 11:32:00,XEL,57.310001373291016,57.310001373291016,57.400001525878906,57.29999923706055,57.34000015258789,5775.0
2024-08-01 11:33:00,AEP,99.13999938964844,99.13999938964844,99.19000244140625,99.12000274658203,99.18000030517578,4325.0
2024-08-01 11:33:00,CEG,182.51499938964844,182.51499938964844,183.1199951171875,182.36000061035156,183.0,12999.0
2024-08-01 11:33:00,EXC,37.6349983215332,37.6349983215332,37.665000915527344,37.630001068115234,37.665000915527344,12631.0
2024-08-01 11:33:00,FLNC,15.850000381469727,15.850000381469727,15.890000343322754,15.850000381469727,15.880000114440918,5428.0
2024-08-01 11:33:00,LNT,56.029998779296875,56.029998779296875,56.05500030517578,56.020198822021484,56.05500030517578,2462.0
2024-08-01 11:33:00,MSEX,64.69999694824219,64.69999694824219,64.69999694824219,64.69999694824219,64.69999694824219,404.0
2024-08-01 11:33:00,NFE,19.1299991607666,19.1299991607666,19.1299991607666,19.110000610351562,19.1200008392334,3572.0
2024-08-01 11:33:00,NWE,53.04499816894531,53.04499816894531,53.060001373291016,53.04499816894531,53.060001373291016,832.0
2024-08-01 11:33:00,XEL,57.310001373291016,57.310001373291016,57.310001373291016,57.27009963989258,57.310001373291016,3490.0
2024-08-01 11:34:00,AEP,99.08000183105469,99.08000183105469,99.12999725341797,99.06999969482422,99.12999725341797,3233.0
2024-08-01 11:34:00,ARTNA,38.66999816894531,38.66999816894531,38.66999816894531,38.66999816894531,38.66999816894531,113.0
2024-08-01 11:34:00,AY,22.114999771118164,22.114999771118164,22.114999771118164,22.114999771118164,22.114999771118164,575.0
2024-08-01 11:34:00,CEG,182.77999877929688,182.77999877929688,182.77999877929688,182.38999938964844,182.52999877929688,6834.0
2024-08-01 11:34:00,CWCO,28.040000915527344,28.040000915527344,28.040000915527344,28.040000915527344,28.040000915527344,324.0
2024-08-01 11:34:00,EXC,37.630001068115234,37.630001068115234,37.6349983215332,37.599998474121094,37.6349983215332,17171.0
2024-08-01 11:34:00,FLNC,15.859999656677246,15.859999656677246,15.859999656677246,15.84000015258789,15.850000381469727,3717.0
2024-08-01 11:34:00,LNT,56.02000045776367,56.02000045776367,56.029998779296875,56.01499938964844,56.029998779296875,3801.0
2024-08-01 11:34:00,MNTK,5.71999979019165,5.71999979019165,5.71999979019165,5.71999979019165,5.71999979019165,920.0
2024-08-01 11:34:00,MSEX,64.65499877929688,64.65499877929688,64.65499877929688,64.65499877929688,64.65499877929688,354.0
2024-08-01 11:34:00,NFE,19.139999389648438,19.139999389648438,19.139999389648438,19.139999389648438,19.139999389648438,956.0
2024-08-01 11:34:00,NWE,53.060001373291016,53.060001373291016,53.060001373291016,53.060001373291016,53.060001373291016,183.0
2024-08-01 11:34:00,RNW,5.949999809265137,5.949999809265137,5.949999809265137,5.949999809265137,5.949999809265137,200.0
2024-08-01 11:34:00,XEL,57.279998779296875,57.279998779296875,57.349998474121094,57.279998779296875,57.29999923706055,5641.0
2024-08-01 11:35:00,AEP,99.0999984741211,99.0999984741211,99.0999984741211,99.05999755859375,99.08000183105469,3590.0
2024-08-01 11:35:00,ARTNA,38.70199966430664,38.70199966430664,38.70199966430664,38.70199966430664,38.70199966430664,1306.0
2024-08-01 11:35:00,AY,22.114999771118164,22.114999771118164,22.114999771118164,22.114999771118164,22.114999771118164,401.0
2024-08-01 11:35:00,CEG,182.81500244140625,182.81500244140625,182.82000732421875,182.55999755859375,182.6199951171875,1936.0
2024-08-01 11:35:00,CREG,0.9000999927520752,0.9000999927520752,0.9000999927520752,0.9000999927520752,0.9000999927520752,10001.0
2024-08-01 11:35:00,CWCO,28.020000457763672,28.020000457763672,28.040000915527344,28.020000457763672,28.030000686645508,345.0
2024-08-01 11:35:00,EXC,37.68000030517578,37.68000030517578,37.720001220703125,37.619998931884766,37.630001068115234,38865.0
2024-08-01 11:35:00,FLNC,15.859999656677246,15.859999656677246,15.859999656677246,15.84000015258789,15.84000015258789,1891.0
2024-08-01 11:35:00,LNT,56.0,56.0,56.02000045776367,56.0,56.0099983215332,2275.0
2024-08-01 11:35:00,MGEE,87.19999694824219,87.19999694824219,87.24250030517578,87.19999694824219,87.24250030517578,1847.0
2024-08-01 11:35:00,MNTK,5.710000038146973,5.710000038146973,5.710000038146973,5.710000038146973,5.710000038146973,456.0
2024-08-01 11:35:00,MSEX,64.67500305175781,64.67500305175781,64.67500305175781,64.66999816894531,64.66999816894531,929.0
2024-08-01 11:35:00,NFE,19.1200008392334,19.1200008392334,19.139999389648438,19.1200008392334,19.139999389648438,1456.0
2024-08-01 11:35:00,NWE,53.04999923706055,53.04999923706055,53.08000183105469,53.04999923706055,53.04999923706055,4773.0
2024-08-01 11:35:00,OTTR,93.62999725341797,93.62999725341797,93.62999725341797,93.62999725341797,93.62999725341797,313.0
2024-08-01 11:35:00,RNW,5.949999809265137,5.949999809265137,5.949999809265137,5.949999809265137,5.949999809265137,520.0
2024-08-01 11:35:00,XEL,57.25,57.25,57.25,57.19499969482422,57.25,6375.0
2024-08-01 11:36:00,AEP,99.06999969482422,99.06999969482422,99.11000061035156,99.06999969482422,99.11000061035156,4004.0
2024-08-01 11:36:00,CEG,182.29629516601562,182.29629516601562,182.5749969482422,182.17999267578125,182.5749969482422,5526.0
2024-08-01 11:36:00,EXC,37.619998931884766,37.619998931884766,37.69499969482422,37.584999084472656,37.66999816894531,12743.0
2024-08-01 11:36:00,FLNC,15.84000015258789,15.84000015258789,15.854999542236328,15.84000015258789,15.850000381469727,3671.0
2024-08-01 11:36:00,LNT,56.0,56.0,56.0099983215332,56.0,56.0099983215332,1254.0
2024-08-01 11:36:00,MSEX,64.5,64.5,64.5,64.5,64.5,493.0
2024-08-01 11:36:00,NFE,19.092500686645508,19.092500686645508,19.129899978637695,19.09000015258789,19.129899978637695,5224.0
2024-08-01 11:36:00,NWE,53.04999923706055,53.04999923706055,53.04999923706055,53.029998779296875,53.029998779296875,583.0
2024-08-01 11:36:00,OPAL,4.009900093078613,4.009900093078613,4.009900093078613,4.009900093078613,4.009900093078613,113.0
2024-08-01 11:36:00,OTTR,93.38999938964844,93.38999938964844,93.38999938964844,93.38999938964844,93.38999938964844,134.0
2024-08-01 11:36:00,RNW,5.931399822235107,5.931399822235107,5.940000057220459,5.931399822235107,5.940000057220459,18438.0
2024-08-01 11:36:00,VIASP,19.940000534057617,19.940000534057617,19.940000534057617,19.940000534057617,19.940000534057617,0.0
2024-08-01 11:36:00,XEL,57.20000076293945,57.20000076293945,57.29499816894531,57.16999816894531,57.27000045776367,6750.0
2024-08-01 11:37:00,AEP,99.11000061035156,99.11000061035156,99.125,99.06999969482422,99.06999969482422,2834.0
2024-08-01 11:37:00,AY,22.114999771118164,22.114999771118164,22.114999771118164,22.110000610351562,22.114999771118164,2517.0
2024-08-01 11:37:00,CEG,182.09500122070312,182.09500122070312,182.30999755859375,182.09500122070312,182.3000030517578,10990.0
2024-08-01 11:37:00,CWCO,28.179899215698242,28.179899215698242,28.179899215698242,28.179899215698242,28.179899215698242,992.0
2024-08-01 11:37:00,EXC,37.60929870605469,37.60929870605469,37.61000061035156,37.595001220703125,37.61000061035156,11769.0
2024-08-01 11:37:00,FLNC,15.829999923706055,15.829999923706055,15.829999923706055,15.819999694824219,15.829999923706055,1728.0
2024-08-01 11:37:00,LNT,56.0,56.0,56.0099983215332,55.97999954223633,55.97999954223633,3569.0
2024-08-01 11:37:00,NFE,19.094999313354492,19.094999313354492,19.100000381469727,19.09000015258789,19.100000381469727,3739.0
2024-08-01 11:37:00,NWE,53.11000061035156,53.11000061035156,53.11000061035156,53.060001373291016,53.060001373291016,1878.0
2024-08-01 11:37:00,OTTR,93.52999877929688,93.52999877929688,93.66000366210938,93.52999877929688,93.61000061035156,565.0
2024-08-01 11:37:00,PCYO,10.569999694824219,10.569999694824219,10.569999694824219,10.550000190734863,10.550000190734863,617.0
2024-08-01 11:37:00,RNW,5.934999942779541,5.934999942779541,5.934999942779541,5.934999942779541,5.934999942779541,527.0
2024-08-01 11:37:00,XEL,57.36000061035156,57.36000061035156,57.36000061035156,57.209999084472656,57.209999084472656,7987.0
2024-08-01 11:38:00,AEP,99.19000244140625,99.19000244140625,99.20500183105469,99.11000061035156,99.11000061035156,3821.0
2024-08-01 11:38:00,CDZI,3.5425000190734863,3.5425000190734863,3.5425000190734863,3.5425000190734863,3.5425000190734863,159.0
2024-08-01 11:38:00,CEG,181.75999450683594,181.75999450683594,182.30999755859375,181.75999450683594,182.0399932861328,30279.0
2024-08-01 11:38:00,EXC,37.665000915527344,37.665000915527344,37.66999816894531,37.59410095214844,37.599998474121094,9535.0
2024-08-01 11:38:00,FLNC,15.84000015258789,15.84000015258789,15.854999542236328,15.84000015258789,15.84000015258789,2853.0
2024-08-01 11:38:00,LNT,56.0,56.0,56.0099983215332,55.9900016784668,55.9900016784668,1341.0
2024-08-01 11:38:00,NFE,19.110000610351562,19.110000610351562,19.110000610351562,19.100000381469727,19.100000381469727,1484.0
2024-08-01 11:38:00,NWE,53.125,53.125,53.125,53.125,53.125,639.0
2024-08-01 11:38:00,OTTR,93.70999908447266,93.70999908447266,93.70999908447266,93.70999908447266,93.70999908447266,1253.0
2024-08-01 11:38:00,XEL,57.33000183105469,57.33000183105469,57.38999938964844,57.33000183105469,57.36000061035156,4198.0
2024-08-01 11:39:00,AEP,99.25,99.25,99.26000213623047,99.16999816894531,99.18000030517578,14454.0
2024-08-01 11:39:00,CEG,181.75,181.75,181.90089416503906,181.72000122070312,181.75,2565.0
2024-08-01 11:39:00,EXC,37.689998626708984,37.689998626708984,37.709999084472656,37.665000915527344,37.665000915527344,5107.0
2024-08-01 11:39:00,FLNC,15.829999923706055,15.829999923706055,15.84000015258789,15.819999694824219,15.84000015258789,1634.0
2024-08-01 11:39:00,HTOO,0.8384000062942505,0.8384000062942505,0.8384000062942505,0.8320000171661377,0.8320000171661377,2294.0
2024-08-01 11:39:00,LNT,56.025001525878906,56.025001525878906,56.025001525878906,56.0,56.0,2858.0
2024-08-01 11:39:00,MNTK,5.715000152587891,5.715000152587891,5.715000152587891,5.715000152587891,5.715000152587891,621.0
2024-08-01 11:39:00,NFE,19.10070037841797,19.10070037841797,19.110000610351562,19.10070037841797,19.110000610351562,1861.0
2024-08-01 11:39:00,RNW,5.934999942779541,5.934999942779541,5.934999942779541,5.934999942779541,5.934999942779541,652.0
2024-08-01 11:39:00,XEL,57.43000030517578,57.43000030517578,57.43000030517578,57.34000015258789,57.34000015258789,3576.0
2024-08-01 11:40:00,AEP,99.23999786376953,99.23999786376953,99.28500366210938,99.23999786376953,99.26000213623047,4121.0
2024-08-01 11:40:00,CDZI,3.5450000762939453,3.5450000762939453,3.5450000762939453,3.5450000762939453,3.5450000762939453,200.0
2024-08-01 11:40:00,CEG,181.69500732421875,181.69500732421875,181.82080078125,181.50999450683594,181.8148956298828,7276.0
2024-08-01 11:40:00,CWCO,28.030000686645508,28.030000686645508,28.030000686645508,28.030000686645508,28.030000686645508,529.0
2024-08-01 11:40:00,EXC,37.70500183105469,37.70500183105469,37.71500015258789,37.689998626708984,37.69499969482422,23627.0
2024-08-01 11:40:00,FLNC,15.789999961853027,15.789999961853027,15.819999694824219,15.789999961853027,15.8100004196167,9266.0
2024-08-01 11:40:00,LNT,56.060001373291016,56.060001373291016,56.060001373291016,56.029998779296875,56.029998779296875,2716.0
2024-08-01 11:40:00,MSEX,64.79000091552734,64.79000091552734,64.80999755859375,64.7300033569336,64.80999755859375,834.0
2024-08-01 11:40:00,NFE,19.09000015258789,19.09000015258789,19.110000610351562,19.059999465942383,19.100000381469727,25747.0
2024-08-01 11:40:00,NWE,53.18000030517578,53.18000030517578,53.18000030517578,53.15999984741211,53.15999984741211,1015.0
2024-08-01 11:40:00,XEL,57.428001403808594,57.428001403808594,57.4900016784668,57.428001403808594,57.4900016784668,4565.0
2024-08-01 11:41:00,AEP,99.30500030517578,99.30500030517578,99.31999969482422,99.23999786376953,99.26000213623047,4439.0
2024-08-01 11:41:00,CEG,181.30499267578125,181.30499267578125,181.6999969482422,181.2100067138672,181.6999969482422,9648.0
2024-08-01 11:41:00,EXC,37.724998474121094,37.724998474121094,37.72999954223633,37.70500183105469,37.70500183105469,23291.0
2024-08-01 11:41:00,FLNC,15.800000190734863,15.800000190734863,15.800000190734863,15.779999732971191,15.779999732971191,4305.0
2024-08-01 11:41:00,LNT,56.099998474121094,56.099998474121094,56.099998474121094,56.06999969482422,56.06999969482422,2628.0
2024-08-01 11:41:00,MSEX,64.83999633789062,64.83999633789062,64.83999633789062,64.83999633789062,64.83999633789062,305.0
2024-08-01 11:41:00,NFE,19.100000381469727,19.100000381469727,19.100000381469727,19.082000732421875,19.099899291992188,2858.0
2024-08-01 11:41:00,NWE,53.22999954223633,53.22999954223633,53.22999954223633,53.209999084472656,53.209999084472656,405.0
2024-08-01 11:41:00,RNW,5.934999942779541,5.934999942779541,5.940000057220459,5.934999942779541,5.934999942779541,610.0
2024-08-01 11:41:00,XEL,57.5099983215332,57.5099983215332,57.5099983215332,57.415000915527344,57.415000915527344,39424.0
2024-08-01 11:42:00,AEP,99.3949966430664,99.3949966430664,99.3949966430664,99.31999969482422,99.33000183105469,5406.0
2024-08-01 11:42:00,CEG,181.30999755859375,181.30999755859375,181.31500244140625,181.0500030517578,181.31500244140625,8515.0
2024-08-01 11:42:00,EXC,37.724998474121094,37.724998474121094,37.724998474121094,37.724998474121094,37.724998474121094,22674.0
2024-08-01 11:42:00,FLNC,15.800000190734863,15.800000190734863,15.805000305175781,15.78499984741211,15.789999961853027,3237.0
2024-08-01 11:42:00,LNT,56.13999938964844,56.13999938964844,56.13999938964844,56.099998474121094,56.099998474121094,938.0
2024-08-01 11:42:00,MSEX,64.88999938964844,64.88999938964844,64.88999938964844,64.88999938964844,64.88999938964844,1042.0
2024-08-01 11:42:00,NFE,19.09000015258789,19.09000015258789,19.09000015258789,19.09000015258789,19.09000015258789,890.0
2024-08-01 11:42:00,NWE,53.2599983215332,53.2599983215332,53.2599983215332,53.244998931884766,53.244998931884766,277.0
2024-08-01 11:42:00,OPAL,3.9858999252319336,3.9858999252319336,3.9858999252319336,3.9858999252319336,3.9858999252319336,242.0
2024-08-01 11:42:00,RNW,5.934999942779541,5.934999942779541,5.934999942779541,5.929999828338623,5.929999828338623,12140.0
2024-08-01 11:42:00,XEL,57.619998931884766,57.619998931884766,57.619998931884766,57.5,57.52000045776367,5717.0
2024-08-01 11:43:00,AEP,99.4000015258789,99.4000015258789,99.44499969482422,99.4000015258789,99.41999816894531,4635.0
2024-08-01 11:43:00,CEG,181.26499938964844,181.26499938964844,181.44400024414062,181.10549926757812,181.3800048828125,10621.0
2024-08-01 11:43:00,CREG,0.9229999780654907,0.9229999780654907,0.9229999780654907,0.9229999780654907,0.9229999780654907,200.0
2024-08-01 11:43:00,EXC,37.73500061035156,37.73500061035156,37.77000045776367,37.724998474121094,37.724998474121094,37465.0
2024-08-01 11:43:00,FLNC,15.8100004196167,15.8100004196167,15.8100004196167,15.789999961853027,15.805000305175781,1258.0
2024-08-01 11:43:00,LNT,56.119998931884766,56.119998931884766,56.15999984741211,56.119998931884766,56.13999938964844,2950.0
2024-08-01 11:43:00,MNTK,5.699999809265137,5.699999809265137,5.699999809265137,5.699999809265137,5.699999809265137,1145.0
2024-08-01 11:43:00,NFE,19.084999084472656,19.084999084472656,19.09000015258789,19.079999923706055,19.09000015258789,3521.0
2024-08-01 11:43:00,NWE,53.220001220703125,53.220001220703125,53.220001220703125,53.209999084472656,53.209999084472656,585.0
2024-08-01 11:43:00,RNW,5.934999942779541,5.934999942779541,5.934999942779541,5.934999942779541,5.934999942779541,0.0
2024-08-01 11:43:00,WAVE,2.9800000190734863,2.9800000190734863,2.9800000190734863,2.880000114440918,2.880000114440918,3812.0
2024-08-01 11:43:00,XEL,57.58000183105469,57.58000183105469,57.64500045776367,57.58000183105469,57.64500045776367,11693.0
2024-08-01 11:44:00,AEP,99.41999816894531,99.41999816894531,99.47000122070312,99.41999816894531,99.47000122070312,3150.0
2024-08-01 11:44:00,CDZI,3.549999952316284,3.549999952316284,3.549999952316284,3.549999952316284,3.549999952316284,126.0
2024-08-01 11:44:00,CEG,181.11000061035156,181.11000061035156,181.39999389648438,181.08999633789062,181.22000122070312,21080.0
2024-08-01 11:44:00,EXC,37.755001068115234,37.755001068115234,37.77000045776367,37.73500061035156,37.73500061035156,58868.0
2024-08-01 11:44:00,FLNC,15.8100004196167,15.8100004196167,15.829999923706055,15.8100004196167,15.8100004196167,2757.0
2024-08-01 11:44:00,LNT,56.150001525878906,56.150001525878906,56.150001525878906,56.119998931884766,56.119998931884766,2049.0
2024-08-01 11:44:00,NFE,19.049999237060547,19.049999237060547,19.1200008392334,19.030000686645508,19.09000015258789,56115.0
2024-08-01 11:44:00,NWE,53.16999816894531,53.16999816894531,53.189998626708984,53.16999816894531,53.189998626708984,410.0
2024-08-01 11:44:00,RNW,5.934000015258789,5.934000015258789,5.934999942779541,5.929999828338623,5.932000160217285,1853.0
2024-08-01 11:44:00,XEL,57.650001525878906,57.650001525878906,57.650001525878906,57.58000183105469,57.58000183105469,4799.0
2024-08-01 11:45:00,AEP,99.45500183105469,99.45500183105469,99.4800033569336,99.43000030517578,99.43000030517578,4284.0
2024-08-01 11:45:00,CEG,180.92999267578125,180.92999267578125,181.19500732421875,180.92999267578125,181.05999755859375,8197.0
2024-08-01 11:45:00,EXC,37.775001525878906,37.775001525878906,37.78499984741211,37.709999084472656,37.75,25356.0
2024-08-01 11:45:00,FLNC,15.80270004272461,15.80270004272461,15.805000305175781,15.80270004272461,15.803000450134277,1040.0
2024-08-01 11:45:00,LNT,56.1349983215332,56.1349983215332,56.15999984741211,56.1349983215332,56.15999984741211,1923.0
2024-08-01 11:45:00,NFE,19.010000228881836,19.010000228881836,19.049999237060547,19.010000228881836,19.049999237060547,22792.0
2024-08-01 11:45:00,NWE,53.13999938964844,53.13999938964844,53.13999938964844,53.13999938964844,53.13999938964844,538.0
2024-08-01 11:45:00,OPAL,3.9800000190734863,3.9800000190734863,3.9800000190734863,3.9800000190734863,3.9800000190734863,79.0
2024-08-01 11:45:00,OTTR,93.58999633789062,93.58999633789062,93.73999786376953,93.58999633789062,93.73999786376953,853.0
2024-08-01 11:45:00,RNW,5.934999942779541,5.934999942779541,5.934999942779541,5.929999828338623,5.929999828338623,210.0
2024-08-01 11:45:00,XEL,57.56999969482422,57.56999969482422,57.66999816894531,57.56999969482422,57.630001068115234,22901.0
2024-08-01 11:46:00,AEP,99.42500305175781,99.42500305175781,99.44000244140625,99.42500305175781,99.44000244140625,1629.0
2024-08-01 11:46:00,CDZI,3.5416998863220215,3.5416998863220215,3.5416998863220215,3.5416998863220215,3.5416998863220215,137.0
2024-08-01 11:46:00,CEG,180.94000244140625,180.94000244140625,181.1199951171875,180.94000244140625,181.08999633789062,6308.0
2024-08-01 11:46:00,EXC,37.73500061035156,37.73500061035156,37.76499938964844,37.7333984375,37.76499938964844,11600.0
2024-08-01 11:46:00,FLNC,15.8100004196167,15.8100004196167,15.8149995803833,15.800000190734863,15.8100004196167,2904.0
2024-08-01 11:46:00,LNT,56.119998931884766,56.119998931884766,56.119998931884766,56.11000061035156,56.11000061035156,3625.0
2024-08-01 11:46:00,MGEE,87.26000213623047,87.26000213623047,87.26000213623047,87.26000213623047,87.26000213623047,237.0
2024-08-01 11:46:00,NFE,19.010000228881836,19.010000228881836,19.020000457763672,19.010000228881836,19.014999389648438,18359.0
2024-08-01 11:46:00,OPAL,3.9800000190734863,3.9800000190734863,3.9800000190734863,3.9800000190734863,3.9800000190734863,1202.0
2024-08-01 11:46:00,PCYO,10.550000190734863,10.550000190734863,10.550000190734863,10.510000228881836,10.520000457763672,2460.0
2024-08-01 11:46:00,RNW,5.929999828338623,5.929999828338623,5.929999828338623,5.929999828338623,5.929999828338623,102.0
2024-08-01 11:46:00,XEL,57.5880012512207,57.5880012512207,57.599998474121094,57.56999969482422,57.56999969482422,9453.0
2024-08-01 11:47:00,AEP,99.38999938964844,99.38999938964844,99.44999694824219,99.37000274658203,99.41500091552734,5556.0
2024-08-01 11:47:00,BNRG,0.7634999752044678,0.7634999752044678,0.7634999752044678,0.7634999752044678,0.7634999752044678,911.0
2024-08-01 11:47:00,CDZI,3.549999952316284,3.549999952316284,3.549999952316284,3.549999952316284,3.549999952316284,1151.0
2024-08-01 11:47:00,CEG,181.3000030517578,181.3000030517578,181.3000030517578,180.97999572753906,180.97999572753906,7751.0
2024-08-01 11:47:00,EXC,37.73500061035156,37.73500061035156,37.73500061035156,37.72999954223633,37.73500061035156,4673.0
2024-08-01 11:47:00,FLNC,15.800000190734863,15.800000190734863,15.819999694824219,15.800000190734863,15.819999694824219,1230.0
2024-08-01 11:47:00,LNT,56.1150016784668,56.1150016784668,56.119998931884766,56.1150016784668,56.119998931884766,963.0
2024-08-01 11:47:00,MGEE,87.20999908447266,87.20999908447266,87.20999908447266,87.20999908447266,87.20999908447266,653.0
2024-08-01 11:47:00,NFE,19.040000915527344,19.040000915527344,19.040000915527344,19.010000228881836,19.014999389648438,25047.0
2024-08-01 11:47:00,NWE,53.130001068115234,53.130001068115234,53.130001068115234,53.099998474121094,53.099998474121094,980.0
2024-08-01 11:47:00,OPAL,3.9649999141693115,3.9649999141693115,3.9649999141693115,3.9649999141693115,3.9649999141693115,69.0
2024-08-01 11:47:00,PCYO,10.520000457763672,10.520000457763672,10.520000457763672,10.520000457763672,10.520000457763672,372.0
2024-08-01 11:47:00,XEL,57.59000015258789,57.59000015258789,57.599998474121094,57.54999923706055,57.56999969482422,7066.0
2024-08-01 11:48:00,AEP,99.25,99.25,99.36499786376953,99.2300033569336,99.36000061035156,4110.0
2024-08-01 11:48:00,CEG,181.04400634765625,181.04400634765625,181.07000732421875,180.81500244140625,181.0,11226.0
2024-08-01 11:48:00,EXC,37.73500061035156,37.73500061035156,37.75749969482422,37.73500061035156,37.73500061035156,36285.0
2024-08-01 11:48:00,FLNC,15.8100004196167,15.8100004196167,15.819999694824219,15.8100004196167,15.8100004196167,6057.0
2024-08-01 11:48:00,LNT,56.099998474121094,56.099998474121094,56.130001068115234,56.099998474121094,56.119998931884766,1778.0
2024-08-01 11:48:00,NFE,19.049999237060547,19.049999237060547,19.062400817871094,19.049999237060547,19.059999465942383,3720.0
2024-08-01 11:48:00,NWE,53.16999816894531,53.16999816894531,53.18000030517578,53.16999816894531,53.18000030517578,1128.0
2024-08-01 11:48:00,XEL,57.63999938964844,57.63999938964844,57.65999984741211,57.560001373291016,57.61000061035156,8738.0
2024-08-01 11:49:00,AEP,99.29000091552734,99.29000091552734,99.30000305175781,99.25,99.25,4303.0
2024-08-01 11:49:00,CEG,181.3300018310547,181.3300018310547,181.42999267578125,180.8291015625,180.94000244140625,6897.0
2024-08-01 11:49:00,EXC,37.76499938964844,37.76499938964844,37.76499938964844,37.72999954223633,37.73500061035156,23894.0
2024-08-01 11:49:00,FLNC,15.819999694824219,15.819999694824219,15.819999694824219,15.800000190734863,15.8100004196167,2342.0
2024-08-01 11:49:00,LNT,56.06999969482422,56.06999969482422,56.09000015258789,56.06999969482422,56.09000015258789,1698.0
2024-08-01 11:49:00,NFE,19.075000762939453,19.075000762939453,19.075000762939453,19.06999969482422,19.06999969482422,1954.0
2024-08-01 11:49:00,OPAL,3.9700000286102295,3.9700000286102295,3.9700000286102295,3.9700000286102295,3.9700000286102295,143.0
2024-08-01 11:49:00,PCYO,10.529999732971191,10.529999732971191,10.529999732971191,10.529999732971191,10.529999732971191,277.0
2024-08-01 11:49:00,RNW,5.934999942779541,5.934999942779541,5.934999942779541,5.929999828338623,5.929999828338623,401.0
2024-08-01 11:49:00,XEL,57.564998626708984,57.564998626708984,57.63999938964844,57.54999923706055,57.619998931884766,5630.0
2024-08-01 11:50:00,AEP,99.36000061035156,99.36000061035156,99.36000061035156,99.33000183105469,99.33000183105469,3505.0
2024-08-01 11:50:00,AY,22.114999771118164,22.114999771118164,22.114999771118164,22.114999771118164,22.114999771118164,877.0
2024-08-01 11:50:00,CEG,180.97999572753906,180.97999572753906,181.42999267578125,180.97999572753906,181.35000610351562,3600.0
2024-08-01 11:50:00,EXC,37.7599983215332,37.7599983215332,37.76499938964844,37.7599983215332,37.76499938964844,16170.0
2024-08-01 11:50:00,FLNC,15.829999923706055,15.829999923706055,15.850000381469727,15.829999923706055,15.829999923706055,3213.0
2024-08-01 11:50:00,LNT,56.099998474121094,56.099998474121094,56.099998474121094,56.07809829711914,56.07809829711914,3203.0
2024-08-01 11:50:00,MGEE,87.33000183105469,87.33000183105469,87.33000183105469,87.33000183105469,87.33000183105469,173.0
2024-08-01 11:50:00,MSEX,64.72000122070312,64.72000122070312,64.72000122070312,64.6500015258789,64.68000030517578,572.0
2024-08-01 11:50:00,NFE,19.079999923706055,19.079999923706055,19.079999923706055,19.079999923706055,19.079999923706055,954.0
2024-08-01 11:50:00,OTTR,93.66000366210938,93.66000366210938,93.80000305175781,93.66000366210938,93.66999816894531,1079.0
2024-08-01 11:50:00,RNW,5.934999942779541,5.934999942779541,5.940000057220459,5.934999942779541,5.934999942779541,888.0
2024-08-01 11:50:00,XEL,57.5,57.5,57.540000915527344,57.4900016784668,57.540000915527344,10707.0
2024-08-01 11:51:00,AEP,99.375,99.375,99.37999725341797,99.34500122070312,99.3499984741211,3554.0
2024-08-01 11:51:00,CEG,181.2449951171875,181.2449951171875,181.2449951171875,180.77999877929688,180.9600067138672,4195.0
2024-08-01 11:51:00,EXC,37.77000045776367,37.77000045776367,37.775001525878906,37.7599983215332,37.7599983215332,13813.0
2024-08-01 11:51:00,FLNC,15.859999656677246,15.859999656677246,15.859999656677246,15.859999656677246,15.859999656677246,487.0
2024-08-01 11:51:00,LNT,56.11000061035156,56.11000061035156,56.11000061035156,56.09000015258789,56.09000015258789,2075.0
2024-08-01 11:51:00,MNTK,5.659999847412109,5.659999847412109,5.659999847412109,5.659999847412109,5.659999847412109,196.0
2024-08-01 11:51:00,NFE,19.100000381469727,19.100000381469727,19.100000381469727,19.070100784301758,19.09000015258789,2358.0
2024-08-01 11:51:00,OTTR,93.58000183105469,93.58000183105469,93.58000183105469,93.58000183105469,93.58000183105469,353.0
2024-08-01 11:51:00,RNW,5.929999828338623,5.929999828338623,5.929999828338623,5.929999828338623,5.929999828338623,200.0
2024-08-01 11:51:00,XEL,57.5,57.5,57.529998779296875,57.46500015258789,57.5099983215332,18191.0
2024-08-01 11:52:00,ADN,4.409999847412109,4.409999847412109,4.409999847412109,4.409999847412109,4.409999847412109,216.0
2024-08-01 11:52:00,AEP,99.2699966430664,99.2699966430664,99.36000061035156,99.25499725341797,99.36000061035156,3792.0
2024-08-01 11:52:00,AY,22.114900588989258,22.114900588989258,22.114900588989258,22.114900588989258,22.114900588989258,1001.0
2024-08-01 11:52:00,CEG,181.4499969482422,181.4499969482422,181.5500030517578,180.89999389648438,181.14500427246094,8470.0
2024-08-01 11:52:00,EXC,37.7400016784668,37.7400016784668,37.775001525878906,37.720001220703125,37.7599983215332,26154.0
2024-08-01 11:52:00,FLNC,15.90999984741211,15.90999984741211,15.90999984741211,15.870100021362305,15.870100021362305,965.0
2024-08-01 11:52:00,LNT,56.09000015258789,56.09000015258789,56.099998474121094,56.060001373291016,56.09000015258789,3808.0
2024-08-01 11:52:00,MGEE,87.44000244140625,87.44000244140625,87.44000244140625,87.44000244140625,87.44000244140625,1084.0
2024-08-01 11:52:00,MNTK,5.679999828338623,5.679999828338623,5.679999828338623,5.679999828338623,5.679999828338623,503.0
2024-08-01 11:52:00,NFE,19.1299991607666,19.1299991607666,19.1299991607666,19.110000610351562,19.110000610351562,1743.0
2024-08-01 11:52:00,OPAL,4.0,4.0,4.010000228881836,3.9649999141693115,3.9649999141693115,5685.0
2024-08-01 11:52:00,RNW,5.934999942779541,5.934999942779541,5.934999942779541,5.934999942779541,5.934999942779541,200.0
2024-08-01 11:52:00,XEL,57.459999084472656,57.459999084472656,57.5099983215332,57.439998626708984,57.5,28939.0
2024-08-01 11:53:00,AEP,99.24500274658203,99.24500274658203,99.24500274658203,99.19999694824219,99.2300033569336,3906.0
2024-08-01 11:53:00,CEG,181.5050048828125,181.5050048828125,181.63999938964844,181.39999389648438,181.63999938964844,11174.0
2024-08-01 11:53:00,EXC,37.7400016784668,37.7400016784668,37.744998931884766,37.709999084472656,37.7400016784668,10026.0
2024-08-01 11:53:00,FLNC,15.9350004196167,15.9350004196167,15.9350004196167,15.90999984741211,15.90999984741211,1018.0
2024-08-01 11:53:00,LNT,56.04999923706055,56.04999923706055,56.06999969482422,56.04999923706055,56.06999969482422,467.0
2024-08-01 11:53:00,NFE,19.139999389648438,19.139999389648438,19.139999389648438,19.1200008392334,19.1200008392334,2566.0
2024-08-01 11:53:00,NWE,53.18000030517578,53.18000030517578,53.18000030517578,53.18000030517578,53.18000030517578,662.0
2024-08-01 11:53:00,OPAL,4.0,4.0,4.0,3.994999885559082,4.0,1506.0
2024-08-01 11:53:00,OTTR,93.80999755859375,93.80999755859375,93.80999755859375,93.80999755859375,93.80999755859375,227.0
2024-08-01 11:53:00,RNW,5.934999942779541,5.934999942779541,5.934999942779541,5.934999942779541,5.934999942779541,218.0
2024-08-01 11:53:00,WAVE,2.9739999771118164,2.9739999771118164,2.9739999771118164,2.9739999771118164,2.9739999771118164,786.0
2024-08-01 11:53:00,XEL,57.33000183105469,57.33000183105469,57.45000076293945,57.310001373291016,57.439998626708984,20893.0
2024-08-01 11:54:00,AEP,99.31500244140625,99.31500244140625,99.31999969482422,99.29000091552734,99.30000305175781,2079.0
2024-08-01 11:54:00,CEG,181.34500122070312,181.34500122070312,181.60000610351562,181.33999633789062,181.60000610351562,3616.0
2024-08-01 11:54:00,EXC,37.775001525878906,37.775001525878906,37.779998779296875,37.744998931884766,37.744998931884766,7103.0
2024-08-01 11:54:00,FLNC,15.920000076293945,15.920000076293945,15.9350004196167,15.90999984741211,15.930000305175781,1482.0
2024-08-01 11:54:00,LNT,56.099998474121094,56.099998474121094,56.099998474121094,56.060001373291016,56.060001373291016,4209.0
2024-08-01 11:54:00,MSEX,64.88999938964844,64.88999938964844,64.88999938964844,64.88999938964844,64.88999938964844,246.0
2024-08-01 11:54:00,NFE,19.139999389648438,19.139999389648438,19.139999389648438,19.139999389648438,19.139999389648438,239.0
2024-08-01 11:54:00,NWE,53.20000076293945,53.20000076293945,53.209999084472656,53.20000076293945,53.209999084472656,627.0
2024-08-01 11:54:00,RNW,5.934999942779541,5.934999942779541,5.940000057220459,5.934999942779541,5.940000057220459,365.0
2024-08-01 11:54:00,XEL,57.290000915527344,57.290000915527344,57.369998931884766,57.28499984741211,57.33000183105469,7341.0
2024-08-01 11:55:00,ADN,4.409999847412109,4.409999847412109,4.409999847412109,4.409999847412109,4.409999847412109,214.0
2024-08-01 11:55:00,AEP,99.30000305175781,99.30000305175781,99.32499694824219,99.30000305175781,99.32499694824219,3277.0
2024-08-01 11:55:00,AY,22.114999771118164,22.114999771118164,22.114999771118164,22.114999771118164,22.114999771118164,1052.0
2024-08-01 11:55:00,CEG,181.83999633789062,181.83999633789062,181.83999633789062,181.34500122070312,181.34500122070312,5836.0
2024-08-01 11:55:00,CWCO,28.18000030517578,28.18000030517578,28.18000030517578,28.125,28.125,382.0
2024-08-01 11:55:00,EXC,37.80500030517578,37.80500030517578,37.810001373291016,37.779998779296875,37.779998779296875,11423.0
2024-08-01 11:55:00,FLNC,15.960000038146973,15.960000038146973,15.960000038146973,15.930000305175781,15.930000305175781,3895.0
2024-08-01 11:55:00,LNT,56.11000061035156,56.11000061035156,56.11000061035156,56.099998474121094,56.099998474121094,1338.0
2024-08-01 11:55:00,MNTK,5.690000057220459,5.690000057220459,5.690000057220459,5.690000057220459,5.690000057220459,1030.0
2024-08-01 11:55:00,NFE,19.139999389648438,19.139999389648438,19.15999984741211,19.139999389648438,19.145000457763672,835.0
2024-08-01 11:55:00,XEL,57.2599983215332,57.2599983215332,57.2599983215332,57.22999954223633,57.2599983215332,3377.0
2024-08-01 11:56:00,AEP,99.25,99.25,99.33000183105469,99.23999786376953,99.33000183105469,4508.0
2024-08-01 11:56:00,CEG,181.82000732421875,181.82000732421875,181.9698944091797,181.75,181.8800048828125,4078.0
2024-08-01 11:56:00,EXC,37.744998931884766,37.744998931884766,37.81999969482422,37.744998931884766,37.810001373291016,18971.0
2024-08-01 11:56:00,FLNC,15.989999771118164,15.989999771118164,15.989999771118164,15.960000038146973,15.96500015258789,6393.0
2024-08-01 11:56:00,LNT,56.095001220703125,56.095001220703125,56.095001220703125,56.08000183105469,56.08000183105469,2239.0
2024-08-01 11:56:00,MNTK,5.690000057220459,5.690000057220459,5.699999809265137,5.690000057220459,5.699999809265137,693.0
2024-08-01 11:56:00,NFE,19.1200008392334,19.1200008392334,19.15999984741211,19.110000610351562,19.15999984741211,2357.0
2024-08-01 11:56:00,NWE,53.255001068115234,53.255001068115234,53.255001068115234,53.255001068115234,53.255001068115234,919.0
2024-08-01 11:56:00,OTTR,94.0199966430664,94.0199966430664,94.0199966430664,94.0199966430664,94.0199966430664,511.0
2024-08-01 11:56:00,PCYO,10.5600004196167,10.5600004196167,10.5600004196167,10.539999961853027,10.539999961853027,299.0
2024-08-01 11:56:00,RNW,5.945000171661377,5.945000171661377,5.945000171661377,5.940000057220459,5.940000057220459,4589.0
2024-08-01 11:56:00,XEL,57.307899475097656,57.307899475097656,57.310001373291016,57.209999084472656,57.26499938964844,6134.0
2024-08-01 11:57:00,AEP,99.38999938964844,99.38999938964844,99.38999938964844,99.27999877929688,99.27999877929688,6045.0
2024-08-01 11:57:00,CEG,181.9499969482422,181.9499969482422,181.9499969482422,181.81500244140625,181.8800048828125,986.0
2024-08-01 11:57:00,CWCO,28.06999969482422,28.06999969482422,28.06999969482422,28.06999969482422,28.06999969482422,186.0
2024-08-01 11:57:00,EXC,37.77000045776367,37.77000045776367,37.77000045776367,37.7599983215332,37.7599983215332,4034.0
2024-08-01 11:57:00,FLNC,16.0,16.0,16.0,15.989999771118164,15.989999771118164,569.0
2024-08-01 11:57:00,LNT,56.130001068115234,56.130001068115234,56.130001068115234,56.11000061035156,56.11000061035156,1936.0
2024-08-01 11:57:00,NFE,19.1299991607666,19.1299991607666,19.145000457763672,19.1200008392334,19.1200008392334,6093.0
2024-08-01 11:57:00,XEL,57.380001068115234,57.380001068115234,57.380001068115234,57.290000915527344,57.290000915527344,4672.0
2024-08-01 11:58:00,AEP,99.36000061035156,99.36000061035156,99.39219665527344,99.36000061035156,99.37999725341797,3028.0
2024-08-01 11:58:00,CEG,181.57000732421875,181.57000732421875,181.9499969482422,181.57000732421875,181.9499969482422,6781.0
2024-08-01 11:58:00,EXC,37.775001525878906,37.775001525878906,37.779998779296875,37.775001525878906,37.779998779296875,1983.0
2024-08-01 11:58:00,FLNC,15.989999771118164,15.989999771118164,15.989999771118164,15.979999542236328,15.989999771118164,1078.0
2024-08-01 11:58:00,LNT,56.119998931884766,56.119998931884766,56.130001068115234,56.119998931884766,56.130001068115234,850.0
2024-08-01 11:58:00,MSEX,64.94000244140625,64.94000244140625,64.94000244140625,64.94000244140625,64.94000244140625,282.0
2024-08-01 11:58:00,NFE,19.1200008392334,19.1200008392334,19.1200008392334,19.1200008392334,19.1200008392334,349.0
2024-08-01 11:58:00,NWE,53.31990051269531,53.31990051269531,53.31990051269531,53.31990051269531,53.31990051269531,655.0
2024-08-01 11:58:00,XEL,57.369998931884766,57.369998931884766,57.39099884033203,57.349998474121094,57.38999938964844,2846.0
2024-08-01 11:59:00,AEP,99.38999938964844,99.38999938964844,99.38999938964844,99.36000061035156,99.37000274658203,2532.0
2024-08-01 11:59:00,CEG,181.51499938964844,181.51499938964844,182.19000244140625,181.51499938964844,181.6699981689453,10437.0
2024-08-01 11:59:00,EXC,37.775001525878906,37.775001525878906,37.779998779296875,37.775001525878906,37.775001525878906,3273.0
2024-08-01 11:59:00,FLNC,15.949999809265137,15.949999809265137,15.988200187683105,15.949999809265137,15.979999542236328,5158.0
2024-08-01 11:59:00,LNT,56.150001525878906,56.150001525878906,56.150001525878906,56.130001068115234,56.130001068115234,2349.0
2024-08-01 11:59:00,MSEX,64.87999725341797,64.87999725341797,64.87999725341797,64.87999725341797,64.87999725341797,469.0
2024-08-01 11:59:00,NFE,19.114999771118164,19.114999771118164,19.114999771118164,19.110000610351562,19.110000610351562,843.0
2024-08-01 11:59:00,XEL,57.33000183105469,57.33000183105469,57.369998931884766,57.33000183105469,57.369998931884766,15406.0
2024-08-01 12:00:00,AEP,99.38999938964844,99.38999938964844,99.38999938964844,99.3499984741211,99.37000274658203,2856.0
2024-08-01 12:00:00,AY,22.125,22.125,22.125,22.1200008392334,22.1200008392334,4613.0
2024-08-01 12:00:00,CEG,181.72999572753906,181.72999572753906,181.72999572753906,181.39950561523438,181.5,3336.0
2024-08-01 12:00:00,EXC,37.72999954223633,37.72999954223633,37.779998779296875,37.720001220703125,37.779998779296875,10801.0
2024-08-01 12:00:00,FLNC,15.949999809265137,15.949999809265137,15.949999809265137,15.90999984741211,15.920000076293945,1575.0
2024-08-01 12:00:00,LNT,56.11000061035156,56.11000061035156,56.13999938964844,56.10499954223633,56.13999938964844,3901.0
2024-08-01 12:00:00,NFE,19.100000381469727,19.100000381469727,19.1200008392334,19.100000381469727,19.1200008392334,1815.0
2024-08-01 12:00:00,NWE,53.279998779296875,53.279998779296875,53.279998779296875,53.279998779296875,53.279998779296875,366.0
2024-08-01 12:00:00,RNW,5.949999809265137,5.949999809265137,5.949999809265137,5.949999809265137,5.949999809265137,828.0
2024-08-01 12:00:00,XEL,57.310001373291016,57.310001373291016,57.31999969482422,57.29499816894531,57.29999923706055,11095.0
2024-08-01 12:01:00,AEP,99.35079956054688,99.35079956054688,99.41000366210938,99.35079956054688,99.38009643554688,3693.0
2024-08-01 12:01:00,CEG,181.8000030517578,181.8000030517578,181.91000366210938,181.7050018310547,181.80999755859375,2321.0
2024-08-01 12:01:00,EXC,37.724998474121094,37.724998474121094,37.72999954223633,37.724998474121094,37.72999954223633,10291.0
2024-08-01 12:01:00,FLNC,15.954999923706055,15.954999923706055,15.954999923706055,15.954999923706055,15.954999923706055,409.0
2024-08-01 12:01:00,LNT,56.09400177001953,56.09400177001953,56.11000061035156,56.09000015258789,56.11000061035156,3047.0
2024-08-01 12:01:00,NFE,19.079999923706055,19.079999923706055,19.092599868774414,19.079999923706055,19.092599868774414,864.0
2024-08-01 12:01:00,XEL,57.34000015258789,57.34000015258789,57.34000015258789,57.34000015258789,57.34000015258789,1222.0
2024-08-01 12:02:00,AEP,99.33000183105469,99.33000183105469,99.41000366210938,99.33000183105469,99.37000274658203,6314.0
2024-08-01 12:02:00,AY,22.125,22.125,22.125,22.125,22.125,809.0
2024-08-01 12:02:00,CEG,182.2100067138672,182.2100067138672,182.2100067138672,181.8000030517578,181.8000030517578,5205.0
2024-08-01 12:02:00,EXC,37.72999954223633,37.72999954223633,37.744998931884766,37.72999954223633,37.73500061035156,10908.0
2024-08-01 12:02:00,FLNC,15.949999809265137,15.949999809265137,15.949999809265137,15.9399995803833,15.9399995803833,1576.0
2024-08-01 12:02:00,LNT,56.08000183105469,56.08000183105469,56.11000061035156,56.08000183105469,56.099998474121094,2830.0
2024-08-01 12:02:00,NFE,19.06999969482422,19.06999969482422,19.06999969482422,19.050100326538086,19.065000534057617,3195.0
2024-08-01 12:02:00,NWE,53.275001525878906,53.275001525878906,53.275001525878906,53.275001525878906,53.275001525878906,1240.0
2024-08-01 12:02:00,OTTR,94.05999755859375,94.05999755859375,94.05999755859375,94.05999755859375,94.05999755859375,560.0
2024-08-01 12:02:00,XEL,57.29999923706055,57.29999923706055,57.344200134277344,57.279998779296875,57.344200134277344,17416.0
2024-08-01 12:03:00,AEP,99.26000213623047,99.26000213623047,99.33000183105469,99.26000213623047,99.30999755859375,2327.0
2024-08-01 12:03:00,CEG,181.78500366210938,181.78500366210938,182.21400451660156,181.77499389648438,182.21400451660156,17609.0
2024-08-01 12:03:00,CREG,0.9200000166893005,0.9200000166893005,0.9200000166893005,0.9200000166893005,0.9200000166893005,217985.0
2024-08-01 12:03:00,EXC,37.709999084472656,37.709999084472656,37.7400016784668,37.709999084472656,37.72999954223633,6502.0
2024-08-01 12:03:00,FLNC,16.010000228881836,16.010000228881836,16.010000228881836,15.989999771118164,15.989999771118164,1566.0
2024-08-01 12:03:00,LNT,56.06999969482422,56.06999969482422,56.08000183105469,56.06999969482422,56.08000183105469,907.0
2024-08-01 12:03:00,NFE,19.06999969482422,19.06999969482422,19.06999969482422,19.059999465942383,19.059999465942383,1340.0
2024-08-01 12:03:00,RNW,5.949999809265137,5.949999809265137,5.949999809265137,5.949999809265137,5.949999809265137,9424.0
2024-08-01 12:03:00,XEL,57.310001373291016,57.310001373291016,57.314998626708984,57.290000915527344,57.29999923706055,7710.0
2024-08-01 12:04:00,AEP,99.26000213623047,99.26000213623047,99.29000091552734,99.23500061035156,99.23500061035156,3591.0
2024-08-01 12:04:00,AY,22.125,22.125,22.125,22.125,22.125,936.0
2024-08-01 12:04:00,CEG,181.27999877929688,181.27999877929688,181.80999755859375,181.25999450683594,181.80999755859375,15595.0
2024-08-01 12:04:00,EXC,37.665000915527344,37.665000915527344,37.70000076293945,37.665000915527344,37.70000076293945,5675.0
2024-08-01 12:04:00,FLNC,16.010000228881836,16.010000228881836,16.010000228881836,16.0,16.0,854.0
2024-08-01 12:04:00,GWRS,12.899999618530273,12.899999618530273,12.899999618530273,12.899999618530273,12.899999618530273,116.0
2024-08-01 12:04:00,LNT,56.029998779296875,56.029998779296875,56.06919860839844,56.029998779296875,56.06919860839844,2521.0
2024-08-01 12:04:00,MNTK,5.690000057220459,5.690000057220459,5.690000057220459,5.690000057220459,5.690000057220459,124.0
2024-08-01 12:04:00,NFE,19.06999969482422,19.06999969482422,19.06999969482422,19.06999969482422,19.06999969482422,754.0
2024-08-01 12:04:00,RGCO,22.5,22.5,22.5,22.5,22.5,575.0
2024-08-01 12:04:00,RNW,5.960000038146973,5.960000038146973,5.960000038146973,5.960000038146973,5.960000038146973,109.0
2024-08-01 12:04:00,XEL,57.29750061035156,57.29750061035156,57.310001373291016,57.279998779296875,57.29999923706055,12487.0
2024-08-01 12:05:00,AEP,99.2699966430664,99.2699966430664,99.2957992553711,99.25499725341797,99.25499725341797,2761.0
2024-08-01 12:05:00,AY,22.125,22.125,22.125,22.1200008392334,22.125,3706.0
2024-08-01 12:05:00,CEG,181.02000427246094,181.02000427246094,181.44000244140625,181.02000427246094,181.3000030517578,19850.0
2024-08-01 12:05:00,CWCO,28.06999969482422,28.06999969482422,28.06999969482422,28.06999969482422,28.06999969482422,340.0
2024-08-01 12:05:00,EXC,37.67499923706055,37.67499923706055,37.689998626708984,37.665000915527344,37.665000915527344,20656.0
2024-08-01 12:05:00,FLNC,15.970000267028809,15.970000267028809,16.020000457763672,15.970000267028809,16.020000457763672,3030.0
2024-08-01 12:05:00,LNT,56.01499938964844,56.01499938964844,56.040000915527344,56.01499938964844,56.040000915527344,3221.0
2024-08-01 12:05:00,MGEE,87.43000030517578,87.43000030517578,87.43000030517578,87.43000030517578,87.43000030517578,824.0
2024-08-01 12:05:00,NFE,19.049999237060547,19.049999237060547,19.079999923706055,19.049999237060547,19.079999923706055,5535.0
2024-08-01 12:05:00,PCYO,10.600000381469727,10.600000381469727,10.605999946594238,10.600000381469727,10.605999946594238,231.0
2024-08-01 12:05:00,RNW,5.945000171661377,5.945000171661377,5.954999923706055,5.945000171661377,5.954999923706055,3071.0
2024-08-01 12:05:00,XEL,57.2599983215332,57.2599983215332,57.33000183105469,57.23500061035156,57.29999923706055,11443.0
2024-08-01 12:06:00,AEP,99.30000305175781,99.30000305175781,99.30000305175781,99.26000213623047,99.26000213623047,2204.0
2024-08-01 12:06:00,CEG,181.27999877929688,181.27999877929688,181.27999877929688,181.0500030517578,181.09500122070312,7706.0
2024-08-01 12:06:00,EXC,37.68000030517578,37.68000030517578,37.68000030517578,37.665000915527344,37.66999816894531,6860.0
2024-08-01 12:06:00,FLNC,16.010000228881836,16.010000228881836,16.010000228881836,15.979999542236328,15.979999542236328,1615.0
2024-08-01 12:06:00,LNT,55.9900016784668,55.9900016784668,56.0,55.9900016784668,55.9900016784668,494.0
2024-08-01 12:06:00,MNTK,5.680099964141846,5.680099964141846,5.680099964141846,5.680099964141846,5.680099964141846,291.0
2024-08-01 12:06:00,NFE,19.049999237060547,19.049999237060547,19.049999237060547,19.040000915527344,19.040000915527344,1291.0
2024-08-01 12:06:00,NWE,53.20000076293945,53.20000076293945,53.20000076293945,53.20000076293945,53.20000076293945,428.0
2024-08-01 12:06:00,RNW,5.945000171661377,5.945000171661377,5.945000171661377,5.940000057220459,5.940000057220459,408.0
2024-08-01 12:06:00,XEL,57.2400016784668,57.2400016784668,57.26499938964844,57.20000076293945,57.26499938964844,6583.0
2024-08-01 12:07:00,AEP,99.3499984741211,99.3499984741211,99.3550033569336,99.30000305175781,99.30000305175781,2329.0
2024-08-01 12:07:00,CEG,181.5850067138672,181.5850067138672,181.6490020751953,181.27000427246094,181.27999877929688,12037.0
2024-08-01 12:07:00,CWCO,28.15999984741211,28.15999984741211,28.15999984741211,28.15999984741211,28.15999984741211,387.0
2024-08-01 12:07:00,EXC,37.70000076293945,37.70000076293945,37.70000076293945,37.68000030517578,37.68000030517578,4409.0
2024-08-01 12:07:00,FLNC,16.020000457763672,16.020000457763672,16.040000915527344,16.010000228881836,16.010000228881836,2238.0
2024-08-01 12:07:00,LNT,56.02000045776367,56.02000045776367,56.02000045776367,56.0099983215332,56.0099983215332,4142.0
2024-08-01 12:07:00,MNTK,5.690000057220459,5.690000057220459,5.699999809265137,5.690000057220459,5.699999809265137,1109.0
2024-08-01 12:07:00,NFE,19.094999313354492,19.094999313354492,19.100000381469727,19.059999465942383,19.059999465942383,3455.0
2024-08-01 12:07:00,OPAL,3.9800000190734863,3.9800000190734863,3.9800000190734863,3.9800000190734863,3.9800000190734863,317.0
2024-08-01 12:07:00,RNW,5.945000171661377,5.945000171661377,5.949999809265137,5.945000171661377,5.949999809265137,201.0
2024-08-01 12:07:00,XEL,57.2400016784668,57.2400016784668,57.279998779296875,57.22999954223633,57.23500061035156,6515.0
2024-08-01 12:08:00,AEP,99.33000183105469,99.33000183105469,99.36000061035156,99.31999969482422,99.33000183105469,3271.0
2024-08-01 12:08:00,CEG,181.4949951171875,181.4949951171875,181.6824951171875,181.32000732421875,181.52000427246094,10204.0
2024-08-01 12:08:00,EXC,37.70500183105469,37.70500183105469,37.71500015258789,37.69499969482422,37.70000076293945,4887.0
2024-08-01 12:08:00,FLNC,16.0,16.0,16.020000457763672,16.0,16.020000457763672,731.0
2024-08-01 12:08:00,GWRS,12.75,12.75,12.75,12.75,12.75,240.0
2024-08-01 12:08:00,LNT,56.040000915527344,56.040000915527344,56.040000915527344,56.0099983215332,56.0099983215332,5455.0
2024-08-01 12:08:00,NFE,19.09000015258789,19.09000015258789,19.09000015258789,19.09000015258789,19.09000015258789,5792.0
2024-08-01 12:08:00,NWE,53.279998779296875,53.279998779296875,53.279998779296875,53.2400016784668,53.25,949.0
2024-08-01 12:08:00,RNW,5.945000171661377,5.945000171661377,5.945000171661377,5.945000171661377,5.945000171661377,2298.0
2024-08-01 12:08:00,XEL,57.18000030517578,57.18000030517578,57.27000045776367,57.18000030517578,57.25,4717.0
2024-08-01 12:09:00,AEP,99.43000030517578,99.43000030517578,99.44000244140625,99.32499694824219,99.33999633789062,13061.0
2024-08-01 12:09:00,CEG,181.55999755859375,181.55999755859375,181.58999633789062,181.51499938964844,181.51499938964844,2555.0
2024-08-01 12:09:00,EXC,37.72999954223633,37.72999954223633,37.72999954223633,37.70500183105469,37.70500183105469,2743.0
2024-08-01 12:09:00,FLNC,16.0,16.0,16.0,15.989999771118164,15.989999771118164,1026.0
2024-08-01 12:09:00,LNT,56.04499816894531,56.04499816894531,56.04999923706055,56.029998779296875,56.029998779296875,3242.0
2024-08-01 12:09:00,NFE,19.100000381469727,19.100000381469727,19.100000381469727,19.06999969482422,19.079999923706055,4003.0
2024-08-01 12:09:00,NWE,53.27000045776367,53.27000045776367,53.27000045776367,53.27000045776367,53.27000045776367,416.0
2024-08-01 12:09:00,OTTR,94.23999786376953,94.23999786376953,94.23999786376953,94.23999786376953,94.23999786376953,1368.0
2024-08-01 12:09:00,PCYO,10.600000381469727,10.600000381469727,10.600000381469727,10.600000381469727,10.600000381469727,421.0
2024-08-01 12:09:00,RNW,5.945000171661377,5.945000171661377,5.945000171661377,5.945000171661377,5.945000171661377,0.0
2024-08-01 12:09:00,XEL,57.154998779296875,57.154998779296875,57.154998779296875,57.119998931884766,57.119998931884766,5870.0
2024-08-01 12:10:00,AEP,99.37249755859375,99.37249755859375,99.48999786376953,99.37000274658203,99.44000244140625,14112.0
2024-08-01 12:10:00,CEG,181.91000366210938,181.91000366210938,181.9499969482422,181.51499938964844,181.51499938964844,13396.0
2024-08-01 12:10:00,EXC,37.7400016784668,37.7400016784668,37.77000045776367,37.7400016784668,37.7400016784668,8198.0
2024-08-01 12:10:00,FLNC,15.960000038146973,15.960000038146973,15.979999542236328,15.960000038146973,15.970000267028809,1581.0
2024-08-01 12:10:00,LNT,56.029998779296875,56.029998779296875,56.060001373291016,56.029998779296875,56.04999923706055,5069.0
2024-08-01 12:10:00,NFE,19.09000015258789,19.09000015258789,19.09000015258789,19.09000015258789,19.09000015258789,200.0
2024-08-01 12:10:00,NWE,53.2400016784668,53.2400016784668,53.2400016784668,53.2400016784668,53.2400016784668,845.0
2024-08-01 12:10:00,RNW,5.949999809265137,5.949999809265137,5.949999809265137,5.945000171661377,5.945000171661377,800.0
2024-08-01 12:10:00,WAVE,2.922600030899048,2.922600030899048,2.922600030899048,2.922600030899048,2.922600030899048,0.0
2024-08-01 12:10:00,XEL,57.16999816894531,57.16999816894531,57.189998626708984,57.16999816894531,57.18000030517578,6257.0
2024-08-01 12:11:00,AEP,99.27999877929688,99.27999877929688,99.4000015258789,99.27999877929688,99.3949966430664,2075.0
2024-08-01 12:11:00,AY,22.125,22.125,22.125,22.125,22.125,888.0
2024-08-01 12:11:00,CEG,181.9499969482422,181.9499969482422,182.0,181.67999267578125,181.8800048828125,12485.0
2024-08-01 12:11:00,CWCO,28.1200008392334,28.1200008392334,28.1200008392334,28.1200008392334,28.1200008392334,410.0
2024-08-01 12:11:00,EXC,37.70000076293945,37.70000076293945,37.7400016784668,37.69499969482422,37.7400016784668,7017.0
2024-08-01 12:11:00,FLNC,15.925000190734863,15.925000190734863,15.960000038146973,15.90999984741211,15.949999809265137,3540.0
2024-08-01 12:11:00,LNT,55.98500061035156,55.98500061035156,56.02000045776367,55.98500061035156,56.02000045776367,2790.0
2024-08-01 12:11:00,MNTK,5.690000057220459,5.690000057220459,5.690000057220459,5.690000057220459,5.690000057220459,121.0
2024-08-01 12:11:00,MSEX,64.73999786376953,64.73999786376953,64.75,64.73999786376953,64.75,793.0
2024-08-01 12:11:00,NFE,19.09000015258789,19.09000015258789,19.090099334716797,19.079999923706055,19.090099334716797,5419.0
2024-08-01 12:11:00,NWE,53.16999816894531,53.16999816894531,53.20000076293945,53.16999816894531,53.20000076293945,3641.0
2024-08-01 12:11:00,RNW,5.945000171661377,5.945000171661377,5.945000171661377,5.945000171661377,5.945000171661377,1748.0
2024-08-01 12:11:00,XEL,57.2599983215332,57.2599983215332,57.290000915527344,57.09000015258789,57.09000015258789,10820.0
2024-08-01 12:11:00,YORW,40.66999816894531,40.66999816894531,40.66999816894531,40.66999816894531,40.66999816894531,453.0
2024-08-01 12:12:00,AEP,99.2699966430664,99.2699966430664,99.2874984741211,99.26000213623047,99.2874984741211,2217.0
2024-08-01 12:12:00,CEG,181.92999267578125,181.92999267578125,182.0,181.74000549316406,181.89999389648438,4069.0
2024-08-01 12:12:00,EXC,37.709999084472656,37.709999084472656,37.709999084472656,37.70500183105469,37.70500183105469,3063.0
2024-08-01 12:12:00,FLNC,15.899999618530273,15.899999618530273,15.920000076293945,15.899999618530273,15.920000076293945,2089.0
2024-08-01 12:12:00,LNT,55.970001220703125,55.970001220703125,55.970001220703125,55.970001220703125,55.970001220703125,897.0
2024-08-01 12:12:00,NFE,19.100000381469727,19.100000381469727,19.100000381469727,19.100000381469727,19.100000381469727,1159.0
2024-08-01 12:12:00,XEL,57.310001373291016,57.310001373291016,57.349998474121094,57.209999084472656,57.209999084472656,10035.0
2024-08-01 12:13:00,AEP,99.33000183105469,99.33000183105469,99.33000183105469,99.2699966430664,99.2699966430664,4832.0
2024-08-01 12:13:00,ARTNA,38.875,38.875,38.875,38.875,38.875,646.0
2024-08-01 12:13:00,CEG,181.82000732421875,181.82000732421875,181.85279846191406,181.66000366210938,181.82000732421875,6444.0
2024-08-01 12:13:00,EXC,37.72999954223633,37.72999954223633,37.72999954223633,37.71500015258789,37.71500015258789,3345.0
2024-08-01 12:13:00,FLNC,15.920000076293945,15.920000076293945,15.920000076293945,15.899999618530273,15.899999618530273,2769.0
2024-08-01 12:13:00,LNT,55.959999084472656,55.959999084472656,55.974998474121094,55.95000076293945,55.95000076293945,2453.0
2024-08-01 12:13:00,NFE,19.100000381469727,19.100000381469727,19.110000610351562,19.100000381469727,19.100000381469727,1646.0
2024-08-01 12:13:00,NWE,53.11000061035156,53.11000061035156,53.130001068115234,53.11000061035156,53.130001068115234,1341.0
2024-08-01 12:13:00,RNW,5.945000171661377,5.945000171661377,5.945000171661377,5.945000171661377,5.945000171661377,242.0
2024-08-01 12:13:00,XEL,57.279998779296875,57.279998779296875,57.31999969482422,57.279998779296875,57.30500030517578,2253.0
2024-08-01 12:14:00,AEP,99.32499694824219,99.32499694824219,99.3499984741211,99.30999755859375,99.30999755859375,2180.0
2024-08-01 12:14:00,CDZI,3.5199999809265137,3.5199999809265137,3.5199999809265137,3.5199999809265137,3.5199999809265137,269.0
2024-08-01 12:14:00,CEG,181.5800018310547,181.5800018310547,181.75,181.5399932861328,181.72000122070312,9238.0
2024-08-01 12:14:00,CWCO,28.100000381469727,28.100000381469727,28.100000381469727,28.100000381469727,28.100000381469727,415.0
2024-08-01 12:14:00,EXC,37.73500061035156,37.73500061035156,37.7400016784668,37.73500061035156,37.7400016784668,2030.0
2024-08-01 12:14:00,FLNC,15.979999542236328,15.979999542236328,15.979999542236328,15.930000305175781,15.930000305175781,5051.0
2024-08-01 12:14:00,HTOO,0.8100000023841858,0.8100000023841858,0.8100000023841858,0.8100000023841858,0.8100000023841858,0.0
2024-08-01 12:14:00,LNT,55.959999084472656,55.959999084472656,55.97999954223633,55.959999084472656,55.959999084472656,4527.0
2024-08-01 12:14:00,MGEE,87.25499725341797,87.25499725341797,87.25499725341797,87.25499725341797,87.25499725341797,270.0
2024-08-01 12:14:00,NFE,19.1200008392334,19.1200008392334,19.1200008392334,19.110000610351562,19.110000610351562,1321.0
2024-08-01 12:14:00,NWE,53.11000061035156,53.11000061035156,53.11000061035156,53.11000061035156,53.11000061035156,584.0
2024-08-01 12:14:00,RNW,5.960000038146973,5.960000038146973,5.960000038146973,5.949999809265137,5.949999809265137,1455.0
2024-08-01 12:14:00,XEL,57.275001525878906,57.275001525878906,57.275001525878906,57.2599983215332,57.2599983215332,668.0
2024-08-01 12:15:00,AEP,99.44999694824219,99.44999694824219,99.44999694824219,99.33999633789062,99.33999633789062,2022.0
2024-08-01 12:15:00,CEG,182.0050048828125,182.0050048828125,182.1300048828125,181.6300048828125,181.6300048828125,7639.0
2024-08-01 12:15:00,EXC,37.83000183105469,37.83000183105469,37.83000183105469,37.73500061035156,37.7400016784668,11302.0
2024-08-01 12:15:00,FLNC,16.010000228881836,16.010000228881836,16.010000228881836,16.0,16.0,2673.0
2024-08-01 12:15:00,LNT,56.029998779296875,56.029998779296875,56.029998779296875,55.959999084472656,55.959999084472656,4788.0
2024-08-01 12:15:00,MNTK,5.710000038146973,5.710000038146973,5.710000038146973,5.699999809265137,5.699999809265137,429.0
2024-08-01 12:15:00,MSEX,64.6449966430664,64.6449966430664,64.6449966430664,64.6449966430664,64.6449966430664,235.0
2024-08-01 12:15:00,NFE,19.149999618530273,19.149999618530273,19.149999618530273,19.1299991607666,19.1299991607666,1954.0
2024-08-01 12:15:00,NWE,53.18000030517578,53.18000030517578,53.18000030517578,53.13999938964844,53.13999938964844,2091.0
2024-08-01 12:15:00,RNW,5.96999979019165,5.96999979019165,5.96999979019165,5.960000038146973,5.960000038146973,1305.0
2024-08-01 12:15:00,XEL,57.369998931884766,57.369998931884766,57.380001068115234,57.279998779296875,57.279998779296875,7285.0
2024-08-01 12:16:00,AEP,99.43499755859375,99.43499755859375,99.44499969482422,99.43000030517578,99.44499969482422,1671.0
2024-08-01 12:16:00,CEG,182.1300048828125,182.1300048828125,182.1300048828125,181.9499969482422,182.06919860839844,4814.0
2024-08-01 12:16:00,EXC,37.85499954223633,37.85499954223633,37.869998931884766,37.82500076293945,37.849998474121094,12195.0
2024-08-01 12:16:00,FLNC,16.049999237060547,16.049999237060547,16.049999237060547,16.040000915527344,16.040000915527344,424.0
2024-08-01 12:16:00,LNT,56.02000045776367,56.02000045776367,56.029998779296875,56.02000045776367,56.029998779296875,2363.0
2024-08-01 12:16:00,MSEX,64.66000366210938,64.66000366210938,64.66000366210938,64.66000366210938,64.66000366210938,265.0
2024-08-01 12:16:00,NFE,19.170000076293945,19.170000076293945,19.170000076293945,19.15999984741211,19.15999984741211,1684.0
2024-08-01 12:16:00,RNW,5.980000019073486,5.980000019073486,5.980000019073486,5.980000019073486,5.980000019073486,211.0
2024-08-01 12:16:00,XEL,57.41999816894531,57.41999816894531,57.470001220703125,57.369998931884766,57.369998931884766,6327.0
2024-08-01 12:17:00,AEP,99.54000091552734,99.54000091552734,99.54000091552734,99.44999694824219,99.44999694824219,4696.0
2024-08-01 12:17:00,AY,22.125,22.125,22.125,22.125,22.125,884.0
2024-08-01 12:17:00,CEG,181.5970001220703,181.5970001220703,181.80999755859375,181.52000427246094,181.8000030517578,5043.0
2024-08-01 12:17:00,EXC,37.85499954223633,37.85499954223633,37.869998931884766,37.85499954223633,37.85499954223633,3678.0
2024-08-01 12:17:00,FLNC,16.079999923706055,16.079999923706055,16.079999923706055,16.049999237060547,16.049999237060547,2621.0
2024-08-01 12:17:00,LNT,56.04999923706055,56.04999923706055,56.04999923706055,56.029998779296875,56.029998779296875,3008.0
2024-08-01 12:17:00,MGEE,87.44000244140625,87.44000244140625,87.44000244140625,87.43000030517578,87.43000030517578,620.0
2024-08-01 12:17:00,NFE,19.200000762939453,19.200000762939453,19.209999084472656,19.170000076293945,19.18000030517578,4927.0
2024-08-01 12:17:00,NWE,53.20399856567383,53.20399856567383,53.220001220703125,53.189998626708984,53.189998626708984,1061.0
2024-08-01 12:17:00,RNW,5.980000019073486,5.980000019073486,5.980000019073486,5.980000019073486,5.980000019073486,200.0
2024-08-01 12:17:00,XEL,57.43000030517578,57.43000030517578,57.43000030517578,57.400001525878906,57.43000030517578,2681.0
2024-08-01 12:17:00,YORW,40.77000045776367,40.77000045776367,40.77000045776367,40.77000045776367,40.77000045776367,1197.0
2024-08-01 12:18:00,CEG,181.69000244140625,181.69000244140625,182.1300048828125,181.67999267578125,181.67999267578125,10657.0
2024-08-01 12:18:00,LNT,56.08000183105469,56.08000183105469,56.099998474121094,56.06999969482422,56.06999969482422,7263.0
2024-08-01 12:18:00,MGEE,87.44129943847656,87.44129943847656,87.44129943847656,87.44129943847656,87.44129943847656,586.0
2024-08-01 12:18:00,MSEX,64.65499877929688,64.65499877929688,64.65499877929688,64.65499877929688,64.65499877929688,434.0
2024-08-01 12:18:00,NWE,53.224998474121094,53.224998474121094,53.224998474121094,53.224998474121094,53.224998474121094,897.0
2024-08-01 12:18:00,RNW,5.974999904632568,5.974999904632568,5.980000019073486,5.974999904632568,5.980000019073486,753.0
2024-08-01 12:18:00,XEL,57.47999954223633,57.47999954223633,57.47999954223633,57.41999816894531,57.41999816894531,7016.0
2024-08-01 12:19:00,AEP,99.59519958496094,99.59519958496094,99.59940338134766,99.56999969482422,99.56999969482422,6399.0
2024-08-01 12:19:00,AY,22.1299991607666,22.1299991607666,22.1299991607666,22.1299991607666,22.1299991607666,3058.0
2024-08-01 12:19:00,CEG,181.5,181.5,181.97000122070312,181.5,181.97000122070312,6767.0
2024-08-01 12:19:00,EXC,37.880001068115234,37.880001068115234,37.880001068115234,37.8650016784668,37.8650016784668,6638.0
2024-08-01 12:19:00,FLNC,16.040000915527344,16.040000915527344,16.065000534057617,16.040000915527344,16.065000534057617,7401.0
2024-08-01 12:19:00,LNT,56.099998474121094,56.099998474121094,56.099998474121094,56.08000183105469,56.08000183105469,3326.0
2024-08-01 12:19:00,MNTK,5.730000019073486,5.730000019073486,5.730000019073486,5.71999979019165,5.71999979019165,1059.0
2024-08-01 12:19:00,NFE,19.15999984741211,19.15999984741211,19.200000762939453,19.15999984741211,19.190000534057617,16187.0
2024-08-01 12:19:00,RNW,5.973999977111816,5.973999977111816,5.973999977111816,5.973999977111816,5.973999977111816,2044.0
2024-08-01 12:19:00,XEL,57.43000030517578,57.43000030517578,57.5,57.43000030517578,57.48500061035156,3726.0
2024-08-01 12:20:00,AEP,99.58999633789062,99.58999633789062,99.60990142822266,99.56999969482422,99.60990142822266,5204.0
2024-08-01 12:20:00,CEG,181.72999572753906,181.72999572753906,181.75999450683594,181.5850067138672,181.5850067138672,2446.0
2024-08-01 12:20:00,EXC,37.875,37.875,37.88999938964844,37.86000061035156,37.8849983215332,13444.0
2024-08-01 12:20:00,FLNC,16.030000686645508,16.030000686645508,16.045000076293945,16.030000686645508,16.03499984741211,821.0
2024-08-01 12:20:00,LNT,56.09000015258789,56.09000015258789,56.11000061035156,56.09000015258789,56.11000061035156,3615.0
2024-08-01 12:20:00,NFE,19.149999618530273,19.149999618530273,19.18000030517578,19.149999618530273,19.16320037841797,2257.0
2024-08-01 12:20:00,NWE,53.2400016784668,53.2400016784668,53.2400016784668,53.2400016784668,53.2400016784668,473.0
2024-08-01 12:20:00,OPAL,3.9800000190734863,3.9800000190734863,3.9800000190734863,3.9800000190734863,3.9800000190734863,1113.0
2024-08-01 12:20:00,RNW,5.980000019073486,5.980000019073486,5.980000019073486,5.980000019073486,5.980000019073486,0.0
2024-08-01 12:20:00,XEL,57.40999984741211,57.40999984741211,57.45000076293945,57.36000061035156,57.43000030517578,8531.0
2024-08-01 12:21:00,AEP,99.44999694824219,99.44999694824219,99.58000183105469,99.44999694824219,99.58000183105469,3213.0
2024-08-01 12:21:00,AY,22.125,22.125,22.125,22.125,22.125,497.0
2024-08-01 12:21:00,BNRG,0.7599999904632568,0.7599999904632568,0.766700029373169,0.7599999904632568,0.766700029373169,629.0
2024-08-01 12:21:00,CEG,181.39999389648438,181.39999389648438,181.52499389648438,181.39999389648438,181.52499389648438,2873.0
2024-08-01 12:21:00,EXC,37.82500076293945,37.82500076293945,37.875,37.81999969482422,37.869998931884766,10321.0
2024-08-01 12:21:00,FLNC,16.0,16.0,16.0,15.989999771118164,16.0,2171.0
2024-08-01 12:21:00,GWRS,12.824999809265137,12.824999809265137,12.824999809265137,12.824999809265137,12.824999809265137,877.0
2024-08-01 12:21:00,LNT,56.029998779296875,56.029998779296875,56.08000183105469,56.029998779296875,56.08000183105469,4318.0
2024-08-01 12:21:00,NFE,19.200000762939453,19.200000762939453,19.209999084472656,19.110000610351562,19.1299991607666,64796.0
2024-08-01 12:21:00,NWE,53.16999816894531,53.16999816894531,53.220001220703125,53.16999816894531,53.220001220703125,1454.0
2024-08-01 12:21:00,RNW,5.980000019073486,5.980000019073486,5.980000019073486,5.980000019073486,5.980000019073486,100.0
2024-08-01 12:21:00,XEL,57.34000015258789,57.34000015258789,57.400001525878906,57.31999969482422,57.400001525878906,6300.0
2024-08-01 12:22:00,AEP,99.47000122070312,99.47000122070312,99.4800033569336,99.44999694824219,99.47989654541016,2969.0
2024-08-01 12:22:00,CDZI,3.5199999809265137,3.5199999809265137,3.5199999809265137,3.5199999809265137,3.5199999809265137,194.0
2024-08-01 12:22:00,CEG,181.15499877929688,181.15499877929688,181.66000366210938,181.15499877929688,181.66000366210938,3474.0
2024-08-01 12:22:00,EXC,37.810001373291016,37.810001373291016,37.84000015258789,37.810001373291016,37.83000183105469,5826.0
2024-08-01 12:22:00,FLNC,15.970000267028809,15.970000267028809,15.970000267028809,15.960000038146973,15.970000267028809,1716.0
2024-08-01 12:22:00,LNT,56.0099983215332,56.0099983215332,56.029998779296875,56.0099983215332,56.029998779296875,2546.0
2024-08-01 12:22:00,MSEX,64.52999877929688,64.52999877929688,64.52999877929688,64.52999877929688,64.52999877929688,200.0
2024-08-01 12:22:00,NFE,19.200000762939453,19.200000762939453,19.200000762939453,19.164600372314453,19.18000030517578,5462.0
2024-08-01 12:22:00,OTTR,94.33499908447266,94.33499908447266,94.33499908447266,94.33499908447266,94.33499908447266,230.0
2024-08-01 12:22:00,RNW,5.974999904632568,5.974999904632568,5.974999904632568,5.974999904632568,5.974999904632568,400.0
2024-08-01 12:22:00,XEL,57.31999969482422,57.31999969482422,57.349998474121094,57.27000045776367,57.349998474121094,1501.0
2024-08-01 12:23:00,AEP,99.3499984741211,99.3499984741211,99.38529968261719,99.3499984741211,99.38500213623047,3930.0
2024-08-01 12:23:00,CEG,181.02999877929688,181.02999877929688,181.2899932861328,180.99000549316406,180.99000549316406,4409.0
2024-08-01 12:23:00,CWCO,28.100000381469727,28.100000381469727,28.100000381469727,28.100000381469727,28.100000381469727,140.0
2024-08-01 12:23:00,EXC,37.80500030517578,37.80500030517578,37.81999969482422,37.80500030517578,37.810001373291016,7371.0
2024-08-01 12:23:00,FLNC,15.975000381469727,15.975000381469727,15.989999771118164,15.960000038146973,15.970000267028809,4355.0
2024-08-01 12:23:00,LNT,55.959999084472656,55.959999084472656,55.98500061035156,55.939998626708984,55.97999954223633,2753.0
2024-08-01 12:23:00,MNTK,5.735000133514404,5.735000133514404,5.735000133514404,5.735000133514404,5.735000133514404,1061.0
2024-08-01 12:23:00,MSEX,64.6500015258789,64.6500015258789,64.6500015258789,64.6500015258789,64.6500015258789,89.0
2024-08-01 12:23:00,NFE,19.225000381469727,19.225000381469727,19.225000381469727,19.200000762939453,19.200000762939453,1222.0
2024-08-01 12:23:00,OTTR,94.16999816894531,94.16999816894531,94.16999816894531,94.16999816894531,94.16999816894531,691.0
2024-08-01 12:23:00,RNW,5.960000038146973,5.960000038146973,5.96999979019165,5.960000038146973,5.96999979019165,2804.0
2024-08-01 12:23:00,XEL,57.2599983215332,57.2599983215332,57.29499816894531,57.209999084472656,57.290000915527344,8975.0
2024-08-01 12:24:00,AEP,99.44999694824219,99.44999694824219,99.44999694824219,99.30000305175781,99.30000305175781,10288.0
2024-08-01 12:24:00,CEG,181.07000732421875,181.07000732421875,181.22999572753906,180.9199981689453,180.9199981689453,2148.0
2024-08-01 12:24:00,EXC,37.84000015258789,37.84000015258789,37.86000061035156,37.80500030517578,37.810001373291016,8878.0
2024-08-01 12:24:00,FLNC,15.970000267028809,15.970000267028809,15.970000267028809,15.960000038146973,15.970000267028809,1780.0
2024-08-01 12:24:00,LNT,56.0099983215332,56.0099983215332,56.0099983215332,55.96500015258789,55.970001220703125,5052.0
2024-08-01 12:24:00,MNTK,5.739999771118164,5.739999771118164,5.739999771118164,5.739999771118164,5.739999771118164,0.0
2024-08-01 12:24:00,NFE,19.299999237060547,19.299999237060547,19.299999237060547,19.229999542236328,19.229999542236328,8337.0
2024-08-01 12:24:00,NWE,53.11000061035156,53.11000061035156,53.150001525878906,53.11000061035156,53.11000061035156,2560.0
2024-08-01 12:24:00,RNW,5.96999979019165,5.96999979019165,5.96999979019165,5.965000152587891,5.965000152587891,1604.0
2024-08-01 12:24:00,XEL,57.33000183105469,57.33000183105469,57.355201721191406,57.27000045776367,57.27000045776367,3141.0
2024-08-01 12:25:00,AEP,99.54000091552734,99.54000091552734,99.55999755859375,99.44499969482422,99.45999908447266,6852.0
2024-08-01 12:25:00,BNRG,0.762499988079071,0.762499988079071,0.762499988079071,0.7599999904632568,0.7599999904632568,1577.0
2024-08-01 12:25:00,CEG,181.33999633789062,181.33999633789062,181.33999633789062,180.97999572753906,180.97999572753906,3375.0
2024-08-01 12:25:00,EXC,37.880001068115234,37.880001068115234,37.880001068115234,37.83000183105469,37.84000015258789,8986.0
2024-08-01 12:25:00,FLNC,15.989999771118164,15.989999771118164,15.989999771118164,15.960000038146973,15.960000038146973,2245.0
2024-08-01 12:25:00,LNT,56.025001525878906,56.025001525878906,56.025001525878906,56.0099983215332,56.01499938964844,4580.0
2024-08-01 12:25:00,MNTK,5.730000019073486,5.730000019073486,5.730000019073486,5.730000019073486,5.730000019073486,146.0
2024-08-01 12:25:00,NFE,19.290000915527344,19.290000915527344,19.295000076293945,19.270000457763672,19.290000915527344,4506.0
2024-08-01 12:25:00,NWE,53.1349983215332,53.1349983215332,53.15999984741211,53.1349983215332,53.15999984741211,1076.0
2024-08-01 12:25:00,WAVE,2.8975000381469727,2.8975000381469727,2.8975000381469727,2.8975000381469727,2.8975000381469727,12187.0
2024-08-01 12:25:00,XEL,57.36000061035156,57.36000061035156,57.36000061035156,57.320098876953125,57.320098876953125,2927.0
2024-08-01 12:26:00,AEP,99.58000183105469,99.58000183105469,99.6500015258789,99.53500366210938,99.53500366210938,5635.0
2024-08-01 12:26:00,AY,22.1299991607666,22.1299991607666,22.1299991607666,22.125,22.125,2177.0
2024-08-01 12:26:00,CEG,181.25999450683594,181.25999450683594,181.39999389648438,181.25999450683594,181.2899932861328,5162.0
2024-08-01 12:26:00,EXC,37.900001525878906,37.900001525878906,37.900001525878906,37.8849983215332,37.88999938964844,2613.0
2024-08-01 12:26:00,FLNC,16.010000228881836,16.010000228881836,16.010000228881836,16.0,16.0,1432.0
2024-08-01 12:26:00,LNT,56.060001373291016,56.060001373291016,56.060001373291016,56.025001525878906,56.025001525878906,3214.0
2024-08-01 12:26:00,MSEX,64.70500183105469,64.70500183105469,64.72000122070312,64.6449966430664,64.6449966430664,2359.0
2024-08-01 12:26:00,NFE,19.270000457763672,19.270000457763672,19.295000076293945,19.270000457763672,19.290000915527344,2074.0
2024-08-01 12:26:00,NWE,53.19499969482422,53.19499969482422,53.19499969482422,53.16999816894531,53.16999816894531,2022.0
2024-08-01 12:26:00,RNW,5.965000152587891,5.965000152587891,5.965000152587891,5.965000152587891,5.965000152587891,590.0
2024-08-01 12:26:00,XEL,57.470001220703125,57.470001220703125,57.470001220703125,57.36000061035156,57.36000061035156,4401.0
2024-08-01 12:27:00,AEP,99.61000061035156,99.61000061035156,99.62000274658203,99.58999633789062,99.58999633789062,2014.0
2024-08-01 12:27:00,CEG,181.13999938964844,181.13999938964844,181.14999389648438,181.0500030517578,181.14999389648438,1505.0
2024-08-01 12:27:00,EXC,37.900001525878906,37.900001525878906,37.900001525878906,37.900001525878906,37.900001525878906,1212.0
2024-08-01 12:27:00,FLNC,15.970000267028809,15.970000267028809,16.010000228881836,15.970000267028809,16.010000228881836,2754.0
2024-08-01 12:27:00,GWRS,12.770000457763672,12.770000457763672,12.770000457763672,12.770000457763672,12.770000457763672,482.0
2024-08-01 12:27:00,LNT,56.060001373291016,56.060001373291016,56.06999969482422,56.05500030517578,56.064998626708984,6700.0
2024-08-01 12:27:00,MGEE,87.44000244140625,87.44000244140625,87.44000244140625,87.44000244140625,87.44000244140625,518.0
2024-08-01 12:27:00,NFE,19.229999542236328,19.229999542236328,19.2450008392334,19.219999313354492,19.2450008392334,1754.0
2024-08-01 12:27:00,RNW,5.96999979019165,5.96999979019165,5.96999979019165,5.96999979019165,5.96999979019165,676.0
2024-08-01 12:27:00,XEL,57.58000183105469,57.58000183105469,57.58000183105469,57.470001220703125,57.470001220703125,7856.0
2024-08-01 12:28:00,AEP,99.66000366210938,99.66000366210938,99.69999694824219,99.62000274658203,99.62000274658203,6899.0
2024-08-01 12:28:00,AY,22.1299991607666,22.1299991607666,22.1299991607666,22.1299991607666,22.1299991607666,1052.0
2024-08-01 12:28:00,CEG,181.35000610351562,181.35000610351562,181.35000610351562,181.1750030517578,181.1750030517578,2718.0
2024-08-01 12:28:00,EXC,37.895198822021484,37.895198822021484,37.904998779296875,37.88999938964844,37.900001525878906,16794.0
2024-08-01 12:28:00,FLNC,15.989999771118164,15.989999771118164,15.989999771118164,15.989999771118164,15.989999771118164,446.0
2024-08-01 12:28:00,LNT,56.084999084472656,56.084999084472656,56.09000015258789,56.060001373291016,56.060001373291016,4127.0
2024-08-01 12:28:00,NFE,19.229999542236328,19.229999542236328,19.229999542236328,19.22599983215332,19.229999542236328,1256.0
2024-08-01 12:28:00,OPAL,3.9800000190734863,3.9800000190734863,3.9800000190734863,3.9800000190734863,3.9800000190734863,470.0
2024-08-01 12:28:00,OTTR,94.41000366210938,94.41000366210938,94.41000366210938,94.41000366210938,94.41000366210938,415.0
2024-08-01 12:28:00,RNW,5.96999979019165,5.96999979019165,5.96999979019165,5.96999979019165,5.96999979019165,349.0
2024-08-01 12:28:00,XEL,57.6349983215332,57.6349983215332,57.6349983215332,57.560001373291016,57.560001373291016,3784.0
2024-08-01 12:29:00,AEP,99.63500213623047,99.63500213623047,99.63999938964844,99.61000061035156,99.63999938964844,2224.0
2024-08-01 12:29:00,CEG,181.7899932861328,181.7899932861328,181.7899932861328,181.35000610351562,181.35000610351562,5214.0
2024-08-01 12:29:00,EXC,37.89500045776367,37.89500045776367,37.89500045776367,37.89500045776367,37.89500045776367,996.0
2024-08-01 12:29:00,FLNC,16.010000228881836,16.010000228881836,16.020000457763672,15.979999542236328,15.979999542236328,3365.0
2024-08-01 12:29:00,LNT,56.084999084472656,56.084999084472656,56.084999084472656,56.06999969482422,56.06999969482422,3058.0
2024-08-01 12:29:00,NFE,19.239999771118164,19.239999771118164,19.239999771118164,19.239999771118164,19.239999771118164,834.0
2024-08-01 12:29:00,OTTR,94.5,94.5,94.5,94.5,94.5,261.0
2024-08-01 12:29:00,XEL,57.71500015258789,57.71500015258789,57.72999954223633,57.59000015258789,57.630001068115234,10472.0
2024-08-01 12:30:00,AEP,99.6500015258789,99.6500015258789,99.6500015258789,99.61000061035156,99.62999725341797,2479.0
2024-08-01 12:30:00,AY,22.125,22.125,22.125,22.125,22.125,139.0
2024-08-01 12:30:00,CEG,181.47999572753906,181.47999572753906,181.6199951171875,181.39999389648438,181.5850067138672,1642.0
2024-08-01 12:30:00,CWCO,28.100000381469727,28.100000381469727,28.100000381469727,28.100000381469727,28.100000381469727,434.0
2024-08-01 12:30:00,EXC,37.89500045776367,37.89500045776367,37.900001525878906,37.89500045776367,37.89500045776367,4078.0
2024-08-01 12:30:00,FLNC,15.989999771118164,15.989999771118164,16.010000228881836,15.979999542236328,16.010000228881836,11152.0
2024-08-01 12:30:00,LNT,56.060001373291016,56.060001373291016,56.084999084472656,56.060001373291016,56.084999084472656,3128.0
2024-08-01 12:30:00,NFE,19.239999771118164,19.239999771118164,19.25,19.239999771118164,19.239999771118164,1233.0
2024-08-01 12:30:00,RNW,5.960000038146973,5.960000038146973,5.960000038146973,5.960000038146973,5.960000038146973,882.0
2024-08-01 12:30:00,XEL,57.65999984741211,57.65999984741211,57.72999954223633,57.65999984741211,57.70000076293945,6712.0
2024-08-01 12:31:00,AEP,99.63999938964844,99.63999938964844,99.69000244140625,99.63999938964844,99.63999938964844,3664.0
2024-08-01 12:31:00,AY,22.1299991607666,22.1299991607666,22.1299991607666,22.125,22.125,1245.0
2024-08-01 12:31:00,CEG,181.1199951171875,181.1199951171875,181.50999450683594,181.1199951171875,181.5050048828125,2764.0
2024-08-01 12:31:00,EXC,37.89500045776367,37.89500045776367,37.904998779296875,37.89500045776367,37.89500045776367,24942.0
2024-08-01 12:31:00,FLNC,15.989999771118164,15.989999771118164,16.0,15.989999771118164,15.989999771118164,1201.0
2024-08-01 12:31:00,LNT,56.084999084472656,56.084999084472656,56.084999084472656,56.060001373291016,56.060001373291016,4635.0
2024-08-01 12:31:00,MNTK,5.730000019073486,5.730000019073486,5.739999771118164,5.730000019073486,5.730000019073486,377.0
2024-08-01 12:31:00,NFE,19.204999923706055,19.204999923706055,19.239999771118164,19.204999923706055,19.239999771118164,5115.0
2024-08-01 12:31:00,RNW,5.960000038146973,5.960000038146973,5.960000038146973,5.960000038146973,5.960000038146973,160.0
2024-08-01 12:31:00,XEL,57.709999084472656,57.709999084472656,57.720001220703125,57.65999984741211,57.66999816894531,8425.0
2024-08-01 12:32:00,AEP,99.61499786376953,99.61499786376953,99.68000030517578,99.61000061035156,99.6500015258789,3399.0
2024-08-01 12:32:00,CEG,181.02000427246094,181.02000427246094,181.37750244140625,181.00999450683594,181.11000061035156,2269.0
2024-08-01 12:32:00,EXC,37.89500045776367,37.89500045776367,37.93000030517578,37.89500045776367,37.89500045776367,34365.0
2024-08-01 12:32:00,FLNC,15.970000267028809,15.970000267028809,15.989999771118164,15.970000267028809,15.989999771118164,1958.0
2024-08-01 12:32:00,LNT,56.04999923706055,56.04999923706055,56.099998474121094,56.04999923706055,56.09000015258789,5631.0
2024-08-01 12:32:00,NFE,19.200000762939453,19.200000762939453,19.204999923706055,19.200000762939453,19.204999923706055,2192.0
2024-08-01 12:32:00,NWE,53.209999084472656,53.209999084472656,53.209999084472656,53.209999084472656,53.209999084472656,361.0
2024-08-01 12:32:00,XEL,57.630001068115234,57.630001068115234,57.69499969482422,57.630001068115234,57.69499969482422,4046.0
2024-08-01 12:33:00,AEP,99.69999694824219,99.69999694824219,99.72000122070312,99.63999938964844,99.63999938964844,3743.0
2024-08-01 12:33:00,ARTNA,39.20000076293945,39.20000076293945,39.20000076293945,39.20000076293945,39.20000076293945,358.0
2024-08-01 12:33:00,CEG,181.24099731445312,181.24099731445312,181.33999633789062,181.0,181.00999450683594,5979.0
2024-08-01 12:33:00,EXC,37.904998779296875,37.904998779296875,37.915000915527344,37.900001525878906,37.900001525878906,11625.0
2024-08-01 12:33:00,FLNC,15.960000038146973,15.960000038146973,15.960000038146973,15.960000038146973,15.960000038146973,707.0
2024-08-01 12:33:00,LNT,56.064998626708984,56.064998626708984,56.064998626708984,56.04499816894531,56.04499816894531,2496.0
2024-08-01 12:33:00,MNTK,5.730000019073486,5.730000019073486,5.730000019073486,5.730000019073486,5.730000019073486,237.0
2024-08-01 12:33:00,NFE,19.209999084472656,19.209999084472656,19.21500015258789,19.200000762939453,19.200000762939453,1307.0
2024-08-01 12:33:00,XEL,57.75,57.75,57.75,57.63999938964844,57.63999938964844,7862.0
2024-08-01 12:34:00,AEP,99.76000213623047,99.76000213623047,99.76000213623047,99.69999694824219,99.7300033569336,2646.0
2024-08-01 12:34:00,AY,22.125,22.125,22.139999389648438,22.125,22.139999389648438,15382.0
2024-08-01 12:34:00,BNRG,0.7601000070571899,0.7601000070571899,0.7601000070571899,0.7601000070571899,0.7601000070571899,317.0
2024-08-01 12:34:00,CDZI,3.5199999809265137,3.5199999809265137,3.5199999809265137,3.5199999809265137,3.5199999809265137,127.0
2024-08-01 12:34:00,CEG,181.1300048828125,181.1300048828125,181.2550048828125,181.1199951171875,181.2550048828125,3519.0
2024-08-01 12:34:00,EXC,37.94499969482422,37.94499969482422,37.94499969482422,37.904998779296875,37.904998779296875,20664.0
2024-08-01 12:34:00,FLNC,15.9399995803833,15.9399995803833,15.960000038146973,15.9399995803833,15.960000038146973,1087.0
2024-08-01 12:34:00,GWRS,12.899999618530273,12.899999618530273,12.899999618530273,12.899999618530273,12.899999618530273,611.0
2024-08-01 12:34:00,LNT,56.09000015258789,56.09000015258789,56.09000015258789,56.07500076293945,56.07500076293945,3041.0
2024-08-01 12:34:00,MNTK,5.724999904632568,5.724999904632568,5.724999904632568,5.724999904632568,5.724999904632568,814.0
2024-08-01 12:34:00,NFE,19.229999542236328,19.229999542236328,19.229999542236328,19.209999084472656,19.209999084472656,1455.0
2024-08-01 12:34:00,NWE,53.220001220703125,53.220001220703125,53.2400016784668,53.189998626708984,53.189998626708984,1286.0
2024-08-01 12:34:00,OTTR,94.4800033569336,94.4800033569336,94.4800033569336,94.4800033569336,94.4800033569336,146.0
2024-08-01 12:34:00,XEL,57.77000045776367,57.77000045776367,57.810001373291016,57.75,57.75,13074.0
2024-08-01 12:35:00,AEP,99.72000122070312,99.72000122070312,99.77999877929688,99.70020294189453,99.76000213623047,3147.0
2024-08-01 12:35:00,AY,22.125,22.125,22.125,22.125,22.125,687.0
2024-08-01 12:35:00,CEG,180.75999450683594,180.75999450683594,181.24000549316406,180.75999450683594,181.19500732421875,2288.0
2024-08-01 12:35:00,EXC,37.939998626708984,37.939998626708984,37.95500183105469,37.939998626708984,37.94499969482422,12630.0
2024-08-01 12:35:00,FLNC,15.904999732971191,15.904999732971191,15.9350004196167,15.895000457763672,15.9350004196167,10870.0
2024-08-01 12:35:00,LNT,56.11000061035156,56.11000061035156,56.1150016784668,56.099998474121094,56.11000061035156,3614.0
2024-08-01 12:35:00,MGEE,87.54000091552734,87.54000091552734,87.54000091552734,87.54000091552734,87.54000091552734,121.0
2024-08-01 12:35:00,NFE,19.200000762939453,19.200000762939453,19.229999542236328,19.200000762939453,19.229999542236328,1613.0
2024-08-01 12:35:00,OTTR,94.4291000366211,94.4291000366211,94.4291000366211,94.4291000366211,94.4291000366211,1002.0
2024-08-01 12:35:00,XEL,57.810001373291016,57.810001373291016,57.83000183105469,57.79999923706055,57.79999923706055,6366.0
2024-08-01 12:36:00,AEP,99.7699966430664,99.7699966430664,99.7699966430664,99.72000122070312,99.72000122070312,4201.0
2024-08-01 12:36:00,CDZI,3.5199999809265137,3.5199999809265137,3.5199999809265137,3.5199999809265137,3.5199999809265137,200.0
2024-08-01 12:36:00,CEG,181.3489990234375,181.3489990234375,181.3489990234375,180.91000366210938,180.91000366210938,5171.0
2024-08-01 12:36:00,EXC,37.93000030517578,37.93000030517578,37.94499969482422,37.93000030517578,37.94499969482422,5236.0
2024-08-01 12:36:00,FLNC,15.920000076293945,15.920000076293945,15.930000305175781,15.899999618530273,15.899999618530273,1906.0
2024-08-01 12:36:00,LNT,56.150001525878906,56.150001525878906,56.15999984741211,56.119998931884766,56.119998931884766,2351.0
2024-08-01 12:36:00,MGEE,87.52999877929688,87.52999877929688,87.52999877929688,87.52999877929688,87.52999877929688,354.0
2024-08-01 12:36:00,MSEX,64.74500274658203,64.74500274658203,64.74500274658203,64.62999725341797,64.66000366210938,694.0
2024-08-01 12:36:00,NFE,19.209999084472656,19.209999084472656,19.209999084472656,19.209999084472656,19.209999084472656,1943.0
2024-08-01 12:36:00,RNW,5.960000038146973,5.960000038146973,5.960000038146973,5.960000038146973,5.960000038146973,346.0
2024-08-01 12:36:00,XEL,57.790000915527344,57.790000915527344,57.81999969482422,57.790000915527344,57.79999923706055,6193.0
2024-08-01 12:37:00,AEP,99.79000091552734,99.79000091552734,99.79000091552734,99.70999908447266,99.72000122070312,3285.0
2024-08-01 12:37:00,AY,22.12019920349121,22.12019920349121,22.125,22.12019920349121,22.125,471.0
2024-08-01 12:37:00,CEG,180.92999267578125,180.92999267578125,181.2375030517578,180.92999267578125,181.22000122070312,3167.0
2024-08-01 12:37:00,EXC,37.915000915527344,37.915000915527344,37.91999816894531,37.90999984741211,37.91999816894531,8706.0
2024-08-01 12:37:00,FLNC,15.899999618530273,15.899999618530273,15.920000076293945,15.899999618530273,15.90999984741211,1927.0
2024-08-01 12:37:00,LNT,56.150001525878906,56.150001525878906,56.150001525878906,56.130001068115234,56.130001068115234,2992.0
2024-08-01 12:37:00,NFE,19.200000762939453,19.200000762939453,19.209999084472656,19.200000762939453,19.209999084472656,1579.0
2024-08-01 12:37:00,RNW,5.960000038146973,5.960000038146973,5.960000038146973,5.960000038146973,5.960000038146973,113.0
2024-08-01 12:37:00,XEL,57.84000015258789,57.84000015258789,57.84000015258789,57.7599983215332,57.77000045776367,5224.0
2024-08-01 12:38:00,AEP,99.73870086669922,99.73870086669922,99.79000091552734,99.73870086669922,99.79000091552734,2992.0
2024-08-01 12:38:00,AY,22.125,22.125,22.1299991607666,22.125,22.1299991607666,304.0
2024-08-01 12:38:00,CEG,180.9149932861328,180.9149932861328,181.01499938964844,180.9149932861328,181.01499938964844,1336.0
2024-08-01 12:38:00,EXC,37.894100189208984,37.894100189208984,37.90999984741211,37.894100189208984,37.90999984741211,6886.0
2024-08-01 12:38:00,FLNC,15.890000343322754,15.890000343322754,15.890000343322754,15.890000343322754,15.890000343322754,452.0
2024-08-01 12:38:00,LNT,56.1150016784668,56.1150016784668,56.130001068115234,56.1150016784668,56.130001068115234,508.0
2024-08-01 12:38:00,MGEE,87.5,87.5,87.5,87.5,87.5,262.0
2024-08-01 12:38:00,MSEX,64.55999755859375,64.55999755859375,64.55999755859375,64.55999755859375,64.55999755859375,340.0
2024-08-01 12:38:00,NFE,19.200000762939453,19.200000762939453,19.200000762939453,19.193099975585938,19.193099975585938,2243.0
2024-08-01 12:38:00,NWE,53.189998626708984,53.189998626708984,53.189998626708984,53.189998626708984,53.189998626708984,189.0
2024-08-01 12:38:00,RNW,5.960000038146973,5.960000038146973,5.960000038146973,5.960000038146973,5.960000038146973,300.0
2024-08-01 12:39:00,AEP,99.76499938964844,99.76499938964844,99.77999877929688,99.73999786376953,99.73999786376953,2689.0
2024-08-01 12:39:00,AY,22.121200561523438,22.121200561523438,22.121200561523438,22.121200561523438,22.121200561523438,646.0
2024-08-01 12:39:00,CEG,180.77999877929688,180.77999877929688,180.9250030517578,180.75,180.75,1284.0
2024-08-01 12:39:00,EXC,37.904998779296875,37.904998779296875,37.904998779296875,37.900001525878906,37.900001525878906,10920.0
2024-08-01 12:39:00,FLNC,15.875,15.875,15.880000114440918,15.875,15.880000114440918,2315.0
2024-08-01 12:39:00,LNT,56.150001525878906,56.150001525878906,56.150001525878906,56.119998931884766,56.119998931884766,3686.0
2024-08-01 12:39:00,NFE,19.200000762939453,19.200000762939453,19.200000762939453,19.190000534057617,19.190000534057617,1239.0
2024-08-01 12:39:00,NWE,53.18000030517578,53.18000030517578,53.18000030517578,53.13999938964844,53.16999816894531,1982.0
2024-08-01 12:39:00,OTTR,94.19999694824219,94.19999694824219,94.19999694824219,94.19999694824219,94.19999694824219,1213.0
2024-08-01 12:39:00,PCYO,10.5600004196167,10.5600004196167,10.5600004196167,10.5600004196167,10.5600004196167,274.0
2024-08-01 12:39:00,RNW,5.945000171661377,5.945000171661377,5.954999923706055,5.940100193023682,5.954999923706055,6337.0
2024-08-01 12:39:00,XEL,57.869998931884766,57.869998931884766,57.869998931884766,57.81999969482422,57.81999969482422,6870.0
2024-08-01 12:40:00,AEP,99.7300033569336,99.7300033569336,99.75,99.70099639892578,99.75,3036.0
2024-08-01 12:40:00,AY,22.125,22.125,22.125,22.125,22.125,212.0
2024-08-01 12:40:00,CDZI,3.5199999809265137,3.5199999809265137,3.5199999809265137,3.5199999809265137,3.5199999809265137,244.0
2024-08-01 12:40:00,CEG,180.89500427246094,180.89500427246094,180.92999267578125,180.74000549316406,180.77999877929688,2720.0
2024-08-01 12:40:00,EXC,37.89500045776367,37.89500045776367,37.904998779296875,37.89500045776367,37.904998779296875,4802.0
2024-08-01 12:40:00,FLNC,15.850000381469727,15.850000381469727,15.895000457763672,15.850000381469727,15.880000114440918,2391.0
2024-08-01 12:40:00,LNT,56.150001525878906,56.150001525878906,56.150001525878906,56.13999938964844,56.13999938964844,732.0
2024-08-01 12:40:00,MGEE,87.54000091552734,87.54000091552734,87.54000091552734,87.48999786376953,87.48999786376953,743.0
2024-08-01 12:40:00,NFE,19.200000762939453,19.200000762939453,19.200000762939453,19.200000762939453,19.200000762939453,1274.0
2024-08-01 12:40:00,RNW,5.945000171661377,5.945000171661377,5.945000171661377,5.940000057220459,5.940000057220459,300.0
2024-08-01 12:40:00,XEL,57.79999923706055,57.79999923706055,57.875,57.79999923706055,57.875,4869.0
2024-08-01 12:41:00,AEP,99.75,99.75,99.76000213623047,99.69000244140625,99.69000244140625,5252.0
2024-08-01 12:41:00,CEG,180.97000122070312,180.97000122070312,181.27000427246094,180.90499877929688,180.90499877929688,9621.0
2024-08-01 12:41:00,EXC,37.904998779296875,37.904998779296875,37.904998779296875,37.89500045776367,37.89500045776367,13867.0
2024-08-01 12:41:00,FLNC,15.859999656677246,15.859999656677246,15.864999771118164,15.859999656677246,15.859999656677246,828.0
2024-08-01 12:41:00,LNT,56.15999984741211,56.15999984741211,56.15999984741211,56.130001068115234,56.130001068115234,2947.0
2024-08-01 12:41:00,MSEX,64.55999755859375,64.55999755859375,64.55999755859375,64.55999755859375,64.55999755859375,308.0
2024-08-01 12:41:00,NFE,19.200000762939453,19.200000762939453,19.200000762939453,19.190000534057617,19.200000762939453,6125.0
2024-08-01 12:41:00,RNW,5.941999912261963,5.941999912261963,5.945000171661377,5.941999912261963,5.945000171661377,501.0
2024-08-01 12:41:00,XEL,57.84000015258789,57.84000015258789,57.845001220703125,57.779998779296875,57.790000915527344,5860.0
2024-08-01 12:42:00,AEP,99.72000122070312,99.72000122070312,99.75,99.72000122070312,99.75,2437.0
2024-08-01 12:42:00,AY,22.125,22.125,22.125,22.125,22.125,289.0
2024-08-01 12:42:00,CDZI,3.5199999809265137,3.5199999809265137,3.5199999809265137,3.5199999809265137,3.5199999809265137,95.0
2024-08-01 12:42:00,CEG,180.83999633789062,180.83999633789062,181.05499267578125,180.8000030517578,181.05499267578125,1683.0
2024-08-01 12:42:00,EXC,37.900001525878906,37.900001525878906,37.904998779296875,37.900001525878906,37.904998779296875,8200.0
2024-08-01 12:42:00,FLNC,15.90999984741211,15.90999984741211,15.920000076293945,15.84000015258789,15.850000381469727,19373.0
2024-08-01 12:42:00,LNT,56.154998779296875,56.154998779296875,56.15999984741211,56.150001525878906,56.150001525878906,891.0
2024-08-01 12:42:00,NFE,19.190000534057617,19.190000534057617,19.209999084472656,19.18000030517578,19.200000762939453,33970.0
2024-08-01 12:42:00,OPAL,3.9800000190734863,3.9800000190734863,3.9800000190734863,3.9800000190734863,3.9800000190734863,357.0
2024-08-01 12:42:00,RNW,5.945000171661377,5.945000171661377,5.945000171661377,5.945000171661377,5.945000171661377,0.0
2024-08-01 12:42:00,XEL,57.83000183105469,57.83000183105469,57.849998474121094,57.83000183105469,57.84000015258789,1629.0
2024-08-01 12:43:00,AEP,99.69999694824219,99.69999694824219,99.72000122070312,99.69499969482422,99.72000122070312,2666.0
2024-08-01 12:43:00,AY,22.125,22.125,22.125,22.12350082397461,22.125,901.0
2024-08-01 12:43:00,CEG,180.86000061035156,180.86000061035156,180.86000061035156,180.83999633789062,180.83999633789062,550.0
2024-08-01 12:43:00,EXC,37.89500045776367,37.89500045776367,37.900001525878906,37.89500045776367,37.900001525878906,7689.0
2024-08-01 12:43:00,FLNC,15.899999618530273,15.899999618530273,15.90999984741211,15.899999618530273,15.90999984741211,1077.0
2024-08-01 12:43:00,LNT,56.119998931884766,56.119998931884766,56.130001068115234,56.119998931884766,56.130001068115234,1767.0
2024-08-01 12:43:00,MGEE,87.33999633789062,87.33999633789062,87.33999633789062,87.33999633789062,87.33999633789062,271.0
2024-08-01 12:43:00,MNTK,5.679999828338623,5.679999828338623,5.679999828338623,5.679999828338623,5.679999828338623,304.0
2024-08-01 12:43:00,NFE,19.190000534057617,19.190000534057617,19.190000534057617,19.180099487304688,19.190000534057617,1237.0
2024-08-01 12:43:00,RNW,5.945000171661377,5.945000171661377,5.945000171661377,5.945000171661377,5.945000171661377,208.0
2024-08-01 12:43:00,WAVE,2.9798998832702637,2.9798998832702637,2.9798998832702637,2.9798998832702637,2.9798998832702637,616.0
2024-08-01 12:43:00,XEL,57.81999969482422,57.81999969482422,57.83000183105469,57.810001373291016,57.83000183105469,3949.0
2024-08-01 12:44:00,AEP,99.75,99.75,99.75,99.7074966430664,99.7074966430664,2436.0
2024-08-01 12:44:00,AY,22.125,22.125,22.125,22.125,22.125,1038.0
2024-08-01 12:44:00,CEG,180.86000061035156,180.86000061035156,181.0800018310547,180.83999633789062,180.89500427246094,2575.0
2024-08-01 12:44:00,EXC,37.900001525878906,37.900001525878906,37.900001525878906,37.89500045776367,37.89500045776367,2703.0
2024-08-01 12:44:00,FLNC,15.920000076293945,15.920000076293945,15.920000076293945,15.90999984741211,15.90999984741211,1039.0
2024-08-01 12:44:00,LNT,56.11000061035156,56.11000061035156,56.11000061035156,56.11000061035156,56.11000061035156,378.0
2024-08-01 12:44:00,MSEX,64.5,64.5,64.5,64.5,64.5,159.0
2024-08-01 12:44:00,NFE,19.200000762939453,19.200000762939453,19.200000762939453,19.200000762939453,19.200000762939453,1653.0
2024-08-01 12:44:00,PCYO,10.539999961853027,10.539999961853027,10.539999961853027,10.539999961853027,10.539999961853027,132.0
2024-08-01 12:44:00,RNW,5.949999809265137,5.949999809265137,5.949999809265137,5.949999809265137,5.949999809265137,200.0
2024-08-01 12:44:00,XEL,57.869998931884766,57.869998931884766,57.880001068115234,57.81999969482422,57.81999969482422,4657.0
2024-08-01 12:45:00,AEP,99.74500274658203,99.74500274658203,99.74500274658203,99.7300033569336,99.73999786376953,2020.0
2024-08-01 12:45:00,AY,22.125,22.125,22.125,22.125,22.125,353.0
2024-08-01 12:45:00,CEG,180.74000549316406,180.74000549316406,180.93359375,180.5800018310547,180.93359375,10675.0
2024-08-01 12:45:00,EXC,37.900001525878906,37.900001525878906,37.900001525878906,37.89500045776367,37.900001525878906,3626.0
2024-08-01 12:45:00,FLNC,15.949999809265137,15.949999809265137,15.960000038146973,15.929900169372559,15.930000305175781,14194.0
2024-08-01 12:45:00,LNT,56.119998931884766,56.119998931884766,56.125,56.1150016784668,56.125,2082.0
2024-08-01 12:45:00,NFE,19.209999084472656,19.209999084472656,19.219999313354492,19.204999923706055,19.204999923706055,4790.0
2024-08-01 12:45:00,RNW,5.949999809265137,5.949999809265137,5.949999809265137,5.949999809265137,5.949999809265137,380.0
2024-08-01 12:45:00,XEL,57.84749984741211,57.84749984741211,57.86000061035156,57.845001220703125,57.86000061035156,3704.0
2024-08-01 12:46:00,AEP,99.80500030517578,99.80500030517578,99.80500030517578,99.76000213623047,99.76000213623047,3218.0
2024-08-01 12:46:00,CEG,180.5800018310547,180.5800018310547,180.8699951171875,180.52499389648438,180.5850067138672,6379.0
2024-08-01 12:46:00,EXC,37.935001373291016,37.935001373291016,37.935001373291016,37.89500045776367,37.89500045776367,33482.0
2024-08-01 12:46:00,FLNC,15.970000267028809,15.970000267028809,15.979999542236328,15.949999809265137,15.949999809265137,713.0
2024-08-01 12:46:00,HTOO,0.8100000023841858,0.8100000023841858,0.8100000023841858,0.8100000023841858,0.8100000023841858,31966.0
2024-08-01 12:46:00,LNT,56.150001525878906,56.150001525878906,56.150001525878906,56.119998931884766,56.119998931884766,2079.0
2024-08-01 12:46:00,MSEX,64.95999908447266,64.95999908447266,64.95999908447266,64.58999633789062,64.58999633789062,1795.0
2024-08-01 12:46:00,NFE,19.219999313354492,19.219999313354492,19.219999313354492,19.21500015258789,19.21500015258789,2086.0
2024-08-01 12:46:00,NWE,53.209999084472656,53.209999084472656,53.209999084472656,53.209999084472656,53.209999084472656,1251.0
2024-08-01 12:46:00,OTTR,94.37999725341797,94.37999725341797,94.37999725341797,94.37999725341797,94.37999725341797,1109.0
2024-08-01 12:46:00,RNW,5.952000141143799,5.952000141143799,5.954999923706055,5.949999809265137,5.949999809265137,2434.0
2024-08-01 12:46:00,XEL,57.880001068115234,57.880001068115234,57.904998779296875,57.86000061035156,57.86000061035156,5220.0
2024-08-01 12:47:00,AEP,99.7699966430664,99.7699966430664,99.80989837646484,99.7699966430664,99.80000305175781,2999.0
2024-08-01 12:47:00,CEG,180.67999267578125,180.67999267578125,180.67999267578125,180.6750030517578,180.6750030517578,1408.0
2024-08-01 12:47:00,CWCO,28.184999465942383,28.184999465942383,28.184999465942383,28.184999465942383,28.184999465942383,111.0
2024-08-01 12:47:00,EXC,37.93000030517578,37.93000030517578,37.959999084472656,37.93000030517578,37.935001373291016,27917.0
2024-08-01 12:47:00,FLNC,15.960000038146973,15.960000038146973,15.979999542236328,15.960000038146973,15.960000038146973,1505.0
2024-08-01 12:47:00,HTOO,0.8025000095367432,0.8025000095367432,0.8025000095367432,0.8025000095367432,0.8025000095367432,236.0
2024-08-01 12:47:00,LNT,56.125,56.125,56.13999938964844,56.125,56.13999938964844,2223.0
2024-08-01 12:47:00,MSEX,64.94000244140625,64.94000244140625,64.94000244140625,64.94000244140625,64.94000244140625,1017.0
2024-08-01 12:47:00,NFE,19.219999313354492,19.219999313354492,19.219999313354492,19.219999313354492,19.219999313354492,865.0
2024-08-01 12:47:00,NWE,53.15999984741211,53.15999984741211,53.15999984741211,53.15999984741211,53.15999984741211,364.0
2024-08-01 12:47:00,XEL,57.81999969482422,57.81999969482422,57.86000061035156,57.81999969482422,57.86000061035156,14809.0
2024-08-01 12:48:00,AEP,99.80000305175781,99.80000305175781,99.80000305175781,99.7300033569336,99.76499938964844,4758.0
2024-08-01 12:48:00,BNRG,0.7649999856948853,0.7649999856948853,0.7649999856948853,0.7649999856948853,0.7649999856948853,11668.0
2024-08-01 12:48:00,CEG,180.67999267578125,180.67999267578125,180.7899932861328,180.55999755859375,180.67999267578125,1963.0
2024-08-01 12:48:00,EXC,37.92499923706055,37.92499923706055,37.92499923706055,37.904998779296875,37.92499923706055,6434.0
2024-08-01 12:48:00,FLNC,15.9399995803833,15.9399995803833,15.960000038146973,15.9399995803833,15.960000038146973,1726.0
2024-08-01 12:48:00,HTOO,0.8012999892234802,0.8012999892234802,0.8012999892234802,0.8012999892234802,0.8012999892234802,0.0
2024-08-01 12:48:00,LNT,56.11000061035156,56.11000061035156,56.130001068115234,56.10499954223633,56.125,4398.0
2024-08-01 12:48:00,MGEE,87.41000366210938,87.41000366210938,87.41000366210938,87.41000366210938,87.41000366210938,664.0
2024-08-01 12:48:00,NFE,19.200000762939453,19.200000762939453,19.229999542236328,19.200000762939453,19.229999542236328,4473.0
2024-08-01 12:48:00,NWE,53.119998931884766,53.119998931884766,53.13999938964844,53.119998931884766,53.13999938964844,623.0
2024-08-01 12:48:00,RNW,5.954999923706055,5.954999923706055,5.954999923706055,5.954999923706055,5.954999923706055,634.0
2024-08-01 12:48:00,XEL,57.779998779296875,57.779998779296875,57.83000183105469,57.779998779296875,57.81999969482422,6226.0
2024-08-01 12:49:00,AEP,99.77999877929688,99.77999877929688,99.83999633789062,99.77999877929688,99.80999755859375,6212.0
2024-08-01 12:49:00,AY,22.125,22.125,22.125,22.122499465942383,22.125,778.0
2024-08-01 12:49:00,CEG,180.96499633789062,180.96499633789062,180.96499633789062,180.67999267578125,180.67999267578125,6042.0
2024-08-01 12:49:00,CWCO,28.110000610351562,28.110000610351562,28.110000610351562,28.110000610351562,28.110000610351562,142.0
2024-08-01 12:49:00,EXC,37.915000915527344,37.915000915527344,37.935001373291016,37.915000915527344,37.93000030517578,6387.0
2024-08-01 12:49:00,FLNC,15.920000076293945,15.920000076293945,15.9399995803833,15.90999984741211,15.9399995803833,3561.0
2024-08-01 12:49:00,LNT,56.099998474121094,56.099998474121094,56.119998931884766,56.099998474121094,56.11000061035156,1663.0
2024-08-01 12:49:00,MNTK,5.679999828338623,5.679999828338623,5.679999828338623,5.679999828338623,5.679999828338623,439.0
2024-08-01 12:49:00,NFE,19.209999084472656,19.209999084472656,19.209999084472656,19.190000534057617,19.20800018310547,6357.0
2024-08-01 12:49:00,NWE,53.11000061035156,53.11000061035156,53.11000061035156,53.11000061035156,53.11000061035156,489.0
2024-08-01 12:49:00,XEL,57.81999969482422,57.81999969482422,57.834999084472656,57.790000915527344,57.790000915527344,6976.0
2024-08-01 12:50:00,AEP,99.83999633789062,99.83999633789062,99.8499984741211,99.78990173339844,99.79000091552734,3479.0
2024-08-01 12:50:00,ARTNA,38.970001220703125,38.970001220703125,38.970001220703125,38.970001220703125,38.970001220703125,160.0
2024-08-01 12:50:00,BNRG,0.7501999735832214,0.7501999735832214,0.7501999735832214,0.7501999735832214,0.7501999735832214,504.0
2024-08-01 12:50:00,CDZI,3.5199999809265137,3.5199999809265137,3.5199999809265137,3.5199999809265137,3.5199999809265137,110.0
2024-08-01 12:50:00,CEG,181.0399932861328,181.0399932861328,181.0399932861328,180.8300018310547,180.97000122070312,3595.0
2024-08-01 12:50:00,EXC,37.935001373291016,37.935001373291016,37.935001373291016,37.915000915527344,37.91999816894531,2286.0
2024-08-01 12:50:00,FLNC,15.890000343322754,15.890000343322754,15.914999961853027,15.890000343322754,15.90999984741211,2544.0
2024-08-01 12:50:00,LNT,56.119998931884766,56.119998931884766,56.119998931884766,56.084999084472656,56.084999084472656,3724.0
2024-08-01 12:50:00,MNTK,5.659999847412109,5.659999847412109,5.659999847412109,5.659999847412109,5.659999847412109,445.0
2024-08-01 12:50:00,NFE,19.190000534057617,19.190000534057617,19.200000762939453,19.190000534057617,19.200000762939453,850.0
2024-08-01 12:50:00,RNW,5.945000171661377,5.945000171661377,5.949999809265137,5.945000171661377,5.949999809265137,2464.0
2024-08-01 12:50:00,XEL,57.814998626708984,57.814998626708984,57.83250045776367,57.786800384521484,57.81999969482422,11174.0
2024-08-01 12:51:00,AEP,99.8499984741211,99.8499984741211,99.87999725341797,99.83999633789062,99.87999725341797,4328.0
2024-08-01 12:51:00,AY,22.125,22.125,22.125,22.125,22.125,361.0
2024-08-01 12:51:00,CEG,180.97000122070312,180.97000122070312,180.98500061035156,180.86000061035156,180.98500061035156,1173.0
2024-08-01 12:51:00,CWCO,28.155000686645508,28.155000686645508,28.155000686645508,28.155000686645508,28.155000686645508,245.0
2024-08-01 12:51:00,EXC,37.94499969482422,37.94499969482422,37.95000076293945,37.93000030517578,37.93000030517578,5830.0
2024-08-01 12:51:00,FLNC,15.854999542236328,15.854999542236328,15.854999542236328,15.854999542236328,15.854999542236328,772.0
2024-08-01 12:51:00,LNT,56.119998931884766,56.119998931884766,56.130001068115234,56.1150016784668,56.1150016784668,1402.0
2024-08-01 12:51:00,NFE,19.170000076293945,19.170000076293945,19.18000030517578,19.170000076293945,19.18000030517578,2037.0
2024-08-01 12:51:00,OPAL,3.9800000190734863,3.9800000190734863,3.9800000190734863,3.9800000190734863,3.9800000190734863,4832.0
2024-08-01 12:51:00,RNW,5.945000171661377,5.945000171661377,5.949999809265137,5.945000171661377,5.945000171661377,1301.0
2024-08-01 12:51:00,XEL,57.85499954223633,57.85499954223633,57.85499954223633,57.83000183105469,57.83000183105469,4922.0
2024-08-01 12:52:00,AEP,99.87000274658203,99.87000274658203,99.87000274658203,99.83999633789062,99.8499984741211,2956.0
2024-08-01 12:52:00,CDZI,3.51990008354187,3.51990008354187,3.51990008354187,3.51990008354187,3.51990008354187,943.0
2024-08-01 12:52:00,CEG,180.75,180.75,180.97500610351562,180.75,180.97500610351562,3041.0
2024-08-01 12:52:00,EXC,37.95500183105469,37.95500183105469,37.959999084472656,37.939998626708984,37.95000076293945,21597.0
2024-08-01 12:52:00,FLNC,15.869999885559082,15.869999885559082,15.869999885559082,15.850000381469727,15.859999656677246,1732.0
2024-08-01 12:52:00,LNT,56.150001525878906,56.150001525878906,56.150001525878906,56.125,56.125,2311.0
2024-08-01 12:52:00,MGEE,87.44999694824219,87.44999694824219,87.44999694824219,87.44999694824219,87.44999694824219,101.0
2024-08-01 12:52:00,MNTK,5.670000076293945,5.670000076293945,5.670000076293945,5.670000076293945,5.670000076293945,638.0
2024-08-01 12:52:00,NFE,19.18000030517578,19.18000030517578,19.18000030517578,19.18000030517578,19.18000030517578,2016.0
2024-08-01 12:52:00,PCYO,10.53499984741211,10.53499984741211,10.53499984741211,10.53499984741211,10.53499984741211,727.0
2024-08-01 12:52:00,RNW,5.945000171661377,5.945000171661377,5.945000171661377,5.945000171661377,5.945000171661377,1.0
2024-08-01 12:52:00,XEL,57.84000015258789,57.84000015258789,57.849998474121094,57.84000015258789,57.849998474121094,1931.0
2024-08-01 12:53:00,AEP,99.87999725341797,99.87999725341797,99.9000015258789,99.87999725341797,99.9000015258789,1169.0
2024-08-01 12:53:00,CEG,181.01499938964844,181.01499938964844,181.0399932861328,180.77999877929688,180.77999877929688,7215.0
2024-08-01 12:53:00,EXC,37.95000076293945,37.95000076293945,37.95500183105469,37.95000076293945,37.95500183105469,12307.0
2024-08-01 12:53:00,FLNC,15.880000114440918,15.880000114440918,15.880000114440918,15.869999885559082,15.869999885559082,1631.0
2024-08-01 12:53:00,LNT,56.15999984741211,56.15999984741211,56.16999816894531,56.150001525878906,56.150001525878906,1878.0
2024-08-01 12:53:00,MGEE,87.45999908447266,87.45999908447266,87.45999908447266,87.44999694824219,87.44999694824219,416.0
2024-08-01 12:53:00,NFE,19.200000762939453,19.200000762939453,19.204999923706055,19.190000534057617,19.190000534057617,2573.0
2024-08-01 12:53:00,NWE,53.150001525878906,53.150001525878906,53.150001525878906,53.099998474121094,53.130001068115234,2108.0
2024-08-01 12:53:00,OTTR,94.44000244140625,94.44000244140625,94.44000244140625,94.3550033569336,94.37000274658203,610.0
2024-08-01 12:53:00,RNW,5.949999809265137,5.949999809265137,5.949999809265137,5.949999809265137,5.949999809265137,200.0
2024-08-01 12:53:00,XEL,57.88800048828125,57.88800048828125,57.90999984741211,57.86000061035156,57.86000061035156,8470.0
2024-08-01 12:54:00,AEP,99.95439910888672,99.95439910888672,99.98999786376953,99.88999938964844,99.88999938964844,6711.0
2024-08-01 12:54:00,AY,22.125,22.125,22.1299991607666,22.125,22.125,1934.0
2024-08-01 12:54:00,CEG,181.08999633789062,181.08999633789062,181.08999633789062,180.8699951171875,181.01499938964844,7048.0
2024-08-01 12:54:00,CWCO,28.21500015258789,28.21500015258789,28.21500015258789,28.21500015258789,28.21500015258789,305.0
2024-08-01 12:54:00,EXC,37.959999084472656,37.959999084472656,37.96500015258789,37.95500183105469,37.95500183105469,41760.0
2024-08-01 12:54:00,FLNC,15.880000114440918,15.880000114440918,15.890000343322754,15.880000114440918,15.880000114440918,951.0
2024-08-01 12:54:00,LNT,56.20000076293945,56.20000076293945,56.220001220703125,56.165000915527344,56.165000915527344,2431.0
2024-08-01 12:54:00,MGEE,87.5199966430664,87.5199966430664,87.5199966430664,87.5199966430664,87.5199966430664,923.0
2024-08-01 12:54:00,MSEX,65.36499786376953,65.36499786376953,65.36499786376953,65.01000213623047,65.01000213623047,550.0
2024-08-01 12:54:00,NFE,19.229999542236328,19.229999542236328,19.239999771118164,19.209999084472656,19.209999084472656,1673.0
2024-08-01 12:54:00,OPAL,3.9800000190734863,3.9800000190734863,3.9800000190734863,3.9800000190734863,3.9800000190734863,951.0
2024-08-01 12:54:00,RNW,5.949999809265137,5.949999809265137,5.949999809265137,5.949999809265137,5.949999809265137,807.0
2024-08-01 12:54:00,XEL,57.939998626708984,57.939998626708984,57.95000076293945,57.88999938964844,57.88999938964844,3909.0
2024-08-01 12:55:00,AEP,99.88860321044922,99.88860321044922,99.94999694824219,99.87000274658203,99.94999694824219,3121.0
2024-08-01 12:55:00,AY,22.129899978637695,22.129899978637695,22.129899978637695,22.129899978637695,22.129899978637695,1206.0
2024-08-01 12:55:00,CEG,180.9199981689453,180.9199981689453,180.9250030517578,180.82000732421875,180.8300018310547,2745.0
2024-08-01 12:55:00,EXC,37.96659851074219,37.96659851074219,37.970001220703125,37.94499969482422,37.96500015258789,7867.0
2024-08-01 12:55:00,NWE,53.185001373291016,53.185001373291016,53.185001373291016,53.185001373291016,53.185001373291016,596.0
2024-08-01 12:55:00,XEL,57.88999938964844,57.88999938964844,57.935001373291016,57.88999938964844,57.91999816894531,5276.0
2024-08-01 12:56:00,AEP,99.91000366210938,99.91000366210938,99.91000366210938,99.87999725341797,99.87999725341797,1956.0
2024-08-01 12:56:00,AY,22.125,22.125,22.125,22.125,22.125,589.0
2024-08-01 12:56:00,CEG,180.94000244140625,180.94000244140625,180.94000244140625,180.94000244140625,180.94000244140625,5839.0
2024-08-01 12:56:00,EXC,37.96500015258789,37.96500015258789,37.96500015258789,37.95500183105469,37.95500183105469,5493.0
2024-08-01 12:56:00,FLNC,15.880000114440918,15.880000114440918,15.880000114440918,15.869999885559082,15.869999885559082,3987.0
2024-08-01 12:56:00,LNT,56.15999984741211,56.15999984741211,56.16109848022461,56.15999984741211,56.16109848022461,4730.0
2024-08-01 12:56:00,MSEX,65.22000122070312,65.22000122070312,65.22000122070312,65.22000122070312,65.22000122070312,523.0
2024-08-01 12:56:00,NFE,19.239999771118164,19.239999771118164,19.239999771118164,19.239999771118164,19.239999771118164,2737.0
2024-08-01 12:56:00,OTTR,94.53500366210938,94.53500366210938,94.53500366210938,94.53500366210938,94.53500366210938,1621.0
2024-08-01 12:56:00,WAVE,2.931999921798706,2.931999921798706,2.931999921798706,2.931999921798706,2.931999921798706,756.0
2024-08-01 12:56:00,XEL,57.88750076293945,57.88750076293945,57.88999938964844,57.88750076293945,57.88999938964844,2246.0
2024-08-01 12:57:00,ADN,4.550000190734863,4.550000190734863,4.550000190734863,4.550000190734863,4.550000190734863,3508.0
2024-08-01 12:57:00,AEP,99.86000061035156,99.86000061035156,99.91000366210938,99.86000061035156,99.90979766845703,3740.0
2024-08-01 12:57:00,AY,22.1299991607666,22.1299991607666,22.1299991607666,22.1299991607666,22.1299991607666,660.0
2024-08-01 12:57:00,BNRG,0.7312999963760376,0.7312999963760376,0.7312999963760376,0.7312999963760376,0.7312999963760376,5300.0
2024-08-01 12:57:00,CDZI,3.5199999809265137,3.5199999809265137,3.5199999809265137,3.5199999809265137,3.5199999809265137,455.0
2024-08-01 12:57:00,CEG,180.72000122070312,180.72000122070312,180.9550018310547,180.72000122070312,180.9550018310547,1709.0
2024-08-01 12:57:00,EXC,37.970001220703125,37.970001220703125,37.970001220703125,37.96500015258789,37.96500015258789,1048.0
2024-08-01 12:57:00,FLNC,15.90999984741211,15.90999984741211,15.920000076293945,15.890000343322754,15.890000343322754,3993.0
2024-08-01 12:57:00,LNT,56.16999816894531,56.16999816894531,56.16999816894531,56.165000915527344,56.16999816894531,2208.0
2024-08-01 12:57:00,NFE,19.229999542236328,19.229999542236328,19.239999771118164,19.219999313354492,19.239999771118164,2357.0
2024-08-01 12:57:00,NWE,53.189998626708984,53.189998626708984,53.189998626708984,53.189998626708984,53.189998626708984,304.0
2024-08-01 12:57:00,RNW,5.954999923706055,5.954999923706055,5.954999923706055,5.949999809265137,5.949999809265137,1222.0
2024-08-01 12:57:00,XEL,57.88999938964844,57.88999938964844,57.904998779296875,57.86000061035156,57.89500045776367,7836.0
2024-08-01 12:58:00,AEP,99.81999969482422,99.81999969482422,99.83000183105469,99.81999969482422,99.83000183105469,2583.0
2024-08-01 12:58:00,ARTNA,39.040000915527344,39.040000915527344,39.040000915527344,39.040000915527344,39.040000915527344,105.0
2024-08-01 12:58:00,CDZIP,15.979999542236328,15.979999542236328,15.979999542236328,15.979999542236328,15.979999542236328,206.0
2024-08-01 12:58:00,CEG,180.9499969482422,180.9499969482422,181.02000427246094,180.72000122070312,180.72000122070312,3755.0
2024-08-01 12:58:00,CWCO,28.264999389648438,28.264999389648438,28.264999389648438,28.264999389648438,28.264999389648438,191.0
2024-08-01 12:58:00,EXC,37.96500015258789,37.96500015258789,37.970001220703125,37.96500015258789,37.96500015258789,4198.0
2024-08-01 12:58:00,FLNC,15.899999618530273,15.899999618530273,15.90999984741211,15.899999618530273,15.90999984741211,975.0
2024-08-01 12:58:00,LNT,56.18000030517578,56.18000030517578,56.189998626708984,56.18000030517578,56.18000030517578,1220.0
2024-08-01 12:58:00,MNTK,5.690000057220459,5.690000057220459,5.690000057220459,5.690000057220459,5.690000057220459,772.0
2024-08-01 12:58:00,NFE,19.225000381469727,19.225000381469727,19.229999542236328,19.225000381469727,19.229999542236328,443.0
2024-08-01 12:58:00,WAVE,2.9798998832702637,2.9798998832702637,2.9798998832702637,2.9798998832702637,2.9798998832702637,222.0
2024-08-01 12:58:00,XEL,57.88999938964844,57.88999938964844,57.900001525878906,57.88999938964844,57.88999938964844,2186.0
2024-08-01 12:59:00,AEP,99.86000061035156,99.86000061035156,99.86000061035156,99.83000183105469,99.83499908447266,3376.0
2024-08-01 12:59:00,CEG,180.8300018310547,180.8300018310547,181.0800018310547,180.8300018310547,180.9499969482422,2793.0
2024-08-01 12:59:00,EXC,37.970001220703125,37.970001220703125,37.974998474121094,37.95500183105469,37.96500015258789,9710.0
2024-08-01 12:59:00,FLNC,15.899999618530273,15.899999618530273,15.899999618530273,15.890000343322754,15.899999618530273,4778.0
2024-08-01 12:59:00,LNT,56.18000030517578,56.18000030517578,56.18000030517578,56.18000030517578,56.18000030517578,372.0
2024-08-01 12:59:00,NFE,19.20009994506836,19.20009994506836,19.219999313354492,19.200000762939453,19.219999313354492,1733.0
2024-08-01 12:59:00,RNW,5.954999923706055,5.954999923706055,5.954999923706055,5.954999923706055,5.954999923706055,534.0
2024-08-01 12:59:00,XEL,57.880001068115234,57.880001068115234,57.880001068115234,57.869998931884766,57.869998931884766,1179.0
2024-08-01 13:00:00,AEP,99.93000030517578,99.93000030517578,99.96499633789062,99.87000274658203,99.87000274658203,5873.0
2024-08-01 13:00:00,AY,22.125,22.125,22.1299991607666,22.125,22.1299991607666,1657.0
2024-08-01 13:00:00,CEG,180.66000366210938,180.66000366210938,180.8300018310547,180.58999633789062,180.8300018310547,5618.0
2024-08-01 13:00:00,CWCO,28.350000381469727,28.350000381469727,28.350000381469727,28.350000381469727,28.350000381469727,1086.0
2024-08-01 13:00:00,EXC,37.96500015258789,37.96500015258789,38.01499938964844,37.96500015258789,37.974998474121094,48184.0
2024-08-01 13:00:00,FLNC,15.869999885559082,15.869999885559082,15.880000114440918,15.869999885559082,15.880000114440918,2325.0
2024-08-01 13:00:00,GWRS,12.919899940490723,12.919899940490723,12.919899940490723,12.919899940490723,12.919899940490723,377.0
2024-08-01 13:00:00,LNT,56.20000076293945,56.20000076293945,56.20000076293945,56.185001373291016,56.185001373291016,1637.0
2024-08-01 13:00:00,MGEE,87.74500274658203,87.74500274658203,87.74500274658203,87.74500274658203,87.74500274658203,411.0
2024-08-01 13:00:00,NFE,19.200000762939453,19.200000762939453,19.204999923706055,19.200000762939453,19.204999923706055,928.0
2024-08-01 13:00:00,NWE,53.18000030517578,53.18000030517578,53.18000030517578,53.18000030517578,53.18000030517578,613.0
2024-08-01 13:00:00,OPAL,3.9800000190734863,3.9800000190734863,3.9800000190734863,3.9800000190734863,3.9800000190734863,3072.0
2024-08-01 13:00:00,WAVE,2.9798998832702637,2.9798998832702637,2.9798998832702637,2.9798998832702637,2.9798998832702637,323.0
2024-08-01 13:00:00,XEL,57.900001525878906,57.900001525878906,57.93000030517578,57.88999938964844,57.88999938964844,5414.0
2024-08-01 13:01:00,AEP,99.87999725341797,99.87999725341797,99.94000244140625,99.87000274658203,99.94000244140625,6929.0
2024-08-01 13:01:00,AY,22.125,22.125,22.125,22.125,22.125,1748.0
2024-08-01 13:01:00,CEG,180.25999450683594,180.25999450683594,180.71499633789062,180.25999450683594,180.7100067138672,5557.0
2024-08-01 13:01:00,CREG,0.8999999761581421,0.8999999761581421,0.9079999923706055,0.8999999761581421,0.9079999923706055,2580.0
2024-08-01 13:01:00,EXC,37.95500183105469,37.95500183105469,37.96500015258789,37.95000076293945,37.96500015258789,10511.0
2024-08-01 13:01:00,FLNC,15.829999923706055,15.829999923706055,15.850000381469727,15.824999809265137,15.84000015258789,1822.0
2024-08-01 13:01:00,LNT,56.15999984741211,56.15999984741211,56.189998626708984,56.15999984741211,56.189998626708984,2168.0
2024-08-01 13:01:00,MGEE,87.80999755859375,87.80999755859375,87.80999755859375,87.74500274658203,87.74500274658203,457.0
2024-08-01 13:01:00,MNTK,5.670000076293945,5.670000076293945,5.670000076293945,5.670000076293945,5.670000076293945,389.0
2024-08-01 13:01:00,MSEX,65.30500030517578,65.30500030517578,65.30500030517578,65.30500030517578,65.30500030517578,604.0
2024-08-01 13:01:00,NFE,19.149999618530273,19.149999618530273,19.170000076293945,19.149999618530273,19.170000076293945,1338.0
2024-08-01 13:01:00,NWE,53.150001525878906,53.150001525878906,53.150001525878906,53.150001525878906,53.150001525878906,513.0
2024-08-01 13:01:00,XEL,57.900001525878906,57.900001525878906,57.900001525878906,57.86000061035156,57.88570022583008,6375.0
2024-08-01 13:02:00,AEP,99.8499984741211,99.8499984741211,99.93000030517578,99.83999633789062,99.9000015258789,5180.0
2024-08-01 13:02:00,AY,22.125,22.125,22.125,22.125,22.125,402.0
2024-08-01 13:02:00,CEG,179.9250030517578,179.9250030517578,180.4340057373047,179.8000030517578,180.3699951171875,7204.0
2024-08-01 13:02:00,EXC,37.96500015258789,37.96500015258789,37.965301513671875,37.95500183105469,37.95500183105469,3052.0
2024-08-01 13:02:00,FLNC,15.800000190734863,15.800000190734863,15.8100004196167,15.800000190734863,15.8100004196167,2190.0
2024-08-01 13:02:00,LNT,56.16999816894531,56.16999816894531,56.18000030517578,56.165000915527344,56.16999816894531,949.0
2024-08-01 13:02:00,MGEE,87.83000183105469,87.83000183105469,87.83000183105469,87.83000183105469,87.83000183105469,110.0
2024-08-01 13:02:00,NFE,19.139999389648438,19.139999389648438,19.15999984741211,19.139999389648438,19.158000946044922,1515.0
2024-08-01 13:02:00,NWE,53.16999816894531,53.16999816894531,53.16999816894531,53.16999816894531,53.16999816894531,170.0
2024-08-01 13:02:00,OPAL,3.984999895095825,3.984999895095825,3.984999895095825,3.984999895095825,3.984999895095825,2161.0
2024-08-01 13:02:00,RNW,5.954999923706055,5.954999923706055,5.954999923706055,5.954999923706055,5.954999923706055,200.0
2024-08-01 13:02:00,XEL,57.880001068115234,57.880001068115234,57.88999938964844,57.849998474121094,57.88999938964844,3441.0
2024-08-01 13:03:00,AEP,99.80000305175781,99.80000305175781,99.84500122070312,99.79000091552734,99.84500122070312,2643.0
2024-08-01 13:03:00,CEG,180.1385955810547,180.1385955810547,180.2100067138672,179.99000549316406,180.00999450683594,11694.0
2024-08-01 13:03:00,EXC,37.935001373291016,37.935001373291016,37.959999084472656,37.935001373291016,37.959999084472656,11035.0
2024-08-01 13:03:00,FLNC,15.819999694824219,15.819999694824219,15.819999694824219,15.8100004196167,15.819999694824219,2024.0
2024-08-01 13:03:00,LNT,56.18000030517578,56.18000030517578,56.18000030517578,56.16999816894531,56.16999816894531,1716.0
2024-08-01 13:03:00,NFE,19.110000610351562,19.110000610351562,19.139999389648438,19.110000610351562,19.139999389648438,2288.0
2024-08-01 13:03:00,NWE,53.156898498535156,53.156898498535156,53.156898498535156,53.156898498535156,53.156898498535156,620.0
2024-08-01 13:03:00,RNW,5.954999923706055,5.954999923706055,5.954999923706055,5.954999923706055,5.954999923706055,18.0
2024-08-01 13:03:00,XEL,57.91600036621094,57.91600036621094,57.91999816894531,57.900001525878906,57.900001525878906,5530.0
2024-08-01 13:04:00,AEP,99.76000213623047,99.76000213623047,99.80000305175781,99.7509994506836,99.79000091552734,3063.0
2024-08-01 13:04:00,AY,22.125,22.125,22.125,22.125,22.125,321.0
2024-08-01 13:04:00,CEG,180.16000366210938,180.16000366210938,180.24569702148438,180.15499877929688,180.15499877929688,7426.0
2024-08-01 13:04:00,EXC,37.935001373291016,37.935001373291016,37.94499969482422,37.935001373291016,37.939998626708984,3827.0
2024-08-01 13:04:00,FLNC,15.829999923706055,15.829999923706055,15.829999923706055,15.8149995803833,15.8149995803833,2415.0
2024-08-01 13:04:00,LNT,56.150001525878906,56.150001525878906,56.16999816894531,56.150001525878906,56.16999816894531,1218.0
2024-08-01 13:04:00,MGEE,87.79000091552734,87.79000091552734,87.79000091552734,87.79000091552734,87.79000091552734,438.0
2024-08-01 13:04:00,NFE,19.1299991607666,19.1299991607666,19.1299991607666,19.110000610351562,19.110000610351562,221.0
2024-08-01 13:04:00,RNW,5.960000038146973,5.960000038146973,5.960000038146973,5.960000038146973,5.960000038146973,122.0
2024-08-01 13:04:00,XEL,57.90999984741211,57.90999984741211,57.90999984741211,57.90999984741211,57.90999984741211,144.0
2024-08-01 13:05:00,AEP,99.78500366210938,99.78500366210938,99.78500366210938,99.73999786376953,99.77999877929688,3625.0
2024-08-01 13:05:00,CEG,180.0854949951172,180.0854949951172,180.0854949951172,180.00999450683594,180.00999450683594,1420.0
2024-08-01 13:05:00,EXC,37.92499923706055,37.92499923706055,37.935001373291016,37.92499923706055,37.935001373291016,1241.0
2024-08-01 13:05:00,FLNC,15.799699783325195,15.799699783325195,15.819999694824219,15.789999961853027,15.819999694824219,4595.0
2024-08-01 13:05:00,LNT,56.13999938964844,56.13999938964844,56.13999938964844,56.13999938964844,56.13999938964844,1023.0
2024-08-01 13:05:00,NFE,19.090099334716797,19.090099334716797,19.110000610351562,19.09000015258789,19.110000610351562,2878.0
2024-08-01 13:05:00,OTTR,94.63500213623047,94.63500213623047,94.63500213623047,94.63500213623047,94.63500213623047,222.0
2024-08-01 13:05:00,RNW,5.954999923706055,5.954999923706055,5.954999923706055,5.949999809265137,5.954999923706055,1080.0
2024-08-01 13:05:00,XEL,57.88999938964844,57.88999938964844,57.90999984741211,57.88999938964844,57.90999984741211,3340.0
2024-08-01 13:06:00,AEP,99.8499984741211,99.8499984741211,99.8499984741211,99.79049682617188,99.79049682617188,6198.0
2024-08-01 13:06:00,AY,22.125,22.125,22.125,22.12350082397461,22.12350082397461,469.0
2024-08-01 13:06:00,BNRG,0.7350999712944031,0.7350999712944031,0.7350999712944031,0.7350000143051147,0.7350000143051147,1500.0
2024-08-01 13:06:00,CEG,180.1300048828125,180.1300048828125,180.41000366210938,179.91000366210938,180.05999755859375,6452.0
2024-08-01 13:06:00,EXC,37.95500183105469,37.95500183105469,37.95500183105469,37.92499923706055,37.93000030517578,15337.0
2024-08-01 13:06:00,FLNC,15.760000228881836,15.760000228881836,15.789999961853027,15.760000228881836,15.779999732971191,4558.0
2024-08-01 13:06:00,LNT,56.16999816894531,56.16999816894531,56.16999816894531,56.13999938964844,56.13999938964844,4688.0
2024-08-01 13:06:00,NFE,19.084999084472656,19.084999084472656,19.094999313354492,19.059999465942383,19.09000015258789,5928.0
2024-08-01 13:06:00,NWE,53.15999984741211,53.15999984741211,53.15999984741211,53.15999984741211,53.15999984741211,764.0
2024-08-01 13:06:00,OTTR,94.70999908447266,94.70999908447266,94.70999908447266,94.70999908447266,94.70999908447266,338.0
2024-08-01 13:06:00,RNW,5.960000038146973,5.960000038146973,5.960000038146973,5.954999923706055,5.954999923706055,221.0
2024-08-01 13:06:00,XEL,57.970001220703125,57.970001220703125,57.970001220703125,57.88999938964844,57.88999938964844,6412.0
2024-08-01 13:07:00,AEP,99.91000366210938,99.91000366210938,99.94000244140625,99.86000061035156,99.87000274658203,2626.0
2024-08-01 13:07:00,CEG,179.875,179.875,180.0399932861328,179.74000549316406,180.0399932861328,2307.0
2024-08-01 13:07:00,CREG,0.9100000262260437,0.9100000262260437,0.9100000262260437,0.9100000262260437,0.9100000262260437,1565.0
2024-08-01 13:07:00,CWCO,28.299999237060547,28.299999237060547,28.309999465942383,28.299999237060547,28.309999465942383,305.0
2024-08-01 13:07:00,EXC,37.96500015258789,37.96500015258789,37.970001220703125,37.95500183105469,37.95500183105469,32928.0
2024-08-01 13:07:00,FLNC,15.770000457763672,15.770000457763672,15.779999732971191,15.765000343322754,15.779999732971191,1173.0
2024-08-01 13:07:00,LNT,56.25,56.25,56.25,56.20000076293945,56.20000076293945,3105.0
2024-08-01 13:07:00,MNTK,5.670000076293945,5.670000076293945,5.670000076293945,5.670000076293945,5.670000076293945,706.0
2024-08-01 13:07:00,NFE,19.09000015258789,19.09000015258789,19.09000015258789,19.079999923706055,19.079999923706055,3268.0
2024-08-01 13:07:00,NWE,53.220001220703125,53.220001220703125,53.220001220703125,53.189998626708984,53.189998626708984,1435.0
2024-08-01 13:07:00,OTTR,94.63999938964844,94.63999938964844,94.63999938964844,94.63999938964844,94.63999938964844,825.0
2024-08-01 13:07:00,PCYO,10.5,10.5,10.5,10.5,10.5,356.0
2024-08-01 13:07:00,RNW,5.954999923706055,5.954999923706055,5.960000038146973,5.954999923706055,5.954999923706055,347.0
2024-08-01 13:07:00,XEL,58.0,58.0,58.0,57.970001220703125,57.974998474121094,5341.0
2024-08-01 13:08:00,AEP,99.95500183105469,99.95500183105469,99.95500183105469,99.90499877929688,99.90499877929688,2681.0
2024-08-01 13:08:00,CEG,179.69000244140625,179.69000244140625,180.0749969482422,179.69000244140625,179.8699951171875,6446.0
2024-08-01 13:08:00,CREG,0.9459999799728394,0.9459999799728394,0.9459999799728394,0.9429000020027161,0.9429000020027161,69.0
2024-08-01 13:08:00,CWCO,28.299999237060547,28.299999237060547,28.299999237060547,28.299999237060547,28.299999237060547,616.0
2024-08-01 13:08:00,EXC,37.974998474121094,37.974998474121094,37.974998474121094,37.96500015258789,37.96500015258789,17862.0
2024-08-01 13:08:00,FLNC,15.760000228881836,15.760000228881836,15.770000457763672,15.75,15.75,3658.0
2024-08-01 13:08:00,LNT,56.25,56.25,56.2599983215332,56.25,56.2599983215332,798.0
2024-08-01 13:08:00,MGEE,87.92500305175781,87.92500305175781,87.92500305175781,87.91000366210938,87.91000366210938,297.0
2024-08-01 13:08:00,MSEX,65.2699966430664,65.2699966430664,65.29000091552734,65.22000122070312,65.29000091552734,892.0
2024-08-01 13:08:00,NFE,19.09000015258789,19.09000015258789,19.09000015258789,19.09000015258789,19.09000015258789,1007.0
2024-08-01 13:08:00,NWE,53.290000915527344,53.290000915527344,53.290000915527344,53.27000045776367,53.27000045776367,1068.0
2024-08-01 13:08:00,XEL,58.02000045776367,58.02000045776367,58.06999969482422,58.0099983215332,58.0099983215332,6092.0
2024-08-01 13:09:00,AEP,99.9800033569336,99.9800033569336,100.0,99.94999694824219,99.95999908447266,5840.0
2024-08-01 13:09:00,AY,22.125,22.125,22.125,22.125,22.125,483.0
2024-08-01 13:09:00,CDZI,3.5199999809265137,3.5199999809265137,3.5199999809265137,3.5199999809265137,3.5199999809265137,200.0
2024-08-01 13:09:00,CEG,179.5800018310547,179.5800018310547,179.9199981689453,179.47000122070312,179.9199981689453,8337.0
2024-08-01 13:09:00,CREG,0.9459999799728394,0.9459999799728394,0.9459999799728394,0.9459999799728394,0.9459999799728394,189.0
2024-08-01 13:09:00,EXC,38.005001068115234,38.005001068115234,38.01499938964844,37.97999954223633,37.97999954223633,17378.0
2024-08-01 13:09:00,FLNC,15.77929973602295,15.77929973602295,15.77929973602295,15.770000457763672,15.770000457763672,2145.0
2024-08-01 13:09:00,LNT,56.27000045776367,56.27000045776367,56.27000045776367,56.25,56.25,17891.0
2024-08-01 13:09:00,MSEX,65.1050033569336,65.1050033569336,65.1050033569336,65.1050033569336,65.1050033569336,148.0
2024-08-01 13:09:00,NFE,19.1299991607666,19.1299991607666,19.170000076293945,19.08009910583496,19.08009910583496,23165.0
2024-08-01 13:09:00,RNW,5.960000038146973,5.960000038146973,5.960000038146973,5.960000038146973,5.960000038146973,278.0
2024-08-01 13:09:00,XEL,58.15999984741211,58.15999984741211,58.15999984741211,58.029998779296875,58.029998779296875,5028.0
2024-08-01 13:10:00,AEP,100.02999877929688,100.02999877929688,100.06999969482422,99.98999786376953,99.98999786376953,25792.0
2024-08-01 13:10:00,ARTNA,38.90999984741211,38.90999984741211,38.95000076293945,38.90999984741211,38.95000076293945,1345.0
2024-08-01 13:10:00,CEG,179.5800018310547,179.5800018310547,179.85989379882812,179.5800018310547,179.6199951171875,3416.0
2024-08-01 13:10:00,CREG,0.9388999938964844,0.9388999938964844,0.9388999938964844,0.9388999938964844,0.9388999938964844,4850.0
2024-08-01 13:10:00,EXC,38.0099983215332,38.0099983215332,38.0099983215332,38.005001068115234,38.005001068115234,1410.0
2024-08-01 13:10:00,FLNC,15.770000457763672,15.770000457763672,15.779899597167969,15.770000457763672,15.779899597167969,1973.0
2024-08-01 13:10:00,LNT,56.29499816894531,56.29499816894531,56.310001373291016,56.2599983215332,56.27000045776367,2678.0
2024-08-01 13:10:00,MGEE,87.98999786376953,87.98999786376953,87.98999786376953,87.98999786376953,87.98999786376953,295.0
2024-08-01 13:10:00,NFE,19.104999542236328,19.104999542236328,19.104999542236328,19.104999542236328,19.104999542236328,918.0
2024-08-01 13:10:00,XEL,58.174198150634766,58.174198150634766,58.174198150634766,58.13999938964844,58.15999984741211,4107.0
2024-08-01 13:11:00,AEP,100.13999938964844,100.13999938964844,100.13999938964844,100.05999755859375,100.06999969482422,3770.0
2024-08-01 13:11:00,AY,22.125,22.125,22.125,22.124099731445312,22.124099731445312,459.0
2024-08-01 13:11:00,CEG,179.55999755859375,179.55999755859375,179.83990478515625,179.5,179.58999633789062,8936.0
2024-08-01 13:11:00,EXC,38.01499938964844,38.01499938964844,38.01499938964844,38.005001068115234,38.005001068115234,5069.0
2024-08-01 13:11:00,FLNC,15.779999732971191,15.779999732971191,15.779999732971191,15.774999618530273,15.774999618530273,1509.0
2024-08-01 13:11:00,LNT,56.279998779296875,56.279998779296875,56.290000915527344,56.279998779296875,56.290000915527344,2251.0
2024-08-01 13:11:00,NFE,19.065000534057617,19.065000534057617,19.079999923706055,19.059999465942383,19.079999923706055,3603.0
2024-08-01 13:11:00,NWE,53.290000915527344,53.290000915527344,53.290000915527344,53.290000915527344,53.290000915527344,535.0
2024-08-01 13:11:00,RNW,5.954999923706055,5.954999923706055,5.960000038146973,5.954999923706055,5.960000038146973,316.0
2024-08-01 13:11:00,XEL,58.22999954223633,58.22999954223633,58.279998779296875,58.18000030517578,58.18000030517578,9557.0
2024-08-01 13:12:00,AEP,100.18000030517578,100.18000030517578,100.20500183105469,100.11000061035156,100.13999938964844,3495.0
2024-08-01 13:12:00,CEG,179.27999877929688,179.27999877929688,179.57000732421875,179.11000061035156,179.56500244140625,9333.0
2024-08-01 13:12:00,EXC,38.040000915527344,38.040000915527344,38.040000915527344,38.02000045776367,38.02000045776367,5004.0
2024-08-01 13:12:00,FLNC,15.770000457763672,15.770000457763672,15.779999732971191,15.770000457763672,15.774999618530273,1678.0
2024-08-01 13:12:00,LNT,56.314998626708984,56.314998626708984,56.314998626708984,56.279998779296875,56.279998779296875,1755.0
2024-08-01 13:12:00,MGEE,88.05999755859375,88.05999755859375,88.05999755859375,88.05999755859375,88.05999755859375,241.0
2024-08-01 13:12:00,NFE,19.094999313354492,19.094999313354492,19.094999313354492,19.06999969482422,19.06999969482422,3006.0
2024-08-01 13:12:00,NWE,53.310001373291016,53.310001373291016,53.314998626708984,53.310001373291016,53.314998626708984,1112.0
2024-08-01 13:12:00,OTTR,94.7249984741211,94.7249984741211,94.7249984741211,94.7249984741211,94.7249984741211,303.0
2024-08-01 13:12:00,RNW,5.954999923706055,5.954999923706055,5.954999923706055,5.954999923706055,5.954999923706055,422.0
2024-08-01 13:12:00,XEL,58.22999954223633,58.22999954223633,58.2599983215332,58.22999954223633,58.235198974609375,7489.0
2024-08-01 13:13:00,AEP,100.1500015258789,100.1500015258789,100.18499755859375,100.1500015258789,100.16999816894531,4034.0
2024-08-01 13:13:00,CEG,179.31500244140625,179.31500244140625,179.5,179.08999633789062,179.2949981689453,3055.0
2024-08-01 13:13:00,CWCO,28.280000686645508,28.280000686645508,28.280000686645508,28.280000686645508,28.280000686645508,1245.0
2024-08-01 13:13:00,EXC,38.029998779296875,38.029998779296875,38.040000915527344,38.029998779296875,38.03969955444336,2857.0
2024-08-01 13:13:00,FLNC,15.770000457763672,15.770000457763672,15.779999732971191,15.760000228881836,15.779999732971191,1631.0
2024-08-01 13:13:00,LNT,56.29999923706055,56.29999923706055,56.314998626708984,56.29999923706055,56.314998626708984,1141.0
2024-08-01 13:13:00,MGEE,88.05999755859375,88.05999755859375,88.05999755859375,88.05999755859375,88.05999755859375,2035.0
2024-08-01 13:13:00,MSEX,65.17500305175781,65.17500305175781,65.2750015258789,65.17500305175781,65.17500305175781,931.0
2024-08-01 13:13:00,NFE,19.079999923706055,19.079999923706055,19.099899291992188,19.079999923706055,19.09000015258789,1207.0
2024-08-01 13:13:00,OTTR,94.67500305175781,94.67500305175781,94.67500305175781,94.67500305175781,94.67500305175781,2141.0
2024-08-01 13:13:00,RNW,5.954999923706055,5.954999923706055,5.954999923706055,5.952000141143799,5.952000141143799,514.0
2024-08-01 13:13:00,XEL,58.2400016784668,58.2400016784668,58.2599983215332,58.22999954223633,58.2599983215332,3343.0
2024-08-01 13:14:00,AEP,100.12999725341797,100.12999725341797,100.1500015258789,100.11000061035156,100.13999938964844,4470.0
2024-08-01 13:14:00,AY,22.125,22.125,22.125,22.125,22.125,580.0
2024-08-01 13:14:00,BNRG,0.7400000095367432,0.7400000095367432,0.7400000095367432,0.7400000095367432,0.7400000095367432,928.0
2024-08-01 13:14:00,CEG,179.05999755859375,179.05999755859375,179.31500244140625,179.05999755859375,179.14999389648438,2381.0
2024-08-01 13:14:00,EXC,38.01499938964844,38.01499938964844,38.040000915527344,38.0099983215332,38.03499984741211,14630.0
2024-08-01 13:14:00,FLNC,15.755000114440918,15.755000114440918,15.760000228881836,15.75,15.760000228881836,10316.0
2024-08-01 13:14:00,LNT,56.279998779296875,56.279998779296875,56.29999923706055,56.279998779296875,56.29999923706055,4007.0
2024-08-01 13:14:00,MGEE,87.95249938964844,87.95249938964844,88.0,87.9000015258789,88.0,1049.0
2024-08-01 13:14:00,MSEX,65.06500244140625,65.06500244140625,65.13999938964844,65.06500244140625,65.13999938964844,494.0
2024-08-01 13:14:00,NFE,19.049999237060547,19.049999237060547,19.059999465942383,19.049999237060547,19.059999465942383,799.0
2024-08-01 13:14:00,NWE,53.279998779296875,53.279998779296875,53.290000915527344,53.27000045776367,53.279998779296875,1207.0
2024-08-01 13:14:00,XEL,58.2400016784668,58.2400016784668,58.2400016784668,58.20000076293945,58.22999954223633,6366.0
2024-08-01 13:15:00,AEP,100.13500213623047,100.13500213623047,100.15499877929688,100.11499786376953,100.15499877929688,2050.0
2024-08-01 13:15:00,CDZI,3.5199999809265137,3.5199999809265137,3.5199999809265137,3.5199999809265137,3.5199999809265137,133.0
2024-08-01 13:15:00,CEG,179.25,179.25,179.3800048828125,179.02999877929688,179.2050018310547,2476.0
2024-08-01 13:15:00,EXC,37.95000076293945,37.95000076293945,38.0099983215332,37.95000076293945,38.0099983215332,10314.0
2024-08-01 13:15:00,FLNC,15.770000457763672,15.770000457763672,15.770000457763672,15.739999771118164,15.75,17188.0
2024-08-01 13:15:00,LNT,56.2400016784668,56.2400016784668,56.279998779296875,56.2400016784668,56.279998779296875,2639.0
2024-08-01 13:15:00,NFE,19.020000457763672,19.020000457763672,19.040000915527344,19.020000457763672,19.040000915527344,4177.0
2024-08-01 13:15:00,NWE,53.25,53.25,53.279998779296875,53.25,53.2599983215332,1971.0
2024-08-01 13:15:00,OPAL,3.984999895095825,3.984999895095825,3.9897000789642334,3.984999895095825,3.984999895095825,2274.0
2024-08-01 13:15:00,RNW,5.945000171661377,5.945000171661377,5.949999809265137,5.945000171661377,5.949999809265137,1882.0
2024-08-01 13:15:00,XEL,58.22999954223633,58.22999954223633,58.23500061035156,58.18000030517578,58.220001220703125,5507.0
2024-08-01 13:16:00,AEP,100.05999755859375,100.05999755859375,100.08000183105469,100.04000091552734,100.08000183105469,2899.0
2024-08-01 13:16:00,AY,22.125,22.125,22.125,22.1200008392334,22.1200008392334,1911.0
2024-08-01 13:16:00,CEG,179.05999755859375,179.05999755859375,179.27499389648438,179.0,179.1199951171875,3820.0
2024-08-01 13:16:00,EXC,37.915000915527344,37.915000915527344,37.95000076293945,37.915000915527344,37.94499969482422,4467.0
2024-08-01 13:16:00,FLNC,15.770000457763672,15.770000457763672,15.779999732971191,15.760000228881836,15.760000228881836,1002.0
2024-08-01 13:16:00,LNT,56.220001220703125,56.220001220703125,56.22999954223633,56.220001220703125,56.22999954223633,1700.0
2024-08-01 13:16:00,NFE,19.020000457763672,19.020000457763672,19.020000457763672,19.010000228881836,19.010000228881836,12077.0
2024-08-01 13:16:00,OPAL,3.990000009536743,3.990000009536743,3.990000009536743,3.990000009536743,3.990000009536743,310.0
2024-08-01 13:16:00,XEL,58.189998626708984,58.189998626708984,58.209999084472656,58.18000030517578,58.209999084472656,2653.0
2024-08-01 13:16:00,YORW,40.90999984741211,40.90999984741211,40.90999984741211,40.900001525878906,40.900001525878906,827.0
2024-08-01 13:17:00,AEP,100.06999969482422,100.06999969482422,100.08000183105469,100.06900024414062,100.06999969482422,2682.0
2024-08-01 13:17:00,CEG,179.27000427246094,179.27000427246094,179.42999267578125,179.13499450683594,179.13499450683594,8790.0
2024-08-01 13:17:00,EXC,37.92499923706055,37.92499923706055,37.93000030517578,37.915000915527344,37.915000915527344,4378.0
2024-08-01 13:17:00,FLNC,15.773699760437012,15.773699760437012,15.779999732971191,15.770000457763672,15.779999732971191,789.0
2024-08-01 13:17:00,LNT,56.220001220703125,56.220001220703125,56.22999954223633,56.220001220703125,56.220001220703125,1390.0
2024-08-01 13:17:00,NFE,19.020000457763672,19.020000457763672,19.030000686645508,19.020000457763672,19.020000457763672,4489.0
2024-08-01 13:17:00,NWE,53.27000045776367,53.27000045776367,53.27000045776367,53.27000045776367,53.27000045776367,129.0
2024-08-01 13:17:00,RNW,5.949900150299072,5.949900150299072,5.949999809265137,5.945000171661377,5.949999809265137,5677.0
2024-08-01 13:17:00,XEL,58.12540054321289,58.12540054321289,58.150001525878906,58.12540054321289,58.150001525878906,3773.0
2024-08-01 13:18:00,AEP,100.11000061035156,100.11000061035156,100.11000061035156,100.04000091552734,100.06999969482422,2504.0
2024-08-01 13:18:00,CEG,179.1999969482422,179.1999969482422,179.36500549316406,179.14999389648438,179.28500366210938,4207.0
2024-08-01 13:18:00,EXC,37.94499969482422,37.94499969482422,37.95000076293945,37.93000030517578,37.93000030517578,4719.0
2024-08-01 13:18:00,FLNC,15.800000190734863,15.800000190734863,15.8100004196167,15.774999618530273,15.774999618530273,2528.0
2024-08-01 13:18:00,LNT,56.2400016784668,56.2400016784668,56.2400016784668,56.209999084472656,56.209999084472656,3130.0
2024-08-01 13:18:00,MGEE,88.0,88.0,88.0,88.0,88.0,321.0
2024-08-01 13:18:00,NFE,19.020000457763672,19.020000457763672,19.020000457763672,19.010000228881836,19.010000228881836,6658.0
2024-08-01 13:18:00,NWE,53.26499938964844,53.26499938964844,53.279998779296875,53.2599983215332,53.2599983215332,1017.0
2024-08-01 13:18:00,RNW,5.949999809265137,5.949999809265137,5.949999809265137,5.949999809265137,5.949999809265137,139.0
2024-08-01 13:18:00,XEL,58.150001525878906,58.150001525878906,58.150001525878906,58.09000015258789,58.099998474121094,4786.0
2024-08-01 13:19:00,AEP,100.06999969482422,100.06999969482422,100.11000061035156,100.05999755859375,100.11000061035156,5012.0
2024-08-01 13:19:00,CDZI,3.5199999809265137,3.5199999809265137,3.5199999809265137,3.5199999809265137,3.5199999809265137,197.0
2024-08-01 13:19:00,CEG,178.8699951171875,178.8699951171875,179.13999938964844,178.8699951171875,179.11000061035156,5080.0
2024-08-01 13:19:00,CREG,0.9459999799728394,0.9459999799728394,0.9459999799728394,0.9459999799728394,0.9459999799728394,0.0
2024-08-01 13:19:00,EXC,37.94499969482422,37.94499969482422,37.95000076293945,37.939998626708984,37.939998626708984,3190.0
2024-08-01 13:19:00,FLNC,15.770000457763672,15.770000457763672,15.8100004196167,15.770000457763672,15.8100004196167,3744.0
2024-08-01 13:19:00,LNT,56.209999084472656,56.209999084472656,56.244998931884766,56.209999084472656,56.2400016784668,1192.0
2024-08-01 13:19:00,MGEE,87.99500274658203,87.99500274658203,87.99500274658203,87.99500274658203,87.99500274658203,105.0
2024-08-01 13:19:00,MNTK,5.639999866485596,5.639999866485596,5.670000076293945,5.639999866485596,5.670000076293945,1020.0
2024-08-01 13:19:00,MSEX,65.13999938964844,65.13999938964844,65.13999938964844,65.0,65.0,484.0
2024-08-01 13:19:00,NFE,18.969999313354492,18.969999313354492,19.020000457763672,18.940000534057617,19.010000228881836,126221.0
2024-08-01 13:19:00,NWE,53.275001525878906,53.275001525878906,53.275001525878906,53.275001525878906,53.275001525878906,236.0
2024-08-01 13:19:00,PCYO,10.479999542236328,10.479999542236328,10.5,10.479999542236328,10.5,709.0
2024-08-01 13:19:00,RNW,5.945000171661377,5.945000171661377,5.949999809265137,5.945000171661377,5.945000171661377,672.0
2024-08-01 13:19:00,XEL,58.125,58.125,58.154998779296875,58.125,58.150001525878906,2220.0
2024-08-01 13:20:00,AEP,100.0199966430664,100.0199966430664,100.06999969482422,100.0,100.06999969482422,3197.0
2024-08-01 13:20:00,AY,22.125,22.125,22.125,22.125,22.125,1074.0
2024-08-01 13:20:00,CDZI,3.5199999809265137,3.5199999809265137,3.5199999809265137,3.5199999809265137,3.5199999809265137,121.0
2024-08-01 13:20:00,CEG,178.91000366210938,178.91000366210938,179.0800018310547,178.75,178.85499572753906,6809.0
2024-08-01 13:20:00,EXC,37.94499969482422,37.94499969482422,37.94499969482422,37.93000030517578,37.939998626708984,3527.0
2024-08-01 13:20:00,FLNC,15.760000228881836,15.760000228881836,15.770000457763672,15.75,15.765000343322754,1728.0
2024-08-01 13:20:00,LNT,56.209999084472656,56.209999084472656,56.209999084472656,56.20000076293945,56.209999084472656,1651.0
2024-08-01 13:20:00,MGEE,87.95500183105469,87.95500183105469,87.95500183105469,87.95500183105469,87.95500183105469,524.0
2024-08-01 13:20:00,MNTK,5.639999866485596,5.639999866485596,5.639999866485596,5.639999866485596,5.639999866485596,341.0
2024-08-01 13:20:00,NFE,18.90999984741211,18.90999984741211,18.950000762939453,18.850000381469727,18.950000762939453,87341.0
2024-08-01 13:20:00,NWE,53.2598991394043,53.2598991394043,53.2598991394043,53.2598991394043,53.2598991394043,281.0
2024-08-01 13:20:00,OTTR,94.58000183105469,94.58000183105469,94.62000274658203,94.58000183105469,94.62000274658203,1041.0
2024-08-01 13:20:00,RNW,5.945000171661377,5.945000171661377,5.945000171661377,5.945000171661377,5.945000171661377,69.0
2024-08-01 13:20:00,XEL,58.13999938964844,58.13999938964844,58.14500045776367,58.119998931884766,58.1349983215332,4958.0
2024-08-01 13:21:00,AEP,100.01000213623047,100.01000213623047,100.04499816894531,100.01000213623047,100.02999877929688,1283.0
2024-08-01 13:21:00,CEG,178.8800048828125,178.8800048828125,178.9600067138672,178.75,178.85000610351562,4697.0
2024-08-01 13:21:00,EXC,37.939998626708984,37.939998626708984,37.939998626708984,37.93000030517578,37.939998626708984,3024.0
2024-08-01 13:21:00,FLNC,15.729999542236328,15.729999542236328,15.75,15.720000267028809,15.75,2864.0
2024-08-01 13:21:00,NFE,18.860000610351562,18.860000610351562,18.905000686645508,18.860000610351562,18.899999618530273,24641.0
2024-08-01 13:21:00,PCYO,10.479999542236328,10.479999542236328,10.479999542236328,10.479999542236328,10.479999542236328,1359.0
2024-08-01 13:21:00,RNW,5.945000171661377,5.945000171661377,5.945000171661377,5.945000171661377,5.945000171661377,415.0
2024-08-01 13:21:00,XEL,58.18000030517578,58.18000030517578,58.18000030517578,58.150001525878906,58.150001525878906,3064.0
2024-08-01 13:22:00,AEP,100.02999877929688,100.02999877929688,100.02999877929688,100.0,100.0,1809.0
2024-08-01 13:22:00,AY,22.125,22.125,22.125,22.125,22.125,466.0
2024-08-01 13:22:00,CEG,178.74000549316406,178.74000549316406,178.8800048828125,178.74000549316406,178.8800048828125,3145.0
2024-08-01 13:22:00,EXC,37.92499923706055,37.92499923706055,37.935001373291016,37.91999816894531,37.935001373291016,7208.0
2024-08-01 13:22:00,FLNC,15.699999809265137,15.699999809265137,15.720000267028809,15.6899995803833,15.720000267028809,4009.0
2024-08-01 13:22:00,LNT,56.20000076293945,56.20000076293945,56.220001220703125,56.19499969482422,56.220001220703125,2032.0
2024-08-01 13:22:00,NFE,18.8799991607666,18.8799991607666,18.8799991607666,18.864999771118164,18.864999771118164,6085.0
2024-08-01 13:22:00,NWE,53.2400016784668,53.2400016784668,53.2400016784668,53.2400016784668,53.2400016784668,284.0
2024-08-01 13:22:00,RNW,5.945000171661377,5.945000171661377,5.945000171661377,5.945000171661377,5.945000171661377,534.0
2024-08-01 13:22:00,XEL,58.15999984741211,58.15999984741211,58.15999984741211,58.13999938964844,58.13999938964844,2166.0
2024-08-01 13:23:00,AEP,100.04499816894531,100.04499816894531,100.04499816894531,100.01000213623047,100.01000213623047,2017.0
2024-08-01 13:23:00,CEG,178.6999969482422,178.6999969482422,178.6999969482422,178.6199951171875,178.6199951171875,2584.0
2024-08-01 13:23:00,EXC,37.91019821166992,37.91019821166992,37.93000030517578,37.91019821166992,37.92499923706055,16722.0
2024-08-01 13:23:00,FLNC,15.690899848937988,15.690899848937988,15.704299926757812,15.680000305175781,15.699999809265137,3275.0
2024-08-01 13:23:00,LNT,56.22999954223633,56.22999954223633,56.22999954223633,56.209999084472656,56.209999084472656,2678.0
2024-08-01 13:23:00,NFE,18.850000381469727,18.850000381469727,18.8700008392334,18.850000381469727,18.8700008392334,3594.0
2024-08-01 13:23:00,NWE,53.259300231933594,53.259300231933594,53.259300231933594,53.2400016784668,53.2400016784668,953.0
2024-08-01 13:23:00,OTTR,94.52999877929688,94.52999877929688,94.52999877929688,94.4000015258789,94.4000015258789,349.0
2024-08-01 13:23:00,RNW,5.945000171661377,5.945000171661377,5.945000171661377,5.945000171661377,5.945000171661377,501.0
2024-08-01 13:23:00,XEL,58.16939926147461,58.16939926147461,58.20000076293945,58.150001525878906,58.150001525878906,2748.0
2024-08-01 13:24:00,AEP,100.11499786376953,100.11499786376953,100.11499786376953,100.0199966430664,100.0199966430664,3269.0
2024-08-01 13:24:00,AY,22.125,22.125,22.125,22.125,22.125,526.0
2024-08-01 13:24:00,CEG,178.98500061035156,178.98500061035156,179.02000427246094,178.75999450683594,178.85000610351562,8836.0
2024-08-01 13:24:00,EXC,37.93000030517578,37.93000030517578,37.93000030517578,37.904998779296875,37.915000915527344,11977.0
2024-08-01 13:24:00,FLNC,15.710000038146973,15.710000038146973,15.710000038146973,15.699999809265137,15.699999809265137,812.0
2024-08-01 13:24:00,LNT,56.25,56.25,56.25,56.2400016784668,56.2400016784668,1597.0
2024-08-01 13:24:00,MSEX,65.13999938964844,65.13999938964844,65.13999938964844,65.13999938964844,65.13999938964844,292.0
2024-08-01 13:24:00,NFE,18.939899444580078,18.939899444580078,18.939899444580078,18.8700008392334,18.8700008392334,3832.0
2024-08-01 13:24:00,NWE,53.31999969482422,53.31999969482422,53.31999969482422,53.279998779296875,53.279998779296875,2708.0
2024-08-01 13:24:00,OTTR,94.5999984741211,94.5999984741211,94.5999984741211,94.55000305175781,94.55000305175781,597.0
2024-08-01 13:24:00,RNW,5.945000171661377,5.945000171661377,5.945000171661377,5.945000171661377,5.945000171661377,517.0
2024-08-01 13:24:00,XEL,58.189998626708984,58.189998626708984,58.189998626708984,58.15999984741211,58.18000030517578,5578.0
2024-08-01 13:25:00,AEP,100.08999633789062,100.08999633789062,100.12999725341797,100.08999633789062,100.12999725341797,2937.0
2024-08-01 13:25:00,CEG,178.72000122070312,178.72000122070312,178.9600067138672,178.72000122070312,178.9600067138672,4982.0
2024-08-01 13:25:00,EXC,37.939998626708984,37.939998626708984,37.96500015258789,37.939998626708984,37.939998626708984,7169.0
2024-08-01 13:25:00,FLNC,15.6899995803833,15.6899995803833,15.710000038146973,15.6899995803833,15.699999809265137,1680.0
2024-08-01 13:25:00,LNT,56.27000045776367,56.27000045776367,56.27000045776367,56.2599983215332,56.27000045776367,1265.0
2024-08-01 13:25:00,MNTK,5.639999866485596,5.639999866485596,5.639999866485596,5.639999866485596,5.639999866485596,1204.0
2024-08-01 13:25:00,NFE,18.959999084472656,18.959999084472656,18.989999771118164,18.90999984741211,18.940000534057617,29316.0
2024-08-01 13:25:00,OPAL,4.0,4.0,4.0,3.984999895095825,3.984999895095825,3368.0
2024-08-01 13:25:00,OTTR,94.5999984741211,94.5999984741211,94.5999984741211,94.5999984741211,94.5999984741211,730.0
2024-08-01 13:25:00,XEL,58.20000076293945,58.20000076293945,58.20000076293945,58.189998626708984,58.189998626708984,1768.0
2024-08-01 13:26:00,AEP,100.16000366210938,100.16000366210938,100.16000366210938,100.06999969482422,100.06999969482422,2217.0
2024-08-01 13:26:00,CDZI,3.5199999809265137,3.5199999809265137,3.5199999809265137,3.5199999809265137,3.5199999809265137,236.0
2024-08-01 13:26:00,CEG,178.6999969482422,178.6999969482422,179.0,178.5500030517578,178.72999572753906,9065.0
2024-08-01 13:26:00,CWCO,28.149999618530273,28.149999618530273,28.149999618530273,28.149999618530273,28.149999618530273,284.0
2024-08-01 13:26:00,EXC,37.959999084472656,37.959999084472656,37.959999084472656,37.935001373291016,37.935001373291016,2993.0
2024-08-01 13:26:00,FLNC,15.675000190734863,15.675000190734863,15.699999809265137,15.660099983215332,15.699999809265137,6307.0
2024-08-01 13:26:00,LNT,56.28499984741211,56.28499984741211,56.290000915527344,56.27000045776367,56.27000045776367,2807.0
2024-08-01 13:26:00,MSEX,64.98999786376953,64.98999786376953,64.98999786376953,64.98999786376953,64.98999786376953,124.0
2024-08-01 13:26:00,NFE,19.0,19.0,19.0,18.915199279785156,18.950000762939453,45805.0
2024-08-01 13:26:00,OPAL,4.010000228881836,4.010000228881836,4.010000228881836,4.0,4.005000114440918,6279.0
2024-08-01 13:26:00,OTTR,94.73999786376953,94.73999786376953,94.73999786376953,94.73999786376953,94.73999786376953,712.0
2024-08-01 13:26:00,RNW,5.945000171661377,5.945000171661377,5.945000171661377,5.945000171661377,5.945000171661377,282.0
2024-08-01 13:26:00,XEL,58.23500061035156,58.23500061035156,58.23500061035156,58.20000076293945,58.20000076293945,5167.0
2024-08-01 13:27:00,AEP,100.16799926757812,100.16799926757812,100.19000244140625,100.16500091552734,100.16999816894531,2455.0
2024-08-01 13:27:00,CEG,178.97999572753906,178.97999572753906,179.02999877929688,178.5500030517578,178.5500030517578,18346.0
2024-08-01 13:27:00,EXC,37.970001220703125,37.970001220703125,37.98500061035156,37.970001220703125,37.970001220703125,3261.0
2024-08-01 13:27:00,FLNC,15.704999923706055,15.704999923706055,15.704999923706055,15.671199798583984,15.675000190734863,4476.0
2024-08-01 13:27:00,LNT,56.29499816894531,56.29499816894531,56.30500030517578,56.290000915527344,56.29999923706055,1738.0
2024-08-01 13:27:00,NFE,19.020000457763672,19.020000457763672,19.020000457763672,19.0,19.0,3289.0
2024-08-01 13:27:00,NWE,53.41999816894531,53.41999816894531,53.41999816894531,53.400001525878906,53.400001525878906,1027.0
2024-08-01 13:27:00,OPAL,4.005000114440918,4.005000114440918,4.005000114440918,4.005000114440918,4.005000114440918,1200.0
2024-08-01 13:27:00,RNW,5.945000171661377,5.945000171661377,5.945000171661377,5.945000171661377,5.945000171661377,395.0
2024-08-01 13:27:00,XEL,58.2599983215332,58.2599983215332,58.27000045776367,58.2400016784668,58.25,2836.0
2024-08-01 13:28:00,AEP,100.11000061035156,100.11000061035156,100.17500305175781,100.11000061035156,100.17500305175781,3777.0
2024-08-01 13:28:00,CDZI,3.5250000953674316,3.5250000953674316,3.5250000953674316,3.5250000953674316,3.5250000953674316,436.0
2024-08-01 13:28:00,CEG,178.89999389648438,178.89999389648438,179.11000061035156,178.8699951171875,178.9499969482422,8654.0
2024-08-01 13:28:00,CWCO,28.149999618530273,28.149999618530273,28.149999618530273,28.149999618530273,28.149999618530273,1274.0
2024-08-01 13:28:00,EXC,37.970001220703125,37.970001220703125,37.974998474121094,37.970001220703125,37.974998474121094,24246.0
2024-08-01 13:28:00,FLNC,15.76990032196045,15.76990032196045,15.76990032196045,15.710000038146973,15.710000038146973,1103.0
2024-08-01 13:28:00,LNT,56.290000915527344,56.290000915527344,56.29999923706055,56.290000915527344,56.29999923706055,1259.0
2024-08-01 13:28:00,NFE,19.030000686645508,19.030000686645508,19.030000686645508,19.010000228881836,19.020000457763672,2634.0
2024-08-01 13:28:00,XEL,58.22999954223633,58.22999954223633,58.25,58.220001220703125,58.25,5289.0
2024-08-01 13:29:00,AEP,100.06999969482422,100.06999969482422,100.11000061035156,100.06999969482422,100.06999969482422,1883.0
2024-08-01 13:29:00,AY,22.125,22.125,22.125,22.125,22.125,724.0
2024-08-01 13:29:00,CEG,178.6699981689453,178.6699981689453,179.08140563964844,178.6699981689453,178.99000549316406,7592.0
2024-08-01 13:29:00,EXC,37.939998626708984,37.939998626708984,37.970001220703125,37.939998626708984,37.970001220703125,6608.0
2024-08-01 13:29:00,FLNC,15.760000228881836,15.760000228881836,15.779999732971191,15.755000114440918,15.770000457763672,3318.0
2024-08-01 13:29:00,LNT,56.25,56.25,56.279998779296875,56.25,56.279998779296875,1384.0
2024-08-01 13:29:00,MGEE,88.08000183105469,88.08000183105469,88.08000183105469,88.08000183105469,88.08000183105469,125.0
2024-08-01 13:29:00,MSEX,65.0199966430664,65.0199966430664,65.13500213623047,65.0199966430664,65.13500213623047,485.0
2024-08-01 13:29:00,NFE,19.010000228881836,19.010000228881836,19.030000686645508,19.010000228881836,19.010000228881836,4171.0
2024-08-01 13:29:00,OPAL,4.0,4.0,4.0,4.0,4.0,215.0
2024-08-01 13:29:00,XEL,58.22999954223633,58.22999954223633,58.22999954223633,58.22999954223633,58.22999954223633,762.0
2024-08-01 13:30:00,AEP,100.06999969482422,100.06999969482422,100.08000183105469,100.01000213623047,100.05000305175781,7841.0
2024-08-01 13:30:00,AY,22.1299991607666,22.1299991607666,22.1299991607666,22.125,22.125,2353.0
2024-08-01 13:30:00,CEG,178.75999450683594,178.75999450683594,178.8300018310547,178.56500244140625,178.6750030517578,7013.0
2024-08-01 13:30:00,EXC,37.96500015258789,37.96500015258789,37.96500015258789,37.915000915527344,37.91999816894531,6013.0
2024-08-01 13:30:00,FLNC,15.75,15.75,15.760000228881836,15.744999885559082,15.75,1251.0
2024-08-01 13:30:00,LNT,56.2400016784668,56.2400016784668,56.2400016784668,56.22999954223633,56.2400016784668,3421.0
2024-08-01 13:30:00,NFE,19.0,19.0,19.020000457763672,18.989999771118164,19.0,7384.0
2024-08-01 13:30:00,RNW,5.945000171661377,5.945000171661377,5.945000171661377,5.945000171661377,5.945000171661377,473.0
2024-08-01 13:30:00,XEL,58.25,58.25,58.25,58.18000030517578,58.22999954223633,8320.0
2024-08-01 13:31:00,AEP,99.98999786376953,99.98999786376953,100.08999633789062,99.9800033569336,100.08999633789062,4163.0
2024-08-01 13:31:00,AY,22.127500534057617,22.127500534057617,22.127500534057617,22.125,22.125,1117.0
2024-08-01 13:31:00,CEG,178.75999450683594,178.75999450683594,178.8800048828125,178.75999450683594,178.7624969482422,3991.0
2024-08-01 13:31:00,EXC,37.970001220703125,37.970001220703125,37.974998474121094,37.959999084472656,37.959999084472656,4146.0
2024-08-01 13:31:00,FLNC,15.760000228881836,15.760000228881836,15.760000228881836,15.75,15.75,1571.0
2024-08-01 13:31:00,LNT,56.27000045776367,56.27000045776367,56.290000915527344,56.25,56.25,28999.0
2024-08-01 13:31:00,MGEE,88.1500015258789,88.1500015258789,88.16999816894531,88.1500015258789,88.16999816894531,465.0
2024-08-01 13:31:00,MNTK,5.650000095367432,5.650000095367432,5.650000095367432,5.650000095367432,5.650000095367432,414.0
2024-08-01 13:31:00,NFE,18.9689998626709,18.9689998626709,19.010000228881836,18.9689998626709,19.0,23713.0
2024-08-01 13:31:00,NWE,53.369998931884766,53.369998931884766,53.369998931884766,53.369998931884766,53.369998931884766,2023.0
2024-08-01 13:31:00,OPAL,4.009900093078613,4.009900093078613,4.009900093078613,4.009900093078613,4.009900093078613,200.0
2024-08-01 13:31:00,OTTR,94.91000366210938,94.91000366210938,94.91000366210938,94.91000366210938,94.91000366210938,344.0
2024-08-01 13:31:00,XEL,58.119998931884766,58.119998931884766,58.29999923706055,58.119998931884766,58.28499984741211,10012.0
2024-08-01 13:32:00,AEP,99.98999786376953,99.98999786376953,99.98999786376953,99.97000122070312,99.98500061035156,2847.0
2024-08-01 13:32:00,BNRG,0.7400000095367432,0.7400000095367432,0.7400000095367432,0.7400000095367432,0.7400000095367432,9908.0
2024-08-01 13:32:00,CDZI,3.5299999713897705,3.5299999713897705,3.5299999713897705,3.5299999713897705,3.5299999713897705,311.0
2024-08-01 13:32:00,CEG,178.82000732421875,178.82000732421875,178.82000732421875,178.6999969482422,178.6999969482422,2069.0
2024-08-01 13:32:00,EXC,37.915000915527344,37.915000915527344,37.959999084472656,37.90999984741211,37.959999084472656,5668.0
2024-08-01 13:32:00,FLNC,15.78499984741211,15.78499984741211,15.789999961853027,15.765000343322754,15.770000457763672,5192.0
2024-08-01 13:32:00,LNT,56.255001068115234,56.255001068115234,56.27000045776367,56.255001068115234,56.27000045776367,646.0
2024-08-01 13:32:00,MGEE,88.19999694824219,88.19999694824219,88.20999908447266,88.19999694824219,88.20999908447266,684.0
2024-08-01 13:32:00,NFE,18.93000030517578,18.93000030517578,19.0,18.90999984741211,19.0,7513.0
2024-08-01 13:32:00,OPAL,4.0,4.0,4.0,4.0,4.0,308.0
2024-08-01 13:32:00,OTTR,94.73999786376953,94.73999786376953,94.81500244140625,94.73999786376953,94.81500244140625,2003.0
2024-08-01 13:32:00,RNW,5.945000171661377,5.945000171661377,5.945000171661377,5.945000171661377,5.945000171661377,201.0
2024-08-01 13:32:00,XEL,58.060001373291016,58.060001373291016,58.119998931884766,58.060001373291016,58.1150016784668,6508.0
2024-08-01 13:33:00,AEP,100.01000213623047,100.01000213623047,100.05000305175781,100.0,100.0,3009.0
2024-08-01 13:33:00,CEG,178.64999389648438,178.64999389648438,178.82000732421875,178.49000549316406,178.82000732421875,8212.0
2024-08-01 13:33:00,EXC,37.900001525878906,37.900001525878906,37.91999816894531,37.88999938964844,37.91999816894531,5967.0
2024-08-01 13:33:00,FLNC,15.78499984741211,15.78499984741211,15.78499984741211,15.779999732971191,15.779999732971191,1405.0
2024-08-01 13:33:00,LNT,56.27000045776367,56.27000045776367,56.27000045776367,56.2599983215332,56.2599983215332,1266.0
2024-08-01 13:33:00,NFE,18.940000534057617,18.940000534057617,18.950000762939453,18.93000030517578,18.93000030517578,2600.0
2024-08-01 13:33:00,NWE,53.334999084472656,53.334999084472656,53.36000061035156,53.334999084472656,53.36000061035156,405.0
2024-08-01 13:33:00,OPAL,4.005000114440918,4.005000114440918,4.005000114440918,4.005000114440918,4.005000114440918,200.0
2024-08-01 13:33:00,XEL,58.09000015258789,58.09000015258789,58.11000061035156,58.08000183105469,58.099998474121094,3945.0
2024-08-01 13:34:00,AEP,100.05999755859375,100.05999755859375,100.0999984741211,100.02999877929688,100.02999877929688,10061.0
2024-08-01 13:34:00,CEG,178.44000244140625,178.44000244140625,178.6999969482422,178.44000244140625,178.64999389648438,2518.0
2024-08-01 13:34:00,EXC,37.939998626708984,37.939998626708984,37.939998626708984,37.904998779296875,37.904998779296875,5391.0
2024-08-01 13:34:00,FLNC,15.729999542236328,15.729999542236328,15.774999618530273,15.729999542236328,15.774999618530273,3331.0
2024-08-01 13:34:00,LNT,56.31999969482422,56.31999969482422,56.32500076293945,56.279998779296875,56.279998779296875,3009.0
2024-08-01 13:34:00,MGEE,88.22000122070312,88.22000122070312,88.26000213623047,88.22000122070312,88.26000213623047,639.0
2024-08-01 13:34:00,MNTK,5.659999847412109,5.659999847412109,5.659999847412109,5.659999847412109,5.659999847412109,419.0
2024-08-01 13:34:00,MSEX,65.01000213623047,65.01000213623047,65.01000213623047,65.01000213623047,65.01000213623047,260.0
2024-08-01 13:34:00,NFE,18.889999389648438,18.889999389648438,18.920000076293945,18.8799991607666,18.920000076293945,1465.0
2024-08-01 13:34:00,NWE,53.369998931884766,53.369998931884766,53.369998931884766,53.369998931884766,53.369998931884766,1008.0
2024-08-01 13:34:00,RNW,5.945000171661377,5.945000171661377,5.945000171661377,5.945000171661377,5.945000171661377,214.0
2024-08-01 13:34:00,XEL,58.192501068115234,58.192501068115234,58.192501068115234,58.13999938964844,58.13999938964844,1619.0
2024-08-01 13:35:00,AEP,100.08000183105469,100.08000183105469,100.08899688720703,100.06999969482422,100.06999969482422,3127.0
2024-08-01 13:35:00,CDZI,3.5299999713897705,3.5299999713897705,3.5299999713897705,3.5299999713897705,3.5299999713897705,255.0
2024-08-01 13:35:00,CEG,178.4550018310547,178.4550018310547,178.46499633789062,178.29010009765625,178.29010009765625,3128.0
2024-08-01 13:35:00,CREG,0.9100000262260437,0.9100000262260437,0.9100000262260437,0.9100000262260437,0.9100000262260437,0.0
2024-08-01 13:35:00,EXC,37.915000915527344,37.915000915527344,37.939998626708984,37.90999984741211,37.935001373291016,3534.0
2024-08-01 13:35:00,FLNC,15.720000267028809,15.720000267028809,15.75,15.710000038146973,15.739999771118164,3384.0
2024-08-01 13:35:00,GWRS,12.84000015258789,12.84000015258789,12.84000015258789,12.84000015258789,12.84000015258789,372.0
2024-08-01 13:35:00,LNT,56.31999969482422,56.31999969482422,56.31999969482422,56.31999969482422,56.31999969482422,637.0
2024-08-01 13:35:00,NFE,18.895000457763672,18.895000457763672,18.899999618530273,18.885000228881836,18.889999389648438,19849.0
2024-08-01 13:35:00,RNW,5.949999809265137,5.949999809265137,5.949999809265137,5.949999809265137,5.949999809265137,235.0
2024-08-01 13:35:00,XEL,58.119998931884766,58.119998931884766,58.15999984741211,58.09000015258789,58.15999984741211,5171.0
2024-08-01 13:36:00,AEP,100.16999816894531,100.16999816894531,100.16999816894531,100.06999969482422,100.06999969482422,4795.0
2024-08-01 13:36:00,ARTNA,39.01499938964844,39.01499938964844,39.01499938964844,39.01499938964844,39.01499938964844,871.0
2024-08-01 13:36:00,CEG,178.22999572753906,178.22999572753906,178.4250030517578,178.22999572753906,178.4250030517578,2593.0
2024-08-01 13:36:00,EXC,37.94499969482422,37.94499969482422,37.959999084472656,37.91999816894531,37.91999816894531,5525.0
2024-08-01 13:36:00,FLNC,15.720000267028809,15.720000267028809,15.729999542236328,15.720000267028809,15.720000267028809,1163.0
2024-08-01 13:36:00,LNT,56.34000015258789,56.34000015258789,56.34000015258789,56.31999969482422,56.31999969482422,2741.0
2024-08-01 13:36:00,NFE,18.864999771118164,18.864999771118164,18.8700008392334,18.850099563598633,18.850099563598633,3195.0
2024-08-01 13:36:00,RNW,5.949999809265137,5.949999809265137,5.949999809265137,5.949999809265137,5.949999809265137,2.0
2024-08-01 13:36:00,XEL,58.13999938964844,58.13999938964844,58.150001525878906,58.12120056152344,58.12120056152344,5639.0
2024-08-01 13:37:00,AEP,100.30999755859375,100.30999755859375,100.30999755859375,100.17500305175781,100.17500305175781,5994.0
2024-08-01 13:37:00,AY,22.125,22.125,22.1299991607666,22.125,22.1299991607666,580.0
2024-08-01 13:37:00,CEG,178.17750549316406,178.17750549316406,178.36000061035156,178.0,178.1300048828125,3971.0
2024-08-01 13:37:00,EXC,37.939998626708984,37.939998626708984,37.94499969482422,37.935001373291016,37.939998626708984,4475.0
2024-08-01 13:37:00,FLNC,15.720000267028809,15.720000267028809,15.729999542236328,15.720000267028809,15.720000267028809,1007.0
2024-08-01 13:37:00,LNT,56.33000183105469,56.33000183105469,56.34000015258789,56.33000183105469,56.33000183105469,1801.0
2024-08-01 13:37:00,NFE,18.899999618530273,18.899999618530273,18.899999618530273,18.860000610351562,18.8700008392334,7157.0
2024-08-01 13:37:00,NWE,53.38999938964844,53.38999938964844,53.38999938964844,53.38999938964844,53.38999938964844,776.0
2024-08-01 13:37:00,OPAL,4.0,4.0,4.0,4.0,4.0,2348.0
2024-08-01 13:37:00,XEL,58.20000076293945,58.20000076293945,58.20000076293945,58.150001525878906,58.150001525878906,3577.0
2024-08-01 13:38:00,AEP,100.33000183105469,100.33000183105469,100.33000183105469,100.27999877929688,100.33000183105469,3257.0
2024-08-01 13:38:00,CEG,178.0500030517578,178.0500030517578,178.19000244140625,177.9250030517578,178.1300048828125,7892.0
2024-08-01 13:38:00,EXC,37.970001220703125,37.970001220703125,37.970001220703125,37.935001373291016,37.935001373291016,9416.0
2024-08-01 13:38:00,FLNC,15.710000038146973,15.710000038146973,15.71500015258789,15.710000038146973,15.71500015258789,968.0
2024-08-01 13:38:00,LNT,56.349998474121094,56.349998474121094,56.349998474121094,56.33000183105469,56.34000015258789,3312.0
2024-08-01 13:38:00,MNTK,5.650000095367432,5.650000095367432,5.650000095367432,5.650000095367432,5.650000095367432,655.0
2024-08-01 13:38:00,NFE,18.875,18.875,18.90999984741211,18.8700008392334,18.90999984741211,1926.0
2024-08-01 13:38:00,OPAL,3.9800000190734863,3.9800000190734863,3.9800000190734863,3.9800000190734863,3.9800000190734863,103.0
2024-08-01 13:38:00,RNW,5.945000171661377,5.945000171661377,5.949999809265137,5.945000171661377,5.949999809265137,420.0
2024-08-01 13:38:00,XEL,58.25,58.25,58.279998779296875,58.25,58.279998779296875,2808.0
2024-08-01 13:39:00,AEP,100.36000061035156,100.36000061035156,100.38999938964844,100.31999969482422,100.3499984741211,3389.0
2024-08-01 13:39:00,AY,22.125,22.125,22.125,22.12030029296875,22.12030029296875,2825.0
2024-08-01 13:39:00,CEG,177.89999389648438,177.89999389648438,178.02000427246094,177.85000610351562,178.02000427246094,1808.0
2024-08-01 13:39:00,CWCO,28.2450008392334,28.2450008392334,28.2450008392334,28.2450008392334,28.2450008392334,1005.0
2024-08-01 13:39:00,EXC,37.970001220703125,37.970001220703125,37.970001220703125,37.970001220703125,37.970001220703125,201.0
2024-08-01 13:39:00,FLNC,15.710000038146973,15.710000038146973,15.710000038146973,15.694999694824219,15.710000038146973,3331.0
2024-08-01 13:39:00,LNT,56.36000061035156,56.36000061035156,56.36000061035156,56.34000015258789,56.349998474121094,2983.0
2024-08-01 13:39:00,MGEE,88.59500122070312,88.59500122070312,88.59750366210938,88.59500122070312,88.59750366210938,584.0
2024-08-01 13:39:00,MSEX,65.13500213623047,65.13500213623047,65.13500213623047,65.13500213623047,65.13500213623047,422.0
2024-08-01 13:39:00,NFE,18.8700008392334,18.8700008392334,18.875999450683594,18.860000610351562,18.875999450683594,5568.0
2024-08-01 13:39:00,OTTR,94.7750015258789,94.7750015258789,94.77999877929688,94.7750015258789,94.77999877929688,378.0
2024-08-01 13:39:00,RNW,5.949999809265137,5.949999809265137,5.949999809265137,5.949999809265137,5.949999809265137,844.0
2024-08-01 13:39:00,XEL,58.349998474121094,58.349998474121094,58.36000061035156,58.33000183105469,58.33000183105469,5348.0
2024-08-01 13:40:00,AEP,100.37000274658203,100.37000274658203,100.38500213623047,100.36000061035156,100.36000061035156,4223.0
2024-08-01 13:40:00,AY,22.125,22.125,22.125,22.125,22.125,344.0
2024-08-01 13:40:00,CEG,177.73500061035156,177.73500061035156,178.1300048828125,177.73500061035156,177.85000610351562,6595.0
2024-08-01 13:40:00,EXC,37.9900016784668,37.9900016784668,37.9900016784668,37.974998474121094,37.974998474121094,5377.0
2024-08-01 13:40:00,FLNC,15.699999809265137,15.699999809265137,15.710000038146973,15.699999809265137,15.710000038146973,1342.0
2024-08-01 13:40:00,LNT,56.38999938964844,56.38999938964844,56.400001525878906,56.3650016784668,56.3650016784668,3025.0
2024-08-01 13:40:00,MSEX,65.43499755859375,65.43499755859375,65.45999908447266,65.19999694824219,65.19999694824219,2028.0
2024-08-01 13:40:00,NFE,18.89900016784668,18.89900016784668,18.899999618530273,18.8799991607666,18.8799991607666,8194.0
2024-08-01 13:40:00,XEL,58.36000061035156,58.36000061035156,58.40999984741211,58.34000015258789,58.34000015258789,6697.0
2024-08-01 13:41:00,AEP,100.3949966430664,100.3949966430664,100.41000366210938,100.3478012084961,100.36000061035156,4497.0
2024-08-01 13:41:00,AY,22.125,22.125,22.125,22.125,22.125,725.0
2024-08-01 13:41:00,CEG,177.8249969482422,177.8249969482422,178.06500244140625,177.7899932861328,177.7899932861328,5290.0
2024-08-01 13:41:00,EXC,37.9900016784668,37.9900016784668,37.994998931884766,37.974998474121094,37.97999954223633,8115.0
2024-08-01 13:41:00,FLNC,15.710000038146973,15.710000038146973,15.710000038146973,15.6899995803833,15.6899995803833,2783.0
2024-08-01 13:41:00,HTOO,0.8050000071525574,0.8050000071525574,0.8050000071525574,0.8050000071525574,0.8050000071525574,33744.0
2024-08-01 13:41:00,LNT,56.38999938964844,56.38999938964844,56.38999938964844,56.375,56.38999938964844,2680.0
2024-08-01 13:41:00,NFE,18.899999618530273,18.899999618530273,18.90999984741211,18.890199661254883,18.899999618530273,3915.0
2024-08-01 13:41:00,NWE,53.5,53.5,53.5,53.470001220703125,53.470001220703125,1620.0
2024-08-01 13:41:00,OTTR,94.87999725341797,94.87999725341797,94.87999725341797,94.87999725341797,94.87999725341797,621.0
2024-08-01 13:41:00,RNW,5.945000171661377,5.945000171661377,5.949999809265137,5.945000171661377,5.949999809265137,1772.0
2024-08-01 13:41:00,XEL,58.43000030517578,58.43000030517578,58.435001373291016,58.3650016784668,58.3650016784668,7499.0
2024-08-01 13:42:00,AEP,100.37999725341797,100.37999725341797,100.41000366210938,100.37999725341797,100.4000015258789,3918.0
2024-08-01 13:42:00,CEG,177.9199981689453,177.9199981689453,177.9600067138672,177.80999755859375,177.8300018310547,3223.0
2024-08-01 13:42:00,EXC,37.99440002441406,37.99440002441406,37.994998931884766,37.99440002441406,37.994998931884766,2466.0
2024-08-01 13:42:00,FLNC,15.675000190734863,15.675000190734863,15.6899995803833,15.670000076293945,15.6899995803833,8926.0
2024-08-01 13:42:00,LNT,56.380001068115234,56.380001068115234,56.380001068115234,56.380001068115234,56.380001068115234,465.0
2024-08-01 13:42:00,MGEE,88.69000244140625,88.69000244140625,88.69000244140625,88.6050033569336,88.6050033569336,1222.0
2024-08-01 13:42:00,NFE,18.860000610351562,18.860000610351562,18.899999618530273,18.850000381469727,18.899999618530273,7763.0
2024-08-01 13:42:00,OTTR,94.80999755859375,94.80999755859375,94.80999755859375,94.80999755859375,94.80999755859375,3593.0
2024-08-01 13:42:00,RNW,5.945000171661377,5.945000171661377,5.949999809265137,5.945000171661377,5.945000171661377,916.0
2024-08-01 13:43:00,AEP,100.37999725341797,100.37999725341797,100.41999816894531,100.37999725341797,100.40499877929688,3495.0
2024-08-01 13:43:00,CEG,177.9199981689453,177.9199981689453,178.06700134277344,177.77999877929688,177.9250030517578,3026.0
2024-08-01 13:43:00,EXC,38.0099983215332,38.0099983215332,38.0099983215332,37.994998931884766,37.994998931884766,3606.0
2024-08-01 13:43:00,FLNC,15.65999984741211,15.65999984741211,15.692099571228027,15.65999984741211,15.6899995803833,2300.0
2024-08-01 13:43:00,GWRS,12.920000076293945,12.920000076293945,12.920000076293945,12.920000076293945,12.920000076293945,234.0
2024-08-01 13:43:00,LNT,56.40999984741211,56.40999984741211,56.43000030517578,56.38890075683594,56.38890075683594,3299.0
2024-08-01 13:43:00,NFE,18.8700008392334,18.8700008392334,18.8799991607666,18.8700008392334,18.875,2180.0
2024-08-01 13:43:00,NWE,53.5099983215332,53.5099983215332,53.5099983215332,53.5099983215332,53.5099983215332,329.0
2024-08-01 13:43:00,RGCO,22.219999313354492,22.219999313354492,22.219999313354492,22.219999313354492,22.219999313354492,118.0
2024-08-01 13:43:00,RNW,5.945000171661377,5.945000171661377,5.945000171661377,5.945000171661377,5.945000171661377,490.0
2024-08-01 13:43:00,XEL,58.41999816894531,58.41999816894531,58.459999084472656,58.415000915527344,58.459999084472656,5798.0
2024-08-01 13:44:00,AEP,100.4000015258789,100.4000015258789,100.41999816894531,100.33000183105469,100.38999938964844,8944.0
2024-08-01 13:44:00,AY,22.125,22.125,22.125,22.125,22.125,622.0
2024-08-01 13:44:00,CEG,177.97000122070312,177.97000122070312,178.1199951171875,177.82000732421875,177.94000244140625,2109.0
2024-08-01 13:44:00,EXC,37.994998931884766,37.994998931884766,38.005001068115234,37.970001220703125,38.0,8452.0
2024-08-01 13:44:00,FLNC,15.680000305175781,15.680000305175781,15.680000305175781,15.649999618530273,15.664999961853027,5477.0
2024-08-01 13:44:00,GWRS,12.770099639892578,12.770099639892578,12.770099639892578,12.770099639892578,12.770099639892578,368.0
2024-08-01 13:44:00,LNT,56.39500045776367,56.39500045776367,56.41999816894531,56.380001068115234,56.41999816894531,1733.0
2024-08-01 13:44:00,MGEE,88.58999633789062,88.58999633789062,88.58999633789062,88.58999633789062,88.58999633789062,1022.0
2024-08-01 13:44:00,MNTK,5.650000095367432,5.650000095367432,5.650000095367432,5.650000095367432,5.650000095367432,140.0
2024-08-01 13:44:00,NFE,18.864999771118164,18.864999771118164,18.864999771118164,18.864999771118164,18.864999771118164,663.0
2024-08-01 13:44:00,NWE,53.470001220703125,53.470001220703125,53.470001220703125,53.45000076293945,53.459999084472656,530.0
2024-08-01 13:44:00,RNW,5.949999809265137,5.949999809265137,5.949999809265137,5.949999809265137,5.949999809265137,874.0
2024-08-01 13:44:00,XEL,58.3849983215332,58.3849983215332,58.3849983215332,58.3650016784668,58.380001068115234,5406.0
2024-08-01 13:45:00,AEP,100.375,100.375,100.4000015258789,100.36000061035156,100.37999725341797,4488.0
2024-08-01 13:45:00,AY,22.125,22.125,22.125,22.125,22.125,256.0
2024-08-01 13:45:00,CEG,178.07000732421875,178.07000732421875,178.2100067138672,177.97000122070312,177.97000122070312,4082.0
2024-08-01 13:45:00,EXC,37.974998474121094,37.974998474121094,37.98500061035156,37.974998474121094,37.98500061035156,3533.0
2024-08-01 13:45:00,FLNC,15.680000305175781,15.680000305175781,15.680000305175781,15.670000076293945,15.670000076293945,2496.0
2024-08-01 13:45:00,HTOO,0.800000011920929,0.800000011920929,0.8025000095367432,0.800000011920929,0.8025000095367432,9996.0
2024-08-01 13:45:00,LNT,56.40999984741211,56.40999984741211,56.40999984741211,56.400001525878906,56.400001525878906,478.0
2024-08-01 13:45:00,MNTK,5.639999866485596,5.639999866485596,5.639999866485596,5.639999866485596,5.639999866485596,214.0
2024-08-01 13:45:00,NFE,18.850000381469727,18.850000381469727,18.860000610351562,18.850000381469727,18.860000610351562,3721.0
2024-08-01 13:45:00,NWE,53.4900016784668,53.4900016784668,53.4900016784668,53.4900016784668,53.4900016784668,153.0
2024-08-01 13:45:00,RGCO,21.840099334716797,21.840099334716797,21.840099334716797,21.840099334716797,21.840099334716797,642.0
2024-08-01 13:45:00,XEL,58.36000061035156,58.36000061035156,58.369998931884766,58.349998474121094,58.349998474121094,2273.0
2024-08-01 13:46:00,AEP,100.30000305175781,100.30000305175781,100.37000274658203,100.30000305175781,100.36499786376953,6773.0
2024-08-01 13:46:00,AY,22.125,22.125,22.125,22.125,22.125,765.0
2024-08-01 13:46:00,CEG,178.45579528808594,178.45579528808594,178.58999633789062,178.1699981689453,178.27999877929688,8859.0
2024-08-01 13:46:00,CWCO,28.280000686645508,28.280000686645508,28.280000686645508,28.280000686645508,28.280000686645508,1891.0
2024-08-01 13:46:00,EXC,37.90999984741211,37.90999984741211,37.974998474121094,37.90999984741211,37.974998474121094,6615.0
2024-08-01 13:46:00,FLNC,15.729999542236328,15.729999542236328,15.734999656677246,15.675000190734863,15.675000190734863,5448.0
2024-08-01 13:46:00,HTOO,0.7953000068664551,0.7953000068664551,0.7953000068664551,0.7953000068664551,0.7953000068664551,207.0
2024-08-01 13:46:00,LNT,56.34000015258789,56.34000015258789,56.38999938964844,56.34000015258789,56.38999938964844,2626.0
2024-08-01 13:46:00,MSEX,65.33000183105469,65.33000183105469,65.33999633789062,65.33000183105469,65.33999633789062,531.0
2024-08-01 13:46:00,NFE,18.84000015258789,18.84000015258789,18.850000381469727,18.81999969482422,18.850000381469727,5480.0
2024-08-01 13:46:00,NWE,53.439998626708984,53.439998626708984,53.439998626708984,53.439998626708984,53.439998626708984,1078.0
2024-08-01 13:46:00,RNW,5.954999923706055,5.954999923706055,5.954999923706055,5.954999923706055,5.954999923706055,200.0
2024-08-01 13:46:00,XEL,58.290000915527344,58.290000915527344,58.36000061035156,58.290000915527344,58.36000061035156,11405.0
2024-08-01 13:47:00,AEP,100.26000213623047,100.26000213623047,100.27999877929688,100.26000213623047,100.2699966430664,2591.0
2024-08-01 13:47:00,AY,22.125,22.125,22.125,22.125,22.125,410.0
2024-08-01 13:47:00,CEG,178.25999450683594,178.25999450683594,178.5399932861328,178.25999450683594,178.44500732421875,2449.0
2024-08-01 13:47:00,EXC,37.880001068115234,37.880001068115234,37.90999984741211,37.880001068115234,37.90999984741211,7521.0
2024-08-01 13:47:00,FLNC,15.694999694824219,15.694999694824219,15.729999542236328,15.694999694824219,15.729999542236328,3999.0
2024-08-01 13:47:00,HTOO,0.7871999740600586,0.7871999740600586,0.7871999740600586,0.7871999740600586,0.7871999740600586,1813.0
2024-08-01 13:47:00,LNT,56.29999923706055,56.29999923706055,56.310001373291016,56.29999923706055,56.310001373291016,1140.0
2024-08-01 13:47:00,MSEX,65.18000030517578,65.18000030517578,65.30999755859375,65.18000030517578,65.30000305175781,1670.0
2024-08-01 13:47:00,NFE,18.860000610351562,18.860000610351562,18.860000610351562,18.850000381469727,18.850000381469727,6720.0
2024-08-01 13:47:00,RNW,5.954999923706055,5.954999923706055,5.960000038146973,5.954999923706055,5.954999923706055,301.0
2024-08-01 13:47:00,XEL,58.279998779296875,58.279998779296875,58.29499816894531,58.279998779296875,58.290000915527344,3938.0
2024-08-01 13:48:00,AEP,100.27999877929688,100.27999877929688,100.30999755859375,100.23999786376953,100.24400329589844,5848.0
2024-08-01 13:48:00,ARTNA,39.03499984741211,39.03499984741211,39.03499984741211,39.03499984741211,39.03499984741211,560.0
2024-08-01 13:48:00,AY,22.125,22.125,22.125,22.1200008392334,22.125,3736.0
2024-08-01 13:48:00,CDZI,3.5299999713897705,3.5299999713897705,3.5299999713897705,3.5299999713897705,3.5299999713897705,111.0
2024-08-01 13:48:00,CEG,177.9949951171875,177.9949951171875,178.22000122070312,177.9600067138672,178.1199951171875,1027.0
2024-08-01 13:48:00,EXC,37.90999984741211,37.90999984741211,37.90999984741211,37.8849983215332,37.8849983215332,3038.0
2024-08-01 13:48:00,FLNC,15.710000038146973,15.710000038146973,15.710000038146973,15.710000038146973,15.710000038146973,181.0
2024-08-01 13:48:00,HTOO,0.7871999740600586,0.7871999740600586,0.7871999740600586,0.7871999740600586,0.7871999740600586,300.0
2024-08-01 13:48:00,LNT,56.310001373291016,56.310001373291016,56.310001373291016,56.29999923706055,56.310001373291016,961.0
2024-08-01 13:48:00,MGEE,88.29000091552734,88.29000091552734,88.29000091552734,88.29000091552734,88.29000091552734,273.0
2024-08-01 13:48:00,MNTK,5.639999866485596,5.639999866485596,5.639999866485596,5.639999866485596,5.639999866485596,244.0
2024-08-01 13:48:00,NFE,18.844999313354492,18.844999313354492,18.860000610351562,18.844999313354492,18.860000610351562,3622.0
2024-08-01 13:48:00,RNW,5.949999809265137,5.949999809265137,5.954999923706055,5.949999809265137,5.954999923706055,3470.0
2024-08-01 13:48:00,XEL,58.275001525878906,58.275001525878906,58.290000915527344,58.2599983215332,58.27000045776367,7745.0
2024-08-01 13:49:00,AEP,100.29499816894531,100.29499816894531,100.30000305175781,100.25900268554688,100.2699966430664,2778.0
2024-08-01 13:49:00,AY,22.125,22.125,22.125,22.125,22.125,200.0
2024-08-01 13:49:00,CEG,177.8300018310547,177.8300018310547,178.06500244140625,177.8249969482422,177.88999938964844,1988.0
2024-08-01 13:49:00,EXC,37.91999816894531,37.91999816894531,37.93000030517578,37.90999984741211,37.90999984741211,3463.0
2024-08-01 13:49:00,FLNC,15.6899995803833,15.6899995803833,15.710000038146973,15.6899995803833,15.699999809265137,2991.0
2024-08-01 13:49:00,HTOO,0.7990000247955322,0.7990000247955322,0.7990000247955322,0.7990000247955322,0.7990000247955322,200.0
2024-08-01 13:49:00,LNT,56.310001373291016,56.310001373291016,56.31999969482422,56.310001373291016,56.31999969482422,1308.0
2024-08-01 13:49:00,MNTK,5.639999866485596,5.639999866485596,5.639999866485596,5.639999866485596,5.639999866485596,113.0
2024-08-01 13:49:00,MSEX,65.26000213623047,65.26000213623047,65.26000213623047,65.26000213623047,65.26000213623047,1327.0
2024-08-01 13:49:00,NFE,18.84000015258789,18.84000015258789,18.84000015258789,18.829999923706055,18.84000015258789,2648.0
2024-08-01 13:49:00,NWE,53.38999938964844,53.38999938964844,53.38999938964844,53.38999938964844,53.38999938964844,383.0
2024-08-01 13:49:00,OPAL,3.9992001056671143,3.9992001056671143,3.9992001056671143,3.9992001056671143,3.9992001056671143,400.0
2024-08-01 13:49:00,RNW,5.940100193023682,5.940100193023682,5.949999809265137,5.940100193023682,5.949999809265137,920.0
2024-08-01 13:49:00,XEL,58.33000183105469,58.33000183105469,58.33000183105469,58.290000915527344,58.290000915527344,1762.0
2024-08-01 13:50:00,AEP,100.3104019165039,100.3104019165039,100.3104019165039,100.2699966430664,100.27999877929688,2532.0
2024-08-01 13:50:00,AY,22.125,22.125,22.125,22.125,22.125,1299.0
2024-08-01 13:50:00,CEG,177.9600067138672,177.9600067138672,177.9600067138672,177.75999450683594,177.88999938964844,4253.0
2024-08-01 13:50:00,EXC,37.90999984741211,37.90999984741211,37.915000915527344,37.90999984741211,37.915000915527344,2394.0
2024-08-01 13:50:00,FLNC,15.670000076293945,15.670000076293945,15.6899995803833,15.670000076293945,15.6899995803833,3000.0
2024-08-01 13:50:00,HTOO,0.800000011920929,0.800000011920929,0.800000011920929,0.800000011920929,0.800000011920929,1202.0
2024-08-01 13:50:00,LNT,56.290000915527344,56.290000915527344,56.290000915527344,56.290000915527344,56.290000915527344,923.0
2024-08-01 13:50:00,MNTK,5.639999866485596,5.639999866485596,5.639999866485596,5.639999866485596,5.639999866485596,139.0
2024-08-01 13:50:00,NFE,18.84000015258789,18.84000015258789,18.84000015258789,18.829999923706055,18.829999923706055,1165.0
2024-08-01 13:50:00,NWE,53.3849983215332,53.3849983215332,53.3849983215332,53.3849983215332,53.3849983215332,532.0
2024-08-01 13:50:00,RNW,5.945000171661377,5.945000171661377,5.945000171661377,5.940000057220459,5.941999912261963,600.0
2024-08-01 13:50:00,XEL,58.28499984741211,58.28499984741211,58.33000183105469,58.275001525878906,58.33000183105469,5546.0
2024-08-01 13:51:00,AEP,100.33999633789062,100.33999633789062,100.3550033569336,100.30999755859375,100.31999969482422,5096.0
2024-08-01 13:51:00,CEG,177.99000549316406,177.99000549316406,177.99000549316406,177.72999572753906,177.7899932861328,5265.0
2024-08-01 13:51:00,EXC,37.93339920043945,37.93339920043945,37.939998626708984,37.915000915527344,37.915000915527344,3473.0
2024-08-01 13:51:00,FLNC,15.6899995803833,15.6899995803833,15.6899995803833,15.649999618530273,15.670000076293945,6642.0
2024-08-01 13:51:00,LNT,56.349998474121094,56.349998474121094,56.369998931884766,56.310001373291016,56.310001373291016,4478.0
2024-08-01 13:51:00,MGEE,88.13999938964844,88.13999938964844,88.13999938964844,88.13999938964844,88.13999938964844,136.0
2024-08-01 13:51:00,MNTK,5.650000095367432,5.650000095367432,5.650000095367432,5.650000095367432,5.650000095367432,323.0
2024-08-01 13:51:00,NFE,18.84000015258789,18.84000015258789,18.860000610351562,18.84000015258789,18.850000381469727,4758.0
2024-08-01 13:51:00,NWE,53.415000915527344,53.415000915527344,53.415000915527344,53.415000915527344,53.415000915527344,384.0
2024-08-01 13:51:00,OPAL,3.998300075531006,3.998300075531006,3.998300075531006,3.9800000190734863,3.9800000190734863,300.0
2024-08-01 13:51:00,RNW,5.949999809265137,5.949999809265137,5.949999809265137,5.945000171661377,5.945000171661377,301.0
2024-08-01 13:51:00,XEL,58.27000045776367,58.27000045776367,58.28499984741211,58.27000045776367,58.28499984741211,1827.0
2024-08-01 13:52:00,AEP,100.37000274658203,100.37000274658203,100.38999938964844,100.3499984741211,100.3499984741211,5527.0
2024-08-01 13:52:00,CDZI,3.5299999713897705,3.5299999713897705,3.5299999713897705,3.5299999713897705,3.5299999713897705,393.0
2024-08-01 13:52:00,CEG,178.08999633789062,178.08999633789062,178.24000549316406,177.9499969482422,177.99000549316406,7784.0
2024-08-01 13:52:00,CREG,0.9300000071525574,0.9300000071525574,0.9300000071525574,0.9300000071525574,0.9300000071525574,1008.0
2024-08-01 13:52:00,EXC,37.91999816894531,37.91999816894531,37.93009948730469,37.91999816894531,37.93009948730469,3366.0
2024-08-01 13:52:00,FLNC,15.729999542236328,15.729999542236328,15.729999542236328,15.699999809265137,15.699999809265137,1593.0
2024-08-01 13:52:00,LNT,56.34000015258789,56.34000015258789,56.34000015258789,56.34000015258789,56.34000015258789,597.0
2024-08-01 13:52:00,NFE,18.8700008392334,18.8700008392334,18.8700008392334,18.860000610351562,18.860000610351562,5964.0
2024-08-01 13:52:00,RNW,5.949999809265137,5.949999809265137,5.949999809265137,5.949999809265137,5.949999809265137,2109.0
2024-08-01 13:52:00,XEL,58.255001068115234,58.255001068115234,58.28499984741211,58.255001068115234,58.279998779296875,5078.0
2024-08-01 13:53:00,AEP,100.4000015258789,100.4000015258789,100.4000015258789,100.38999938964844,100.4000015258789,3121.0
2024-08-01 13:53:00,CEG,178.48500061035156,178.48500061035156,178.61000061035156,178.27000427246094,178.27999877929688,7998.0
2024-08-01 13:53:00,EXC,37.92499923706055,37.92499923706055,37.935001373291016,37.92499923706055,37.93000030517578,4917.0
2024-08-01 13:53:00,FLNC,15.755000114440918,15.755000114440918,15.755000114440918,15.734999656677246,15.734999656677246,397.0
2024-08-01 13:53:00,LNT,56.36000061035156,56.36000061035156,56.369998931884766,56.349998474121094,56.349998474121094,1954.0
2024-08-01 13:53:00,MNTK,5.659999847412109,5.659999847412109,5.659999847412109,5.659999847412109,5.659999847412109,425.0
2024-08-01 13:53:00,NFE,18.899999618530273,18.899999618530273,18.899999618530273,18.8799991607666,18.8799991607666,4035.0
2024-08-01 13:53:00,NWE,53.42499923706055,53.42499923706055,53.42499923706055,53.42499923706055,53.42499923706055,1329.0
2024-08-01 13:53:00,RNW,5.960000038146973,5.960000038146973,5.960000038146973,5.954999923706055,5.954999923706055,415.0
2024-08-01 13:53:00,XEL,58.27000045776367,58.27000045776367,58.28499984741211,58.255001068115234,58.255001068115234,7249.0
2024-08-01 13:54:00,AEP,100.40499877929688,100.40499877929688,100.40899658203125,100.37999725341797,100.4000015258789,4040.0
2024-08-01 13:54:00,AY,22.125,22.125,22.125,22.125,22.125,109.0
2024-08-01 13:54:00,CEG,178.36000061035156,178.36000061035156,178.61000061035156,178.24000549316406,178.61000061035156,4432.0
2024-08-01 13:54:00,EXC,37.91999816894531,37.91999816894531,37.91999816894531,37.915000915527344,37.91999816894531,3651.0
2024-08-01 13:54:00,FLNC,15.779999732971191,15.779999732971191,15.779999732971191,15.760000228881836,15.760000228881836,959.0
2024-08-01 13:54:00,LNT,56.369998931884766,56.369998931884766,56.369998931884766,56.36000061035156,56.36000061035156,1222.0
2024-08-01 13:54:00,MGEE,88.33999633789062,88.33999633789062,88.33999633789062,88.33999633789062,88.33999633789062,1279.0
2024-08-01 13:54:00,MNTK,5.664999961853027,5.664999961853027,5.664999961853027,5.664999961853027,5.664999961853027,120.0
2024-08-01 13:54:00,NFE,18.90999984741211,18.90999984741211,18.90999984741211,18.899999618530273,18.899999618530273,2076.0
2024-08-01 13:54:00,RNW,5.960000038146973,5.960000038146973,5.960000038146973,5.954999923706055,5.960000038146973,857.0
2024-08-01 13:54:00,WAVE,2.9749999046325684,2.9749999046325684,2.9749999046325684,2.9749999046325684,2.9749999046325684,366.0
2024-08-01 13:54:00,XEL,58.279998779296875,58.279998779296875,58.28499984741211,58.2599983215332,58.27000045776367,4783.0
2024-08-01 13:55:00,AEP,100.38999938964844,100.38999938964844,100.4000015258789,100.37999725341797,100.38999938964844,3238.0
2024-08-01 13:55:00,AY,22.125,22.125,22.125,22.125,22.125,960.0
2024-08-01 13:55:00,CEG,178.21499633789062,178.21499633789062,178.3585968017578,177.97000122070312,178.2899932861328,8495.0
2024-08-01 13:55:00,EXC,37.939998626708984,37.939998626708984,37.939998626708984,37.92499923706055,37.92499923706055,1650.0
2024-08-01 13:55:00,FLNC,15.789999961853027,15.789999961853027,15.789999961853027,15.779999732971191,15.789999961853027,1768.0
2024-08-01 13:55:00,LNT,56.36000061035156,56.36000061035156,56.369998931884766,56.36000061035156,56.369998931884766,1250.0
2024-08-01 13:55:00,NFE,18.90999984741211,18.90999984741211,18.93000030517578,18.90999984741211,18.920000076293945,3932.0
2024-08-01 13:55:00,RNW,5.96999979019165,5.96999979019165,5.96999979019165,5.96999979019165,5.96999979019165,227.0
2024-08-01 13:55:00,XEL,58.31999969482422,58.31999969482422,58.31999969482422,58.290000915527344,58.290000915527344,3029.0
2024-08-01 13:56:00,AEP,100.4000015258789,100.4000015258789,100.4000015258789,100.37999725341797,100.38999938964844,12771.0
2024-08-01 13:56:00,AY,22.125,22.125,22.125,22.123199462890625,22.125,231.0
2024-08-01 13:56:00,CDZIP,15.979999542236328,15.979999542236328,15.979999542236328,15.979999542236328,15.979999542236328,211.0
2024-08-01 13:56:00,CEG,177.99000549316406,177.99000549316406,178.17999267578125,177.93499755859375,178.17999267578125,2470.0
2024-08-01 13:56:00,EXC,37.93000030517578,37.93000030517578,37.93000030517578,37.90999984741211,37.93000030517578,7837.0
2024-08-01 13:56:00,FLNC,15.744999885559082,15.744999885559082,15.789999961853027,15.744999885559082,15.789999961853027,3268.0
2024-08-01 13:56:00,LNT,56.375,56.375,56.375,56.369998931884766,56.375,1252.0
2024-08-01 13:56:00,MNTK,5.664999961853027,5.664999961853027,5.664999961853027,5.664999961853027,5.664999961853027,1505.0
2024-08-01 13:56:00,NFE,18.8799991607666,18.8799991607666,18.90999984741211,18.8799991607666,18.90999984741211,4528.0
2024-08-01 13:56:00,OTTR,94.69999694824219,94.69999694824219,94.69999694824219,94.69999694824219,94.69999694824219,441.0
2024-08-01 13:56:00,PCYO,10.550000190734863,10.550000190734863,10.550000190734863,10.550000190734863,10.550000190734863,214.0
2024-08-01 13:56:00,RNW,5.965000152587891,5.965000152587891,5.965000152587891,5.965000152587891,5.965000152587891,578.0
2024-08-01 13:56:00,XEL,58.290000915527344,58.290000915527344,58.32099914550781,58.290000915527344,58.31999969482422,11229.0
2024-08-01 13:57:00,AEP,100.44999694824219,100.44999694824219,100.45999908447266,100.4000015258789,100.4000015258789,8792.0
2024-08-01 13:57:00,AY,22.125,22.125,22.125,22.125,22.125,642.0
2024-08-01 13:57:00,CEG,178.5399932861328,178.5399932861328,178.6300048828125,177.97500610351562,177.97500610351562,10526.0
2024-08-01 13:57:00,EXC,37.92499923706055,37.92499923706055,37.92499923706055,37.90999984741211,37.90999984741211,4582.0
2024-08-01 13:57:00,FLNC,15.800000190734863,15.800000190734863,15.800000190734863,15.739999771118164,15.739999771118164,2550.0
2024-08-01 13:57:00,LNT,56.38990020751953,56.38990020751953,56.38990020751953,56.35499954223633,56.369998931884766,2580.0
2024-08-01 13:57:00,NFE,18.8799991607666,18.8799991607666,18.8799991607666,18.8799991607666,18.8799991607666,2969.0
2024-08-01 13:57:00,RNW,5.965000152587891,5.965000152587891,5.96999979019165,5.965000152587891,5.96999979019165,302.0
2024-08-01 13:57:00,XEL,58.270999908447266,58.270999908447266,58.279998779296875,58.2599983215332,58.27000045776367,7475.0
2024-08-01 13:58:00,AEP,100.44000244140625,100.44000244140625,100.51000213623047,100.43000030517578,100.45999908447266,11686.0
2024-08-01 13:58:00,CEG,178.7899932861328,178.7899932861328,179.07000732421875,178.5399932861328,178.5399932861328,18947.0
2024-08-01 13:58:00,EXC,37.93000030517578,37.93000030517578,37.93000030517578,37.90999984741211,37.91999816894531,3800.0
2024-08-01 13:58:00,FLNC,15.819999694824219,15.819999694824219,15.819999694824219,15.800000190734863,15.800000190734863,1293.0
2024-08-01 13:58:00,LNT,56.400001525878906,56.400001525878906,56.400001525878906,56.380001068115234,56.380001068115234,4075.0
2024-08-01 13:58:00,NFE,18.889999389648438,18.889999389648438,18.889999389648438,18.8799991607666,18.8799991607666,1141.0
2024-08-01 13:58:00,OPAL,3.9800000190734863,3.9800000190734863,3.9800000190734863,3.9800000190734863,3.9800000190734863,353.0
2024-08-01 13:58:00,PCYO,10.59000015258789,10.59000015258789,10.59000015258789,10.59000015258789,10.59000015258789,1013.0
2024-08-01 13:58:00,RNW,5.96999979019165,5.96999979019165,5.96999979019165,5.96999979019165,5.96999979019165,236.0
2024-08-01 13:58:00,XEL,58.31999969482422,58.31999969482422,58.32500076293945,58.290000915527344,58.310001373291016,9624.0
2024-08-01 13:59:00,AEP,100.44239807128906,100.44239807128906,100.45999908447266,100.43000030517578,100.43000030517578,2271.0
2024-08-01 13:59:00,CEG,178.7899932861328,178.7899932861328,178.80999755859375,178.75,178.80999755859375,1935.0
2024-08-01 13:59:00,EXC,37.92499923706055,37.92499923706055,37.93000030517578,37.90999984741211,37.91999816894531,3313.0
2024-08-01 13:59:00,FLNC,15.829999923706055,15.829999923706055,15.84000015258789,15.819999694824219,15.819999694824219,3269.0
2024-08-01 13:59:00,LNT,56.40999984741211,56.40999984741211,56.40999984741211,56.40999984741211,56.40999984741211,1225.0
2024-08-01 13:59:00,NFE,18.885000228881836,18.885000228881836,18.899999618530273,18.885000228881836,18.889999389648438,7189.0
2024-08-01 13:59:00,OTTR,94.77999877929688,94.77999877929688,94.77999877929688,94.77999877929688,94.77999877929688,1182.0
2024-08-01 13:59:00,XEL,58.32500076293945,58.32500076293945,58.33000183105469,58.314998626708984,58.31999969482422,2597.0
2024-08-01 14:00:00,AEP,100.30999755859375,100.30999755859375,100.44000244140625,100.30999755859375,100.44000244140625,4375.0
2024-08-01 14:00:00,AY,22.125,22.125,22.1299991607666,22.125,22.1299991607666,1455.0
2024-08-01 14:00:00,CEG,178.7100067138672,178.7100067138672,179.00999450683594,178.67999267578125,178.72999572753906,8191.0
2024-08-01 14:00:00,EXC,37.89500045776367,37.89500045776367,37.95000076293945,37.880001068115234,37.93000030517578,10343.0
2024-08-01 14:00:00,FLNC,15.850000381469727,15.850000381469727,15.850000381469727,15.819999694824219,15.819999694824219,2513.0
2024-08-01 14:00:00,LNT,56.380001068115234,56.380001068115234,56.400001525878906,56.380001068115234,56.38999938964844,2573.0
2024-08-01 14:00:00,MNTK,5.699999809265137,5.699999809265137,5.699999809265137,5.690000057220459,5.690000057220459,795.0
2024-08-01 14:00:00,NFE,18.889999389648438,18.889999389648438,18.889999389648438,18.889999389648438,18.889999389648438,0.0
2024-08-01 14:00:00,RNW,5.974999904632568,5.974999904632568,5.974999904632568,5.974999904632568,5.974999904632568,104.0
2024-08-01 14:00:00,WAVE,2.930000066757202,2.930000066757202,2.930000066757202,2.930000066757202,2.930000066757202,200.0
2024-08-01 14:00:00,XEL,58.25,58.25,58.36000061035156,58.25,58.33000183105469,7068.0
2024-08-01 14:01:00,AEP,100.41000366210938,100.41000366210938,100.41000366210938,100.2699966430664,100.33000183105469,7510.0
2024-08-01 14:01:00,AY,22.125,22.125,22.125,22.125,22.125,1052.0
2024-08-01 14:01:00,CEG,178.77000427246094,178.77000427246094,178.8000030517578,178.47000122070312,178.5800018310547,6230.0
2024-08-01 14:01:00,EXC,37.90769958496094,37.90769958496094,37.90999984741211,37.8849983215332,37.900001525878906,6833.0
2024-08-01 14:01:00,FLNC,15.84000015258789,15.84000015258789,15.84000015258789,15.829999923706055,15.84000015258789,2135.0
2024-08-01 14:01:00,LNT,56.369998931884766,56.369998931884766,56.375,56.36000061035156,56.375,3288.0
2024-08-01 14:01:00,NFE,18.8700008392334,18.8700008392334,18.889999389648438,18.8700008392334,18.889999389648438,2543.0
2024-08-01 14:01:00,NWE,53.38999938964844,53.38999938964844,53.38999938964844,53.38999938964844,53.38999938964844,618.0
2024-08-01 14:01:00,RNW,5.974999904632568,5.974999904632568,5.974999904632568,5.974999904632568,5.974999904632568,739.0
2024-08-01 14:01:00,XEL,58.244998931884766,58.244998931884766,58.25,58.209999084472656,58.25,6969.0
2024-08-01 14:02:00,AEP,100.32160186767578,100.32160186767578,100.41000366210938,100.32160186767578,100.38999938964844,3888.0
2024-08-01 14:02:00,AY,22.125,22.125,22.125,22.125,22.125,1001.0
2024-08-01 14:02:00,CEG,178.56500244140625,178.56500244140625,178.97000122070312,178.41000366210938,178.8000030517578,12589.0
2024-08-01 14:02:00,EXC,37.900001525878906,37.900001525878906,37.915000915527344,37.89500045776367,37.915000915527344,4554.0
2024-08-01 14:02:00,FLNC,15.850000381469727,15.850000381469727,15.854999542236328,15.845000267028809,15.850000381469727,3834.0
2024-08-01 14:02:00,LNT,56.37990188598633,56.37990188598633,56.37990188598633,56.369998931884766,56.369998931884766,1061.0
2024-08-01 14:02:00,NFE,18.850000381469727,18.850000381469727,18.8700008392334,18.84000015258789,18.8700008392334,9982.0
2024-08-01 14:02:00,RNW,5.96999979019165,5.96999979019165,5.973999977111816,5.96999979019165,5.973999977111816,4343.0
2024-08-01 14:02:00,XEL,58.23500061035156,58.23500061035156,58.244998931884766,58.23500061035156,58.244998931884766,2073.0
2024-08-01 14:03:00,AEP,100.30999755859375,100.30999755859375,100.30999755859375,100.29000091552734,100.30999755859375,1358.0
2024-08-01 14:03:00,ARTNA,38.90999984741211,38.90999984741211,38.90999984741211,38.90999984741211,38.90999984741211,585.0
2024-08-01 14:03:00,AY,22.125,22.125,22.125,22.125,22.125,446.0
2024-08-01 14:03:00,CDZI,3.549999952316284,3.549999952316284,3.549999952316284,3.549999952316284,3.549999952316284,338.0
2024-08-01 14:03:00,CEG,178.4499969482422,178.4499969482422,178.7899932861328,178.4499969482422,178.57000732421875,8576.0
2024-08-01 14:03:00,EXC,37.90999984741211,37.90999984741211,37.90999984741211,37.904998779296875,37.904998779296875,1660.0
2024-08-01 14:03:00,FLNC,15.869999885559082,15.869999885559082,15.869999885559082,15.850000381469727,15.851099967956543,5982.0
2024-08-01 14:03:00,LNT,56.369998931884766,56.369998931884766,56.369998931884766,56.369998931884766,56.369998931884766,1497.0
2024-08-01 14:03:00,MNTK,5.690000057220459,5.690000057220459,5.690000057220459,5.690000057220459,5.690000057220459,2025.0
2024-08-01 14:03:00,NFE,18.854999542236328,18.854999542236328,18.860000610351562,18.84000015258789,18.84000015258789,3152.0
2024-08-01 14:03:00,NWE,53.35499954223633,53.35499954223633,53.35499954223633,53.35499954223633,53.35499954223633,418.0
2024-08-01 14:03:00,RGCO,21.973800659179688,21.973800659179688,21.973800659179688,21.973800659179688,21.973800659179688,200.0
2024-08-01 14:03:00,RNW,5.965000152587891,5.965000152587891,5.965000152587891,5.965000152587891,5.965000152587891,0.0
2024-08-01 14:03:00,XEL,58.22999954223633,58.22999954223633,58.25,58.190101623535156,58.22999954223633,13691.0
2024-08-01 14:04:00,AEP,100.23999786376953,100.23999786376953,100.29000091552734,100.22000122070312,100.29000091552734,3338.0
2024-08-01 14:04:00,CEG,178.17010498046875,178.17010498046875,178.56500244140625,178.17010498046875,178.4499969482422,4448.0
2024-08-01 14:04:00,EXC,37.91999816894531,37.91999816894531,37.91999816894531,37.904998779296875,37.90999984741211,2319.0
2024-08-01 14:04:00,FLNC,15.859999656677246,15.859999656677246,15.869999885559082,15.850000381469727,15.869999885559082,3830.0
2024-08-01 14:04:00,LNT,56.380001068115234,56.380001068115234,56.380001068115234,56.369998931884766,56.369998931884766,2016.0
2024-08-01 14:04:00,MNTK,5.699999809265137,5.699999809265137,5.699999809265137,5.690000057220459,5.690000057220459,987.0
2024-08-01 14:04:00,MSEX,65.0999984741211,65.0999984741211,65.0999984741211,65.0999984741211,65.0999984741211,207.0
2024-08-01 14:04:00,NFE,18.860000610351562,18.860000610351562,18.860000610351562,18.860000610351562,18.860000610351562,1077.0
2024-08-01 14:04:00,NWE,53.380001068115234,53.380001068115234,53.380001068115234,53.369998931884766,53.369998931884766,747.0
2024-08-01 14:04:00,RNW,5.96999979019165,5.96999979019165,5.96999979019165,5.96999979019165,5.96999979019165,1478.0
2024-08-01 14:04:00,WAVE,2.9798998832702637,2.9798998832702637,2.9798998832702637,2.930000066757202,2.930000066757202,600.0
2024-08-01 14:04:00,XEL,58.22999954223633,58.22999954223633,58.25,58.209999084472656,58.220001220703125,8811.0
2024-08-01 14:05:00,AEP,100.26000213623047,100.26000213623047,100.26000213623047,100.19499969482422,100.22000122070312,5538.0
2024-08-01 14:05:00,CEG,177.9949951171875,177.9949951171875,178.25,177.92999267578125,178.0800018310547,6538.0
2024-08-01 14:05:00,EXC,37.959999084472656,37.959999084472656,37.959999084472656,37.915000915527344,37.915000915527344,6675.0
2024-08-01 14:05:00,FLNC,15.800000190734863,15.800000190734863,15.854999542236328,15.800000190734863,15.854999542236328,9894.0
2024-08-01 14:05:00,HTOO,0.8098999857902527,0.8098999857902527,0.8098999857902527,0.8098999857902527,0.8098999857902527,1000.0
2024-08-01 14:05:00,LNT,56.380001068115234,56.380001068115234,56.380001068115234,56.369998931884766,56.369998931884766,1071.0
2024-08-01 14:05:00,NFE,18.860000610351562,18.860000610351562,18.860000610351562,18.81999969482422,18.850000381469727,10763.0
2024-08-01 14:05:00,NWE,53.415000915527344,53.415000915527344,53.415000915527344,53.380001068115234,53.380001068115234,1228.0
2024-08-01 14:05:00,RNW,5.985000133514404,5.985000133514404,5.985000133514404,5.974999904632568,5.980000019073486,794.0
2024-08-01 14:05:00,XEL,58.27000045776367,58.27000045776367,58.27000045776367,58.22999954223633,58.22999954223633,5474.0
2024-08-01 14:06:00,AEP,100.37999725341797,100.37999725341797,100.38999938964844,100.26000213623047,100.26000213623047,3281.0
2024-08-01 14:06:00,AY,22.125,22.125,22.125,22.120100021362305,22.120100021362305,2572.0
2024-08-01 14:06:00,CEG,178.0800018310547,178.0800018310547,178.0800018310547,177.80999755859375,177.9499969482422,3731.0
2024-08-01 14:06:00,EXC,37.98500061035156,37.98500061035156,37.9900016784668,37.959999084472656,37.959999084472656,6669.0
2024-08-01 14:06:00,FLNC,15.779999732971191,15.779999732971191,15.789999961853027,15.779999732971191,15.789999961853027,795.0
2024-08-01 14:06:00,LNT,56.439998626708984,56.439998626708984,56.439998626708984,56.380001068115234,56.380001068115234,3810.0
2024-08-01 14:06:00,NFE,18.854999542236328,18.854999542236328,18.857200622558594,18.850099563598633,18.850099563598633,5879.0
2024-08-01 14:06:00,NWE,53.459999084472656,53.459999084472656,53.459999084472656,53.459999084472656,53.459999084472656,139.0
2024-08-01 14:06:00,RNW,5.974999904632568,5.974999904632568,5.980000019073486,5.96999979019165,5.980000019073486,2490.0
2024-08-01 14:06:00,XEL,58.375,58.375,58.375,58.27000045776367,58.27000045776367,9159.0
2024-08-01 14:07:00,AEP,100.33999633789062,100.33999633789062,100.41000366210938,100.33000183105469,100.41000366210938,3208.0
2024-08-01 14:07:00,CEG,178.2899932861328,178.2899932861328,178.36000061035156,178.0850067138672,178.0850067138672,7569.0
2024-08-01 14:07:00,EXC,37.9900016784668,37.9900016784668,38.0,37.98500061035156,37.994998931884766,4880.0
2024-08-01 14:07:00,FLNC,15.800000190734863,15.800000190734863,15.800000190734863,15.789999961853027,15.789999961853027,2302.0
2024-08-01 14:07:00,LNT,56.41999816894531,56.41999816894531,56.43000030517578,56.41999816894531,56.43000030517578,627.0
2024-08-01 14:07:00,NFE,18.850000381469727,18.850000381469727,18.850000381469727,18.84000015258789,18.850000381469727,4514.0
2024-08-01 14:07:00,RNW,5.980000019073486,5.980000019073486,5.980000019073486,5.980000019073486,5.980000019073486,50.0
2024-08-01 14:07:00,XEL,58.38999938964844,58.38999938964844,58.40999984741211,58.380001068115234,58.40999984741211,6472.0
2024-08-01 14:08:00,AEP,100.34500122070312,100.34500122070312,100.36000061035156,100.31999969482422,100.33999633789062,4389.0
2024-08-01 14:08:00,AY,22.12310028076172,22.12310028076172,22.125,22.12310028076172,22.125,982.0
2024-08-01 14:08:00,CDZI,3.5450000762939453,3.5450000762939453,3.5450000762939453,3.5450000762939453,3.5450000762939453,1149.0
2024-08-01 14:08:00,CEG,178.0592041015625,178.0592041015625,178.22500610351562,177.91000366210938,178.22500610351562,2780.0
2024-08-01 14:08:00,EXC,37.959999084472656,37.959999084472656,37.97999954223633,37.95009994506836,37.97999954223633,7607.0
2024-08-01 14:08:00,FLNC,15.789999961853027,15.789999961853027,15.800000190734863,15.779999732971191,15.789999961853027,3156.0
2024-08-01 14:08:00,LNT,56.40169906616211,56.40169906616211,56.41999816894531,56.40169906616211,56.41999816894531,2423.0
2024-08-01 14:08:00,MGEE,88.4000015258789,88.4000015258789,88.4000015258789,88.27999877929688,88.28910064697266,715.0
2024-08-01 14:08:00,MNTK,5.699999809265137,5.699999809265137,5.699999809265137,5.699999809265137,5.699999809265137,286.0
2024-08-01 14:08:00,NFE,18.84000015258789,18.84000015258789,18.860000610351562,18.84000015258789,18.857999801635742,5947.0
2024-08-01 14:08:00,NWE,53.459800720214844,53.459800720214844,53.46500015258789,53.451698303222656,53.451698303222656,2109.0
2024-08-01 14:08:00,OTTR,94.69000244140625,94.69000244140625,94.69000244140625,94.69000244140625,94.69000244140625,175.0
2024-08-01 14:08:00,RNW,5.980000019073486,5.980000019073486,5.980000019073486,5.974999904632568,5.974999904632568,300.0
2024-08-01 14:08:00,XEL,58.349998474121094,58.349998474121094,58.369998931884766,58.349998474121094,58.369998931884766,2639.0
2024-08-01 14:09:00,AEP,100.44999694824219,100.44999694824219,100.44999694824219,100.36499786376953,100.36499786376953,3717.0
2024-08-01 14:09:00,AY,22.125,22.125,22.125,22.120100021362305,22.120100021362305,383.0
2024-08-01 14:09:00,CEG,178.0,178.0,178.0749969482422,177.89999389648438,178.0749969482422,2703.0
2024-08-01 14:09:00,EXC,37.9900016784668,37.9900016784668,38.0,37.95500183105469,37.959999084472656,10455.0
2024-08-01 14:09:00,FLNC,15.755000114440918,15.755000114440918,15.800000190734863,15.755000114440918,15.795000076293945,5061.0
2024-08-01 14:09:00,LNT,56.40999984741211,56.40999984741211,56.40999984741211,56.40999984741211,56.40999984741211,200.0
2024-08-01 14:09:00,MGEE,88.2699966430664,88.2699966430664,88.2699966430664,88.2699966430664,88.2699966430664,151.0
2024-08-01 14:09:00,MNTK,5.699999809265137,5.699999809265137,5.699999809265137,5.699999809265137,5.699999809265137,661.0
2024-08-01 14:09:00,MSEX,65.0999984741211,65.0999984741211,65.0999984741211,65.0999984741211,65.0999984741211,615.0
2024-08-01 14:09:00,NFE,18.829999923706055,18.829999923706055,18.850000381469727,18.829999923706055,18.850000381469727,1118.0
2024-08-01 14:09:00,NWE,53.474998474121094,53.474998474121094,53.474998474121094,53.46500015258789,53.46500015258789,648.0
2024-08-01 14:09:00,OTTR,94.6500015258789,94.6500015258789,94.6500015258789,94.6500015258789,94.6500015258789,879.0
2024-08-01 14:09:00,RNW,5.96999979019165,5.96999979019165,5.974999904632568,5.96999979019165,5.974999904632568,3929.0
2024-08-01 14:09:00,XEL,58.439998626708984,58.439998626708984,58.439998626708984,58.31999969482422,58.31999969482422,5361.0
2024-08-01 14:10:00,AEP,100.5,100.5,100.52999877929688,100.41000366210938,100.41000366210938,6743.0
2024-08-01 14:10:00,CEG,178.02000427246094,178.02000427246094,178.02999877929688,177.85000610351562,178.0,2797.0
2024-08-01 14:10:00,EXC,38.0,38.0,38.0099983215332,37.98500061035156,37.98500061035156,8065.0
2024-08-01 14:10:00,FLNC,15.720000267028809,15.720000267028809,15.748000144958496,15.720000267028809,15.739999771118164,2809.0
2024-08-01 14:10:00,HTOO,0.7990000247955322,0.7990000247955322,0.7990000247955322,0.7990000247955322,0.7990000247955322,0.0
2024-08-01 14:10:00,LNT,56.41999816894531,56.41999816894531,56.43000030517578,56.41999816894531,56.41999816894531,2047.0
2024-08-01 14:10:00,MNTK,5.690000057220459,5.690000057220459,5.690000057220459,5.690000057220459,5.690000057220459,740.0
2024-08-01 14:10:00,NFE,18.809999465942383,18.809999465942383,18.829999923706055,18.80500030517578,18.829999923706055,5995.0
2024-08-01 14:10:00,RGCO,22.15999984741211,22.15999984741211,22.15999984741211,22.15999984741211,22.15999984741211,874.0
2024-08-01 14:10:00,RNW,5.974999904632568,5.974999904632568,5.974999904632568,5.974999904632568,5.974999904632568,609.0
2024-08-01 14:10:00,XEL,58.43000030517578,58.43000030517578,58.45000076293945,58.400001525878906,58.439998626708984,5523.0
2024-08-01 14:11:00,AEP,100.42009735107422,100.42009735107422,100.47000122070312,100.42009735107422,100.45999908447266,3401.0
2024-08-01 14:11:00,AY,22.125,22.125,22.125,22.125,22.125,506.0
2024-08-01 14:11:00,CEG,178.0,178.0,178.30029296875,178.0,178.02000427246094,4501.0
2024-08-01 14:11:00,EXC,38.005001068115234,38.005001068115234,38.01499938964844,38.000999450683594,38.0099983215332,6445.0
2024-08-01 14:11:00,FLNC,15.729999542236328,15.729999542236328,15.739999771118164,15.720000267028809,15.720000267028809,2586.0
2024-08-01 14:11:00,LNT,56.40999984741211,56.40999984741211,56.41999816894531,56.40999984741211,56.41400146484375,1352.0
2024-08-01 14:11:00,MGEE,88.3949966430664,88.3949966430664,88.3949966430664,88.3949966430664,88.3949966430664,369.0
2024-08-01 14:11:00,NFE,18.78499984741211,18.78499984741211,18.799999237060547,18.770000457763672,18.799999237060547,7809.0
2024-08-01 14:11:00,NWE,53.47999954223633,53.47999954223633,53.47999954223633,53.47999954223633,53.47999954223633,375.0
2024-08-01 14:11:00,XEL,58.41999816894531,58.41999816894531,58.43000030517578,58.400001525878906,58.41999816894531,4145.0
2024-08-01 14:12:00,AY,22.125,22.125,22.125,22.125,22.125,470.0
2024-08-01 14:12:00,CDZI,3.5250000953674316,3.5250000953674316,3.5250000953674316,3.5250000953674316,3.5250000953674316,414.0
2024-08-01 14:12:00,FLNC,15.710000038146973,15.710000038146973,15.720000267028809,15.710000038146973,15.720000267028809,1553.0
2024-08-01 14:12:00,LNT,56.36000061035156,56.36000061035156,56.400001525878906,56.36000061035156,56.400001525878906,2811.0
2024-08-01 14:12:00,NFE,18.76799964904785,18.76799964904785,18.790000915527344,18.76799964904785,18.78499984741211,6906.0
2024-08-01 14:12:00,NWE,53.40999984741211,53.40999984741211,53.459999084472656,53.40999984741211,53.459999084472656,1703.0
2024-08-01 14:12:00,OTTR,94.79000091552734,94.79000091552734,94.79000091552734,94.79000091552734,94.79000091552734,1367.0
2024-08-01 14:12:00,RNW,5.96999979019165,5.96999979019165,5.96999979019165,5.96999979019165,5.96999979019165,2063.0
2024-08-01 14:12:00,WAVE,2.9800000190734863,2.9800000190734863,2.9800000190734863,2.9800000190734863,2.9800000190734863,989.0
2024-08-01 14:12:00,XEL,58.400001525878906,58.400001525878906,58.41999816894531,58.400001525878906,58.40999984741211,2146.0
2024-08-01 14:13:00,CREG,0.9154999852180481,0.9154999852180481,0.9154999852180481,0.9154999852180481,0.9154999852180481,1732.0
2024-08-01 14:13:00,FLNC,15.734000205993652,15.734000205993652,15.739999771118164,15.720000267028809,15.720000267028809,3248.0
2024-08-01 14:13:00,LNT,56.369998931884766,56.369998931884766,56.369998931884766,56.36000061035156,56.36000061035156,3432.0
2024-08-01 14:13:00,NFE,18.790000915527344,18.790000915527344,18.790000915527344,18.76799964904785,18.76799964904785,8093.0
2024-08-01 14:13:00,NWE,53.40999984741211,53.40999984741211,53.40999984741211,53.40999984741211,53.40999984741211,625.0
2024-08-01 14:13:00,XEL,58.35499954223633,58.35499954223633,58.38999938964844,58.345001220703125,58.38999938964844,7376.0
2024-08-01 14:13:00,YORW,40.90999984741211,40.90999984741211,40.90999984741211,40.90999984741211,40.90999984741211,874.0
2024-08-01 14:14:00,AEP,100.43000030517578,100.43000030517578,100.43000030517578,100.37000274658203,100.37000274658203,14162.0
2024-08-01 14:14:00,AY,22.125,22.125,22.125,22.125,22.125,1764.0
2024-08-01 14:14:00,CEG,177.97999572753906,177.97999572753906,177.97999572753906,177.91000366210938,177.97500610351562,13161.0
2024-08-01 14:14:00,EXC,38.0,38.0,38.005001068115234,37.974998474121094,37.974998474121094,24780.0
2024-08-01 14:14:00,FLNC,15.710000038146973,15.710000038146973,15.720000267028809,15.710000038146973,15.720000267028809,2499.0
2024-08-01 14:14:00,LNT,56.369998931884766,56.369998931884766,56.369998931884766,56.34000015258789,56.369998931884766,6296.0
2024-08-01 14:14:00,NFE,18.799999237060547,18.799999237060547,18.80500030517578,18.799999237060547,18.799999237060547,4813.0
2024-08-01 14:14:00,NWE,53.41999816894531,53.41999816894531,53.41999816894531,53.409000396728516,53.409000396728516,575.0
2024-08-01 14:14:00,RNW,5.96999979019165,5.96999979019165,5.96999979019165,5.96999979019165,5.96999979019165,503.0
2024-08-01 14:14:00,XEL,58.36000061035156,58.36000061035156,58.36000061035156,58.310001373291016,58.34000015258789,9640.0
2024-08-01 14:15:00,AEP,100.502197265625,100.502197265625,100.502197265625,100.45999908447266,100.45999908447266,4538.0
2024-08-01 14:15:00,AY,22.125,22.125,22.125,22.125,22.125,274.0
2024-08-01 14:15:00,CEG,178.14999389648438,178.14999389648438,178.24000549316406,178.0,178.0,6224.0
2024-08-01 14:15:00,EXC,38.029998779296875,38.029998779296875,38.029998779296875,38.0,38.0,3789.0
2024-08-01 14:15:00,FLNC,15.710000038146973,15.710000038146973,15.710000038146973,15.710000038146973,15.710000038146973,600.0
2024-08-01 14:15:00,LNT,56.41999816894531,56.41999816894531,56.41999816894531,56.400001525878906,56.400001525878906,1393.0
2024-08-01 14:15:00,MGEE,88.4000015258789,88.4000015258789,88.4000015258789,88.4000015258789,88.4000015258789,261.0
2024-08-01 14:15:00,NFE,18.790000915527344,18.790000915527344,18.809999465942383,18.790000915527344,18.809999465942383,4334.0
2024-08-01 14:15:00,NWE,53.439998626708984,53.439998626708984,53.439998626708984,53.43000030517578,53.43000030517578,699.0
2024-08-01 14:15:00,XEL,58.40999984741211,58.40999984741211,58.40999984741211,58.349998474121094,58.349998474121094,5150.0
2024-08-01 14:16:00,AEP,100.5199966430664,100.5199966430664,100.53500366210938,100.5199966430664,100.52999877929688,4413.0
2024-08-01 14:16:00,CEG,178.06500244140625,178.06500244140625,178.125,177.89999389648438,178.125,5389.0
2024-08-01 14:16:00,CWCO,28.190000534057617,28.190000534057617,28.229900360107422,28.190000534057617,28.229900360107422,1374.0
2024-08-01 14:16:00,EXC,38.06999969482422,38.06999969482422,38.08000183105469,38.02000045776367,38.029998779296875,15944.0
2024-08-01 14:16:00,FLNC,15.710000038146973,15.710000038146973,15.710000038146973,15.710000038146973,15.710000038146973,1067.0
2024-08-01 14:16:00,LNT,56.439998626708984,56.439998626708984,56.44020080566406,56.41999816894531,56.43949890136719,3421.0
2024-08-01 14:16:00,MNTK,5.710000038146973,5.710000038146973,5.710000038146973,5.710000038146973,5.710000038146973,554.0
2024-08-01 14:16:00,NFE,18.739999771118164,18.739999771118164,18.78499984741211,18.739999771118164,18.78499984741211,32332.0
2024-08-01 14:16:00,NWE,53.44499969482422,53.44499969482422,53.44499969482422,53.44499969482422,53.44499969482422,618.0
2024-08-01 14:16:00,OPAL,3.9800000190734863,3.9800000190734863,3.9800000190734863,3.9800000190734863,3.9800000190734863,753.0
2024-08-01 14:16:00,XEL,58.459999084472656,58.459999084472656,58.459999084472656,58.40999984741211,58.41999816894531,7027.0
2024-08-01 14:17:00,AEP,100.61499786376953,100.61499786376953,100.62999725341797,100.5199966430664,100.52999877929688,8140.0
2024-08-01 14:17:00,CEG,177.92999267578125,177.92999267578125,178.0399932861328,177.8000030517578,178.0,6559.0
2024-08-01 14:17:00,CWCO,28.18000030517578,28.18000030517578,28.18000030517578,28.18000030517578,28.18000030517578,802.0
2024-08-01 14:17:00,EXC,38.07500076293945,38.07500076293945,38.08000183105469,38.04499816894531,38.04999923706055,10602.0
2024-08-01 14:17:00,FLNC,15.71500015258789,15.71500015258789,15.71500015258789,15.710000038146973,15.710000038146973,1308.0
2024-08-01 14:17:00,LNT,56.470001220703125,56.470001220703125,56.470001220703125,56.45000076293945,56.45000076293945,935.0
2024-08-01 14:17:00,NFE,18.68000030517578,18.68000030517578,18.7450008392334,18.65999984741211,18.729999542236328,46364.0
2024-08-01 14:17:00,XEL,58.529998779296875,58.529998779296875,58.54999923706055,58.459999084472656,58.459999084472656,7598.0
2024-08-01 14:18:00,AEP,100.69999694824219,100.69999694824219,100.69999694824219,100.63999938964844,100.63999938964844,3733.0
2024-08-01 14:18:00,AY,22.125,22.125,22.1299991607666,22.125,22.125,2002.0
2024-08-01 14:18:00,CEG,177.63999938964844,177.63999938964844,178.1699981689453,177.63999938964844,177.92999267578125,4027.0
2024-08-01 14:18:00,EXC,38.11000061035156,38.11000061035156,38.11000061035156,38.08000183105469,38.08000183105469,12193.0
2024-08-01 14:18:00,FLNC,15.694999694824219,15.694999694824219,15.720000267028809,15.694999694824219,15.720000267028809,4012.0
2024-08-01 14:18:00,LNT,56.5,56.5,56.5,56.47999954223633,56.47999954223633,1368.0
2024-08-01 14:18:00,MGEE,88.52999877929688,88.52999877929688,88.52999877929688,88.51000213623047,88.51000213623047,1998.0
2024-08-01 14:18:00,NFE,18.67930030822754,18.67930030822754,18.690000534057617,18.648700714111328,18.649999618530273,12713.0
2024-08-01 14:18:00,RNW,5.96999979019165,5.96999979019165,5.96999979019165,5.96999979019165,5.96999979019165,530.0
2024-08-01 14:18:00,XEL,58.59000015258789,58.59000015258789,58.59000015258789,58.540000915527344,58.540000915527344,3464.0
2024-08-01 14:19:00,AEP,100.69120025634766,100.69120025634766,100.72000122070312,100.69000244140625,100.72000122070312,3721.0
2024-08-01 14:19:00,CEG,177.7899932861328,177.7899932861328,177.7899932861328,177.6999969482422,177.6999969482422,1565.0
2024-08-01 14:19:00,EXC,38.10499954223633,38.10499954223633,38.1150016784668,38.099998474121094,38.10499954223633,6478.0
2024-08-01 14:19:00,FLNC,15.680000305175781,15.680000305175781,15.694999694824219,15.680000305175781,15.694999694824219,3551.0
2024-08-01 14:19:00,LNT,56.5,56.5,56.5099983215332,56.5,56.5099983215332,1806.0
2024-08-01 14:19:00,MGEE,88.63359832763672,88.63359832763672,88.63359832763672,88.63359832763672,88.63359832763672,779.0
2024-08-01 14:19:00,MSEX,65.11000061035156,65.11000061035156,65.11000061035156,65.11000061035156,65.11000061035156,235.0
2024-08-01 14:19:00,NFE,18.671300888061523,18.671300888061523,18.68000030517578,18.6299991607666,18.670000076293945,8486.0
2024-08-01 14:19:00,NWE,53.470001220703125,53.470001220703125,53.470001220703125,53.459999084472656,53.459999084472656,363.0
2024-08-01 14:19:00,OTTR,94.80999755859375,94.80999755859375,94.80999755859375,94.80999755859375,94.80999755859375,309.0
2024-08-01 14:19:00,XEL,58.584999084472656,58.584999084472656,58.599998474121094,58.58000183105469,58.599998474121094,3744.0
2024-08-01 14:20:00,AEP,100.66999816894531,100.66999816894531,100.72000122070312,100.66999816894531,100.69999694824219,4917.0
2024-08-01 14:20:00,CEG,178.02000427246094,178.02000427246094,178.08999633789062,177.7949981689453,177.7949981689453,5239.0
2024-08-01 14:20:00,EXC,38.10499954223633,38.10499954223633,38.130001068115234,38.084999084472656,38.11000061035156,13468.0
2024-08-01 14:20:00,FLNC,15.699999809265137,15.699999809265137,15.720000267028809,15.6899995803833,15.6899995803833,1939.0
2024-08-01 14:20:00,LNT,56.5,56.5,56.5,56.5,56.5,766.0
2024-08-01 14:20:00,MNTK,5.693999767303467,5.693999767303467,5.693999767303467,5.693999767303467,5.693999767303467,543.0
2024-08-01 14:20:00,NFE,18.700000762939453,18.700000762939453,18.709999084472656,18.689199447631836,18.689199447631836,4479.0
2024-08-01 14:20:00,NWE,53.52000045776367,53.52000045776367,53.52000045776367,53.47999954223633,53.5,486.0
2024-08-01 14:20:00,OTTR,94.80480194091797,94.80480194091797,94.80480194091797,94.80480194091797,94.80480194091797,368.0
2024-08-01 14:20:00,XEL,58.58000183105469,58.58000183105469,58.619998931884766,58.56999969482422,58.584999084472656,12197.0
2024-08-01 14:21:00,AEP,100.66000366210938,100.66000366210938,100.70999908447266,100.66000366210938,100.69999694824219,2645.0
2024-08-01 14:21:00,AY,22.125,22.125,22.125,22.125,22.125,1173.0
2024-08-01 14:21:00,CEG,178.11000061035156,178.11000061035156,178.1699981689453,178.02499389648438,178.02499389648438,5266.0
2024-08-01 14:21:00,CREG,0.9154999852180481,0.9154999852180481,0.9154999852180481,0.9154999852180481,0.9154999852180481,1500.0
2024-08-01 14:21:00,EXC,38.10499954223633,38.10499954223633,38.11000061035156,38.09000015258789,38.10499954223633,10536.0
2024-08-01 14:21:00,FLNC,15.720000267028809,15.720000267028809,15.720000267028809,15.699999809265137,15.720000267028809,2793.0
2024-08-01 14:21:00,LNT,56.5099983215332,56.5099983215332,56.5099983215332,56.4900016784668,56.4900016784668,2280.0
2024-08-01 14:21:00,MNTK,5.690000057220459,5.690000057220459,5.690000057220459,5.690000057220459,5.690000057220459,375.0
2024-08-01 14:21:00,MSEX,65.1416015625,65.1416015625,65.1416015625,65.1416015625,65.1416015625,395.0
2024-08-01 14:21:00,NFE,18.719999313354492,18.719999313354492,18.719999313354492,18.709999084472656,18.709999084472656,2744.0
2024-08-01 14:21:00,NWE,53.5099983215332,53.5099983215332,53.529998779296875,53.5,53.5,473.0
2024-08-01 14:21:00,OTTR,94.91999816894531,94.91999816894531,94.91999816894531,94.91999816894531,94.91999816894531,347.0
2024-08-01 14:21:00,RNW,5.96999979019165,5.96999979019165,5.96999979019165,5.96999979019165,5.96999979019165,253.0
2024-08-01 14:21:00,XEL,58.58000183105469,58.58000183105469,58.599998474121094,58.58000183105469,58.58000183105469,4226.0
2024-08-01 14:22:00,AEP,100.58000183105469,100.58000183105469,100.68000030517578,100.58000183105469,100.66000366210938,5874.0
2024-08-01 14:22:00,AY,22.125,22.125,22.125,22.125,22.125,1040.0
2024-08-01 14:22:00,CEG,177.97000122070312,177.97000122070312,178.11500549316406,177.97000122070312,177.99000549316406,1400.0
2024-08-01 14:22:00,EXC,38.04499816894531,38.04499816894531,38.10499954223633,38.04499816894531,38.10499954223633,9649.0
2024-08-01 14:22:00,FLNC,15.75,15.75,15.760000228881836,15.75,15.760000228881836,665.0
2024-08-01 14:22:00,GWRS,12.805899620056152,12.805899620056152,12.805899620056152,12.805899620056152,12.805899620056152,372.0
2024-08-01 14:22:00,LNT,56.47999954223633,56.47999954223633,56.5,56.47999954223633,56.5,1642.0
2024-08-01 14:22:00,MGEE,88.68000030517578,88.68000030517578,88.68000030517578,88.68000030517578,88.68000030517578,732.0
2024-08-01 14:22:00,MNTK,5.699999809265137,5.699999809265137,5.699999809265137,5.699999809265137,5.699999809265137,546.0
2024-08-01 14:22:00,NFE,18.729999542236328,18.729999542236328,18.729999542236328,18.719999313354492,18.719999313354492,3913.0
2024-08-01 14:22:00,NWE,53.5099983215332,53.5099983215332,53.529998779296875,53.5099983215332,53.529998779296875,985.0
2024-08-01 14:22:00,OTTR,94.94999694824219,94.94999694824219,94.94999694824219,94.94999694824219,94.94999694824219,1505.0
2024-08-01 14:22:00,PCYO,10.5600004196167,10.5600004196167,10.579999923706055,10.5600004196167,10.579999923706055,1934.0
2024-08-01 14:22:00,RNW,5.974999904632568,5.974999904632568,5.974999904632568,5.96999979019165,5.96999979019165,948.0
2024-08-01 14:22:00,XEL,58.540000915527344,58.540000915527344,58.58000183105469,58.540000915527344,58.579898834228516,5091.0
2024-08-01 14:23:00,AEP,100.62999725341797,100.62999725341797,100.63999938964844,100.5999984741211,100.5999984741211,59623.0
2024-08-01 14:23:00,AY,22.125,22.125,22.125,22.125,22.125,309.0
2024-08-01 14:23:00,CEG,178.08749389648438,178.08749389648438,178.2115936279297,177.9600067138672,178.2115936279297,3126.0
2024-08-01 14:23:00,EXC,38.05500030517578,38.05500030517578,38.05500030517578,38.04499816894531,38.04499816894531,2809.0
2024-08-01 14:23:00,FLNC,15.739999771118164,15.739999771118164,15.75,15.739999771118164,15.75,1153.0
2024-08-01 14:23:00,LNT,56.47999954223633,56.47999954223633,56.505001068115234,56.47999954223633,56.4900016784668,2469.0
2024-08-01 14:23:00,NFE,18.709999084472656,18.709999084472656,18.719999313354492,18.690000534057617,18.719999313354492,6740.0
2024-08-01 14:23:00,XEL,58.520999908447266,58.520999908447266,58.54999923706055,58.52000045776367,58.54999923706055,2624.0
2024-08-01 14:24:00,AEP,100.54000091552734,100.54000091552734,100.61000061035156,100.54000091552734,100.61000061035156,3368.0
2024-08-01 14:24:00,AY,22.125,22.125,22.125,22.125,22.125,678.0
2024-08-01 14:24:00,CEG,177.94000244140625,177.94000244140625,178.2899932861328,177.94000244140625,178.16000366210938,4665.0
2024-08-01 14:24:00,EXC,37.97999954223633,37.97999954223633,38.04999923706055,37.97999954223633,38.04999923706055,14239.0
2024-08-01 14:24:00,FLNC,15.71030044555664,15.71030044555664,15.739999771118164,15.710000038146973,15.739999771118164,3952.0
2024-08-01 14:24:00,LNT,56.47999954223633,56.47999954223633,56.47999954223633,56.470001220703125,56.470001220703125,2387.0
2024-08-01 14:24:00,MNTK,5.699999809265137,5.699999809265137,5.699999809265137,5.699999809265137,5.699999809265137,757.0
2024-08-01 14:24:00,MSEX,65.16000366210938,65.16000366210938,65.18000030517578,65.16000366210938,65.18000030517578,1089.0
2024-08-01 14:24:00,NFE,18.700000762939453,18.700000762939453,18.700000762939453,18.690000534057617,18.690000534057617,6453.0
2024-08-01 14:24:00,OPAL,4.0,4.0,4.0,4.0,4.0,8011.0
2024-08-01 14:24:00,RNW,5.96999979019165,5.96999979019165,5.96999979019165,5.96999979019165,5.96999979019165,326.0
2024-08-01 14:24:00,XEL,58.51499938964844,58.51499938964844,58.52000045776367,58.470001220703125,58.52000045776367,7378.0
2024-08-01 14:25:00,AEP,100.51000213623047,100.51000213623047,100.54000091552734,100.5,100.54000091552734,3313.0
2024-08-01 14:25:00,CEG,177.7899932861328,177.7899932861328,178.00999450683594,177.7899932861328,178.00999450683594,761.0
2024-08-01 14:25:00,EXC,38.005001068115234,38.005001068115234,38.0099983215332,37.9900016784668,37.9900016784668,4956.0
2024-08-01 14:25:00,FLNC,15.6899995803833,15.6899995803833,15.694999694824219,15.6899995803833,15.694999694824219,329.0
2024-08-01 14:25:00,HTOO,0.7990000247955322,0.7990000247955322,0.7990000247955322,0.7990000247955322,0.7990000247955322,49878.0
2024-08-01 14:25:00,LNT,56.46500015258789,56.46500015258789,56.470001220703125,56.46500015258789,56.470001220703125,1040.0
2024-08-01 14:25:00,MGEE,88.67500305175781,88.67500305175781,88.67500305175781,88.61000061035156,88.61000061035156,1017.0
2024-08-01 14:25:00,NFE,18.670000076293945,18.670000076293945,18.700000762939453,18.65999984741211,18.700000762939453,19282.0
2024-08-01 14:25:00,NWE,53.4900016784668,53.4900016784668,53.4900016784668,53.4900016784668,53.4900016784668,1729.0
2024-08-01 14:25:00,OPAL,4.0,4.0,4.0,4.0,4.0,837.0
2024-08-01 14:25:00,XEL,58.4900016784668,58.4900016784668,58.5,58.47999954223633,58.5,3954.0
2024-08-01 14:26:00,AEP,100.66500091552734,100.66500091552734,100.66500091552734,100.55000305175781,100.55000305175781,4066.0
2024-08-01 14:26:00,AY,22.125,22.125,22.125,22.125,22.125,213.0
2024-08-01 14:26:00,CEG,177.85499572753906,177.85499572753906,177.89999389648438,177.77999877929688,177.8000030517578,2101.0
2024-08-01 14:26:00,EXC,38.0,38.0,38.02000045776367,38.0,38.005001068115234,7796.0
2024-08-01 14:26:00,FLNC,15.710000038146973,15.710000038146973,15.720000267028809,15.680000305175781,15.6850004196167,3819.0
2024-08-01 14:26:00,HTOO,0.800000011920929,0.800000011920929,0.800000011920929,0.800000011920929,0.800000011920929,0.0
2024-08-01 14:26:00,LNT,56.474998474121094,56.474998474121094,56.474998474121094,56.470001220703125,56.470001220703125,1299.0
2024-08-01 14:26:00,NFE,18.68000030517578,18.68000030517578,18.690000534057617,18.65999984741211,18.66010093688965,23883.0
2024-08-01 14:26:00,RNW,5.965000152587891,5.965000152587891,5.96999979019165,5.965000152587891,5.96999979019165,2790.0
2024-08-01 14:26:00,XEL,58.520301818847656,58.520301818847656,58.525001525878906,58.5,58.5,1544.0
2024-08-01 14:27:00,AEP,100.66999816894531,100.66999816894531,100.69000244140625,100.61000061035156,100.65029907226562,5510.0
2024-08-01 14:27:00,AY,22.125,22.125,22.1299991607666,22.123300552368164,22.1299991607666,8994.0
2024-08-01 14:27:00,CEG,177.85499572753906,177.85499572753906,177.9600067138672,177.66000366210938,177.6999969482422,3955.0
2024-08-01 14:27:00,EXC,38.0099983215332,38.0099983215332,38.0099983215332,38.003501892089844,38.0099983215332,5424.0
2024-08-01 14:27:00,FLNC,15.699999809265137,15.699999809265137,15.699999809265137,15.699999809265137,15.699999809265137,557.0
2024-08-01 14:27:00,LNT,56.470001220703125,56.470001220703125,56.470001220703125,56.459999084472656,56.470001220703125,3311.0
2024-08-01 14:27:00,NFE,18.68000030517578,18.68000030517578,18.68000030517578,18.673099517822266,18.673099517822266,1561.0
2024-08-01 14:27:00,OPAL,4.0,4.0,4.0,4.0,4.0,22775.0
2024-08-01 14:27:00,RNW,5.965000152587891,5.965000152587891,5.965000152587891,5.965000152587891,5.965000152587891,1.0
2024-08-01 14:27:00,XEL,58.540000915527344,58.540000915527344,58.540000915527344,58.5,58.53499984741211,6850.0
2024-08-01 14:28:00,AEP,100.66899871826172,100.66899871826172,100.74500274658203,100.6500015258789,100.68099975585938,7034.0
2024-08-01 14:28:00,AY,22.125,22.125,22.125,22.125,22.125,253.0
2024-08-01 14:28:00,CEG,177.72999572753906,177.72999572753906,177.85499572753906,177.27999877929688,177.85499572753906,5420.0
2024-08-01 14:28:00,EXC,38.0099983215332,38.0099983215332,38.03499984741211,38.0099983215332,38.01499938964844,6460.0
2024-08-01 14:28:00,FLNC,15.739999771118164,15.739999771118164,15.739999771118164,15.699999809265137,15.710000038146973,12554.0
2024-08-01 14:28:00,MGEE,88.55000305175781,88.55000305175781,88.55000305175781,88.55000305175781,88.55000305175781,670.0
2024-08-01 14:28:00,NFE,18.690000534057617,18.690000534057617,18.690000534057617,18.65999984741211,18.68000030517578,6689.0
2024-08-01 14:28:00,RNW,5.965000152587891,5.965000152587891,5.965000152587891,5.960000038146973,5.960000038146973,412.0
2024-08-01 14:28:00,XEL,58.54999923706055,58.54999923706055,58.56330108642578,58.52000045776367,58.529998779296875,4925.0
2024-08-01 14:29:00,AEP,100.66000366210938,100.66000366210938,100.66000366210938,100.6500015258789,100.6500015258789,1634.0
2024-08-01 14:29:00,CEG,177.65499877929688,177.65499877929688,177.7899932861328,177.58999633789062,177.6300048828125,2904.0
2024-08-01 14:29:00,EXC,38.02000045776367,38.02000045776367,38.02000045776367,38.01499938964844,38.01499938964844,1440.0
2024-08-01 14:29:00,FLNC,15.739999771118164,15.739999771118164,15.765000343322754,15.739999771118164,15.75,3330.0
2024-08-01 14:29:00,LNT,56.45000076293945,56.45000076293945,56.46500015258789,56.45000076293945,56.46500015258789,2284.0
2024-08-01 14:29:00,MSEX,65.16000366210938,65.16000366210938,65.16000366210938,65.16000366210938,65.16000366210938,147.0
2024-08-01 14:29:00,NFE,18.68000030517578,18.68000030517578,18.700000762939453,18.68000030517578,18.700000762939453,2251.0
2024-08-01 14:29:00,RNW,5.965000152587891,5.965000152587891,5.965000152587891,5.965000152587891,5.965000152587891,128.0
2024-08-01 14:29:00,XEL,58.529998779296875,58.529998779296875,58.540000915527344,58.5,58.540000915527344,5152.0
2024-08-01 14:30:00,AEP,100.55000305175781,100.55000305175781,100.63999938964844,100.55000305175781,100.63999938964844,4688.0
2024-08-01 14:30:00,ARTNA,38.86000061035156,38.86000061035156,38.98500061035156,38.849998474121094,38.98500061035156,3299.0
2024-08-01 14:30:00,AY,22.125,22.125,22.125,22.125,22.125,259.0
2024-08-01 14:30:00,CEG,177.5449981689453,177.5449981689453,177.65499877929688,177.39999389648438,177.65499877929688,1369.0
2024-08-01 14:30:00,EXC,38.0,38.0,38.0099983215332,37.98500061035156,38.0099983215332,3757.0
2024-08-01 14:30:00,FLNC,15.739999771118164,15.739999771118164,15.75,15.739999771118164,15.739999771118164,1593.0
2024-08-01 14:30:00,LNT,56.45000076293945,56.45000076293945,56.45000076293945,56.41999816894531,56.439998626708984,3391.0
2024-08-01 14:30:00,MGEE,88.54000091552734,88.54000091552734,88.54000091552734,88.5199966430664,88.5199966430664,277.0
2024-08-01 14:30:00,MNTK,5.690000057220459,5.690000057220459,5.690000057220459,5.690000057220459,5.690000057220459,366.0
2024-08-01 14:30:00,NFE,18.68000030517578,18.68000030517578,18.684999465942383,18.68000030517578,18.68000030517578,1580.0
2024-08-01 14:30:00,NWE,53.470001220703125,53.470001220703125,53.470001220703125,53.470001220703125,53.470001220703125,530.0
2024-08-01 14:30:00,XEL,58.4828987121582,58.4828987121582,58.540000915527344,58.47999954223633,58.529998779296875,5212.0
2024-08-01 14:31:00,AEP,100.5199966430664,100.5199966430664,100.58000183105469,100.5199966430664,100.56999969482422,6438.0
2024-08-01 14:31:00,AY,22.125,22.125,22.125,22.123899459838867,22.125,671.0
2024-08-01 14:31:00,CDZI,3.5199999809265137,3.5199999809265137,3.5199999809265137,3.5199999809265137,3.5199999809265137,110.0
2024-08-01 14:31:00,CEG,177.5399932861328,177.5399932861328,177.5399932861328,177.3800048828125,177.39999389648438,1859.0
2024-08-01 14:31:00,EXC,38.0099983215332,38.0099983215332,38.0099983215332,38.0,38.005001068115234,1901.0
2024-08-01 14:31:00,FLNC,15.739999771118164,15.739999771118164,15.75,15.720000267028809,15.739999771118164,8731.0
2024-08-01 14:31:00,LNT,56.46500015258789,56.46500015258789,56.470001220703125,56.45000076293945,56.459999084472656,3316.0
2024-08-01 14:31:00,MGEE,88.54609680175781,88.54609680175781,88.54609680175781,88.54609680175781,88.54609680175781,636.0
2024-08-01 14:31:00,NFE,18.690000534057617,18.690000534057617,18.690000534057617,18.65999984741211,18.68000030517578,13551.0
2024-08-01 14:31:00,OTTR,94.9000015258789,94.9000015258789,94.9000015258789,94.9000015258789,94.9000015258789,419.0
2024-08-01 14:31:00,RNW,5.954999923706055,5.954999923706055,5.960000038146973,5.954999923706055,5.960000038146973,1578.0
2024-08-01 14:31:00,XEL,58.5099983215332,58.5099983215332,58.52000045776367,58.4900016784668,58.4900016784668,2453.0
2024-08-01 14:32:00,AEP,100.55999755859375,100.55999755859375,100.56999969482422,100.52999877929688,100.55989837646484,6556.0
2024-08-01 14:32:00,ARTNA,38.779998779296875,38.779998779296875,38.81999969482422,38.779998779296875,38.81999969482422,524.0
2024-08-01 14:32:00,AY,22.125,22.125,22.125,22.125,22.125,452.0
2024-08-01 14:32:00,CEG,177.59500122070312,177.59500122070312,177.67999267578125,177.47999572753906,177.5399932861328,3312.0
2024-08-01 14:32:00,EXC,38.029998779296875,38.029998779296875,38.029998779296875,38.010101318359375,38.010101318359375,3275.0
2024-08-01 14:32:00,FLNC,15.760000228881836,15.760000228881836,15.760000228881836,15.739999771118164,15.75,3872.0
2024-08-01 14:32:00,LNT,56.470001220703125,56.470001220703125,56.470001220703125,56.470001220703125,56.470001220703125,1166.0
2024-08-01 14:32:00,NFE,18.670000076293945,18.670000076293945,18.690000534057617,18.670000076293945,18.670000076293945,5922.0
2024-08-01 14:32:00,RNW,5.954999923706055,5.954999923706055,5.954999923706055,5.954999923706055,5.954999923706055,419.0
2024-08-01 14:32:00,XEL,58.58000183105469,58.58000183105469,58.584999084472656,58.4900016784668,58.5099983215332,7761.0
2024-08-01 14:32:00,YORW,41.11000061035156,41.11000061035156,41.11000061035156,41.11000061035156,41.11000061035156,452.0
2024-08-01 14:33:00,AEP,100.6500015258789,100.6500015258789,100.69000244140625,100.62000274658203,100.62000274658203,12427.0
2024-08-01 14:33:00,ARTNA,38.779998779296875,38.779998779296875,38.779998779296875,38.779998779296875,38.779998779296875,345.0
2024-08-01 14:33:00,CDZI,3.5199999809265137,3.5199999809265137,3.5199999809265137,3.5199999809265137,3.5199999809265137,264.0
2024-08-01 14:33:00,CEG,177.69000244140625,177.69000244140625,177.76499938964844,177.50999450683594,177.5850067138672,4667.0
2024-08-01 14:33:00,EXC,38.03499984741211,38.03499984741211,38.04999923706055,38.03499984741211,38.04999923706055,3401.0
2024-08-01 14:33:00,FLNC,15.729999542236328,15.729999542236328,15.760000228881836,15.720000267028809,15.744999885559082,11172.0
2024-08-01 14:33:00,LNT,56.4900016784668,56.4900016784668,56.4900016784668,56.47999954223633,56.47999954223633,1549.0
2024-08-01 14:33:00,MSEX,65.26499938964844,65.26499938964844,65.26499938964844,65.26499938964844,65.26499938964844,137.0
2024-08-01 14:33:00,NFE,18.65999984741211,18.65999984741211,18.68000030517578,18.65999984741211,18.670000076293945,3389.0
2024-08-01 14:33:00,NWE,53.439998626708984,53.439998626708984,53.459999084472656,53.439998626708984,53.459999084472656,324.0
2024-08-01 14:33:00,OTTR,95.01000213623047,95.01000213623047,95.01000213623047,95.01000213623047,95.01000213623047,636.0
2024-08-01 14:33:00,RNW,5.949999809265137,5.949999809265137,5.954999923706055,5.949999809265137,5.954999923706055,1518.0
2024-08-01 14:33:00,WAVE,3.0,3.0,3.0,3.0,3.0,1016.0
2024-08-01 14:33:00,XEL,58.57379913330078,58.57379913330078,58.58000183105469,58.56999969482422,58.58000183105469,1880.0
2024-08-01 14:34:00,AEP,100.66000366210938,100.66000366210938,100.66000366210938,100.62000274658203,100.6500015258789,4538.0
2024-08-01 14:34:00,AY,22.125,22.125,22.125,22.125,22.125,120.0
2024-08-01 14:34:00,CEG,177.53500366210938,177.53500366210938,177.82000732421875,177.52999877929688,177.64999389648438,2758.0
2024-08-01 14:34:00,EXC,38.03499984741211,38.03499984741211,38.040000915527344,38.029998779296875,38.03499984741211,6590.0
2024-08-01 14:34:00,FLNC,15.710000038146973,15.710000038146973,15.739999771118164,15.710000038146973,15.720000267028809,6261.0
2024-08-01 14:34:00,LNT,56.470001220703125,56.470001220703125,56.490299224853516,56.470001220703125,56.490299224853516,2181.0
2024-08-01 14:34:00,MSEX,65.1500015258789,65.1500015258789,65.1500015258789,65.1500015258789,65.1500015258789,291.0
2024-08-01 14:34:00,NFE,18.670000076293945,18.670000076293945,18.700000762939453,18.6697998046875,18.6697998046875,8258.0
2024-08-01 14:34:00,RNW,5.945000171661377,5.945000171661377,5.945000171661377,5.945000171661377,5.945000171661377,200.0
2024-08-01 14:34:00,XEL,58.58000183105469,58.58000183105469,58.58000183105469,58.529998779296875,58.56999969482422,8030.0
2024-08-01 14:35:00,AEP,100.70500183105469,100.70500183105469,100.70500183105469,100.65589904785156,100.65589904785156,3276.0
2024-08-01 14:35:00,AY,22.125,22.125,22.125,22.125,22.125,226.0
2024-08-01 14:35:00,CEG,177.75,177.75,177.75,177.53500366210938,177.5800018310547,4211.0
2024-08-01 14:35:00,EXC,38.03580093383789,38.03580093383789,38.040000915527344,38.025001525878906,38.03499984741211,3665.0
2024-08-01 14:35:00,FLNC,15.720000267028809,15.720000267028809,15.720000267028809,15.720000267028809,15.720000267028809,2446.0
2024-08-01 14:35:00,LNT,56.47999954223633,56.47999954223633,56.47999954223633,56.474998474121094,56.474998474121094,1349.0
2024-08-01 14:35:00,NFE,18.700000762939453,18.700000762939453,18.700000762939453,18.67970085144043,18.67970085144043,2936.0
2024-08-01 14:35:00,NWE,53.439998626708984,53.439998626708984,53.439998626708984,53.439998626708984,53.439998626708984,348.0
2024-08-01 14:35:00,RNW,5.945000171661377,5.945000171661377,5.949999809265137,5.945000171661377,5.949999809265137,311.0
2024-08-01 14:35:00,XEL,58.58000183105469,58.58000183105469,58.58000183105469,58.540000915527344,58.56999969482422,4055.0
2024-08-01 14:36:00,AEP,100.71499633789062,100.71499633789062,100.75,100.70999908447266,100.72000122070312,8961.0
2024-08-01 14:36:00,AY,22.125,22.125,22.125,22.121700286865234,22.121700286865234,468.0
2024-08-01 14:36:00,CEG,177.52499389648438,177.52499389648438,177.8199005126953,177.52499389648438,177.75,4412.0
2024-08-01 14:36:00,EXC,38.025001525878906,38.025001525878906,38.03499984741211,38.025001525878906,38.029998779296875,3484.0
2024-08-01 14:36:00,FLNC,15.729999542236328,15.729999542236328,15.729999542236328,15.710000038146973,15.720000267028809,3102.0
2024-08-01 14:36:00,LNT,56.474998474121094,56.474998474121094,56.505001068115234,56.474998474121094,56.5,1599.0
2024-08-01 14:36:00,MSEX,65.0999984741211,65.0999984741211,65.12999725341797,65.0999984741211,65.12999725341797,654.0
2024-08-01 14:36:00,NFE,18.689300537109375,18.689300537109375,18.689300537109375,18.689300537109375,18.689300537109375,277.0
2024-08-01 14:36:00,NWE,53.439998626708984,53.439998626708984,53.47999954223633,53.439998626708984,53.47999954223633,462.0
2024-08-01 14:36:00,PCYO,10.550000190734863,10.550000190734863,10.550000190734863,10.550000190734863,10.550000190734863,594.0
2024-08-01 14:36:00,RNW,5.945000171661377,5.945000171661377,5.949999809265137,5.945000171661377,5.949999809265137,408.0
2024-08-01 14:36:00,XEL,58.57500076293945,58.57500076293945,58.57500076293945,58.56999969482422,58.56999969482422,928.0
2024-08-01 14:37:00,AEP,100.69999694824219,100.69999694824219,100.72000122070312,100.66999816894531,100.72000122070312,11245.0
2024-08-01 14:37:00,CEG,177.5500030517578,177.5500030517578,177.8699951171875,177.49000549316406,177.49000549316406,7820.0
2024-08-01 14:37:00,EXC,38.0,38.0,38.025001525878906,38.0,38.025001525878906,4574.0
2024-08-01 14:37:00,FLNC,15.734999656677246,15.734999656677246,15.739999771118164,15.729999542236328,15.729999542236328,1665.0
2024-08-01 14:37:00,LNT,56.439998626708984,56.439998626708984,56.474998474121094,56.439998626708984,56.474998474121094,19281.0
2024-08-01 14:37:00,MNTK,5.679999828338623,5.679999828338623,5.690000057220459,5.679999828338623,5.690000057220459,453.0
2024-08-01 14:37:00,MSEX,65.04000091552734,65.04000091552734,65.04000091552734,64.94499969482422,64.94499969482422,1557.0
2024-08-01 14:37:00,NFE,18.68000030517578,18.68000030517578,18.688600540161133,18.67009925842285,18.67009925842285,1671.0
2024-08-01 14:37:00,NWE,53.459999084472656,53.459999084472656,53.459999084472656,53.45000076293945,53.45000076293945,1062.0
2024-08-01 14:37:00,RNW,5.949999809265137,5.949999809265137,5.949999809265137,5.945000171661377,5.945000171661377,245.0
2024-08-01 14:37:00,XEL,58.4900016784668,58.4900016784668,58.56999969482422,58.4900016784668,58.56999969482422,3317.0
2024-08-01 14:38:00,AEP,100.66000366210938,100.66000366210938,100.69999694824219,100.6500015258789,100.69999694824219,12024.0
2024-08-01 14:38:00,AY,22.125,22.125,22.125,22.125,22.125,504.0
2024-08-01 14:38:00,CEG,177.44000244140625,177.44000244140625,177.82000732421875,177.3800048828125,177.58999633789062,12334.0
2024-08-01 14:38:00,EXC,37.98500061035156,37.98500061035156,37.9900016784668,37.97999954223633,37.9900016784668,2420.0
2024-08-01 14:38:00,FLNC,15.755000114440918,15.755000114440918,15.755000114440918,15.734999656677246,15.739999771118164,3928.0
2024-08-01 14:38:00,LNT,56.435001373291016,56.435001373291016,56.45000076293945,56.435001373291016,56.439998626708984,2934.0
2024-08-01 14:38:00,MNTK,5.690000057220459,5.690000057220459,5.690000057220459,5.688499927520752,5.688499927520752,714.0
2024-08-01 14:38:00,NFE,18.690000534057617,18.690000534057617,18.690000534057617,18.670000076293945,18.68000030517578,2492.0
2024-08-01 14:38:00,NWE,53.43000030517578,53.43000030517578,53.43000030517578,53.43000030517578,53.43000030517578,262.0
2024-08-01 14:38:00,XEL,58.439998626708984,58.439998626708984,58.4900016784668,58.439998626708984,58.483001708984375,15371.0
2024-08-01 14:39:00,AEP,100.6780014038086,100.6780014038086,100.68000030517578,100.6500015258789,100.6500015258789,4533.0
2024-08-01 14:39:00,AY,22.125,22.125,22.125,22.125,22.125,470.0
2024-08-01 14:39:00,CEG,177.27999877929688,177.27999877929688,177.52000427246094,177.25,177.52000427246094,4405.0
2024-08-01 14:39:00,EXC,37.974998474121094,37.974998474121094,37.98500061035156,37.974998474121094,37.97999954223633,4776.0
2024-08-01 14:39:00,FLNC,15.75,15.75,15.75,15.739999771118164,15.75,7852.0
2024-08-01 14:39:00,LNT,56.43009948730469,56.43009948730469,56.439998626708984,56.43009948730469,56.435001373291016,1725.0
2024-08-01 14:39:00,MNTK,5.690000057220459,5.690000057220459,5.690000057220459,5.690000057220459,5.690000057220459,651.0
2024-08-01 14:39:00,MSEX,65.13999938964844,65.13999938964844,65.13999938964844,65.13999938964844,65.13999938964844,328.0
2024-08-01 14:39:00,NFE,18.68000030517578,18.68000030517578,18.690000534057617,18.670000076293945,18.690000534057617,8166.0
2024-08-01 14:39:00,NWE,53.43000030517578,53.43000030517578,53.43000030517578,53.43000030517578,53.43000030517578,453.0
2024-08-01 14:39:00,OTTR,94.81999969482422,94.81999969482422,94.94999694824219,94.81999969482422,94.94999694824219,2230.0
2024-08-01 14:39:00,XEL,58.5,58.5,58.5,58.459999084472656,58.470001220703125,2932.0
2024-08-01 14:40:00,AEP,100.73500061035156,100.73500061035156,100.76000213623047,100.65499877929688,100.66999816894531,7743.0
2024-08-01 14:40:00,CEG,177.49000549316406,177.49000549316406,177.50999450683594,177.1300048828125,177.27999877929688,12665.0
2024-08-01 14:40:00,EXC,37.970001220703125,37.970001220703125,37.974998474121094,37.96500015258789,37.970001220703125,5532.0
2024-08-01 14:40:00,FLNC,15.739999771118164,15.739999771118164,15.755000114440918,15.739999771118164,15.75,2204.0
2024-08-01 14:40:00,LNT,56.45000076293945,56.45000076293945,56.45000076293945,56.43000030517578,56.439998626708984,2914.0
2024-08-01 14:40:00,MSEX,65.05000305175781,65.05000305175781,65.05000305175781,65.05000305175781,65.05000305175781,378.0
2024-08-01 14:40:00,NFE,18.670000076293945,18.670000076293945,18.690000534057617,18.670000076293945,18.68000030517578,9627.0
2024-08-01 14:40:00,OPAL,3.9800000190734863,3.9800000190734863,3.9800000190734863,3.9800000190734863,3.9800000190734863,0.0
2024-08-01 14:40:00,RNW,5.945000171661377,5.945000171661377,5.945000171661377,5.945000171661377,5.945000171661377,407.0
2024-08-01 14:40:00,XEL,58.5,58.5,58.5,58.459999084472656,58.47999954223633,6120.0
2024-08-01 14:41:00,AEP,100.66500091552734,100.66500091552734,100.72000122070312,100.625,100.72000122070312,6905.0
2024-08-01 14:41:00,ARTNA,38.65999984741211,38.65999984741211,38.65999984741211,38.650001525878906,38.650001525878906,481.0
2024-08-01 14:41:00,CEG,177.52040100097656,177.52040100097656,177.6199951171875,177.25,177.49000549316406,29061.0
2024-08-01 14:41:00,CWCO,28.110000610351562,28.110000610351562,28.110000610351562,28.110000610351562,28.110000610351562,2073.0
2024-08-01 14:41:00,EXC,37.96500015258789,37.96500015258789,37.97999954223633,37.96500015258789,37.974998474121094,3182.0
2024-08-01 14:41:00,FLNC,15.729999542236328,15.729999542236328,15.75,15.729999542236328,15.739999771118164,3363.0
2024-08-01 14:41:00,LNT,56.45000076293945,56.45000076293945,56.45000076293945,56.45000076293945,56.45000076293945,642.0
2024-08-01 14:41:00,MGEE,88.62999725341797,88.62999725341797,88.62999725341797,88.62999725341797,88.62999725341797,312.0
2024-08-01 14:41:00,MSEX,65.0,65.0,65.0,65.0,65.0,450.0
2024-08-01 14:41:00,NFE,18.645000457763672,18.645000457763672,18.68000030517578,18.645000457763672,18.68000030517578,5922.0
2024-08-01 14:41:00,NWE,53.400001525878906,53.400001525878906,53.40999984741211,53.400001525878906,53.40999984741211,721.0
2024-08-01 14:41:00,RNW,5.945000171661377,5.945000171661377,5.949999809265137,5.945000171661377,5.945000171661377,939.0
2024-08-01 14:41:00,XEL,58.51499938964844,58.51499938964844,58.53499984741211,58.505001068115234,58.53499984741211,4028.0
2024-08-01 14:41:00,YORW,40.95000076293945,40.95000076293945,40.95000076293945,40.95000076293945,40.95000076293945,623.0
2024-08-01 14:42:00,AEP,100.66999816894531,100.66999816894531,100.68000030517578,100.63999938964844,100.68000030517578,4149.0
2024-08-01 14:42:00,AY,22.125,22.125,22.125,22.125,22.125,1408.0
2024-08-01 14:42:00,CEG,177.14999389648438,177.14999389648438,177.4199981689453,176.88999938964844,177.4199981689453,13437.0
2024-08-01 14:42:00,EXC,37.94499969482422,37.94499969482422,37.96500015258789,37.94499969482422,37.96500015258789,5554.0
2024-08-01 14:42:00,FLNC,15.744999885559082,15.744999885559082,15.744999885559082,15.699999809265137,15.729999542236328,11472.0
2024-08-01 14:42:00,LNT,56.435001373291016,56.435001373291016,56.459999084472656,56.435001373291016,56.439998626708984,1310.0
2024-08-01 14:42:00,MGEE,88.56999969482422,88.56999969482422,88.56999969482422,88.56999969482422,88.56999969482422,761.0
2024-08-01 14:42:00,MSEX,64.94000244140625,64.94000244140625,64.94000244140625,64.94000244140625,64.94000244140625,226.0
2024-08-01 14:42:00,NFE,18.636899948120117,18.636899948120117,18.670000076293945,18.6299991607666,18.639999389648438,10517.0
2024-08-01 14:42:00,NWE,53.459999084472656,53.459999084472656,53.459999084472656,53.400001525878906,53.400001525878906,2045.0
2024-08-01 14:42:00,XEL,58.5099983215332,58.5099983215332,58.5099983215332,58.5099983215332,58.5099983215332,336.0
2024-08-01 14:43:00,AEP,100.65989685058594,100.65989685058594,100.66500091552734,100.5999984741211,100.66500091552734,10553.0
2024-08-01 14:43:00,AY,22.125,22.125,22.125,22.125,22.125,411.0
2024-08-01 14:43:00,CDZI,3.5199999809265137,3.5199999809265137,3.5199999809265137,3.5199999809265137,3.5199999809265137,200.0
2024-08-01 14:43:00,CEG,177.07000732421875,177.07000732421875,177.41000366210938,177.07000732421875,177.19000244140625,6897.0
2024-08-01 14:43:00,EXC,37.935001373291016,37.935001373291016,37.95500183105469,37.93000030517578,37.95500183105469,5020.0
2024-08-01 14:43:00,FLNC,15.744999885559082,15.744999885559082,15.75,15.739999771118164,15.739999771118164,3089.0
2024-08-01 14:43:00,LNT,56.42499923706055,56.42499923706055,56.45000076293945,56.42499923706055,56.45000076293945,1729.0
2024-08-01 14:43:00,MNTK,5.690000057220459,5.690000057220459,5.690000057220459,5.679999828338623,5.679999828338623,456.0
2024-08-01 14:43:00,NFE,18.6200008392334,18.6200008392334,18.6299991607666,18.610000610351562,18.6299991607666,4754.0
2024-08-01 14:43:00,NWE,53.40999984741211,53.40999984741211,53.43000030517578,53.40999984741211,53.43000030517578,752.0
2024-08-01 14:43:00,OPAL,3.9800000190734863,3.9800000190734863,3.9800000190734863,3.9800000190734863,3.9800000190734863,1278.0
2024-08-01 14:43:00,PCYO,10.520000457763672,10.520000457763672,10.520000457763672,10.520000457763672,10.520000457763672,200.0
2024-08-01 14:43:00,RNW,5.945000171661377,5.945000171661377,5.945000171661377,5.945000171661377,5.945000171661377,324.0
2024-08-01 14:43:00,XEL,58.540000915527344,58.540000915527344,58.540000915527344,58.5,58.5,6571.0
2024-08-01 14:44:00,AEP,100.57499694824219,100.57499694824219,100.63999938964844,100.56999969482422,100.63999938964844,4920.0
2024-08-01 14:44:00,AY,22.125,22.125,22.125,22.125,22.125,208.0
2024-08-01 14:44:00,CDZI,3.5199999809265137,3.5199999809265137,3.5199999809265137,3.5199999809265137,3.5199999809265137,330.0
2024-08-01 14:44:00,CEG,177.07000732421875,177.07000732421875,177.18499755859375,176.97999572753906,177.18499755859375,2558.0
2024-08-01 14:44:00,EXC,37.935001373291016,37.935001373291016,37.939998626708984,37.935001373291016,37.935001373291016,3235.0
2024-08-01 14:44:00,FLNC,15.720000267028809,15.720000267028809,15.720000267028809,15.704999923706055,15.710000038146973,5233.0
2024-08-01 14:44:00,LNT,56.404998779296875,56.404998779296875,56.41999816894531,56.404998779296875,56.41999816894531,1344.0
2024-08-01 14:44:00,MNTK,5.670000076293945,5.670000076293945,5.670000076293945,5.670000076293945,5.670000076293945,835.0
2024-08-01 14:44:00,MSEX,64.98750305175781,64.98750305175781,64.98750305175781,64.93000030517578,64.93000030517578,848.0
2024-08-01 14:44:00,NFE,18.56999969482422,18.56999969482422,18.6200008392334,18.56999969482422,18.6200008392334,2340.0
2024-08-01 14:44:00,NWE,53.3849983215332,53.3849983215332,53.3849983215332,53.3849983215332,53.3849983215332,355.0
2024-08-01 14:44:00,PCYO,10.510000228881836,10.510000228881836,10.510000228881836,10.510000228881836,10.510000228881836,486.0
2024-08-01 14:44:00,XEL,58.540000915527344,58.540000915527344,58.54999923706055,58.529998779296875,58.529998779296875,6205.0
2024-08-01 14:45:00,AEP,100.6050033569336,100.6050033569336,100.62000274658203,100.56999969482422,100.57499694824219,13788.0
2024-08-01 14:45:00,ARTNA,38.54999923706055,38.54999923706055,38.54999923706055,38.54999923706055,38.54999923706055,483.0
2024-08-01 14:45:00,CEG,177.14999389648438,177.14999389648438,177.17990112304688,177.02000427246094,177.05999755859375,1668.0
2024-08-01 14:45:00,EXC,37.935001373291016,37.935001373291016,37.935001373291016,37.935001373291016,37.935001373291016,1600.0
2024-08-01 14:45:00,FLNC,15.699999809265137,15.699999809265137,15.720000267028809,15.699999809265137,15.710000038146973,11238.0
2024-08-01 14:45:00,LNT,56.40999984741211,56.40999984741211,56.40999984741211,56.400001525878906,56.40999984741211,1900.0
2024-08-01 14:45:00,MNTK,5.679999828338623,5.679999828338623,5.679999828338623,5.679999828338623,5.679999828338623,409.0
2024-08-01 14:45:00,NFE,18.579999923706055,18.579999923706055,18.579999923706055,18.56999969482422,18.56999969482422,1534.0
2024-08-01 14:45:00,RNW,5.945000171661377,5.945000171661377,5.945000171661377,5.945000171661377,5.945000171661377,102.0
2024-08-01 14:45:00,XEL,58.529998779296875,58.529998779296875,58.529998779296875,58.529998779296875,58.529998779296875,3591.0
2024-08-01 14:46:00,AEP,100.5999984741211,100.5999984741211,100.63999938964844,100.5999984741211,100.63999938964844,3870.0
2024-08-01 14:46:00,AY,22.125,22.125,22.125,22.125,22.125,448.0
2024-08-01 14:46:00,CEG,177.05499267578125,177.05499267578125,177.16000366210938,176.97000122070312,177.16000366210938,5177.0
2024-08-01 14:46:00,EXC,37.939998626708984,37.939998626708984,37.95500183105469,37.935001373291016,37.935001373291016,7200.0
2024-08-01 14:46:00,FLNC,15.729999542236328,15.729999542236328,15.729999542236328,15.699999809265137,15.699999809265137,3925.0
2024-08-01 14:46:00,LNT,56.404998779296875,56.404998779296875,56.41999816894531,56.400001525878906,56.40999984741211,4598.0
2024-08-01 14:46:00,NFE,18.600000381469727,18.600000381469727,18.600000381469727,18.559999465942383,18.579999923706055,8186.0
2024-08-01 14:46:00,NWE,53.40999984741211,53.40999984741211,53.40999984741211,53.400001525878906,53.400001525878906,1623.0
2024-08-01 14:46:00,OPAL,3.950000047683716,3.950000047683716,3.950000047683716,3.950000047683716,3.950000047683716,405.0
2024-08-01 14:46:00,RNW,5.949999809265137,5.949999809265137,5.949999809265137,5.949999809265137,5.949999809265137,220.0
2024-08-01 14:46:00,XEL,58.529998779296875,58.529998779296875,58.540000915527344,58.52000045776367,58.529998779296875,6202.0
2024-08-01 14:47:00,AEP,100.5999984741211,100.5999984741211,100.62000274658203,100.58000183105469,100.6050033569336,5356.0
2024-08-01 14:47:00,AY,22.125,22.125,22.125,22.123199462890625,22.125,791.0
2024-08-01 14:47:00,CDZI,3.5199999809265137,3.5199999809265137,3.5199999809265137,3.5199999809265137,3.5199999809265137,1127.0
2024-08-01 14:47:00,CEG,177.02999877929688,177.02999877929688,177.1300048828125,177.02999877929688,177.05499267578125,2600.0
2024-08-01 14:47:00,CREG,0.9104999899864197,0.9104999899864197,0.9104999899864197,0.9104999899864197,0.9104999899864197,13063.0
2024-08-01 14:47:00,EXC,37.95000076293945,37.95000076293945,37.95000076293945,37.939998626708984,37.94499969482422,2792.0
2024-08-01 14:47:00,FLNC,15.720000267028809,15.720000267028809,15.729999542236328,15.720000267028809,15.720000267028809,3558.0
2024-08-01 14:47:00,LNT,56.404998779296875,56.404998779296875,56.415000915527344,56.404998779296875,56.404998779296875,1927.0
2024-08-01 14:47:00,MGEE,88.44999694824219,88.44999694824219,88.44999694824219,88.44999694824219,88.44999694824219,793.0
2024-08-01 14:47:00,MSEX,64.8499984741211,64.8499984741211,64.8499984741211,64.8499984741211,64.8499984741211,814.0
2024-08-01 14:47:00,NFE,18.59000015258789,18.59000015258789,18.596599578857422,18.59000015258789,18.596599578857422,2427.0
2024-08-01 14:47:00,RNW,5.949999809265137,5.949999809265137,5.949999809265137,5.945000171661377,5.945000171661377,473.0
2024-08-01 14:47:00,XEL,58.54999923706055,58.54999923706055,58.54999923706055,58.53730010986328,58.540000915527344,3022.0
2024-08-01 14:48:00,AEP,100.5802993774414,100.5802993774414,100.6500015258789,100.5802993774414,100.63999938964844,3887.0
2024-08-01 14:48:00,CEG,177.4600067138672,177.4600067138672,177.4600067138672,176.8800048828125,176.99000549316406,9167.0
2024-08-01 14:48:00,EXC,37.96500015258789,37.96500015258789,37.970001220703125,37.95240020751953,37.95500183105469,10196.0
2024-08-01 14:48:00,FLNC,15.755000114440918,15.755000114440918,15.770000457763672,15.720000267028809,15.729999542236328,13985.0
2024-08-01 14:48:00,LNT,56.400001525878906,56.400001525878906,56.40999984741211,56.380001068115234,56.404998779296875,3646.0
2024-08-01 14:48:00,NFE,18.59000015258789,18.59000015258789,18.59320068359375,18.59000015258789,18.59320068359375,554.0
2024-08-01 14:48:00,NWE,53.40999984741211,53.40999984741211,53.40999984741211,53.40999984741211,53.40999984741211,504.0
2024-08-01 14:48:00,VIASP,19.940000534057617,19.940000534057617,19.940000534057617,19.940000534057617,19.940000534057617,3381.0
2024-08-01 14:48:00,XEL,58.529998779296875,58.529998779296875,58.540000915527344,58.500301361083984,58.540000915527344,4154.0
2024-08-01 14:49:00,AEP,100.66000366210938,100.66000366210938,100.66000366210938,100.5999984741211,100.61499786376953,3520.0
2024-08-01 14:49:00,AY,22.125,22.125,22.125,22.125,22.125,3892.0
2024-08-01 14:49:00,CEG,177.09500122070312,177.09500122070312,177.09500122070312,177.02999877929688,177.0500030517578,1389.0
2024-08-01 14:49:00,EXC,37.96500015258789,37.96500015258789,37.96500015258789,37.96500015258789,37.96500015258789,1053.0
2024-08-01 14:49:00,FLNC,15.739999771118164,15.739999771118164,15.760000228881836,15.739999771118164,15.755000114440918,7227.0
2024-08-01 14:49:00,LNT,56.43000030517578,56.43000030517578,56.43000030517578,56.40999984741211,56.40999984741211,2238.0
2024-08-01 14:49:00,NFE,18.610000610351562,18.610000610351562,18.610000610351562,18.575000762939453,18.59000015258789,16863.0
2024-08-01 14:49:00,NWE,53.459999084472656,53.459999084472656,53.459999084472656,53.40510177612305,53.40510177612305,1268.0
2024-08-01 14:49:00,PCYO,10.494999885559082,10.494999885559082,10.494999885559082,10.494999885559082,10.494999885559082,475.0
2024-08-01 14:49:00,RNW,5.945000171661377,5.945000171661377,5.949999809265137,5.945000171661377,5.949999809265137,554.0
2024-08-01 14:49:00,XEL,58.540000915527344,58.540000915527344,58.54999923706055,58.529998779296875,58.529998779296875,4104.0
2024-08-01 14:49:00,YORW,41.02000045776367,41.02000045776367,41.02000045776367,41.02000045776367,41.02000045776367,780.0
2024-08-01 14:50:00,AEP,100.5999984741211,100.5999984741211,100.65750122070312,100.56999969482422,100.65499877929688,6898.0
2024-08-01 14:50:00,AY,22.125,22.125,22.125,22.125,22.125,1225.0
2024-08-01 14:50:00,CEG,177.09500122070312,177.09500122070312,177.17999267578125,176.8800048828125,177.0449981689453,11082.0
2024-08-01 14:50:00,EXC,37.94499969482422,37.94499969482422,37.96500015258789,37.94499969482422,37.96500015258789,6785.0
2024-08-01 14:50:00,FLNC,15.75,15.75,15.760000228881836,15.739999771118164,15.739999771118164,5167.0
2024-08-01 14:50:00,LNT,56.380001068115234,56.380001068115234,56.42499923706055,56.380001068115234,56.42499923706055,3336.0
2024-08-01 14:50:00,NFE,18.59000015258789,18.59000015258789,18.600000381469727,18.59000015258789,18.600000381469727,2338.0
2024-08-01 14:50:00,NWE,53.36000061035156,53.36000061035156,53.400001525878906,53.36000061035156,53.400001525878906,2759.0
2024-08-01 14:50:00,XEL,58.4900016784668,58.4900016784668,58.54999923706055,58.4900016784668,58.54999923706055,6075.0
2024-08-01 14:51:00,AEP,100.62909698486328,100.62909698486328,100.62909698486328,100.58999633789062,100.5999984741211,4516.0
2024-08-01 14:51:00,CEG,177.1649932861328,177.1649932861328,177.27000427246094,177.1300048828125,177.1699981689453,2667.0
2024-08-01 14:51:00,EXC,37.98500061035156,37.98500061035156,37.98500061035156,37.94499969482422,37.94499969482422,7143.0
2024-08-01 14:51:00,FLNC,15.75,15.75,15.760000228881836,15.75,15.75,992.0
2024-08-01 14:51:00,LNT,56.415000915527344,56.415000915527344,56.415000915527344,56.38999938964844,56.38999938964844,1925.0
2024-08-01 14:51:00,MNTK,5.670000076293945,5.670000076293945,5.670000076293945,5.670000076293945,5.670000076293945,207.0
2024-08-01 14:51:00,NFE,18.59000015258789,18.59000015258789,18.59000015258789,18.59000015258789,18.59000015258789,1198.0
2024-08-01 14:51:00,NWE,53.415000915527344,53.415000915527344,53.415000915527344,53.415000915527344,53.415000915527344,450.0
2024-08-01 14:51:00,OTTR,94.70500183105469,94.70500183105469,94.70500183105469,94.70500183105469,94.70500183105469,327.0
2024-08-01 14:51:00,RNW,5.949999809265137,5.949999809265137,5.949999809265137,5.949999809265137,5.949999809265137,225.0
2024-08-01 14:51:00,XEL,58.540000915527344,58.540000915527344,58.540000915527344,58.47999954223633,58.47999954223633,4458.0
2024-08-01 14:52:00,AEP,100.625,100.625,100.62999725341797,100.62000274658203,100.62000274658203,1958.0
2024-08-01 14:52:00,CEG,177.0449981689453,177.0449981689453,177.16749572753906,177.0,177.16749572753906,3814.0
2024-08-01 14:52:00,EXC,37.974998474121094,37.974998474121094,37.98500061035156,37.974998474121094,37.98500061035156,3454.0
2024-08-01 14:52:00,FLNC,15.760000228881836,15.760000228881836,15.760000228881836,15.75,15.760000228881836,5154.0
2024-08-01 14:52:00,LNT,56.41999816894531,56.41999816894531,56.42499923706055,56.41999816894531,56.42499923706055,1058.0
2024-08-01 14:52:00,MNTK,5.679999828338623,5.679999828338623,5.679999828338623,5.679999828338623,5.679999828338623,518.0
2024-08-01 14:52:00,NFE,18.584999084472656,18.584999084472656,18.594999313354492,18.579999923706055,18.594999313354492,12130.0
2024-08-01 14:52:00,NWE,53.435001373291016,53.435001373291016,53.439998626708984,53.435001373291016,53.439998626708984,690.0
2024-08-01 14:52:00,RNW,5.949999809265137,5.949999809265137,5.949999809265137,5.949999809265137,5.949999809265137,101.0
2024-08-01 14:52:00,XEL,58.50899887084961,58.50899887084961,58.54999923706055,58.50899887084961,58.540000915527344,3851.0
2024-08-01 14:53:00,AEP,100.62999725341797,100.62999725341797,100.62999725341797,100.58000183105469,100.62000274658203,8166.0
2024-08-01 14:53:00,CEG,176.83999633789062,176.83999633789062,177.0500030517578,176.8300018310547,176.92999267578125,5377.0
2024-08-01 14:53:00,EXC,37.97999954223633,37.97999954223633,37.97999954223633,37.970001220703125,37.974998474121094,5235.0
2024-08-01 14:53:00,FLNC,15.789999961853027,15.789999961853027,15.789999961853027,15.739999771118164,15.760000228881836,11131.0
2024-08-01 14:53:00,LNT,56.40999984741211,56.40999984741211,56.41999816894531,56.39500045776367,56.41999816894531,2593.0
2024-08-01 14:53:00,NFE,18.579999923706055,18.579999923706055,18.600000381469727,18.565000534057617,18.56999969482422,6297.0
2024-08-01 14:53:00,RNW,5.945000171661377,5.945000171661377,5.945000171661377,5.945000171661377,5.945000171661377,662.0
2024-08-01 14:53:00,XEL,58.529998779296875,58.529998779296875,58.529998779296875,58.5,58.5,4581.0
2024-08-01 14:54:00,AEP,100.66999816894531,100.66999816894531,100.68000030517578,100.65499877929688,100.66000366210938,6071.0
2024-08-01 14:54:00,BNRG,0.7480000257492065,0.7480000257492065,0.7480000257492065,0.7480000257492065,0.7480000257492065,174.0
2024-08-01 14:54:00,CEG,176.7949981689453,176.7949981689453,177.02000427246094,176.72000122070312,177.00999450683594,11158.0
2024-08-01 14:54:00,EXC,38.005001068115234,38.005001068115234,38.005001068115234,37.9900016784668,37.9900016784668,4597.0
2024-08-01 14:54:00,FLNC,15.75,15.75,15.789999961853027,15.729999542236328,15.789999961853027,8622.0
2024-08-01 14:54:00,LNT,56.439998626708984,56.439998626708984,56.439998626708984,56.43000030517578,56.43000030517578,2169.0
2024-08-01 14:54:00,NFE,18.549999237060547,18.549999237060547,18.610000610351562,18.549999237060547,18.600000381469727,11042.0
2024-08-01 14:54:00,NWE,53.459999084472656,53.459999084472656,53.459999084472656,53.45000076293945,53.45000076293945,880.0
2024-08-01 14:54:00,OTTR,94.8499984741211,94.8499984741211,94.8499984741211,94.81999969482422,94.81999969482422,2286.0
2024-08-01 14:54:00,PCYO,10.5,10.5,10.5,10.5,10.5,295.0
2024-08-01 14:54:00,XEL,58.560001373291016,58.560001373291016,58.560001373291016,58.540000915527344,58.540000915527344,4068.0
2024-08-01 14:55:00,AEP,100.68000030517578,100.68000030517578,100.68000030517578,100.66999816894531,100.66999816894531,4245.0
2024-08-01 14:55:00,CEG,176.6199951171875,176.6199951171875,176.8000030517578,176.6199951171875,176.6999969482422,4389.0
2024-08-01 14:55:00,EXC,37.9900016784668,37.9900016784668,38.005001068115234,37.9900016784668,38.005001068115234,5840.0
2024-08-01 14:55:00,FLNC,15.770000457763672,15.770000457763672,15.770000457763672,15.75,15.75,990.0
2024-08-01 14:55:00,LNT,56.45000076293945,56.45000076293945,56.45000076293945,56.45000076293945,56.45000076293945,838.0
2024-08-01 14:55:00,NFE,18.520000457763672,18.520000457763672,18.540000915527344,18.510000228881836,18.540000915527344,9123.0
2024-08-01 14:55:00,XEL,58.52000045776367,58.52000045776367,58.560001373291016,58.52000045776367,58.560001373291016,2349.0
2024-08-01 14:56:00,AEP,100.62000274658203,100.62000274658203,100.63999938964844,100.61000061035156,100.62999725341797,4285.0
2024-08-01 14:56:00,AY,22.125,22.125,22.125,22.125,22.125,438.0
2024-08-01 14:56:00,CEG,176.8300018310547,176.8300018310547,176.93499755859375,176.6199951171875,176.6199951171875,14872.0
2024-08-01 14:56:00,EXC,37.9900016784668,37.9900016784668,37.994998931884766,37.959999084472656,37.994998931884766,21636.0
2024-08-01 14:56:00,FLNC,15.779999732971191,15.779999732971191,15.779999732971191,15.770000457763672,15.770000457763672,3533.0
2024-08-01 14:56:00,GWRS,12.885000228881836,12.885000228881836,12.885000228881836,12.885000228881836,12.885000228881836,116.0
2024-08-01 14:56:00,LNT,56.459999084472656,56.459999084472656,56.459999084472656,56.439998626708984,56.439998626708984,3087.0
2024-08-01 14:56:00,MNTK,5.679999828338623,5.679999828338623,5.679999828338623,5.679999828338623,5.679999828338623,514.0
2024-08-01 14:56:00,NFE,18.520000457763672,18.520000457763672,18.530000686645508,18.510000228881836,18.510000228881836,9746.0
2024-08-01 14:56:00,RNW,5.949999809265137,5.949999809265137,5.949999809265137,5.945000171661377,5.945000171661377,419.0
2024-08-01 14:56:00,XEL,58.4900016784668,58.4900016784668,58.5,58.4900016784668,58.5,6740.0
2024-08-01 14:57:00,AEP,100.62000274658203,100.62000274658203,100.66000366210938,100.61000061035156,100.625,7357.0
2024-08-01 14:57:00,CEG,177.0,177.0,177.11000061035156,176.80999755859375,176.80999755859375,7113.0
2024-08-01 14:57:00,CREG,0.8910999894142151,0.8910999894142151,0.8910999894142151,0.8910999894142151,0.8910999894142151,2328.0
2024-08-01 14:57:00,EXC,38.0,38.0,38.025001525878906,37.994998931884766,37.994998931884766,5100.0
2024-08-01 14:57:00,FLNC,15.829999923706055,15.829999923706055,15.829999923706055,15.779999732971191,15.779999732971191,2192.0
2024-08-01 14:57:00,LNT,56.45000076293945,56.45000076293945,56.459999084472656,56.435001373291016,56.459999084472656,6146.0
2024-08-01 14:57:00,MSEX,64.9000015258789,64.9000015258789,64.9000015258789,64.9000015258789,64.9000015258789,392.0
2024-08-01 14:57:00,NFE,18.540000915527344,18.540000915527344,18.540000915527344,18.510000228881836,18.514999389648438,3792.0
2024-08-01 14:57:00,NWE,53.5,53.5,53.5,53.5,53.5,1050.0
2024-08-01 14:57:00,OTTR,94.86019897460938,94.86019897460938,94.86019897460938,94.86019897460938,94.86019897460938,1226.0
2024-08-01 14:57:00,RNW,5.949999809265137,5.949999809265137,5.949999809265137,5.949999809265137,5.949999809265137,5073.0
2024-08-01 14:57:00,XEL,58.48500061035156,58.48500061035156,58.5099983215332,58.47999954223633,58.4900016784668,6075.0
2024-08-01 14:58:00,AEP,100.62000274658203,100.62000274658203,100.6500015258789,100.62000274658203,100.62000274658203,2072.0
2024-08-01 14:58:00,CEG,176.83999633789062,176.83999633789062,177.12770080566406,176.80999755859375,176.98500061035156,3464.0
2024-08-01 14:58:00,EXC,38.0,38.0,38.005001068115234,38.0,38.005001068115234,4747.0
2024-08-01 14:58:00,FLNC,15.835000038146973,15.835000038146973,15.84000015258789,15.819999694824219,15.829999923706055,7363.0
2024-08-01 14:58:00,LNT,56.45000076293945,56.45000076293945,56.45000076293945,56.45000076293945,56.45000076293945,905.0
2024-08-01 14:58:00,NFE,18.530000686645508,18.530000686645508,18.549999237060547,18.530000686645508,18.549999237060547,5335.0
2024-08-01 14:58:00,RNW,5.945000171661377,5.945000171661377,5.945000171661377,5.945000171661377,5.945000171661377,201.0
2024-08-01 14:58:00,WAVE,2.890000104904175,2.890000104904175,2.890000104904175,2.890000104904175,2.890000104904175,2315.0
2024-08-01 14:58:00,XEL,58.47999954223633,58.47999954223633,58.4900016784668,58.47999954223633,58.4900016784668,2342.0
2024-08-01 14:59:00,AEP,100.66000366210938,100.66000366210938,100.66000366210938,100.61000061035156,100.62000274658203,4086.0
2024-08-01 14:59:00,AY,22.125,22.125,22.125,22.125,22.125,583.0
2024-08-01 14:59:00,CEG,177.0,177.0,177.05999755859375,176.75,176.83999633789062,14017.0
2024-08-01 14:59:00,EXC,38.0099983215332,38.0099983215332,38.01499938964844,38.005001068115234,38.005001068115234,3955.0
2024-08-01 14:59:00,FLNC,15.824999809265137,15.824999809265137,15.84000015258789,15.824999809265137,15.829999923706055,6483.0
2024-08-01 14:59:00,LNT,56.45000076293945,56.45000076293945,56.45000076293945,56.44499969482422,56.45000076293945,2574.0
2024-08-01 14:59:00,MGEE,88.33999633789062,88.33999633789062,88.33999633789062,88.33999633789062,88.33999633789062,390.0
2024-08-01 14:59:00,MSEX,64.80000305175781,64.80000305175781,64.80000305175781,64.80000305175781,64.80000305175781,347.0
2024-08-01 14:59:00,NFE,18.549999237060547,18.549999237060547,18.549999237060547,18.530000686645508,18.530000686645508,2878.0
2024-08-01 14:59:00,RNW,5.945000171661377,5.945000171661377,5.945000171661377,5.945000171661377,5.945000171661377,773.0
2024-08-01 14:59:00,XEL,58.540000915527344,58.540000915527344,58.540000915527344,58.48500061035156,58.4900016784668,6442.0
2024-08-01 15:00:00,AEP,100.55999755859375,100.55999755859375,100.6500015258789,100.55999755859375,100.6500015258789,8405.0
2024-08-01 15:00:00,ARTNA,38.47999954223633,38.47999954223633,38.4900016784668,38.47999954223633,38.4900016784668,1749.0
2024-08-01 15:00:00,AY,22.125,22.125,22.125,22.125,22.125,1263.0
2024-08-01 15:00:00,CEG,177.08999633789062,177.08999633789062,177.27000427246094,176.94000244140625,177.0050048828125,12789.0
2024-08-01 15:00:00,EXC,37.994998931884766,37.994998931884766,38.03499984741211,37.994998931884766,38.02000045776367,8692.0
2024-08-01 15:00:00,FLNC,15.829999923706055,15.829999923706055,15.829999923706055,15.824999809265137,15.829999923706055,3177.0
2024-08-01 15:00:00,LNT,56.40999984741211,56.40999984741211,56.435001373291016,56.39500045776367,56.435001373291016,3367.0
2024-08-01 15:00:00,NFE,18.549999237060547,18.549999237060547,18.55500030517578,18.549999237060547,18.55500030517578,3368.0
2024-08-01 15:00:00,RNW,5.945000171661377,5.945000171661377,5.945000171661377,5.945000171661377,5.945000171661377,1282.0
2024-08-01 15:00:00,XEL,58.47999954223633,58.47999954223633,58.540000915527344,58.47999954223633,58.540000915527344,4555.0
2024-08-01 15:01:00,AEP,100.5199966430664,100.5199966430664,100.58999633789062,100.51000213623047,100.55500030517578,5062.0
2024-08-01 15:01:00,AY,22.125,22.125,22.125,22.125,22.125,4057.0
2024-08-01 15:01:00,CEG,177.05499267578125,177.05499267578125,177.18240356445312,176.94000244140625,177.0500030517578,6229.0
2024-08-01 15:01:00,EXC,38.01499938964844,38.01499938964844,38.01499938964844,37.994998931884766,37.994998931884766,4866.0
2024-08-01 15:01:00,FLNC,15.84000015258789,15.84000015258789,15.84000015258789,15.819999694824219,15.835000038146973,9964.0
2024-08-01 15:01:00,LNT,56.41999816894531,56.41999816894531,56.41999816894531,56.41999816894531,56.41999816894531,1960.0
2024-08-01 15:01:00,MSEX,64.56999969482422,64.56999969482422,64.80000305175781,64.56999969482422,64.80000305175781,1260.0
2024-08-01 15:01:00,NFE,18.59000015258789,18.59000015258789,18.600000381469727,18.540000915527344,18.549999237060547,28594.0
2024-08-01 15:01:00,RNW,5.945000171661377,5.945000171661377,5.945000171661377,5.945000171661377,5.945000171661377,516.0
2024-08-01 15:01:00,XEL,58.459999084472656,58.459999084472656,58.5,58.459999084472656,58.48500061035156,7313.0
2024-08-01 15:02:00,AEP,100.58999633789062,100.58999633789062,100.63999938964844,100.51000213623047,100.52999877929688,7251.0
2024-08-01 15:02:00,AY,22.125,22.125,22.125,22.12299919128418,22.12299919128418,1449.0
2024-08-01 15:02:00,CEG,177.1699981689453,177.1699981689453,177.1999969482422,176.97999572753906,177.05999755859375,9004.0
2024-08-01 15:02:00,EXC,38.06999969482422,38.06999969482422,38.07500076293945,38.01499938964844,38.01499938964844,6126.0
2024-08-01 15:02:00,FLNC,15.862500190734863,15.862500190734863,15.862500190734863,15.84000015258789,15.84000015258789,8254.0
2024-08-01 15:02:00,LNT,56.41999816894531,56.41999816894531,56.43000030517578,56.400001525878906,56.400001525878906,3164.0
2024-08-01 15:02:00,MGEE,88.46499633789062,88.46499633789062,88.46499633789062,88.46499633789062,88.46499633789062,163.0
2024-08-01 15:02:00,MNTK,5.679999828338623,5.679999828338623,5.679999828338623,5.679999828338623,5.679999828338623,289.0
2024-08-01 15:02:00,MSEX,64.62999725341797,64.62999725341797,64.66000366210938,64.61000061035156,64.61000061035156,1560.0
2024-08-01 15:02:00,NFE,18.610000610351562,18.610000610351562,18.610000610351562,18.579999923706055,18.584999084472656,5047.0
2024-08-01 15:02:00,NWE,53.470001220703125,53.470001220703125,53.470001220703125,53.45000076293945,53.459999084472656,1430.0
2024-08-01 15:02:00,RNW,5.949999809265137,5.949999809265137,5.949999809265137,5.949999809265137,5.949999809265137,103.0
2024-08-01 15:02:00,XEL,58.4900016784668,58.4900016784668,58.4900016784668,58.459999084472656,58.459999084472656,5281.0
2024-08-01 15:03:00,AEP,100.6500015258789,100.6500015258789,100.6500015258789,100.58000183105469,100.58000183105469,10672.0
2024-08-01 15:03:00,AY,22.125,22.125,22.125,22.125,22.125,453.0
2024-08-01 15:03:00,CEG,177.15890502929688,177.15890502929688,177.1699981689453,176.94009399414062,177.14999389648438,11173.0
2024-08-01 15:03:00,EXC,38.06999969482422,38.06999969482422,38.06999969482422,38.064998626708984,38.064998626708984,1709.0
2024-08-01 15:03:00,FLNC,15.869999885559082,15.869999885559082,15.869999885559082,15.819999694824219,15.845000267028809,4733.0
2024-08-01 15:03:00,GWRS,12.819999694824219,12.819999694824219,12.819999694824219,12.819999694824219,12.819999694824219,1054.0
2024-08-01 15:03:00,LNT,56.435001373291016,56.435001373291016,56.439998626708984,56.435001373291016,56.43989944458008,1287.0
2024-08-01 15:03:00,MGEE,88.58999633789062,88.58999633789062,88.58999633789062,88.58999633789062,88.58999633789062,401.0
2024-08-01 15:03:00,NFE,18.610000610351562,18.610000610351562,18.6200008392334,18.600000381469727,18.610000610351562,2658.0
2024-08-01 15:03:00,OPAL,3.950000047683716,3.950000047683716,3.950000047683716,3.950000047683716,3.950000047683716,906.0
2024-08-01 15:03:00,PCYO,10.520000457763672,10.520000457763672,10.520000457763672,10.520000457763672,10.520000457763672,241.0
2024-08-01 15:03:00,RNW,5.960000038146973,5.960000038146973,5.960000038146973,5.949999809265137,5.949999809265137,5394.0
2024-08-01 15:03:00,XEL,58.5,58.5,58.5099983215332,58.5,58.5,5602.0
2024-08-01 15:04:00,AEP,100.69999694824219,100.69999694824219,100.69999694824219,100.66000366210938,100.66000366210938,9982.0
2024-08-01 15:04:00,AY,22.125,22.125,22.125,22.125,22.125,123.0
2024-08-01 15:04:00,CEG,177.02999877929688,177.02999877929688,177.1999969482422,176.89999389648438,177.0500030517578,9662.0
2024-08-01 15:04:00,EXC,38.06999969482422,38.06999969482422,38.06999969482422,38.064998626708984,38.064998626708984,2021.0
2024-08-01 15:04:00,FLNC,15.84000015258789,15.84000015258789,15.869999885559082,15.8100004196167,15.869999885559082,9912.0
2024-08-01 15:04:00,LNT,56.439998626708984,56.439998626708984,56.439998626708984,56.439998626708984,56.439998626708984,972.0
2024-08-01 15:04:00,MGEE,88.61000061035156,88.61000061035156,88.61000061035156,88.58999633789062,88.58999633789062,665.0
2024-08-01 15:04:00,NFE,18.649999618530273,18.649999618530273,18.649999618530273,18.600000381469727,18.61199951171875,12162.0
2024-08-01 15:04:00,NWE,53.43000030517578,53.43000030517578,53.4900016784668,53.43000030517578,53.4900016784668,5369.0
2024-08-01 15:04:00,RNW,5.960000038146973,5.960000038146973,5.965000152587891,5.960000038146973,5.960000038146973,9335.0
2024-08-01 15:04:00,XEL,58.529998779296875,58.529998779296875,58.540000915527344,58.47999954223633,58.4900016784668,8266.0
2024-08-01 15:05:00,AEP,100.68000030517578,100.68000030517578,100.69999694824219,100.62999725341797,100.69000244140625,8165.0
2024-08-01 15:05:00,AY,22.125,22.125,22.127500534057617,22.120800018310547,22.127500534057617,1489.0
2024-08-01 15:05:00,CEG,177.0,177.0,177.1925048828125,177.0,177.0500030517578,2763.0
2024-08-01 15:05:00,EXC,38.064998626708984,38.064998626708984,38.07500076293945,38.064998626708984,38.06999969482422,5040.0
2024-08-01 15:05:00,FLNC,15.850000381469727,15.850000381469727,15.850000381469727,15.84000015258789,15.84000015258789,1050.0
2024-08-01 15:05:00,LNT,56.44499969482422,56.44499969482422,56.45000076293945,56.44499969482422,56.45000076293945,1522.0
2024-08-01 15:05:00,NFE,18.6299991607666,18.6299991607666,18.639999389648438,18.6299991607666,18.639999389648438,5012.0
2024-08-01 15:05:00,RNW,5.96999979019165,5.96999979019165,5.96999979019165,5.96999979019165,5.96999979019165,200.0
2024-08-01 15:05:00,XEL,58.59000015258789,58.59000015258789,58.599998474121094,58.59000015258789,58.599998474121094,1933.0
2024-08-01 15:06:00,AEP,100.77999877929688,100.77999877929688,100.77999877929688,100.63999938964844,100.6500015258789,7462.0
2024-08-01 15:06:00,AY,22.125,22.125,22.125,22.125,22.125,1824.0
2024-08-01 15:06:00,CDZI,3.5199999809265137,3.5199999809265137,3.5199999809265137,3.5199999809265137,3.5199999809265137,246.0
2024-08-01 15:06:00,CEG,177.0,177.0,177.17999267578125,176.9801025390625,177.09500122070312,6840.0
2024-08-01 15:06:00,EXC,38.09000015258789,38.09000015258789,38.09000015258789,38.064998626708984,38.064998626708984,4563.0
2024-08-01 15:06:00,FLNC,15.8100004196167,15.8100004196167,15.850000381469727,15.8100004196167,15.84000015258789,2970.0
2024-08-01 15:06:00,LNT,56.459999084472656,56.459999084472656,56.459999084472656,56.44499969482422,56.44499969482422,5311.0
2024-08-01 15:06:00,MNTK,5.679999828338623,5.679999828338623,5.679999828338623,5.679999828338623,5.679999828338623,652.0
2024-08-01 15:06:00,MSEX,64.7249984741211,64.7249984741211,64.7249984741211,64.7249984741211,64.7249984741211,1005.0
2024-08-01 15:06:00,NFE,18.6200008392334,18.6200008392334,18.625,18.610000610351562,18.62070083618164,3970.0
2024-08-01 15:06:00,NWE,53.45500183105469,53.45500183105469,53.470001220703125,53.40999984741211,53.45000076293945,2890.0
2024-08-01 15:06:00,OTTR,95.08000183105469,95.08000183105469,95.0999984741211,95.08000183105469,95.0999984741211,626.0
2024-08-01 15:06:00,PCYO,10.524999618530273,10.524999618530273,10.524999618530273,10.524999618530273,10.524999618530273,736.0
2024-08-01 15:06:00,RNW,5.96999979019165,5.96999979019165,5.96999979019165,5.965000152587891,5.965000152587891,642.0
2024-08-01 15:06:00,XEL,58.619998931884766,58.619998931884766,58.619998931884766,58.59000015258789,58.59000015258789,7156.0
2024-08-01 15:07:00,AEP,100.875,100.875,100.88999938964844,100.7699966430664,100.77999877929688,13191.0
2024-08-01 15:07:00,AY,22.125,22.125,22.125,22.125,22.125,0.0
2024-08-01 15:07:00,CDZI,3.5199999809265137,3.5199999809265137,3.5199999809265137,3.5199999809265137,3.5199999809265137,452.0
2024-08-01 15:07:00,CEG,176.88999938964844,176.88999938964844,177.17999267578125,176.8800048828125,177.13999938964844,14884.0
2024-08-01 15:07:00,EXC,38.09000015258789,38.09000015258789,38.099998474121094,38.084999084472656,38.084999084472656,2985.0
2024-08-01 15:07:00,FLNC,15.789999961853027,15.789999961853027,15.800000190734863,15.789999961853027,15.800000190734863,1744.0
2024-08-01 15:07:00,LNT,56.46500015258789,56.46500015258789,56.46500015258789,56.45790100097656,56.459999084472656,2907.0
2024-08-01 15:07:00,MGEE,88.6500015258789,88.6500015258789,88.6500015258789,88.6500015258789,88.6500015258789,345.0
2024-08-01 15:07:00,NFE,18.59000015258789,18.59000015258789,18.6294002532959,18.59000015258789,18.6294002532959,4692.0
2024-08-01 15:07:00,RNW,5.96999979019165,5.96999979019165,5.96999979019165,5.96999979019165,5.96999979019165,200.0
2024-08-01 15:07:00,XEL,58.619998931884766,58.619998931884766,58.630001068115234,58.59000015258789,58.625,12953.0
2024-08-01 15:08:00,AEP,100.86000061035156,100.86000061035156,100.87000274658203,100.83999633789062,100.86689758300781,6414.0
2024-08-01 15:08:00,AY,22.125,22.125,22.125,22.125,22.125,168.0
2024-08-01 15:08:00,BNRG,0.7415000200271606,0.7415000200271606,0.7480000257492065,0.7415000200271606,0.7480000257492065,1500.0
2024-08-01 15:08:00,CEG,176.96499633789062,176.96499633789062,177.0399932861328,176.92999267578125,176.99000549316406,5126.0
2024-08-01 15:08:00,EXC,38.10499954223633,38.10499954223633,38.11000061035156,38.095001220703125,38.095001220703125,7299.0
2024-08-01 15:08:00,FLNC,15.789999961853027,15.789999961853027,15.789999961853027,15.78499984741211,15.78499984741211,1552.0
2024-08-01 15:08:00,LNT,56.474998474121094,56.474998474121094,56.474998474121094,56.46500015258789,56.46500015258789,3109.0
2024-08-01 15:08:00,NFE,18.579999923706055,18.579999923706055,18.59000015258789,18.579999923706055,18.59000015258789,3409.0
2024-08-01 15:08:00,NWE,53.45000076293945,53.45000076293945,53.45000076293945,53.45000076293945,53.45000076293945,535.0
2024-08-01 15:08:00,RNW,5.960000038146973,5.960000038146973,5.960000038146973,5.960000038146973,5.960000038146973,203.0
2024-08-01 15:08:00,XEL,58.63100051879883,58.63100051879883,58.650001525878906,58.61000061035156,58.619998931884766,4734.0
2024-08-01 15:09:00,AEP,100.91999816894531,100.91999816894531,100.91999816894531,100.8499984741211,100.86000061035156,9735.0
2024-08-01 15:09:00,AY,22.125,22.125,22.125,22.125,22.125,935.0
2024-08-01 15:09:00,BNRG,0.7415000200271606,0.7415000200271606,0.7415000200271606,0.7415000200271606,0.7415000200271606,995.0
2024-08-01 15:09:00,CEG,177.19500732421875,177.19500732421875,177.19500732421875,176.98500061035156,177.0,9064.0
2024-08-01 15:09:00,EXC,38.1150016784668,38.1150016784668,38.1150016784668,38.095001220703125,38.10499954223633,10845.0
2024-08-01 15:09:00,FLNC,15.789999961853027,15.789999961853027,15.800000190734863,15.770000457763672,15.779999732971191,3352.0
2024-08-01 15:09:00,LNT,56.55500030517578,56.55500030517578,56.560001373291016,56.459999084472656,56.470001220703125,28353.0
2024-08-01 15:09:00,NFE,18.635000228881836,18.635000228881836,18.639999389648438,18.579999923706055,18.579999923706055,9849.0
2024-08-01 15:09:00,NWE,53.470001220703125,53.470001220703125,53.470001220703125,53.45500183105469,53.45500183105469,921.0
2024-08-01 15:09:00,OTTR,94.98999786376953,94.98999786376953,94.98999786376953,94.98999786376953,94.98999786376953,923.0
2024-08-01 15:09:00,RNW,5.965000152587891,5.965000152587891,5.96999979019165,5.960000038146973,5.96999979019165,412.0
2024-08-01 15:09:00,XEL,58.63999938964844,58.63999938964844,58.63999938964844,58.599998474121094,58.630001068115234,8214.0
2024-08-01 15:10:00,AEP,100.95500183105469,100.95500183105469,100.95999908447266,100.87000274658203,100.91000366210938,12623.0
2024-08-01 15:10:00,AY,22.125,22.125,22.125,22.125,22.125,932.0
2024-08-01 15:10:00,CEG,177.4185028076172,177.4185028076172,177.49000549316406,177.0399932861328,177.11500549316406,13863.0
2024-08-01 15:10:00,EXC,38.119998931884766,38.119998931884766,38.125,38.10499954223633,38.1150016784668,8951.0
2024-08-01 15:10:00,FLNC,15.84000015258789,15.84000015258789,15.859999656677246,15.789999961853027,15.800000190734863,7496.0
2024-08-01 15:10:00,LNT,56.540199279785156,56.540199279785156,56.55500030517578,56.5099983215332,56.55500030517578,5962.0
2024-08-01 15:10:00,MNTK,5.690000057220459,5.690000057220459,5.690000057220459,5.690000057220459,5.690000057220459,1378.0
2024-08-01 15:10:00,NFE,18.670000076293945,18.670000076293945,18.690000534057617,18.634000778198242,18.639999389648438,9414.0
2024-08-01 15:10:00,NWE,53.47999954223633,53.47999954223633,53.4900016784668,53.474998474121094,53.47999954223633,1437.0
2024-08-01 15:10:00,OPAL,3.9600000381469727,3.9600000381469727,3.9600000381469727,3.9600000381469727,3.9600000381469727,245.0
2024-08-01 15:10:00,RNW,5.965000152587891,5.965000152587891,5.96999979019165,5.965000152587891,5.96999979019165,128.0
2024-08-01 15:10:00,XEL,58.630001068115234,58.630001068115234,58.64500045776367,58.630001068115234,58.64500045776367,5921.0
2024-08-01 15:11:00,AEP,100.86000061035156,100.86000061035156,100.95999908447266,100.83000183105469,100.95999908447266,12996.0
2024-08-01 15:11:00,AY,22.114999771118164,22.114999771118164,22.1200008392334,22.114999771118164,22.1200008392334,6939.0
2024-08-01 15:11:00,CEG,177.43499755859375,177.43499755859375,177.4375,177.33999633789062,177.33999633789062,2951.0
2024-08-01 15:11:00,EXC,38.095001220703125,38.095001220703125,38.125,38.095001220703125,38.119998931884766,12390.0
2024-08-01 15:11:00,FLNC,15.859999656677246,15.859999656677246,15.859999656677246,15.84000015258789,15.84000015258789,2098.0
2024-08-01 15:11:00,LNT,56.529998779296875,56.529998779296875,56.54499816894531,56.529998779296875,56.54499816894531,3901.0
2024-08-01 15:11:00,MNTK,5.690000057220459,5.690000057220459,5.690000057220459,5.690000057220459,5.690000057220459,690.0
2024-08-01 15:11:00,NFE,18.6299991607666,18.6299991607666,18.65999984741211,18.6299991607666,18.65999984741211,4479.0
2024-08-01 15:11:00,NWE,53.459999084472656,53.459999084472656,53.459999084472656,53.459999084472656,53.459999084472656,475.0
2024-08-01 15:11:00,RNW,5.965000152587891,5.965000152587891,5.965000152587891,5.960000038146973,5.960000038146973,310.0
2024-08-01 15:11:00,WAVE,2.9800000190734863,2.9800000190734863,2.9800000190734863,2.9800000190734863,2.9800000190734863,0.0
2024-08-01 15:11:00,XEL,58.61000061035156,58.61000061035156,58.63999938964844,58.61000061035156,58.6349983215332,4947.0
2024-08-01 15:12:00,AEP,100.86250305175781,100.86250305175781,100.87000274658203,100.80999755859375,100.86000061035156,9923.0
2024-08-01 15:12:00,AY,22.114999771118164,22.114999771118164,22.114999771118164,22.114999771118164,22.114999771118164,384.0
2024-08-01 15:12:00,CEG,177.8000030517578,177.8000030517578,177.8000030517578,177.40150451660156,177.52810668945312,7254.0
2024-08-01 15:12:00,EXC,38.084999084472656,38.084999084472656,38.095001220703125,38.08000183105469,38.095001220703125,7839.0
2024-08-01 15:12:00,FLNC,15.899999618530273,15.899999618530273,15.899999618530273,15.859999656677246,15.859999656677246,1464.0
2024-08-01 15:12:00,LNT,56.5099983215332,56.5099983215332,56.529998779296875,56.5099983215332,56.529998779296875,3252.0
2024-08-01 15:12:00,NFE,18.6299991607666,18.6299991607666,18.6299991607666,18.6200008392334,18.6200008392334,4836.0
2024-08-01 15:12:00,NWE,53.439998626708984,53.439998626708984,53.439998626708984,53.439998626708984,53.439998626708984,1485.0
2024-08-01 15:12:00,RNW,5.960000038146973,5.960000038146973,5.960000038146973,5.960000038146973,5.960000038146973,8.0
2024-08-01 15:12:00,XEL,58.56999969482422,58.56999969482422,58.61000061035156,58.55500030517578,58.61000061035156,10684.0
2024-08-01 15:13:00,AEP,100.86000061035156,100.86000061035156,100.87999725341797,100.83499908447266,100.86000061035156,16494.0
2024-08-01 15:13:00,AY,22.114999771118164,22.114999771118164,22.114999771118164,22.114999771118164,22.114999771118164,275.0
2024-08-01 15:13:00,BNRG,0.7480000257492065,0.7480000257492065,0.7480000257492065,0.7480000257492065,0.7480000257492065,194.0
2024-08-01 15:13:00,CDZI,3.5299999713897705,3.5299999713897705,3.5399999618530273,3.5299999713897705,3.5299999713897705,1839.0
2024-08-01 15:13:00,CEG,177.9949951171875,177.9949951171875,178.00999450683594,177.66000366210938,177.85000610351562,6178.0
2024-08-01 15:13:00,EXC,38.10499954223633,38.10499954223633,38.10499954223633,38.084999084472656,38.084999084472656,6083.0
2024-08-01 15:13:00,FLNC,15.869999885559082,15.869999885559082,15.899999618530273,15.859999656677246,15.899999618530273,4614.0
2024-08-01 15:13:00,LNT,56.529998779296875,56.529998779296875,56.529998779296875,56.52000045776367,56.52000045776367,1881.0
2024-08-01 15:13:00,MGEE,88.5199966430664,88.5199966430664,88.5199966430664,88.5199966430664,88.5199966430664,184.0
2024-08-01 15:13:00,NFE,18.6299991607666,18.6299991607666,18.635000228881836,18.6200008392334,18.6299991607666,2709.0
2024-08-01 15:13:00,OPAL,3.950000047683716,3.950000047683716,3.950000047683716,3.950000047683716,3.950000047683716,200.0
2024-08-01 15:13:00,RNW,5.965000152587891,5.965000152587891,5.96999979019165,5.965000152587891,5.965000152587891,1504.0
2024-08-01 15:13:00,XEL,58.66999816894531,58.66999816894531,58.66999816894531,58.59000015258789,58.595001220703125,6258.0
2024-08-01 15:14:00,AEP,100.83999633789062,100.83999633789062,100.86000061035156,100.81500244140625,100.86000061035156,7903.0
2024-08-01 15:14:00,CEG,177.9600067138672,177.9600067138672,178.07000732421875,177.7899932861328,177.9199981689453,3522.0
2024-08-01 15:14:00,EXC,38.09000015258789,38.09000015258789,38.095001220703125,38.06999969482422,38.095001220703125,8910.0
2024-08-01 15:14:00,FLNC,15.859999656677246,15.859999656677246,15.869999885559082,15.850000381469727,15.859999656677246,2736.0
2024-08-01 15:14:00,LNT,56.529998779296875,56.529998779296875,56.529998779296875,56.51499938964844,56.52000045776367,5350.0
2024-08-01 15:14:00,NFE,18.639999389648438,18.639999389648438,18.639999389648438,18.6200008392334,18.6200008392334,5947.0
2024-08-01 15:14:00,XEL,58.70000076293945,58.70000076293945,58.70000076293945,58.66999816894531,58.685001373291016,7127.0
2024-08-01 15:15:00,AEP,100.83000183105469,100.83000183105469,100.83999633789062,100.81500244140625,100.83000183105469,5722.0
2024-08-01 15:15:00,AY,22.114999771118164,22.114999771118164,22.114999771118164,22.114999771118164,22.114999771118164,340.0
2024-08-01 15:15:00,CEG,177.9600067138672,177.9600067138672,178.10000610351562,177.72999572753906,178.07960510253906,2425.0
2024-08-01 15:15:00,EXC,38.084999084472656,38.084999084472656,38.09000015258789,38.08000183105469,38.09000015258789,7887.0
2024-08-01 15:15:00,FLNC,15.859999656677246,15.859999656677246,15.869999885559082,15.854999542236328,15.859999656677246,2870.0
2024-08-01 15:15:00,LNT,56.5099983215332,56.5099983215332,56.52000045776367,56.5099983215332,56.52000045776367,2927.0
2024-08-01 15:15:00,MGEE,88.43000030517578,88.43000030517578,88.43000030517578,88.43000030517578,88.43000030517578,716.0
2024-08-01 15:15:00,NFE,18.6200008392334,18.6200008392334,18.635000228881836,18.6200008392334,18.635000228881836,4731.0
2024-08-01 15:15:00,NWE,53.459999084472656,53.459999084472656,53.459999084472656,53.459999084472656,53.459999084472656,577.0
2024-08-01 15:15:00,XEL,58.650001525878906,58.650001525878906,58.689998626708984,58.630001068115234,58.689998626708984,11273.0
2024-08-01 15:16:00,AEP,100.9000015258789,100.9000015258789,100.9000015258789,100.81999969482422,100.81999969482422,8288.0
2024-08-01 15:16:00,AY,22.114999771118164,22.114999771118164,22.114999771118164,22.114999771118164,22.114999771118164,1720.0
2024-08-01 15:16:00,CEG,177.75999450683594,177.75999450683594,177.875,177.63999938964844,177.85000610351562,4078.0
2024-08-01 15:16:00,EXC,38.1150016784668,38.1150016784668,38.1150016784668,38.084999084472656,38.084999084472656,14716.0
2024-08-01 15:16:00,FLNC,15.845000267028809,15.845000267028809,15.859999656677246,15.84000015258789,15.859999656677246,3488.0
2024-08-01 15:16:00,LNT,56.540000915527344,56.540000915527344,56.540000915527344,56.5099983215332,56.5099983215332,6468.0
2024-08-01 15:16:00,MGEE,88.47000122070312,88.47000122070312,88.47000122070312,88.47000122070312,88.47000122070312,367.0
2024-08-01 15:16:00,MNTK,5.690000057220459,5.690000057220459,5.690000057220459,5.690000057220459,5.690000057220459,177.0
2024-08-01 15:16:00,NFE,18.59000015258789,18.59000015258789,18.6299991607666,18.59000015258789,18.6299991607666,8660.0
2024-08-01 15:16:00,NWE,53.459999084472656,53.459999084472656,53.459999084472656,53.459999084472656,53.459999084472656,754.0
2024-08-01 15:16:00,OTTR,94.91999816894531,94.91999816894531,94.91999816894531,94.91999816894531,94.91999816894531,120.0
2024-08-01 15:16:00,XEL,58.77000045776367,58.77000045776367,58.779998779296875,58.650001525878906,58.650001525878906,15688.0
2024-08-01 15:17:00,AEP,100.93499755859375,100.93499755859375,100.94999694824219,100.87999725341797,100.91000366210938,17092.0
2024-08-01 15:17:00,CEG,177.7949981689453,177.7949981689453,177.8800048828125,177.66000366210938,177.75999450683594,3805.0
2024-08-01 15:17:00,EXC,38.1349983215332,38.1349983215332,38.14500045776367,38.119998931884766,38.119998931884766,14370.0
2024-08-01 15:17:00,FLNC,15.800000190734863,15.800000190734863,15.84000015258789,15.789999961853027,15.84000015258789,3238.0
2024-08-01 15:17:00,LNT,56.560001373291016,56.560001373291016,56.560001373291016,56.54999923706055,56.54999923706055,1265.0
2024-08-01 15:17:00,MGEE,88.55000305175781,88.55000305175781,88.55000305175781,88.54000091552734,88.54000091552734,1303.0
2024-08-01 15:17:00,NFE,18.594999313354492,18.594999313354492,18.600000381469727,18.59000015258789,18.59000015258789,2311.0
2024-08-01 15:17:00,NWE,53.5099983215332,53.5099983215332,53.5099983215332,53.470001220703125,53.470001220703125,1479.0
2024-08-01 15:17:00,OTTR,94.93000030517578,94.93000030517578,94.93000030517578,94.93000030517578,94.93000030517578,350.0
2024-08-01 15:17:00,XEL,58.79999923706055,58.79999923706055,58.79999923706055,58.75,58.77000045776367,9049.0
2024-08-01 15:18:00,AEP,100.88999938964844,100.88999938964844,100.94999694824219,100.88999938964844,100.93499755859375,24161.0
2024-08-01 15:18:00,CEG,178.27999877929688,178.27999877929688,178.27999877929688,177.69000244140625,177.89999389648438,9477.0
2024-08-01 15:18:00,CWCO,28.005800247192383,28.005800247192383,28.005800247192383,28.005800247192383,28.005800247192383,1085.0
2024-08-01 15:18:00,EXC,38.1150016784668,38.1150016784668,38.1349983215332,38.11000061035156,38.1349983215332,7860.0
2024-08-01 15:18:00,FLNC,15.84000015258789,15.84000015258789,15.84000015258789,15.8100004196167,15.8100004196167,2918.0
2024-08-01 15:18:00,LNT,56.540000915527344,56.540000915527344,56.560001373291016,56.540000915527344,56.54999923706055,2866.0
2024-08-01 15:18:00,MGEE,88.55000305175781,88.55000305175781,88.55000305175781,88.55000305175781,88.55000305175781,321.0
2024-08-01 15:18:00,MNTK,5.690000057220459,5.690000057220459,5.690000057220459,5.690000057220459,5.690000057220459,163.0
2024-08-01 15:18:00,MSEX,64.70500183105469,64.70500183105469,64.70500183105469,64.70500183105469,64.70500183105469,640.0
2024-08-01 15:18:00,NFE,18.610000610351562,18.610000610351562,18.610000610351562,18.600000381469727,18.600000381469727,5920.0
2024-08-01 15:18:00,NWE,53.5,53.5,53.529998779296875,53.5,53.529998779296875,1022.0
2024-08-01 15:18:00,OPAL,3.950000047683716,3.950000047683716,3.950000047683716,3.950000047683716,3.950000047683716,523.0
2024-08-01 15:18:00,OTTR,95.00499725341797,95.00499725341797,95.00499725341797,94.93000030517578,94.93000030517578,1519.0
2024-08-01 15:18:00,XEL,58.790000915527344,58.790000915527344,58.79999923706055,58.7599983215332,58.790000915527344,9149.0
2024-08-01 15:18:00,YORW,40.86000061035156,40.86000061035156,40.86000061035156,40.86000061035156,40.86000061035156,435.0
2024-08-01 15:19:00,AEP,100.9000015258789,100.9000015258789,100.91500091552734,100.88999938964844,100.9000015258789,6739.0
2024-08-01 15:19:00,CEG,178.07000732421875,178.07000732421875,178.27999877929688,177.99000549316406,178.27000427246094,3961.0
2024-08-01 15:19:00,CWCO,28.049999237060547,28.049999237060547,28.049999237060547,28.049999237060547,28.049999237060547,429.0
2024-08-01 15:19:00,EXC,38.125,38.125,38.125,38.1150016784668,38.1150016784668,10940.0
2024-08-01 15:19:00,FLNC,15.835000038146973,15.835000038146973,15.850000381469727,15.829999923706055,15.830100059509277,7813.0
2024-08-01 15:19:00,LNT,56.560001373291016,56.560001373291016,56.560001373291016,56.54499816894531,56.54499816894531,2251.0
2024-08-01 15:19:00,NFE,18.594999313354492,18.594999313354492,18.610000610351562,18.59000015258789,18.610000610351562,11222.0
2024-08-01 15:19:00,NWE,53.525001525878906,53.525001525878906,53.525001525878906,53.5099983215332,53.5099983215332,1015.0
2024-08-01 15:19:00,XEL,58.84000015258789,58.84000015258789,58.84000015258789,58.78499984741211,58.78499984741211,8537.0
2024-08-01 15:20:00,AEP,100.80999755859375,100.80999755859375,100.9000015258789,100.80999755859375,100.88999938964844,16960.0
2024-08-01 15:20:00,AY,22.114999771118164,22.114999771118164,22.114999771118164,22.114999771118164,22.114999771118164,1519.0
2024-08-01 15:20:00,CEG,178.0800018310547,178.0800018310547,178.25999450683594,178.0749969482422,178.0749969482422,9209.0
2024-08-01 15:20:00,CREG,0.897599995136261,0.897599995136261,0.897599995136261,0.897599995136261,0.897599995136261,1500.0
2024-08-01 15:20:00,EXC,38.1349983215332,38.1349983215332,38.13999938964844,38.130001068115234,38.130001068115234,7120.0
2024-08-01 15:20:00,FLNC,15.819999694824219,15.819999694824219,15.84000015258789,15.8149995803833,15.819999694824219,9147.0
2024-08-01 15:20:00,LNT,56.560001373291016,56.560001373291016,56.56999969482422,56.560001373291016,56.56999969482422,3274.0
2024-08-01 15:20:00,MNTK,5.690000057220459,5.690000057220459,5.690000057220459,5.679999828338623,5.682000160217285,1743.0
2024-08-01 15:20:00,NFE,18.56999969482422,18.56999969482422,18.594999313354492,18.56999969482422,18.594999313354492,4060.0
2024-08-01 15:20:00,NWE,53.5099983215332,53.5099983215332,53.5099983215332,53.5099983215332,53.5099983215332,661.0
2024-08-01 15:20:00,OTTR,95.08000183105469,95.08000183105469,95.08000183105469,95.08000183105469,95.08000183105469,1923.0
2024-08-01 15:20:00,XEL,58.790000915527344,58.790000915527344,58.84000015258789,58.790000915527344,58.834999084472656,11837.0
2024-08-01 15:21:00,AEP,100.81999969482422,100.81999969482422,100.83000183105469,100.77999877929688,100.81500244140625,12872.0
2024-08-01 15:21:00,ARTNA,38.54499816894531,38.54499816894531,38.54499816894531,38.54499816894531,38.54499816894531,2044.0
2024-08-01 15:21:00,AY,22.114999771118164,22.114999771118164,22.114999771118164,22.114999771118164,22.114999771118164,452.0
2024-08-01 15:21:00,BNRG,0.7398999929428101,0.7398999929428101,0.7398999929428101,0.7398999929428101,0.7398999929428101,471.0
2024-08-01 15:21:00,CEG,178.14500427246094,178.14500427246094,178.14500427246094,177.9600067138672,178.02999877929688,1870.0
2024-08-01 15:21:00,EXC,38.13999938964844,38.13999938964844,38.13999938964844,38.1349983215332,38.1349983215332,3320.0
2024-08-01 15:21:00,FLNC,15.859999656677246,15.859999656677246,15.899999618530273,15.8149995803833,15.819999694824219,16188.0
2024-08-01 15:21:00,LNT,56.54999923706055,56.54999923706055,56.55500030517578,56.54999923706055,56.55500030517578,1548.0
2024-08-01 15:21:00,NFE,18.575000762939453,18.575000762939453,18.579999923706055,18.56999969482422,18.56999969482422,2475.0
2024-08-01 15:21:00,NWE,53.529998779296875,53.529998779296875,53.529998779296875,53.529998779296875,53.529998779296875,143.0
2024-08-01 15:21:00,RNW,5.965000152587891,5.965000152587891,5.965000152587891,5.965000152587891,5.965000152587891,159.0
2024-08-01 15:21:00,XEL,58.869998931884766,58.869998931884766,58.869998931884766,58.79999923706055,58.81999969482422,9286.0
2024-08-01 15:22:00,AEP,100.81500244140625,100.81500244140625,100.83999633789062,100.79499816894531,100.81999969482422,11076.0
2024-08-01 15:22:00,AY,22.114999771118164,22.114999771118164,22.114999771118164,22.114999771118164,22.114999771118164,2041.0
2024-08-01 15:22:00,BNRG,0.7398999929428101,0.7398999929428101,0.7398999929428101,0.7373999953269958,0.7373999953269958,930.0
2024-08-01 15:22:00,CEG,178.2550048828125,178.2550048828125,178.33999633789062,178.05999755859375,178.05999755859375,7652.0
2024-08-01 15:22:00,EXC,38.125,38.125,38.1349983215332,38.119998931884766,38.1349983215332,11587.0
2024-08-01 15:22:00,FLNC,15.850000381469727,15.850000381469727,15.869999885559082,15.850000381469727,15.869999885559082,5173.0
2024-08-01 15:22:00,LNT,56.53499984741211,56.53499984741211,56.54999923706055,56.53499984741211,56.54999923706055,3937.0
2024-08-01 15:22:00,MGEE,88.55000305175781,88.55000305175781,88.55000305175781,88.55000305175781,88.55000305175781,440.0
2024-08-01 15:22:00,NFE,18.594999313354492,18.594999313354492,18.594999313354492,18.575000762939453,18.575000762939453,6756.0
2024-08-01 15:22:00,NWE,53.51499938964844,53.51499938964844,53.51499938964844,53.51499938964844,53.51499938964844,322.0
2024-08-01 15:22:00,RNW,5.965000152587891,5.965000152587891,5.96999979019165,5.965000152587891,5.96999979019165,313.0
2024-08-01 15:22:00,XEL,58.810001373291016,58.810001373291016,58.8650016784668,58.810001373291016,58.8650016784668,9244.0
2024-08-01 15:23:00,AEP,100.83999633789062,100.83999633789062,100.87000274658203,100.80000305175781,100.80000305175781,21594.0
2024-08-01 15:23:00,CEG,178.57000732421875,178.57000732421875,178.5800018310547,178.25,178.27999877929688,10988.0
2024-08-01 15:23:00,EXC,38.125,38.125,38.12990188598633,38.119998931884766,38.119998931884766,4735.0
2024-08-01 15:23:00,FLNC,15.850000381469727,15.850000381469727,15.859999656677246,15.850000381469727,15.850000381469727,1193.0
2024-08-01 15:23:00,LNT,56.529998779296875,56.529998779296875,56.529998779296875,56.5099983215332,56.529998779296875,5827.0
2024-08-01 15:23:00,MGEE,88.5,88.5,88.5,88.5,88.5,198.0
2024-08-01 15:23:00,NFE,18.600000381469727,18.600000381469727,18.600000381469727,18.59000015258789,18.59000015258789,4445.0
2024-08-01 15:23:00,NWE,53.51499938964844,53.51499938964844,53.51499938964844,53.51499938964844,53.51499938964844,201.0
2024-08-01 15:23:00,RNW,5.96999979019165,5.96999979019165,5.96999979019165,5.96999979019165,5.96999979019165,7535.0
2024-08-01 15:23:00,XEL,58.849998474121094,58.849998474121094,58.849998474121094,58.83000183105469,58.84000015258789,8696.0
2024-08-01 15:24:00,ADN,4.514999866485596,4.514999866485596,4.514999866485596,4.514999866485596,4.514999866485596,1274.0
2024-08-01 15:24:00,AEP,100.83999633789062,100.83999633789062,100.8499984741211,100.83999633789062,100.8499984741211,2767.0
2024-08-01 15:24:00,AY,22.114999771118164,22.114999771118164,22.1200008392334,22.114999771118164,22.1200008392334,640.0
2024-08-01 15:24:00,CEG,178.47500610351562,178.47500610351562,178.72000122070312,178.27999877929688,178.60000610351562,7807.0
2024-08-01 15:24:00,CREG,0.8998000025749207,0.8998000025749207,0.8998000025749207,0.8998000025749207,0.8998000025749207,202.0
2024-08-01 15:24:00,EXC,38.125,38.125,38.130001068115234,38.11000061035156,38.125,19871.0
2024-08-01 15:24:00,FLNC,15.899999618530273,15.899999618530273,15.899999618530273,15.859999656677246,15.859999656677246,4193.0
2024-08-01 15:24:00,LNT,56.529998779296875,56.529998779296875,56.529998779296875,56.529998779296875,56.529998779296875,1869.0
2024-08-01 15:24:00,MGEE,88.52999877929688,88.52999877929688,88.52999877929688,88.52999877929688,88.52999877929688,832.0
2024-08-01 15:24:00,MNTK,5.690000057220459,5.690000057220459,5.690000057220459,5.690000057220459,5.690000057220459,395.0
2024-08-01 15:24:00,MSEX,64.87000274658203,64.87000274658203,64.87000274658203,64.70500183105469,64.79000091552734,1755.0
2024-08-01 15:24:00,NFE,18.600000381469727,18.600000381469727,18.614999771118164,18.600000381469727,18.600000381469727,8281.0
2024-08-01 15:24:00,NWE,53.51499938964844,53.51499938964844,53.51499938964844,53.51499938964844,53.51499938964844,1183.0
2024-08-01 15:24:00,RNW,5.971199989318848,5.971199989318848,5.974999904632568,5.971199989318848,5.974999904632568,1017.0
2024-08-01 15:24:00,XEL,58.86000061035156,58.86000061035156,58.8650016784668,58.83000183105469,58.84000015258789,7008.0
2024-08-01 15:25:00,AEP,100.87999725341797,100.87999725341797,100.9000015258789,100.83999633789062,100.83999633789062,7829.0
2024-08-01 15:25:00,CEG,178.1199951171875,178.1199951171875,178.57000732421875,178.0,178.47500610351562,3088.0
2024-08-01 15:25:00,EXC,38.154998779296875,38.154998779296875,38.16999816894531,38.119998931884766,38.119998931884766,14690.0
2024-08-01 15:25:00,FLNC,15.90999984741211,15.90999984741211,15.920000076293945,15.899999618530273,15.899999618530273,3583.0
2024-08-01 15:25:00,LNT,56.560001373291016,56.560001373291016,56.564998626708984,56.529998779296875,56.529998779296875,7142.0
2024-08-01 15:25:00,MGEE,88.58999633789062,88.58999633789062,88.58999633789062,88.52999877929688,88.52999877929688,2767.0
2024-08-01 15:25:00,MNTK,5.699999809265137,5.699999809265137,5.699999809265137,5.699999809265137,5.699999809265137,471.0
2024-08-01 15:25:00,NFE,18.594999313354492,18.594999313354492,18.600000381469727,18.590999603271484,18.600000381469727,1854.0
2024-08-01 15:25:00,NWE,53.5,53.5,53.540000915527344,53.5,53.52000045776367,4720.0
2024-08-01 15:25:00,OPAL,3.9800000190734863,3.9800000190734863,3.9800000190734863,3.9800000190734863,3.9800000190734863,359.0
2024-08-01 15:25:00,PCYO,10.539999961853027,10.539999961853027,10.539999961853027,10.539999961853027,10.539999961853027,1467.0
2024-08-01 15:25:00,RNW,5.980000019073486,5.980000019073486,5.980000019073486,5.974999904632568,5.974999904632568,1909.0
2024-08-01 15:25:00,XEL,58.86000061035156,58.86000061035156,58.86000061035156,58.790000915527344,58.849998474121094,8937.0
2024-08-01 15:26:00,AEP,100.91000366210938,100.91000366210938,100.92990112304688,100.87000274658203,100.88999938964844,7538.0
2024-08-01 15:26:00,CEG,178.60000610351562,178.60000610351562,178.60000610351562,178.1699981689453,178.1699981689453,6593.0
2024-08-01 15:26:00,EXC,38.165000915527344,38.165000915527344,38.165000915527344,38.154998779296875,38.154998779296875,7250.0
2024-08-01 15:26:00,FLNC,15.9350004196167,15.9350004196167,15.9350004196167,15.90999984741211,15.90999984741211,2154.0
2024-08-01 15:26:00,LNT,56.59000015258789,56.59000015258789,56.59000015258789,56.54999923706055,56.54999923706055,4418.0
2024-08-01 15:26:00,MNTK,5.71999979019165,5.71999979019165,5.71999979019165,5.71999979019165,5.71999979019165,462.0
2024-08-01 15:26:00,NFE,18.6200008392334,18.6200008392334,18.6299991607666,18.594999313354492,18.594999313354492,13594.0
2024-08-01 15:26:00,NWE,53.5,53.5,53.5,53.5,53.5,510.0
2024-08-01 15:26:00,OPAL,3.950000047683716,3.950000047683716,3.950000047683716,3.950000047683716,3.950000047683716,208.0
2024-08-01 15:26:00,OTTR,95.44000244140625,95.44000244140625,95.44000244140625,95.44000244140625,95.44000244140625,311.0
2024-08-01 15:26:00,RNW,5.989999771118164,5.989999771118164,5.989999771118164,5.974999904632568,5.974999904632568,5722.0
2024-08-01 15:26:00,XEL,58.86790084838867,58.86790084838867,58.869998931884766,58.79999923706055,58.869998931884766,7581.0
2024-08-01 15:26:00,YORW,40.9900016784668,40.9900016784668,40.9900016784668,40.9900016784668,40.9900016784668,380.0
2024-08-01 15:27:00,AEP,100.91999816894531,100.91999816894531,100.91999816894531,100.87999725341797,100.91999816894531,5915.0
2024-08-01 15:27:00,AY,22.1200008392334,22.1200008392334,22.1200008392334,22.1200008392334,22.1200008392334,1057.0
2024-08-01 15:27:00,BNRG,0.7398999929428101,0.7398999929428101,0.7398999929428101,0.7398999929428101,0.7398999929428101,301.0
2024-08-01 15:27:00,CEG,178.30499267578125,178.30499267578125,178.625,178.1699981689453,178.53500366210938,3408.0
2024-08-01 15:27:00,CWCO,28.079999923706055,28.079999923706055,28.079999923706055,28.079999923706055,28.079999923706055,357.0
2024-08-01 15:27:00,EXC,38.154998779296875,38.154998779296875,38.165000915527344,38.154998779296875,38.15999984741211,13256.0
2024-08-01 15:27:00,FLNC,15.9350004196167,15.9350004196167,15.9399995803833,15.920000076293945,15.9399995803833,2267.0
2024-08-01 15:27:00,LNT,56.564998626708984,56.564998626708984,56.59000015258789,56.564998626708984,56.59000015258789,5178.0
2024-08-01 15:27:00,MGEE,88.5999984741211,88.5999984741211,88.62000274658203,88.5999984741211,88.62000274658203,1098.0
2024-08-01 15:27:00,MNTK,5.724999904632568,5.724999904632568,5.724999904632568,5.724999904632568,5.724999904632568,1003.0
2024-08-01 15:27:00,NFE,18.60099983215332,18.60099983215332,18.624799728393555,18.60099983215332,18.624799728393555,6544.0
2024-08-01 15:27:00,NWE,53.53499984741211,53.53499984741211,53.53499984741211,53.5099983215332,53.52000045776367,3762.0
2024-08-01 15:27:00,RNW,5.989999771118164,5.989999771118164,5.989999771118164,5.989999771118164,5.989999771118164,3743.0
2024-08-01 15:27:00,XEL,58.900001525878906,58.900001525878906,58.900001525878906,58.810001373291016,58.869998931884766,22964.0
2024-08-01 15:27:00,YORW,40.98500061035156,40.98500061035156,40.98500061035156,40.98500061035156,40.98500061035156,248.0
2024-08-01 15:28:00,AEP,100.94000244140625,100.94000244140625,100.95999908447266,100.91999816894531,100.91999816894531,23688.0
2024-08-01 15:28:00,AY,22.114999771118164,22.114999771118164,22.1200008392334,22.114999771118164,22.1200008392334,4337.0
2024-08-01 15:28:00,CDZI,3.5299999713897705,3.5299999713897705,3.5299999713897705,3.5299999713897705,3.5299999713897705,340.0
2024-08-01 15:28:00,CEG,177.94000244140625,177.94000244140625,178.27999877929688,177.80999755859375,178.2100067138672,4911.0
2024-08-01 15:28:00,EXC,38.154998779296875,38.154998779296875,38.154998779296875,38.154998779296875,38.154998779296875,4822.0
2024-08-01 15:28:00,FLNC,15.9399995803833,15.9399995803833,15.949999809265137,15.930100440979004,15.930100440979004,4239.0
2024-08-01 15:28:00,LNT,56.59000015258789,56.59000015258789,56.59000015258789,56.564998626708984,56.564998626708984,5070.0
2024-08-01 15:28:00,MNTK,5.730000019073486,5.730000019073486,5.730000019073486,5.730000019073486,5.730000019073486,205.0
2024-08-01 15:28:00,NFE,18.594999313354492,18.594999313354492,18.604999542236328,18.59000015258789,18.604999542236328,8351.0
2024-08-01 15:28:00,RNW,6.0,6.0,6.0,5.994999885559082,5.994999885559082,6523.0
2024-08-01 15:28:00,XEL,58.90999984741211,58.90999984741211,58.93000030517578,58.900001525878906,58.90999984741211,7951.0
2024-08-01 15:29:00,AEP,100.97000122070312,100.97000122070312,100.97000122070312,100.93000030517578,100.94000244140625,6496.0
2024-08-01 15:29:00,CEG,178.04469299316406,178.04469299316406,178.12899780273438,177.91000366210938,178.07000732421875,7139.0
2024-08-01 15:29:00,EXC,38.154998779296875,38.154998779296875,38.165000915527344,38.150001525878906,38.154998779296875,12261.0
2024-08-01 15:29:00,FLNC,15.9399995803833,15.9399995803833,15.9399995803833,15.925000190734863,15.9399995803833,3921.0
2024-08-01 15:29:00,LNT,56.56999969482422,56.56999969482422,56.58000183105469,56.564998626708984,56.56999969482422,3533.0
2024-08-01 15:29:00,MNTK,5.75,5.75,5.75,5.739999771118164,5.739999771118164,2158.0
2024-08-01 15:29:00,MSEX,64.77999877929688,64.77999877929688,64.81999969482422,64.77999877929688,64.81999969482422,227.0
2024-08-01 15:29:00,NFE,18.594999313354492,18.594999313354492,18.594999313354492,18.59000015258789,18.594999313354492,3521.0
2024-08-01 15:29:00,NWE,53.5099983215332,53.5099983215332,53.5099983215332,53.494998931884766,53.5,2004.0
2024-08-01 15:29:00,OTTR,95.44999694824219,95.44999694824219,95.44999694824219,95.44999694824219,95.44999694824219,1015.0
2024-08-01 15:29:00,RNW,5.994999885559082,5.994999885559082,6.0,5.994999885559082,6.0,4561.0
2024-08-01 15:29:00,XEL,58.90999984741211,58.90999984741211,58.90999984741211,58.900001525878906,58.90999984741211,3704.0
2024-08-01 15:30:00,AEP,100.94999694824219,100.94999694824219,101.01000213623047,100.94000244140625,100.9800033569336,14007.0
2024-08-01 15:30:00,AY,22.114999771118164,22.114999771118164,22.1200008392334,22.114999771118164,22.1200008392334,2124.0
2024-08-01 15:30:00,CEG,178.16000366210938,178.16000366210938,178.25999450683594,178.0500030517578,178.1699981689453,7982.0
2024-08-01 15:30:00,EXC,38.150001525878906,38.150001525878906,38.16999816894531,38.150001525878906,38.154998779296875,12651.0
2024-08-01 15:30:00,FLNC,15.970000267028809,15.970000267028809,15.970000267028809,15.949999809265137,15.949999809265137,7501.0
2024-08-01 15:30:00,LNT,56.58000183105469,56.58000183105469,56.61000061035156,56.56999969482422,56.56999969482422,6945.0
2024-08-01 15:30:00,MGEE,88.4749984741211,88.4749984741211,88.4749984741211,88.4749984741211,88.4749984741211,1055.0
2024-08-01 15:30:00,MNTK,5.75,5.75,5.75,5.75,5.75,246.0
2024-08-01 15:30:00,MSEX,64.86000061035156,64.86000061035156,64.88929748535156,64.86000061035156,64.88929748535156,485.0
2024-08-01 15:30:00,NFE,18.6299991607666,18.6299991607666,18.670000076293945,18.594999313354492,18.594999313354492,80197.0
2024-08-01 15:30:00,NWE,53.5,53.5,53.52000045776367,53.5,53.52000045776367,1691.0
2024-08-01 15:30:00,RNW,6.0,6.0,6.0,6.0,6.0,3087.0
2024-08-01 15:30:00,XEL,58.88999938964844,58.88999938964844,58.91999816894531,58.88999938964844,58.90999984741211,12904.0
2024-08-01 15:31:00,AEP,100.9749984741211,100.9749984741211,100.9800033569336,100.94999694824219,100.94999694824219,7673.0
2024-08-01 15:31:00,CEG,178.38499450683594,178.38499450683594,178.4199981689453,178.14999389648438,178.16000366210938,9179.0
2024-08-01 15:31:00,EXC,38.154998779296875,38.154998779296875,38.165000915527344,38.154998779296875,38.154998779296875,15632.0
2024-08-01 15:31:00,FLNC,15.979999542236328,15.979999542236328,16.0,15.949999809265137,15.949999809265137,8432.0
2024-08-01 15:31:00,LNT,56.58000183105469,56.58000183105469,56.584999084472656,56.58000183105469,56.58000183105469,4370.0
2024-08-01 15:31:00,MNTK,5.769999980926514,5.769999980926514,5.769999980926514,5.769999980926514,5.769999980926514,912.0
2024-08-01 15:31:00,MSEX,64.86499786376953,64.86499786376953,64.86499786376953,64.86499786376953,64.86499786376953,110.0
2024-08-01 15:31:00,NFE,18.610000610351562,18.610000610351562,18.6299991607666,18.610000610351562,18.6200008392334,7597.0
2024-08-01 15:31:00,NWE,53.5,53.5,53.5,53.5,53.5,1415.0
2024-08-01 15:31:00,OPAL,3.950000047683716,3.950000047683716,3.950000047683716,3.950000047683716,3.950000047683716,1161.0
2024-08-01 15:31:00,OTTR,95.56780242919922,95.56780242919922,95.58999633789062,95.56780242919922,95.58999633789062,816.0
2024-08-01 15:31:00,RNW,6.0,6.0,6.0,5.994999885559082,6.0,4553.0
2024-08-01 15:31:00,XEL,58.88100051879883,58.88100051879883,58.899898529052734,58.869998931884766,58.88999938964844,10702.0
2024-08-01 15:32:00,AEP,101.04000091552734,101.04000091552734,101.04000091552734,100.97000122070312,100.97000122070312,7165.0
2024-08-01 15:32:00,AY,22.1200008392334,22.1200008392334,22.125,22.110000610351562,22.114999771118164,5476.0
2024-08-01 15:32:00,CEG,178.3350067138672,178.3350067138672,178.4199981689453,178.13999938964844,178.41000366210938,18164.0
2024-08-01 15:32:00,EXC,38.20500183105469,38.20500183105469,38.209999084472656,38.150001525878906,38.154998779296875,20724.0
2024-08-01 15:32:00,FLNC,16.0,16.0,16.0049991607666,15.979999542236328,15.989999771118164,10072.0
2024-08-01 15:32:00,LNT,56.6150016784668,56.6150016784668,56.619998931884766,56.56999969482422,56.56999969482422,6133.0
2024-08-01 15:32:00,MNTK,5.789999961853027,5.789999961853027,5.789999961853027,5.789999961853027,5.789999961853027,183.0
2024-08-01 15:32:00,MSEX,65.25,65.25,65.25,64.83999633789062,64.83999633789062,2599.0
2024-08-01 15:32:00,NFE,18.600000381469727,18.600000381469727,18.610000610351562,18.600000381469727,18.610000610351562,10401.0
2024-08-01 15:32:00,NWE,53.540000915527344,53.540000915527344,53.540000915527344,53.5,53.5,1891.0
2024-08-01 15:32:00,RNW,6.0,6.0,6.0,5.994999885559082,6.0,5310.0
2024-08-01 15:32:00,XEL,58.93000030517578,58.93000030517578,58.93000030517578,58.880001068115234,58.89500045776367,10440.0
2024-08-01 15:33:00,AEP,101.06999969482422,101.06999969482422,101.06999969482422,101.02999877929688,101.02999877929688,6532.0
2024-08-01 15:33:00,ARTNA,38.79999923706055,38.79999923706055,38.79999923706055,38.77000045776367,38.77000045776367,1446.0
2024-08-01 15:33:00,AY,22.125,22.125,22.1299991607666,22.1200008392334,22.125,17658.0
2024-08-01 15:33:00,CDZI,3.5299999713897705,3.5299999713897705,3.5299999713897705,3.5299999713897705,3.5299999713897705,602.0
2024-08-01 15:33:00,CEG,178.5,178.5,178.5,178.3350067138672,178.3350067138672,7591.0
2024-08-01 15:33:00,EXC,38.20500183105469,38.20500183105469,38.209999084472656,38.20000076293945,38.20500183105469,15573.0
2024-08-01 15:33:00,FLNC,16.010000228881836,16.010000228881836,16.014999389648438,15.989999771118164,16.0,4429.0
2024-08-01 15:33:00,HTOO,0.8100000023841858,0.8100000023841858,0.8100000023841858,0.8100000023841858,0.8100000023841858,400.0
2024-08-01 15:33:00,LNT,56.61000061035156,56.61000061035156,56.619998931884766,56.61000061035156,56.6150016784668,4411.0
2024-08-01 15:33:00,MNTK,5.789999961853027,5.789999961853027,5.789999961853027,5.789999961853027,5.789999961853027,313.0
2024-08-01 15:33:00,MSEX,65.26000213623047,65.26000213623047,65.33499908447266,65.25,65.33499908447266,1585.0
2024-08-01 15:33:00,NFE,18.660499572753906,18.660499572753906,18.670000076293945,18.600000381469727,18.600000381469727,31599.0
2024-08-01 15:33:00,NWE,53.55500030517578,53.55500030517578,53.55500030517578,53.55500030517578,53.55500030517578,789.0
2024-08-01 15:33:00,RNW,6.0,6.0,6.005000114440918,5.994999885559082,6.0,21056.0
2024-08-01 15:33:00,XEL,58.959999084472656,58.959999084472656,58.959999084472656,58.90999984741211,58.935001373291016,10896.0
2024-08-01 15:33:00,YORW,41.04999923706055,41.04999923706055,41.04999923706055,41.04999923706055,41.04999923706055,847.0
2024-08-01 15:34:00,AEP,101.05000305175781,101.05000305175781,101.05999755859375,101.0199966430664,101.05999755859375,15020.0
2024-08-01 15:34:00,AY,22.12030029296875,22.12030029296875,22.125,22.12030029296875,22.125,17457.0
2024-08-01 15:34:00,BNRG,0.7373999953269958,0.7373999953269958,0.7398999929428101,0.7373999953269958,0.7398999929428101,5250.0
2024-08-01 15:34:00,CEG,178.32000732421875,178.32000732421875,178.57000732421875,178.2689971923828,178.4499969482422,14869.0
2024-08-01 15:34:00,EXC,38.21500015258789,38.21500015258789,38.220001220703125,38.20500183105469,38.20500183105469,9038.0
2024-08-01 15:34:00,FLNC,15.949999809265137,15.949999809265137,16.0,15.949999809265137,16.0,9950.0
2024-08-01 15:34:00,HTOO,0.8100000023841858,0.8100000023841858,0.8100000023841858,0.8100000023841858,0.8100000023841858,0.0
2024-08-01 15:34:00,LNT,56.60499954223633,56.60499954223633,56.61000061035156,56.595001220703125,56.60499954223633,5164.0
2024-08-01 15:34:00,MNTK,5.789999961853027,5.789999961853027,5.789999961853027,5.78000020980835,5.78000020980835,265.0
2024-08-01 15:34:00,MSEX,65.56999969482422,65.56999969482422,65.56999969482422,65.30500030517578,65.30500030517578,2023.0
2024-08-01 15:34:00,NFE,18.639999389648438,18.639999389648438,18.65999984741211,18.631000518798828,18.65999984741211,7797.0
2024-08-01 15:34:00,NWE,53.564998626708984,53.564998626708984,53.564998626708984,53.560001373291016,53.560001373291016,576.0
2024-08-01 15:34:00,RNW,5.994999885559082,5.994999885559082,6.0,5.994999885559082,5.994999885559082,5592.0
2024-08-01 15:34:00,XEL,58.959999084472656,58.959999084472656,58.970001220703125,58.92399978637695,58.970001220703125,10727.0
2024-08-01 15:35:00,AEP,101.12000274658203,101.12000274658203,101.12999725341797,101.05500030517578,101.05500030517578,16763.0
2024-08-01 15:35:00,AY,22.125,22.125,22.125,22.125,22.125,10488.0
2024-08-01 15:35:00,BNRG,0.7350999712944031,0.7350999712944031,0.7350999712944031,0.7350999712944031,0.7350999712944031,240.0
2024-08-01 15:35:00,CEG,178.52000427246094,178.52000427246094,178.58999633789062,178.22000122070312,178.38800048828125,14662.0
2024-08-01 15:35:00,CREG,0.8935999870300293,0.8935999870300293,0.8935999870300293,0.8920000195503235,0.8920000195503235,4594.0
2024-08-01 15:35:00,CWCO,28.1200008392334,28.1200008392334,28.1200008392334,28.1200008392334,28.1200008392334,108.0
2024-08-01 15:35:00,EXC,38.244998931884766,38.244998931884766,38.244998931884766,38.209999084472656,38.21500015258789,18313.0
2024-08-01 15:35:00,FLNC,15.9399995803833,15.9399995803833,15.96500015258789,15.930000305175781,15.949999809265137,8859.0
2024-08-01 15:35:00,LNT,56.64500045776367,56.64500045776367,56.650001525878906,56.61000061035156,56.61000061035156,9454.0
2024-08-01 15:35:00,MNTK,5.78000020980835,5.78000020980835,5.789999961853027,5.78000020980835,5.789999961853027,1500.0
2024-08-01 15:35:00,NFE,18.625,18.625,18.649999618530273,18.6200008392334,18.639999389648438,8886.0
2024-08-01 15:35:00,NWE,53.56999969482422,53.56999969482422,53.58000183105469,53.564998626708984,53.564998626708984,924.0
2024-08-01 15:35:00,OPAL,3.950000047683716,3.950000047683716,3.950000047683716,3.950000047683716,3.950000047683716,378.0
2024-08-01 15:35:00,OTTR,95.69000244140625,95.69000244140625,95.69000244140625,95.69000244140625,95.69000244140625,423.0
2024-08-01 15:35:00,RGCO,21.81999969482422,21.81999969482422,21.81999969482422,21.81999969482422,21.81999969482422,1919.0
2024-08-01 15:35:00,RNW,5.994999885559082,5.994999885559082,6.0,5.994999885559082,5.994999885559082,5102.0
2024-08-01 15:35:00,XEL,59.0369987487793,59.0369987487793,59.0369987487793,58.959999084472656,58.959999084472656,10405.0
2024-08-01 15:36:00,AEP,101.1500015258789,101.1500015258789,101.16000366210938,101.11000061035156,101.11000061035156,6871.0
2024-08-01 15:36:00,AY,22.125,22.125,22.125,22.125,22.125,15689.0
2024-08-01 15:36:00,CEG,178.62820434570312,178.62820434570312,178.68499755859375,178.42999267578125,178.44000244140625,7683.0
2024-08-01 15:36:00,CWCO,28.049999237060547,28.049999237060547,28.100000381469727,28.049999237060547,28.100000381469727,483.0
2024-08-01 15:36:00,EXC,38.23500061035156,38.23500061035156,38.2400016784668,38.22999954223633,38.2400016784668,10449.0
2024-08-01 15:36:00,FLNC,15.899999618530273,15.899999618530273,15.9399995803833,15.899999618530273,15.930000305175781,7059.0
2024-08-01 15:36:00,LNT,56.630001068115234,56.630001068115234,56.64500045776367,56.630001068115234,56.63999938964844,2192.0
2024-08-01 15:36:00,MNTK,5.760000228881836,5.760000228881836,5.769999980926514,5.760000228881836,5.769999980926514,487.0
2024-08-01 15:36:00,NFE,18.584999084472656,18.584999084472656,18.6200008392334,18.579999923706055,18.6200008392334,8621.0
2024-08-01 15:36:00,NWE,53.529998779296875,53.529998779296875,53.54999923706055,53.5,53.54999923706055,2466.0
2024-08-01 15:36:00,RNW,5.985000133514404,5.985000133514404,5.994999885559082,5.980000019073486,5.989999771118164,14314.0
2024-08-01 15:36:00,XEL,59.06999969482422,59.06999969482422,59.079898834228516,59.029998779296875,59.040000915527344,11944.0
2024-08-01 15:36:00,YORW,41.029998779296875,41.029998779296875,41.029998779296875,41.029998779296875,41.029998779296875,901.0
2024-08-01 15:37:00,AEP,101.19999694824219,101.19999694824219,101.20989990234375,101.13999938964844,101.14990234375,10270.0
2024-08-01 15:37:00,CEG,178.5399932861328,178.5399932861328,178.69000244140625,178.47000122070312,178.61000061035156,3860.0
2024-08-01 15:37:00,EXC,38.275001525878906,38.275001525878906,38.275001525878906,38.23500061035156,38.23500061035156,14433.0
2024-08-01 15:37:00,FLNC,15.892499923706055,15.892499923706055,15.90999984741211,15.890000343322754,15.90999984741211,2281.0
2024-08-01 15:37:00,LNT,56.652801513671875,56.652801513671875,56.65999984741211,56.63999938964844,56.63999938964844,7165.0
2024-08-01 15:37:00,NFE,18.575000762939453,18.575000762939453,18.594999313354492,18.575000762939453,18.59000015258789,8123.0
2024-08-01 15:37:00,OTTR,95.63999938964844,95.63999938964844,95.7300033569336,95.63999938964844,95.7300033569336,2772.0
2024-08-01 15:37:00,XEL,59.12929916381836,59.12929916381836,59.12929916381836,59.08000183105469,59.08000183105469,6338.0
2024-08-01 15:38:00,AEP,101.19000244140625,101.19000244140625,101.26000213623047,101.16999816894531,101.19999694824219,30726.0
2024-08-01 15:38:00,AY,22.125,22.125,22.125,22.125,22.125,15266.0
2024-08-01 15:38:00,CEG,178.52499389648438,178.52499389648438,178.6699981689453,178.47000122070312,178.47000122070312,14156.0
2024-08-01 15:38:00,CWCO,28.049999237060547,28.049999237060547,28.06999969482422,28.049999237060547,28.06999969482422,1189.0
2024-08-01 15:38:00,EXC,38.26499938964844,38.26499938964844,38.27000045776367,38.2599983215332,38.27000045776367,9327.0
2024-08-01 15:38:00,FLNC,15.949999809265137,15.949999809265137,15.954999923706055,15.899999618530273,15.899999618530273,9763.0
2024-08-01 15:38:00,LNT,56.654998779296875,56.654998779296875,56.65999984741211,56.64500045776367,56.654998779296875,3447.0
2024-08-01 15:38:00,MGEE,88.5,88.5,88.52999877929688,88.5,88.52999877929688,481.0
2024-08-01 15:38:00,NFE,18.56999969482422,18.56999969482422,18.575000762939453,18.56100082397461,18.575000762939453,4257.0
2024-08-01 15:38:00,NWE,53.5099983215332,53.5099983215332,53.529998779296875,53.5099983215332,53.529998779296875,391.0
2024-08-01 15:38:00,RNW,5.985000133514404,5.985000133514404,5.989999771118164,5.985000133514404,5.985000133514404,6803.0
2024-08-01 15:38:00,XEL,59.125,59.125,59.13999938964844,59.125,59.13999938964844,6725.0
2024-08-01 15:39:00,AEP,101.2699966430664,101.2699966430664,101.29000091552734,101.18000030517578,101.19000244140625,12099.0
2024-08-01 15:39:00,AY,22.1299991607666,22.1299991607666,22.1299991607666,22.1299991607666,22.1299991607666,143.0
2024-08-01 15:39:00,CEG,178.47000122070312,178.47000122070312,178.6699981689453,178.38499450683594,178.6699981689453,8404.0
2024-08-01 15:39:00,CWCO,28.100000381469727,28.100000381469727,28.100000381469727,28.09000015258789,28.09000015258789,590.0
2024-08-01 15:39:00,EXC,38.275001525878906,38.275001525878906,38.279998779296875,38.2599983215332,38.26499938964844,7937.0
2024-08-01 15:39:00,FLNC,15.920000076293945,15.920000076293945,15.9399995803833,15.899999618530273,15.9399995803833,3603.0
2024-08-01 15:39:00,LNT,56.665000915527344,56.665000915527344,56.665000915527344,56.650001525878906,56.654998779296875,7000.0
2024-08-01 15:39:00,MGEE,88.5999984741211,88.5999984741211,88.5999984741211,88.55999755859375,88.55999755859375,952.0
2024-08-01 15:39:00,MNTK,5.78000020980835,5.78000020980835,5.78000020980835,5.78000020980835,5.78000020980835,1719.0
2024-08-01 15:39:00,MSEX,65.33200073242188,65.33200073242188,65.47000122070312,65.33200073242188,65.47000122070312,1515.0
2024-08-01 15:39:00,NFE,18.600000381469727,18.600000381469727,18.600000381469727,18.559999465942383,18.56999969482422,12364.0
2024-08-01 15:39:00,NWE,53.540000915527344,53.540000915527344,53.560001373291016,53.540000915527344,53.540000915527344,2694.0
2024-08-01 15:39:00,OPAL,3.950000047683716,3.950000047683716,3.950000047683716,3.950000047683716,3.950000047683716,941.0
2024-08-01 15:39:00,RNW,5.989999771118164,5.989999771118164,5.989999771118164,5.989999771118164,5.989999771118164,1321.0
2024-08-01 15:39:00,XEL,59.10350036621094,59.10350036621094,59.130001068115234,59.095001220703125,59.119998931884766,12715.0
2024-08-01 15:40:00,AEP,101.22000122070312,101.22000122070312,101.27999877929688,101.19499969482422,101.27999877929688,20855.0
2024-08-01 15:40:00,AY,22.125,22.125,22.125,22.125,22.125,1240.0
2024-08-01 15:40:00,CEG,178.1300048828125,178.1300048828125,178.55999755859375,178.08999633789062,178.47999572753906,7263.0
2024-08-01 15:40:00,CREG,0.890999972820282,0.890999972820282,0.890999972820282,0.890999972820282,0.890999972820282,405.0
2024-08-01 15:40:00,CWCO,28.170000076293945,28.170000076293945,28.170000076293945,28.1299991607666,28.1299991607666,1174.0
2024-08-01 15:40:00,EXC,38.30500030517578,38.30500030517578,38.310001373291016,38.279998779296875,38.279998779296875,15562.0
2024-08-01 15:40:00,FLNC,15.90999984741211,15.90999984741211,15.90999984741211,15.899999618530273,15.899999618530273,2200.0
2024-08-01 15:40:00,LNT,56.67499923706055,56.67499923706055,56.67499923706055,56.65999984741211,56.65999984741211,6186.0
2024-08-01 15:40:00,MGEE,88.62999725341797,88.62999725341797,88.62999725341797,88.5999984741211,88.61000061035156,2242.0
2024-08-01 15:40:00,NFE,18.610000610351562,18.610000610351562,18.6200008392334,18.575000762939453,18.59000015258789,22187.0
2024-08-01 15:40:00,NWE,53.55500030517578,53.55500030517578,53.55500030517578,53.55500030517578,53.55500030517578,653.0
2024-08-01 15:40:00,RNW,5.994999885559082,5.994999885559082,6.0,5.989999771118164,5.989999771118164,7481.0
2024-08-01 15:40:00,XEL,59.119998931884766,59.119998931884766,59.150001525878906,59.09000015258789,59.11000061035156,17065.0
2024-08-01 15:41:00,AEP,101.1500015258789,101.1500015258789,101.22000122070312,101.1500015258789,101.22000122070312,7562.0
2024-08-01 15:41:00,BNRG,0.7398999929428101,0.7398999929428101,0.7398999929428101,0.7398999929428101,0.7398999929428101,236.0
2024-08-01 15:41:00,CDZI,3.5350000858306885,3.5350000858306885,3.5350000858306885,3.531399965286255,3.531399965286255,561.0
2024-08-01 15:41:00,CEG,177.86000061035156,177.86000061035156,178.17999267578125,177.86000061035156,178.1300048828125,13800.0
2024-08-01 15:41:00,CREG,0.8600000143051147,0.8600000143051147,0.8700000047683716,0.8600000143051147,0.8700000047683716,4067.0
2024-08-01 15:41:00,EXC,38.275001525878906,38.275001525878906,38.30500030517578,38.275001525878906,38.30500030517578,28067.0
2024-08-01 15:41:00,FLNC,15.899999618530273,15.899999618530273,15.90999984741211,15.899999618530273,15.904999732971191,2038.0
2024-08-01 15:41:00,LNT,56.685001373291016,56.685001373291016,56.689998626708984,56.665000915527344,56.66999816894531,5846.0
2024-08-01 15:41:00,NFE,18.600000381469727,18.600000381469727,18.610000610351562,18.59000015258789,18.610000610351562,10251.0
2024-08-01 15:41:00,NWE,53.55500030517578,53.55500030517578,53.55500030517578,53.540000915527344,53.540000915527344,1413.0
2024-08-01 15:41:00,OPAL,3.950000047683716,3.950000047683716,3.950000047683716,3.950000047683716,3.950000047683716,333.0
2024-08-01 15:41:00,RNW,6.0,6.0,6.0,5.994999885559082,6.0,3207.0
2024-08-01 15:41:00,XEL,59.11000061035156,59.11000061035156,59.119998931884766,59.099998474121094,59.119998931884766,8733.0
2024-08-01 15:42:00,AEP,101.19999694824219,101.19999694824219,101.22000122070312,101.16000366210938,101.16000366210938,9446.0
2024-08-01 15:42:00,CEG,177.90499877929688,177.90499877929688,177.97999572753906,177.7899932861328,177.7899932861328,15801.0
2024-08-01 15:42:00,CWCO,28.149999618530273,28.149999618530273,28.149999618530273,28.149999618530273,28.149999618530273,2582.0
2024-08-01 15:42:00,EXC,38.275001525878906,38.275001525878906,38.275001525878906,38.275001525878906,38.275001525878906,4752.0
2024-08-01 15:42:00,FLNC,15.880000114440918,15.880000114440918,15.899999618530273,15.880000114440918,15.899999618530273,5970.0
2024-08-01 15:42:00,LNT,56.685001373291016,56.685001373291016,56.709999084472656,56.68000030517578,56.68000030517578,10398.0
2024-08-01 15:42:00,MSEX,65.4800033569336,65.4800033569336,65.4800033569336,65.4000015258789,65.4000015258789,258.0
2024-08-01 15:42:00,NFE,18.670000076293945,18.670000076293945,18.674999237060547,18.600000381469727,18.600000381469727,43338.0
2024-08-01 15:42:00,NWE,53.56999969482422,53.56999969482422,53.56999969482422,53.56999969482422,53.56999969482422,1567.0
2024-08-01 15:42:00,OPAL,3.950000047683716,3.950000047683716,3.950000047683716,3.950000047683716,3.950000047683716,435.0
2024-08-01 15:42:00,RNW,6.0,6.0,6.0,5.994999885559082,5.994999885559082,4390.0
2024-08-01 15:42:00,XEL,59.08000183105469,59.08000183105469,59.130001068115234,59.08000183105469,59.09000015258789,8417.0
2024-08-01 15:43:00,AEP,101.20349884033203,101.20349884033203,101.23609924316406,101.19100189208984,101.19499969482422,11421.0
2024-08-01 15:43:00,AY,22.125,22.125,22.125,22.125,22.125,15710.0
2024-08-01 15:43:00,CEG,177.91000366210938,177.91000366210938,177.9149932861328,177.52999877929688,177.84730529785156,14623.0
2024-08-01 15:43:00,EXC,38.275001525878906,38.275001525878906,38.279998779296875,38.26499938964844,38.275001525878906,13879.0
2024-08-01 15:43:00,FLNC,15.869999885559082,15.869999885559082,15.880000114440918,15.850000381469727,15.869999885559082,5722.0
2024-08-01 15:43:00,LNT,56.689998626708984,56.689998626708984,56.70000076293945,56.67499923706055,56.68000030517578,5659.0
2024-08-01 15:43:00,MNTK,5.78000020980835,5.78000020980835,5.78000020980835,5.760000228881836,5.760000228881836,7217.0
2024-08-01 15:43:00,MSEX,65.58000183105469,65.58000183105469,65.58000183105469,65.43000030517578,65.43000030517578,910.0
2024-08-01 15:43:00,NFE,18.670000076293945,18.670000076293945,18.68000030517578,18.670000076293945,18.670000076293945,7046.0
2024-08-01 15:43:00,NWE,53.57500076293945,53.57500076293945,53.57500076293945,53.57500076293945,53.57500076293945,522.0
2024-08-01 15:43:00,OTTR,95.62000274658203,95.62000274658203,95.62000274658203,95.62000274658203,95.62000274658203,2006.0
2024-08-01 15:43:00,RNW,6.0,6.0,6.0,5.994999885559082,5.994999885559082,1450.0
2024-08-01 15:43:00,XEL,59.09000015258789,59.09000015258789,59.095001220703125,59.08000183105469,59.08100128173828,11720.0
2024-08-01 15:44:00,AEP,101.20999908447266,101.20999908447266,101.26000213623047,101.19000244140625,101.19999694824219,21342.0
2024-08-01 15:44:00,AY,22.1299991607666,22.1299991607666,22.1299991607666,22.125,22.125,23387.0
2024-08-01 15:44:00,CDZI,3.5399999618530273,3.5399999618530273,3.5399999618530273,3.5399999618530273,3.5399999618530273,450.0
2024-08-01 15:44:00,CEG,177.67999267578125,177.67999267578125,177.83999633789062,177.66009521484375,177.83999633789062,6237.0
2024-08-01 15:44:00,CREG,0.8519999980926514,0.8519999980926514,0.8519999980926514,0.8519999980926514,0.8519999980926514,0.0
2024-08-01 15:44:00,EXC,38.28499984741211,38.28499984741211,38.310001373291016,38.275001525878906,38.275001525878906,42415.0
2024-08-01 15:44:00,FLNC,15.859999656677246,15.859999656677246,15.869999885559082,15.850000381469727,15.869999885559082,3836.0
2024-08-01 15:44:00,LNT,56.70500183105469,56.70500183105469,56.71500015258789,56.70000076293945,56.70000076293945,6361.0
2024-08-01 15:44:00,MGEE,88.55999755859375,88.55999755859375,88.6449966430664,88.55999755859375,88.62999725341797,3027.0
2024-08-01 15:44:00,NFE,18.674999237060547,18.674999237060547,18.68000030517578,18.670000076293945,18.670000076293945,11507.0
2024-08-01 15:44:00,NWE,53.57500076293945,53.57500076293945,53.58000183105469,53.56999969482422,53.58000183105469,1922.0
2024-08-01 15:44:00,OPAL,3.9600000381469727,3.9600000381469727,3.9600000381469727,3.9600000381469727,3.9600000381469727,991.0
2024-08-01 15:44:00,RNW,5.994999885559082,5.994999885559082,6.0,5.994999885559082,5.994999885559082,3340.0
2024-08-01 15:44:00,XEL,59.06999969482422,59.06999969482422,59.095001220703125,59.06999969482422,59.09000015258789,19234.0
2024-08-01 15:45:00,AEP,101.23999786376953,101.23999786376953,101.25,101.20500183105469,101.20500183105469,15045.0
2024-08-01 15:45:00,AY,22.125,22.125,22.125,22.125,22.125,239.0
2024-08-01 15:45:00,CEG,177.6300048828125,177.6300048828125,178.0399932861328,177.6300048828125,177.77499389648438,28034.0
2024-08-01 15:45:00,EXC,38.28499984741211,38.28499984741211,38.28499984741211,38.275001525878906,38.279998779296875,25688.0
2024-08-01 15:45:00,FLNC,15.824999809265137,15.824999809265137,15.869999885559082,15.819999694824219,15.859999656677246,7891.0
2024-08-01 15:45:00,LNT,56.70000076293945,56.70000076293945,56.709999084472656,56.689998626708984,56.689998626708984,3513.0
2024-08-01 15:45:00,MNTK,5.775000095367432,5.775000095367432,5.78000020980835,5.769999980926514,5.78000020980835,1380.0
2024-08-01 15:45:00,NFE,18.691699981689453,18.691699981689453,18.709999084472656,18.68000030517578,18.68000030517578,10663.0
2024-08-01 15:45:00,NWE,53.599998474121094,53.599998474121094,53.599998474121094,53.56999969482422,53.57500076293945,2990.0
2024-08-01 15:45:00,OPAL,3.9600000381469727,3.9600000381469727,3.9600000381469727,3.9600000381469727,3.9600000381469727,74.0
2024-08-01 15:45:00,PCYO,10.539899826049805,10.539899826049805,10.539899826049805,10.539899826049805,10.539899826049805,168.0
2024-08-01 15:45:00,RNW,5.994999885559082,5.994999885559082,6.0,5.994999885559082,6.0,4010.0
2024-08-01 15:45:00,XEL,59.09000015258789,59.09000015258789,59.099998474121094,59.06999969482422,59.07500076293945,11211.0
2024-08-01 15:45:00,YORW,41.025001525878906,41.025001525878906,41.025001525878906,41.025001525878906,41.025001525878906,392.0
2024-08-01 15:46:00,AEP,101.29000091552734,101.29000091552734,101.3499984741211,101.25,101.25,12953.0
2024-08-01 15:46:00,ARTNA,38.9900016784668,38.9900016784668,38.9900016784668,38.9900016784668,38.9900016784668,1698.0
2024-08-01 15:46:00,AY,22.125,22.125,22.125,22.125,22.125,822.0
2024-08-01 15:46:00,CEG,177.72000122070312,177.72000122070312,177.94000244140625,177.6199951171875,177.6199951171875,9497.0
2024-08-01 15:46:00,EXC,38.32500076293945,38.32500076293945,38.34000015258789,38.28499984741211,38.28499984741211,31895.0
2024-08-01 15:46:00,FLNC,15.859999656677246,15.859999656677246,15.859999656677246,15.824999809265137,15.824999809265137,8110.0
2024-08-01 15:46:00,LNT,56.72999954223633,56.72999954223633,56.7400016784668,56.709999084472656,56.709999084472656,6235.0
2024-08-01 15:46:00,MGEE,88.66000366210938,88.66000366210938,88.66000366210938,88.66000366210938,88.66000366210938,648.0
2024-08-01 15:46:00,MNTK,5.78000020980835,5.78000020980835,5.78000020980835,5.78000020980835,5.78000020980835,871.0
2024-08-01 15:46:00,MSEX,65.41000366210938,65.41000366210938,65.44000244140625,65.41000366210938,65.44000244140625,1074.0
2024-08-01 15:46:00,NFE,18.701799392700195,18.701799392700195,18.72010040283203,18.690099716186523,18.700000762939453,10378.0
2024-08-01 15:46:00,NWE,53.599998474121094,53.599998474121094,53.619998931884766,53.59000015258789,53.61000061035156,4469.0
2024-08-01 15:46:00,OTTR,95.80000305175781,95.80000305175781,95.80000305175781,95.62999725341797,95.62999725341797,1166.0
2024-08-01 15:46:00,PCYO,10.520000457763672,10.520000457763672,10.520000457763672,10.520000457763672,10.520000457763672,689.0
2024-08-01 15:46:00,RNW,6.0,6.0,6.0,5.994999885559082,5.994999885559082,6610.0
2024-08-01 15:46:00,XEL,59.150001525878906,59.150001525878906,59.150001525878906,59.11000061035156,59.11000061035156,10076.0
2024-08-01 15:46:00,YORW,41.040000915527344,41.040000915527344,41.040000915527344,41.040000915527344,41.040000915527344,1121.0
2024-08-01 15:47:00,AEP,101.25499725341797,101.25499725341797,101.3281021118164,101.2300033569336,101.29000091552734,18338.0
2024-08-01 15:47:00,AY,22.125,22.125,22.125,22.125,22.125,736.0
2024-08-01 15:47:00,CEG,178.02999877929688,178.02999877929688,178.2899932861328,177.83999633789062,177.83999633789062,16972.0
2024-08-01 15:47:00,EXC,38.29999923706055,38.29999923706055,38.33000183105469,38.29999923706055,38.31999969482422,23501.0
2024-08-01 15:47:00,FLNC,15.850000381469727,15.850000381469727,15.859999656677246,15.84000015258789,15.859999656677246,4276.0
2024-08-01 15:47:00,LNT,56.689998626708984,56.689998626708984,56.7400016784668,56.68000030517578,56.72999954223633,7093.0
2024-08-01 15:47:00,MGEE,88.62999725341797,88.62999725341797,88.70999908447266,88.62999725341797,88.70999908447266,890.0
2024-08-01 15:47:00,MSEX,65.30999755859375,65.30999755859375,65.37999725341797,65.2509994506836,65.37999725341797,1610.0
2024-08-01 15:47:00,NFE,18.719999313354492,18.719999313354492,18.725000381469727,18.709999084472656,18.709999084472656,4253.0
2024-08-01 15:47:00,NWE,53.599998474121094,53.599998474121094,53.599998474121094,53.599998474121094,53.599998474121094,835.0
2024-08-01 15:47:00,OPAL,3.9600000381469727,3.9600000381469727,3.9600000381469727,3.9600000381469727,3.9600000381469727,470.0
2024-08-01 15:47:00,OTTR,95.80000305175781,95.80000305175781,95.80000305175781,95.68000030517578,95.68000030517578,1064.0
2024-08-01 15:47:00,RNW,5.994999885559082,5.994999885559082,6.0,5.994999885559082,5.994999885559082,2247.0
2024-08-01 15:47:00,XEL,59.1150016784668,59.1150016784668,59.13999938964844,59.099998474121094,59.13999938964844,13793.0
2024-08-01 15:48:00,AEP,101.27999877929688,101.27999877929688,101.27999877929688,101.22000122070312,101.25499725341797,11345.0
2024-08-01 15:48:00,AY,22.125,22.125,22.125,22.125,22.125,2604.0
2024-08-01 15:48:00,CEG,178.1300048828125,178.1300048828125,178.31500244140625,178.0050048828125,178.07000732421875,7455.0
2024-08-01 15:48:00,EXC,38.314998626708984,38.314998626708984,38.314998626708984,38.29999923706055,38.310001373291016,22840.0
2024-08-01 15:48:00,FLNC,15.859999656677246,15.859999656677246,15.859999656677246,15.84000015258789,15.845000267028809,4248.0
2024-08-01 15:48:00,LNT,56.68000030517578,56.68000030517578,56.689998626708984,56.68000030517578,56.689998626708984,3587.0
2024-08-01 15:48:00,MGEE,88.66000366210938,88.66000366210938,88.66000366210938,88.66000366210938,88.66000366210938,110.0
2024-08-01 15:48:00,MNTK,5.800000190734863,5.800000190734863,5.800000190734863,5.800000190734863,5.800000190734863,663.0
2024-08-01 15:48:00,NFE,18.75550079345703,18.75550079345703,18.799999237060547,18.72100067138672,18.725000381469727,52566.0
2024-08-01 15:48:00,NWE,53.599998474121094,53.599998474121094,53.599998474121094,53.599998474121094,53.599998474121094,825.0
2024-08-01 15:48:00,OTTR,95.87000274658203,95.87000274658203,95.87000274658203,95.7750015258789,95.7750015258789,1359.0
2024-08-01 15:48:00,RNW,6.0,6.0,6.0,5.994999885559082,5.994999885559082,6056.0
2024-08-01 15:48:00,XEL,59.099998474121094,59.099998474121094,59.11000061035156,59.060001373291016,59.11000061035156,19556.0
2024-08-01 15:49:00,AEP,101.23999786376953,101.23999786376953,101.3499984741211,101.23999786376953,101.27999877929688,38132.0
2024-08-01 15:49:00,AY,22.125,22.125,22.125,22.120100021362305,22.120100021362305,2019.0
2024-08-01 15:49:00,CDZI,3.5499000549316406,3.5499000549316406,3.5499000549316406,3.5499000549316406,3.5499000549316406,513.0
2024-08-01 15:49:00,CEG,178.06500244140625,178.06500244140625,178.3800048828125,177.97000122070312,178.0438995361328,11585.0
2024-08-01 15:49:00,EXC,38.275001525878906,38.275001525878906,38.314998626708984,38.27470016479492,38.314998626708984,26344.0
2024-08-01 15:49:00,FLNC,15.859999656677246,15.859999656677246,15.880000114440918,15.859999656677246,15.859999656677246,10000.0
2024-08-01 15:49:00,LNT,56.60499954223633,56.60499954223633,56.68000030517578,56.60499954223633,56.68000030517578,23637.0
2024-08-01 15:49:00,MGEE,88.68000030517578,88.68000030517578,88.68000030517578,88.68000030517578,88.68000030517578,3356.0
2024-08-01 15:49:00,MNTK,5.809999942779541,5.809999942779541,5.809999942779541,5.800000190734863,5.800000190734863,877.0
2024-08-01 15:49:00,NFE,18.780000686645508,18.780000686645508,18.799999237060547,18.75,18.75,18850.0
2024-08-01 15:49:00,NWE,53.56999969482422,53.56999969482422,53.606998443603516,53.56999969482422,53.599998474121094,2841.0
2024-08-01 15:49:00,OPAL,3.9600000381469727,3.9600000381469727,3.9600000381469727,3.9600000381469727,3.9600000381469727,200.0
2024-08-01 15:49:00,PCYO,10.524999618530273,10.524999618530273,10.524999618530273,10.524999618530273,10.524999618530273,113.0
2024-08-01 15:49:00,RNW,6.005000114440918,6.005000114440918,6.005000114440918,5.994999885559082,5.994999885559082,2972.0
2024-08-01 15:49:00,XEL,59.0,59.0,59.11000061035156,59.0,59.11000061035156,9514.0
2024-08-01 15:50:00,AEP,101.30999755859375,101.30999755859375,101.30999755859375,101.23999786376953,101.23999786376953,26159.0
2024-08-01 15:50:00,CEG,178.48500061035156,178.48500061035156,178.49000549316406,178.38999938964844,178.38999938964844,32171.0
2024-08-01 15:50:00,EXC,38.28499984741211,38.28499984741211,38.28499984741211,38.279998779296875,38.279998779296875,48484.0
2024-08-01 15:50:00,FLNC,15.925000190734863,15.925000190734863,15.925000190734863,15.925000190734863,15.925000190734863,14123.0
2024-08-01 15:50:00,HTOO,0.800000011920929,0.800000011920929,0.800000011920929,0.800000011920929,0.800000011920929,0.0
2024-08-01 15:50:00,LNT,56.599998474121094,56.599998474121094,56.63999938964844,56.599998474121094,56.619998931884766,24814.0
2024-08-01 15:50:00,MNTK,5.820000171661377,5.820000171661377,5.820000171661377,5.820000171661377,5.820000171661377,833.0
2024-08-01 15:50:00,MSEX,65.4800033569336,65.4800033569336,65.6050033569336,65.45999908447266,65.45999908447266,2197.0
2024-08-01 15:50:00,NFE,18.780000686645508,18.780000686645508,18.780000686645508,18.780000686645508,18.780000686645508,14873.0
2024-08-01 15:50:00,NWE,53.58000183105469,53.58000183105469,53.58000183105469,53.58000183105469,53.58000183105469,3892.0
2024-08-01 15:50:00,OPAL,3.9600000381469727,3.9600000381469727,3.9800000190734863,3.9600000381469727,3.9800000190734863,519.0
2024-08-01 15:50:00,OTTR,96.01000213623047,96.01000213623047,96.01000213623047,96.01000213623047,96.01000213623047,646.0
2024-08-01 15:50:00,PCYO,10.520000457763672,10.520000457763672,10.520000457763672,10.520000457763672,10.520000457763672,286.0
2024-08-01 15:50:00,RNW,6.005000114440918,6.005000114440918,6.005000114440918,6.005000114440918,6.005000114440918,1426.0
2024-08-01 15:50:00,XEL,59.005001068115234,59.005001068115234,59.0099983215332,59.005001068115234,59.0099983215332,37628.0
2024-08-01 15:51:00,AEP,101.31999969482422,101.31999969482422,101.33999633789062,101.29499816894531,101.30500030517578,36171.0
2024-08-01 15:51:00,AY,22.125,22.125,22.125,22.1200008392334,22.125,13913.0
2024-08-01 15:51:00,CDZI,3.5399999618530273,3.5399999618530273,3.5399999618530273,3.5399999618530273,3.5399999618530273,1224.0
2024-08-01 15:51:00,CEG,178.49000549316406,178.49000549316406,178.57000732421875,178.3699951171875,178.48500061035156,22940.0
2024-08-01 15:51:00,EXC,38.28499984741211,38.28499984741211,38.30500030517578,38.28499984741211,38.28499984741211,49209.0
2024-08-01 15:51:00,FLNC,15.930000305175781,15.930000305175781,15.939900398254395,15.92199993133545,15.930000305175781,5207.0
2024-08-01 15:51:00,LNT,56.61000061035156,56.61000061035156,56.6349983215332,56.599998474121094,56.599998474121094,18462.0
2024-08-01 15:51:00,MGEE,89.04499816894531,89.04499816894531,89.04499816894531,88.83940124511719,88.83940124511719,2253.0
2024-08-01 15:51:00,NFE,18.750900268554688,18.750900268554688,18.791000366210938,18.739999771118164,18.780000686645508,20580.0
2024-08-01 15:51:00,NWE,53.599998474121094,53.599998474121094,53.599998474121094,53.54999923706055,53.54999923706055,2215.0
2024-08-01 15:51:00,OPAL,3.9600000381469727,3.9600000381469727,3.9600000381469727,3.9600000381469727,3.9600000381469727,726.0
2024-08-01 15:51:00,OTTR,96.19999694824219,96.19999694824219,96.19999694824219,96.1500015258789,96.1500015258789,644.0
2024-08-01 15:51:00,RNW,6.005000114440918,6.005000114440918,6.005000114440918,6.005000114440918,6.005000114440918,2749.0
2024-08-01 15:51:00,XEL,58.9900016784668,58.9900016784668,59.0,58.941001892089844,59.0,27246.0
2024-08-01 15:52:00,AEP,101.26000213623047,101.26000213623047,101.37000274658203,101.26000213623047,101.31999969482422,29630.0
2024-08-01 15:52:00,AY,22.135000228881836,22.135000228881836,22.135000228881836,22.1299991607666,22.1299991607666,7243.0
2024-08-01 15:52:00,CDZI,3.5399999618530273,3.5399999618530273,3.5399999618530273,3.5399999618530273,3.5399999618530273,127.0
2024-08-01 15:52:00,CEG,178.55999755859375,178.55999755859375,178.7624969482422,178.46499633789062,178.49000549316406,29760.0
2024-08-01 15:52:00,EXC,38.2599983215332,38.2599983215332,38.290000915527344,38.2599983215332,38.28499984741211,28172.0
2024-08-01 15:52:00,FLNC,15.899999618530273,15.899999618530273,15.9350004196167,15.899999618530273,15.9350004196167,10532.0
2024-08-01 15:52:00,LNT,56.599998474121094,56.599998474121094,56.619998931884766,56.595001220703125,56.619998931884766,17720.0
2024-08-01 15:52:00,MGEE,88.98999786376953,88.98999786376953,89.05500030517578,88.95999908447266,88.95999908447266,1172.0
2024-08-01 15:52:00,MSEX,65.70999908447266,65.70999908447266,65.70999908447266,65.70999908447266,65.70999908447266,158.0
2024-08-01 15:52:00,NFE,18.681100845336914,18.681100845336914,18.75,18.68090057373047,18.75,14169.0
2024-08-01 15:52:00,NWE,53.60499954223633,53.60499954223633,53.60499954223633,53.599998474121094,53.599998474121094,2100.0
2024-08-01 15:52:00,OPAL,3.950000047683716,3.950000047683716,3.9600000381469727,3.950000047683716,3.9600000381469727,631.0
2024-08-01 15:52:00,OTTR,96.16500091552734,96.16500091552734,96.26000213623047,96.16500091552734,96.26000213623047,2279.0
2024-08-01 15:52:00,PCYO,10.550000190734863,10.550000190734863,10.550000190734863,10.539999961853027,10.539999961853027,341.0
2024-08-01 15:52:00,RNW,6.005000114440918,6.005000114440918,6.005000114440918,6.005000114440918,6.005000114440918,2134.0
2024-08-01 15:52:00,XEL,58.959999084472656,58.959999084472656,58.9900016784668,58.95500183105469,58.9900016784668,29980.0
2024-08-01 15:53:00,AEP,101.22000122070312,101.22000122070312,101.2750015258789,101.19999694824219,101.26499938964844,26068.0
2024-08-01 15:53:00,ARTNA,38.957000732421875,38.957000732421875,38.957000732421875,38.957000732421875,38.957000732421875,148.0
2024-08-01 15:53:00,AY,22.135000228881836,22.135000228881836,22.135000228881836,22.135000228881836,22.135000228881836,1164.0
2024-08-01 15:53:00,CDZI,3.5399999618530273,3.5399999618530273,3.5399999618530273,3.5399999618530273,3.5399999618530273,116.0
2024-08-01 15:53:00,CEG,177.92999267578125,177.92999267578125,178.67999267578125,177.89999389648438,178.61000061035156,25407.0
2024-08-01 15:53:00,CWCO,28.329999923706055,28.329999923706055,28.350000381469727,28.329999923706055,28.350000381469727,895.0
2024-08-01 15:53:00,EXC,38.275001525878906,38.275001525878906,38.290000915527344,38.26499938964844,38.27000045776367,31600.0
2024-08-01 15:53:00,FLNC,15.895000457763672,15.895000457763672,15.899999618530273,15.880000114440918,15.899999618530273,7171.0
2024-08-01 15:53:00,GWRS,12.904999732971191,12.904999732971191,12.904999732971191,12.904999732971191,12.904999732971191,1624.0
2024-08-01 15:53:00,LNT,56.630001068115234,56.630001068115234,56.630001068115234,56.58000183105469,56.595001220703125,24284.0
2024-08-01 15:53:00,MGEE,88.94000244140625,88.94000244140625,88.94000244140625,88.94000244140625,88.94000244140625,884.0
2024-08-01 15:53:00,MNTK,5.820000171661377,5.820000171661377,5.820000171661377,5.820000171661377,5.820000171661377,480.0
2024-08-01 15:53:00,MSEX,65.69499969482422,65.69499969482422,65.70500183105469,65.69499969482422,65.70500183105469,1132.0
2024-08-01 15:53:00,NFE,18.684999465942383,18.684999465942383,18.684999465942383,18.670000076293945,18.68000030517578,17819.0
2024-08-01 15:53:00,NWE,53.56999969482422,53.56999969482422,53.60499954223633,53.560001373291016,53.60499954223633,2876.0
2024-08-01 15:53:00,OPAL,3.9600000381469727,3.9600000381469727,3.9600000381469727,3.950000047683716,3.9600000381469727,721.0
2024-08-01 15:53:00,OTTR,96.0199966430664,96.0199966430664,96.0250015258789,95.91999816894531,96.0199966430664,3116.0
2024-08-01 15:53:00,PCYO,10.539999961853027,10.539999961853027,10.539999961853027,10.539999961853027,10.539999961853027,355.0
2024-08-01 15:53:00,RNW,6.005000114440918,6.005000114440918,6.005000114440918,6.005000114440918,6.005000114440918,1491.0
2024-08-01 15:53:00,XEL,58.974998474121094,58.974998474121094,58.97999954223633,58.95000076293945,58.959999084472656,25542.0
2024-08-01 15:54:00,AEP,101.05000305175781,101.05000305175781,101.2699966430664,101.04100036621094,101.2300033569336,64869.0
2024-08-01 15:54:00,ARTNA,38.959999084472656,38.959999084472656,38.959999084472656,38.95000076293945,38.95000076293945,1301.0
2024-08-01 15:54:00,AY,22.135000228881836,22.135000228881836,22.139999389648438,22.1299991607666,22.1299991607666,9146.0
2024-08-01 15:54:00,CDZI,3.5,3.5,3.5350000858306885,3.5,3.5299999713897705,2562.0
2024-08-01 15:54:00,CEG,177.40499877929688,177.40499877929688,177.90499877929688,177.1300048828125,177.80999755859375,41929.0
2024-08-01 15:54:00,CWCO,28.389999389648438,28.389999389648438,28.389999389648438,28.34000015258789,28.34000015258789,1611.0
2024-08-01 15:54:00,EXC,38.26499938964844,38.26499938964844,38.279998779296875,38.25,38.279998779296875,62480.0
2024-08-01 15:54:00,FLNC,15.84000015258789,15.84000015258789,15.895000457763672,15.819999694824219,15.895000457763672,18102.0
2024-08-01 15:54:00,HTOO,0.8100000023841858,0.8100000023841858,0.8100000023841858,0.8100000023841858,0.8100000023841858,51306.0
2024-08-01 15:54:00,LNT,56.599998474121094,56.599998474121094,56.65999984741211,56.595001220703125,56.630001068115234,34235.0
2024-08-01 15:54:00,MGEE,88.90499877929688,88.90499877929688,88.91000366210938,88.80999755859375,88.9000015258789,4115.0
2024-08-01 15:54:00,MNTK,5.809999942779541,5.809999942779541,5.809999942779541,5.800099849700928,5.809999942779541,2301.0
2024-08-01 15:54:00,MSEX,65.75,65.75,65.7699966430664,65.56999969482422,65.69999694824219,3778.0
2024-08-01 15:54:00,NFE,18.590099334716797,18.590099334716797,18.68079948425293,18.590099334716797,18.68079948425293,26585.0
2024-08-01 15:54:00,NWE,53.5099983215332,53.5099983215332,53.55500030517578,53.45000076293945,53.55500030517578,9702.0
2024-08-01 15:54:00,OPAL,3.9600000381469727,3.9600000381469727,3.9600000381469727,3.950000047683716,3.950000047683716,729.0
2024-08-01 15:54:00,OTTR,95.93000030517578,95.93000030517578,96.01000213623047,95.93000030517578,95.98999786376953,1841.0
2024-08-01 15:54:00,PCYO,10.569999694824219,10.569999694824219,10.569999694824219,10.510000228881836,10.510000228881836,1987.0
2024-08-01 15:54:00,RNW,5.994999885559082,5.994999885559082,6.0,5.994999885559082,6.0,17902.0
2024-08-01 15:54:00,XEL,59.005001068115234,59.005001068115234,59.040000915527344,58.959999084472656,58.974998474121094,42658.0
2024-08-01 15:55:00,AEP,101.18000030517578,101.18000030517578,101.27120208740234,101.05999755859375,101.05999755859375,52987.0
2024-08-01 15:55:00,ARTNA,39.0099983215332,39.0099983215332,39.0099983215332,39.0099983215332,39.0099983215332,2045.0
2024-08-01 15:55:00,AY,22.135000228881836,22.135000228881836,22.139999389648438,22.135000228881836,22.135000228881836,4632.0
2024-08-01 15:55:00,CDZI,3.5172998905181885,3.5172998905181885,3.5172998905181885,3.509999990463257,3.509999990463257,1397.0
2024-08-01 15:55:00,CEG,177.24000549316406,177.24000549316406,177.5800018310547,177.24000549316406,177.42999267578125,44760.0
2024-08-01 15:55:00,CREG,0.916700005531311,0.916700005531311,0.916700005531311,0.916700005531311,0.916700005531311,261269.0
2024-08-01 15:55:00,CWCO,28.3799991607666,28.3799991607666,28.440000534057617,28.3799991607666,28.43000030517578,1719.0
2024-08-01 15:55:00,EXC,38.28499984741211,38.28499984741211,38.29999923706055,38.255001068115234,38.27000045776367,72223.0
2024-08-01 15:55:00,FLNC,15.864999771118164,15.864999771118164,15.890000343322754,15.845000267028809,15.845000267028809,18988.0
2024-08-01 15:55:00,LNT,56.53499984741211,56.53499984741211,56.599998474121094,56.45000076293945,56.599998474121094,39874.0
2024-08-01 15:55:00,MGEE,88.9749984741211,88.9749984741211,88.9749984741211,88.95999908447266,88.95999908447266,751.0
2024-08-01 15:55:00,MNTK,5.789999961853027,5.789999961853027,5.800000190734863,5.789999961853027,5.800000190734863,410.0
2024-08-01 15:55:00,MSEX,65.7300033569336,65.7300033569336,65.87000274658203,65.66999816894531,65.83000183105469,4781.0
2024-08-01 15:55:00,NFE,18.67009925842285,18.67009925842285,18.690000534057617,18.610000610351562,18.610000610351562,46685.0
2024-08-01 15:55:00,NWE,53.439998626708984,53.439998626708984,53.59000015258789,53.439998626708984,53.59000015258789,17798.0
2024-08-01 15:55:00,OPAL,3.950000047683716,3.950000047683716,3.950000047683716,3.950000047683716,3.950000047683716,1388.0
2024-08-01 15:55:00,OTTR,95.69000244140625,95.69000244140625,95.7300033569336,95.69000244140625,95.7300033569336,1662.0
2024-08-01 15:55:00,PCYO,10.579999923706055,10.579999923706055,10.579999923706055,10.550000190734863,10.550000190734863,472.0
2024-08-01 15:55:00,RNW,5.994999885559082,5.994999885559082,6.0,5.994999885559082,5.994999885559082,5286.0
2024-08-01 15:55:00,XEL,59.060001373291016,59.060001373291016,59.060001373291016,58.88999938964844,59.0,88615.0
2024-08-01 15:55:00,YORW,41.18000030517578,41.18000030517578,41.18000030517578,41.18000030517578,41.18000030517578,331.0
2024-08-01 15:56:00,AEP,101.20999908447266,101.20999908447266,101.23999786376953,101.18499755859375,101.18499755859375,41761.0
2024-08-01 15:56:00,AY,22.149999618530273,22.149999618530273,22.149999618530273,22.135000228881836,22.135000228881836,12596.0
2024-08-01 15:56:00,BNRG,0.7360000014305115,0.7360000014305115,0.7361000180244446,0.7360000014305115,0.7361000180244446,1352.0
2024-08-01 15:56:00,CEG,177.35499572753906,177.35499572753906,177.85000610351562,177.1699981689453,177.24000549316406,37907.0
2024-08-01 15:56:00,EXC,38.26499938964844,38.26499938964844,38.28499984741211,38.244998931884766,38.28499984741211,69589.0
2024-08-01 15:56:00,FLNC,15.875,15.875,15.890000343322754,15.850000381469727,15.864999771118164,18093.0
2024-08-01 15:56:00,LNT,56.564998626708984,56.564998626708984,56.57500076293945,56.525001525878906,56.53499984741211,22168.0
2024-08-01 15:56:00,MGEE,88.93250274658203,88.93250274658203,88.93250274658203,88.88999938964844,88.9000015258789,1600.0
2024-08-01 15:56:00,MSEX,65.81999969482422,65.81999969482422,65.83999633789062,65.81999969482422,65.83000183105469,1425.0
2024-08-01 15:56:00,NFE,18.665000915527344,18.665000915527344,18.701000213623047,18.65999984741211,18.670000076293945,31823.0
2024-08-01 15:56:00,NWE,53.439998626708984,53.439998626708984,53.474998474121094,53.439998626708984,53.439998626708984,4702.0
2024-08-01 15:56:00,OPAL,3.950000047683716,3.950000047683716,3.950000047683716,3.950000047683716,3.950000047683716,1833.0
2024-08-01 15:56:00,OTTR,95.69000244140625,95.69000244140625,95.69000244140625,95.5999984741211,95.5999984741211,2478.0
2024-08-01 15:56:00,PCYO,10.600000381469727,10.600000381469727,10.600000381469727,10.600000381469727,10.600000381469727,428.0
2024-08-01 15:56:00,RNW,6.005000114440918,6.005000114440918,6.005000114440918,5.994999885559082,5.994999885559082,9383.0
2024-08-01 15:56:00,XEL,59.06999969482422,59.06999969482422,59.08000183105469,59.029998779296875,59.05500030517578,74288.0
2024-08-01 15:56:00,YORW,41.08000183105469,41.08000183105469,41.11000061035156,41.08000183105469,41.11000061035156,1911.0
2024-08-01 15:57:00,AEP,101.20999908447266,101.20999908447266,101.26000213623047,101.19000244140625,101.20999908447266,37240.0
2024-08-01 15:57:00,ARTNA,39.025001525878906,39.025001525878906,39.025001525878906,39.025001525878906,39.025001525878906,186.0
2024-08-01 15:57:00,AY,22.145000457763672,22.145000457763672,22.145000457763672,22.145000457763672,22.145000457763672,4353.0
2024-08-01 15:57:00,CEG,177.49000549316406,177.49000549316406,177.63999938964844,177.35499572753906,177.35499572753906,39079.0
2024-08-01 15:57:00,EXC,38.26499938964844,38.26499938964844,38.27000045776367,38.25,38.26499938964844,76963.0
2024-08-01 15:57:00,FLNC,15.875,15.875,15.885000228881836,15.869999885559082,15.875,20262.0
2024-08-01 15:57:00,HTOO,0.8001000285148621,0.8001000285148621,0.8001000285148621,0.8001000285148621,0.8001000285148621,137.0
2024-08-01 15:57:00,LNT,56.595001220703125,56.595001220703125,56.599998474121094,56.564998626708984,56.564998626708984,34873.0
2024-08-01 15:57:00,MGEE,88.91999816894531,88.91999816894531,88.95999908447266,88.91999816894531,88.95999908447266,1762.0
2024-08-01 15:57:00,MNTK,5.800000190734863,5.800000190734863,5.800000190734863,5.795000076293945,5.796000003814697,2953.0
2024-08-01 15:57:00,MSEX,65.9000015258789,65.9000015258789,65.9000015258789,65.9000015258789,65.9000015258789,2349.0
2024-08-01 15:57:00,NFE,18.65999984741211,18.65999984741211,18.690000534057617,18.65999984741211,18.65999984741211,29409.0
2024-08-01 15:57:00,NWE,53.430999755859375,53.430999755859375,53.459999084472656,53.39500045776367,53.439998626708984,9741.0
2024-08-01 15:57:00,OTTR,95.69999694824219,95.69999694824219,95.79000091552734,95.66999816894531,95.66999816894531,2628.0
2024-08-01 15:57:00,PCYO,10.595000267028809,10.595000267028809,10.595000267028809,10.595000267028809,10.595000267028809,1000.0
2024-08-01 15:57:00,RNW,6.005000114440918,6.005000114440918,6.005000114440918,6.0,6.005000114440918,1601.0
2024-08-01 15:57:00,XEL,59.07500076293945,59.07500076293945,59.08000183105469,59.05500030517578,59.064998626708984,58474.0
2024-08-01 15:58:00,AEP,101.19000244140625,101.19000244140625,101.25,101.18000030517578,101.19999694824219,55901.0
2024-08-01 15:58:00,ARTNA,39.095001220703125,39.095001220703125,39.095001220703125,39.095001220703125,39.095001220703125,925.0
2024-08-01 15:58:00,AY,22.145000457763672,22.145000457763672,22.145000457763672,22.139999389648438,22.145000457763672,4110.0
2024-08-01 15:58:00,CDZI,3.5118000507354736,3.5118000507354736,3.5199999809265137,3.5118000507354736,3.5199999809265137,536.0
2024-08-01 15:58:00,CEG,177.47999572753906,177.47999572753906,177.63999938964844,177.47999572753906,177.52000427246094,37264.0
2024-08-01 15:58:00,CWCO,28.344999313354492,28.344999313354492,28.344999313354492,28.344999313354492,28.344999313354492,1038.0
2024-08-01 15:58:00,EXC,38.26499938964844,38.26499938964844,38.27989959716797,38.2599983215332,38.2599983215332,60306.0
2024-08-01 15:58:00,FLNC,15.869999885559082,15.869999885559082,15.899999618530273,15.869999885559082,15.880000114440918,30859.0
2024-08-01 15:58:00,HTOO,0.8100000023841858,0.8100000023841858,0.8100000023841858,0.8050000071525574,0.805400013923645,1406.0
2024-08-01 15:58:00,LNT,56.625,56.625,56.63999938964844,56.595001220703125,56.595001220703125,46547.0
2024-08-01 15:58:00,MGEE,88.76000213623047,88.76000213623047,88.83000183105469,88.76000213623047,88.83000183105469,2641.0
2024-08-01 15:58:00,MNTK,5.785999774932861,5.785999774932861,5.800000190734863,5.785999774932861,5.800000190734863,4164.0
2024-08-01 15:58:00,MSEX,65.81999969482422,65.81999969482422,65.97000122070312,65.73999786376953,65.97000122070312,3226.0
2024-08-01 15:58:00,NFE,18.655000686645508,18.655000686645508,18.68000030517578,18.645000457763672,18.670000076293945,40349.0
2024-08-01 15:58:00,NWE,53.43000030517578,53.43000030517578,53.439998626708984,53.41999816894531,53.43000030517578,8265.0
2024-08-01 15:58:00,OPAL,3.950000047683716,3.950000047683716,3.9600000381469727,3.950000047683716,3.9549999237060547,2577.0
2024-08-01 15:58:00,OTTR,95.68000030517578,95.68000030517578,95.80000305175781,95.68000030517578,95.80000305175781,2937.0
2024-08-01 15:58:00,RGCO,21.579999923706055,21.579999923706055,21.579999923706055,21.579999923706055,21.579999923706055,373.0
2024-08-01 15:58:00,RNW,6.005000114440918,6.005000114440918,6.005000114440918,6.0,6.0,1968.0
2024-08-01 15:58:00,XEL,59.130001068115234,59.130001068115234,59.13999938964844,59.040000915527344,59.06999969482422,111083.0
2024-08-01 15:59:00,AEP,101.2699966430664,101.2699966430664,101.2699966430664,101.18000030517578,101.18499755859375,105342.0
2024-08-01 15:59:00,ARTNA,38.91999816894531,38.91999816894531,39.08000183105469,38.91999816894531,39.08000183105469,1846.0
2024-08-01 15:59:00,AY,22.139999389648438,22.139999389648438,22.149999618530273,22.139999389648438,22.139999389648438,19897.0
2024-08-01 15:59:00,CDZI,3.5250000953674316,3.5250000953674316,3.5299999713897705,3.5199999809265137,3.5299999713897705,2516.0
2024-08-01 15:59:00,CEG,177.50999450683594,177.50999450683594,177.61000061035156,177.4199981689453,177.47999572753906,82886.0
2024-08-01 15:59:00,CWCO,28.389999389648438,28.389999389648438,28.399999618530273,28.350000381469727,28.350000381469727,2088.0
2024-08-01 15:59:00,EXC,38.22999954223633,38.22999954223633,38.27000045776367,38.220001220703125,38.26499938964844,187005.0
2024-08-01 15:59:00,FLNC,15.829999923706055,15.829999923706055,15.880000114440918,15.829999923706055,15.859999656677246,67026.0
2024-08-01 15:59:00,GWRS,12.850000381469727,12.850000381469727,12.850000381469727,12.850000381469727,12.850000381469727,416.0
2024-08-01 15:59:00,LNT,56.63999938964844,56.63999938964844,56.72999954223633,56.6150016784668,56.619998931884766,87217.0
2024-08-01 15:59:00,MGEE,88.7699966430664,88.7699966430664,88.7699966430664,88.63999938964844,88.76000213623047,3216.0
2024-08-01 15:59:00,MNTK,5.78000020980835,5.78000020980835,5.789999961853027,5.769999980926514,5.78000020980835,6464.0
2024-08-01 15:59:00,MSEX,65.7300033569336,65.7300033569336,65.9800033569336,65.7300033569336,65.87999725341797,3962.0
2024-08-01 15:59:00,NFE,18.719999313354492,18.719999313354492,18.739999771118164,18.639999389648438,18.649999618530273,73099.0
2024-08-01 15:59:00,NWE,53.439998626708984,53.439998626708984,53.439998626708984,53.38999938964844,53.41999816894531,11633.0
2024-08-01 15:59:00,OPAL,3.950000047683716,3.950000047683716,3.9549999237060547,3.950000047683716,3.9549999237060547,7409.0
2024-08-01 15:59:00,OTTR,95.58999633789062,95.58999633789062,95.7750015258789,95.58999633789062,95.6500015258789,6312.0
2024-08-01 15:59:00,PCYO,10.600000381469727,10.600000381469727,10.609999656677246,10.59000015258789,10.600000381469727,2113.0
2024-08-01 15:59:00,RGCO,21.540000915527344,21.540000915527344,21.579999923706055,21.540000915527344,21.579999923706055,967.0
2024-08-01 15:59:00,RNW,6.010000228881836,6.010000228881836,6.010000228881836,6.0,6.005000114440918,12255.0
2024-08-01 15:59:00,WAVE,3.009999990463257,3.009999990463257,3.009999990463257,3.0,3.0,890.0
2024-08-01 15:59:00,XEL,59.099998474121094,59.099998474121094,59.15999984741211,59.09000015258789,59.125,148476.0
2024-08-01 15:59:00,YORW,41.02000045776367,41.02000045776367,41.029998779296875,41.02000045776367,41.029998779296875,496.0
