Datetime,Ticker,Adj Close,Close,High,Low,Open,Volume
2024-10-04 09:30:00+00:00,AUUDW,0.029999999329447746,0.029999999329447746,0.029999999329447746,0.029999999329447746,0.029999999329447746,0.0
2024-10-04 09:30:00+00:00,BPYPM,17.59000015258789,17.59000015258789,17.59000015258789,17.59000015258789,17.59000015258789,0.0
2024-10-04 09:30:00+00:00,CGABL,20.299999237060547,20.299999237060547,20.299999237060547,20.299999237060547,20.299999237060547,0.0
2024-10-04 09:30:00+00:00,CMAXW,0.007199999876320362,0.007199999876320362,0.007199999876320362,0.007199999876320362,0.007199999876320362,0.0
2024-10-04 09:30:00+00:00,CPZ,15.760000228881836,15.760000228881836,15.760000228881836,15.760000228881836,15.760000228881836,0.0
2024-10-04 09:30:00+00:00,DHCNI,15.340100288391113,15.340100288391113,15.340100288391113,15.340100288391113,15.340100288391113,0.0
2024-10-04 09:30:00+00:00,EVGOW,0.7778000235557556,0.7778000235557556,0.7778000235557556,0.699999988079071,0.699999988079071,38771.0
2024-10-04 09:30:00+00:00,FFIEW,0.023499999195337296,0.023499999195337296,0.023499999195337296,0.02160000056028366,0.02160000056028366,11603.0
2024-10-04 09:30:00+00:00,GFAIW,0.13979999721050262,0.13979999721050262,0.13979999721050262,0.13979999721050262,0.13979999721050262,0.0
2024-10-04 09:30:00+00:00,GOEVW,0.035999998450279236,0.035999998450279236,0.035999998450279236,0.035999998450279236,0.035999998450279236,8712.0
2024-10-04 09:30:00+00:00,GOODO,21.280000686645508,21.280000686645508,21.280000686645508,21.280000686645508,21.280000686645508,0.0
2024-10-04 09:30:00+00:00,GOVXW,0.10000000149011612,0.10000000149011612,0.10000000149011612,0.10000000149011612,0.10000000149011612,0.0
2024-10-04 09:30:00+00:00,HTZWW,2.109999895095825,2.109999895095825,2.109999895095825,2.109999895095825,2.109999895095825,238.0
2024-10-04 09:30:00+00:00,HWCPZ,25.809999465942383,25.809999465942383,25.809999465942383,25.809999465942383,25.809999465942383,0.0
2024-10-04 09:30:00+00:00,MAPSW,0.020999999716877937,0.020999999716877937,0.020999999716877937,0.020999999716877937,0.020999999716877937,0.0
2024-10-04 09:30:00+00:00,OPINL,14.449999809265137,14.449999809265137,14.449999809265137,14.449999809265137,14.449999809265137,782.0
2024-10-04 09:30:00+00:00,PFTAW,0.048900000751018524,0.048900000751018524,0.048900000751018524,0.048900000751018524,0.048900000751018524,0.0
2024-10-04 09:30:00+00:00,RILYM,21.75,21.75,21.75,21.75,21.75,0.0
2024-10-04 09:30:00+00:00,RILYN,12.829999923706055,12.829999923706055,12.829999923706055,12.829999923706055,12.829999923706055,0.0
2024-10-04 09:30:00+00:00,TBLD,17.670000076293945,17.670000076293945,17.670000076293945,17.670000076293945,17.670000076293945,0.0
2024-10-04 09:31:00+00:00,EVGOW,0.8199999928474426,0.8199999928474426,0.8199999928474426,0.7699999809265137,0.7699999809265137,15810.0
2024-10-04 09:31:00+00:00,FFIEW,0.02500000037252903,0.02500000037252903,0.02500000037252903,0.023800000548362732,0.023800000548362732,6801.0
2024-10-04 09:31:00+00:00,HOVNP,17.90999984741211,17.90999984741211,17.90999984741211,17.90999984741211,17.90999984741211,0.0
2024-10-04 09:31:00+00:00,RILYM,21.75,21.75,21.75,21.75,21.75,1336.0
2024-10-04 09:31:00+00:00,RILYZ,8.850000381469727,8.850000381469727,8.850000381469727,8.850000381469727,8.850000381469727,0.0
2024-10-04 09:32:00+00:00,BPYPM,17.5,17.5,17.5,17.5,17.5,278.0
2024-10-04 09:32:00+00:00,EOSEW,0.21199999749660492,0.21199999749660492,0.21899999678134918,0.21199999749660492,0.21899999678134918,0.0
2024-10-04 09:32:00+00:00,PFTAW,0.04820000007748604,0.04820000007748604,0.04820000007748604,0.04820000007748604,0.04820000007748604,2768.0
2024-10-04 09:32:00+00:00,RILYG,11.390000343322754,11.390000343322754,11.390000343322754,11.210000038146973,11.331600189208984,0.0
2024-10-04 09:33:00+00:00,BPYPM,17.25,17.25,17.25,17.25,17.25,689.0
2024-10-04 09:33:00+00:00,EVGOW,0.8173999786376953,0.8173999786376953,0.8173999786376953,0.8173999786376953,0.8173999786376953,5010.0
2024-10-04 09:33:00+00:00,HTZWW,2.125999927520752,2.125999927520752,2.125999927520752,2.125999927520752,2.125999927520752,604.0
2024-10-04 09:33:00+00:00,NNAVW,3.1500000953674316,3.1500000953674316,3.1500000953674316,3.1500000953674316,3.1500000953674316,0.0
2024-10-04 09:33:00+00:00,RILYG,11.3100004196167,11.3100004196167,11.3100004196167,11.3100004196167,11.3100004196167,179.0
2024-10-04 09:34:00+00:00,AUROW,0.6875,0.6875,0.6875,0.6875,0.6875,0.0
2024-10-04 09:34:00+00:00,BLDEW,0.25,0.25,0.25,0.23999999463558197,0.23999999463558197,0.0
2024-10-04 09:34:00+00:00,EVGOW,0.8500000238418579,0.8500000238418579,0.8500000238418579,0.8500000238418579,0.8500000238418579,523.0
2024-10-04 09:34:00+00:00,RILYG,11.399999618530273,11.399999618530273,11.399999618530273,11.399999618530273,11.399999618530273,538.0
2024-10-04 09:34:00+00:00,RILYM,21.579999923706055,21.579999923706055,21.579999923706055,21.579999923706055,21.579999923706055,340.0
2024-10-04 09:34:00+00:00,RILYN,12.532400131225586,12.532400131225586,12.532400131225586,12.532400131225586,12.532400131225586,1064.0
2024-10-04 09:35:00+00:00,ATLCL,23.850000381469727,23.850000381469727,23.850000381469727,23.850000381469727,23.850000381469727,0.0
2024-10-04 09:35:00+00:00,BLDEW,0.25,0.25,0.25,0.25,0.25,1679.0
2024-10-04 09:35:00+00:00,HTZWW,2.130000114440918,2.130000114440918,2.130000114440918,2.130000114440918,2.130000114440918,200.0
2024-10-04 09:35:00+00:00,IMAQR,0.08799999952316284,0.08799999952316284,0.08799999952316284,0.08799999952316284,0.08799999952316284,0.0
2024-10-04 09:35:00+00:00,IWTR,31.809999465942383,31.809999465942383,31.809999465942383,31.809999465942383,31.809999465942383,0.0
2024-10-04 09:35:00+00:00,MAPSW,0.019999999552965164,0.019999999552965164,0.019999999552965164,0.019999999552965164,0.019999999552965164,30000.0
2024-10-04 09:35:00+00:00,PXSAW,0.7935000061988831,0.7935000061988831,0.7935000061988831,0.7935000061988831,0.7935000061988831,0.0
2024-10-04 09:35:00+00:00,RILYG,11.353799819946289,11.353799819946289,11.399999618530273,11.234999656677246,11.390000343322754,5873.0
2024-10-04 09:35:00+00:00,RILYK,17.299999237060547,17.299999237060547,17.299999237060547,17.299999237060547,17.299999237060547,0.0
2024-10-04 09:36:00+00:00,EVGOW,0.8830999732017517,0.8830999732017517,0.8830999732017517,0.8799999952316284,0.8799999952316284,3484.0
2024-10-04 09:36:00+00:00,HYZNW,0.019700000062584877,0.019700000062584877,0.019999999552965164,0.019700000062584877,0.01979999989271164,0.0
2024-10-04 09:36:00+00:00,IMTXW,1.6799999475479126,1.6799999475479126,1.6799999475479126,1.649999976158142,1.649999976158142,0.0
2024-10-04 09:37:00+00:00,ARBKL,10.600099563598633,10.600099563598633,10.601099967956543,10.600000381469727,10.60099983215332,0.0
2024-10-04 09:37:00+00:00,EVGOW,0.850600004196167,0.850600004196167,0.8600000143051147,0.8300999999046326,0.8600000143051147,1837.0
2024-10-04 09:37:00+00:00,MVSTW,0.022600000724196434,0.022600000724196434,0.022600000724196434,0.022600000724196434,0.022600000724196434,0.0
2024-10-04 09:37:00+00:00,RILYG,11.699999809265137,11.699999809265137,11.699999809265137,11.699999809265137,11.699999809265137,493.0
2024-10-04 09:37:00+00:00,RILYM,21.559999465942383,21.559999465942383,21.559999465942383,21.559999465942383,21.559999465942383,200.0
2024-10-04 09:38:00+00:00,ARBKL,10.529999732971191,10.529999732971191,10.529999732971191,10.529999732971191,10.529999732971191,450.0
2024-10-04 09:38:00+00:00,CPZ,15.800000190734863,15.800000190734863,15.800000190734863,15.729999542236328,15.729999542236328,2245.0
2024-10-04 09:38:00+00:00,EVGOW,0.8100000023841858,0.8100000023841858,0.8100000023841858,0.8100000023841858,0.8100000023841858,1014.0
2024-10-04 09:38:00+00:00,PFTAW,0.03099999949336052,0.03099999949336052,0.031099999323487282,0.03099999949336052,0.031099999323487282,200.0
2024-10-04 09:38:00+00:00,RILYG,11.59000015258789,11.59000015258789,11.59000015258789,11.59000015258789,11.59000015258789,196.0
2024-10-04 09:38:00+00:00,TBLD,17.55500030517578,17.55500030517578,17.684099197387695,17.55500030517578,17.684099197387695,1423.0
2024-10-04 09:39:00+00:00,ARBKL,10.5,10.5,10.501999855041504,10.5,10.501999855041504,1100.0
2024-10-04 09:39:00+00:00,EVGOW,0.8131999969482422,0.8131999969482422,0.8131999969482422,0.771399974822998,0.800000011920929,38049.0
2024-10-04 09:39:00+00:00,GOEVW,0.035999998450279236,0.035999998450279236,0.035999998450279236,0.035999998450279236,0.035999998450279236,27035.0
2024-10-04 09:39:00+00:00,HOVNP,17.770000457763672,17.770000457763672,17.770000457763672,17.770000457763672,17.770000457763672,410.0
2024-10-04 09:39:00+00:00,RILYG,11.600000381469727,11.600000381469727,11.600000381469727,11.59000015258789,11.59000015258789,1022.0
2024-10-04 09:39:00+00:00,RILYM,21.56999969482422,21.56999969482422,21.56999969482422,21.56999969482422,21.56999969482422,700.0
2024-10-04 09:39:00+00:00,SHCRW,0.08720000088214874,0.08720000088214874,0.08720000088214874,0.08720000088214874,0.08720000088214874,0.0
2024-10-04 09:39:00+00:00,TBLD,17.55500030517578,17.55500030517578,17.55500030517578,17.55500030517578,17.55500030517578,322.0
2024-10-04 09:39:00+00:00,TRINL,25.200000762939453,25.200000762939453,25.200000762939453,25.200000762939453,25.200000762939453,0.0
2024-10-04 09:40:00+00:00,ATLCL,23.860000610351562,23.860000610351562,23.860000610351562,23.860000610351562,23.860000610351562,599.0
2024-10-04 09:40:00+00:00,EVGOW,0.8100000023841858,0.8100000023841858,0.8100000023841858,0.8100000023841858,0.8100000023841858,6001.0
2024-10-04 09:40:00+00:00,RILYG,11.699999809265137,11.699999809265137,11.699999809265137,11.699999809265137,11.699999809265137,658.0
2024-10-04 09:40:00+00:00,RILYM,21.559999465942383,21.559999465942383,21.562000274658203,21.559999465942383,21.559999465942383,1972.0
2024-10-04 09:41:00+00:00,EVGOW,0.8240000009536743,0.8240000009536743,0.8240000009536743,0.8240000009536743,0.8240000009536743,390.0
2024-10-04 09:41:00+00:00,RILYG,11.609999656677246,11.609999656677246,11.800000190734863,11.609999656677246,11.627400398254395,5318.0
2024-10-04 09:42:00+00:00,EVGOW,0.8199999928474426,0.8199999928474426,0.8299999833106995,0.8199999928474426,0.8199999928474426,9860.0
2024-10-04 09:42:00+00:00,RILYG,11.510100364685059,11.510100364685059,11.699999809265137,11.510100364685059,11.510100364685059,1961.0
2024-10-04 09:42:00+00:00,TBLD,17.55500030517578,17.55500030517578,17.859899520874023,17.55500030517578,17.859899520874023,2792.0
2024-10-04 09:43:00+00:00,HUMAW,1.8700000047683716,1.8700000047683716,1.899999976158142,1.8700000047683716,1.899999976158142,0.0
2024-10-04 09:43:00+00:00,MNTSW,0.008799999952316284,0.008799999952316284,0.008799999952316284,0.008799999952316284,0.008799999952316284,0.0
2024-10-04 09:43:00+00:00,NNAVW,3.0999999046325684,3.0999999046325684,3.0999999046325684,3.0999999046325684,3.0999999046325684,0.0
2024-10-04 09:43:00+00:00,RILYG,11.531499862670898,11.531499862670898,11.531499862670898,11.510000228881836,11.510100364685059,2321.0
2024-10-04 09:44:00+00:00,ATCOL,25.329999923706055,25.329999923706055,25.329999923706055,25.329999923706055,25.329999923706055,0.0
2024-10-04 09:44:00+00:00,CPZ,15.824999809265137,15.824999809265137,15.824999809265137,15.824999809265137,15.824999809265137,200.0
2024-10-04 09:44:00+00:00,EVGOW,0.8569999933242798,0.8569999933242798,0.8840000033378601,0.8569999933242798,0.8840000033378601,583.0
2024-10-04 09:44:00+00:00,FOSLL,13.949999809265137,13.949999809265137,13.949999809265137,13.949999809265137,13.949999809265137,0.0
2024-10-04 09:44:00+00:00,GECCM,25.00119972229004,25.00119972229004,25.00119972229004,25.000099182128906,25.000099182128906,0.0
2024-10-04 09:44:00+00:00,GOODO,21.271400451660156,21.271400451660156,21.271400451660156,21.271400451660156,21.271400451660156,100.0
2024-10-04 09:44:00+00:00,HTZWW,2.119999885559082,2.119999885559082,2.119999885559082,2.119999885559082,2.119999885559082,622.0
2024-10-04 09:44:00+00:00,RILYG,11.52869987487793,11.52869987487793,11.604999542236328,11.510100364685059,11.510100364685059,1918.0
2024-10-04 09:45:00+00:00,FOSLL,13.899999618530273,13.899999618530273,13.899999618530273,13.899999618530273,13.899999618530273,137.0
2024-10-04 09:45:00+00:00,NNAVW,2.9200000762939453,2.9200000762939453,2.9200000762939453,2.9200000762939453,2.9200000762939453,100.0
2024-10-04 09:45:00+00:00,RILYG,11.5,11.5,11.520000457763672,11.5,11.520000457763672,2076.0
2024-10-04 09:45:00+00:00,RILYM,21.59000015258789,21.59000015258789,21.6299991607666,21.559999465942383,21.559999465942383,1156.0
2024-10-04 09:45:00+00:00,RILYZ,8.75,8.75,8.75,8.75,8.75,5203.0
2024-10-04 09:46:00+00:00,EOSEW,0.21899999678134918,0.21899999678134918,0.21899999678134918,0.21899999678134918,0.21899999678134918,300.0
2024-10-04 09:46:00+00:00,HUMAW,1.8899999856948853,1.8899999856948853,1.8899999856948853,1.8899999856948853,1.8899999856948853,1140.0
2024-10-04 09:46:00+00:00,MAPSW,0.019899999722838402,0.019899999722838402,0.019899999722838402,0.019899999722838402,0.019899999722838402,0.0
2024-10-04 09:46:00+00:00,RILYM,21.549999237060547,21.549999237060547,21.549999237060547,21.520000457763672,21.520000457763672,225.0
2024-10-04 09:47:00+00:00,RILYM,21.530000686645508,21.530000686645508,21.530000686645508,21.530000686645508,21.530000686645508,118.0
2024-10-04 09:48:00+00:00,CIFRW,1.1455999612808228,1.1455999612808228,1.1455999612808228,1.1455999612808228,1.1455999612808228,0.0
2024-10-04 09:48:00+00:00,GOEVW,0.035999998450279236,0.035999998450279236,0.035999998450279236,0.035999998450279236,0.035999998450279236,10036.0
2024-10-04 09:48:00+00:00,RILYZ,8.649999618530273,8.649999618530273,8.649999618530273,8.649999618530273,8.649999618530273,189.0
2024-10-04 09:49:00+00:00,CPZ,15.802599906921387,15.802599906921387,15.802599906921387,15.802599906921387,15.802599906921387,629.0
2024-10-04 09:49:00+00:00,EVGOW,0.8650000095367432,0.8650000095367432,0.8659999966621399,0.8650000095367432,0.8651000261306763,2089.0
2024-10-04 09:49:00+00:00,HROWL,25.729999542236328,25.729999542236328,25.729999542236328,25.729999542236328,25.729999542236328,0.0
2024-10-04 09:49:00+00:00,RILYZ,8.649999618530273,8.649999618530273,8.649999618530273,8.649999618530273,8.649999618530273,518.0
2024-10-04 09:50:00+00:00,EVGOW,0.8539999723434448,0.8539999723434448,0.8539999723434448,0.8324999809265137,0.8399999737739563,1702.0
2024-10-04 09:50:00+00:00,MVSTW,0.02290000021457672,0.02290000021457672,0.02290000021457672,0.02290000021457672,0.02290000021457672,0.0
2024-10-04 09:50:00+00:00,MYPSW,0.016300000250339508,0.016300000250339508,0.016300000250339508,0.016300000250339508,0.016300000250339508,0.0
2024-10-04 09:50:00+00:00,NNAVW,2.950000047683716,2.950000047683716,2.950000047683716,2.950000047683716,2.950000047683716,291.0
2024-10-04 09:51:00+00:00,ARBKL,10.479999542236328,10.479999542236328,10.479999542236328,10.479999542236328,10.479999542236328,441.0
2024-10-04 09:51:00+00:00,EVGOW,0.8274999856948853,0.8274999856948853,0.8497999906539917,0.8274999856948853,0.8497999906539917,6866.0
2024-10-04 09:52:00+00:00,EVGOW,0.824999988079071,0.824999988079071,0.824999988079071,0.824999988079071,0.824999988079071,562.0
2024-10-04 09:52:00+00:00,HUMAW,1.8517999649047852,1.8517999649047852,1.8517999649047852,1.8508000373840332,1.8508000373840332,2548.0
2024-10-04 09:52:00+00:00,RILYT,9.599900245666504,9.599900245666504,9.599900245666504,9.475000381469727,9.569999694824219,0.0
2024-10-04 09:52:00+00:00,SNAXW,0.007199999876320362,0.007199999876320362,0.007199999876320362,0.007199999876320362,0.007199999876320362,0.0
2024-10-04 09:53:00+00:00,EVGOW,0.8274999856948853,0.8274999856948853,0.8274999856948853,0.8149999976158142,0.824999988079071,5756.0
2024-10-04 09:53:00+00:00,HTZWW,2.1798999309539795,2.1798999309539795,2.180000066757202,2.1649999618530273,2.1649999618530273,6457.0
2024-10-04 09:53:00+00:00,HUMAW,1.840000033378601,1.840000033378601,1.840000033378601,1.75,1.75,4552.0
2024-10-04 09:53:00+00:00,NNAVW,2.930000066757202,2.930000066757202,2.930000066757202,2.930000066757202,2.930000066757202,25.0
2024-10-04 09:53:00+00:00,RILYT,9.52810001373291,9.52810001373291,9.599900245666504,9.475000381469727,9.577899932861328,5806.0
2024-10-04 09:53:00+00:00,SNAXW,0.007199999876320362,0.007199999876320362,0.007199999876320362,0.007199999876320362,0.007199999876320362,5725.0
2024-10-04 09:54:00+00:00,EVGOW,0.8140000104904175,0.8140000104904175,0.8140000104904175,0.8140000104904175,0.8140000104904175,2579.0
2024-10-04 09:54:00+00:00,HTZWW,2.180000066757202,2.180000066757202,2.180000066757202,2.180000066757202,2.180000066757202,2391.0
2024-10-04 09:54:00+00:00,RILYT,9.729999542236328,9.729999542236328,9.729999542236328,9.680000305175781,9.680000305175781,660.0
2024-10-04 09:55:00+00:00,CGABL,20.110000610351562,20.110000610351562,20.1299991607666,20.110000610351562,20.1299991607666,1752.0
2024-10-04 09:55:00+00:00,GOODO,21.33009910583496,21.33009910583496,21.33009910583496,21.33009910583496,21.33009910583496,369.0
2024-10-04 09:55:00+00:00,HTZWW,2.180000066757202,2.180000066757202,2.180000066757202,2.180000066757202,2.180000066757202,155.0
2024-10-04 09:55:00+00:00,RILYT,9.75,9.75,9.75,9.720000267028809,9.720000267028809,1088.0
2024-10-04 09:56:00+00:00,CGABL,20.040000915527344,20.040000915527344,20.059999465942383,20.020000457763672,20.059999465942383,2600.0
2024-10-04 09:56:00+00:00,CPZ,15.8149995803833,15.8149995803833,15.849900245666504,15.8149995803833,15.849900245666504,1504.0
2024-10-04 09:56:00+00:00,GOODO,21.36009979248047,21.36009979248047,21.36009979248047,21.360000610351562,21.360000610351562,400.0
2024-10-04 09:56:00+00:00,HOVNP,17.829999923706055,17.829999923706055,17.829999923706055,17.829999923706055,17.829999923706055,395.0
2024-10-04 09:56:00+00:00,HTZWW,2.1700000762939453,2.1700000762939453,2.1700000762939453,2.1700000762939453,2.1700000762939453,590.0
2024-10-04 09:56:00+00:00,TBLD,17.849899291992188,17.849899291992188,17.849899291992188,17.849899291992188,17.849899291992188,3000.0
2024-10-04 09:57:00+00:00,DHCNL,17.399999618530273,17.399999618530273,17.399999618530273,17.399999618530273,17.399999618530273,0.0
2024-10-04 09:57:00+00:00,EVGOW,0.8001000285148621,0.8001000285148621,0.8001000285148621,0.8001000285148621,0.8001000285148621,3005.0
2024-10-04 09:57:00+00:00,OPINL,14.430100440979004,14.430100440979004,14.449999809265137,14.430000305175781,14.449999809265137,702.0
2024-10-04 09:57:00+00:00,RILYM,21.549999237060547,21.549999237060547,21.549999237060547,21.549999237060547,21.549999237060547,654.0
2024-10-04 09:58:00+00:00,EVGOW,0.805899977684021,0.805899977684021,0.805899977684021,0.805899977684021,0.805899977684021,3074.0
2024-10-04 09:58:00+00:00,HOVNP,17.799999237060547,17.799999237060547,17.799999237060547,17.799999237060547,17.799999237060547,250.0
2024-10-04 09:58:00+00:00,RILYM,21.510000228881836,21.510000228881836,21.530000686645508,21.510000228881836,21.530000686645508,593.0
2024-10-04 09:58:00+00:00,TBLD,17.579999923706055,17.579999923706055,17.579999923706055,17.575000762939453,17.579999923706055,500.0
2024-10-04 09:59:00+00:00,BLDEW,0.2549999952316284,0.2549999952316284,0.2549999952316284,0.2549999952316284,0.2549999952316284,100.0
2024-10-04 09:59:00+00:00,EVGOW,0.8223999738693237,0.8223999738693237,0.8223999738693237,0.8223999738693237,0.8223999738693237,2500.0
2024-10-04 09:59:00+00:00,NNAVW,2.930000066757202,2.930000066757202,2.930000066757202,2.930000066757202,2.930000066757202,200.0
2024-10-04 09:59:00+00:00,RILYM,21.520000457763672,21.520000457763672,21.549999237060547,21.510000228881836,21.549999237060547,1968.0
2024-10-04 09:59:00+00:00,RILYZ,8.649999618530273,8.649999618530273,8.649999618530273,8.649999618530273,8.649999618530273,1125.0
2024-10-04 10:00:00+00:00,RILYN,12.649999618530273,12.649999618530273,12.649999618530273,12.640000343322754,12.640000343322754,2248.0
2024-10-04 10:01:00+00:00,PFTAW,0.03099999949336052,0.03099999949336052,0.031099999323487282,0.03099999949336052,0.031099999323487282,296.0
2024-10-04 10:01:00+00:00,RILYT,9.529999732971191,9.529999732971191,9.529999732971191,9.5,9.529999732971191,1606.0
2024-10-04 10:02:00+00:00,ARQQW,0.11720000207424164,0.11720000207424164,0.11720000207424164,0.11249999701976776,0.11249999701976776,0.0
2024-10-04 10:02:00+00:00,BLDEW,0.25,0.25,0.25,0.25,0.25,0.0
2024-10-04 10:02:00+00:00,CPZ,15.808600425720215,15.808600425720215,15.808600425720215,15.808600425720215,15.808600425720215,101.0
2024-10-04 10:02:00+00:00,GOVXW,0.15649999678134918,0.15649999678134918,0.15649999678134918,0.15000000596046448,0.15000000596046448,558.0
2024-10-04 10:02:00+00:00,RILYT,9.5,9.5,9.5,9.5,9.5,1050.0
2024-10-04 10:03:00+00:00,ARQQW,0.15000000596046448,0.15000000596046448,0.15000000596046448,0.11999999731779099,0.11999999731779099,15854.0
2024-10-04 10:03:00+00:00,LTRYW,0.008500000461935997,0.008500000461935997,0.008500000461935997,0.008500000461935997,0.008500000461935997,0.0
2024-10-04 10:03:00+00:00,RILYT,9.564000129699707,9.564000129699707,9.6899995803833,9.510000228881836,9.57960033416748,5629.0
2024-10-04 10:03:00+00:00,TBLAW,0.09520000219345093,0.09520000219345093,0.09520000219345093,0.09520000219345093,0.09520000219345093,0.0
2024-10-04 10:04:00+00:00,EVGOW,0.8296999931335449,0.8296999931335449,0.8296999931335449,0.8198999762535095,0.8199999928474426,10900.0
2024-10-04 10:04:00+00:00,RILYT,9.510000228881836,9.510000228881836,9.510000228881836,9.510000228881836,9.510000228881836,3.0
2024-10-04 10:05:00+00:00,ADNWW,0.00800000037997961,0.00800000037997961,0.00800000037997961,0.00800000037997961,0.00800000037997961,0.0
2024-10-04 10:05:00+00:00,CPZ,15.75,15.75,15.800000190734863,15.75,15.800000190734863,3000.0
2024-10-04 10:05:00+00:00,EVGOW,0.8299999833106995,0.8299999833106995,0.8579999804496765,0.8296999931335449,0.8579999804496765,0.0
2024-10-04 10:05:00+00:00,FFIEW,0.023800000548362732,0.023800000548362732,0.024000000208616257,0.023800000548362732,0.024000000208616257,1071.0
2024-10-04 10:05:00+00:00,OPINL,14.436699867248535,14.436699867248535,14.436699867248535,14.430000305175781,14.430000305175781,1480.0
2024-10-04 10:05:00+00:00,RILYT,9.474200248718262,9.474200248718262,9.556599617004395,9.399999618530273,9.399999618530273,1733.0
2024-10-04 10:06:00+00:00,EVGOW,0.8399999737739563,0.8399999737739563,0.8399999737739563,0.800000011920929,0.8320000171661377,3651.0
2024-10-04 10:06:00+00:00,RILYM,21.559999465942383,21.559999465942383,21.559999465942383,21.549999237060547,21.549999237060547,2100.0
2024-10-04 10:06:00+00:00,RILYT,9.430899620056152,9.430899620056152,9.557700157165527,9.430899620056152,9.557700157165527,2019.0
2024-10-04 10:07:00+00:00,GREEL,8.954999923706055,8.954999923706055,8.954999923706055,8.954999923706055,8.954999923706055,0.0
2024-10-04 10:07:00+00:00,RILYM,21.545000076293945,21.545000076293945,21.549999237060547,21.545000076293945,21.549999237060547,2759.0
2024-10-04 10:07:00+00:00,RILYT,9.359999656677246,9.359999656677246,9.574999809265137,9.359999656677246,9.574999809265137,2347.0
2024-10-04 10:08:00+00:00,NNAVW,2.8499999046325684,2.8499999046325684,2.890000104904175,2.8499999046325684,2.890000104904175,1200.0
2024-10-04 10:08:00+00:00,RILYT,9.310099601745605,9.310099601745605,9.381999969482422,9.310099601745605,9.381999969482422,2726.0
2024-10-04 10:08:00+00:00,RILYZ,8.725000381469727,8.725000381469727,8.725000381469727,8.725000381469727,8.725000381469727,500.0
2024-10-04 10:09:00+00:00,ARBKL,10.483799934387207,10.483799934387207,10.483799934387207,10.483799934387207,10.483799934387207,226.0
2024-10-04 10:09:00+00:00,RILYK,17.309999465942383,17.309999465942383,17.309999465942383,17.309999465942383,17.309999465942383,1529.0
2024-10-04 10:09:00+00:00,RILYM,21.200000762939453,21.200000762939453,21.5,21.200000762939453,21.5,5210.0
2024-10-04 10:09:00+00:00,RILYZ,8.649999618530273,8.649999618530273,8.649999618530273,8.649999618530273,8.649999618530273,250.0
2024-10-04 10:10:00+00:00,BLDEW,0.2524999976158142,0.2524999976158142,0.2524999976158142,0.2524999976158142,0.2524999976158142,1000.0
2024-10-04 10:10:00+00:00,EVGOW,0.8399999737739563,0.8399999737739563,0.8399999737739563,0.8399999737739563,0.8399999737739563,650.0
2024-10-04 10:10:00+00:00,GAINN,24.780000686645508,24.780000686645508,24.780000686645508,24.780000686645508,24.780000686645508,0.0
2024-10-04 10:10:00+00:00,GAINZ,23.989999771118164,23.989999771118164,23.989999771118164,23.989999771118164,23.989999771118164,0.0
2024-10-04 10:10:00+00:00,HWCPZ,25.440000534057617,25.440000534057617,25.440000534057617,25.440000534057617,25.440000534057617,281.0
2024-10-04 10:10:00+00:00,LIXTW,0.051500000059604645,0.051500000059604645,0.051500000059604645,0.051500000059604645,0.051500000059604645,0.0
2024-10-04 10:10:00+00:00,OPINL,14.420000076293945,14.420000076293945,14.430000305175781,14.34000015258789,14.430000305175781,1256.0
2024-10-04 10:10:00+00:00,RILYZ,8.574999809265137,8.574999809265137,8.649999618530273,8.574999809265137,8.649999618530273,3968.0
2024-10-04 10:10:00+00:00,TBLD,17.579999923706055,17.579999923706055,17.579999923706055,17.579999923706055,17.579999923706055,2800.0
2024-10-04 10:11:00+00:00,ARBKL,10.460100173950195,10.460100173950195,10.460100173950195,10.460100173950195,10.460100173950195,445.0
2024-10-04 10:11:00+00:00,BLDEW,0.22499999403953552,0.22499999403953552,0.25,0.22499999403953552,0.25,12913.0
2024-10-04 10:11:00+00:00,GOODO,21.270000457763672,21.270000457763672,21.270000457763672,21.270000457763672,21.270000457763672,133.0
2024-10-04 10:11:00+00:00,HUMAW,1.8200000524520874,1.8200000524520874,1.8200000524520874,1.8200000524520874,1.8200000524520874,443.0
2024-10-04 10:11:00+00:00,OPINL,14.420000076293945,14.420000076293945,14.420000076293945,14.420000076293945,14.420000076293945,100.0
2024-10-04 10:11:00+00:00,RILYM,21.309999465942383,21.309999465942383,21.309999465942383,21.309999465942383,21.309999465942383,1815.0
2024-10-04 10:11:00+00:00,RILYT,9.239999771118164,9.239999771118164,9.3100004196167,9.239999771118164,9.3100004196167,2679.0
2024-10-04 10:12:00+00:00,HUMAW,1.7699999809265137,1.7699999809265137,1.7699999809265137,1.7699999809265137,1.7699999809265137,300.0
2024-10-04 10:12:00+00:00,RILYM,21.200000762939453,21.200000762939453,21.234899520874023,21.200000762939453,21.234899520874023,1204.0
2024-10-04 10:12:00+00:00,RILYZ,8.5,8.5,8.5,8.5,8.5,1614.0
2024-10-04 10:13:00+00:00,ARBKL,10.492199897766113,10.492199897766113,10.492199897766113,10.492199897766113,10.492199897766113,423.0
2024-10-04 10:13:00+00:00,GECCM,25.030000686645508,25.030000686645508,25.030000686645508,25.030000686645508,25.030000686645508,0.0
2024-10-04 10:13:00+00:00,GOEVW,0.035999998450279236,0.035999998450279236,0.035999998450279236,0.035999998450279236,0.035999998450279236,230.0
2024-10-04 10:13:00+00:00,OPINL,14.335000038146973,14.335000038146973,14.335000038146973,14.335000038146973,14.335000038146973,201.0
2024-10-04 10:13:00+00:00,RILYM,21.239999771118164,21.239999771118164,21.249900817871094,21.18000030517578,21.180599212646484,2020.0
2024-10-04 10:13:00+00:00,RILYT,9.010000228881836,9.010000228881836,9.039999961853027,9.010000228881836,9.039999961853027,3287.0
2024-10-04 10:13:00+00:00,RILYZ,8.510000228881836,8.510000228881836,8.510000228881836,8.430000305175781,8.510000228881836,1887.0
2024-10-04 10:13:00+00:00,RWAYL,25.149999618530273,25.149999618530273,25.149999618530273,25.149999618530273,25.149999618530273,0.0
2024-10-04 10:14:00+00:00,FFIEW,0.019099999219179153,0.019099999219179153,0.023800000548362732,0.019099999219179153,0.023800000548362732,14904.0
2024-10-04 10:14:00+00:00,GREEL,8.954999923706055,8.954999923706055,8.954999923706055,8.954999923706055,8.954999923706055,150.0
2024-10-04 10:14:00+00:00,RILYM,21.249000549316406,21.249000549316406,21.249000549316406,21.229700088500977,21.244800567626953,1200.0
2024-10-04 10:14:00+00:00,RWAYL,25.149999618530273,25.149999618530273,25.149999618530273,25.149999618530273,25.149999618530273,69.0
2024-10-04 10:14:00+00:00,TBLD,17.600000381469727,17.600000381469727,17.600000381469727,17.600000381469727,17.600000381469727,0.0
2024-10-04 10:15:00+00:00,HOVNP,17.84000015258789,17.84000015258789,17.84000015258789,17.84000015258789,17.84000015258789,114.0
2024-10-04 10:15:00+00:00,OPINL,14.28380012512207,14.28380012512207,14.28380012512207,14.28380012512207,14.28380012512207,1001.0
2024-10-04 10:15:00+00:00,RILYM,21.200000762939453,21.200000762939453,21.23419952392578,21.200000762939453,21.22920036315918,2897.0
2024-10-04 10:16:00+00:00,ASTLW,1.690000057220459,1.690000057220459,1.690000057220459,1.690000057220459,1.690000057220459,0.0
2024-10-04 10:16:00+00:00,EVGOW,0.8500000238418579,0.8500000238418579,0.8500000238418579,0.8500000238418579,0.8500000238418579,6800.0
2024-10-04 10:16:00+00:00,RILYM,21.059999465942383,21.059999465942383,21.234600067138672,21.020000457763672,21.234600067138672,2578.0
2024-10-04 10:16:00+00:00,TBLD,17.579999923706055,17.579999923706055,17.579999923706055,17.579999923706055,17.579999923706055,1315.0
2024-10-04 10:17:00+00:00,ARBKL,10.489999771118164,10.489999771118164,10.604999542236328,10.489999771118164,10.604999542236328,662.0
2024-10-04 10:17:00+00:00,ASTLW,1.690000057220459,1.690000057220459,1.690000057220459,1.690000057220459,1.690000057220459,1200.0
2024-10-04 10:17:00+00:00,BLDEW,0.25,0.25,0.25,0.23199999332427979,0.23199999332427979,10797.0
2024-10-04 10:17:00+00:00,EVGOW,0.8500000238418579,0.8500000238418579,0.8500000238418579,0.8500000238418579,0.8500000238418579,794.0
2024-10-04 10:17:00+00:00,RILYM,21.25,21.25,21.25,21.100000381469727,21.100000381469727,1594.0
2024-10-04 10:17:00+00:00,RILYZ,8.4399995803833,8.4399995803833,8.484999656677246,8.42199993133545,8.42199993133545,2919.0
2024-10-04 10:17:00+00:00,TBLAW,0.10029999911785126,0.10029999911785126,0.10040000081062317,0.10029999911785126,0.10040000081062317,1500.0
2024-10-04 10:18:00+00:00,ARBKL,10.460000038146973,10.460000038146973,10.460000038146973,10.460000038146973,10.460000038146973,431.0
2024-10-04 10:18:00+00:00,HOVNP,17.84000015258789,17.84000015258789,17.84000015258789,17.84000015258789,17.84000015258789,401.0
2024-10-04 10:18:00+00:00,HTZWW,2.1898999214172363,2.1898999214172363,2.1898999214172363,2.1898999214172363,2.1898999214172363,700.0
2024-10-04 10:18:00+00:00,RILYZ,8.5649995803833,8.5649995803833,8.5649995803833,8.489999771118164,8.489999771118164,1304.0
2024-10-04 10:19:00+00:00,ADNWW,0.007300000172108412,0.007300000172108412,0.007300000172108412,0.007300000172108412,0.007300000172108412,4400.0
2024-10-04 10:19:00+00:00,ARBKL,10.460100173950195,10.460100173950195,10.460100173950195,10.460000038146973,10.460000038146973,3209.0
2024-10-04 10:19:00+00:00,EOSEW,0.21449999511241913,0.21449999511241913,0.21449999511241913,0.21449999511241913,0.21449999511241913,1410.0
2024-10-04 10:19:00+00:00,HUMAW,1.9800000190734863,1.9800000190734863,1.9800000190734863,1.8200000524520874,1.8200000524520874,5093.0
2024-10-04 10:19:00+00:00,ONFOW,0.16500000655651093,0.16500000655651093,0.16500000655651093,0.16500000655651093,0.16500000655651093,0.0
2024-10-04 10:19:00+00:00,RILYZ,8.475000381469727,8.475000381469727,8.510000228881836,8.420000076293945,8.4399995803833,4854.0
2024-10-04 10:20:00+00:00,CPZ,15.739999771118164,15.739999771118164,15.78499984741211,15.739999771118164,15.78499984741211,685.0
2024-10-04 10:20:00+00:00,EOSEW,0.21199999749660492,0.21199999749660492,0.21199999749660492,0.21199999749660492,0.21199999749660492,75.0
2024-10-04 10:20:00+00:00,RILYZ,8.3100004196167,8.3100004196167,8.520000457763672,8.3100004196167,8.494999885559082,2056.0
2024-10-04 10:21:00+00:00,EVGOW,0.84579998254776,0.84579998254776,0.84579998254776,0.84579998254776,0.84579998254776,300.0
2024-10-04 10:21:00+00:00,FOSLL,13.869999885559082,13.869999885559082,13.880000114440918,13.75,13.84220027923584,1092.0
2024-10-04 10:21:00+00:00,GOVXW,0.1818999946117401,0.1818999946117401,0.18199999630451202,0.1599999964237213,0.1599999964237213,5626.0
2024-10-04 10:21:00+00:00,GREEL,9.0,9.0,9.0,9.0,9.0,605.0
2024-10-04 10:21:00+00:00,ONFOW,0.15000000596046448,0.15000000596046448,0.17900000512599945,0.15000000596046448,0.15000000596046448,7439.0
2024-10-04 10:21:00+00:00,RILYM,21.020000457763672,21.020000457763672,21.24799919128418,21.020000457763672,21.18000030517578,4666.0
2024-10-04 10:22:00+00:00,ATNFW,0.008200000040233135,0.008200000040233135,0.008200000040233135,0.008200000040233135,0.008200000040233135,0.0
2024-10-04 10:22:00+00:00,BLDEW,0.25130000710487366,0.25130000710487366,0.2524999976158142,0.25130000710487366,0.2524999976158142,910.0
2024-10-04 10:22:00+00:00,CGABL,20.049999237060547,20.049999237060547,20.049999237060547,20.040000915527344,20.049999237060547,310.0
2024-10-04 10:22:00+00:00,EVGOW,0.8500000238418579,0.8500000238418579,0.8500000238418579,0.8500000238418579,0.8500000238418579,2679.0
2024-10-04 10:22:00+00:00,METCL,26.049999237060547,26.049999237060547,26.049999237060547,26.049999237060547,26.049999237060547,0.0
2024-10-04 10:22:00+00:00,NXPLW,0.15109999477863312,0.15109999477863312,0.23999999463558197,0.15109999477863312,0.23909999430179596,0.0
2024-10-04 10:22:00+00:00,OPINL,14.420000076293945,14.420000076293945,14.420000076293945,14.34000015258789,14.34000015258789,300.0
2024-10-04 10:22:00+00:00,RILYM,21.082199096679688,21.082199096679688,21.082199096679688,21.020000457763672,21.020000457763672,750.0
2024-10-04 10:22:00+00:00,RILYZ,8.399999618530273,8.399999618530273,8.449899673461914,8.399999618530273,8.449899673461914,112.0
2024-10-04 10:23:00+00:00,CGABL,20.049999237060547,20.049999237060547,20.049999237060547,20.049999237060547,20.049999237060547,100.0
2024-10-04 10:23:00+00:00,EVGOW,0.8650000095367432,0.8650000095367432,0.8650000095367432,0.8400999903678894,0.8400999903678894,4368.0
2024-10-04 10:23:00+00:00,GOVXW,0.18199999630451202,0.18199999630451202,0.18199999630451202,0.18199999630451202,0.18199999630451202,300.0
2024-10-04 10:23:00+00:00,NNAVW,2.859999895095825,2.859999895095825,2.859999895095825,2.859999895095825,2.859999895095825,1289.0
2024-10-04 10:23:00+00:00,RILYM,21.1200008392334,21.1200008392334,21.219999313354492,21.1200008392334,21.190000534057617,1525.0
2024-10-04 10:23:00+00:00,RILYZ,8.520000457763672,8.520000457763672,8.5600004196167,8.430000305175781,8.430000305175781,8281.0
2024-10-04 10:24:00+00:00,EOSEW,0.20999999344348907,0.20999999344348907,0.20999999344348907,0.20999999344348907,0.20999999344348907,1045.0
2024-10-04 10:24:00+00:00,NVVEW,0.02759999968111515,0.02759999968111515,0.02759999968111515,0.02759999968111515,0.02759999968111515,11579.0
2024-10-04 10:24:00+00:00,NXPLW,0.15109999477863312,0.15109999477863312,0.24899999797344208,0.15109999477863312,0.23999999463558197,3204.0
2024-10-04 10:24:00+00:00,RILYK,16.860000610351562,16.860000610351562,16.860000610351562,16.809999465942383,16.809999465942383,700.0
2024-10-04 10:24:00+00:00,RILYN,12.220000267028809,12.220000267028809,12.239999771118164,12.220000267028809,12.239999771118164,1171.0
2024-10-04 10:25:00+00:00,GOVXW,0.18209999799728394,0.18209999799728394,0.18209999799728394,0.18199999630451202,0.18199999630451202,5183.0
2024-10-04 10:25:00+00:00,HTZWW,2.1798999309539795,2.1798999309539795,2.1798999309539795,2.1798999309539795,2.1798999309539795,903.0
2024-10-04 10:25:00+00:00,NNAVW,2.950000047683716,2.950000047683716,2.950000047683716,2.950000047683716,2.950000047683716,1300.0
2024-10-04 10:25:00+00:00,OPINL,14.420000076293945,14.420000076293945,14.420000076293945,14.420000076293945,14.420000076293945,528.0
2024-10-04 10:25:00+00:00,RILYM,21.149999618530273,21.149999618530273,21.160600662231445,21.149999618530273,21.160600662231445,1696.0
2024-10-04 10:26:00+00:00,HTZWW,2.1798999309539795,2.1798999309539795,2.1798999309539795,2.1798999309539795,2.1798999309539795,100.0
2024-10-04 10:26:00+00:00,RILYM,21.107200622558594,21.107200622558594,21.149999618530273,21.107200622558594,21.149999618530273,1500.0
2024-10-04 10:27:00+00:00,CGABL,20.040000915527344,20.040000915527344,20.040000915527344,20.040000915527344,20.040000915527344,4146.0
2024-10-04 10:27:00+00:00,HTZWW,2.1500000953674316,2.1500000953674316,2.1500000953674316,2.1500000953674316,2.1500000953674316,1200.0
2024-10-04 10:27:00+00:00,NXPLW,0.24899999797344208,0.24899999797344208,0.24899999797344208,0.24899999797344208,0.24899999797344208,123.0
2024-10-04 10:27:00+00:00,RILYK,16.850000381469727,16.850000381469727,16.8799991607666,16.809999465942383,16.809999465942383,1499.0
2024-10-04 10:27:00+00:00,RILYM,21.059999465942383,21.059999465942383,21.24169921875,21.059999465942383,21.190000534057617,1200.0
2024-10-04 10:27:00+00:00,RILYT,9.020000457763672,9.020000457763672,9.020000457763672,9.020000457763672,9.020000457763672,2498.0
2024-10-04 10:28:00+00:00,HTZWW,2.1500000953674316,2.1500000953674316,2.1500000953674316,2.1500000953674316,2.1500000953674316,697.0
2024-10-04 10:28:00+00:00,NVVEW,0.029999999329447746,0.029999999329447746,0.029999999329447746,0.029999999329447746,0.029999999329447746,617.0
2024-10-04 10:28:00+00:00,OPINL,14.372699737548828,14.372699737548828,14.372699737548828,14.372699737548828,14.372699737548828,442.0
2024-10-04 10:28:00+00:00,RILYG,11.229999542236328,11.229999542236328,11.229999542236328,11.229999542236328,11.229999542236328,245.0
2024-10-04 10:28:00+00:00,RILYK,16.75,16.75,16.84000015258789,16.75,16.84000015258789,3392.0
2024-10-04 10:28:00+00:00,RILYM,21.0,21.0,21.030000686645508,21.0,21.030000686645508,7641.0
2024-10-04 10:28:00+00:00,RILYN,12.039999961853027,12.039999961853027,12.109999656677246,12.039999961853027,12.109999656677246,1768.0
2024-10-04 10:28:00+00:00,RILYT,9.0,9.0,9.0,9.0,9.0,1987.0
2024-10-04 10:29:00+00:00,HUMAW,1.75,1.75,1.7699999809265137,1.75,1.7699999809265137,3504.0
2024-10-04 10:29:00+00:00,RILYG,11.0,11.0,11.0,11.0,11.0,1328.0
2024-10-04 10:29:00+00:00,RILYM,20.860000610351562,20.860000610351562,21.043100357055664,20.860000610351562,21.043100357055664,3151.0
2024-10-04 10:29:00+00:00,RILYZ,8.449999809265137,8.449999809265137,8.449999809265137,8.449999809265137,8.449999809265137,400.0
2024-10-04 10:30:00+00:00,JSM,20.700000762939453,20.700000762939453,20.700000762939453,20.700000762939453,20.700000762939453,0.0
2024-10-04 10:30:00+00:00,RILYM,20.729999542236328,20.729999542236328,20.9468994140625,20.729999542236328,20.889999389648438,5033.0
2024-10-04 10:30:00+00:00,RILYZ,8.449999809265137,8.449999809265137,8.449999809265137,8.449999809265137,8.449999809265137,410.0
2024-10-04 10:30:00+00:00,RWAYL,25.163299560546875,25.163299560546875,25.170000076293945,25.163299560546875,25.170000076293945,900.0
2024-10-04 10:31:00+00:00,METCL,26.04990005493164,26.04990005493164,26.04990005493164,26.04990005493164,26.04990005493164,261.0
2024-10-04 10:31:00+00:00,RILYK,16.530000686645508,16.530000686645508,16.530000686645508,16.530000686645508,16.530000686645508,100.0
2024-10-04 10:31:00+00:00,RILYM,20.761699676513672,20.761699676513672,20.850000381469727,20.719999313354492,20.719999313354492,1900.0
2024-10-04 10:31:00+00:00,RILYZ,8.319999694824219,8.319999694824219,8.319999694824219,8.319999694824219,8.319999694824219,376.0
2024-10-04 10:32:00+00:00,CGABL,20.049999237060547,20.049999237060547,20.049999237060547,20.049999237060547,20.049999237060547,1102.0
2024-10-04 10:32:00+00:00,RILYG,10.850000381469727,10.850000381469727,10.850000381469727,10.850000381469727,10.850000381469727,400.0
2024-10-04 10:32:00+00:00,RILYK,16.5,16.5,16.549999237060547,16.5,16.510000228881836,6825.0
2024-10-04 10:32:00+00:00,RILYM,20.739999771118164,20.739999771118164,20.899999618530273,20.729999542236328,20.819499969482422,5401.0
2024-10-04 10:32:00+00:00,RILYZ,8.25,8.25,8.25,8.25,8.25,784.0
2024-10-04 10:33:00+00:00,BLDEW,0.25440001487731934,0.25440001487731934,0.25440001487731934,0.25440001487731934,0.25440001487731934,3790.0
2024-10-04 10:33:00+00:00,CIFRW,1.159999966621399,1.159999966621399,1.159999966621399,1.159999966621399,1.159999966621399,159.0
2024-10-04 10:33:00+00:00,EVGOW,0.8799999952316284,0.8799999952316284,0.8799999952316284,0.8400999903678894,0.8400999903678894,3181.0
2024-10-04 10:33:00+00:00,HUMAW,1.9500000476837158,1.9500000476837158,1.9550000429153442,1.899999976158142,1.9550000429153442,0.0
2024-10-04 10:33:00+00:00,RILYG,10.850000381469727,10.850000381469727,10.859999656677246,10.850000381469727,10.850000381469727,2637.0
2024-10-04 10:33:00+00:00,RILYK,16.010000228881836,16.010000228881836,16.510000228881836,16.010000228881836,16.510000228881836,989.0
2024-10-04 10:33:00+00:00,RILYM,20.549999237060547,20.549999237060547,20.760000228881836,20.549999237060547,20.760000228881836,2798.0
2024-10-04 10:33:00+00:00,RILYT,8.850000381469727,8.850000381469727,8.850000381469727,8.850000381469727,8.850000381469727,1238.0
2024-10-04 10:34:00+00:00,EVGOW,0.8729000091552734,0.8729000091552734,0.8729000091552734,0.8600999712944031,0.8600999712944031,2103.0
2024-10-04 10:34:00+00:00,GOVXW,0.18199999630451202,0.18199999630451202,0.18199999630451202,0.18199999630451202,0.18199999630451202,0.0
2024-10-04 10:34:00+00:00,RILYM,20.5,20.5,20.5487003326416,20.5,20.530000686645508,6183.0
2024-10-04 10:34:00+00:00,RILYN,11.6899995803833,11.6899995803833,11.6899995803833,11.6899995803833,11.6899995803833,200.0
2024-10-04 10:35:00+00:00,PFTAW,0.029999999329447746,0.029999999329447746,0.029999999329447746,0.029999999329447746,0.029999999329447746,359.0
2024-10-04 10:35:00+00:00,RILYM,20.225000381469727,20.225000381469727,20.34000015258789,20.157899856567383,20.34000015258789,4056.0
2024-10-04 10:35:00+00:00,RILYN,11.680000305175781,11.680000305175781,11.680000305175781,11.680000305175781,11.680000305175781,30.0
2024-10-04 10:36:00+00:00,EVGOW,0.8723000288009644,0.8723000288009644,0.8759999871253967,0.871999979019165,0.871999979019165,3025.0
2024-10-04 10:36:00+00:00,RILYM,20.225000381469727,20.225000381469727,20.225000381469727,20.225000381469727,20.225000381469727,1955.0
2024-10-04 10:36:00+00:00,RILYZ,8.220000267028809,8.220000267028809,8.220000267028809,8.199999809265137,8.199999809265137,601.0
2024-10-04 10:37:00+00:00,ARBKL,10.550100326538086,10.550100326538086,10.550100326538086,10.550100326538086,10.550100326538086,1074.0
2024-10-04 10:37:00+00:00,RILYM,20.34000015258789,20.34000015258789,20.34000015258789,20.34000015258789,20.34000015258789,2152.0
2024-10-04 10:37:00+00:00,TBLD,17.5,17.5,17.510000228881836,17.5,17.510000228881836,1153.0
2024-10-04 10:38:00+00:00,NVVEW,0.029899999499320984,0.029899999499320984,0.029899999499320984,0.029899999499320984,0.029899999499320984,4704.0
2024-10-04 10:38:00+00:00,RILYN,11.600000381469727,11.600000381469727,11.600000381469727,11.600000381469727,11.600000381469727,200.0
2024-10-04 10:39:00+00:00,BANFP,25.460100173950195,25.460100173950195,25.460100173950195,25.459999084472656,25.459999084472656,0.0
2024-10-04 10:39:00+00:00,GOEVW,0.035100001841783524,0.035100001841783524,0.035100001841783524,0.035100001841783524,0.035100001841783524,420.0
2024-10-04 10:40:00+00:00,EVGOW,0.8799999952316284,0.8799999952316284,0.8799999952316284,0.8799999952316284,0.8799999952316284,1395.0
2024-10-04 10:40:00+00:00,RILYM,20.549999237060547,20.549999237060547,20.549999237060547,20.549999237060547,20.549999237060547,200.0
2024-10-04 10:40:00+00:00,RILYN,11.529999732971191,11.529999732971191,11.529999732971191,11.529999732971191,11.529999732971191,174.0
2024-10-04 10:41:00+00:00,BLDEW,0.25,0.25,0.2549000084400177,0.25,0.2549000084400177,1688.0
2024-10-04 10:41:00+00:00,EVGOW,0.8799999952316284,0.8799999952316284,0.8799999952316284,0.8799999952316284,0.8799999952316284,767.0
2024-10-04 10:41:00+00:00,RILYK,16.479999542236328,16.479999542236328,16.540000915527344,16.479999542236328,16.479999542236328,400.0
2024-10-04 10:41:00+00:00,RILYM,20.524900436401367,20.524900436401367,20.559999465942383,20.524900436401367,20.559999465942383,390.0
2024-10-04 10:41:00+00:00,RILYZ,8.36870002746582,8.36870002746582,8.36870002746582,8.36870002746582,8.36870002746582,200.0
2024-10-04 10:41:00+00:00,XOSWW,0.026599999517202377,0.026599999517202377,0.026599999517202377,0.026599999517202377,0.026599999517202377,0.0
2024-10-04 10:42:00+00:00,BLDEW,0.25999999046325684,0.25999999046325684,0.25999999046325684,0.2280000001192093,0.23350000381469727,8100.0
2024-10-04 10:42:00+00:00,BPYPM,17.250099182128906,17.250099182128906,17.250099182128906,17.250099182128906,17.250099182128906,617.0
2024-10-04 10:42:00+00:00,RILYK,16.329999923706055,16.329999923706055,16.329999923706055,16.315000534057617,16.329999923706055,600.0
2024-10-04 10:42:00+00:00,RILYT,8.789999961853027,8.789999961853027,8.84000015258789,8.789999961853027,8.84000015258789,522.0
2024-10-04 10:42:00+00:00,RILYZ,8.399999618530273,8.399999618530273,8.399999618530273,8.329999923706055,8.329999923706055,1339.0
2024-10-04 10:42:00+00:00,TBLD,17.681400299072266,17.681400299072266,17.681400299072266,17.681400299072266,17.681400299072266,826.0
2024-10-04 10:43:00+00:00,CGABL,20.049999237060547,20.049999237060547,20.049999237060547,20.049999237060547,20.049999237060547,500.0
2024-10-04 10:43:00+00:00,KTTAW,0.03799999877810478,0.03799999877810478,0.03799999877810478,0.03790000081062317,0.03790000081062317,0.0
2024-10-04 10:43:00+00:00,OXLCL,24.653900146484375,24.653900146484375,24.653900146484375,24.5625,24.56999969482422,0.0
2024-10-04 10:43:00+00:00,RILYG,11.069999694824219,11.069999694824219,11.069999694824219,10.850000381469727,10.850000381469727,1900.0
2024-10-04 10:44:00+00:00,EVGOW,0.8999999761581421,0.8999999761581421,0.8999999761581421,0.8999999761581421,0.8999999761581421,25668.0
2024-10-04 10:44:00+00:00,GOVXW,0.18199999630451202,0.18199999630451202,0.18199999630451202,0.14650000631809235,0.18199999630451202,13239.0
2024-10-04 10:44:00+00:00,GREEL,8.918499946594238,8.918499946594238,8.918499946594238,8.918499946594238,8.918499946594238,1002.0
2024-10-04 10:44:00+00:00,RILYK,16.479999542236328,16.479999542236328,16.479999542236328,16.43000030517578,16.43000030517578,108.0
2024-10-04 10:44:00+00:00,RILYZ,8.230799674987793,8.230799674987793,8.230799674987793,8.230799674987793,8.230799674987793,1837.0
2024-10-04 10:45:00+00:00,RELIW,0.07559999823570251,0.07559999823570251,0.07559999823570251,0.07559999823570251,0.07559999823570251,0.0
2024-10-04 10:45:00+00:00,RILYM,20.799999237060547,20.799999237060547,20.799999237060547,20.799999237060547,20.799999237060547,749.0
2024-10-04 10:45:00+00:00,RILYN,11.59000015258789,11.59000015258789,11.649999618530273,11.59000015258789,11.630000114440918,5032.0
2024-10-04 10:45:00+00:00,RILYZ,8.199999809265137,8.199999809265137,8.319999694824219,8.199999809265137,8.319999694824219,1664.0
2024-10-04 10:46:00+00:00,EVGOW,0.9054999947547913,0.9054999947547913,0.9054999947547913,0.9054999947547913,0.9054999947547913,811.0
2024-10-04 10:46:00+00:00,GOVXW,0.1818999946117401,0.1818999946117401,0.1818999946117401,0.1818999946117401,0.1818999946117401,7845.0
2024-10-04 10:46:00+00:00,HUMAW,1.8427000045776367,1.8427000045776367,1.8432999849319458,1.8427000045776367,1.8432999849319458,1400.0
2024-10-04 10:46:00+00:00,RILYT,8.961199760437012,8.961199760437012,8.961199760437012,8.961199760437012,8.961199760437012,874.0
2024-10-04 10:46:00+00:00,RILYZ,8.350000381469727,8.350000381469727,8.350000381469727,8.350000381469727,8.350000381469727,778.0
2024-10-04 10:47:00+00:00,RILYM,21.06999969482422,21.06999969482422,21.06999969482422,20.780000686645508,20.91200065612793,5726.0
2024-10-04 10:48:00+00:00,CGABL,20.049999237060547,20.049999237060547,20.049999237060547,20.049999237060547,20.049999237060547,277.0
2024-10-04 10:48:00+00:00,DHCNI,16.469999313354492,16.469999313354492,16.469999313354492,16.469999313354492,16.469999313354492,855.0
2024-10-04 10:48:00+00:00,RILYK,16.2549991607666,16.2549991607666,16.2549991607666,16.2549991607666,16.2549991607666,300.0
2024-10-04 10:48:00+00:00,RILYM,21.110000610351562,21.110000610351562,21.149999618530273,20.959999084472656,21.06999969482422,5211.0
2024-10-04 10:48:00+00:00,XOSWW,0.027899999171495438,0.027899999171495438,0.027899999171495438,0.027899999171495438,0.027899999171495438,0.0
2024-10-04 10:49:00+00:00,DHCNI,16.540000915527344,16.540000915527344,16.540000915527344,16.540000915527344,16.540000915527344,437.0
2024-10-04 10:49:00+00:00,EVGOW,0.9035999774932861,0.9035999774932861,0.9035999774932861,0.8999999761581421,0.8999999761581421,4390.0
2024-10-04 10:49:00+00:00,RILYK,16.5,16.5,16.5,16.479999542236328,16.479999542236328,611.0
2024-10-04 10:49:00+00:00,RILYM,21.56999969482422,21.56999969482422,21.68000030517578,21.139999389648438,21.139999389648438,6343.0
2024-10-04 10:49:00+00:00,RILYN,11.699999809265137,11.699999809265137,11.704400062561035,11.699999809265137,11.704400062561035,2228.0
2024-10-04 10:49:00+00:00,RILYT,8.899999618530273,8.899999618530273,8.899999618530273,8.899999618530273,8.899999618530273,105.0
2024-10-04 10:49:00+00:00,RILYZ,8.420000076293945,8.420000076293945,8.420000076293945,8.420000076293945,8.420000076293945,509.0
2024-10-04 10:50:00+00:00,RILYN,11.699999809265137,11.699999809265137,11.699999809265137,11.699999809265137,11.699999809265137,100.0
2024-10-04 10:50:00+00:00,RILYZ,8.430000305175781,8.430000305175781,8.430000305175781,8.430000305175781,8.430000305175781,933.0
2024-10-04 10:50:00+00:00,XOSWW,0.027000000700354576,0.027000000700354576,0.027000000700354576,0.027000000700354576,0.027000000700354576,500.0
2024-10-04 10:51:00+00:00,GOEVW,0.03460000082850456,0.03460000082850456,0.03460000082850456,0.03460000082850456,0.03460000082850456,1021.0
2024-10-04 10:51:00+00:00,GOODO,21.272300720214844,21.272300720214844,21.272300720214844,21.272300720214844,21.272300720214844,267.0
2024-10-04 10:51:00+00:00,RILYM,21.270000457763672,21.270000457763672,21.270000457763672,20.924999237060547,21.0,1632.0
2024-10-04 10:51:00+00:00,RILYN,11.411600112915039,11.411600112915039,11.645000457763672,11.319999694824219,11.645000457763672,4249.0
2024-10-04 10:52:00+00:00,RILYT,8.89840030670166,8.89840030670166,8.89840030670166,8.89840030670166,8.89840030670166,1610.0
2024-10-04 10:52:00+00:00,XOSWW,0.0284000001847744,0.0284000001847744,0.0284000001847744,0.0284000001847744,0.0284000001847744,500.0
2024-10-04 10:53:00+00:00,CPZ,15.720000267028809,15.720000267028809,15.720000267028809,15.720000267028809,15.720000267028809,14882.0
2024-10-04 10:53:00+00:00,HUMAW,1.850000023841858,1.850000023841858,1.850000023841858,1.840000033378601,1.840000033378601,133.0
2024-10-04 10:53:00+00:00,RILYM,21.25,21.25,21.25,21.25,21.25,200.0
2024-10-04 10:53:00+00:00,RILYN,11.399999618530273,11.399999618530273,11.499899864196777,11.399999618530273,11.499899864196777,323.0
2024-10-04 10:53:00+00:00,RILYT,8.90999984741211,8.90999984741211,9.072999954223633,8.90999984741211,9.021599769592285,3595.0
2024-10-04 10:53:00+00:00,TBLD,17.70989990234375,17.70989990234375,17.70989990234375,17.70989990234375,17.70989990234375,607.0
2024-10-04 10:54:00+00:00,RILYT,8.980999946594238,8.980999946594238,8.980999946594238,8.980999946594238,8.980999946594238,210.0
2024-10-04 10:54:00+00:00,XOSWW,0.028999999165534973,0.028999999165534973,0.028999999165534973,0.028999999165534973,0.028999999165534973,500.0
2024-10-04 10:55:00+00:00,EVGOW,0.902899980545044,0.902899980545044,0.9200000166893005,0.902899980545044,0.902899980545044,2020.0
2024-10-04 10:55:00+00:00,KPLTW,0.005499999970197678,0.005499999970197678,0.005499999970197678,0.005499999970197678,0.005499999970197678,0.0
2024-10-04 10:56:00+00:00,BPOPM,26.040000915527344,26.040000915527344,26.040000915527344,26.020000457763672,26.020000457763672,0.0
2024-10-04 10:56:00+00:00,CGABL,20.09000015258789,20.09000015258789,20.09000015258789,20.040000915527344,20.040000915527344,1649.0
2024-10-04 10:56:00+00:00,LILMW,0.0989999994635582,0.0989999994635582,0.0989999994635582,0.0989999994635582,0.0989999994635582,1641.0
2024-10-04 10:56:00+00:00,MVSTW,0.022700000554323196,0.022700000554323196,0.022700000554323196,0.022700000554323196,0.022700000554323196,10600.0
2024-10-04 10:56:00+00:00,RILYK,16.739999771118164,16.739999771118164,16.75,16.579999923706055,16.579999923706055,1062.0
2024-10-04 10:56:00+00:00,RILYN,11.788800239562988,11.788800239562988,11.788800239562988,11.729999542236328,11.729999542236328,1855.0
2024-10-04 10:57:00+00:00,ADNWW,0.00800000037997961,0.00800000037997961,0.00800000037997961,0.007799999788403511,0.00800000037997961,4064.0
2024-10-04 10:57:00+00:00,CGABL,20.049999237060547,20.049999237060547,20.049999237060547,20.049999237060547,20.049999237060547,1605.0
2024-10-04 10:57:00+00:00,EVGOW,0.9190000295639038,0.9190000295639038,0.9190000295639038,0.9190000295639038,0.9190000295639038,1677.0
2024-10-04 10:57:00+00:00,RILYZ,8.40060043334961,8.40060043334961,8.430000305175781,8.40060043334961,8.430000305175781,2100.0
2024-10-04 10:58:00+00:00,ADNWW,0.00800000037997961,0.00800000037997961,0.00800000037997961,0.007799999788403511,0.007899999618530273,2246.0
2024-10-04 10:58:00+00:00,ARBKL,10.75,10.75,10.75,10.75,10.75,0.0
2024-10-04 10:58:00+00:00,ATNFW,0.007400000002235174,0.007400000002235174,0.007400000002235174,0.007400000002235174,0.007400000002235174,6947.0
2024-10-04 10:58:00+00:00,CGABL,20.010000228881836,20.010000228881836,20.010000228881836,20.010000228881836,20.010000228881836,196.0
2024-10-04 10:58:00+00:00,RILYM,21.239999771118164,21.239999771118164,21.239999771118164,21.239999771118164,21.239999771118164,100.0
2024-10-04 10:59:00+00:00,ASTLW,1.690000057220459,1.690000057220459,1.690000057220459,1.690000057220459,1.690000057220459,400.0
2024-10-04 10:59:00+00:00,EVGOW,0.925000011920929,0.925000011920929,0.925000011920929,0.925000011920929,0.925000011920929,800.0
2024-10-04 10:59:00+00:00,RILYM,20.989999771118164,20.989999771118164,21.09000015258789,20.979999542236328,21.079999923706055,3090.0
2024-10-04 10:59:00+00:00,RILYN,11.6899995803833,11.6899995803833,11.809900283813477,11.6899995803833,11.809900283813477,1524.0
2024-10-04 10:59:00+00:00,RILYZ,8.399999618530273,8.399999618530273,8.460000038146973,8.323200225830078,8.36989974975586,4403.0
2024-10-04 11:00:00+00:00,ADNWW,0.00800000037997961,0.00800000037997961,0.00800000037997961,0.00800000037997961,0.00800000037997961,254.0
2024-10-04 11:00:00+00:00,ASTLW,1.6749999523162842,1.6749999523162842,1.690000057220459,1.6749999523162842,1.690000057220459,1200.0
2024-10-04 11:00:00+00:00,BLDEW,0.2522999942302704,0.2522999942302704,0.2522999942302704,0.2522999942302704,0.2522999942302704,1800.0
2024-10-04 11:00:00+00:00,EVGOW,0.9739000201225281,0.9739000201225281,0.9879999756813049,0.9700000286102295,0.9700000286102295,21362.0
2024-10-04 11:00:00+00:00,GOODO,21.29010009765625,21.29010009765625,21.29010009765625,21.29010009765625,21.29010009765625,300.0
2024-10-04 11:00:00+00:00,RILYM,20.969999313354492,20.969999313354492,20.969999313354492,20.969999313354492,20.969999313354492,1196.0
2024-10-04 11:00:00+00:00,RILYZ,8.436400413513184,8.436400413513184,8.436400413513184,8.390000343322754,8.420999526977539,2701.0
2024-10-04 11:01:00+00:00,EVGOW,0.9598000049591064,0.9598000049591064,1.0,0.9598000049591064,1.0,25214.0
2024-10-04 11:01:00+00:00,TBLAW,0.11069999635219574,0.11069999635219574,0.11069999635219574,0.11069999635219574,0.11069999635219574,100.0
2024-10-04 11:02:00+00:00,AGBAW,0.2199999988079071,0.2199999988079071,0.2199999988079071,0.2199999988079071,0.2199999988079071,0.0
2024-10-04 11:02:00+00:00,HTZWW,2.1500000953674316,2.1500000953674316,2.1500000953674316,2.1500000953674316,2.1500000953674316,360.0
2024-10-04 11:02:00+00:00,RILYM,21.079999923706055,21.079999923706055,21.079999923706055,21.079999923706055,21.079999923706055,558.0
2024-10-04 11:03:00+00:00,ATNFW,0.007400000002235174,0.007400000002235174,0.007400000002235174,0.007400000002235174,0.007400000002235174,407.0
2024-10-04 11:03:00+00:00,EVGOW,0.9998999834060669,0.9998999834060669,0.9998999834060669,0.9998999834060669,0.9998999834060669,884.0
2024-10-04 11:04:00+00:00,EVGOW,1.0,1.0,1.0,1.0,1.0,22590.0
2024-10-04 11:04:00+00:00,RILYM,21.190099716186523,21.190099716186523,21.190099716186523,20.950000762939453,20.954999923706055,448.0
2024-10-04 11:04:00+00:00,RILYT,8.760000228881836,8.760000228881836,8.760000228881836,8.760000228881836,8.760000228881836,1551.0
2024-10-04 11:05:00+00:00,AGBAW,0.2206999957561493,0.2206999957561493,0.2206999957561493,0.2206999957561493,0.2206999957561493,3303.0
2024-10-04 11:05:00+00:00,EVGOW,0.9650999903678894,0.9650999903678894,1.0199999809265137,0.9650999903678894,1.0,8414.0
2024-10-04 11:05:00+00:00,HUMAW,1.75,1.75,1.7599999904632568,1.75,1.7599999904632568,1999.0
2024-10-04 11:05:00+00:00,RILYM,20.950000762939453,20.950000762939453,20.950000762939453,20.950000762939453,20.950000762939453,842.0
2024-10-04 11:05:00+00:00,RILYN,11.6899995803833,11.6899995803833,11.699999809265137,11.639200210571289,11.639200210571289,2862.0
2024-10-04 11:05:00+00:00,RILYZ,8.430000305175781,8.430000305175781,8.430000305175781,8.430000305175781,8.430000305175781,2045.0
2024-10-04 11:06:00+00:00,BLDEW,0.25,0.25,0.25,0.23250000178813934,0.24250000715255737,20012.0
2024-10-04 11:06:00+00:00,EVGOW,1.0,1.0,1.0199999809265137,1.0,1.0199999809265137,558.0
2024-10-04 11:06:00+00:00,RILYN,11.539999961853027,11.539999961853027,11.699999809265137,11.515000343322754,11.600000381469727,2631.0
2024-10-04 11:06:00+00:00,TBLD,17.370800018310547,17.370800018310547,17.370800018310547,17.370800018310547,17.370800018310547,1000.0
2024-10-04 11:07:00+00:00,EVGOW,1.0,1.0,1.0,1.0,1.0,388.0
2024-10-04 11:07:00+00:00,HOVNP,17.84000015258789,17.84000015258789,17.84000015258789,17.84000015258789,17.84000015258789,201.0
2024-10-04 11:07:00+00:00,HTZWW,2.180000066757202,2.180000066757202,2.180000066757202,2.180000066757202,2.180000066757202,1033.0
2024-10-04 11:07:00+00:00,RILYN,11.8100004196167,11.8100004196167,11.8100004196167,11.470000267028809,11.470000267028809,5520.0
2024-10-04 11:08:00+00:00,ASTLW,1.6855000257492065,1.6855000257492065,1.690000057220459,1.6855000257492065,1.690000057220459,2400.0
2024-10-04 11:08:00+00:00,EVGOW,1.0199999809265137,1.0199999809265137,1.0199999809265137,1.0199999809265137,1.0199999809265137,3236.0
2024-10-04 11:08:00+00:00,HWCPZ,25.389999389648438,25.389999389648438,25.389999389648438,25.389999389648438,25.389999389648438,743.0
2024-10-04 11:08:00+00:00,RILYN,11.819999694824219,11.819999694824219,11.819999694824219,11.8100004196167,11.8100004196167,349.0
2024-10-04 11:09:00+00:00,GEGGL,23.51919937133789,23.51919937133789,23.51919937133789,23.51919937133789,23.51919937133789,0.0
2024-10-04 11:09:00+00:00,RILYN,11.800000190734863,11.800000190734863,11.800000190734863,11.800000190734863,11.800000190734863,310.0
2024-10-04 11:10:00+00:00,EVGOW,1.0199999809265137,1.0199999809265137,1.0199999809265137,1.0199999809265137,1.0199999809265137,7193.0
2024-10-04 11:10:00+00:00,FFIEW,0.0215000007301569,0.0215000007301569,0.0215000007301569,0.0215000007301569,0.0215000007301569,292.0
2024-10-04 11:10:00+00:00,GEGGL,23.51919937133789,23.51919937133789,23.51919937133789,23.51919937133789,23.51919937133789,300.0
2024-10-04 11:10:00+00:00,OPINL,14.420000076293945,14.420000076293945,14.420000076293945,14.329999923706055,14.329999923706055,1305.0
2024-10-04 11:10:00+00:00,RILYN,11.8100004196167,11.8100004196167,11.8100004196167,11.8100004196167,11.8100004196167,600.0
2024-10-04 11:11:00+00:00,EVGOW,1.0700000524520874,1.0700000524520874,1.0700000524520874,1.0199999809265137,1.0199999809265137,8180.0
2024-10-04 11:11:00+00:00,GEGGL,23.749900817871094,23.749900817871094,23.749900817871094,23.749900817871094,23.749900817871094,367.0
2024-10-04 11:11:00+00:00,GOEVW,0.03460000082850456,0.03460000082850456,0.03460000082850456,0.03460000082850456,0.03460000082850456,4077.0
2024-10-04 11:11:00+00:00,HUMAW,1.7839000225067139,1.7839000225067139,1.7839000225067139,1.7839000225067139,1.7839000225067139,0.0
2024-10-04 11:11:00+00:00,RILYM,20.809999465942383,20.809999465942383,20.809999465942383,20.809999465942383,20.809999465942383,394.0
2024-10-04 11:11:00+00:00,RILYN,11.880000114440918,11.880000114440918,11.880000114440918,11.880000114440918,11.880000114440918,444.0
2024-10-04 11:12:00+00:00,EVGOW,1.1200000047683716,1.1200000047683716,1.1200000047683716,1.037500023841858,1.037500023841858,7987.0
2024-10-04 11:12:00+00:00,HUMAW,1.7839000225067139,1.7839000225067139,1.7839000225067139,1.7839000225067139,1.7839000225067139,7.0
2024-10-04 11:12:00+00:00,PCTTW,2.7799999713897705,2.7799999713897705,2.7799999713897705,2.7799999713897705,2.7799999713897705,0.0
2024-10-04 11:12:00+00:00,PFTAW,0.029999999329447746,0.029999999329447746,0.029999999329447746,0.029999999329447746,0.029999999329447746,241.0
2024-10-04 11:12:00+00:00,RILYN,11.880000114440918,11.880000114440918,11.880000114440918,11.869999885559082,11.869999885559082,690.0
2024-10-04 11:13:00+00:00,EVGOW,1.100000023841858,1.100000023841858,1.1200000047683716,1.0880000591278076,1.1200000047683716,2135.0
2024-10-04 11:13:00+00:00,OPINL,14.420000076293945,14.420000076293945,14.420000076293945,14.420000076293945,14.420000076293945,101.0
2024-10-04 11:13:00+00:00,RILYZ,8.399999618530273,8.399999618530273,8.399999618530273,8.399999618530273,8.399999618530273,599.0
2024-10-04 11:14:00+00:00,BFRIW,0.023000000044703484,0.023000000044703484,0.02500000037252903,0.023000000044703484,0.023000000044703484,0.0
2024-10-04 11:14:00+00:00,CGABL,19.989999771118164,19.989999771118164,19.989999771118164,19.989999771118164,19.989999771118164,204.0
2024-10-04 11:14:00+00:00,EVGOW,1.1299999952316284,1.1299999952316284,1.1299999952316284,1.090000033378601,1.1200000047683716,4996.0
2024-10-04 11:14:00+00:00,HUMAW,1.75,1.75,1.75,1.75,1.75,3986.0
2024-10-04 11:14:00+00:00,LGHLW,0.00839999970048666,0.00839999970048666,0.00839999970048666,0.00839999970048666,0.00839999970048666,0.0
2024-10-04 11:14:00+00:00,RILYZ,8.449999809265137,8.449999809265137,8.449999809265137,8.449999809265137,8.449999809265137,506.0
2024-10-04 11:15:00+00:00,ATLCL,23.840099334716797,23.840099334716797,23.840099334716797,23.84000015258789,23.84000015258789,428.0
2024-10-04 11:15:00+00:00,EVGOW,1.0499999523162842,1.0499999523162842,1.159999966621399,1.0499999523162842,1.1398999691009521,5043.0
2024-10-04 11:16:00+00:00,EVGOW,1.190000057220459,1.190000057220459,1.2000000476837158,1.179900050163269,1.1799999475479126,12624.0
2024-10-04 11:16:00+00:00,HTZWW,2.180000066757202,2.180000066757202,2.180000066757202,2.180000066757202,2.180000066757202,2262.0
2024-10-04 11:16:00+00:00,LGHLW,0.007899999618530273,0.007899999618530273,0.007899999618530273,0.007899999618530273,0.007899999618530273,8489.0
2024-10-04 11:17:00+00:00,CPZ,15.800000190734863,15.800000190734863,15.800000190734863,15.800000190734863,15.800000190734863,186.0
2024-10-04 11:17:00+00:00,EOSEW,0.21889999508857727,0.21889999508857727,0.21899999678134918,0.21449999511241913,0.21449999511241913,790.0
2024-10-04 11:17:00+00:00,EVGOW,1.1800999641418457,1.1800999641418457,1.1800999641418457,1.1800999641418457,1.1800999641418457,571.0
2024-10-04 11:18:00+00:00,DHCNL,17.32990074157715,17.32990074157715,17.32990074157715,17.32990074157715,17.32990074157715,293.0
2024-10-04 11:18:00+00:00,EVGOW,1.1799999475479126,1.1799999475479126,1.187999963760376,1.1799999475479126,1.187999963760376,1801.0
2024-10-04 11:18:00+00:00,HUMAW,1.7999000549316406,1.7999000549316406,1.7999000549316406,1.7999000549316406,1.7999000549316406,0.0
2024-10-04 11:18:00+00:00,PCTTW,2.7200000286102295,2.7200000286102295,2.7200000286102295,2.7200000286102295,2.7200000286102295,273.0
2024-10-04 11:18:00+00:00,RILYM,20.776199340820312,20.776199340820312,20.776199340820312,20.776199340820312,20.776199340820312,507.0
2024-10-04 11:18:00+00:00,RILYZ,8.270000457763672,8.270000457763672,8.40999984741211,8.270000457763672,8.40999984741211,1021.0
2024-10-04 11:18:00+00:00,TBLD,17.36009979248047,17.36009979248047,17.36009979248047,17.36009979248047,17.36009979248047,410.0
2024-10-04 11:19:00+00:00,DHCNI,16.5487003326416,16.5487003326416,16.5487003326416,16.5487003326416,16.5487003326416,581.0
2024-10-04 11:19:00+00:00,EOSEW,0.21889999508857727,0.21889999508857727,0.21889999508857727,0.21449999511241913,0.21449999511241913,2755.0
2024-10-04 11:19:00+00:00,EVGOW,1.1799999475479126,1.1799999475479126,1.1799999475479126,1.1799999475479126,1.1799999475479126,471.0
2024-10-04 11:19:00+00:00,JSPRW,0.20499999821186066,0.20499999821186066,0.20499999821186066,0.20499999821186066,0.20499999821186066,0.0
2024-10-04 11:19:00+00:00,PCTTW,2.7530999183654785,2.7530999183654785,2.763200044631958,2.740000009536743,2.740000009536743,802.0
2024-10-04 11:19:00+00:00,RILYN,11.760000228881836,11.760000228881836,11.760000228881836,11.760000228881836,11.760000228881836,603.0
2024-10-04 11:19:00+00:00,RILYZ,8.201199531555176,8.201199531555176,8.300000190734863,8.201199531555176,8.300000190734863,3460.0
2024-10-04 11:20:00+00:00,ATNFW,0.007400000002235174,0.007400000002235174,0.007400000002235174,0.007400000002235174,0.007400000002235174,4200.0
2024-10-04 11:20:00+00:00,PCTTW,2.7200000286102295,2.7200000286102295,2.7200000286102295,2.7200000286102295,2.7200000286102295,2.0
2024-10-04 11:20:00+00:00,RILYN,11.764699935913086,11.764699935913086,11.869000434875488,11.760000228881836,11.84000015258789,5973.0
2024-10-04 11:21:00+00:00,EVGOW,1.2100000381469727,1.2100000381469727,1.2300000190734863,1.2100000381469727,1.2100000381469727,9180.0
2024-10-04 11:21:00+00:00,RILYN,11.710000038146973,11.710000038146973,11.920000076293945,11.710000038146973,11.811200141906738,3490.0
2024-10-04 11:22:00+00:00,CGABL,20.0,20.0,20.0,20.0,20.0,222.0
2024-10-04 11:22:00+00:00,EVGOW,1.1799999475479126,1.1799999475479126,1.2100000381469727,1.1799999475479126,1.2100000381469727,3697.0
2024-10-04 11:22:00+00:00,HTZWW,2.180000066757202,2.180000066757202,2.180000066757202,2.180000066757202,2.180000066757202,2367.0
2024-10-04 11:22:00+00:00,JSM,20.75,20.75,20.75,20.75,20.75,1247.0
2024-10-04 11:22:00+00:00,RILYM,20.559999465942383,20.559999465942383,20.6200008392334,20.559999465942383,20.6200008392334,3085.0
2024-10-04 11:22:00+00:00,RILYT,9.090900421142578,9.090900421142578,9.090900421142578,9.090900421142578,9.090900421142578,1792.0
2024-10-04 11:22:00+00:00,RILYZ,8.34000015258789,8.34000015258789,8.34000015258789,8.34000015258789,8.34000015258789,200.0
2024-10-04 11:22:00+00:00,TALKW,0.11739999800920486,0.11739999800920486,0.11739999800920486,0.11739999800920486,0.11739999800920486,0.0
2024-10-04 11:23:00+00:00,EVGOW,1.1799999475479126,1.1799999475479126,1.1799999475479126,1.159999966621399,1.1699999570846558,8273.0
2024-10-04 11:23:00+00:00,GREEL,8.989999771118164,8.989999771118164,8.989999771118164,8.977399826049805,8.977399826049805,611.0
2024-10-04 11:23:00+00:00,RILYN,11.749500274658203,11.749500274658203,11.8100004196167,11.699999809265137,11.710000038146973,3260.0
2024-10-04 11:23:00+00:00,RILYZ,8.25,8.25,8.251999855041504,8.25,8.251999855041504,1510.0
2024-10-04 11:24:00+00:00,DHCNI,16.610000610351562,16.610000610351562,16.610000610351562,16.582500457763672,16.582500457763672,1393.0
2024-10-04 11:24:00+00:00,EVGOW,1.2100000381469727,1.2100000381469727,1.2100000381469727,1.1799999475479126,1.1799999475479126,23155.0
2024-10-04 11:24:00+00:00,GREEL,9.0,9.0,9.0,9.0,9.0,384.0
2024-10-04 11:24:00+00:00,RILYN,11.717900276184082,11.717900276184082,11.717900276184082,11.70009994506836,11.70009994506836,2707.0
2024-10-04 11:25:00+00:00,CRESW,0.5299999713897705,0.5299999713897705,0.5299999713897705,0.5299999713897705,0.5299999713897705,0.0
2024-10-04 11:25:00+00:00,EVGOW,1.25,1.25,1.25,1.2161999940872192,1.2300000190734863,24185.0
2024-10-04 11:25:00+00:00,HTZWW,2.154599905014038,2.154599905014038,2.180000066757202,2.154599905014038,2.180000066757202,2086.0
2024-10-04 11:25:00+00:00,KPLTW,0.005499999970197678,0.005499999970197678,0.005499999970197678,0.005499999970197678,0.005499999970197678,14237.0
2024-10-04 11:26:00+00:00,EVGOW,1.2714999914169312,1.2714999914169312,1.2799999713897705,1.25,1.25,5215.0
2024-10-04 11:26:00+00:00,JSM,20.75,20.75,20.75,20.75,20.75,922.0
2024-10-04 11:26:00+00:00,MVSTW,0.023000000044703484,0.023000000044703484,0.023000000044703484,0.02290000021457672,0.02290000021457672,3490.0
2024-10-04 11:27:00+00:00,CGABL,20.0,20.0,20.0,20.0,20.0,309.0
2024-10-04 11:27:00+00:00,EVGOW,1.2300000190734863,1.2300000190734863,1.2799999713897705,1.2200000286102295,1.2799999713897705,7975.0
2024-10-04 11:27:00+00:00,OPINL,14.329999923706055,14.329999923706055,14.329999923706055,14.329999923706055,14.329999923706055,1100.0
2024-10-04 11:28:00+00:00,EVGOW,1.2599999904632568,1.2599999904632568,1.2599999904632568,1.2400000095367432,1.2486000061035156,942.0
2024-10-04 11:28:00+00:00,OPINL,14.40999984741211,14.40999984741211,14.40999984741211,14.329999923706055,14.329999923706055,700.0
2024-10-04 11:29:00+00:00,EVGOW,1.2699999809265137,1.2699999809265137,1.2799999713897705,1.2400000095367432,1.2556999921798706,6905.0
2024-10-04 11:29:00+00:00,MVSTW,0.02290000021457672,0.02290000021457672,0.02290000021457672,0.02290000021457672,0.02290000021457672,669.0
2024-10-04 11:29:00+00:00,PFXNZ,22.440000534057617,22.440000534057617,22.440000534057617,22.440000534057617,22.440000534057617,0.0
2024-10-04 11:29:00+00:00,RILYM,20.709999084472656,20.709999084472656,20.709999084472656,20.709999084472656,20.709999084472656,2127.0
2024-10-04 11:29:00+00:00,RILYZ,8.350000381469727,8.350000381469727,8.350000381469727,8.350000381469727,8.350000381469727,1404.0
2024-10-04 11:30:00+00:00,EVGOW,1.25,1.25,1.2599999904632568,1.2100000381469727,1.2599999904632568,10987.0
2024-10-04 11:30:00+00:00,GAINN,24.90999984741211,24.90999984741211,24.90999984741211,24.90999984741211,24.90999984741211,387.0
2024-10-04 11:30:00+00:00,PCTTW,2.743499994277954,2.743499994277954,2.7634999752044678,2.7200000286102295,2.740000009536743,1026.0
2024-10-04 11:30:00+00:00,PFXNZ,22.436199188232422,22.436199188232422,22.436199188232422,22.436199188232422,22.436199188232422,300.0
2024-10-04 11:31:00+00:00,EVGOW,1.190000057220459,1.190000057220459,1.2300000190734863,1.190000057220459,1.2200000286102295,15084.0
2024-10-04 11:31:00+00:00,GECCO,24.90999984741211,24.90999984741211,24.90999984741211,24.90999984741211,24.90999984741211,0.0
2024-10-04 11:32:00+00:00,EVGOW,1.2000000476837158,1.2000000476837158,1.2000000476837158,1.190000057220459,1.190000057220459,14493.0
2024-10-04 11:32:00+00:00,HWCPZ,25.350000381469727,25.350000381469727,25.447999954223633,25.350000381469727,25.440000534057617,514.0
2024-10-04 11:32:00+00:00,PFXNZ,22.539899826049805,22.539899826049805,22.539899826049805,22.539899826049805,22.539899826049805,122.0
2024-10-04 11:32:00+00:00,RILYG,11.079999923706055,11.079999923706055,11.079999923706055,11.079999923706055,11.079999923706055,0.0
2024-10-04 11:32:00+00:00,RILYZ,8.231900215148926,8.231900215148926,8.231900215148926,8.231900215148926,8.231900215148926,1617.0
2024-10-04 11:33:00+00:00,EVGOW,1.2200000286102295,1.2200000286102295,1.2200000286102295,1.149999976158142,1.2200000286102295,18490.0
2024-10-04 11:33:00+00:00,GREEL,9.0,9.0,9.0,9.0,9.0,37.0
2024-10-04 11:33:00+00:00,RILYM,20.604999542236328,20.604999542236328,20.604999542236328,20.604999542236328,20.604999542236328,760.0
2024-10-04 11:34:00+00:00,EVGOW,1.2200000286102295,1.2200000286102295,1.2699999809265137,1.2100000381469727,1.2200000286102295,19415.0
2024-10-04 11:34:00+00:00,GOODO,21.329999923706055,21.329999923706055,21.33009910583496,21.329999923706055,21.33009910583496,467.0
2024-10-04 11:34:00+00:00,HWCPZ,25.290000915527344,25.290000915527344,25.350000381469727,25.290000915527344,25.350000381469727,300.0
2024-10-04 11:35:00+00:00,EVGOW,1.2300000190734863,1.2300000190734863,1.2300000190734863,1.2300000190734863,1.2300000190734863,800.0
2024-10-04 11:35:00+00:00,OPINL,14.293999671936035,14.293999671936035,14.293999671936035,14.293999671936035,14.293999671936035,859.0
2024-10-04 11:35:00+00:00,PFXNZ,22.670000076293945,22.670000076293945,22.670000076293945,22.670000076293945,22.670000076293945,299.0
2024-10-04 11:35:00+00:00,RILYG,11.159799575805664,11.159799575805664,11.159799575805664,11.159799575805664,11.159799575805664,400.0
2024-10-04 11:35:00+00:00,RILYM,20.575000762939453,20.575000762939453,20.610000610351562,20.575000762939453,20.604999542236328,2014.0
2024-10-04 11:36:00+00:00,EVGOW,1.25,1.25,1.25,1.2200000286102295,1.2300000190734863,25200.0
2024-10-04 11:36:00+00:00,RILYT,8.880000114440918,8.880000114440918,8.90999984741211,8.880000114440918,8.90999984741211,0.0
2024-10-04 11:37:00+00:00,ATNFW,0.008200000040233135,0.008200000040233135,0.008200000040233135,0.008200000040233135,0.008200000040233135,2594.0
2024-10-04 11:37:00+00:00,EVGOW,1.2698999643325806,1.2698999643325806,1.2699999809265137,1.232100009918213,1.232100009918213,26810.0
2024-10-04 11:37:00+00:00,GOODO,21.341699600219727,21.341699600219727,21.341699600219727,21.341699600219727,21.341699600219727,1000.0
2024-10-04 11:38:00+00:00,EVGOW,1.2798999547958374,1.2798999547958374,1.2999000549316406,1.2698999643325806,1.2699999809265137,29095.0
2024-10-04 11:38:00+00:00,GOODO,21.3700008392334,21.3700008392334,21.3700008392334,21.3700008392334,21.3700008392334,73.0
2024-10-04 11:38:00+00:00,KPLTW,0.005400000140070915,0.005400000140070915,0.005499999970197678,0.005400000140070915,0.005499999970197678,46465.0
2024-10-04 11:38:00+00:00,PFXNZ,22.547800064086914,22.547800064086914,22.547800064086914,22.547800064086914,22.547800064086914,300.0
2024-10-04 11:39:00+00:00,CIFRW,1.1399999856948853,1.1399999856948853,1.1399999856948853,1.1299999952316284,1.1299999952316284,1913.0
2024-10-04 11:39:00+00:00,EVGOW,1.2899999618530273,1.2899999618530273,1.2999999523162842,1.274999976158142,1.2799999713897705,23216.0
2024-10-04 11:40:00+00:00,CIFRW,1.1399999856948853,1.1399999856948853,1.1399999856948853,1.1399999856948853,1.1399999856948853,1708.0
2024-10-04 11:40:00+00:00,EVGOW,1.3000999689102173,1.3000999689102173,1.3099000453948975,1.2899999618530273,1.2899999618530273,3129.0
2024-10-04 11:40:00+00:00,KPLTW,0.005499999970197678,0.005499999970197678,0.005499999970197678,0.005499999970197678,0.005499999970197678,0.0
2024-10-04 11:40:00+00:00,MAPSW,0.0203000009059906,0.0203000009059906,0.0203000009059906,0.0203000009059906,0.0203000009059906,39000.0
2024-10-04 11:40:00+00:00,RILYM,20.75,20.75,20.75,20.75,20.75,400.0
2024-10-04 11:40:00+00:00,RILYZ,8.399999618530273,8.399999618530273,8.399999618530273,8.300000190734863,8.300000190734863,1227.0
2024-10-04 11:41:00+00:00,EVGOW,1.2999999523162842,1.2999999523162842,1.3099000453948975,1.2899999618530273,1.3099000453948975,3017.0
2024-10-04 11:41:00+00:00,RILYK,16.799999237060547,16.799999237060547,16.799999237060547,16.799999237060547,16.799999237060547,523.0
2024-10-04 11:41:00+00:00,RILYZ,8.390000343322754,8.390000343322754,8.3996000289917,8.382100105285645,8.39840030670166,2880.0
2024-10-04 11:42:00+00:00,CGABL,19.989999771118164,19.989999771118164,19.989999771118164,19.989999771118164,19.989999771118164,210.0
2024-10-04 11:42:00+00:00,CIFRW,1.159999966621399,1.159999966621399,1.159999966621399,1.1399999856948853,1.1399999856948853,11180.0
2024-10-04 11:42:00+00:00,EVGOW,1.3049999475479126,1.3049999475479126,1.3300000429153442,1.2899999618530273,1.2899999618530273,7882.0
2024-10-04 11:42:00+00:00,IMTXW,1.6800999641418457,1.6800999641418457,1.6800999641418457,1.6800999641418457,1.6800999641418457,1050.0
2024-10-04 11:42:00+00:00,PFXNZ,22.670000076293945,22.670000076293945,22.670000076293945,22.670000076293945,22.670000076293945,0.0
2024-10-04 11:43:00+00:00,EVGOW,1.3200000524520874,1.3200000524520874,1.3200000524520874,1.3140000104904175,1.3140000104904175,1285.0
2024-10-04 11:43:00+00:00,GOODO,21.358600616455078,21.358600616455078,21.358600616455078,21.358600616455078,21.358600616455078,200.0
2024-10-04 11:44:00+00:00,CGABL,20.0,20.0,20.020000457763672,20.0,20.020000457763672,1698.0
2024-10-04 11:44:00+00:00,DHCNI,16.584999084472656,16.584999084472656,16.584999084472656,16.584999084472656,16.584999084472656,1054.0
2024-10-04 11:44:00+00:00,DHCNL,17.242599487304688,17.242599487304688,17.242599487304688,17.242599487304688,17.242599487304688,200.0
2024-10-04 11:44:00+00:00,EVGOW,1.2200000286102295,1.2200000286102295,1.3200000524520874,1.190000057220459,1.2899999618530273,34728.0
2024-10-04 11:44:00+00:00,NVVEW,0.029999999329447746,0.029999999329447746,0.029999999329447746,0.029999999329447746,0.029999999329447746,14378.0
2024-10-04 11:44:00+00:00,PXSAW,0.8496999740600586,0.8496999740600586,0.8496999740600586,0.8496999740600586,0.8496999740600586,304.0
2024-10-04 11:44:00+00:00,RILYT,9.0,9.0,9.0,9.0,9.0,35.0
2024-10-04 11:45:00+00:00,DHCNI,16.57069969177246,16.57069969177246,16.57069969177246,16.57069969177246,16.57069969177246,423.0
2024-10-04 11:45:00+00:00,EVGOW,1.3199000358581543,1.3199000358581543,1.3199000358581543,1.2599999904632568,1.2599999904632568,5490.0
2024-10-04 11:45:00+00:00,GOODO,21.3799991607666,21.3799991607666,21.3799991607666,21.3799991607666,21.3799991607666,300.0
2024-10-04 11:45:00+00:00,HOVNP,17.81999969482422,17.81999969482422,17.81999969482422,17.81999969482422,17.81999969482422,206.0
2024-10-04 11:45:00+00:00,PXSAW,0.8496999740600586,0.8496999740600586,0.8496999740600586,0.8496999740600586,0.8496999740600586,500.0
2024-10-04 11:45:00+00:00,RILYZ,8.390000343322754,8.390000343322754,8.399999618530273,8.300000190734863,8.399999618530273,2910.0
2024-10-04 11:46:00+00:00,DTSTW,0.5099999904632568,0.5099999904632568,0.5099999904632568,0.5099999904632568,0.5099999904632568,0.0
2024-10-04 11:46:00+00:00,EVGOW,1.1699999570846558,1.1699999570846558,1.2699999809265137,1.1699999570846558,1.2300000190734863,6295.0
2024-10-04 11:46:00+00:00,RILYG,10.899999618530273,10.899999618530273,10.899999618530273,10.859999656677246,10.859999656677246,2220.0
2024-10-04 11:46:00+00:00,RILYM,20.758399963378906,20.758399963378906,20.758399963378906,20.758399963378906,20.758399963378906,3875.0
2024-10-04 11:46:00+00:00,RWAYL,25.16010093688965,25.16010093688965,25.16010093688965,25.16010093688965,25.16010093688965,520.0
2024-10-04 11:47:00+00:00,EVGOW,1.2100000381469727,1.2100000381469727,1.2100000381469727,1.159999966621399,1.190000057220459,25446.0
2024-10-04 11:47:00+00:00,PFXNZ,22.690000534057617,22.690000534057617,22.690000534057617,22.670000076293945,22.670000076293945,400.0
2024-10-04 11:47:00+00:00,RILYG,11.210000038146973,11.210000038146973,11.210000038146973,11.210000038146973,11.210000038146973,524.0
2024-10-04 11:47:00+00:00,RILYM,20.750999450683594,20.750999450683594,20.780000686645508,20.750999450683594,20.780000686645508,0.0
2024-10-04 11:47:00+00:00,RILYN,11.630000114440918,11.630000114440918,11.630000114440918,11.630000114440918,11.630000114440918,2457.0
2024-10-04 11:48:00+00:00,EVGOW,1.149999976158142,1.149999976158142,1.1950000524520874,1.149999976158142,1.1799999475479126,1593.0
2024-10-04 11:48:00+00:00,GOODO,21.34000015258789,21.34000015258789,21.34000015258789,21.34000015258789,21.34000015258789,598.0
2024-10-04 11:48:00+00:00,RILYM,20.850000381469727,20.850000381469727,20.850000381469727,20.850000381469727,20.850000381469727,5481.0
2024-10-04 11:49:00+00:00,EVGOW,1.184999942779541,1.184999942779541,1.184999942779541,1.184999942779541,1.184999942779541,156.0
2024-10-04 11:50:00+00:00,EVGOW,1.159999966621399,1.159999966621399,1.1649999618530273,1.159999966621399,1.159999966621399,2005.0
2024-10-04 11:50:00+00:00,RILYZ,8.449899673461914,8.449899673461914,8.449899673461914,8.4399995803833,8.4399995803833,2188.0
2024-10-04 11:51:00+00:00,BPYPM,17.3799991607666,17.3799991607666,17.3799991607666,17.3799991607666,17.3799991607666,1015.0
2024-10-04 11:51:00+00:00,EVGOW,1.2200000286102295,1.2200000286102295,1.2200000286102295,1.159999966621399,1.159999966621399,4623.0
2024-10-04 11:51:00+00:00,GOEVW,0.03460000082850456,0.03460000082850456,0.03460000082850456,0.03460000082850456,0.03460000082850456,652.0
2024-10-04 11:51:00+00:00,HWCPZ,25.399999618530273,25.399999618530273,25.399999618530273,25.399999618530273,25.399999618530273,505.0
2024-10-04 11:51:00+00:00,RILYM,20.979900360107422,20.979900360107422,20.979900360107422,20.979900360107422,20.979900360107422,400.0
2024-10-04 11:51:00+00:00,RILYZ,8.380000114440918,8.380000114440918,8.45460033416748,8.380000114440918,8.45460033416748,710.0
2024-10-04 11:52:00+00:00,DHCNI,16.551300048828125,16.551300048828125,16.551300048828125,16.551300048828125,16.551300048828125,282.0
2024-10-04 11:52:00+00:00,EVGOW,1.190000057220459,1.190000057220459,1.2050000429153442,1.1699999570846558,1.1699999570846558,5128.0
2024-10-04 11:52:00+00:00,RILYM,20.979900360107422,20.979900360107422,20.979999542236328,20.969999313354492,20.969999313354492,1267.0
2024-10-04 11:53:00+00:00,EVGOW,1.1699999570846558,1.1699999570846558,1.1699999570846558,1.1699999570846558,1.1699999570846558,322.0
2024-10-04 11:53:00+00:00,GOODO,21.390100479125977,21.390100479125977,21.390100479125977,21.390100479125977,21.390100479125977,0.0
2024-10-04 11:53:00+00:00,MAPSW,0.019999999552965164,0.019999999552965164,0.020600000396370888,0.019999999552965164,0.020600000396370888,13504.0
2024-10-04 11:53:00+00:00,PFXNZ,22.68000030517578,22.68000030517578,22.68000030517578,22.68000030517578,22.68000030517578,0.0
2024-10-04 11:53:00+00:00,RILYM,20.979999542236328,20.979999542236328,20.979999542236328,20.969999313354492,20.969999313354492,732.0
2024-10-04 11:54:00+00:00,CGABL,20.0,20.0,20.0,20.0,20.0,6659.0
2024-10-04 11:54:00+00:00,EVGOW,1.1770000457763672,1.1770000457763672,1.1770000457763672,1.1699999570846558,1.1699999570846558,3130.0
2024-10-04 11:54:00+00:00,RILYM,20.899999618530273,20.899999618530273,20.899999618530273,20.899999618530273,20.899999618530273,250.0
2024-10-04 11:55:00+00:00,EVGOW,1.2100000381469727,1.2100000381469727,1.2100000381469727,1.2100000381469727,1.2100000381469727,700.0
2024-10-04 11:55:00+00:00,GOODO,21.299999237060547,21.299999237060547,21.299999237060547,21.299999237060547,21.299999237060547,1410.0
2024-10-04 11:55:00+00:00,LGHLW,0.009100000374019146,0.009100000374019146,0.009100000374019146,0.009100000374019146,0.009100000374019146,2118.0
2024-10-04 11:55:00+00:00,RILYT,9.029999732971191,9.029999732971191,9.029999732971191,9.029999732971191,9.029999732971191,232.0
2024-10-04 11:55:00+00:00,RILYZ,8.390000343322754,8.390000343322754,8.390000343322754,8.390000343322754,8.390000343322754,301.0
2024-10-04 11:56:00+00:00,BANFP,25.607999801635742,25.607999801635742,25.6299991607666,25.591999053955078,25.591999053955078,1100.0
2024-10-04 11:56:00+00:00,CGABL,20.0,20.0,20.0,20.0,20.0,296.0
2024-10-04 11:56:00+00:00,EVGOW,1.243899941444397,1.243899941444397,1.25,1.2300000190734863,1.2300000190734863,7186.0
2024-10-04 11:56:00+00:00,RILYM,21.0,21.0,21.0,21.0,21.0,119.0
2024-10-04 11:56:00+00:00,RILYZ,8.3774995803833,8.3774995803833,8.3774995803833,8.3774995803833,8.3774995803833,320.0
2024-10-04 11:56:00+00:00,TBLD,17.518400192260742,17.518400192260742,17.518400192260742,17.518400192260742,17.518400192260742,0.0
2024-10-04 11:57:00+00:00,CGABL,20.0,20.0,20.0,20.0,20.0,4702.0
2024-10-04 11:57:00+00:00,CPZ,15.774499893188477,15.774499893188477,15.774499893188477,15.774499893188477,15.774499893188477,1259.0
2024-10-04 11:57:00+00:00,EVGOW,1.246000051498413,1.246000051498413,1.246000051498413,1.246000051498413,1.246000051498413,121.0
2024-10-04 11:57:00+00:00,RILYM,21.079999923706055,21.079999923706055,21.079999923706055,21.079999923706055,21.079999923706055,212.0
2024-10-04 11:57:00+00:00,RILYT,8.9399995803833,8.9399995803833,8.9399995803833,8.890000343322754,8.890000343322754,500.0
2024-10-04 11:58:00+00:00,EVGOW,1.2300000190734863,1.2300000190734863,1.2401000261306763,1.190000057220459,1.2401000261306763,4461.0
2024-10-04 11:58:00+00:00,HWCPZ,25.399999618530273,25.399999618530273,25.399999618530273,25.399999618530273,25.399999618530273,500.0
2024-10-04 11:58:00+00:00,NNAVW,2.950000047683716,2.950000047683716,2.950000047683716,2.950000047683716,2.950000047683716,290.0
2024-10-04 11:58:00+00:00,RILYG,10.619999885559082,10.619999885559082,10.850000381469727,10.619999885559082,10.850000381469727,2163.0
2024-10-04 11:58:00+00:00,RILYT,8.989999771118164,8.989999771118164,8.989999771118164,8.989999771118164,8.989999771118164,0.0
2024-10-04 11:58:00+00:00,RILYZ,8.320099830627441,8.320099830627441,8.320099830627441,8.320099830627441,8.320099830627441,1114.0
2024-10-04 11:58:00+00:00,SNAXW,0.006899999920278788,0.006899999920278788,0.006899999920278788,0.006899999920278788,0.006899999920278788,0.0
2024-10-04 11:59:00+00:00,CGABL,20.060800552368164,20.060800552368164,20.060800552368164,20.060800552368164,20.060800552368164,0.0
2024-10-04 11:59:00+00:00,EVGOW,1.2300000190734863,1.2300000190734863,1.2300000190734863,1.2200000286102295,1.2200000286102295,3898.0
2024-10-04 11:59:00+00:00,HWCPZ,25.450000762939453,25.450000762939453,25.450000762939453,25.450000762939453,25.450000762939453,200.0
2024-10-04 11:59:00+00:00,HYZNW,0.015200000256299973,0.015200000256299973,0.015200000256299973,0.015200000256299973,0.015200000256299973,103.0
2024-10-04 12:00:00+00:00,EVGOW,1.2300000190734863,1.2300000190734863,1.2300000190734863,1.2300000190734863,1.2300000190734863,5044.0
2024-10-04 12:00:00+00:00,HWCPZ,25.350000381469727,25.350000381469727,25.350000381469727,25.350000381469727,25.350000381469727,300.0
2024-10-04 12:00:00+00:00,KPLTW,0.005499999970197678,0.005499999970197678,0.005499999970197678,0.005499999970197678,0.005499999970197678,200.0
2024-10-04 12:00:00+00:00,LTRYW,0.008899999782443047,0.008899999782443047,0.008899999782443047,0.008799999952316284,0.008799999952316284,7961.0
2024-10-04 12:00:00+00:00,PCTTW,2.690000057220459,2.690000057220459,2.690000057220459,2.690000057220459,2.690000057220459,653.0
2024-10-04 12:00:00+00:00,RILYG,10.84000015258789,10.84000015258789,10.84000015258789,10.624099731445312,10.624099731445312,431.0
2024-10-04 12:01:00+00:00,EVGOW,1.2000000476837158,1.2000000476837158,1.25,1.2000000476837158,1.25,2311.0
2024-10-04 12:01:00+00:00,RILYT,8.97070026397705,8.97070026397705,8.97070026397705,8.97070026397705,8.97070026397705,204.0
2024-10-04 12:02:00+00:00,EVGOW,1.25,1.25,1.25,1.25,1.25,1440.0
2024-10-04 12:02:00+00:00,RILYZ,8.329999923706055,8.329999923706055,8.329999923706055,8.321999549865723,8.321999549865723,300.0
2024-10-04 12:03:00+00:00,EVGOW,1.25,1.25,1.25,1.25,1.25,1313.0
2024-10-04 12:03:00+00:00,HTZWW,2.174999952316284,2.174999952316284,2.174999952316284,2.1500000953674316,2.1500000953674316,483.0
2024-10-04 12:03:00+00:00,OPINL,14.420000076293945,14.420000076293945,14.420000076293945,14.420000076293945,14.420000076293945,201.0
2024-10-04 12:04:00+00:00,EVGOW,1.2400000095367432,1.2400000095367432,1.2400000095367432,1.2400000095367432,1.2400000095367432,1196.0
2024-10-04 12:04:00+00:00,KPLTW,0.005400000140070915,0.005400000140070915,0.005499999970197678,0.005400000140070915,0.005499999970197678,3157.0
2024-10-04 12:04:00+00:00,RILYT,8.928600311279297,8.928600311279297,8.928600311279297,8.928600311279297,8.928600311279297,403.0
2024-10-04 12:04:00+00:00,RILYZ,8.4399995803833,8.4399995803833,8.4399995803833,8.4399995803833,8.4399995803833,200.0
2024-10-04 12:05:00+00:00,ASTLW,1.6799999475479126,1.6799999475479126,1.6799999475479126,1.6799999475479126,1.6799999475479126,200.0
2024-10-04 12:05:00+00:00,EVGOW,1.2000000476837158,1.2000000476837158,1.2200000286102295,1.2000000476837158,1.2200000286102295,7320.0
2024-10-04 12:05:00+00:00,RILYG,10.75,10.75,10.75,10.75,10.75,2000.0
2024-10-04 12:05:00+00:00,SSSSL,24.854700088500977,24.854700088500977,24.854700088500977,24.854700088500977,24.854700088500977,0.0
2024-10-04 12:06:00+00:00,EVGOW,1.2232999801635742,1.2232999801635742,1.2232999801635742,1.2200000286102295,1.2200000286102295,3122.0
2024-10-04 12:06:00+00:00,OPINL,14.399999618530273,14.399999618530273,14.40999984741211,14.350000381469727,14.380000114440918,6787.0
2024-10-04 12:06:00+00:00,RILYZ,8.329999923706055,8.329999923706055,8.329999923706055,8.329999923706055,8.329999923706055,1156.0
2024-10-04 12:07:00+00:00,EOSEW,0.210099995136261,0.210099995136261,0.210099995136261,0.210099995136261,0.210099995136261,9362.0
2024-10-04 12:07:00+00:00,OPINL,14.390000343322754,14.390000343322754,14.399999618530273,14.390000343322754,14.399999618530273,894.0
2024-10-04 12:07:00+00:00,RILYG,10.84000015258789,10.84000015258789,10.84000015258789,10.84000015258789,10.84000015258789,0.0
2024-10-04 12:07:00+00:00,RILYM,21.229999542236328,21.229999542236328,21.229999542236328,21.229999542236328,21.229999542236328,1168.0
2024-10-04 12:08:00+00:00,KPLTW,0.005400000140070915,0.005400000140070915,0.005499999970197678,0.005400000140070915,0.005499999970197678,10014.0
2024-10-04 12:08:00+00:00,OPINL,14.390000343322754,14.390000343322754,14.390000343322754,14.390000343322754,14.390000343322754,100.0
2024-10-04 12:09:00+00:00,CGABL,19.989999771118164,19.989999771118164,19.989999771118164,19.989999771118164,19.989999771118164,0.0
2024-10-04 12:09:00+00:00,EVGOW,1.2599999904632568,1.2599999904632568,1.2599999904632568,1.2599999904632568,1.2599999904632568,677.0
2024-10-04 12:09:00+00:00,LEXXW,0.9300000071525574,0.9300000071525574,0.9300000071525574,0.9200000166893005,0.9200000166893005,0.0
2024-10-04 12:09:00+00:00,RILYM,21.110000610351562,21.110000610351562,21.110000610351562,21.110000610351562,21.110000610351562,0.0
2024-10-04 12:09:00+00:00,SSSSL,24.800100326538086,24.800100326538086,24.800100326538086,24.800100326538086,24.800100326538086,1100.0
2024-10-04 12:10:00+00:00,EVGOW,1.2599999904632568,1.2599999904632568,1.2599999904632568,1.2598999738693237,1.2599999904632568,2037.0
2024-10-04 12:10:00+00:00,RILYM,21.200000762939453,21.200000762939453,21.200000762939453,21.200000762939453,21.200000762939453,100.0
2024-10-04 12:11:00+00:00,DHCNL,17.2450008392334,17.2450008392334,17.280000686645508,17.2450008392334,17.280000686645508,280.0
2024-10-04 12:11:00+00:00,EVGOW,1.2400000095367432,1.2400000095367432,1.2400000095367432,1.2400000095367432,1.2400000095367432,6800.0
2024-10-04 12:11:00+00:00,OPINL,14.390000343322754,14.390000343322754,14.390000343322754,14.390000343322754,14.390000343322754,201.0
2024-10-04 12:11:00+00:00,RILYG,10.849900245666504,10.849900245666504,10.849900245666504,10.800000190734863,10.800000190734863,500.0
2024-10-04 12:11:00+00:00,RILYN,11.619999885559082,11.619999885559082,11.619999885559082,11.619999885559082,11.619999885559082,102.0
2024-10-04 12:12:00+00:00,EVGOW,1.2400000095367432,1.2400000095367432,1.25,1.2400000095367432,1.2400000095367432,1046.0
2024-10-04 12:12:00+00:00,GOODO,21.3439998626709,21.3439998626709,21.3439998626709,21.3439998626709,21.3439998626709,69.0
2024-10-04 12:12:00+00:00,OPINL,14.390000343322754,14.390000343322754,14.390000343322754,14.390000343322754,14.390000343322754,200.0
2024-10-04 12:13:00+00:00,EVGOW,1.2100000381469727,1.2100000381469727,1.2503000497817993,1.2100000381469727,1.2503000497817993,7611.0
2024-10-04 12:13:00+00:00,OPINL,14.390000343322754,14.390000343322754,14.390000343322754,14.390000343322754,14.390000343322754,7.0
2024-10-04 12:13:00+00:00,RILYN,11.567999839782715,11.567999839782715,11.567999839782715,11.567999839782715,11.567999839782715,311.0
2024-10-04 12:14:00+00:00,HTZWW,2.170099973678589,2.170099973678589,2.170099973678589,2.1700000762939453,2.1700000762939453,363.0
2024-10-04 12:14:00+00:00,KPLTW,0.006399999838322401,0.006399999838322401,0.006399999838322401,0.006399999838322401,0.006399999838322401,1800.0
2024-10-04 12:14:00+00:00,RILYM,21.110000610351562,21.110000610351562,21.110000610351562,21.110000610351562,21.110000610351562,380.0
2024-10-04 12:14:00+00:00,RILYZ,8.390000343322754,8.390000343322754,8.390000343322754,8.390000343322754,8.390000343322754,600.0
2024-10-04 12:15:00+00:00,EVGOW,1.2599999904632568,1.2599999904632568,1.2599999904632568,1.25,1.2599999904632568,6981.0
2024-10-04 12:15:00+00:00,LEXXW,1.144700050354004,1.144700050354004,1.144700050354004,1.144700050354004,1.144700050354004,437.0
2024-10-04 12:16:00+00:00,DHCNL,17.2450008392334,17.2450008392334,17.2450008392334,17.2450008392334,17.2450008392334,524.0
2024-10-04 12:16:00+00:00,EVGOW,1.25,1.25,1.2699999809265137,1.25,1.25,15088.0
2024-10-04 12:16:00+00:00,RILYZ,8.329999923706055,8.329999923706055,8.329999923706055,8.329999923706055,8.329999923706055,2588.0
2024-10-04 12:16:00+00:00,SSSSL,24.800100326538086,24.800100326538086,24.800100326538086,24.800100326538086,24.800100326538086,520.0
2024-10-04 12:17:00+00:00,CGABL,20.0,20.0,20.0,20.0,20.0,3000.0
2024-10-04 12:17:00+00:00,CPZ,15.710000038146973,15.710000038146973,15.760000228881836,15.710000038146973,15.760000228881836,2459.0
2024-10-04 12:17:00+00:00,EVGOW,1.2599999904632568,1.2599999904632568,1.2899999618530273,1.2599999904632568,1.2599999904632568,61388.0
2024-10-04 12:17:00+00:00,HOVNP,17.8302001953125,17.8302001953125,17.84000015258789,17.8302001953125,17.84000015258789,1000.0
2024-10-04 12:17:00+00:00,HTZWW,2.200000047683716,2.200000047683716,2.200000047683716,2.200000047683716,2.200000047683716,226.0
2024-10-04 12:18:00+00:00,EOSEW,0.20999999344348907,0.20999999344348907,0.21889999508857727,0.20999999344348907,0.21889999508857727,2206.0
2024-10-04 12:18:00+00:00,EVGOW,1.2599999904632568,1.2599999904632568,1.2699999809265137,1.25,1.2627999782562256,71758.0
2024-10-04 12:18:00+00:00,OXLCL,24.551000595092773,24.551000595092773,24.551000595092773,24.550899505615234,24.550899505615234,869.0
2024-10-04 12:19:00+00:00,EVGOW,1.2300000190734863,1.2300000190734863,1.2599999904632568,1.2300000190734863,1.2599999904632568,34094.0
2024-10-04 12:19:00+00:00,GREEL,9.0,9.0,9.0,9.0,9.0,150.0
2024-10-04 12:20:00+00:00,CGABL,19.979999542236328,19.979999542236328,19.979999542236328,19.979999542236328,19.979999542236328,0.0
2024-10-04 12:20:00+00:00,EVGOW,1.2400000095367432,1.2400000095367432,1.2400000095367432,1.2100000381469727,1.2200000286102295,40723.0
2024-10-04 12:22:00+00:00,CGABL,20.0,20.0,20.0,20.0,20.0,772.0
2024-10-04 12:22:00+00:00,HTZWW,2.1705000400543213,2.1705000400543213,2.1705000400543213,2.1705000400543213,2.1705000400543213,176.0
2024-10-04 12:22:00+00:00,SSSSL,24.872600555419922,24.872600555419922,24.872600555419922,24.872600555419922,24.872600555419922,2800.0
2024-10-04 12:23:00+00:00,EVGOW,1.2200000286102295,1.2200000286102295,1.2279000282287598,1.2200000286102295,1.2279000282287598,9315.0
2024-10-04 12:23:00+00:00,HOVNP,17.770099639892578,17.770099639892578,17.770099639892578,17.770099639892578,17.770099639892578,375.0
2024-10-04 12:24:00+00:00,EVGOW,1.2200000286102295,1.2200000286102295,1.2200000286102295,1.2095999717712402,1.2100000381469727,6311.0
2024-10-04 12:25:00+00:00,EVGOW,1.2200000286102295,1.2200000286102295,1.2200000286102295,1.190000057220459,1.190000057220459,2107.0
2024-10-04 12:25:00+00:00,HROWL,25.520000457763672,25.520000457763672,25.520000457763672,25.520000457763672,25.520000457763672,1208.0
2024-10-04 12:26:00+00:00,GAINN,24.90999984741211,24.90999984741211,24.90999984741211,24.90999984741211,24.90999984741211,364.0
2024-10-04 12:26:00+00:00,GOEVW,0.03500000014901161,0.03500000014901161,0.03500000014901161,0.03500000014901161,0.03500000014901161,598.0
2024-10-04 12:26:00+00:00,RILYM,21.010099411010742,21.010099411010742,21.010099411010742,21.010099411010742,21.010099411010742,424.0
2024-10-04 12:27:00+00:00,EVGOW,1.2100000381469727,1.2100000381469727,1.2100000381469727,1.2100000381469727,1.2100000381469727,2827.0
2024-10-04 12:27:00+00:00,RILYZ,8.319999694824219,8.319999694824219,8.319999694824219,8.319999694824219,8.319999694824219,1362.0
2024-10-04 12:28:00+00:00,DTSTW,0.5099999904632568,0.5099999904632568,0.5099999904632568,0.5099999904632568,0.5099999904632568,0.0
2024-10-04 12:28:00+00:00,EVGOW,1.2196999788284302,1.2196999788284302,1.2196999788284302,1.2196999788284302,1.2196999788284302,200.0
2024-10-04 12:28:00+00:00,OPINL,14.390000343322754,14.390000343322754,14.449999809265137,14.390000343322754,14.449999809265137,400.0
2024-10-04 12:28:00+00:00,RILYM,21.100000381469727,21.100000381469727,21.100000381469727,21.049999237060547,21.049999237060547,1252.0
2024-10-04 12:29:00+00:00,EVGOW,1.2101000547409058,1.2101000547409058,1.2101000547409058,1.2101000547409058,1.2101000547409058,323.0
2024-10-04 12:29:00+00:00,GOEVW,0.035100001841783524,0.035100001841783524,0.035100001841783524,0.035100001841783524,0.035100001841783524,2173.0
2024-10-04 12:29:00+00:00,OPINL,14.390000343322754,14.390000343322754,14.390000343322754,14.390000343322754,14.390000343322754,180.0
2024-10-04 12:29:00+00:00,RILYM,21.040000915527344,21.040000915527344,21.100000381469727,21.040000915527344,21.100000381469727,581.0
2024-10-04 12:29:00+00:00,RILYZ,8.319999694824219,8.319999694824219,8.319999694824219,8.319999694824219,8.319999694824219,98.0
2024-10-04 12:30:00+00:00,EVGOW,1.2100000381469727,1.2100000381469727,1.2100000381469727,1.2100000381469727,1.2100000381469727,1255.0
2024-10-04 12:30:00+00:00,HOVNP,17.795000076293945,17.795000076293945,17.81999969482422,17.795000076293945,17.81999969482422,1101.0
2024-10-04 12:30:00+00:00,RILYZ,8.25,8.25,8.300000190734863,8.25,8.300000190734863,1260.0
2024-10-04 12:31:00+00:00,EVGOW,1.2100000381469727,1.2100000381469727,1.2100000381469727,1.2100000381469727,1.2100000381469727,651.0
2024-10-04 12:31:00+00:00,HOVNP,17.795000076293945,17.795000076293945,17.795000076293945,17.795000076293945,17.795000076293945,30.0
2024-10-04 12:32:00+00:00,HWCPZ,25.459999084472656,25.459999084472656,25.459999084472656,25.459999084472656,25.459999084472656,300.0
2024-10-04 12:32:00+00:00,OPINL,14.390000343322754,14.390000343322754,14.390000343322754,14.390000343322754,14.390000343322754,2754.0
2024-10-04 12:32:00+00:00,SSSSL,24.809999465942383,24.809999465942383,24.809999465942383,24.809999465942383,24.809999465942383,0.0
2024-10-04 12:33:00+00:00,EOSEW,0.21899999678134918,0.21899999678134918,0.21899999678134918,0.21899999678134918,0.21899999678134918,4250.0
2024-10-04 12:33:00+00:00,EVGOW,1.2100000381469727,1.2100000381469727,1.2100000381469727,1.2100000381469727,1.2100000381469727,548.0
2024-10-04 12:33:00+00:00,GAINN,24.979999542236328,24.979999542236328,24.979999542236328,24.979999542236328,24.979999542236328,932.0
2024-10-04 12:33:00+00:00,HOVNP,17.81999969482422,17.81999969482422,17.81999969482422,17.795000076293945,17.795000076293945,1061.0
2024-10-04 12:33:00+00:00,HWCPZ,25.489999771118164,25.489999771118164,25.5,25.489999771118164,25.489999771118164,1691.0
2024-10-04 12:33:00+00:00,MNTSW,0.009999999776482582,0.009999999776482582,0.009999999776482582,0.009999999776482582,0.009999999776482582,2000.0
2024-10-04 12:34:00+00:00,CGABL,20.010000228881836,20.010000228881836,20.010000228881836,20.010000228881836,20.010000228881836,371.0
2024-10-04 12:34:00+00:00,EVGOW,1.1799999475479126,1.1799999475479126,1.190000057220459,1.1799999475479126,1.190000057220459,3700.0
2024-10-04 12:34:00+00:00,OXLCL,24.616199493408203,24.616199493408203,24.616199493408203,24.616199493408203,24.616199493408203,300.0
2024-10-04 12:35:00+00:00,EVGOW,1.1950000524520874,1.1950000524520874,1.1950000524520874,1.1799999475479126,1.1950000524520874,4032.0
2024-10-04 12:35:00+00:00,TBLD,17.44930076599121,17.44930076599121,17.44930076599121,17.44930076599121,17.44930076599121,369.0
2024-10-04 12:36:00+00:00,DHCNL,17.200000762939453,17.200000762939453,17.200000762939453,17.200000762939453,17.200000762939453,325.0
2024-10-04 12:36:00+00:00,EVGOW,1.2000000476837158,1.2000000476837158,1.2000000476837158,1.2000000476837158,1.2000000476837158,66.0
2024-10-04 12:36:00+00:00,RILYZ,8.289999961853027,8.289999961853027,8.289999961853027,8.289999961853027,8.289999961853027,2985.0
2024-10-04 12:37:00+00:00,EVGOW,1.1950000524520874,1.1950000524520874,1.2000000476837158,1.1950000524520874,1.2000000476837158,214.0
2024-10-04 12:38:00+00:00,CGABL,20.057199478149414,20.057199478149414,20.057199478149414,20.057199478149414,20.057199478149414,326.0
2024-10-04 12:38:00+00:00,EVGOW,1.2099000215530396,1.2099000215530396,1.2100000381469727,1.2050000429153442,1.2050000429153442,3623.0
2024-10-04 12:39:00+00:00,IMTXW,1.75,1.75,1.75,1.749899983406067,1.749899983406067,1450.0
2024-10-04 12:39:00+00:00,RILYZ,8.34000015258789,8.34000015258789,8.34000015258789,8.34000015258789,8.34000015258789,1942.0
2024-10-04 12:39:00+00:00,SSSSL,24.800100326538086,24.800100326538086,24.800100326538086,24.800100326538086,24.800100326538086,3660.0
2024-10-04 12:39:00+00:00,TRINL,25.184099197387695,25.184099197387695,25.184099197387695,25.184099197387695,25.184099197387695,290.0
2024-10-04 12:40:00+00:00,EVGOW,1.2096999883651733,1.2096999883651733,1.2100000381469727,1.2096999883651733,1.2100000381469727,7243.0
2024-10-04 12:40:00+00:00,RILYZ,8.260000228881836,8.260000228881836,8.260000228881836,8.260000228881836,8.260000228881836,2102.0
2024-10-04 12:42:00+00:00,BLDEW,0.25,0.25,0.25,0.25,0.25,1790.0
2024-10-04 12:42:00+00:00,OPINL,14.390000343322754,14.390000343322754,14.390000343322754,14.390000343322754,14.390000343322754,0.0
2024-10-04 12:42:00+00:00,RILYM,21.0,21.0,21.030000686645508,21.0,21.030000686645508,7501.0
2024-10-04 12:43:00+00:00,ARBKL,10.557999610900879,10.557999610900879,10.557999610900879,10.557999610900879,10.557999610900879,3422.0
2024-10-04 12:43:00+00:00,CGABL,20.0,20.0,20.0,20.0,20.0,396.0
2024-10-04 12:44:00+00:00,CPZ,15.789899826049805,15.789899826049805,15.789899826049805,15.75,15.75,2449.0
2024-10-04 12:45:00+00:00,RILYT,9.0600004196167,9.0600004196167,9.0600004196167,9.0600004196167,9.0600004196167,500.0
2024-10-04 12:45:00+00:00,RWAYL,25.167499542236328,25.167499542236328,25.170000076293945,25.166099548339844,25.167800903320312,2087.0
2024-10-04 12:47:00+00:00,EVGOW,1.2297999858856201,1.2297999858856201,1.2300000190734863,1.229699969291687,1.229699969291687,1410.0
2024-10-04 12:48:00+00:00,CGABL,20.049999237060547,20.049999237060547,20.049999237060547,20.049999237060547,20.049999237060547,9.0
2024-10-04 12:48:00+00:00,EVGOW,1.2258000373840332,1.2258000373840332,1.2258000373840332,1.2258000373840332,1.2258000373840332,1107.0
2024-10-04 12:48:00+00:00,OPINL,14.449899673461914,14.449899673461914,14.449899673461914,14.449899673461914,14.449899673461914,620.0
2024-10-04 12:48:00+00:00,RILYT,9.279999732971191,9.279999732971191,9.279999732971191,9.114999771118164,9.114999771118164,200.0
2024-10-04 12:50:00+00:00,EVGOW,1.25,1.25,1.25,1.2236000299453735,1.2300000190734863,8554.0
2024-10-04 12:50:00+00:00,RILYT,9.220000267028809,9.220000267028809,9.220000267028809,9.140000343322754,9.140000343322754,250.0
2024-10-04 12:51:00+00:00,EVGOW,1.2649999856948853,1.2649999856948853,1.2649999856948853,1.25,1.2599999904632568,3808.0
2024-10-04 12:51:00+00:00,GOEVW,0.035999998450279236,0.035999998450279236,0.035999998450279236,0.035999998450279236,0.035999998450279236,8242.0
2024-10-04 12:51:00+00:00,LSEAW,0.25999999046325684,0.25999999046325684,0.25999999046325684,0.25999999046325684,0.25999999046325684,0.0
2024-10-04 12:51:00+00:00,SSSSL,24.87339973449707,24.87339973449707,24.87339973449707,24.87339973449707,24.87339973449707,790.0
2024-10-04 12:52:00+00:00,INBKZ,25.200000762939453,25.200000762939453,25.200000762939453,25.200000762939453,25.200000762939453,0.0
2024-10-04 12:52:00+00:00,OPINL,14.319999694824219,14.319999694824219,14.319999694824219,14.319999694824219,14.319999694824219,940.0
2024-10-04 12:53:00+00:00,HTZWW,2.1702001094818115,2.1702001094818115,2.1702001094818115,2.1702001094818115,2.1702001094818115,601.0
2024-10-04 12:54:00+00:00,EVGOW,1.2699999809265137,1.2699999809265137,1.2699999809265137,1.2699999809265137,1.2699999809265137,1000.0
2024-10-04 12:54:00+00:00,SSSSL,24.800100326538086,24.800100326538086,24.800100326538086,24.799999237060547,24.799999237060547,4295.0
2024-10-04 12:55:00+00:00,ADVWW,0.02370000071823597,0.02370000071823597,0.02370000071823597,0.02370000071823597,0.02370000071823597,18955.0
2024-10-04 12:55:00+00:00,EVGOW,1.2999999523162842,1.2999999523162842,1.2999999523162842,1.2798999547958374,1.2799999713897705,7300.0
2024-10-04 12:55:00+00:00,HOVNP,17.809999465942383,17.809999465942383,17.809999465942383,17.809999465942383,17.809999465942383,479.0
2024-10-04 12:55:00+00:00,HUMAW,1.8995000123977661,1.8995000123977661,1.8995000123977661,1.8849999904632568,1.8849999904632568,3841.0
2024-10-04 12:56:00+00:00,CGABL,20.0,20.0,20.0,20.0,20.0,420.0
2024-10-04 12:56:00+00:00,EVGOW,1.25,1.25,1.2999999523162842,1.25,1.2999999523162842,0.0
2024-10-04 12:56:00+00:00,RILYM,21.149999618530273,21.149999618530273,21.149999618530273,21.139999389648438,21.139999389648438,800.0
2024-10-04 12:57:00+00:00,BCTXW,0.3100000023841858,0.3100000023841858,0.310699999332428,0.3100000023841858,0.310699999332428,0.0
2024-10-04 12:57:00+00:00,CGABL,20.0,20.0,20.010000228881836,20.0,20.010000228881836,1645.0
2024-10-04 12:57:00+00:00,OPINL,14.329999923706055,14.329999923706055,14.380000114440918,14.324999809265137,14.380000114440918,3210.0
2024-10-04 12:58:00+00:00,BCTXW,0.25029999017715454,0.25029999017715454,0.25999999046325684,0.25029999017715454,0.25999999046325684,4604.0
2024-10-04 12:58:00+00:00,CPZ,15.748800277709961,15.748800277709961,15.748800277709961,15.748800277709961,15.748800277709961,121.0
2024-10-04 12:58:00+00:00,OPINL,14.359999656677246,14.359999656677246,14.369999885559082,14.359999656677246,14.369999885559082,1538.0
2024-10-04 12:59:00+00:00,OPINL,14.345000267028809,14.345000267028809,14.369999885559082,14.345000267028809,14.350000381469727,4562.0
2024-10-04 13:00:00+00:00,OPINL,14.345000267028809,14.345000267028809,14.345000267028809,14.345000267028809,14.345000267028809,500.0
2024-10-04 13:00:00+00:00,RILYG,10.650099754333496,10.650099754333496,10.650099754333496,10.649999618530273,10.649999618530273,217.0
2024-10-04 13:00:00+00:00,RILYM,21.059999465942383,21.059999465942383,21.059999465942383,21.059999465942383,21.059999465942383,0.0
2024-10-04 13:00:00+00:00,RILYZ,8.279999732971191,8.279999732971191,8.329999923706055,8.279999732971191,8.3100004196167,1060.0
2024-10-04 13:01:00+00:00,OPINL,14.359999656677246,14.359999656677246,14.359999656677246,14.359999656677246,14.359999656677246,0.0
2024-10-04 13:01:00+00:00,PCTTW,2.600100040435791,2.600100040435791,2.600100040435791,2.600100040435791,2.600100040435791,501.0
2024-10-04 13:01:00+00:00,RILYM,21.059999465942383,21.059999465942383,21.059999465942383,21.059999465942383,21.059999465942383,110.0
2024-10-04 13:03:00+00:00,CPZ,15.710000038146973,15.710000038146973,15.717399597167969,15.710000038146973,15.717399597167969,0.0
2024-10-04 13:03:00+00:00,EVGOW,1.2960000038146973,1.2960000038146973,1.2999999523162842,1.2960000038146973,1.2960000038146973,4557.0
2024-10-04 13:03:00+00:00,SSSSL,24.83370018005371,24.83370018005371,24.83370018005371,24.799999237060547,24.799999237060547,6120.0
2024-10-04 13:04:00+00:00,ADNWW,0.00800000037997961,0.00800000037997961,0.00800000037997961,0.00800000037997961,0.00800000037997961,28091.0
2024-10-04 13:04:00+00:00,EVGOW,1.2999999523162842,1.2999999523162842,1.2999999523162842,1.2943999767303467,1.2943999767303467,1669.0
2024-10-04 13:04:00+00:00,NVVEW,0.029999999329447746,0.029999999329447746,0.029999999329447746,0.029899999499320984,0.029899999499320984,924.0
2024-10-04 13:04:00+00:00,SSSSL,24.799999237060547,24.799999237060547,24.799999237060547,24.799999237060547,24.799999237060547,8850.0
2024-10-04 13:05:00+00:00,EVGOW,1.2999999523162842,1.2999999523162842,1.2999999523162842,1.2999999523162842,1.2999999523162842,2819.0
2024-10-04 13:06:00+00:00,RILYM,21.059999465942383,21.059999465942383,21.059999465942383,21.059999465942383,21.059999465942383,200.0
2024-10-04 13:06:00+00:00,RILYN,11.45009994506836,11.45009994506836,11.45009994506836,11.45009994506836,11.45009994506836,286.0
2024-10-04 13:07:00+00:00,AVPTW,2.700000047683716,2.700000047683716,2.700000047683716,2.700000047683716,2.700000047683716,0.0
2024-10-04 13:07:00+00:00,EVGOW,1.320099949836731,1.320099949836731,1.3799999952316284,1.2999999523162842,1.2999999523162842,12877.0
2024-10-04 13:07:00+00:00,RILYM,21.149900436401367,21.149900436401367,21.149900436401367,21.149900436401367,21.149900436401367,100.0
2024-10-04 13:07:00+00:00,RILYZ,8.319999694824219,8.319999694824219,8.319999694824219,8.319999694824219,8.319999694824219,390.0
2024-10-04 13:08:00+00:00,EVGOW,1.3235000371932983,1.3235000371932983,1.3235000371932983,1.3200000524520874,1.3200000524520874,3284.0
2024-10-04 13:08:00+00:00,RILYM,21.06999969482422,21.06999969482422,21.06999969482422,21.06999969482422,21.06999969482422,100.0
2024-10-04 13:08:00+00:00,RILYZ,8.270000457763672,8.270000457763672,8.319999694824219,8.270000457763672,8.319999694824219,490.0
2024-10-04 13:08:00+00:00,TBLD,17.45009994506836,17.45009994506836,17.45009994506836,17.45009994506836,17.45009994506836,2464.0
2024-10-04 13:09:00+00:00,ADNWW,0.00800000037997961,0.00800000037997961,0.00800000037997961,0.00800000037997961,0.00800000037997961,0.0
2024-10-04 13:09:00+00:00,EVGOW,1.2999999523162842,1.2999999523162842,1.309999942779541,1.2999999523162842,1.2999999523162842,2630.0
2024-10-04 13:09:00+00:00,OPINL,14.359999656677246,14.359999656677246,14.359999656677246,14.359999656677246,14.359999656677246,1324.0
2024-10-04 13:09:00+00:00,SSSSL,24.850200653076172,24.850200653076172,24.850200653076172,24.850200653076172,24.850200653076172,6309.0
2024-10-04 13:10:00+00:00,ADNWW,0.00800000037997961,0.00800000037997961,0.00800000037997961,0.00800000037997961,0.00800000037997961,2550.0
2024-10-04 13:10:00+00:00,CURIW,0.034699998795986176,0.034699998795986176,0.034699998795986176,0.022600000724196434,0.022600000724196434,0.0
2024-10-04 13:10:00+00:00,EVGOW,1.2999999523162842,1.2999999523162842,1.2999999523162842,1.2999999523162842,1.2999999523162842,1506.0
2024-10-04 13:10:00+00:00,RILYM,21.130800247192383,21.130800247192383,21.130800247192383,21.130800247192383,21.130800247192383,300.0
2024-10-04 13:10:00+00:00,RILYT,9.0,9.0,9.010000228881836,9.0,9.010000228881836,578.0
2024-10-04 13:10:00+00:00,SNAXW,0.006599999964237213,0.006599999964237213,0.006599999964237213,0.006599999964237213,0.006599999964237213,899.0
2024-10-04 13:11:00+00:00,EVGOW,1.350000023841858,1.350000023841858,1.350000023841858,1.340000033378601,1.340000033378601,7240.0
2024-10-04 13:11:00+00:00,RILYK,16.889999389648438,16.889999389648438,16.889999389648438,16.889999389648438,16.889999389648438,1022.0
2024-10-04 13:11:00+00:00,SSSSL,24.800100326538086,24.800100326538086,24.800100326538086,24.799999237060547,24.799999237060547,297.0
2024-10-04 13:12:00+00:00,ADNWW,0.00800000037997961,0.00800000037997961,0.00800000037997961,0.00800000037997961,0.00800000037997961,400.0
2024-10-04 13:12:00+00:00,EVGOW,1.3200000524520874,1.3200000524520874,1.4199999570846558,1.2899999618530273,1.2899999618530273,18586.0
2024-10-04 13:12:00+00:00,OPINL,14.350000381469727,14.350000381469727,14.350000381469727,14.350000381469727,14.350000381469727,38.0
2024-10-04 13:12:00+00:00,RILYG,10.850000381469727,10.850000381469727,10.850000381469727,10.850000381469727,10.850000381469727,300.0
2024-10-04 13:12:00+00:00,TBLD,17.4950008392334,17.4950008392334,17.4950008392334,17.450000762939453,17.450000762939453,1768.0
2024-10-04 13:13:00+00:00,ADNWW,0.00800000037997961,0.00800000037997961,0.00800000037997961,0.00800000037997961,0.00800000037997961,300.0
2024-10-04 13:13:00+00:00,EVGOW,1.2999999523162842,1.2999999523162842,1.2999999523162842,1.2999999523162842,1.2999999523162842,1022.0
2024-10-04 13:13:00+00:00,HWCPZ,25.40999984741211,25.40999984741211,25.434999465942383,25.40999984741211,25.434999465942383,502.0
2024-10-04 13:13:00+00:00,OPINL,14.350000381469727,14.350000381469727,14.350000381469727,14.350000381469727,14.350000381469727,326.0
2024-10-04 13:13:00+00:00,RILYM,21.06999969482422,21.06999969482422,21.06999969482422,21.06999969482422,21.06999969482422,221.0
2024-10-04 13:13:00+00:00,RILYZ,8.279999732971191,8.279999732971191,8.279999732971191,8.279999732971191,8.279999732971191,330.0
2024-10-04 13:14:00+00:00,GREEL,9.0,9.0,9.0,9.0,9.0,111.0
2024-10-04 13:14:00+00:00,HTZWW,2.171099901199341,2.171099901199341,2.171099901199341,2.171099901199341,2.171099901199341,103.0
2024-10-04 13:14:00+00:00,MVSTW,0.023099999874830246,0.023099999874830246,0.023099999874830246,0.023000000044703484,0.023000000044703484,2700.0
2024-10-04 13:15:00+00:00,EVGOW,1.2999999523162842,1.2999999523162842,1.2999999523162842,1.2999999523162842,1.2999999523162842,722.0
2024-10-04 13:15:00+00:00,MVSTW,0.023399999365210533,0.023399999365210533,0.023399999365210533,0.023000000044703484,0.023000000044703484,2400.0
2024-10-04 13:16:00+00:00,MVSTW,0.02290000021457672,0.02290000021457672,0.02290000021457672,0.02290000021457672,0.02290000021457672,100.0
2024-10-04 13:16:00+00:00,RVPHW,0.11150000244379044,0.11150000244379044,0.11150000244379044,0.11150000244379044,0.11150000244379044,0.0
2024-10-04 13:17:00+00:00,EVGOW,1.3154000043869019,1.3154000043869019,1.3154000043869019,1.3154000043869019,1.3154000043869019,0.0
2024-10-04 13:17:00+00:00,GOEVW,0.03550000116229057,0.03550000116229057,0.035999998450279236,0.03550000116229057,0.035999998450279236,5473.0
2024-10-04 13:17:00+00:00,OPINL,14.350000381469727,14.350000381469727,14.350000381469727,14.350000381469727,14.350000381469727,1462.0
2024-10-04 13:17:00+00:00,RILYZ,8.252300262451172,8.252300262451172,8.252300262451172,8.252300262451172,8.252300262451172,827.0
2024-10-04 13:17:00+00:00,TBLD,17.5,17.5,17.5,17.5,17.5,1000.0
2024-10-04 13:18:00+00:00,EVGOW,1.340000033378601,1.340000033378601,1.340000033378601,1.340000033378601,1.340000033378601,680.0
2024-10-04 13:18:00+00:00,HUMAW,1.899899959564209,1.899899959564209,1.899999976158142,1.8899999856948853,1.8899999856948853,0.0
2024-10-04 13:18:00+00:00,RWAYL,25.160999298095703,25.160999298095703,25.160999298095703,25.160999298095703,25.160999298095703,244.0
2024-10-04 13:18:00+00:00,TBLD,17.48349952697754,17.48349952697754,17.48349952697754,17.48349952697754,17.48349952697754,1744.0
2024-10-04 13:19:00+00:00,SSSSL,24.875699996948242,24.875699996948242,24.875699996948242,24.875699996948242,24.875699996948242,2830.0
2024-10-04 13:19:00+00:00,TBLD,17.515300750732422,17.515300750732422,17.515300750732422,17.515300750732422,17.515300750732422,0.0
2024-10-04 13:20:00+00:00,EVGOW,1.2999999523162842,1.2999999523162842,1.2999999523162842,1.2999999523162842,1.2999999523162842,1444.0
2024-10-04 13:20:00+00:00,HUMAW,1.8995000123977661,1.8995000123977661,1.899999976158142,1.8995000123977661,1.899999976158142,520.0
2024-10-04 13:20:00+00:00,TRINL,25.187700271606445,25.187700271606445,25.187700271606445,25.187700271606445,25.187700271606445,189.0
2024-10-04 13:21:00+00:00,EVGOW,1.2999999523162842,1.2999999523162842,1.3200000524520874,1.2899999618530273,1.2899999618530273,8485.0
2024-10-04 13:22:00+00:00,SSSSL,24.850200653076172,24.850200653076172,24.850200653076172,24.850200653076172,24.850200653076172,1285.0
2024-10-04 13:23:00+00:00,HOVNP,17.809999465942383,17.809999465942383,17.809999465942383,17.809999465942383,17.809999465942383,200.0
2024-10-04 13:23:00+00:00,RILYN,11.579999923706055,11.579999923706055,11.579999923706055,11.579999923706055,11.579999923706055,121.0
2024-10-04 13:23:00+00:00,RILYZ,8.140000343322754,8.140000343322754,8.25,8.140000343322754,8.25,6260.0
2024-10-04 13:24:00+00:00,EVGOW,1.2999999523162842,1.2999999523162842,1.3200000524520874,1.2999999523162842,1.3200000524520874,3722.0
2024-10-04 13:24:00+00:00,FFIEW,0.022700000554323196,0.022700000554323196,0.022700000554323196,0.022700000554323196,0.022700000554323196,754.0
2024-10-04 13:24:00+00:00,SSSSL,24.799999237060547,24.799999237060547,24.799999237060547,24.799999237060547,24.799999237060547,1600.0
2024-10-04 13:24:00+00:00,TBLD,17.4950008392334,17.4950008392334,17.4950008392334,17.4950008392334,17.4950008392334,871.0
2024-10-04 13:25:00+00:00,EVGOW,1.3200000524520874,1.3200000524520874,1.3200000524520874,1.3200000524520874,1.3200000524520874,650.0
2024-10-04 13:25:00+00:00,FFIEW,0.024000000208616257,0.024000000208616257,0.024000000208616257,0.023600000888109207,0.023600000888109207,37930.0
2024-10-04 13:25:00+00:00,HWCPZ,25.399900436401367,25.399900436401367,25.399900436401367,25.399900436401367,25.399900436401367,930.0
2024-10-04 13:25:00+00:00,SSSSL,24.799999237060547,24.799999237060547,24.799999237060547,24.799999237060547,24.799999237060547,8900.0
2024-10-04 13:26:00+00:00,EOSEW,0.20999999344348907,0.20999999344348907,0.20999999344348907,0.20999999344348907,0.20999999344348907,200.0
2024-10-04 13:26:00+00:00,HOVNP,17.809999465942383,17.809999465942383,17.809999465942383,17.809999465942383,17.809999465942383,300.0
2024-10-04 13:26:00+00:00,MAPSW,0.019899999722838402,0.019899999722838402,0.019999999552965164,0.019899999722838402,0.019999999552965164,11975.0
2024-10-04 13:27:00+00:00,RILYZ,8.25,8.25,8.25,8.25,8.25,200.0
2024-10-04 13:28:00+00:00,HWCPZ,25.40999984741211,25.40999984741211,25.40999984741211,25.40999984741211,25.40999984741211,486.0
2024-10-04 13:28:00+00:00,RILYZ,8.199999809265137,8.199999809265137,8.220000267028809,8.199999809265137,8.220000267028809,1450.0
2024-10-04 13:28:00+00:00,RWAYL,25.170000076293945,25.170000076293945,25.170000076293945,25.170000076293945,25.170000076293945,78.0
2024-10-04 13:28:00+00:00,SSSSL,24.799999237060547,24.799999237060547,24.799999237060547,24.799999237060547,24.799999237060547,28133.0
2024-10-04 13:29:00+00:00,EVGOW,1.3200000524520874,1.3200000524520874,1.3200000524520874,1.3200000524520874,1.3200000524520874,1344.0
2024-10-04 13:29:00+00:00,RILYM,21.100000381469727,21.100000381469727,21.100000381469727,21.100000381469727,21.100000381469727,700.0
2024-10-04 13:29:00+00:00,RILYZ,8.100000381469727,8.100000381469727,8.149999618530273,8.100000381469727,8.149999618530273,2515.0
2024-10-04 13:29:00+00:00,SNCRL,24.81999969482422,24.81999969482422,24.81999969482422,24.81999969482422,24.81999969482422,0.0
2024-10-04 13:30:00+00:00,EVGOW,1.2999999523162842,1.2999999523162842,1.2999999523162842,1.2999999523162842,1.2999999523162842,2012.0
2024-10-04 13:30:00+00:00,GREEL,8.954099655151367,8.954099655151367,8.954099655151367,8.954099655151367,8.954099655151367,2000.0
2024-10-04 13:30:00+00:00,RILYZ,8.109999656677246,8.109999656677246,8.109999656677246,8.109999656677246,8.109999656677246,110.0
2024-10-04 13:30:00+00:00,SNCRL,24.81999969482422,24.81999969482422,24.81999969482422,24.81999969482422,24.81999969482422,206.0
2024-10-04 13:31:00+00:00,EVGOW,1.2599999904632568,1.2599999904632568,1.2599999904632568,1.2599999904632568,1.2599999904632568,600.0
2024-10-04 13:31:00+00:00,RILYG,10.5,10.5,10.630000114440918,10.5,10.630000114440918,1439.0
2024-10-04 13:31:00+00:00,RILYT,8.760000228881836,8.760000228881836,8.930000305175781,8.760000228881836,8.880000114440918,2864.0
2024-10-04 13:31:00+00:00,RILYZ,8.109999656677246,8.109999656677246,8.109999656677246,8.109999656677246,8.109999656677246,219.0
2024-10-04 13:32:00+00:00,EVGOW,1.2599999904632568,1.2599999904632568,1.2599999904632568,1.2599999904632568,1.2599999904632568,590.0
2024-10-04 13:32:00+00:00,TRINL,25.195499420166016,25.195499420166016,25.200000762939453,25.195499420166016,25.200000762939453,249.0
2024-10-04 13:33:00+00:00,ORGNW,0.1054999977350235,0.1054999977350235,0.1054999977350235,0.1054999977350235,0.1054999977350235,3866.0
2024-10-04 13:33:00+00:00,RILYZ,8.1899995803833,8.1899995803833,8.1899995803833,8.170000076293945,8.189599990844727,2082.0
2024-10-04 13:33:00+00:00,SSSSL,24.799999237060547,24.799999237060547,24.799999237060547,24.799999237060547,24.799999237060547,957.0
2024-10-04 13:34:00+00:00,EVGOW,1.2599999904632568,1.2599999904632568,1.2599999904632568,1.2599999904632568,1.2599999904632568,3892.0
2024-10-04 13:34:00+00:00,OPINL,14.350000381469727,14.350000381469727,14.350000381469727,14.350000381469727,14.350000381469727,0.0
2024-10-04 13:34:00+00:00,RILYM,20.92009925842285,20.92009925842285,21.049999237060547,20.92009925842285,21.049999237060547,3158.0
2024-10-04 13:34:00+00:00,SSSSL,24.799999237060547,24.799999237060547,24.799999237060547,24.799999237060547,24.799999237060547,38716.0
2024-10-04 13:35:00+00:00,ARBKL,10.459699630737305,10.459699630737305,10.460100173950195,10.430000305175781,10.460100173950195,2671.0
2024-10-04 13:35:00+00:00,CGABL,20.00320053100586,20.00320053100586,20.00320053100586,20.00320053100586,20.00320053100586,747.0
2024-10-04 13:35:00+00:00,EVGOW,1.26010000705719,1.26010000705719,1.26010000705719,1.26010000705719,1.26010000705719,200.0
2024-10-04 13:35:00+00:00,HOVNP,17.799999237060547,17.799999237060547,17.799999237060547,17.799999237060547,17.799999237060547,322.0
2024-10-04 13:35:00+00:00,OXLCL,24.632999420166016,24.632999420166016,24.632999420166016,24.632999420166016,24.632999420166016,638.0
2024-10-04 13:35:00+00:00,OXLCZ,23.600000381469727,23.600000381469727,23.600000381469727,23.600000381469727,23.600000381469727,0.0
2024-10-04 13:36:00+00:00,RILYZ,8.204999923706055,8.204999923706055,8.204999923706055,8.199999809265137,8.199999809265137,4099.0
2024-10-04 13:37:00+00:00,EVGOW,1.2699999809265137,1.2699999809265137,1.2799999713897705,1.2699999809265137,1.2799999713897705,12541.0
2024-10-04 13:37:00+00:00,FFIEW,0.024000000208616257,0.024000000208616257,0.024000000208616257,0.024000000208616257,0.024000000208616257,5048.0
2024-10-04 13:38:00+00:00,ARBKL,10.340100288391113,10.340100288391113,10.35219955444336,10.300000190734863,10.350000381469727,2303.0
2024-10-04 13:40:00+00:00,EVGOW,1.2949999570846558,1.2949999570846558,1.2949999570846558,1.2949999570846558,1.2949999570846558,2889.0
2024-10-04 13:40:00+00:00,KTTAW,0.03610000014305115,0.03610000014305115,0.03610000014305115,0.03610000014305115,0.03610000014305115,4199.0
2024-10-04 13:41:00+00:00,CPZ,15.75,15.75,15.75,15.75,15.75,523.0
2024-10-04 13:41:00+00:00,RILYM,20.969999313354492,20.969999313354492,20.969999313354492,20.969999313354492,20.969999313354492,0.0
2024-10-04 13:41:00+00:00,RILYZ,8.170000076293945,8.170000076293945,8.170000076293945,8.15939998626709,8.15999984741211,1271.0
2024-10-04 13:43:00+00:00,HOVNP,17.813800811767578,17.813800811767578,17.813800811767578,17.813800811767578,17.813800811767578,282.0
2024-10-04 13:44:00+00:00,HTZWW,2.130000114440918,2.130000114440918,2.130000114440918,2.130000114440918,2.130000114440918,681.0
2024-10-04 13:44:00+00:00,RILYM,21.135299682617188,21.135299682617188,21.135299682617188,21.135299682617188,21.135299682617188,456.0
2024-10-04 13:45:00+00:00,EVGOW,1.25600004196167,1.25600004196167,1.2899999618530273,1.25600004196167,1.2899999618530273,801.0
2024-10-04 13:45:00+00:00,TMCWW,0.07680000364780426,0.07680000364780426,0.07680000364780426,0.07680000364780426,0.07680000364780426,0.0
2024-10-04 13:46:00+00:00,NVVEW,0.029999999329447746,0.029999999329447746,0.029999999329447746,0.029999999329447746,0.029999999329447746,448.0
2024-10-04 13:46:00+00:00,RILYZ,8.239999771118164,8.239999771118164,8.239999771118164,8.239999771118164,8.239999771118164,184.0
2024-10-04 13:47:00+00:00,ARBKL,10.050000190734863,10.050000190734863,10.100000381469727,10.050000190734863,10.100000381469727,3111.0
2024-10-04 13:47:00+00:00,CGABL,19.979999542236328,19.979999542236328,19.979999542236328,19.979999542236328,19.979999542236328,615.0
2024-10-04 13:47:00+00:00,CIFRW,1.1591999530792236,1.1591999530792236,1.1591999530792236,1.1591999530792236,1.1591999530792236,365.0
2024-10-04 13:47:00+00:00,HWCPZ,25.434999465942383,25.434999465942383,25.434999465942383,25.434999465942383,25.434999465942383,521.0
2024-10-04 13:47:00+00:00,NNAVW,2.9000000953674316,2.9000000953674316,2.9000000953674316,2.9000000953674316,2.9000000953674316,8000.0
2024-10-04 13:47:00+00:00,OPINL,14.350000381469727,14.350000381469727,14.350000381469727,14.350000381469727,14.350000381469727,227.0
2024-10-04 13:51:00+00:00,ADVWW,0.04899999871850014,0.04899999871850014,0.04899999871850014,0.04899999871850014,0.04899999871850014,2082.0
2024-10-04 13:52:00+00:00,MAPSW,0.020999999716877937,0.020999999716877937,0.020999999716877937,0.019999999552965164,0.019999999552965164,65921.0
2024-10-04 13:52:00+00:00,NNAVW,2.9000000953674316,2.9000000953674316,2.9000000953674316,2.9000000953674316,2.9000000953674316,500.0
2024-10-04 13:52:00+00:00,TMCWW,0.05570000037550926,0.05570000037550926,0.05570000037550926,0.05570000037550926,0.05570000037550926,248.0
2024-10-04 13:54:00+00:00,ARBKL,10.100000381469727,10.100000381469727,10.100000381469727,10.09000015258789,10.09000015258789,2900.0
2024-10-04 13:54:00+00:00,MAPSW,0.024399999529123306,0.024399999529123306,0.024399999529123306,0.024399999529123306,0.024399999529123306,0.0
2024-10-04 13:54:00+00:00,TBLD,17.5049991607666,17.5049991607666,17.5049991607666,17.5049991607666,17.5049991607666,1080.0
2024-10-04 13:55:00+00:00,ARBKL,10.100000381469727,10.100000381469727,10.100000381469727,10.100000381469727,10.100000381469727,1100.0
2024-10-04 13:55:00+00:00,EVGOW,1.26010000705719,1.26010000705719,1.26010000705719,1.26010000705719,1.26010000705719,3000.0
2024-10-04 13:55:00+00:00,MAPSW,0.024399999529123306,0.024399999529123306,0.024399999529123306,0.024399999529123306,0.024399999529123306,400.0
2024-10-04 13:55:00+00:00,RILYZ,8.149999618530273,8.149999618530273,8.170000076293945,8.149999618530273,8.170000076293945,690.0
2024-10-04 13:56:00+00:00,MAPSW,0.024399999529123306,0.024399999529123306,0.024399999529123306,0.024399999529123306,0.024399999529123306,500.0
2024-10-04 13:56:00+00:00,OXLCZ,23.600000381469727,23.600000381469727,23.600000381469727,23.600000381469727,23.600000381469727,1085.0
2024-10-04 13:56:00+00:00,RILYM,21.020000457763672,21.020000457763672,21.020000457763672,21.020000457763672,21.020000457763672,35.0
2024-10-04 13:56:00+00:00,RILYZ,8.180000305175781,8.180000305175781,8.180000305175781,8.180000305175781,8.180000305175781,4109.0
2024-10-04 13:57:00+00:00,FFIEW,0.024000000208616257,0.024000000208616257,0.024000000208616257,0.024000000208616257,0.024000000208616257,5900.0
2024-10-04 13:57:00+00:00,GREEL,8.960000038146973,8.960000038146973,8.975000381469727,8.960000038146973,8.975000381469727,11.0
2024-10-04 13:58:00+00:00,ARBKL,10.039999961853027,10.039999961853027,10.039999961853027,10.039999961853027,10.039999961853027,18.0
2024-10-04 13:58:00+00:00,DHCNL,17.31999969482422,17.31999969482422,17.31999969482422,17.31999969482422,17.31999969482422,129.0
2024-10-04 13:58:00+00:00,FFIEW,0.024000000208616257,0.024000000208616257,0.024000000208616257,0.024000000208616257,0.024000000208616257,0.0
2024-10-04 13:58:00+00:00,INBKZ,25.200000762939453,25.200000762939453,25.200000762939453,25.200000762939453,25.200000762939453,200.0
2024-10-04 13:58:00+00:00,JSM,20.638999938964844,20.638999938964844,20.638999938964844,20.638999938964844,20.638999938964844,952.0
2024-10-04 13:59:00+00:00,ATLCL,23.950000762939453,23.950000762939453,23.950000762939453,23.950000762939453,23.950000762939453,555.0
2024-10-04 13:59:00+00:00,FFIEW,0.02410000003874302,0.02410000003874302,0.02410000003874302,0.02410000003874302,0.02410000003874302,201.0
2024-10-04 13:59:00+00:00,RILYN,11.519700050354004,11.519700050354004,11.519700050354004,11.519700050354004,11.519700050354004,4621.0
2024-10-04 13:59:00+00:00,RILYT,8.850000381469727,8.850000381469727,8.859999656677246,8.850000381469727,8.859999656677246,0.0
2024-10-04 14:00:00+00:00,EVGOW,1.2599999904632568,1.2599999904632568,1.2599999904632568,1.2599999904632568,1.2599999904632568,0.0
2024-10-04 14:00:00+00:00,INBKZ,25.16309928894043,25.16309928894043,25.200000762939453,25.16309928894043,25.200000762939453,1400.0
2024-10-04 14:00:00+00:00,NEWTZ,24.68000030517578,24.68000030517578,24.68000030517578,24.68000030517578,24.68000030517578,0.0
2024-10-04 14:00:00+00:00,RILYZ,8.109999656677246,8.109999656677246,8.109999656677246,8.109999656677246,8.109999656677246,1602.0
2024-10-04 14:01:00+00:00,EVGOW,1.2716000080108643,1.2716000080108643,1.2716000080108643,1.2716000080108643,1.2716000080108643,776.0
2024-10-04 14:03:00+00:00,ARQQW,0.050700001418590546,0.050700001418590546,0.08079999685287476,0.050700001418590546,0.08079999685287476,18880.0
2024-10-04 14:03:00+00:00,CGABL,20.0049991607666,20.0049991607666,20.0049991607666,20.0049991607666,20.0049991607666,658.0
2024-10-04 14:03:00+00:00,DHCNL,17.332199096679688,17.332199096679688,17.332199096679688,17.332199096679688,17.332199096679688,382.0
2024-10-04 14:04:00+00:00,HWCPZ,25.40999984741211,25.40999984741211,25.40999984741211,25.40999984741211,25.40999984741211,370.0
2024-10-04 14:04:00+00:00,KTTAW,0.03610000014305115,0.03610000014305115,0.03610000014305115,0.03610000014305115,0.03610000014305115,1333.0
2024-10-04 14:04:00+00:00,RILYT,8.800000190734863,8.800000190734863,8.800000190734863,8.800000190734863,8.800000190734863,100.0
2024-10-04 14:04:00+00:00,RILYZ,8.1899995803833,8.1899995803833,8.1899995803833,8.1899995803833,8.1899995803833,0.0
2024-10-04 14:04:00+00:00,RNWWW,0.2800000011920929,0.2800000011920929,0.2800000011920929,0.2800000011920929,0.2800000011920929,0.0
2024-10-04 14:05:00+00:00,EOSEW,0.21899999678134918,0.21899999678134918,0.21899999678134918,0.21899999678134918,0.21899999678134918,15600.0
2024-10-04 14:05:00+00:00,TALKW,0.12999999523162842,0.12999999523162842,0.12999999523162842,0.12999999523162842,0.12999999523162842,33473.0
2024-10-04 14:06:00+00:00,CGABL,19.920000076293945,19.920000076293945,19.920000076293945,19.920000076293945,19.920000076293945,250.0
2024-10-04 14:06:00+00:00,EOSEW,0.20999999344348907,0.20999999344348907,0.20999999344348907,0.20999999344348907,0.20999999344348907,0.0
2024-10-04 14:06:00+00:00,EVGOW,1.2699999809265137,1.2699999809265137,1.2699999809265137,1.2699999809265137,1.2699999809265137,1660.0
2024-10-04 14:06:00+00:00,RILYT,8.789999961853027,8.789999961853027,8.789999961853027,8.789999961853027,8.789999961853027,362.0
2024-10-04 14:06:00+00:00,TALKW,0.1306000053882599,0.1306000053882599,0.1324000060558319,0.12999999523162842,0.12999999523162842,55900.0
2024-10-04 14:06:00+00:00,TBLD,17.507099151611328,17.507099151611328,17.507099151611328,17.507099151611328,17.507099151611328,0.0
2024-10-04 14:07:00+00:00,EVGOW,1.2698999643325806,1.2698999643325806,1.2699999809265137,1.2698999643325806,1.2699999809265137,9237.0
2024-10-04 14:07:00+00:00,HOVNP,17.790000915527344,17.790000915527344,17.790000915527344,17.790000915527344,17.790000915527344,1159.0
2024-10-04 14:07:00+00:00,MVSTW,0.023000000044703484,0.023000000044703484,0.023000000044703484,0.023000000044703484,0.023000000044703484,3600.0
2024-10-04 14:07:00+00:00,TALKW,0.13379999995231628,0.13379999995231628,0.13689999282360077,0.12999999523162842,0.12999999523162842,106033.0
2024-10-04 14:07:00+00:00,TBLD,17.530399322509766,17.530399322509766,17.530399322509766,17.530399322509766,17.530399322509766,320.0
2024-10-04 14:08:00+00:00,HOVNP,17.799999237060547,17.799999237060547,17.799999237060547,17.799999237060547,17.799999237060547,228.0
2024-10-04 14:08:00+00:00,RILYZ,8.149999618530273,8.149999618530273,8.149999618530273,8.149999618530273,8.149999618530273,100.0
2024-10-04 14:08:00+00:00,TALKW,0.13379999995231628,0.13379999995231628,0.13379999995231628,0.13379999995231628,0.13379999995231628,5467.0
2024-10-04 14:08:00+00:00,TBLD,17.47010040283203,17.47010040283203,17.47010040283203,17.47010040283203,17.47010040283203,784.0
2024-10-04 14:09:00+00:00,GREEL,8.960000038146973,8.960000038146973,8.960000038146973,8.960000038146973,8.960000038146973,259.0
2024-10-04 14:09:00+00:00,LILMW,0.09969999641180038,0.09969999641180038,0.09969999641180038,0.09969999641180038,0.09969999641180038,6067.0
2024-10-04 14:10:00+00:00,ARQQW,0.07919999957084656,0.07919999957084656,0.07919999957084656,0.07800000160932541,0.07919999957084656,0.0
2024-10-04 14:10:00+00:00,ATNFW,0.007300000172108412,0.007300000172108412,0.007300000172108412,0.007300000172108412,0.007300000172108412,0.0
2024-10-04 14:10:00+00:00,GREEL,8.899999618530273,8.899999618530273,8.90999984741211,8.899999618530273,8.899999618530273,1450.0
2024-10-04 14:10:00+00:00,OXSQG,23.349899291992188,23.349899291992188,23.349899291992188,23.349899291992188,23.349899291992188,0.0
2024-10-04 14:11:00+00:00,CPZ,15.7475004196167,15.7475004196167,15.7475004196167,15.7475004196167,15.7475004196167,1232.0
2024-10-04 14:11:00+00:00,MVSTW,0.023000000044703484,0.023000000044703484,0.023000000044703484,0.023000000044703484,0.023000000044703484,0.0
2024-10-04 14:12:00+00:00,EVGOW,1.3000999689102173,1.3000999689102173,1.3799999952316284,1.2699999809265137,1.2699999809265137,10810.0
2024-10-04 14:12:00+00:00,MAPSW,0.02419999986886978,0.02419999986886978,0.02419999986886978,0.02419999986886978,0.02419999986886978,1500.0
2024-10-04 14:12:00+00:00,RILYT,8.760000228881836,8.760000228881836,8.760000228881836,8.760000228881836,8.760000228881836,922.0
2024-10-04 14:12:00+00:00,RILYZ,8.100000381469727,8.100000381469727,8.100000381469727,8.100000381469727,8.100000381469727,2210.0
2024-10-04 14:13:00+00:00,EVGOW,1.3200000524520874,1.3200000524520874,1.3600000143051147,1.2899999618530273,1.3600000143051147,2312.0
2024-10-04 14:13:00+00:00,MVSTW,0.023000000044703484,0.023000000044703484,0.023000000044703484,0.023000000044703484,0.023000000044703484,1900.0
2024-10-04 14:13:00+00:00,RILYZ,8.100000381469727,8.100000381469727,8.100000381469727,8.100000381469727,8.100000381469727,400.0
2024-10-04 14:14:00+00:00,ARBKL,10.0,10.0,10.100000381469727,10.0,10.100000381469727,4540.0
2024-10-04 14:14:00+00:00,CGABL,19.920000076293945,19.920000076293945,19.920000076293945,19.920000076293945,19.920000076293945,500.0
2024-10-04 14:14:00+00:00,CPZ,15.791299819946289,15.791299819946289,15.791299819946289,15.791299819946289,15.791299819946289,0.0
2024-10-04 14:14:00+00:00,EVGOW,1.2899999618530273,1.2899999618530273,1.3200000524520874,1.2899999618530273,1.3200000524520874,2737.0
2024-10-04 14:14:00+00:00,MVSTW,0.023000000044703484,0.023000000044703484,0.023000000044703484,0.023000000044703484,0.023000000044703484,0.0
2024-10-04 14:14:00+00:00,RILYZ,8.09000015258789,8.09000015258789,8.09000015258789,8.09000015258789,8.09000015258789,8.0
2024-10-04 14:15:00+00:00,ARBKL,10.0,10.0,10.010000228881836,10.0,10.010000228881836,3315.0
2024-10-04 14:15:00+00:00,CGABL,19.889999389648438,19.889999389648438,19.889999389648438,19.889999389648438,19.889999389648438,314.0
2024-10-04 14:15:00+00:00,EVGOW,1.287500023841858,1.287500023841858,1.287500023841858,1.287500023841858,1.287500023841858,400.0
2024-10-04 14:15:00+00:00,INVZW,0.11029999703168869,0.11029999703168869,0.11999999731779099,0.11029999703168869,0.11999999731779099,1440.0
2024-10-04 14:15:00+00:00,RILYZ,8.039999961853027,8.039999961853027,8.050000190734863,8.039999961853027,8.050000190734863,622.0
2024-10-04 14:16:00+00:00,CPZ,15.791899681091309,15.791899681091309,15.791899681091309,15.791899681091309,15.791899681091309,315.0
2024-10-04 14:16:00+00:00,EVGOW,1.26010000705719,1.26010000705719,1.26010000705719,1.26010000705719,1.26010000705719,1800.0
2024-10-04 14:16:00+00:00,HWCPZ,25.3799991607666,25.3799991607666,25.40999984741211,25.3799991607666,25.40999984741211,300.0
2024-10-04 14:16:00+00:00,LILMW,0.09939999878406525,0.09939999878406525,0.09939999878406525,0.09939999878406525,0.09939999878406525,2400.0
2024-10-04 14:16:00+00:00,RILYT,8.720000267028809,8.720000267028809,8.720000267028809,8.720000267028809,8.720000267028809,1361.0
2024-10-04 14:17:00+00:00,GECCM,25.040000915527344,25.040000915527344,25.040000915527344,25.040000915527344,25.040000915527344,457.0
2024-10-04 14:18:00+00:00,RILYZ,8.039999961853027,8.039999961853027,8.039999961853027,8.039999961853027,8.039999961853027,930.0
2024-10-04 14:19:00+00:00,DTSTW,0.5600000023841858,0.5600000023841858,0.5600000023841858,0.5600000023841858,0.5600000023841858,8368.0
2024-10-04 14:19:00+00:00,HTZWW,2.1500000953674316,2.1500000953674316,2.1500000953674316,2.1500000953674316,2.1500000953674316,64.0
2024-10-04 14:20:00+00:00,EVGOW,1.3200000524520874,1.3200000524520874,1.3200000524520874,1.3200000524520874,1.3200000524520874,1548.0
2024-10-04 14:21:00+00:00,CGABL,19.889999389648438,19.889999389648438,19.889999389648438,19.889999389648438,19.889999389648438,480.0
2024-10-04 14:21:00+00:00,RILYZ,8.039999961853027,8.039999961853027,8.039999961853027,8.039999961853027,8.039999961853027,139.0
2024-10-04 14:23:00+00:00,RILYN,11.451800346374512,11.451800346374512,11.451800346374512,11.451800346374512,11.451800346374512,349.0
2024-10-04 14:23:00+00:00,RILYZ,8.069999694824219,8.069999694824219,8.069999694824219,8.069999694824219,8.069999694824219,300.0
2024-10-04 14:23:00+00:00,TBLAW,0.10999999940395355,0.10999999940395355,0.10999999940395355,0.10999999940395355,0.10999999940395355,4202.0
2024-10-04 14:24:00+00:00,CRESW,0.5400000214576721,0.5400000214576721,0.5400000214576721,0.5400000214576721,0.5400000214576721,2110.0
2024-10-04 14:24:00+00:00,EVGOW,1.277899980545044,1.277899980545044,1.277899980545044,1.277899980545044,1.277899980545044,6000.0
2024-10-04 14:24:00+00:00,RILYK,16.59000015258789,16.59000015258789,16.59000015258789,16.59000015258789,16.59000015258789,370.0
2024-10-04 14:24:00+00:00,RILYM,21.040000915527344,21.040000915527344,21.049999237060547,21.010000228881836,21.010000228881836,921.0
2024-10-04 14:24:00+00:00,RILYZ,8.069999694824219,8.069999694824219,8.079999923706055,8.069999694824219,8.079999923706055,503.0
2024-10-04 14:25:00+00:00,CPZ,15.770000457763672,15.770000457763672,15.770000457763672,15.770000457763672,15.770000457763672,7189.0
2024-10-04 14:25:00+00:00,HWCPZ,25.3799991607666,25.3799991607666,25.40999984741211,25.3799991607666,25.40999984741211,341.0
2024-10-04 14:25:00+00:00,RILYM,20.989999771118164,20.989999771118164,20.989999771118164,20.989999771118164,20.989999771118164,79.0
2024-10-04 14:25:00+00:00,RILYN,11.329999923706055,11.329999923706055,11.329999923706055,11.329999923706055,11.329999923706055,272.0
2024-10-04 14:25:00+00:00,RILYZ,8.140000343322754,8.140000343322754,8.140000343322754,8.140000343322754,8.140000343322754,325.0
2024-10-04 14:26:00+00:00,CGABL,19.889999389648438,19.889999389648438,19.889999389648438,19.889999389648438,19.889999389648438,134.0
2024-10-04 14:26:00+00:00,CRESW,0.5501000285148621,0.5501000285148621,0.5543000102043152,0.5501000285148621,0.5543000102043152,1968.0
2024-10-04 14:26:00+00:00,TALKW,0.12999999523162842,0.12999999523162842,0.12999999523162842,0.12999999523162842,0.12999999523162842,5716.0
2024-10-04 14:27:00+00:00,CIFRW,1.1301000118255615,1.1301000118255615,1.1301000118255615,1.1299999952316284,1.1299999952316284,497.0
2024-10-04 14:27:00+00:00,EVGOW,1.2700999975204468,1.2700999975204468,1.2700999975204468,1.2699999809265137,1.2699999809265137,0.0
2024-10-04 14:27:00+00:00,FFIEW,0.024000000208616257,0.024000000208616257,0.024000000208616257,0.024000000208616257,0.024000000208616257,1840.0
2024-10-04 14:28:00+00:00,FFIEW,0.024000000208616257,0.024000000208616257,0.024000000208616257,0.024000000208616257,0.024000000208616257,5759.0
2024-10-04 14:28:00+00:00,RILYG,10.819999694824219,10.819999694824219,10.819999694824219,10.819999694824219,10.819999694824219,362.0
2024-10-04 14:30:00+00:00,CGABL,19.889999389648438,19.889999389648438,19.889999389648438,19.889999389648438,19.889999389648438,608.0
2024-10-04 14:31:00+00:00,RILYK,16.649999618530273,16.649999618530273,16.649999618530273,16.649999618530273,16.649999618530273,668.0
2024-10-04 14:31:00+00:00,TBLAW,0.10109999775886536,0.10109999775886536,0.10109999775886536,0.10109999775886536,0.10109999775886536,1400.0
2024-10-04 14:32:00+00:00,ADVWW,0.048900000751018524,0.048900000751018524,0.048900000751018524,0.048900000751018524,0.048900000751018524,0.0
2024-10-04 14:32:00+00:00,EVGOW,1.2999000549316406,1.2999000549316406,1.2999000549316406,1.2999000549316406,1.2999000549316406,1712.0
2024-10-04 14:32:00+00:00,RILYK,16.649999618530273,16.649999618530273,16.8799991607666,16.649999618530273,16.729999542236328,400.0
2024-10-04 14:32:00+00:00,XOSWW,0.028999999165534973,0.028999999165534973,0.028999999165534973,0.028999999165534973,0.028999999165534973,9600.0
2024-10-04 14:33:00+00:00,DHCNL,17.329999923706055,17.329999923706055,17.329999923706055,17.329999923706055,17.329999923706055,89.0
2024-10-04 14:33:00+00:00,RILYK,16.700000762939453,16.700000762939453,16.829999923706055,16.700000762939453,16.729999542236328,305.0
2024-10-04 14:34:00+00:00,LIDRW,0.006599999964237213,0.006599999964237213,0.006599999964237213,0.006599999964237213,0.006599999964237213,0.0
2024-10-04 14:34:00+00:00,ORGNW,0.1054999977350235,0.1054999977350235,0.1054999977350235,0.1054999977350235,0.1054999977350235,10600.0
2024-10-04 14:34:00+00:00,RILYT,8.800000190734863,8.800000190734863,8.800000190734863,8.760000228881836,8.760000228881836,300.0
2024-10-04 14:34:00+00:00,SNCRL,24.959999084472656,24.959999084472656,24.959999084472656,24.899999618530273,24.899999618530273,1071.0
2024-10-04 14:35:00+00:00,RILYM,21.100000381469727,21.100000381469727,21.100000381469727,21.100000381469727,21.100000381469727,80.0
2024-10-04 14:35:00+00:00,RILYT,8.789999961853027,8.789999961853027,8.789999961853027,8.760000228881836,8.760000228881836,200.0
2024-10-04 14:36:00+00:00,EVGOW,1.2799999713897705,1.2799999713897705,1.2799999713897705,1.2799999713897705,1.2799999713897705,0.0
2024-10-04 14:36:00+00:00,IMAQR,0.05000000074505806,0.05000000074505806,0.05000000074505806,0.05000000074505806,0.05000000074505806,0.0
2024-10-04 14:37:00+00:00,CGABL,19.899999618530273,19.899999618530273,19.899999618530273,19.899999618530273,19.899999618530273,260.0
2024-10-04 14:37:00+00:00,RILYK,16.65999984741211,16.65999984741211,16.65999984741211,16.65999984741211,16.65999984741211,1011.0
2024-10-04 14:37:00+00:00,TMCWW,0.05999999865889549,0.05999999865889549,0.07490000128746033,0.05999999865889549,0.07490000128746033,1318.0
2024-10-04 14:38:00+00:00,ARBKL,9.859999656677246,9.859999656677246,10.0,9.859999656677246,10.0,1000.0
2024-10-04 14:38:00+00:00,EVGOW,1.2700999975204468,1.2700999975204468,1.2700999975204468,1.2699999809265137,1.2699999809265137,3000.0
2024-10-04 14:38:00+00:00,TBLD,17.5,17.5,17.5,17.488800048828125,17.488800048828125,771.0
2024-10-04 14:39:00+00:00,CGABL,19.889999389648438,19.889999389648438,19.889999389648438,19.889999389648438,19.889999389648438,500.0
2024-10-04 14:39:00+00:00,EVGOW,1.2799999713897705,1.2799999713897705,1.2799999713897705,1.2799999713897705,1.2799999713897705,0.0
2024-10-04 14:40:00+00:00,TBLD,17.539899826049805,17.539899826049805,17.539899826049805,17.5,17.5,2929.0
2024-10-04 14:41:00+00:00,TBLD,17.5,17.5,17.5,17.5,17.5,410.0
2024-10-04 14:42:00+00:00,CGABL,19.915199279785156,19.915199279785156,19.915199279785156,19.915199279785156,19.915199279785156,1644.0
2024-10-04 14:42:00+00:00,GOVXW,0.15680000185966492,0.15680000185966492,0.15800000727176666,0.15559999644756317,0.15790000557899475,2216.0
2024-10-04 14:42:00+00:00,HUMAW,1.899899959564209,1.899899959564209,1.899999976158142,1.899899959564209,1.899999976158142,300.0
2024-10-04 14:42:00+00:00,HWCPZ,25.3799991607666,25.3799991607666,25.399999618530273,25.3799991607666,25.399999618530273,304.0
2024-10-04 14:42:00+00:00,ORGNW,0.10559999942779541,0.10559999942779541,0.10559999942779541,0.10559999942779541,0.10559999942779541,0.0
2024-10-04 14:42:00+00:00,RILYT,8.789999961853027,8.789999961853027,8.800000190734863,8.789999961853027,8.800000190734863,1663.0
2024-10-04 14:43:00+00:00,ADNWW,0.008500000461935997,0.008500000461935997,0.008500000461935997,0.008500000461935997,0.008500000461935997,41402.0
2024-10-04 14:44:00+00:00,AGBAW,0.18490000069141388,0.18490000069141388,0.19709999859333038,0.1842000037431717,0.18850000202655792,8546.0
2024-10-04 14:44:00+00:00,MVSTW,0.02290000021457672,0.02290000021457672,0.02290000021457672,0.02290000021457672,0.02290000021457672,5550.0
2024-10-04 14:44:00+00:00,ORGNW,0.10559999942779541,0.10559999942779541,0.10559999942779541,0.1054999977350235,0.1054999977350235,1022.0
2024-10-04 14:44:00+00:00,RILYT,8.789999961853027,8.789999961853027,8.789999961853027,8.789999961853027,8.789999961853027,202.0
2024-10-04 14:45:00+00:00,EVGOW,1.2699999809265137,1.2699999809265137,1.2699999809265137,1.2699999809265137,1.2699999809265137,101.0
2024-10-04 14:45:00+00:00,PCTTW,2.9200000762939453,2.9200000762939453,2.940000057220459,2.9200000762939453,2.940000057220459,675.0
2024-10-04 14:45:00+00:00,RILYK,16.649999618530273,16.649999618530273,16.690000534057617,16.649999618530273,16.68000030517578,1601.0
2024-10-04 14:45:00+00:00,RILYT,8.789999961853027,8.789999961853027,8.789999961853027,8.789999961853027,8.789999961853027,221.0
2024-10-04 14:45:00+00:00,RILYZ,8.15999984741211,8.15999984741211,8.15999984741211,8.15999984741211,8.15999984741211,200.0
2024-10-04 14:46:00+00:00,LILMW,0.09920000284910202,0.09920000284910202,0.09969999641180038,0.09920000284910202,0.09969999641180038,5900.0
2024-10-04 14:46:00+00:00,RILYN,11.420000076293945,11.420000076293945,11.420000076293945,11.420000076293945,11.420000076293945,200.0
2024-10-04 14:46:00+00:00,SNCRL,24.850000381469727,24.850000381469727,24.850000381469727,24.850000381469727,24.850000381469727,808.0
2024-10-04 14:47:00+00:00,LILMW,0.09989999979734421,0.09989999979734421,0.09989999979734421,0.09969999641180038,0.09969999641180038,290.0
2024-10-04 14:47:00+00:00,SNCRL,24.84000015258789,24.84000015258789,24.84000015258789,24.84000015258789,24.84000015258789,152.0
2024-10-04 14:47:00+00:00,TBLD,17.52400016784668,17.52400016784668,17.52400016784668,17.52400016784668,17.52400016784668,760.0
2024-10-04 14:48:00+00:00,OPINL,14.329999923706055,14.329999923706055,14.329999923706055,14.329999923706055,14.329999923706055,104.0
2024-10-04 14:48:00+00:00,TBLD,17.520000457763672,17.520000457763672,17.520000457763672,17.520000457763672,17.520000457763672,2552.0
2024-10-04 14:49:00+00:00,RILYT,8.729999542236328,8.729999542236328,8.789999961853027,8.729999542236328,8.789999961853027,2500.0
2024-10-04 14:49:00+00:00,TBLD,17.500099182128906,17.500099182128906,17.520000457763672,17.500099182128906,17.520000457763672,2850.0
2024-10-04 14:50:00+00:00,AVPTW,2.700000047683716,2.700000047683716,2.700000047683716,2.700000047683716,2.700000047683716,400.0
2024-10-04 14:50:00+00:00,EVGOW,1.2599999904632568,1.2599999904632568,1.2599999904632568,1.2599999904632568,1.2599999904632568,1792.0
2024-10-04 14:50:00+00:00,HWCPZ,25.424999237060547,25.424999237060547,25.424999237060547,25.424999237060547,25.424999237060547,314.0
2024-10-04 14:50:00+00:00,OPINL,14.34000015258789,14.34000015258789,14.34000015258789,14.34000015258789,14.34000015258789,268.0
2024-10-04 14:50:00+00:00,RILYK,16.84000015258789,16.84000015258789,16.84000015258789,16.81999969482422,16.81999969482422,205.0
2024-10-04 14:50:00+00:00,RILYM,20.994600296020508,20.994600296020508,20.994600296020508,20.994600296020508,20.994600296020508,303.0
2024-10-04 14:50:00+00:00,RILYT,8.729999542236328,8.729999542236328,8.729999542236328,8.729999542236328,8.729999542236328,700.0
2024-10-04 14:50:00+00:00,RILYZ,8.147600173950195,8.147600173950195,8.147600173950195,8.147500038146973,8.147500038146973,4877.0
2024-10-04 14:50:00+00:00,TBLD,17.520000457763672,17.520000457763672,17.520000457763672,17.520000457763672,17.520000457763672,0.0
2024-10-04 14:51:00+00:00,HOVNP,17.798500061035156,17.798500061035156,17.798500061035156,17.798500061035156,17.798500061035156,300.0
2024-10-04 14:51:00+00:00,OXSQZ,24.835100173950195,24.835100173950195,24.835100173950195,24.835100173950195,24.835100173950195,0.0
2024-10-04 14:51:00+00:00,RILYM,21.100000381469727,21.100000381469727,21.100000381469727,21.040000915527344,21.040000915527344,1554.0
2024-10-04 14:51:00+00:00,RILYN,11.430000305175781,11.430000305175781,11.430000305175781,11.430000305175781,11.430000305175781,620.0
2024-10-04 14:52:00+00:00,RILYM,21.100000381469727,21.100000381469727,21.100000381469727,21.100000381469727,21.100000381469727,1000.0
2024-10-04 14:52:00+00:00,RILYT,8.765000343322754,8.765000343322754,8.765000343322754,8.765000343322754,8.765000343322754,45.0
2024-10-04 14:52:00+00:00,TBLD,17.520000457763672,17.520000457763672,17.520000457763672,17.520000457763672,17.520000457763672,335.0
2024-10-04 14:53:00+00:00,ARBKL,9.89009952545166,9.89009952545166,9.89009952545166,9.890000343322754,9.890000343322754,570.0
2024-10-04 14:53:00+00:00,EVGOW,1.2599999904632568,1.2599999904632568,1.2599999904632568,1.2549999952316284,1.2549999952316284,7206.0
2024-10-04 14:53:00+00:00,GOEVW,0.03610000014305115,0.03610000014305115,0.03610000014305115,0.03610000014305115,0.03610000014305115,1025.0
2024-10-04 14:54:00+00:00,AVPTW,2.700000047683716,2.700000047683716,2.700000047683716,2.700000047683716,2.700000047683716,0.0
2024-10-04 14:54:00+00:00,EVGOW,1.2300000190734863,1.2300000190734863,1.2300000190734863,1.2300000190734863,1.2300000190734863,2324.0
2024-10-04 14:54:00+00:00,LIDRW,0.0066999997943639755,0.0066999997943639755,0.0066999997943639755,0.0066999997943639755,0.0066999997943639755,481.0
2024-10-04 14:55:00+00:00,CGABL,19.84000015258789,19.84000015258789,19.84000015258789,19.84000015258789,19.84000015258789,1043.0
2024-10-04 14:55:00+00:00,DATSW,0.0494999997317791,0.0494999997317791,0.0494999997317791,0.0494999997317791,0.0494999997317791,0.0
2024-10-04 14:55:00+00:00,EVGOW,1.2300000190734863,1.2300000190734863,1.2300000190734863,1.2300000190734863,1.2300000190734863,1199.0
2024-10-04 14:55:00+00:00,OPINL,14.34000015258789,14.34000015258789,14.34000015258789,14.34000015258789,14.34000015258789,1210.0
2024-10-04 14:55:00+00:00,RILYG,10.710000038146973,10.710000038146973,10.710000038146973,10.710000038146973,10.710000038146973,600.0
2024-10-04 14:55:00+00:00,RILYM,21.020000457763672,21.020000457763672,21.049999237060547,21.0,21.040000915527344,10361.0
2024-10-04 14:55:00+00:00,TBLAW,0.09600000083446503,0.09600000083446503,0.10100000351667404,0.09600000083446503,0.10100000351667404,2555.0
2024-10-04 14:56:00+00:00,DHCNI,16.600000381469727,16.600000381469727,16.600000381469727,16.5,16.5,242112.0
2024-10-04 14:56:00+00:00,EVGOW,1.2100000381469727,1.2100000381469727,1.2200000286102295,1.2100000381469727,1.2200000286102295,2724.0
2024-10-04 14:56:00+00:00,RILYM,20.950000762939453,20.950000762939453,21.0,20.950000762939453,20.989999771118164,8849.0
2024-10-04 14:56:00+00:00,RILYT,8.779999732971191,8.779999732971191,8.80739974975586,8.779999732971191,8.779999732971191,1053.0
2024-10-04 14:58:00+00:00,HOVNP,17.770000457763672,17.770000457763672,17.780000686645508,17.770000457763672,17.780000686645508,2182.0
2024-10-04 14:58:00+00:00,TALKW,0.12020000070333481,0.12020000070333481,0.12020000070333481,0.10750000178813934,0.10750000178813934,883.0
2024-10-04 14:59:00+00:00,BLDEW,0.24729999899864197,0.24729999899864197,0.24729999899864197,0.24729999899864197,0.24729999899864197,1000.0
2024-10-04 14:59:00+00:00,EVGOW,1.2200000286102295,1.2200000286102295,1.2200000286102295,1.2200000286102295,1.2200000286102295,165.0
2024-10-04 14:59:00+00:00,HWCPZ,25.424999237060547,25.424999237060547,25.424999237060547,25.424999237060547,25.424999237060547,300.0
2024-10-04 14:59:00+00:00,INBKZ,25.200000762939453,25.200000762939453,25.200000762939453,25.200000762939453,25.200000762939453,0.0
2024-10-04 14:59:00+00:00,OXLCZ,23.600000381469727,23.600000381469727,23.600000381469727,23.600000381469727,23.600000381469727,500.0
2024-10-04 14:59:00+00:00,RILYK,16.690000534057617,16.690000534057617,16.690000534057617,16.690000534057617,16.690000534057617,63.0
2024-10-04 14:59:00+00:00,TBLD,17.5,17.5,17.5,17.5,17.5,2060.0
2024-10-04 15:00:00+00:00,CGABL,19.850000381469727,19.850000381469727,19.850000381469727,19.850000381469727,19.850000381469727,1452.0
2024-10-04 15:00:00+00:00,EVGOW,1.2000000476837158,1.2000000476837158,1.2101000547409058,1.2000000476837158,1.2101000547409058,1418.0
2024-10-04 15:00:00+00:00,HNNAZ,24.299999237060547,24.299999237060547,24.299999237060547,24.299999237060547,24.299999237060547,0.0
2024-10-04 15:00:00+00:00,ORGNW,0.10559999942779541,0.10559999942779541,0.10559999942779541,0.1054999977350235,0.1054999977350235,1000.0
2024-10-04 15:00:00+00:00,RILYM,21.0,21.0,21.0,21.0,21.0,190.0
2024-10-04 15:00:00+00:00,RILYT,8.84939956665039,8.84939956665039,8.850000381469727,8.84939956665039,8.850000381469727,1208.0
2024-10-04 15:00:00+00:00,RILYZ,8.140000343322754,8.140000343322754,8.140000343322754,8.140000343322754,8.140000343322754,1222.0
2024-10-04 15:00:00+00:00,TBLD,17.489999771118164,17.489999771118164,17.489999771118164,17.489999771118164,17.489999771118164,0.0
2024-10-04 15:01:00+00:00,EVGOW,1.2000000476837158,1.2000000476837158,1.2000000476837158,1.1699999570846558,1.1950000524520874,3185.0
2024-10-04 15:01:00+00:00,RILYM,20.899999618530273,20.899999618530273,20.9552001953125,20.899999618530273,20.9552001953125,4612.0
2024-10-04 15:01:00+00:00,TBLD,17.46660041809082,17.46660041809082,17.489999771118164,17.46660041809082,17.489999771118164,2002.0
2024-10-04 15:02:00+00:00,DBGIW,11.640000343322754,11.640000343322754,12.520000457763672,11.640000343322754,12.520000457763672,0.0
2024-10-04 15:02:00+00:00,GOVXW,0.13429999351501465,0.13429999351501465,0.13429999351501465,0.13429999351501465,0.13429999351501465,4907.0
2024-10-04 15:02:00+00:00,RILYM,20.899999618530273,20.899999618530273,20.899999618530273,20.899999618530273,20.899999618530273,300.0
2024-10-04 15:03:00+00:00,OPINL,14.34000015258789,14.34000015258789,14.34000015258789,14.34000015258789,14.34000015258789,357.0
2024-10-04 15:04:00+00:00,HTZWW,2.140000104904175,2.140000104904175,2.140000104904175,2.140000104904175,2.140000104904175,444.0
2024-10-04 15:04:00+00:00,JSM,20.720500946044922,20.720500946044922,20.720500946044922,20.720500946044922,20.720500946044922,855.0
2024-10-04 15:04:00+00:00,OPINL,14.34000015258789,14.34000015258789,14.34000015258789,14.34000015258789,14.34000015258789,400.0
2024-10-04 15:04:00+00:00,RILYK,16.850000381469727,16.850000381469727,16.850000381469727,16.65999984741211,16.700000762939453,1513.0
2024-10-04 15:04:00+00:00,RILYM,20.899999618530273,20.899999618530273,20.899999618530273,20.899999618530273,20.899999618530273,924.0
2024-10-04 15:04:00+00:00,TBLD,17.519899368286133,17.519899368286133,17.519899368286133,17.519899368286133,17.519899368286133,0.0
2024-10-04 15:05:00+00:00,HNNAZ,24.299999237060547,24.299999237060547,24.299999237060547,24.299999237060547,24.299999237060547,286.0
2024-10-04 15:05:00+00:00,JSM,20.6200008392334,20.6200008392334,20.6200008392334,20.6200008392334,20.6200008392334,415.0
2024-10-04 15:05:00+00:00,RILYM,20.860000610351562,20.860000610351562,20.899999618530273,20.860000610351562,20.874000549316406,2159.0
2024-10-04 15:06:00+00:00,EVGOW,1.2300000190734863,1.2300000190734863,1.2300000190734863,1.2105000019073486,1.2200000286102295,3891.0
2024-10-04 15:06:00+00:00,HWCPZ,25.452499389648438,25.452499389648438,25.452499389648438,25.452499389648438,25.452499389648438,300.0
2024-10-04 15:06:00+00:00,OPINL,14.3100004196167,14.3100004196167,14.329999923706055,14.3100004196167,14.329999923706055,5322.0
2024-10-04 15:07:00+00:00,ARBKL,10.050000190734863,10.050000190734863,10.050000190734863,10.050000190734863,10.050000190734863,10.0
2024-10-04 15:07:00+00:00,EVGOW,1.2400000095367432,1.2400000095367432,1.2400000095367432,1.2100000381469727,1.2200000286102295,1125.0
2024-10-04 15:07:00+00:00,HWCPZ,25.424999237060547,25.424999237060547,25.424999237060547,25.424999237060547,25.424999237060547,0.0
2024-10-04 15:07:00+00:00,RILYM,20.909400939941406,20.909400939941406,20.909400939941406,20.909400939941406,20.909400939941406,106.0
2024-10-04 15:07:00+00:00,RILYZ,8.110600471496582,8.110600471496582,8.130000114440918,8.110600471496582,8.130000114440918,1405.0
2024-10-04 15:08:00+00:00,OPINL,14.300000190734863,14.300000190734863,14.3100004196167,14.289999961853027,14.3100004196167,4959.0
2024-10-04 15:08:00+00:00,TBLD,17.459999084472656,17.459999084472656,17.459999084472656,17.459999084472656,17.459999084472656,6.0
2024-10-04 15:10:00+00:00,DTSTW,0.5,0.5,0.5,0.5,0.5,265.0
2024-10-04 15:10:00+00:00,HNNAZ,24.299999237060547,24.299999237060547,24.299999237060547,24.299999237060547,24.299999237060547,483.0
2024-10-04 15:10:00+00:00,TBLD,17.459999084472656,17.459999084472656,17.459999084472656,17.459999084472656,17.459999084472656,400.0
2024-10-04 15:11:00+00:00,ARBKL,10.117300033569336,10.117300033569336,10.117300033569336,10.117300033569336,10.117300033569336,158.0
2024-10-04 15:11:00+00:00,EVGOW,1.2280999422073364,1.2280999422073364,1.2280999422073364,1.2280999422073364,1.2280999422073364,7636.0
2024-10-04 15:11:00+00:00,HWCPZ,25.424999237060547,25.424999237060547,25.424999237060547,25.424999237060547,25.424999237060547,232.0
2024-10-04 15:11:00+00:00,RILYG,10.529999732971191,10.529999732971191,10.529999732971191,10.529999732971191,10.529999732971191,1364.0
2024-10-04 15:11:00+00:00,RILYN,11.489999771118164,11.489999771118164,11.489999771118164,11.489999771118164,11.489999771118164,300.0
2024-10-04 15:11:00+00:00,RILYZ,8.09000015258789,8.09000015258789,8.130000114440918,8.074999809265137,8.130000114440918,1073.0
2024-10-04 15:11:00+00:00,SNCRL,24.920000076293945,24.920000076293945,24.920000076293945,24.899999618530273,24.899999618530273,339.0
2024-10-04 15:11:00+00:00,TBLD,17.475000381469727,17.475000381469727,17.475000381469727,17.460100173950195,17.460100173950195,1902.0
2024-10-04 15:12:00+00:00,ATNFW,0.007899999618530273,0.007899999618530273,0.007899999618530273,0.007899999618530273,0.007899999618530273,0.0
2024-10-04 15:12:00+00:00,CPZ,15.746299743652344,15.746299743652344,15.746299743652344,15.746299743652344,15.746299743652344,200.0
2024-10-04 15:12:00+00:00,HOVNP,17.75,17.75,17.75,17.75,17.75,2008.0
2024-10-04 15:12:00+00:00,RILYN,11.384699821472168,11.384699821472168,11.5802001953125,11.384699821472168,11.489999771118164,1526.0
2024-10-04 15:12:00+00:00,RILYZ,8.074999809265137,8.074999809265137,8.074999809265137,8.074999809265137,8.074999809265137,2683.0
2024-10-04 15:13:00+00:00,CGABL,19.84000015258789,19.84000015258789,19.84000015258789,19.84000015258789,19.84000015258789,193.0
2024-10-04 15:13:00+00:00,EVGOW,1.2000000476837158,1.2000000476837158,1.2200000286102295,1.2000000476837158,1.2200000286102295,1454.0
2024-10-04 15:13:00+00:00,IMAQR,0.05000000074505806,0.05000000074505806,0.05000000074505806,0.05000000074505806,0.05000000074505806,199.0
2024-10-04 15:13:00+00:00,RILYG,10.703399658203125,10.703399658203125,10.789999961853027,10.703399658203125,10.789999961853027,560.0
2024-10-04 15:13:00+00:00,RILYM,20.981599807739258,20.981599807739258,20.981599807739258,20.981599807739258,20.981599807739258,228.0
2024-10-04 15:13:00+00:00,RILYN,11.491999626159668,11.491999626159668,11.491999626159668,11.491999626159668,11.491999626159668,174.0
2024-10-04 15:13:00+00:00,SNAXW,0.006500000134110451,0.006500000134110451,0.006599999964237213,0.006500000134110451,0.006599999964237213,600.0
2024-10-04 15:14:00+00:00,ARBKL,10.149999618530273,10.149999618530273,10.149999618530273,10.149999618530273,10.149999618530273,871.0
2024-10-04 15:14:00+00:00,BROGW,0.0017000000225380063,0.0017000000225380063,0.0017000000225380063,0.0017000000225380063,0.0017000000225380063,0.0
2024-10-04 15:14:00+00:00,EVGOW,1.2000000476837158,1.2000000476837158,1.2000000476837158,1.2000000476837158,1.2000000476837158,0.0
2024-10-04 15:14:00+00:00,HOVNP,17.790000915527344,17.790000915527344,17.790000915527344,17.790000915527344,17.790000915527344,100.0
2024-10-04 15:14:00+00:00,MAPSW,0.019899999722838402,0.019899999722838402,0.019899999722838402,0.019899999722838402,0.019899999722838402,11075.0
2024-10-04 15:14:00+00:00,RILYN,11.600000381469727,11.600000381469727,11.600000381469727,11.386799812316895,11.59000015258789,712.0
2024-10-04 15:14:00+00:00,RILYZ,8.039999961853027,8.039999961853027,8.039999961853027,8.039999961853027,8.039999961853027,842.0
2024-10-04 15:16:00+00:00,HWCPZ,25.3799991607666,25.3799991607666,25.3799991607666,25.3799991607666,25.3799991607666,200.0
2024-10-04 15:16:00+00:00,INVZW,0.1599999964237213,0.1599999964237213,0.1599999964237213,0.1599999964237213,0.1599999964237213,750.0
2024-10-04 15:17:00+00:00,BCTXW,0.298799991607666,0.298799991607666,0.3100000023841858,0.298799991607666,0.298799991607666,0.0
2024-10-04 15:17:00+00:00,TMCWW,0.07490000128746033,0.07490000128746033,0.07490000128746033,0.07490000128746033,0.07490000128746033,1167.0
2024-10-04 15:18:00+00:00,CGABL,19.809999465942383,19.809999465942383,19.809999465942383,19.809999465942383,19.809999465942383,591.0
2024-10-04 15:18:00+00:00,RILYZ,8.079999923706055,8.079999923706055,8.100000381469727,8.079999923706055,8.100000381469727,317.0
2024-10-04 15:18:00+00:00,TBLD,17.475000381469727,17.475000381469727,17.475000381469727,17.475000381469727,17.475000381469727,136.0
2024-10-04 15:19:00+00:00,HWCPZ,25.3799991607666,25.3799991607666,25.3799991607666,25.3799991607666,25.3799991607666,133.0
2024-10-04 15:19:00+00:00,VSSYW,0.05490000173449516,0.05490000173449516,0.05490000173449516,0.05490000173449516,0.05490000173449516,0.0
2024-10-04 15:20:00+00:00,RILYM,20.959999084472656,20.959999084472656,20.959999084472656,20.950000762939453,20.950000762939453,450.0
2024-10-04 15:20:00+00:00,RILYN,11.390000343322754,11.390000343322754,11.390000343322754,11.390000343322754,11.390000343322754,0.0
2024-10-04 15:20:00+00:00,SNAXW,0.005900000222027302,0.005900000222027302,0.005900000222027302,0.005900000222027302,0.005900000222027302,81218.0
2024-10-04 15:21:00+00:00,ARBKL,9.89009952545166,9.89009952545166,9.89009952545166,9.89009952545166,9.89009952545166,1221.0
2024-10-04 15:21:00+00:00,HROWL,25.649999618530273,25.649999618530273,25.649999618530273,25.649999618530273,25.649999618530273,101.0
2024-10-04 15:21:00+00:00,HTZWW,2.1305999755859375,2.1305999755859375,2.1305999755859375,2.1305999755859375,2.1305999755859375,516.0
2024-10-04 15:22:00+00:00,CGABL,19.809999465942383,19.809999465942383,19.809999465942383,19.809999465942383,19.809999465942383,512.0
2024-10-04 15:22:00+00:00,RILYM,20.989999771118164,20.989999771118164,20.989999771118164,20.989999771118164,20.989999771118164,300.0
2024-10-04 15:23:00+00:00,CPZ,15.765000343322754,15.765000343322754,15.765000343322754,15.765000343322754,15.765000343322754,275.0
2024-10-04 15:23:00+00:00,EVGOW,1.190000057220459,1.190000057220459,1.190000057220459,1.190000057220459,1.190000057220459,4892.0
2024-10-04 15:23:00+00:00,GREEL,8.890000343322754,8.890000343322754,8.890000343322754,8.890000343322754,8.890000343322754,1400.0
2024-10-04 15:23:00+00:00,HOVNP,17.797199249267578,17.797199249267578,17.797199249267578,17.797199249267578,17.797199249267578,472.0
2024-10-04 15:23:00+00:00,HTZWW,2.130000114440918,2.130000114440918,2.130000114440918,2.130000114440918,2.130000114440918,3804.0
2024-10-04 15:23:00+00:00,RILYM,21.0,21.0,21.0,21.0,21.0,1517.0
2024-10-04 15:23:00+00:00,RILYT,8.850000381469727,8.850000381469727,8.850000381469727,8.819999694824219,8.819999694824219,834.0
2024-10-04 15:24:00+00:00,EVGOW,1.190000057220459,1.190000057220459,1.190000057220459,1.1894999742507935,1.190000057220459,1011.0
2024-10-04 15:24:00+00:00,GREEL,8.850000381469727,8.850000381469727,8.850000381469727,8.850000381469727,8.850000381469727,0.0
2024-10-04 15:24:00+00:00,RILYZ,8.1899995803833,8.1899995803833,8.1899995803833,8.1899995803833,8.1899995803833,230.0
2024-10-04 15:25:00+00:00,EVGOW,1.190000057220459,1.190000057220459,1.190000057220459,1.1892999410629272,1.190000057220459,2620.0
2024-10-04 15:25:00+00:00,HWCPZ,25.424999237060547,25.424999237060547,25.424999237060547,25.424999237060547,25.424999237060547,150.0
2024-10-04 15:25:00+00:00,RILYM,20.986799240112305,20.986799240112305,20.986799240112305,20.986799240112305,20.986799240112305,1566.0
2024-10-04 15:25:00+00:00,RILYZ,8.15999984741211,8.15999984741211,8.15999984741211,8.15999984741211,8.15999984741211,100.0
2024-10-04 15:26:00+00:00,AVPTW,2.7300000190734863,2.7300000190734863,2.7300000190734863,2.700000047683716,2.700000047683716,3762.0
2024-10-04 15:26:00+00:00,EVGOW,1.159999966621399,1.159999966621399,1.2000000476837158,1.159999966621399,1.2000000476837158,2544.0
2024-10-04 15:26:00+00:00,FFIEW,0.024000000208616257,0.024000000208616257,0.024000000208616257,0.024000000208616257,0.024000000208616257,4600.0
2024-10-04 15:26:00+00:00,RILYM,20.9950008392334,20.9950008392334,21.0,20.950000762939453,20.959999084472656,1690.0
2024-10-04 15:26:00+00:00,RILYZ,8.109999656677246,8.109999656677246,8.109999656677246,8.100000381469727,8.100000381469727,130.0
2024-10-04 15:27:00+00:00,ADNWW,0.008999999612569809,0.008999999612569809,0.008999999612569809,0.008999999612569809,0.008999999612569809,100.0
2024-10-04 15:27:00+00:00,CGABL,19.809999465942383,19.809999465942383,19.809999465942383,19.809999465942383,19.809999465942383,204.0
2024-10-04 15:27:00+00:00,EVGOW,1.1699999570846558,1.1699999570846558,1.1700999736785889,1.159999966621399,1.1699999570846558,3600.0
2024-10-04 15:28:00+00:00,EVGOW,1.190000057220459,1.190000057220459,1.190000057220459,1.190000057220459,1.190000057220459,1500.0
2024-10-04 15:28:00+00:00,HTZWW,2.130000114440918,2.130000114440918,2.130000114440918,2.130000114440918,2.130000114440918,147.0
2024-10-04 15:28:00+00:00,IMTXW,1.9600000381469727,1.9600000381469727,1.9600000381469727,1.9600000381469727,1.9600000381469727,100.0
2024-10-04 15:28:00+00:00,MYPSW,0.021900000050663948,0.021900000050663948,0.021900000050663948,0.021900000050663948,0.021900000050663948,7019.0
2024-10-04 15:29:00+00:00,BLDEW,0.24699999392032623,0.24699999392032623,0.24699999392032623,0.24699999392032623,0.24699999392032623,141.0
2024-10-04 15:29:00+00:00,CGABL,19.809999465942383,19.809999465942383,19.809999465942383,19.809999465942383,19.809999465942383,291.0
2024-10-04 15:29:00+00:00,HWCPZ,25.424999237060547,25.424999237060547,25.424999237060547,25.424999237060547,25.424999237060547,124.0
2024-10-04 15:29:00+00:00,TBLD,17.475000381469727,17.475000381469727,17.475000381469727,17.475000381469727,17.475000381469727,166.0
2024-10-04 15:30:00+00:00,BLDEW,0.24549999833106995,0.24549999833106995,0.24549999833106995,0.24549999833106995,0.24549999833106995,6200.0
2024-10-04 15:30:00+00:00,CGABL,19.809999465942383,19.809999465942383,19.809999465942383,19.809999465942383,19.809999465942383,302.0
2024-10-04 15:30:00+00:00,CPZ,15.765000343322754,15.765000343322754,15.765000343322754,15.765000343322754,15.765000343322754,275.0
2024-10-04 15:30:00+00:00,EVGOW,1.215000033378601,1.215000033378601,1.215000033378601,1.215000033378601,1.215000033378601,1500.0
2024-10-04 15:31:00+00:00,AUUDW,0.04699999839067459,0.04699999839067459,0.04699999839067459,0.04699999839067459,0.04699999839067459,0.0
2024-10-04 15:31:00+00:00,RILYM,20.96500015258789,20.96500015258789,20.96500015258789,20.96500015258789,20.96500015258789,0.0
2024-10-04 15:32:00+00:00,CIFRW,1.1799999475479126,1.1799999475479126,1.1799999475479126,1.1799999475479126,1.1799999475479126,1165.0
2024-10-04 15:32:00+00:00,CPZ,15.768699645996094,15.768699645996094,15.768699645996094,15.768699645996094,15.768699645996094,436.0
2024-10-04 15:32:00+00:00,NVVEW,0.029899999499320984,0.029899999499320984,0.029899999499320984,0.029899999499320984,0.029899999499320984,2062.0
2024-10-04 15:32:00+00:00,TMCWW,0.06509999930858612,0.06509999930858612,0.06509999930858612,0.06509999930858612,0.06509999930858612,100.0
2024-10-04 15:33:00+00:00,CGABL,19.809999465942383,19.809999465942383,19.809999465942383,19.809999465942383,19.809999465942383,98.0
2024-10-04 15:33:00+00:00,EVGOW,1.149999976158142,1.149999976158142,1.1799999475479126,1.149999976158142,1.1799999475479126,200.0
2024-10-04 15:33:00+00:00,GOEVW,0.037300001829862595,0.037300001829862595,0.037300001829862595,0.037300001829862595,0.037300001829862595,2350.0
2024-10-04 15:33:00+00:00,GREEL,8.8100004196167,8.8100004196167,8.899999618530273,8.8100004196167,8.899999618530273,634.0
2024-10-04 15:33:00+00:00,HWCPZ,25.424999237060547,25.424999237060547,25.424999237060547,25.424999237060547,25.424999237060547,738.0
2024-10-04 15:34:00+00:00,EVGOW,1.184999942779541,1.184999942779541,1.184999942779541,1.184999942779541,1.184999942779541,200.0
2024-10-04 15:35:00+00:00,RILYM,20.97760009765625,20.97760009765625,21.0,20.975000381469727,20.975000381469727,1454.0
2024-10-04 15:36:00+00:00,ARBKL,9.890000343322754,9.890000343322754,9.899999618530273,9.890000343322754,9.899999618530273,1867.0
2024-10-04 15:36:00+00:00,CGABL,19.809999465942383,19.809999465942383,19.809999465942383,19.809999465942383,19.809999465942383,265.0
2024-10-04 15:37:00+00:00,CGABL,19.809999465942383,19.809999465942383,19.809999465942383,19.809999465942383,19.809999465942383,207.0
2024-10-04 15:37:00+00:00,DHCNL,17.3799991607666,17.3799991607666,17.3799991607666,17.350000381469727,17.36989974975586,2568.0
2024-10-04 15:37:00+00:00,EVGOW,1.1821999549865723,1.1821999549865723,1.1821999549865723,1.149999976158142,1.149999976158142,1877.0
2024-10-04 15:37:00+00:00,RILYM,20.983200073242188,20.983200073242188,20.989999771118164,20.983200073242188,20.989999771118164,1670.0
2024-10-04 15:37:00+00:00,SHCRW,0.0860000029206276,0.0860000029206276,0.0860000029206276,0.0860000029206276,0.0860000029206276,0.0
2024-10-04 15:38:00+00:00,DHCNL,17.3799991607666,17.3799991607666,17.3799991607666,17.3799991607666,17.3799991607666,1015.0
2024-10-04 15:38:00+00:00,EVGOW,1.1799999475479126,1.1799999475479126,1.1799999475479126,1.1796000003814697,1.1796000003814697,300.0
2024-10-04 15:38:00+00:00,FFIEW,0.024000000208616257,0.024000000208616257,0.024000000208616257,0.024000000208616257,0.024000000208616257,3660.0
2024-10-04 15:38:00+00:00,HNNAZ,24.25,24.25,24.25,24.25,24.25,121.0
2024-10-04 15:38:00+00:00,RILYM,20.983200073242188,20.983200073242188,20.989999771118164,20.979999542236328,20.979999542236328,2800.0
2024-10-04 15:38:00+00:00,RILYZ,8.100000381469727,8.100000381469727,8.100000381469727,8.100000381469727,8.100000381469727,1700.0
2024-10-04 15:39:00+00:00,CGABL,19.809999465942383,19.809999465942383,19.809999465942383,19.809999465942383,19.809999465942383,101.0
2024-10-04 15:39:00+00:00,EVGOW,1.1399999856948853,1.1399999856948853,1.1500999927520752,1.1399999856948853,1.1500999927520752,1938.0
2024-10-04 15:39:00+00:00,RILYG,10.63029956817627,10.63029956817627,10.63029956817627,10.63029956817627,10.63029956817627,1427.0
2024-10-04 15:40:00+00:00,DHCNI,16.545000076293945,16.545000076293945,16.549999237060547,16.545000076293945,16.549999237060547,16979.0
2024-10-04 15:40:00+00:00,EVGOW,1.1799999475479126,1.1799999475479126,1.1799999475479126,1.1538000106811523,1.1538000106811523,4391.0
2024-10-04 15:40:00+00:00,OPINL,14.289999961853027,14.289999961853027,14.289999961853027,14.289999961853027,14.289999961853027,201.0
2024-10-04 15:40:00+00:00,RILYM,20.979900360107422,20.979900360107422,20.979900360107422,20.979900360107422,20.979900360107422,311.0
2024-10-04 15:40:00+00:00,RNWWW,0.27000001072883606,0.27000001072883606,0.27000001072883606,0.27000001072883606,0.27000001072883606,1400.0
2024-10-04 15:41:00+00:00,CGABL,19.835899353027344,19.835899353027344,19.835899353027344,19.835899353027344,19.835899353027344,129.0
2024-10-04 15:41:00+00:00,EOSEW,0.23989999294281006,0.23989999294281006,0.23989999294281006,0.23989999294281006,0.23989999294281006,12346.0
2024-10-04 15:41:00+00:00,HTZWW,2.1700000762939453,2.1700000762939453,2.1700000762939453,2.1700000762939453,2.1700000762939453,16500.0
2024-10-04 15:41:00+00:00,OPINL,14.300000190734863,14.300000190734863,14.300000190734863,14.300000190734863,14.300000190734863,1100.0
2024-10-04 15:41:00+00:00,RILYT,8.789999961853027,8.789999961853027,8.789999961853027,8.789999961853027,8.789999961853027,200.0
2024-10-04 15:42:00+00:00,ASTLW,1.6799999475479126,1.6799999475479126,1.6799999475479126,1.6799999475479126,1.6799999475479126,1181.0
2024-10-04 15:42:00+00:00,BPYPM,17.4242000579834,17.4242000579834,17.4242000579834,17.4242000579834,17.4242000579834,945.0
2024-10-04 15:42:00+00:00,CGABL,19.809999465942383,19.809999465942383,19.809999465942383,19.809999465942383,19.809999465942383,111.0
2024-10-04 15:42:00+00:00,DTSTW,0.5598999857902527,0.5598999857902527,0.5600000023841858,0.5289000272750854,0.5289000272750854,5300.0
2024-10-04 15:42:00+00:00,OPINL,14.300000190734863,14.300000190734863,14.300000190734863,14.289999961853027,14.289999961853027,0.0
2024-10-04 15:42:00+00:00,RILYG,10.789999961853027,10.789999961853027,10.789999961853027,10.789999961853027,10.789999961853027,235.0
2024-10-04 15:42:00+00:00,RILYT,8.720000267028809,8.720000267028809,8.779999732971191,8.720000267028809,8.779999732971191,1496.0
2024-10-04 15:43:00+00:00,ARBKL,10.33650016784668,10.33650016784668,10.33650016784668,10.33650016784668,10.33650016784668,442.0
2024-10-04 15:43:00+00:00,HTZWW,2.1500000953674316,2.1500000953674316,2.1700000762939453,2.1500000953674316,2.1700000762939453,3750.0
2024-10-04 15:43:00+00:00,LILMW,0.0989999994635582,0.0989999994635582,0.0989999994635582,0.0989999994635582,0.0989999994635582,447.0
2024-10-04 15:43:00+00:00,LTRYW,0.00989999994635582,0.00989999994635582,0.00989999994635582,0.009800000116229057,0.009800000116229057,21300.0
2024-10-04 15:43:00+00:00,RILYM,20.975000381469727,20.975000381469727,20.975000381469727,20.959999084472656,20.969999313354492,2682.0
2024-10-04 15:43:00+00:00,RILYN,11.505000114440918,11.505000114440918,11.505000114440918,11.505000114440918,11.505000114440918,1100.0
2024-10-04 15:44:00+00:00,BCTXW,0.3100000023841858,0.3100000023841858,0.3100000023841858,0.28949999809265137,0.3100000023841858,900.0
2024-10-04 15:44:00+00:00,CGABL,19.809999465942383,19.809999465942383,19.809999465942383,19.809999465942383,19.809999465942383,422.0
2024-10-04 15:44:00+00:00,DHCNI,16.545000076293945,16.545000076293945,16.600000381469727,16.540000915527344,16.600000381469727,14030.0
2024-10-04 15:44:00+00:00,HTZWW,2.160399913787842,2.160399913787842,2.1700000762939453,2.160399913787842,2.1700000762939453,6725.0
2024-10-04 15:44:00+00:00,RILYM,20.979900360107422,20.979900360107422,20.989999771118164,20.979900360107422,20.979999542236328,1697.0
2024-10-04 15:44:00+00:00,RILYZ,8.100099563598633,8.100099563598633,8.100099563598633,8.100000381469727,8.100000381469727,4576.0
2024-10-04 15:44:00+00:00,SWAGW,0.024399999529123306,0.024399999529123306,0.024399999529123306,0.024399999529123306,0.024399999529123306,0.0
2024-10-04 15:45:00+00:00,BCTXW,0.3100000023841858,0.3100000023841858,0.3100000023841858,0.26010000705718994,0.2994999885559082,753.0
2024-10-04 15:45:00+00:00,CGABL,19.809999465942383,19.809999465942383,19.809999465942383,19.809999465942383,19.809999465942383,435.0
2024-10-04 15:45:00+00:00,DRMAW,0.00989999994635582,0.00989999994635582,0.00989999994635582,0.009800000116229057,0.009800000116229057,0.0
2024-10-04 15:45:00+00:00,LILMW,0.10000000149011612,0.10000000149011612,0.10000000149011612,0.10000000149011612,0.10000000149011612,10914.0
2024-10-04 15:45:00+00:00,LTRYW,0.00860000029206276,0.00860000029206276,0.00860000029206276,0.00860000029206276,0.00860000029206276,0.0
2024-10-04 15:45:00+00:00,OXLCZ,23.559999465942383,23.559999465942383,23.579999923706055,23.559999465942383,23.579999923706055,1379.0
2024-10-04 15:45:00+00:00,RILYG,10.550000190734863,10.550000190734863,10.550000190734863,10.550000190734863,10.550000190734863,427.0
2024-10-04 15:45:00+00:00,RILYM,20.985700607299805,20.985700607299805,21.0,20.985700607299805,21.0,1691.0
2024-10-04 15:46:00+00:00,DHCNI,16.549999237060547,16.549999237060547,16.549999237060547,16.549999237060547,16.549999237060547,0.0
2024-10-04 15:46:00+00:00,HTZWW,2.1500000953674316,2.1500000953674316,2.1500000953674316,2.1500000953674316,2.1500000953674316,500.0
2024-10-04 15:46:00+00:00,MAPSW,0.019999999552965164,0.019999999552965164,0.019999999552965164,0.019999999552965164,0.019999999552965164,13100.0
2024-10-04 15:46:00+00:00,OPINL,14.289999961853027,14.289999961853027,14.289999961853027,14.289999961853027,14.289999961853027,800.0
2024-10-04 15:46:00+00:00,RILYK,16.760000228881836,16.760000228881836,16.760000228881836,16.760000228881836,16.760000228881836,708.0
2024-10-04 15:46:00+00:00,RILYM,21.0,21.0,21.0,21.0,21.0,200.0
2024-10-04 15:46:00+00:00,RILYZ,8.15999984741211,8.15999984741211,8.15999984741211,8.15999984741211,8.15999984741211,4191.0
2024-10-04 15:47:00+00:00,EVGOW,1.184999942779541,1.184999942779541,1.2200000286102295,1.184999942779541,1.2200000286102295,1415.0
2024-10-04 15:47:00+00:00,RILYT,8.792099952697754,8.792099952697754,8.792099952697754,8.792099952697754,8.792099952697754,2440.0
2024-10-04 15:48:00+00:00,EVGOW,1.1399999856948853,1.1399999856948853,1.1449999809265137,1.1399999856948853,1.1449999809265137,2726.0
2024-10-04 15:48:00+00:00,LTRYW,0.009999999776482582,0.009999999776482582,0.009999999776482582,0.009800000116229057,0.009800000116229057,9900.0
2024-10-04 15:48:00+00:00,MAPSW,0.020800000056624413,0.020800000056624413,0.020800000056624413,0.020800000056624413,0.020800000056624413,38750.0
2024-10-04 15:48:00+00:00,RILYN,11.61989974975586,11.61989974975586,11.61989974975586,11.547300338745117,11.569999694824219,5318.0
2024-10-04 15:48:00+00:00,RILYZ,8.15999984741211,8.15999984741211,8.15999984741211,8.15999984741211,8.15999984741211,400.0
2024-10-04 15:49:00+00:00,EVGOW,1.149999976158142,1.149999976158142,1.149999976158142,1.149999976158142,1.149999976158142,457.0
2024-10-04 15:49:00+00:00,HUMAW,1.9005999565124512,1.9005999565124512,1.9005999565124512,1.8600000143051147,1.8600000143051147,1100.0
2024-10-04 15:49:00+00:00,MAPSW,0.019999999552965164,0.019999999552965164,0.020800000056624413,0.019999999552965164,0.020800000056624413,39862.0
2024-10-04 15:49:00+00:00,RILYM,20.989999771118164,20.989999771118164,20.989999771118164,20.989999771118164,20.989999771118164,354.0
2024-10-04 15:49:00+00:00,RILYN,11.619999885559082,11.619999885559082,11.619999885559082,11.501999855041504,11.61989974975586,6234.0
2024-10-04 15:49:00+00:00,RVPHW,0.09200000017881393,0.09200000017881393,0.09300000220537186,0.09200000017881393,0.09300000220537186,5385.0
2024-10-04 15:50:00+00:00,BLDEW,0.2443999946117401,0.2443999946117401,0.2443999946117401,0.2443999946117401,0.2443999946117401,1100.0
2024-10-04 15:50:00+00:00,CIFRW,1.1805000305175781,1.1805000305175781,1.1805000305175781,1.1799999475479126,1.1799999475479126,2400.0
2024-10-04 15:50:00+00:00,EVGOW,1.1360000371932983,1.1360000371932983,1.1360000371932983,1.1360000371932983,1.1360000371932983,300.0
2024-10-04 15:50:00+00:00,MAPSW,0.019999999552965164,0.019999999552965164,0.019999999552965164,0.019099999219179153,0.019099999219179153,18409.0
2024-10-04 15:50:00+00:00,RILYK,16.920000076293945,16.920000076293945,16.920000076293945,16.829999923706055,16.829999923706055,1111.0
2024-10-04 15:50:00+00:00,RILYN,11.619999885559082,11.619999885559082,11.619999885559082,11.619999885559082,11.619999885559082,300.0
2024-10-04 15:50:00+00:00,RILYZ,8.096599578857422,8.096599578857422,8.096599578857422,8.096599578857422,8.096599578857422,0.0
2024-10-04 15:50:00+00:00,TBLD,17.475000381469727,17.475000381469727,17.475000381469727,17.475000381469727,17.475000381469727,300.0
2024-10-04 15:51:00+00:00,CGABL,19.8700008392334,19.8700008392334,19.889999389648438,19.8700008392334,19.889999389648438,520.0
2024-10-04 15:51:00+00:00,DRMAW,0.009800000116229057,0.009800000116229057,0.009800000116229057,0.009800000116229057,0.009800000116229057,2100.0
2024-10-04 15:51:00+00:00,EVGOW,1.149999976158142,1.149999976158142,1.149999976158142,1.149999976158142,1.149999976158142,1320.0
2024-10-04 15:51:00+00:00,NVVEW,0.029999999329447746,0.029999999329447746,0.029999999329447746,0.029999999329447746,0.029999999329447746,2969.0
2024-10-04 15:51:00+00:00,RILYM,20.999900817871094,20.999900817871094,20.999900817871094,20.999900817871094,20.999900817871094,260.0
2024-10-04 15:51:00+00:00,RILYN,11.619999885559082,11.619999885559082,11.619999885559082,11.619999885559082,11.619999885559082,4041.0
2024-10-04 15:51:00+00:00,RILYZ,8.109999656677246,8.109999656677246,8.109999656677246,8.109999656677246,8.109999656677246,200.0
2024-10-04 15:52:00+00:00,EOSEW,0.23999999463558197,0.23999999463558197,0.23999999463558197,0.23999999463558197,0.23999999463558197,300.0
2024-10-04 15:52:00+00:00,HTZWW,2.1700000762939453,2.1700000762939453,2.1700000762939453,2.1700000762939453,2.1700000762939453,5250.0
2024-10-04 15:52:00+00:00,RILYG,10.989999771118164,10.989999771118164,10.989999771118164,10.979999542236328,10.979999542236328,620.0
2024-10-04 15:52:00+00:00,RILYZ,8.109999656677246,8.109999656677246,8.109999656677246,8.109999656677246,8.109999656677246,100.0
2024-10-04 15:53:00+00:00,CGABL,19.899999618530273,19.899999618530273,19.899999618530273,19.899999618530273,19.899999618530273,299.0
2024-10-04 15:53:00+00:00,CPZ,15.765000343322754,15.765000343322754,15.765000343322754,15.765000343322754,15.765000343322754,1421.0
2024-10-04 15:53:00+00:00,EOSEW,0.23989999294281006,0.23989999294281006,0.23989999294281006,0.23989999294281006,0.23989999294281006,2800.0
2024-10-04 15:53:00+00:00,MNTSW,0.011800000444054604,0.011800000444054604,0.011800000444054604,0.011800000444054604,0.011800000444054604,0.0
2024-10-04 15:53:00+00:00,RILYG,10.887700080871582,10.887700080871582,10.887700080871582,10.887700080871582,10.887700080871582,166.0
2024-10-04 15:53:00+00:00,RILYM,20.959999084472656,20.959999084472656,20.989999771118164,20.959999084472656,20.989999771118164,1577.0
2024-10-04 15:53:00+00:00,RILYZ,8.149999618530273,8.149999618530273,8.149999618530273,8.149999618530273,8.149999618530273,725.0
2024-10-04 15:54:00+00:00,CGABL,19.899999618530273,19.899999618530273,20.0,19.899999618530273,19.979999542236328,500.0
2024-10-04 15:54:00+00:00,OXSQZ,24.850000381469727,24.850000381469727,24.850000381469727,24.850000381469727,24.850000381469727,0.0
2024-10-04 15:54:00+00:00,RILYK,16.850000381469727,16.850000381469727,16.850000381469727,16.850000381469727,16.850000381469727,589.0
2024-10-04 15:54:00+00:00,RILYT,8.760000228881836,8.760000228881836,8.760000228881836,8.760000228881836,8.760000228881836,200.0
2024-10-04 15:55:00+00:00,DBGIW,12.3100004196167,12.3100004196167,12.3100004196167,12.3100004196167,12.3100004196167,102.0
2024-10-04 15:55:00+00:00,EVGOW,1.149999976158142,1.149999976158142,1.149999976158142,1.149999976158142,1.149999976158142,202.0
2024-10-04 15:55:00+00:00,HOVNP,17.780000686645508,17.780000686645508,17.780000686645508,17.780000686645508,17.780000686645508,300.0
2024-10-04 15:55:00+00:00,HWCPZ,25.434999465942383,25.434999465942383,25.434999465942383,25.434999465942383,25.434999465942383,491.0
2024-10-04 15:55:00+00:00,RILYK,16.850000381469727,16.850000381469727,16.850000381469727,16.850000381469727,16.850000381469727,113.0
2024-10-04 15:55:00+00:00,RILYZ,8.149999618530273,8.149999618530273,8.149999618530273,8.149999618530273,8.149999618530273,376.0
2024-10-04 15:55:00+00:00,SSSSL,24.799999237060547,24.799999237060547,24.799999237060547,24.799999237060547,24.799999237060547,606.0
2024-10-04 15:56:00+00:00,CGABL,19.8799991607666,19.8799991607666,20.0,19.8799991607666,19.989999771118164,448.0
2024-10-04 15:56:00+00:00,HWCPZ,25.40999984741211,25.40999984741211,25.420000076293945,25.40999984741211,25.420000076293945,300.0
2024-10-04 15:56:00+00:00,MAPSW,0.021800000220537186,0.021800000220537186,0.021800000220537186,0.019999999552965164,0.019999999552965164,41238.0
2024-10-04 15:56:00+00:00,RILYK,16.850000381469727,16.850000381469727,16.850000381469727,16.850000381469727,16.850000381469727,100.0
2024-10-04 15:56:00+00:00,RILYN,11.619999885559082,11.619999885559082,11.630000114440918,11.619999885559082,11.630000114440918,222.0
2024-10-04 15:57:00+00:00,ARQQW,0.09969999641180038,0.09969999641180038,0.10000000149011612,0.09000000357627869,0.09000000357627869,3200.0
2024-10-04 15:57:00+00:00,CGABL,19.899999618530273,19.899999618530273,19.899999618530273,19.8700008392334,19.8700008392334,284.0
2024-10-04 15:57:00+00:00,DHCNI,16.549999237060547,16.549999237060547,16.549999237060547,16.549999237060547,16.549999237060547,10165.0
2024-10-04 15:57:00+00:00,HUMAW,1.9500000476837158,1.9500000476837158,1.9500000476837158,1.9500000476837158,1.9500000476837158,0.0
2024-10-04 15:57:00+00:00,OPINL,14.289999961853027,14.289999961853027,14.289999961853027,14.289999961853027,14.289999961853027,200.0
2024-10-04 15:57:00+00:00,RELIW,0.04600000008940697,0.04600000008940697,0.04600000008940697,0.04600000008940697,0.04600000008940697,0.0
2024-10-04 15:57:00+00:00,RILYZ,8.149999618530273,8.149999618530273,8.149999618530273,8.149999618530273,8.149999618530273,1000.0
2024-10-04 15:57:00+00:00,TBLD,17.479999542236328,17.479999542236328,17.479999542236328,17.479999542236328,17.479999542236328,752.0
2024-10-04 15:57:00+00:00,TMCWW,0.07500000298023224,0.07500000298023224,0.07500000298023224,0.07079999893903732,0.07079999893903732,400.0
2024-10-04 15:58:00+00:00,AGBAW,0.1850000023841858,0.1850000023841858,0.1899999976158142,0.1850000023841858,0.1899999976158142,1668.0
2024-10-04 15:58:00+00:00,ARBKL,9.960100173950195,9.960100173950195,9.989999771118164,9.960100173950195,9.989999771118164,23.0
2024-10-04 15:58:00+00:00,ARQQW,0.10000000149011612,0.10000000149011612,0.10000000149011612,0.09200000017881393,0.09969999641180038,5100.0
2024-10-04 15:58:00+00:00,CGABL,19.934999465942383,19.934999465942383,19.934999465942383,19.934999465942383,19.934999465942383,200.0
2024-10-04 15:58:00+00:00,CIFRW,1.2000000476837158,1.2000000476837158,1.2000000476837158,1.1799999475479126,1.1799999475479126,8179.0
2024-10-04 15:58:00+00:00,FFIEW,0.021700000390410423,0.021700000390410423,0.021700000390410423,0.021299999207258224,0.021299999207258224,670.0
2024-10-04 15:58:00+00:00,GCMGW,0.9700000286102295,0.9700000286102295,0.9700000286102295,0.9700000286102295,0.9700000286102295,0.0
2024-10-04 15:58:00+00:00,MAPSW,0.02199999988079071,0.02199999988079071,0.02290000021457672,0.02199999988079071,0.02199999988079071,77900.0
2024-10-04 15:58:00+00:00,OXLCL,24.596099853515625,24.596099853515625,24.596099853515625,24.596099853515625,24.596099853515625,205.0
2024-10-04 15:58:00+00:00,RILYK,16.959999084472656,16.959999084472656,16.959999084472656,16.90999984741211,16.90999984741211,1153.0
2024-10-04 15:58:00+00:00,RILYT,8.867400169372559,8.867400169372559,8.867400169372559,8.867400169372559,8.867400169372559,47.0
2024-10-04 15:58:00+00:00,RILYZ,8.197099685668945,8.197099685668945,8.199999809265137,8.175000190734863,8.175000190734863,2454.0
2024-10-04 15:58:00+00:00,TBLD,17.492700576782227,17.492700576782227,17.5,17.492700576782227,17.5,1920.0
2024-10-04 15:59:00+00:00,ASTLW,1.690000057220459,1.690000057220459,1.690000057220459,1.6799999475479126,1.690000057220459,2146.0
2024-10-04 15:59:00+00:00,AVPTW,2.740000009536743,2.740000009536743,2.740000009536743,2.7100000381469727,2.7100000381469727,2741.0
2024-10-04 15:59:00+00:00,CGABL,19.90999984741211,19.90999984741211,19.989999771118164,19.90999984741211,19.90999984741211,1029.0
2024-10-04 15:59:00+00:00,DHCNL,17.3799991607666,17.3799991607666,17.3799991607666,17.3700008392334,17.3700008392334,1311.0
2024-10-04 15:59:00+00:00,EVGOW,1.1699999570846558,1.1699999570846558,1.1699999570846558,1.0499999523162842,1.1299999952316284,11846.0
2024-10-04 15:59:00+00:00,HTZWW,2.1700000762939453,2.1700000762939453,2.1700000762939453,2.1700000762939453,2.1700000762939453,5087.0
2024-10-04 15:59:00+00:00,MAPSW,0.020099999383091927,0.020099999383091927,0.02199999988079071,0.020099999383091927,0.02199999988079071,0.0
2024-10-04 15:59:00+00:00,OPINL,14.289999961853027,14.289999961853027,14.289999961853027,14.289999961853027,14.289999961853027,300.0
2024-10-04 15:59:00+00:00,RILYG,10.880000114440918,10.880000114440918,10.880000114440918,10.880000114440918,10.880000114440918,1000.0
2024-10-04 15:59:00+00:00,RILYK,16.959999084472656,16.959999084472656,16.959999084472656,16.940000534057617,16.940000534057617,526.0
2024-10-04 15:59:00+00:00,RILYM,21.0,21.0,21.0,20.989999771118164,20.989999771118164,814.0
2024-10-04 15:59:00+00:00,RILYZ,8.109999656677246,8.109999656677246,8.149999618530273,8.109999656677246,8.149999618530273,0.0
2024-10-04 15:59:00+00:00,TBLD,17.489999771118164,17.489999771118164,17.5,17.489999771118164,17.489999771118164,1055.0
