Datetime,Ticker,Adj Close,Close,High,Low,Open,Volume
2024-10-31 09:30:00+00:00,ALTO,1.7300000190734863,1.7300000190734863,1.7300000190734863,1.7300000190734863,1.7300000190734863,1150.0
2024-10-31 09:30:00+00:00,AREC,1.0399999618530273,1.0399999618530273,1.0399999618530273,1.0399999618530273,1.0399999618530273,3162.0
2024-10-31 09:30:00+00:00,ASTL,10.609999656677246,10.609999656677246,10.609999656677246,10.609999656677246,10.609999656677246,0.0
2024-10-31 09:30:00+00:00,BCPC,168.27999877929688,168.27999877929688,168.27999877929688,168.0800018310547,168.0800018310547,1132.0
2024-10-31 09:30:00+00:00,BIOX,6.800000190734863,6.800000190734863,6.800000190734863,6.800000190734863,6.800000190734863,0.0
2024-10-31 09:30:00+00:00,CENX,17.450000762939453,17.450000762939453,17.649999618530273,17.450000762939453,17.540000915527344,7941.0
2024-10-31 09:30:00+00:00,CNEY,0.5040000081062317,0.5040000081062317,0.5040000081062317,0.5040000081062317,0.5040000081062317,15001.0
2024-10-31 09:30:00+00:00,CRKN,0.8870000243186951,0.8870000243186951,0.8999999761581421,0.8866000175476074,0.8999999761581421,58993.0
2024-10-31 09:30:00+00:00,FEAM,0.4699999988079071,0.4699999988079071,0.4699999988079071,0.4699999988079071,0.4699999988079071,0.0
2024-10-31 09:30:00+00:00,GEVO,2.559999942779541,2.559999942779541,2.5950000286102295,2.5250000953674316,2.5299999713897705,276085.0
2024-10-31 09:30:00+00:00,GPRE,12.949999809265137,12.949999809265137,13.350000381469727,12.869999885559082,12.930000305175781,49096.0
2024-10-31 09:30:00+00:00,GSM,4.210000038146973,4.210000038146973,4.21999979019165,4.210000038146973,4.210000038146973,5092.0
2024-10-31 09:30:00+00:00,GURE,0.6438000202178955,0.6438000202178955,0.6438000202178955,0.5699999928474426,0.5699999928474426,10743.0
2024-10-31 09:30:00+00:00,HDSN,7.639999866485596,7.639999866485596,7.639999866485596,7.639999866485596,7.639999866485596,0.0
2024-10-31 09:30:00+00:00,HWKN,101.0,101.0,109.51000213623047,98.72000122070312,107.39219665527344,11715.0
2024-10-31 09:30:00+00:00,HYMC,2.4800000190734863,2.4800000190734863,2.4800000190734863,2.4700000286102295,2.4700000286102295,7370.0
2024-10-31 09:30:00+00:00,IONR,8.0,8.0,8.0,8.0,8.0,1796.0
2024-10-31 09:30:00+00:00,IOSP,109.79000091552734,109.79000091552734,109.79000091552734,109.79000091552734,109.79000091552734,348.0
2024-10-31 09:30:00+00:00,IPX,22.1299991607666,22.1299991607666,22.1299991607666,22.1299991607666,22.1299991607666,1193.0
2024-10-31 09:30:00+00:00,KALU,76.69999694824219,76.69999694824219,76.69999694824219,76.69999694824219,76.69999694824219,0.0
2024-10-31 09:30:00+00:00,LGO,2.549999952316284,2.549999952316284,2.549999952316284,2.549999952316284,2.549999952316284,0.0
2024-10-31 09:30:00+00:00,LITM,0.35100001096725464,0.35100001096725464,0.35100001096725464,0.3499999940395355,0.3499999940395355,45997.0
2024-10-31 09:30:00+00:00,LOOP,1.3799999952316284,1.3799999952316284,1.3799999952316284,1.3799999952316284,1.3799999952316284,549.0
2024-10-31 09:30:00+00:00,LWLG,3.3499999046325684,3.3499999046325684,3.369999885559082,3.3299999237060547,3.3299999237060547,0.0
2024-10-31 09:30:00+00:00,MEOH,39.630001068115234,39.630001068115234,39.630001068115234,39.52000045776367,39.52000045776367,4561.0
2024-10-31 09:30:00+00:00,MERC,6.420000076293945,6.420000076293945,6.460000038146973,6.420000076293945,6.460000038146973,0.0
2024-10-31 09:30:00+00:00,METC,10.0,10.0,10.029999732971191,10.0,10.029999732971191,6129.0
2024-10-31 09:30:00+00:00,NTIC,12.899999618530273,12.899999618530273,12.899999618530273,12.899999618530273,12.899999618530273,324.0
2024-10-31 09:30:00+00:00,ORGN,1.3600000143051147,1.3600000143051147,1.399999976158142,1.3600000143051147,1.3700000047683716,33134.0
2024-10-31 09:30:00+00:00,PAAS,23.700300216674805,23.700300216674805,23.729999542236328,23.59000015258789,23.719999313354492,131659.0
2024-10-31 09:30:00+00:00,PLL,13.399999618530273,13.399999618530273,13.539999961853027,13.319999694824219,13.489999771118164,53629.0
2024-10-31 09:30:00+00:00,PPTA,10.100000381469727,10.100000381469727,10.170000076293945,10.010000228881836,10.170000076293945,0.0
2024-10-31 09:30:00+00:00,RETO,1.149999976158142,1.149999976158142,1.149999976158142,1.149999976158142,1.149999976158142,2671.0
2024-10-31 09:30:00+00:00,RGLD,149.2899932861328,149.2899932861328,149.2899932861328,149.2899932861328,149.2899932861328,1638.0
2024-10-31 09:30:00+00:00,SEED,2.559999942779541,2.559999942779541,2.559999942779541,2.559999942779541,2.559999942779541,0.0
2024-10-31 09:30:00+00:00,SGML,14.0,14.0,14.069999694824219,13.75,14.069999694824219,23983.0
2024-10-31 09:30:00+00:00,SMID,34.20000076293945,34.20000076293945,34.20000076293945,34.20000076293945,34.20000076293945,0.0
2024-10-31 09:30:00+00:00,SSRM,6.239999771118164,6.239999771118164,6.239999771118164,6.210000038146973,6.239999771118164,34926.0
2024-10-31 09:30:00+00:00,STLD,132.78500366210938,132.78500366210938,132.88499450683594,132.52999877929688,132.52999877929688,7214.0
2024-10-31 09:30:00+00:00,TMC,0.9639999866485596,0.9639999866485596,0.9679999947547913,0.9599999785423279,0.9599999785423279,48983.0
2024-10-31 09:30:00+00:00,UFPI,121.4800033569336,121.4800033569336,121.4800033569336,121.3499984741211,121.3499984741211,3275.0
2024-10-31 09:30:00+00:00,USAP,44.16999816894531,44.16999816894531,44.16999816894531,43.880001068115234,43.880001068115234,2503.0
2024-10-31 09:30:00+00:00,USAU,6.300000190734863,6.300000190734863,6.300000190734863,6.289999961853027,6.289999961853027,6729.0
2024-10-31 09:30:00+00:00,USLM,107.08000183105469,107.08000183105469,107.08000183105469,107.08000183105469,107.08000183105469,2195.0
2024-10-31 09:30:00+00:00,WDFC,262.6449890136719,262.6449890136719,263.3999938964844,262.6449890136719,263.3999938964844,2379.0
2024-10-31 09:30:00+00:00,ZEUS,36.59000015258789,36.59000015258789,36.59000015258789,36.59000015258789,36.59000015258789,2109.0
2024-10-31 09:30:00+00:00,ZKIN,0.5149999856948853,0.5149999856948853,0.5149999856948853,0.5149999856948853,0.5149999856948853,0.0
2024-10-31 09:31:00+00:00,CENX,17.55500030517578,17.55500030517578,17.559999465942383,17.5,17.5,1572.0
2024-10-31 09:31:00+00:00,CRKN,0.8871999979019165,0.8871999979019165,0.9003000259399414,0.8870999813079834,0.8999999761581421,6743.0
2024-10-31 09:31:00+00:00,GEVO,2.569999933242798,2.569999933242798,2.5799999237060547,2.549999952316284,2.5601000785827637,65037.0
2024-10-31 09:31:00+00:00,GPRE,12.9399995803833,12.9399995803833,12.9399995803833,12.9399995803833,12.9399995803833,191.0
2024-10-31 09:31:00+00:00,GSM,4.204999923706055,4.204999923706055,4.210000038146973,4.204999923706055,4.210000038146973,4654.0
2024-10-31 09:31:00+00:00,GURE,0.6462000012397766,0.6462000012397766,0.6462000012397766,0.6425999999046326,0.6453999876976013,19912.0
2024-10-31 09:31:00+00:00,HWKN,102.19000244140625,102.19000244140625,102.19000244140625,101.01499938964844,101.01499938964844,291.0
2024-10-31 09:31:00+00:00,HYMC,2.4800000190734863,2.4800000190734863,2.4800000190734863,2.4800000190734863,2.4800000190734863,1183.0
2024-10-31 09:31:00+00:00,LITM,0.3684999942779541,0.3684999942779541,0.3684999942779541,0.3684999942779541,0.3684999942779541,0.0
2024-10-31 09:31:00+00:00,MEOH,39.53499984741211,39.53499984741211,39.53499984741211,39.505001068115234,39.505001068115234,837.0
2024-10-31 09:31:00+00:00,MERC,6.420000076293945,6.420000076293945,6.420000076293945,6.420000076293945,6.420000076293945,129.0
2024-10-31 09:31:00+00:00,METC,10.010000228881836,10.010000228881836,10.010000228881836,10.010000228881836,10.010000228881836,612.0
2024-10-31 09:31:00+00:00,ORGN,1.3700000047683716,1.3700000047683716,1.3700000047683716,1.3650000095367432,1.3650000095367432,4499.0
2024-10-31 09:31:00+00:00,PAAS,23.6299991607666,23.6299991607666,23.739999771118164,23.6299991607666,23.739999771118164,17487.0
2024-10-31 09:31:00+00:00,PLL,13.300000190734863,13.300000190734863,13.300000190734863,13.199999809265137,13.300000190734863,7930.0
2024-10-31 09:31:00+00:00,RETO,1.1699999570846558,1.1699999570846558,1.1699999570846558,1.1500999927520752,1.1500999927520752,964.0
2024-10-31 09:31:00+00:00,RGLD,148.8542022705078,148.8542022705078,148.8542022705078,148.8542022705078,148.8542022705078,468.0
2024-10-31 09:31:00+00:00,SGML,14.0,14.0,14.119999885559082,14.0,14.119999885559082,1120.0
2024-10-31 09:31:00+00:00,SSRM,6.199999809265137,6.199999809265137,6.235000133514404,6.199999809265137,6.235000133514404,4239.0
2024-10-31 09:31:00+00:00,STLD,133.74000549316406,133.74000549316406,133.74000549316406,132.77999877929688,132.77999877929688,4171.0
2024-10-31 09:31:00+00:00,TMC,0.9639999866485596,0.9639999866485596,0.9639999866485596,0.9639999866485596,0.9639999866485596,400.0
2024-10-31 09:31:00+00:00,UFPI,121.55000305175781,121.55000305175781,121.55000305175781,121.48999786376953,121.48999786376953,4800.0
2024-10-31 09:32:00+00:00,CENX,17.360000610351562,17.360000610351562,17.479999542236328,17.360000610351562,17.450000762939453,5341.0
2024-10-31 09:32:00+00:00,GEVO,2.5399999618530273,2.5399999618530273,2.559999942779541,2.5199999809265137,2.559999942779541,26861.0
2024-10-31 09:32:00+00:00,GPRE,13.050000190734863,13.050000190734863,13.170000076293945,12.9399995803833,12.9399995803833,24602.0
2024-10-31 09:32:00+00:00,HDSN,7.670000076293945,7.670000076293945,7.670000076293945,7.65339994430542,7.65339994430542,2006.0
2024-10-31 09:32:00+00:00,HWKN,99.68000030517578,99.68000030517578,99.68000030517578,99.68000030517578,99.68000030517578,106.0
2024-10-31 09:32:00+00:00,HYMC,2.450000047683716,2.450000047683716,2.4576001167297363,2.450000047683716,2.4576001167297363,1648.0
2024-10-31 09:32:00+00:00,LITM,0.3400000035762787,0.3400000035762787,0.36000001430511475,0.3400000035762787,0.36000001430511475,38320.0
2024-10-31 09:32:00+00:00,LWLG,3.3450000286102295,3.3450000286102295,3.3499999046325684,3.3450000286102295,3.3499999046325684,540.0
2024-10-31 09:32:00+00:00,MEOH,39.59000015258789,39.59000015258789,39.59000015258789,39.54999923706055,39.54999923706055,911.0
2024-10-31 09:32:00+00:00,ORGN,1.37909996509552,1.37909996509552,1.37909996509552,1.375,1.375,3061.0
2024-10-31 09:32:00+00:00,PLL,13.109999656677246,13.109999656677246,13.239999771118164,13.109999656677246,13.239999771118164,1778.0
2024-10-31 09:32:00+00:00,PPTA,10.085000038146973,10.085000038146973,10.085000038146973,10.085000038146973,10.085000038146973,216.0
2024-10-31 09:32:00+00:00,SGML,14.0,14.0,14.0,14.0,14.0,974.0
2024-10-31 09:32:00+00:00,SSRM,6.130000114440918,6.130000114440918,6.190000057220459,6.130000114440918,6.190000057220459,19138.0
2024-10-31 09:32:00+00:00,STLD,133.2899932861328,133.2899932861328,133.2899932861328,133.2899932861328,133.2899932861328,146.0
2024-10-31 09:32:00+00:00,TMC,0.9649999737739563,0.9649999737739563,0.9649999737739563,0.9649999737739563,0.9649999737739563,106.0
2024-10-31 09:32:00+00:00,USAP,43.86000061035156,43.86000061035156,43.939998626708984,43.86000061035156,43.939998626708984,776.0
2024-10-31 09:33:00+00:00,CENX,17.34000015258789,17.34000015258789,17.40999984741211,17.34000015258789,17.40999984741211,2952.0
2024-10-31 09:33:00+00:00,CNEY,0.5195000171661377,0.5195000171661377,0.5195000171661377,0.5195000171661377,0.5195000171661377,549.0
2024-10-31 09:33:00+00:00,CRKN,0.8870000243186951,0.8870000243186951,0.8971999883651733,0.8870000243186951,0.8971999883651733,1410.0
2024-10-31 09:33:00+00:00,GEVO,2.509999990463257,2.509999990463257,2.527899980545044,2.509999990463257,2.5215001106262207,62958.0
2024-10-31 09:33:00+00:00,GPRE,12.989999771118164,12.989999771118164,13.020000457763672,12.869999885559082,12.986499786376953,9665.0
2024-10-31 09:33:00+00:00,GSM,4.199999809265137,4.199999809265137,4.204999923706055,4.195000171661377,4.204999923706055,3252.0
2024-10-31 09:33:00+00:00,HDSN,7.670000076293945,7.670000076293945,7.679999828338623,7.659999847412109,7.664999961853027,9622.0
2024-10-31 09:33:00+00:00,HWKN,101.76000213623047,101.76000213623047,101.76000213623047,99.66000366210938,99.66000366210938,713.0
2024-10-31 09:33:00+00:00,HYMC,2.4119999408721924,2.4119999408721924,2.450000047683716,2.410099983215332,2.450000047683716,8324.0
2024-10-31 09:33:00+00:00,LITM,0.3497999906539917,0.3497999906539917,0.3499000072479248,0.34049999713897705,0.3490000069141388,19688.0
2024-10-31 09:33:00+00:00,LWLG,3.315000057220459,3.315000057220459,3.3499999046325684,3.315000057220459,3.3299999237060547,6083.0
2024-10-31 09:33:00+00:00,MERC,6.420000076293945,6.420000076293945,6.420000076293945,6.420000076293945,6.420000076293945,210.0
2024-10-31 09:33:00+00:00,ORGN,1.3849999904632568,1.3849999904632568,1.3849999904632568,1.375,1.375,4916.0
2024-10-31 09:33:00+00:00,PAAS,23.565000534057617,23.565000534057617,23.610000610351562,23.563600540161133,23.563600540161133,63195.0
2024-10-31 09:33:00+00:00,PLL,12.949999809265137,12.949999809265137,13.095000267028809,12.949999809265137,13.095000267028809,8477.0
2024-10-31 09:33:00+00:00,PPTA,9.96500015258789,9.96500015258789,10.027099609375,9.96500015258789,10.027099609375,1919.0
2024-10-31 09:33:00+00:00,RETO,1.149999976158142,1.149999976158142,1.1699999570846558,1.149999976158142,1.1699999570846558,3409.0
2024-10-31 09:33:00+00:00,SGML,13.970000267028809,13.970000267028809,13.970000267028809,13.970000267028809,13.970000267028809,660.0
2024-10-31 09:33:00+00:00,SNES,3.0,3.0,3.0,2.9579999446868896,2.9700000286102295,4480.0
2024-10-31 09:33:00+00:00,SSRM,6.130000114440918,6.130000114440918,6.139999866485596,6.130000114440918,6.139999866485596,1190.0
2024-10-31 09:33:00+00:00,USAU,6.199999809265137,6.199999809265137,6.199999809265137,6.199999809265137,6.199999809265137,429.0
2024-10-31 09:34:00+00:00,ASTL,10.649999618530273,10.649999618530273,10.649999618530273,10.609999656677246,10.609999656677246,310.0
2024-10-31 09:34:00+00:00,CENX,17.489999771118164,17.489999771118164,17.489999771118164,17.34000015258789,17.34000015258789,6492.0
2024-10-31 09:34:00+00:00,CNEY,0.5188999772071838,0.5188999772071838,0.5188999772071838,0.5095000267028809,0.5095000267028809,1300.0
2024-10-31 09:34:00+00:00,CRKN,0.8870000243186951,0.8870000243186951,0.8870000243186951,0.8870000243186951,0.8870000243186951,2931.0
2024-10-31 09:34:00+00:00,GEVO,2.460099935531616,2.460099935531616,2.515199899673462,2.450000047683716,2.515000104904175,574834.0
2024-10-31 09:34:00+00:00,GPRE,12.930000305175781,12.930000305175781,12.99530029296875,12.890000343322754,12.970000267028809,7215.0
2024-10-31 09:34:00+00:00,GSM,4.20989990234375,4.20989990234375,4.20989990234375,4.199999809265137,4.199999809265137,850.0
2024-10-31 09:34:00+00:00,HDSN,7.735000133514404,7.735000133514404,7.735000133514404,7.690000057220459,7.690000057220459,1670.0
2024-10-31 09:34:00+00:00,HWKN,104.87999725341797,104.87999725341797,104.87999725341797,101.02999877929688,101.02999877929688,3438.0
2024-10-31 09:34:00+00:00,HYMC,2.4100000858306885,2.4100000858306885,2.4102001190185547,2.390000104904175,2.4100000858306885,4142.0
2024-10-31 09:34:00+00:00,LGO,2.571700096130371,2.571700096130371,2.571700096130371,2.571700096130371,2.571700096130371,3769.0
2024-10-31 09:34:00+00:00,LITM,0.3424000144004822,0.3424000144004822,0.3499000072479248,0.33399999141693115,0.3409999907016754,35044.0
2024-10-31 09:34:00+00:00,LWLG,3.309999942779541,3.309999942779541,3.315000057220459,3.299999952316284,3.315000057220459,1313.0
2024-10-31 09:34:00+00:00,MERC,6.505000114440918,6.505000114440918,6.505000114440918,6.424799919128418,6.424799919128418,751.0
2024-10-31 09:34:00+00:00,METC,10.069999694824219,10.069999694824219,10.069999694824219,10.069999694824219,10.069999694824219,353.0
2024-10-31 09:34:00+00:00,ORGN,1.3883999586105347,1.3883999586105347,1.3883999586105347,1.3883999586105347,1.3883999586105347,775.0
2024-10-31 09:34:00+00:00,PAAS,23.610000610351562,23.610000610351562,23.610000610351562,23.55500030517578,23.55500030517578,9782.0
2024-10-31 09:34:00+00:00,PLL,12.949999809265137,12.949999809265137,13.005000114440918,12.949999809265137,13.005000114440918,1425.0
2024-10-31 09:34:00+00:00,PPTA,9.960399627685547,9.960399627685547,9.960399627685547,9.954999923706055,9.954999923706055,1902.0
2024-10-31 09:34:00+00:00,SGML,14.0,14.0,14.039999961853027,14.0,14.039999961853027,1933.0
2024-10-31 09:34:00+00:00,SNES,2.940000057220459,2.940000057220459,2.940000057220459,2.940000057220459,2.940000057220459,295.0
2024-10-31 09:34:00+00:00,SSRM,6.150000095367432,6.150000095367432,6.150000095367432,6.114999771118164,6.125,11687.0
2024-10-31 09:34:00+00:00,TMC,0.9610999822616577,0.9610999822616577,0.9610999822616577,0.9610999822616577,0.9610999822616577,127.0
2024-10-31 09:35:00+00:00,ASTL,10.630000114440918,10.630000114440918,10.630000114440918,10.630000114440918,10.630000114440918,193.0
2024-10-31 09:35:00+00:00,CENX,17.6200008392334,17.6200008392334,17.6200008392334,17.485000610351562,17.485000610351562,1641.0
2024-10-31 09:35:00+00:00,CNEY,0.5024999976158142,0.5024999976158142,0.5024999976158142,0.5024999976158142,0.5024999976158142,129.0
2024-10-31 09:35:00+00:00,CRKN,0.8863999843597412,0.8863999843597412,0.8866999745368958,0.8863999843597412,0.8866999745368958,5832.0
2024-10-31 09:35:00+00:00,GEVO,2.4700000286102295,2.4700000286102295,2.4700000286102295,2.450000047683716,2.460099935531616,238826.0
2024-10-31 09:35:00+00:00,GPRE,12.9399995803833,12.9399995803833,12.989999771118164,12.872699737548828,12.872699737548828,7317.0
2024-10-31 09:35:00+00:00,GURE,0.6462000012397766,0.6462000012397766,0.6462000012397766,0.6462000012397766,0.6462000012397766,1909.0
2024-10-31 09:35:00+00:00,HDSN,7.71999979019165,7.71999979019165,7.735000133514404,7.71999979019165,7.735000133514404,947.0
2024-10-31 09:35:00+00:00,HYMC,2.4000000953674316,2.4000000953674316,2.4000000953674316,2.4000000953674316,2.4000000953674316,10010.0
2024-10-31 09:35:00+00:00,LWLG,3.2899999618530273,3.2899999618530273,3.319999933242798,3.2899999618530273,3.315000057220459,4582.0
2024-10-31 09:35:00+00:00,ORGN,1.3849999904632568,1.3849999904632568,1.3849999904632568,1.3835999965667725,1.3849999904632568,1470.0
2024-10-31 09:35:00+00:00,PAAS,23.690000534057617,23.690000534057617,23.739999771118164,23.614999771118164,23.6299991607666,4583.0
2024-10-31 09:35:00+00:00,PLL,13.0,13.0,13.079999923706055,13.0,13.039600372314453,1339.0
2024-10-31 09:35:00+00:00,RGLD,149.3699951171875,149.3699951171875,149.47999572753906,149.3699951171875,149.47999572753906,982.0
2024-10-31 09:35:00+00:00,SSRM,6.159999847412109,6.159999847412109,6.159999847412109,6.150000095367432,6.150000095367432,5125.0
2024-10-31 09:35:00+00:00,STLD,132.80999755859375,132.80999755859375,132.80999755859375,132.80999755859375,132.80999755859375,460.0
2024-10-31 09:35:00+00:00,TMC,0.9700000286102295,0.9700000286102295,0.9700000286102295,0.9656000137329102,0.9656000137329102,223.0
2024-10-31 09:36:00+00:00,AREC,1.0399999618530273,1.0399999618530273,1.0500999689102173,1.0399999618530273,1.0500999689102173,1920.0
2024-10-31 09:36:00+00:00,ASTL,10.609999656677246,10.609999656677246,10.609999656677246,10.609999656677246,10.609999656677246,245.0
2024-10-31 09:36:00+00:00,BIOX,6.849999904632568,6.849999904632568,6.849999904632568,6.849999904632568,6.849999904632568,223.0
2024-10-31 09:36:00+00:00,CNEY,0.5188999772071838,0.5188999772071838,0.5188999772071838,0.5,0.5,2650.0
2024-10-31 09:36:00+00:00,CRKN,0.8871999979019165,0.8871999979019165,0.8871999979019165,0.8863999843597412,0.8870000243186951,30070.0
2024-10-31 09:36:00+00:00,GEVO,2.4500999450683594,2.4500999450683594,2.4602999687194824,2.430000066757202,2.4602999687194824,82169.0
2024-10-31 09:36:00+00:00,GPRE,12.930000305175781,12.930000305175781,12.960000038146973,12.90999984741211,12.949999809265137,6484.0
2024-10-31 09:36:00+00:00,GSM,4.210000038146973,4.210000038146973,4.210000038146973,4.204999923706055,4.210000038146973,1923.0
2024-10-31 09:36:00+00:00,HDSN,7.71999979019165,7.71999979019165,7.71999979019165,7.71999979019165,7.71999979019165,6978.0
2024-10-31 09:36:00+00:00,HYMC,2.3949999809265137,2.3949999809265137,2.3949999809265137,2.3949999809265137,2.3949999809265137,1163.0
2024-10-31 09:36:00+00:00,LGO,2.5199999809265137,2.5199999809265137,2.5299999713897705,2.5,2.5299999713897705,2429.0
2024-10-31 09:36:00+00:00,LWLG,3.2750000953674316,3.2750000953674316,3.2799999713897705,3.259999990463257,3.2799999713897705,12177.0
2024-10-31 09:36:00+00:00,METC,10.050000190734863,10.050000190734863,10.079999923706055,10.029999732971191,10.079999923706055,2451.0
2024-10-31 09:36:00+00:00,PLL,12.95199966430664,12.95199966430664,13.020000457763672,12.95199966430664,13.020000457763672,4507.0
2024-10-31 09:36:00+00:00,SEED,2.6110999584198,2.6110999584198,2.6110999584198,2.6110999584198,2.6110999584198,228.0
2024-10-31 09:36:00+00:00,SSRM,6.160799980163574,6.160799980163574,6.160799980163574,6.160799980163574,6.160799980163574,3332.0
2024-10-31 09:36:00+00:00,STLD,132.97000122070312,132.97000122070312,132.97000122070312,132.9250030517578,132.9250030517578,744.0
2024-10-31 09:36:00+00:00,USAP,44.0,44.0,44.0,43.9900016784668,44.0,1587.0
2024-10-31 09:36:00+00:00,USAU,6.159999847412109,6.159999847412109,6.159999847412109,6.159999847412109,6.159999847412109,445.0
2024-10-31 09:37:00+00:00,ALTO,1.7400000095367432,1.7400000095367432,1.7400000095367432,1.7350000143051147,1.7400000095367432,2717.0
2024-10-31 09:37:00+00:00,AREC,1.0399999618530273,1.0399999618530273,1.0499000549316406,1.0399999618530273,1.0499000549316406,432.0
2024-10-31 09:37:00+00:00,ASTL,10.609999656677246,10.609999656677246,10.609999656677246,10.609999656677246,10.609999656677246,201.0
2024-10-31 09:37:00+00:00,CENX,17.59000015258789,17.59000015258789,17.59000015258789,17.511999130249023,17.511999130249023,3479.0
2024-10-31 09:37:00+00:00,CNEY,0.5098999738693237,0.5098999738693237,0.5098999738693237,0.5098999738693237,0.5098999738693237,101.0
2024-10-31 09:37:00+00:00,GEVO,2.424999952316284,2.424999952316284,2.4600000381469727,2.4200000762939453,2.4600000381469727,195613.0
2024-10-31 09:37:00+00:00,GPRE,13.0,13.0,13.039999961853027,12.960000038146973,12.960000038146973,43777.0
2024-10-31 09:37:00+00:00,GSM,4.210000038146973,4.210000038146973,4.210000038146973,4.210000038146973,4.210000038146973,119.0
2024-10-31 09:37:00+00:00,HYMC,2.3893001079559326,2.3893001079559326,2.4000000953674316,2.3875999450683594,2.3875999450683594,3467.0
2024-10-31 09:37:00+00:00,LGO,2.4893999099731445,2.4893999099731445,2.4893999099731445,2.4893999099731445,2.4893999099731445,200.0
2024-10-31 09:37:00+00:00,LITM,0.36719998717308044,0.36719998717308044,0.36719998717308044,0.33500000834465027,0.3424000144004822,1709.0
2024-10-31 09:37:00+00:00,LWLG,3.2699999809265137,3.2699999809265137,3.2699999809265137,3.2699999809265137,3.2699999809265137,205.0
2024-10-31 09:37:00+00:00,MERC,6.53000020980835,6.53000020980835,6.53000020980835,6.53000020980835,6.53000020980835,138.0
2024-10-31 09:37:00+00:00,METC,10.100000381469727,10.100000381469727,10.100000381469727,10.100000381469727,10.100000381469727,682.0
2024-10-31 09:37:00+00:00,ORGN,1.3825000524520874,1.3825000524520874,1.3825000524520874,1.3825000524520874,1.3825000524520874,1095.0
2024-10-31 09:37:00+00:00,PLL,13.010000228881836,13.010000228881836,13.010000228881836,12.968400001525879,12.968400001525879,2337.0
2024-10-31 09:37:00+00:00,PPTA,10.092900276184082,10.092900276184082,10.092900276184082,10.092900276184082,10.092900276184082,1502.0
2024-10-31 09:37:00+00:00,SGML,14.0600004196167,14.0600004196167,14.0600004196167,13.984999656677246,14.029899597167969,704.0
2024-10-31 09:37:00+00:00,SSRM,6.13100004196167,6.13100004196167,6.139999866485596,6.130000114440918,6.139999866485596,4895.0
2024-10-31 09:37:00+00:00,STLD,132.6999969482422,132.6999969482422,132.6999969482422,132.6999969482422,132.6999969482422,703.0
2024-10-31 09:37:00+00:00,USAP,43.84000015258789,43.84000015258789,43.900001525878906,43.84000015258789,43.88999938964844,4085.0
2024-10-31 09:38:00+00:00,ALTO,1.7699999809265137,1.7699999809265137,1.7699999809265137,1.7350000143051147,1.7350000143051147,12470.0
2024-10-31 09:38:00+00:00,AREC,1.0399999618530273,1.0399999618530273,1.0399999618530273,1.0300999879837036,1.0399999618530273,3258.0
2024-10-31 09:38:00+00:00,ASTL,10.619999885559082,10.619999885559082,10.619999885559082,10.619999885559082,10.619999885559082,350.0
2024-10-31 09:38:00+00:00,CENX,17.670000076293945,17.670000076293945,17.670000076293945,17.6200008392334,17.6200008392334,456.0
2024-10-31 09:38:00+00:00,CNEY,0.5098999738693237,0.5098999738693237,0.5098999738693237,0.5098999738693237,0.5098999738693237,200.0
2024-10-31 09:38:00+00:00,CRKN,0.8925999999046326,0.8925999999046326,0.8925999999046326,0.8925999999046326,0.8925999999046326,543.0
2024-10-31 09:38:00+00:00,GEVO,2.444999933242798,2.444999933242798,2.450000047683716,2.4200000762939453,2.4298999309539795,114894.0
2024-10-31 09:38:00+00:00,GPRE,13.149999618530273,13.149999618530273,13.149999618530273,12.979999542236328,13.007100105285645,16694.0
2024-10-31 09:38:00+00:00,GSM,4.21999979019165,4.21999979019165,4.21999979019165,4.210000038146973,4.210000038146973,3548.0
2024-10-31 09:38:00+00:00,GURE,0.6462000012397766,0.6462000012397766,0.6462000012397766,0.6462000012397766,0.6462000012397766,310.0
2024-10-31 09:38:00+00:00,HWKN,109.08000183105469,109.08000183105469,109.94000244140625,108.99600219726562,108.99600219726562,1336.0
2024-10-31 09:38:00+00:00,HYMC,2.380000114440918,2.380000114440918,2.3824000358581543,2.380000114440918,2.3824000358581543,1732.0
2024-10-31 09:38:00+00:00,LGO,2.4800000190734863,2.4800000190734863,2.4820001125335693,2.4800000190734863,2.4800000190734863,920.0
2024-10-31 09:38:00+00:00,LITM,0.35179999470710754,0.35179999470710754,0.35179999470710754,0.35179999470710754,0.35179999470710754,8699.0
2024-10-31 09:38:00+00:00,LWLG,3.2699999809265137,3.2699999809265137,3.2799999713897705,3.259999990463257,3.259999990463257,7530.0
2024-10-31 09:38:00+00:00,MERC,6.494999885559082,6.494999885559082,6.494999885559082,6.494999885559082,6.494999885559082,217.0
2024-10-31 09:38:00+00:00,ORGN,1.3799999952316284,1.3799999952316284,1.3799999952316284,1.3799999952316284,1.3799999952316284,3767.0
2024-10-31 09:38:00+00:00,PAAS,23.59000015258789,23.59000015258789,23.600000381469727,23.59000015258789,23.600000381469727,26380.0
2024-10-31 09:38:00+00:00,PLL,12.949999809265137,12.949999809265137,12.949999809265137,12.949999809265137,12.949999809265137,464.0
2024-10-31 09:38:00+00:00,RGLD,149.1699981689453,149.1699981689453,149.1699981689453,149.1699981689453,149.1699981689453,515.0
2024-10-31 09:38:00+00:00,SGML,14.0600004196167,14.0600004196167,14.0600004196167,14.0600004196167,14.0600004196167,454.0
2024-10-31 09:38:00+00:00,SNES,3.015000104904175,3.015000104904175,3.015000104904175,3.015000104904175,3.015000104904175,1000.0
2024-10-31 09:38:00+00:00,SSRM,6.130000114440918,6.130000114440918,6.139999866485596,6.130000114440918,6.135000228881836,7477.0
2024-10-31 09:38:00+00:00,STLD,133.00999450683594,133.00999450683594,133.00999450683594,132.72000122070312,132.92999267578125,2942.0
2024-10-31 09:38:00+00:00,USAP,43.97999954223633,43.97999954223633,43.97999954223633,43.95000076293945,43.95000076293945,2162.0
2024-10-31 09:39:00+00:00,ALTO,1.7699999809265137,1.7699999809265137,1.7699999809265137,1.7699999809265137,1.7699999809265137,1701.0
2024-10-31 09:39:00+00:00,ASTL,10.640000343322754,10.640000343322754,10.640000343322754,10.640000343322754,10.640000343322754,221.0
2024-10-31 09:39:00+00:00,CENX,17.7450008392334,17.7450008392334,17.7450008392334,17.604999542236328,17.604999542236328,1840.0
2024-10-31 09:39:00+00:00,CNEY,0.5076000094413757,0.5076000094413757,0.5091000199317932,0.5076000094413757,0.5085999965667725,965.0
2024-10-31 09:39:00+00:00,CRKN,0.8967999815940857,0.8967999815940857,0.8999999761581421,0.8967999815940857,0.8996999859809875,611.0
2024-10-31 09:39:00+00:00,FEAM,0.4699999988079071,0.4699999988079071,0.4699999988079071,0.4699999988079071,0.4699999988079071,224.0
2024-10-31 09:39:00+00:00,GEVO,2.444999933242798,2.444999933242798,2.450000047683716,2.440000057220459,2.449899911880493,26767.0
2024-10-31 09:39:00+00:00,GPRE,13.3149995803833,13.3149995803833,13.449999809265137,13.09000015258789,13.149999618530273,40008.0
2024-10-31 09:39:00+00:00,GSM,4.21999979019165,4.21999979019165,4.235000133514404,4.21999979019165,4.235000133514404,1720.0
2024-10-31 09:39:00+00:00,GURE,0.5709999799728394,0.5709999799728394,0.5709999799728394,0.5709999799728394,0.5709999799728394,150.0
2024-10-31 09:39:00+00:00,HDSN,7.72599983215332,7.72599983215332,7.72599983215332,7.72599983215332,7.72599983215332,352.0
2024-10-31 09:39:00+00:00,HWKN,108.63999938964844,108.63999938964844,109.63500213623047,108.58999633789062,109.63500213623047,3898.0
2024-10-31 09:39:00+00:00,HYMC,2.3624000549316406,2.3624000549316406,2.375,2.3624000549316406,2.375,2961.0
2024-10-31 09:39:00+00:00,IPX,21.795000076293945,21.795000076293945,21.795000076293945,21.795000076293945,21.795000076293945,200.0
2024-10-31 09:39:00+00:00,KALU,76.56500244140625,76.56500244140625,76.56500244140625,76.56500244140625,76.56500244140625,530.0
2024-10-31 09:39:00+00:00,LGO,2.4800000190734863,2.4800000190734863,2.4800000190734863,2.4800000190734863,2.4800000190734863,95.0
2024-10-31 09:39:00+00:00,MEOH,39.6150016784668,39.6150016784668,39.6150016784668,39.6150016784668,39.6150016784668,216.0
2024-10-31 09:39:00+00:00,METC,10.135600090026855,10.135600090026855,10.135600090026855,10.135600090026855,10.135600090026855,678.0
2024-10-31 09:39:00+00:00,ORGN,1.3799999952316284,1.3799999952316284,1.3799999952316284,1.3799999952316284,1.3799999952316284,0.0
2024-10-31 09:39:00+00:00,PAAS,23.549999237060547,23.549999237060547,23.610000610351562,23.549999237060547,23.594999313354492,16172.0
2024-10-31 09:39:00+00:00,PLL,13.172599792480469,13.172599792480469,13.172599792480469,13.010000228881836,13.010000228881836,2615.0
2024-10-31 09:39:00+00:00,PPTA,10.050000190734863,10.050000190734863,10.050000190734863,10.050000190734863,10.050000190734863,2878.0
2024-10-31 09:39:00+00:00,SGML,14.210000038146973,14.210000038146973,14.229900360107422,14.210000038146973,14.229900360107422,217.0
2024-10-31 09:39:00+00:00,STLD,133.6699981689453,133.6699981689453,133.6699981689453,133.60000610351562,133.60000610351562,3390.0
2024-10-31 09:39:00+00:00,TMC,0.9613000154495239,0.9613000154495239,0.9613000154495239,0.9613000154495239,0.9613000154495239,321.0
2024-10-31 09:39:00+00:00,UFPI,121.83499908447266,121.83499908447266,121.98999786376953,121.80999755859375,121.9800033569336,3818.0
2024-10-31 09:39:00+00:00,USAP,44.150001525878906,44.150001525878906,44.150001525878906,43.97999954223633,43.97999954223633,2913.0
2024-10-31 09:39:00+00:00,USAU,6.199999809265137,6.199999809265137,6.199999809265137,6.199999809265137,6.199999809265137,139.0
2024-10-31 09:39:00+00:00,ZEUS,36.63999938964844,36.63999938964844,36.63999938964844,36.529998779296875,36.529998779296875,991.0
2024-10-31 09:40:00+00:00,ACNT,9.350000381469727,9.350000381469727,9.350000381469727,9.350000381469727,9.350000381469727,0.0
2024-10-31 09:40:00+00:00,ALTO,1.7798999547958374,1.7798999547958374,1.7799999713897705,1.7699999809265137,1.7699999809265137,6407.0
2024-10-31 09:40:00+00:00,ASTL,10.619999885559082,10.619999885559082,10.630000114440918,10.619999885559082,10.630000114440918,1289.0
2024-10-31 09:40:00+00:00,BIOX,6.849999904632568,6.849999904632568,6.849999904632568,6.849999904632568,6.849999904632568,107.0
2024-10-31 09:40:00+00:00,CENX,17.739999771118164,17.739999771118164,17.739999771118164,17.66010093688965,17.700000762939453,1180.0
2024-10-31 09:40:00+00:00,CNEY,0.5253999829292297,0.5253999829292297,0.5254999995231628,0.5217000246047974,0.5217000246047974,2015.0
2024-10-31 09:40:00+00:00,CRKN,0.8942000269889832,0.8942000269889832,0.8999999761581421,0.8942000269889832,0.8999000191688538,1356.0
2024-10-31 09:40:00+00:00,GEVO,2.4514999389648438,2.4514999389648438,2.4600000381469727,2.442500114440918,2.450000047683716,55195.0
2024-10-31 09:40:00+00:00,GPRE,13.297599792480469,13.297599792480469,13.350000381469727,13.239999771118164,13.300000190734863,12878.0
2024-10-31 09:40:00+00:00,GSM,4.21999979019165,4.21999979019165,4.21999979019165,4.21999979019165,4.21999979019165,558.0
2024-10-31 09:40:00+00:00,HWKN,108.0,108.0,108.63999938964844,108.0,108.58999633789062,2755.0
2024-10-31 09:40:00+00:00,HYMC,2.384000062942505,2.384000062942505,2.384000062942505,2.384000062942505,2.384000062942505,177.0
2024-10-31 09:40:00+00:00,LWLG,3.259999990463257,3.259999990463257,3.2799999713897705,3.25,3.2750000953674316,5388.0
2024-10-31 09:40:00+00:00,MEOH,39.58000183105469,39.58000183105469,39.58000183105469,39.529998779296875,39.529998779296875,861.0
2024-10-31 09:40:00+00:00,NTIC,12.960000038146973,12.960000038146973,12.960000038146973,12.960000038146973,12.960000038146973,395.0
2024-10-31 09:40:00+00:00,ORGN,1.3849999904632568,1.3849999904632568,1.3849999904632568,1.3808000087738037,1.3808000087738037,450.0
2024-10-31 09:40:00+00:00,PAAS,23.475000381469727,23.475000381469727,23.59000015258789,23.469999313354492,23.540000915527344,75504.0
2024-10-31 09:40:00+00:00,PLL,13.031900405883789,13.031900405883789,13.0600004196167,12.970000267028809,13.029999732971191,3112.0
2024-10-31 09:40:00+00:00,RGLD,149.0529022216797,149.0529022216797,149.0529022216797,149.0529022216797,149.0529022216797,482.0
2024-10-31 09:40:00+00:00,SGML,14.199999809265137,14.199999809265137,14.229999542236328,14.199999809265137,14.199999809265137,464.0
2024-10-31 09:40:00+00:00,SSRM,6.110000133514404,6.110000133514404,6.119999885559082,6.110000133514404,6.119999885559082,10042.0
2024-10-31 09:40:00+00:00,UFPI,121.74669647216797,121.74669647216797,121.7699966430664,121.74669647216797,121.7699966430664,526.0
2024-10-31 09:40:00+00:00,USAP,44.220001220703125,44.220001220703125,44.220001220703125,44.220001220703125,44.220001220703125,1473.0
2024-10-31 09:40:00+00:00,USAU,6.175000190734863,6.175000190734863,6.175000190734863,6.170000076293945,6.170000076293945,762.0
2024-10-31 09:41:00+00:00,ALTO,1.784999966621399,1.784999966621399,1.784999966621399,1.784999966621399,1.784999966621399,2000.0
2024-10-31 09:41:00+00:00,CENX,17.760000228881836,17.760000228881836,17.760000228881836,17.739999771118164,17.739999771118164,1818.0
2024-10-31 09:41:00+00:00,CNEY,0.5135999917984009,0.5135999917984009,0.5135999917984009,0.5135999917984009,0.5135999917984009,290.0
2024-10-31 09:41:00+00:00,CRKN,0.8942000269889832,0.8942000269889832,0.8999999761581421,0.8942000269889832,0.8999999761581421,8306.0
2024-10-31 09:41:00+00:00,GEVO,2.490000009536743,2.490000009536743,2.5,2.4549999237060547,2.4549999237060547,93897.0
2024-10-31 09:41:00+00:00,GPRE,13.279999732971191,13.279999732971191,13.350000381469727,13.279999732971191,13.303500175476074,4581.0
2024-10-31 09:41:00+00:00,HDSN,7.730000019073486,7.730000019073486,7.730000019073486,7.730000019073486,7.730000019073486,1123.0
2024-10-31 09:41:00+00:00,HYMC,2.361299991607666,2.361299991607666,2.389899969100952,2.361299991607666,2.375,3500.0
2024-10-31 09:41:00+00:00,LITM,0.36000001430511475,0.36000001430511475,0.36000001430511475,0.36000001430511475,0.36000001430511475,3500.0
2024-10-31 09:41:00+00:00,MEOH,39.529998779296875,39.529998779296875,39.529998779296875,39.529998779296875,39.529998779296875,446.0
2024-10-31 09:41:00+00:00,MERC,6.480000019073486,6.480000019073486,6.480000019073486,6.480000019073486,6.480000019073486,405.0
2024-10-31 09:41:00+00:00,ORGN,1.3849999904632568,1.3849999904632568,1.3849999904632568,1.3849999904632568,1.3849999904632568,400.0
2024-10-31 09:41:00+00:00,PAAS,23.540000915527344,23.540000915527344,23.559999465942383,23.479999542236328,23.489999771118164,53332.0
2024-10-31 09:41:00+00:00,PLL,13.069999694824219,13.069999694824219,13.069999694824219,12.949999809265137,12.949999809265137,1612.0
2024-10-31 09:41:00+00:00,PPTA,9.970000267028809,9.970000267028809,10.0,9.970000267028809,10.0,3431.0
2024-10-31 09:41:00+00:00,RETO,1.149899959564209,1.149899959564209,1.149899959564209,1.125,1.125,984.0
2024-10-31 09:41:00+00:00,RGLD,148.6999969482422,148.6999969482422,148.6999969482422,148.6999969482422,148.6999969482422,120.0
2024-10-31 09:41:00+00:00,SGML,14.239999771118164,14.239999771118164,14.239999771118164,14.229999542236328,14.239999771118164,665.0
2024-10-31 09:41:00+00:00,SNES,3.0,3.0,3.0,2.9800000190734863,2.9800000190734863,1843.0
2024-10-31 09:41:00+00:00,SSRM,6.108399868011475,6.108399868011475,6.1097002029418945,6.099999904632568,6.105100154876709,2769.0
2024-10-31 09:41:00+00:00,UFPI,121.91000366210938,121.91000366210938,121.91000366210938,121.91000366210938,121.91000366210938,693.0
2024-10-31 09:42:00+00:00,ACNT,9.293800354003906,9.293800354003906,9.293800354003906,9.293800354003906,9.293800354003906,2706.0
2024-10-31 09:42:00+00:00,ALTO,1.784999966621399,1.784999966621399,1.784999966621399,1.7800999879837036,1.7800999879837036,4284.0
2024-10-31 09:42:00+00:00,CENX,17.690000534057617,17.690000534057617,17.809999465942383,17.690000534057617,17.764999389648438,1664.0
2024-10-31 09:42:00+00:00,CNEY,0.5138000249862671,0.5138000249862671,0.5138000249862671,0.513700008392334,0.513700008392334,1726.0
2024-10-31 09:42:00+00:00,GEVO,2.4749999046325684,2.4749999046325684,2.4885001182556152,2.4700000286102295,2.4885001182556152,7016.0
2024-10-31 09:42:00+00:00,GPRE,13.369999885559082,13.369999885559082,13.369999885559082,13.300000190734863,13.300000190734863,5282.0
2024-10-31 09:42:00+00:00,GSM,4.224999904632568,4.224999904632568,4.230000019073486,4.224999904632568,4.228799819946289,834.0
2024-10-31 09:42:00+00:00,HWKN,107.0000991821289,107.0000991821289,107.19999694824219,107.0000991821289,107.19999694824219,532.0
2024-10-31 09:42:00+00:00,IOSP,109.45999908447266,109.45999908447266,109.45999908447266,109.45999908447266,109.45999908447266,260.0
2024-10-31 09:42:00+00:00,IPX,21.795000076293945,21.795000076293945,21.795000076293945,21.795000076293945,21.795000076293945,376.0
2024-10-31 09:42:00+00:00,LGO,2.4800000190734863,2.4800000190734863,2.4800000190734863,2.4800000190734863,2.4800000190734863,653.0
2024-10-31 09:42:00+00:00,MERC,6.449999809265137,6.449999809265137,6.485000133514404,6.449999809265137,6.480000019073486,524.0
2024-10-31 09:42:00+00:00,ORGN,1.3849999904632568,1.3849999904632568,1.3849999904632568,1.3849999904632568,1.3849999904632568,1308.0
2024-10-31 09:42:00+00:00,PAAS,23.530000686645508,23.530000686645508,23.559999465942383,23.507299423217773,23.540000915527344,11615.0
2024-10-31 09:42:00+00:00,PLL,13.020000457763672,13.020000457763672,13.020000457763672,13.020000457763672,13.020000457763672,527.0
2024-10-31 09:42:00+00:00,PPTA,10.03499984741211,10.03499984741211,10.03499984741211,10.03499984741211,10.03499984741211,302.0
2024-10-31 09:42:00+00:00,SGML,14.404999732971191,14.404999732971191,14.404999732971191,14.319999694824219,14.319999694824219,492.0
2024-10-31 09:42:00+00:00,SSRM,6.090000152587891,6.090000152587891,6.105000019073486,6.090000152587891,6.105000019073486,5440.0
2024-10-31 09:42:00+00:00,TMC,0.9653000235557556,0.9653000235557556,0.9653000235557556,0.9653000235557556,0.9653000235557556,4164.0
2024-10-31 09:42:00+00:00,UFPI,122.25,122.25,122.25,122.25,122.25,321.0
2024-10-31 09:42:00+00:00,USAP,44.25,44.25,44.25,44.25,44.25,2771.0
2024-10-31 09:42:00+00:00,USAU,6.090000152587891,6.090000152587891,6.150000095367432,6.090000152587891,6.150000095367432,10783.0
2024-10-31 09:43:00+00:00,ALTO,1.7800999879837036,1.7800999879837036,1.7826999425888062,1.7800999879837036,1.7826999425888062,5000.0
2024-10-31 09:43:00+00:00,BIOX,6.849999904632568,6.849999904632568,6.849999904632568,6.849999904632568,6.849999904632568,102.0
2024-10-31 09:43:00+00:00,CENX,17.700000762939453,17.700000762939453,17.729999542236328,17.700000762939453,17.719999313354492,2531.0
2024-10-31 09:43:00+00:00,CNEY,0.5253999829292297,0.5253999829292297,0.5253999829292297,0.5253000259399414,0.5253000259399414,2163.0
2024-10-31 09:43:00+00:00,CRKN,0.8985999822616577,0.8985999822616577,0.8985999822616577,0.887499988079071,0.887499988079071,790.0
2024-10-31 09:43:00+00:00,GEVO,2.4749999046325684,2.4749999046325684,2.4783999919891357,2.4700000286102295,2.4749999046325684,15256.0
2024-10-31 09:43:00+00:00,GPRE,13.302499771118164,13.302499771118164,13.319999694824219,13.288000106811523,13.288000106811523,4423.0
2024-10-31 09:43:00+00:00,GSM,4.230000019073486,4.230000019073486,4.230000019073486,4.230000019073486,4.230000019073486,300.0
2024-10-31 09:43:00+00:00,HUDI,2.0694000720977783,2.0694000720977783,2.0799999237060547,2.065000057220459,2.065000057220459,2301.0
2024-10-31 09:43:00+00:00,HWKN,107.58999633789062,107.58999633789062,107.61000061035156,107.0,107.0,1232.0
2024-10-31 09:43:00+00:00,HYMC,2.369999885559082,2.369999885559082,2.380000114440918,2.369999885559082,2.380000114440918,1431.0
2024-10-31 09:43:00+00:00,IOSP,109.31999969482422,109.31999969482422,109.31999969482422,109.31999969482422,109.31999969482422,1466.0
2024-10-31 09:43:00+00:00,IPX,21.795000076293945,21.795000076293945,21.795000076293945,21.795000076293945,21.795000076293945,0.0
2024-10-31 09:43:00+00:00,KALU,76.6449966430664,76.6449966430664,76.6449966430664,76.6449966430664,76.6449966430664,201.0
2024-10-31 09:43:00+00:00,LGO,2.476900100708008,2.476900100708008,2.476900100708008,2.476900100708008,2.476900100708008,400.0
2024-10-31 09:43:00+00:00,ORGN,1.3849999904632568,1.3849999904632568,1.3849999904632568,1.3849999904632568,1.3849999904632568,469.0
2024-10-31 09:43:00+00:00,PAAS,23.489999771118164,23.489999771118164,23.559999465942383,23.489999771118164,23.510000228881836,7246.0
2024-10-31 09:43:00+00:00,PLL,13.100000381469727,13.100000381469727,13.100000381469727,12.979999542236328,13.029999732971191,2542.0
2024-10-31 09:43:00+00:00,SGML,14.191900253295898,14.191900253295898,14.191900253295898,14.191900253295898,14.191900253295898,295.0
2024-10-31 09:43:00+00:00,SSRM,6.099999904632568,6.099999904632568,6.107500076293945,6.099999904632568,6.099999904632568,4854.0
2024-10-31 09:43:00+00:00,TMC,0.9692999720573425,0.9692999720573425,0.9692999720573425,0.9692999720573425,0.9692999720573425,4251.0
2024-10-31 09:43:00+00:00,UFPI,122.37000274658203,122.37000274658203,122.37000274658203,121.94999694824219,121.95999908447266,2308.0
2024-10-31 09:43:00+00:00,USAP,44.459999084472656,44.459999084472656,44.459999084472656,44.30950164794922,44.31999969482422,626.0
2024-10-31 09:43:00+00:00,USAU,6.09499979019165,6.09499979019165,6.09499979019165,6.09499979019165,6.09499979019165,177.0
2024-10-31 09:43:00+00:00,USLM,107.69550323486328,107.69550323486328,107.70500183105469,107.69550323486328,107.70500183105469,604.0
2024-10-31 09:44:00+00:00,ACNT,9.280500411987305,9.280500411987305,9.395000457763672,9.280500411987305,9.395000457763672,797.0
2024-10-31 09:44:00+00:00,ALTO,1.7599999904632568,1.7599999904632568,1.7800999879837036,1.7599999904632568,1.7799999713897705,18048.0
2024-10-31 09:44:00+00:00,ASTL,10.600000381469727,10.600000381469727,10.609999656677246,10.600000381469727,10.609999656677246,1900.0
2024-10-31 09:44:00+00:00,BIOX,6.849999904632568,6.849999904632568,6.849999904632568,6.849999904632568,6.849999904632568,428.0
2024-10-31 09:44:00+00:00,CENX,17.739999771118164,17.739999771118164,17.739999771118164,17.709999084472656,17.709999084472656,109.0
2024-10-31 09:44:00+00:00,CRKN,0.8930000066757202,0.8930000066757202,0.8930000066757202,0.8930000066757202,0.8930000066757202,201.0
2024-10-31 09:44:00+00:00,FEAM,0.4699999988079071,0.4699999988079071,0.4699999988079071,0.4699999988079071,0.4699999988079071,112.0
2024-10-31 09:44:00+00:00,GEVO,2.4714999198913574,2.4714999198913574,2.4800000190734863,2.4700000286102295,2.4749999046325684,17606.0
2024-10-31 09:44:00+00:00,GPRE,13.289999961853027,13.289999961853027,13.350000381469727,13.280099868774414,13.319999694824219,4739.0
2024-10-31 09:44:00+00:00,GSM,4.25,4.25,4.255000114440918,4.224999904632568,4.229899883270264,18097.0
2024-10-31 09:44:00+00:00,HDSN,7.710000038146973,7.710000038146973,7.725800037384033,7.710000038146973,7.725800037384033,1397.0
2024-10-31 09:44:00+00:00,HYMC,2.369999885559082,2.369999885559082,2.380000114440918,2.369999885559082,2.380000114440918,1943.0
2024-10-31 09:44:00+00:00,KALU,77.0,77.0,77.0,76.6449966430664,76.6449966430664,1055.0
2024-10-31 09:44:00+00:00,LGO,2.4700000286102295,2.4700000286102295,2.4709999561309814,2.4700000286102295,2.4709999561309814,7601.0
2024-10-31 09:44:00+00:00,LITM,0.3686999976634979,0.3686999976634979,0.3686999976634979,0.3409999907016754,0.3440000116825104,19800.0
2024-10-31 09:44:00+00:00,LWLG,3.265000104904175,3.265000104904175,3.265000104904175,3.259999990463257,3.259999990463257,1501.0
2024-10-31 09:44:00+00:00,MERC,6.429999828338623,6.429999828338623,6.440000057220459,6.429999828338623,6.440000057220459,824.0
2024-10-31 09:44:00+00:00,METC,10.180000305175781,10.180000305175781,10.180000305175781,10.15999984741211,10.170000076293945,1855.0
2024-10-31 09:44:00+00:00,NTIC,12.75,12.75,12.75,12.75,12.75,312.0
2024-10-31 09:44:00+00:00,PAAS,23.459999084472656,23.459999084472656,23.5,23.43000030517578,23.479999542236328,31290.0
2024-10-31 09:44:00+00:00,PLL,13.069999694824219,13.069999694824219,13.120400428771973,13.069999694824219,13.119999885559082,1761.0
2024-10-31 09:44:00+00:00,PPTA,9.989999771118164,9.989999771118164,10.0,9.989999771118164,10.0,2102.0
2024-10-31 09:44:00+00:00,RGLD,148.506103515625,148.506103515625,148.50999450683594,148.5,148.50999450683594,1276.0
2024-10-31 09:44:00+00:00,SGML,14.279999732971191,14.279999732971191,14.279999732971191,14.279999732971191,14.279999732971191,282.0
2024-10-31 09:44:00+00:00,SSRM,6.105000019073486,6.105000019073486,6.110000133514404,6.099999904632568,6.099999904632568,1143.0
2024-10-31 09:44:00+00:00,STLD,133.6649932861328,133.6649932861328,133.6649932861328,133.6649932861328,133.6649932861328,820.0
2024-10-31 09:44:00+00:00,TMC,0.9613000154495239,0.9613000154495239,0.9613000154495239,0.9613000154495239,0.9613000154495239,2047.0
2024-10-31 09:44:00+00:00,UFPI,122.0999984741211,122.0999984741211,122.0999984741211,122.0999984741211,122.0999984741211,343.0
2024-10-31 09:45:00+00:00,ACNT,9.400099754333496,9.400099754333496,9.400099754333496,9.400099754333496,9.400099754333496,2149.0
2024-10-31 09:45:00+00:00,ALTO,1.7699999809265137,1.7699999809265137,1.7699999809265137,1.7699999809265137,1.7699999809265137,0.0
2024-10-31 09:45:00+00:00,BIOX,6.849999904632568,6.849999904632568,6.849999904632568,6.849999904632568,6.849999904632568,1600.0
2024-10-31 09:45:00+00:00,CENX,17.6200008392334,17.6200008392334,17.65519905090332,17.6200008392334,17.65519905090332,1148.0
2024-10-31 09:45:00+00:00,CNEY,0.5188999772071838,0.5188999772071838,0.5188999772071838,0.5188999772071838,0.5188999772071838,10645.0
2024-10-31 09:45:00+00:00,CRKN,0.8970000147819519,0.8970000147819519,0.8970000147819519,0.8970000147819519,0.8970000147819519,302.0
2024-10-31 09:45:00+00:00,GEVO,2.4749999046325684,2.4749999046325684,2.4800000190734863,2.4649999141693115,2.4749999046325684,73941.0
2024-10-31 09:45:00+00:00,GPRE,13.140000343322754,13.140000343322754,13.399999618530273,13.029999732971191,13.324999809265137,66760.0
2024-10-31 09:45:00+00:00,GURE,0.5910000205039978,0.5910000205039978,0.5910000205039978,0.5699999928474426,0.5699999928474426,1100.0
2024-10-31 09:45:00+00:00,HWKN,108.4800033569336,108.4800033569336,108.4800033569336,108.4800033569336,108.4800033569336,502.0
2024-10-31 09:45:00+00:00,HYMC,2.3601999282836914,2.3601999282836914,2.3601999282836914,2.3601999282836914,2.3601999282836914,1078.0
2024-10-31 09:45:00+00:00,LGO,2.460900068283081,2.460900068283081,2.460900068283081,2.460900068283081,2.460900068283081,740.0
2024-10-31 09:45:00+00:00,LITM,0.3528999984264374,0.3528999984264374,0.3686999976634979,0.34200000762939453,0.3474000096321106,5300.0
2024-10-31 09:45:00+00:00,LWLG,3.259999990463257,3.259999990463257,3.2699999809265137,3.259999990463257,3.259999990463257,9560.0
2024-10-31 09:45:00+00:00,MEOH,39.54999923706055,39.54999923706055,39.54999923706055,39.5,39.5099983215332,1624.0
2024-10-31 09:45:00+00:00,METC,10.114999771118164,10.114999771118164,10.15999984741211,10.100000381469727,10.15999984741211,1051.0
2024-10-31 09:45:00+00:00,PAAS,23.3799991607666,23.3799991607666,23.459999084472656,23.350000381469727,23.459999084472656,26978.0
2024-10-31 09:45:00+00:00,PLL,12.991000175476074,12.991000175476074,12.991000175476074,12.979999542236328,12.979999542236328,1330.0
2024-10-31 09:45:00+00:00,PPTA,10.020000457763672,10.020000457763672,10.020000457763672,9.989999771118164,9.989999771118164,269.0
2024-10-31 09:45:00+00:00,SGML,14.319999694824219,14.319999694824219,14.329999923706055,14.25,14.25,2434.0
2024-10-31 09:45:00+00:00,SSRM,6.060999870300293,6.060999870300293,6.090000152587891,6.060999870300293,6.090000152587891,7517.0
2024-10-31 09:45:00+00:00,STLD,133.1699981689453,133.1699981689453,133.3300018310547,133.1699981689453,133.3300018310547,607.0
2024-10-31 09:45:00+00:00,TMC,0.9692000150680542,0.9692000150680542,0.9692000150680542,0.9692000150680542,0.9692000150680542,233.0
2024-10-31 09:45:00+00:00,USAU,6.105000019073486,6.105000019073486,6.105000019073486,6.105000019073486,6.105000019073486,549.0
2024-10-31 09:46:00+00:00,ACNT,9.130000114440918,9.130000114440918,9.130000114440918,9.130000114440918,9.130000114440918,5295.0
2024-10-31 09:46:00+00:00,CNEY,0.5170000195503235,0.5170000195503235,0.5170000195503235,0.5170000195503235,0.5170000195503235,0.0
2024-10-31 09:46:00+00:00,GEVO,2.470099925994873,2.470099925994873,2.470099925994873,2.4649999141693115,2.4700000286102295,15208.0
2024-10-31 09:46:00+00:00,GPRE,13.119999885559082,13.119999885559082,13.119999885559082,13.119999885559082,13.119999885559082,161.0
2024-10-31 09:46:00+00:00,GSM,4.244999885559082,4.244999885559082,4.244999885559082,4.244999885559082,4.244999885559082,2369.0
2024-10-31 09:46:00+00:00,GURE,0.5824000239372253,0.5824000239372253,0.5824000239372253,0.5699999928474426,0.5699999928474426,800.0
2024-10-31 09:46:00+00:00,KALU,76.92500305175781,76.92500305175781,76.92500305175781,76.92500305175781,76.92500305175781,494.0
2024-10-31 09:46:00+00:00,LGO,2.450000047683716,2.450000047683716,2.450000047683716,2.450000047683716,2.450000047683716,4507.0
2024-10-31 09:46:00+00:00,LWLG,3.2799999713897705,3.2799999713897705,3.2799999713897705,3.244999885559082,3.2576000690460205,4622.0
2024-10-31 09:46:00+00:00,PAAS,23.395000457763672,23.395000457763672,23.420000076293945,23.3700008392334,23.3799991607666,29317.0
2024-10-31 09:46:00+00:00,SGML,14.220000267028809,14.220000267028809,14.260000228881836,14.220000267028809,14.260000228881836,2133.0
2024-10-31 09:46:00+00:00,SSRM,6.069499969482422,6.069499969482422,6.070000171661377,6.069499969482422,6.070000171661377,3317.0
2024-10-31 09:46:00+00:00,TMC,0.9614999890327454,0.9614999890327454,0.9614999890327454,0.9614999890327454,0.9614999890327454,739.0
2024-10-31 09:46:00+00:00,UFPI,122.04000091552734,122.04000091552734,122.04000091552734,122.04000091552734,122.04000091552734,3011.0
2024-10-31 09:46:00+00:00,WDFC,263.7099914550781,263.7099914550781,263.7099914550781,263.7099914550781,263.7099914550781,557.0
2024-10-31 09:47:00+00:00,ALTO,1.7700999975204468,1.7700999975204468,1.7700999975204468,1.7700999975204468,1.7700999975204468,7271.0
2024-10-31 09:47:00+00:00,ASTL,10.600000381469727,10.600000381469727,10.600000381469727,10.600000381469727,10.600000381469727,1441.0
2024-10-31 09:47:00+00:00,BCPC,168.2100067138672,168.2100067138672,168.2100067138672,168.2100067138672,168.2100067138672,893.0
2024-10-31 09:47:00+00:00,GEVO,2.4509999752044678,2.4509999752044678,2.4783999919891357,2.450000047683716,2.4783999919891357,75123.0
2024-10-31 09:47:00+00:00,GSM,4.239999771118164,4.239999771118164,4.239999771118164,4.239999771118164,4.239999771118164,5154.0
2024-10-31 09:47:00+00:00,HWKN,109.30000305175781,109.30000305175781,109.30000305175781,108.83000183105469,109.01000213623047,2665.0
2024-10-31 09:47:00+00:00,LITM,0.3700000047683716,0.3700000047683716,0.3700000047683716,0.3700000047683716,0.3700000047683716,10717.0
2024-10-31 09:47:00+00:00,LWLG,3.2300000190734863,3.2300000190734863,3.25,3.2300000190734863,3.25,10108.0
2024-10-31 09:47:00+00:00,MEOH,39.439998626708984,39.439998626708984,39.439998626708984,39.439998626708984,39.439998626708984,235.0
2024-10-31 09:47:00+00:00,MERC,6.440000057220459,6.440000057220459,6.440000057220459,6.440000057220459,6.440000057220459,2227.0
2024-10-31 09:47:00+00:00,METC,10.140000343322754,10.140000343322754,10.140000343322754,10.140000343322754,10.140000343322754,1297.0
2024-10-31 09:47:00+00:00,ORGN,1.382200002670288,1.382200002670288,1.382200002670288,1.382200002670288,1.382200002670288,2616.0
2024-10-31 09:47:00+00:00,PAAS,23.34000015258789,23.34000015258789,23.389999389648438,23.280000686645508,23.389999389648438,72119.0
2024-10-31 09:47:00+00:00,PPTA,9.989999771118164,9.989999771118164,9.989999771118164,9.989999771118164,9.989999771118164,1048.0
2024-10-31 09:47:00+00:00,RGLD,148.5,148.5,148.5,148.5,148.5,750.0
2024-10-31 09:47:00+00:00,SSRM,6.074999809265137,6.074999809265137,6.074999809265137,6.065000057220459,6.070000171661377,6798.0
2024-10-31 09:47:00+00:00,YTEN,0.6000999808311462,0.6000999808311462,0.6000999808311462,0.6000999808311462,0.6000999808311462,0.0
2024-10-31 09:48:00+00:00,ASTL,10.604999542236328,10.604999542236328,10.609999656677246,10.604999542236328,10.609999656677246,452.0
2024-10-31 09:48:00+00:00,BCPC,168.17999267578125,168.17999267578125,168.17999267578125,168.17999267578125,168.17999267578125,530.0
2024-10-31 09:48:00+00:00,CENX,17.549999237060547,17.549999237060547,17.549999237060547,17.540000915527344,17.540000915527344,1338.0
2024-10-31 09:48:00+00:00,CNEY,0.5188000202178955,0.5188000202178955,0.5249000191688538,0.5188000202178955,0.5249000191688538,6462.0
2024-10-31 09:48:00+00:00,CRKN,0.8970000147819519,0.8970000147819519,0.8970000147819519,0.8970000147819519,0.8970000147819519,2104.0
2024-10-31 09:48:00+00:00,FEAM,0.4855000078678131,0.4855000078678131,0.4855000078678131,0.4855000078678131,0.4855000078678131,888.0
2024-10-31 09:48:00+00:00,GEVO,2.4549999237060547,2.4549999237060547,2.45989990234375,2.444999933242798,2.4500999450683594,150354.0
2024-10-31 09:48:00+00:00,GPRE,13.289999961853027,13.289999961853027,13.372300148010254,13.260000228881836,13.350000381469727,22413.0
2024-10-31 09:48:00+00:00,GSM,4.235000133514404,4.235000133514404,4.235000133514404,4.235000133514404,4.235000133514404,508.0
2024-10-31 09:48:00+00:00,HDSN,7.689899921417236,7.689899921417236,7.699999809265137,7.689899921417236,7.699999809265137,11459.0
2024-10-31 09:48:00+00:00,HWKN,109.30000305175781,109.30000305175781,109.30000305175781,109.30000305175781,109.30000305175781,823.0
2024-10-31 09:48:00+00:00,HYMC,2.369999885559082,2.369999885559082,2.369999885559082,2.369999885559082,2.369999885559082,6370.0
2024-10-31 09:48:00+00:00,LWLG,3.2200000286102295,3.2200000286102295,3.2249999046325684,3.2200000286102295,3.2249999046325684,6404.0
2024-10-31 09:48:00+00:00,MEOH,39.29999923706055,39.29999923706055,39.439998626708984,39.29999923706055,39.439998626708984,1081.0
2024-10-31 09:48:00+00:00,MERC,6.429999828338623,6.429999828338623,6.440000057220459,6.429999828338623,6.440000057220459,896.0
2024-10-31 09:48:00+00:00,ORGN,1.3700000047683716,1.3700000047683716,1.3799999952316284,1.3700000047683716,1.3799999952316284,4328.0
2024-10-31 09:48:00+00:00,PAAS,23.319900512695312,23.319900512695312,23.40999984741211,23.319900512695312,23.350000381469727,24167.0
2024-10-31 09:48:00+00:00,PLL,12.850000381469727,12.850000381469727,12.961099624633789,12.850000381469727,12.961099624633789,17607.0
2024-10-31 09:48:00+00:00,PPTA,9.989999771118164,9.989999771118164,9.989999771118164,9.989999771118164,9.989999771118164,342.0
2024-10-31 09:48:00+00:00,SGML,14.270000457763672,14.270000457763672,14.3100004196167,14.210000038146973,14.210000038146973,6967.0
2024-10-31 09:48:00+00:00,SSRM,6.070000171661377,6.070000171661377,6.090000152587891,6.070000171661377,6.074999809265137,10900.0
2024-10-31 09:48:00+00:00,STLD,133.0749969482422,133.0749969482422,133.25,132.89869689941406,133.25,3766.0
2024-10-31 09:48:00+00:00,TMC,0.9502000212669373,0.9502000212669373,0.9628000259399414,0.9502000212669373,0.9628000259399414,118763.0
2024-10-31 09:48:00+00:00,USAP,44.15999984741211,44.15999984741211,44.25,44.15999984741211,44.25,3746.0
2024-10-31 09:48:00+00:00,USAU,6.139999866485596,6.139999866485596,6.139999866485596,6.130000114440918,6.130000114440918,1795.0
2024-10-31 09:48:00+00:00,USLM,108.08000183105469,108.08000183105469,108.08000183105469,107.8499984741211,107.875,1844.0
2024-10-31 09:48:00+00:00,YTEN,0.6100999712944031,0.6100999712944031,0.6100999712944031,0.6100999712944031,0.6100999712944031,95.0
2024-10-31 09:48:00+00:00,ZEUS,36.45000076293945,36.45000076293945,36.45000076293945,36.45000076293945,36.45000076293945,366.0
2024-10-31 09:49:00+00:00,ALTO,1.7699999809265137,1.7699999809265137,1.7699999809265137,1.7699999809265137,1.7699999809265137,139.0
2024-10-31 09:49:00+00:00,BIOX,6.849999904632568,6.849999904632568,6.849999904632568,6.849999904632568,6.849999904632568,0.0
2024-10-31 09:49:00+00:00,CENX,17.520000457763672,17.520000457763672,17.549999237060547,17.520000457763672,17.549999237060547,306.0
2024-10-31 09:49:00+00:00,CNEY,0.5249000191688538,0.5249000191688538,0.5249000191688538,0.5248000025749207,0.5248000025749207,1993.0
2024-10-31 09:49:00+00:00,GEVO,2.444999933242798,2.444999933242798,2.4549999237060547,2.442500114440918,2.450000047683716,33829.0
2024-10-31 09:49:00+00:00,GPRE,13.375,13.375,13.413200378417969,13.254599571228027,13.279999732971191,10359.0
2024-10-31 09:49:00+00:00,GSM,4.224999904632568,4.224999904632568,4.230000019073486,4.224999904632568,4.230000019073486,1919.0
2024-10-31 09:49:00+00:00,HDSN,7.679999828338623,7.679999828338623,7.679999828338623,7.679999828338623,7.679999828338623,884.0
2024-10-31 09:49:00+00:00,HYMC,2.3547000885009766,2.3547000885009766,2.369999885559082,2.3499999046325684,2.369999885559082,3251.0
2024-10-31 09:49:00+00:00,KALU,76.66500091552734,76.66500091552734,76.66500091552734,76.66500091552734,76.66500091552734,255.0
2024-10-31 09:49:00+00:00,LWLG,3.219399929046631,3.219399929046631,3.219399929046631,3.2149999141693115,3.2149999141693115,0.0
2024-10-31 09:49:00+00:00,MEOH,39.24250030517578,39.24250030517578,39.310001373291016,39.2400016784668,39.310001373291016,800.0
2024-10-31 09:49:00+00:00,MERC,6.420000076293945,6.420000076293945,6.420000076293945,6.420000076293945,6.420000076293945,213.0
2024-10-31 09:49:00+00:00,METC,10.119999885559082,10.119999885559082,10.119999885559082,10.119999885559082,10.119999885559082,1153.0
2024-10-31 09:49:00+00:00,PAAS,23.229999542236328,23.229999542236328,23.31599998474121,23.209999084472656,23.31599998474121,24316.0
2024-10-31 09:49:00+00:00,PLL,12.885000228881836,12.885000228881836,12.885000228881836,12.84000015258789,12.885000228881836,766.0
2024-10-31 09:49:00+00:00,PPTA,10.020000457763672,10.020000457763672,10.020000457763672,9.949999809265137,9.960000038146973,6727.0
2024-10-31 09:49:00+00:00,RGLD,148.19500732421875,148.19500732421875,148.19500732421875,147.80999755859375,148.0,4103.0
2024-10-31 09:49:00+00:00,SGML,14.1899995803833,14.1899995803833,14.3149995803833,14.1899995803833,14.3149995803833,6569.0
2024-10-31 09:49:00+00:00,SNES,3.0004000663757324,3.0004000663757324,3.009999990463257,2.9600000381469727,3.009999990463257,1200.0
2024-10-31 09:49:00+00:00,SSRM,6.034999847412109,6.034999847412109,6.059999942779541,6.03000020980835,6.059999942779541,23797.0
2024-10-31 09:49:00+00:00,STLD,132.74000549316406,132.74000549316406,133.0,132.74000549316406,133.0,2521.0
2024-10-31 09:49:00+00:00,TMC,0.9488999843597412,0.9488999843597412,0.954800009727478,0.9434000253677368,0.954800009727478,19402.0
2024-10-31 09:49:00+00:00,UFPI,121.74500274658203,121.74500274658203,121.74500274658203,121.74500274658203,121.74500274658203,338.0
2024-10-31 09:49:00+00:00,USAP,44.16999816894531,44.16999816894531,44.189998626708984,44.16999816894531,44.189998626708984,479.0
2024-10-31 09:49:00+00:00,USAU,6.070000171661377,6.070000171661377,6.070000171661377,6.070000171661377,6.070000171661377,200.0
2024-10-31 09:49:00+00:00,USLM,108.0999984741211,108.0999984741211,108.0999984741211,107.94000244140625,107.94000244140625,895.0
2024-10-31 09:50:00+00:00,CENX,17.559999465942383,17.559999465942383,17.559999465942383,17.475000381469727,17.475000381469727,483.0
2024-10-31 09:50:00+00:00,CNEY,0.5138000249862671,0.5138000249862671,0.5138000249862671,0.5138000249862671,0.5138000249862671,100.0
2024-10-31 09:50:00+00:00,GEVO,2.4549999237060547,2.4549999237060547,2.4549999237060547,2.441499948501587,2.444999933242798,23504.0
2024-10-31 09:50:00+00:00,GPRE,13.377400398254395,13.377400398254395,13.4350004196167,13.374899864196777,13.40999984741211,7514.0
2024-10-31 09:50:00+00:00,GSM,4.21999979019165,4.21999979019165,4.21999979019165,4.210000038146973,4.21999979019165,13522.0
2024-10-31 09:50:00+00:00,HDSN,7.684999942779541,7.684999942779541,7.684999942779541,7.684999942779541,7.684999942779541,1720.0
2024-10-31 09:50:00+00:00,HWKN,110.21749877929688,110.21749877929688,110.21749877929688,109.72000122070312,109.8499984741211,1084.0
2024-10-31 09:50:00+00:00,HYMC,2.359999895095825,2.359999895095825,2.359999895095825,2.3550000190734863,2.3550000190734863,1591.0
2024-10-31 09:50:00+00:00,KALU,76.66500091552734,76.66500091552734,76.66500091552734,76.66500091552734,76.66500091552734,396.0
2024-10-31 09:50:00+00:00,LGO,2.319999933242798,2.319999933242798,2.4000000953674316,2.319999933242798,2.4000000953674316,32505.0
2024-10-31 09:50:00+00:00,LWLG,3.190000057220459,3.190000057220459,3.2100000381469727,3.190000057220459,3.2100000381469727,9604.0
2024-10-31 09:50:00+00:00,MEOH,39.27000045776367,39.27000045776367,39.27000045776367,39.22999954223633,39.22999954223633,445.0
2024-10-31 09:50:00+00:00,METC,10.100000381469727,10.100000381469727,10.109999656677246,10.100000381469727,10.109999656677246,2480.0
2024-10-31 09:50:00+00:00,PAAS,23.280000686645508,23.280000686645508,23.290000915527344,23.229999542236328,23.229999542236328,12673.0
2024-10-31 09:50:00+00:00,PLL,12.90999984741211,12.90999984741211,12.979999542236328,12.87030029296875,12.87030029296875,2229.0
2024-10-31 09:50:00+00:00,PPTA,10.0,10.0,10.0,9.979999542236328,10.0,2440.0
2024-10-31 09:50:00+00:00,RGLD,147.82000732421875,147.82000732421875,147.82000732421875,147.82000732421875,147.82000732421875,110.0
2024-10-31 09:50:00+00:00,SGML,14.199999809265137,14.199999809265137,14.199999809265137,14.199999809265137,14.199999809265137,216.0
2024-10-31 09:50:00+00:00,SMID,34.34320068359375,34.34320068359375,34.34320068359375,34.34320068359375,34.34320068359375,495.0
2024-10-31 09:50:00+00:00,SNES,2.9000000953674316,2.9000000953674316,2.9000000953674316,2.9000000953674316,2.9000000953674316,2025.0
2024-10-31 09:50:00+00:00,SSRM,6.050000190734863,6.050000190734863,6.050000190734863,6.025000095367432,6.03000020980835,22045.0
2024-10-31 09:50:00+00:00,STLD,133.39999389648438,133.39999389648438,133.39999389648438,133.27000427246094,133.27000427246094,1495.0
2024-10-31 09:50:00+00:00,TMC,0.9488999843597412,0.9488999843597412,0.9488999843597412,0.9488999843597412,0.9488999843597412,0.0
2024-10-31 09:50:00+00:00,USAP,44.189998626708984,44.189998626708984,44.20000076293945,44.189998626708984,44.189998626708984,1218.0
2024-10-31 09:51:00+00:00,PAAS,23.31999969482422,23.31999969482422,23.360000610351562,23.290000915527344,23.290000915527344,12803.0
2024-10-31 09:52:00+00:00,ASTL,10.604999542236328,10.604999542236328,10.604999542236328,10.604999542236328,10.604999542236328,999.0
2024-10-31 09:52:00+00:00,HDSN,7.6722002029418945,7.6722002029418945,7.6722002029418945,7.6722002029418945,7.6722002029418945,0.0
2024-10-31 09:52:00+00:00,ORGN,1.374500036239624,1.374500036239624,1.374500036239624,1.374500036239624,1.374500036239624,501.0
2024-10-31 09:52:00+00:00,PAAS,23.27079963684082,23.27079963684082,23.34000015258789,23.264999389648438,23.329999923706055,15440.0
2024-10-31 09:52:00+00:00,PPTA,10.024999618530273,10.024999618530273,10.024999618530273,10.024999618530273,10.024999618530273,5609.0
2024-10-31 09:52:00+00:00,SGML,14.260000228881836,14.260000228881836,14.260000228881836,14.260000228881836,14.260000228881836,435.0
2024-10-31 09:52:00+00:00,UFPI,121.5999984741211,121.5999984741211,121.5999984741211,121.5999984741211,121.5999984741211,862.0
2024-10-31 09:52:00+00:00,USAP,44.130001068115234,44.130001068115234,44.130001068115234,44.130001068115234,44.130001068115234,3649.0
2024-10-31 09:53:00+00:00,ALTO,1.7699999809265137,1.7699999809265137,1.7699999809265137,1.7699999809265137,1.7699999809265137,1330.0
2024-10-31 09:53:00+00:00,BIOX,6.849999904632568,6.849999904632568,6.849999904632568,6.849999904632568,6.849999904632568,5.0
2024-10-31 09:53:00+00:00,CENX,17.530000686645508,17.530000686645508,17.530000686645508,17.530000686645508,17.530000686645508,2516.0
2024-10-31 09:53:00+00:00,GEVO,2.4549999237060547,2.4549999237060547,2.4600000381469727,2.450000047683716,2.450000047683716,129416.0
2024-10-31 09:53:00+00:00,GPRE,13.489999771118164,13.489999771118164,13.489999771118164,13.449999809265137,13.449999809265137,15188.0
2024-10-31 09:53:00+00:00,GSM,4.230000019073486,4.230000019073486,4.230000019073486,4.230000019073486,4.230000019073486,1397.0
2024-10-31 09:53:00+00:00,HWKN,110.9800033569336,110.9800033569336,111.34500122070312,110.5999984741211,110.87000274658203,4406.0
2024-10-31 09:53:00+00:00,IPX,21.67300033569336,21.67300033569336,21.67300033569336,21.67300033569336,21.67300033569336,2094.0
2024-10-31 09:53:00+00:00,LWLG,3.1649999618530273,3.1649999618530273,3.1649999618530273,3.1649999618530273,3.1649999618530273,30004.0
2024-10-31 09:53:00+00:00,MERC,6.440000057220459,6.440000057220459,6.440000057220459,6.440000057220459,6.440000057220459,1594.0
2024-10-31 09:53:00+00:00,METC,10.033499717712402,10.033499717712402,10.033499717712402,10.033499717712402,10.033499717712402,4361.0
2024-10-31 09:53:00+00:00,PAAS,23.31999969482422,23.31999969482422,23.334999084472656,23.282699584960938,23.282699584960938,28625.0
2024-10-31 09:53:00+00:00,PLL,12.800000190734863,12.800000190734863,12.800000190734863,12.800000190734863,12.800000190734863,6407.0
2024-10-31 09:53:00+00:00,RGLD,148.0800018310547,148.0800018310547,148.0800018310547,148.0800018310547,148.0800018310547,2630.0
2024-10-31 09:53:00+00:00,SSRM,6.080999851226807,6.080999851226807,6.080999851226807,6.079999923706055,6.079999923706055,22246.0
2024-10-31 09:53:00+00:00,STLD,133.13999938964844,133.13999938964844,133.13999938964844,133.13999938964844,133.13999938964844,4620.0
2024-10-31 09:53:00+00:00,TMC,0.9495000243186951,0.9495000243186951,0.9495000243186951,0.9495000243186951,0.9495000243186951,5840.0
2024-10-31 09:53:00+00:00,USAU,6.074999809265137,6.074999809265137,6.074999809265137,6.074999809265137,6.074999809265137,353.0
2024-10-31 09:54:00+00:00,ASTL,10.59000015258789,10.59000015258789,10.59000015258789,10.59000015258789,10.59000015258789,200.0
2024-10-31 09:54:00+00:00,CENX,17.559999465942383,17.559999465942383,17.559999465942383,17.520000457763672,17.520000457763672,906.0
2024-10-31 09:54:00+00:00,CNEY,0.5238999724388123,0.5238999724388123,0.5238999724388123,0.5238999724388123,0.5238999724388123,5202.0
2024-10-31 09:54:00+00:00,CRKN,0.8888000249862671,0.8888000249862671,0.8888000249862671,0.8888000249862671,0.8888000249862671,4799.0
2024-10-31 09:54:00+00:00,GEVO,2.4500999450683594,2.4500999450683594,2.4600000381469727,2.4500999450683594,2.4600000381469727,12307.0
2024-10-31 09:54:00+00:00,GPRE,13.449999809265137,13.449999809265137,13.489999771118164,13.414899826049805,13.489999771118164,2114.0
2024-10-31 09:54:00+00:00,GSM,4.224999904632568,4.224999904632568,4.230000019073486,4.224999904632568,4.229499816894531,1458.0
2024-10-31 09:54:00+00:00,HYMC,2.380000114440918,2.380000114440918,2.380000114440918,2.380000114440918,2.380000114440918,1182.0
2024-10-31 09:54:00+00:00,KALU,76.5999984741211,76.5999984741211,76.5999984741211,76.5999984741211,76.5999984741211,474.0
2024-10-31 09:54:00+00:00,LITM,0.3513999879360199,0.3513999879360199,0.35499998927116394,0.3513999879360199,0.35499998927116394,2075.0
2024-10-31 09:54:00+00:00,LWLG,3.1700000762939453,3.1700000762939453,3.1700000762939453,3.1600000858306885,3.1649999618530273,2367.0
2024-10-31 09:54:00+00:00,MEOH,39.34000015258789,39.34000015258789,39.34000015258789,39.34000015258789,39.34000015258789,1366.0
2024-10-31 09:54:00+00:00,ORGN,1.375,1.375,1.375,1.375,1.375,341.0
2024-10-31 09:54:00+00:00,PAAS,23.309999465942383,23.309999465942383,23.360000610351562,23.280000686645508,23.325000762939453,32621.0
2024-10-31 09:54:00+00:00,PLL,12.760000228881836,12.760000228881836,12.760000228881836,12.760000228881836,12.760000228881836,335.0
2024-10-31 09:54:00+00:00,RETO,1.1399999856948853,1.1399999856948853,1.1399999856948853,1.1399999856948853,1.1399999856948853,288.0
2024-10-31 09:54:00+00:00,SGML,14.1899995803833,14.1899995803833,14.1899995803833,14.1899995803833,14.1899995803833,2163.0
2024-10-31 09:54:00+00:00,SSRM,6.085000038146973,6.085000038146973,6.090000152587891,6.070000171661377,6.085000038146973,34596.0
2024-10-31 09:54:00+00:00,TMC,0.9495000243186951,0.9495000243186951,0.9495000243186951,0.9495000243186951,0.9495000243186951,438.0
2024-10-31 09:55:00+00:00,ALTO,1.7625000476837158,1.7625000476837158,1.7625000476837158,1.7625000476837158,1.7625000476837158,500.0
2024-10-31 09:55:00+00:00,AREC,1.0299999713897705,1.0299999713897705,1.0299999713897705,1.0299999713897705,1.0299999713897705,300.0
2024-10-31 09:55:00+00:00,ASTL,10.59000015258789,10.59000015258789,10.59000015258789,10.59000015258789,10.59000015258789,386.0
2024-10-31 09:55:00+00:00,BCPC,167.9949951171875,167.9949951171875,167.9949951171875,167.9949951171875,167.9949951171875,317.0
2024-10-31 09:55:00+00:00,CENX,17.600000381469727,17.600000381469727,17.600000381469727,17.549999237060547,17.549999237060547,445.0
2024-10-31 09:55:00+00:00,CNEY,0.5199999809265137,0.5199999809265137,0.5199999809265137,0.5199999809265137,0.5199999809265137,200.0
2024-10-31 09:55:00+00:00,CRKN,0.8860999941825867,0.8860999941825867,0.8865000009536743,0.8860999941825867,0.8865000009536743,5381.0
2024-10-31 09:55:00+00:00,GEVO,2.4549999237060547,2.4549999237060547,2.458199977874756,2.4500999450683594,2.4549999237060547,19655.0
2024-10-31 09:55:00+00:00,GPRE,13.489999771118164,13.489999771118164,13.489999771118164,13.430000305175781,13.483799934387207,6841.0
2024-10-31 09:55:00+00:00,GSM,4.230000019073486,4.230000019073486,4.230000019073486,4.230000019073486,4.230000019073486,2284.0
2024-10-31 09:55:00+00:00,GURE,0.6000000238418579,0.6000000238418579,0.6000000238418579,0.5927000045776367,0.5927000045776367,31496.0
2024-10-31 09:55:00+00:00,HDSN,7.659999847412109,7.659999847412109,7.659999847412109,7.650000095367432,7.650000095367432,1011.0
2024-10-31 09:55:00+00:00,HWKN,111.7699966430664,111.7699966430664,111.7699966430664,110.9800033569336,111.29000091552734,2031.0
2024-10-31 09:55:00+00:00,IOSP,109.45999908447266,109.45999908447266,109.45999908447266,108.9800033569336,108.9800033569336,440.0
2024-10-31 09:55:00+00:00,LGO,2.4100000858306885,2.4100000858306885,2.4100000858306885,2.4100000858306885,2.4100000858306885,0.0
2024-10-31 09:55:00+00:00,MEOH,39.349998474121094,39.349998474121094,39.369998931884766,39.349998474121094,39.36000061035156,770.0
2024-10-31 09:55:00+00:00,METC,10.055000305175781,10.055000305175781,10.055000305175781,10.055000305175781,10.055000305175781,238.0
2024-10-31 09:55:00+00:00,ORGN,1.3700000047683716,1.3700000047683716,1.3700000047683716,1.3700000047683716,1.3700000047683716,700.0
2024-10-31 09:55:00+00:00,PAAS,23.260000228881836,23.260000228881836,23.300100326538086,23.260000228881836,23.300100326538086,8832.0
2024-10-31 09:55:00+00:00,PLL,12.8149995803833,12.8149995803833,12.8149995803833,12.760000228881836,12.800000190734863,1993.0
2024-10-31 09:55:00+00:00,PPTA,10.050000190734863,10.050000190734863,10.050000190734863,10.050000190734863,10.050000190734863,300.0
2024-10-31 09:55:00+00:00,RGLD,148.20419311523438,148.20419311523438,148.20419311523438,148.20419311523438,148.20419311523438,366.0
2024-10-31 09:55:00+00:00,SEED,2.569999933242798,2.569999933242798,2.569999933242798,2.549999952316284,2.561000108718872,5249.0
2024-10-31 09:55:00+00:00,SNES,2.940000057220459,2.940000057220459,2.940000057220459,2.940000057220459,2.940000057220459,0.0
2024-10-31 09:55:00+00:00,SSRM,6.079999923706055,6.079999923706055,6.085000038146973,6.074999809265137,6.079999923706055,5272.0
2024-10-31 09:55:00+00:00,STLD,133.1999969482422,133.1999969482422,133.1999969482422,133.10000610351562,133.10000610351562,1684.0
2024-10-31 09:55:00+00:00,UFPI,121.93000030517578,121.93000030517578,121.98999786376953,121.91999816894531,121.91999816894531,3167.0
2024-10-31 09:55:00+00:00,USAP,44.25,44.25,44.25,44.20000076293945,44.20000076293945,1059.0
2024-10-31 09:56:00+00:00,AREC,1.0199999809265137,1.0199999809265137,1.034999966621399,1.0199999809265137,1.0299999713897705,10834.0
2024-10-31 09:56:00+00:00,BIOX,6.849999904632568,6.849999904632568,6.849999904632568,6.849999904632568,6.849999904632568,109.0
2024-10-31 09:56:00+00:00,CENX,17.600000381469727,17.600000381469727,17.600000381469727,17.600000381469727,17.600000381469727,305.0
2024-10-31 09:56:00+00:00,CRKN,0.8801000118255615,0.8801000118255615,0.8820000290870667,0.8799999952316284,0.8820000290870667,9601.0
2024-10-31 09:56:00+00:00,FEAM,0.46000000834465027,0.46000000834465027,0.46000000834465027,0.46000000834465027,0.46000000834465027,278.0
2024-10-31 09:56:00+00:00,GEVO,2.4600000381469727,2.4600000381469727,2.4600000381469727,2.450000047683716,2.4549999237060547,49438.0
2024-10-31 09:56:00+00:00,GPRE,13.460000038146973,13.460000038146973,13.510000228881836,13.420000076293945,13.449999809265137,33633.0
2024-10-31 09:56:00+00:00,GSM,4.239999771118164,4.239999771118164,4.239999771118164,4.239999771118164,4.239999771118164,852.0
2024-10-31 09:56:00+00:00,GURE,0.5942000150680542,0.5942000150680542,0.5942000150680542,0.5942000150680542,0.5942000150680542,0.0
2024-10-31 09:56:00+00:00,HUDI,2.050100088119507,2.050100088119507,2.050100088119507,2.050100088119507,2.050100088119507,400.0
2024-10-31 09:56:00+00:00,HWKN,110.7300033569336,110.7300033569336,111.125,110.7300033569336,111.125,1472.0
2024-10-31 09:56:00+00:00,KALU,76.93000030517578,76.93000030517578,76.93000030517578,76.93000030517578,76.93000030517578,540.0
2024-10-31 09:56:00+00:00,LGO,2.4000000953674316,2.4000000953674316,2.4100000858306885,2.4000000953674316,2.4000000953674316,1500.0
2024-10-31 09:56:00+00:00,LWLG,3.1700000762939453,3.1700000762939453,3.1700000762939453,3.1700000762939453,3.1700000762939453,1272.0
2024-10-31 09:56:00+00:00,METC,10.0600004196167,10.0600004196167,10.0600004196167,10.0600004196167,10.0600004196167,685.0
2024-10-31 09:56:00+00:00,ORGN,1.375,1.375,1.375,1.375,1.375,1784.0
2024-10-31 09:56:00+00:00,PAAS,23.260000228881836,23.260000228881836,23.280099868774414,23.260000228881836,23.280099868774414,4861.0
2024-10-31 09:56:00+00:00,PLL,12.836700439453125,12.836700439453125,12.869999885559082,12.819999694824219,12.869999885559082,2550.0
2024-10-31 09:56:00+00:00,PPTA,10.0600004196167,10.0600004196167,10.0600004196167,10.0600004196167,10.0600004196167,276.0
2024-10-31 09:56:00+00:00,RGLD,147.82000732421875,147.82000732421875,148.00999450683594,147.82000732421875,148.00999450683594,800.0
2024-10-31 09:56:00+00:00,SSRM,6.054999828338623,6.054999828338623,6.079999923706055,6.050000190734863,6.079999923706055,23228.0
2024-10-31 09:56:00+00:00,STLD,133.17999267578125,133.17999267578125,133.2100067138672,133.17999267578125,133.2100067138672,899.0
2024-10-31 09:56:00+00:00,TMC,0.9451000094413757,0.9451000094413757,0.949999988079071,0.9449999928474426,0.9485999941825867,3197.0
2024-10-31 09:56:00+00:00,USLM,108.91500091552734,108.91500091552734,108.91500091552734,108.91500091552734,108.91500091552734,984.0
2024-10-31 09:57:00+00:00,ALTO,1.760599970817566,1.760599970817566,1.7648999691009521,1.7599999904632568,1.7648999691009521,4216.0
2024-10-31 09:57:00+00:00,AREC,1.0299999713897705,1.0299999713897705,1.0299999713897705,1.0299999713897705,1.0299999713897705,2616.0
2024-10-31 09:57:00+00:00,CENX,17.610000610351562,17.610000610351562,17.610000610351562,17.610000610351562,17.610000610351562,97.0
2024-10-31 09:57:00+00:00,GEVO,2.4644999504089355,2.4644999504089355,2.4649999141693115,2.4549999237060547,2.4549999237060547,13343.0
2024-10-31 09:57:00+00:00,GPRE,13.470000267028809,13.470000267028809,13.489999771118164,13.4399995803833,13.454999923706055,10132.0
2024-10-31 09:57:00+00:00,GSM,4.25,4.25,4.25,4.239999771118164,4.244999885559082,1708.0
2024-10-31 09:57:00+00:00,HDSN,7.650000095367432,7.650000095367432,7.670000076293945,7.650000095367432,7.670000076293945,437.0
2024-10-31 09:57:00+00:00,LGO,2.4040000438690186,2.4040000438690186,2.4040000438690186,2.4040000438690186,2.4040000438690186,100.0
2024-10-31 09:57:00+00:00,LWLG,3.1598000526428223,3.1598000526428223,3.1700000762939453,3.1598000526428223,3.1700000762939453,1873.0
2024-10-31 09:57:00+00:00,METC,10.055000305175781,10.055000305175781,10.0600004196167,10.055000305175781,10.0600004196167,531.0
2024-10-31 09:57:00+00:00,ORGN,1.375,1.375,1.375,1.375,1.375,570.0
2024-10-31 09:57:00+00:00,PAAS,23.22010040283203,23.22010040283203,23.260000228881836,23.219999313354492,23.2549991607666,18095.0
2024-10-31 09:57:00+00:00,PLL,12.800000190734863,12.800000190734863,12.829999923706055,12.760100364685059,12.779999732971191,4070.0
2024-10-31 09:57:00+00:00,RGLD,147.8000030517578,147.8000030517578,147.8000030517578,147.8000030517578,147.8000030517578,600.0
2024-10-31 09:57:00+00:00,SSRM,6.059999942779541,6.059999942779541,6.059999942779541,6.050000190734863,6.050000190734863,12243.0
2024-10-31 09:57:00+00:00,STLD,133.10000610351562,133.10000610351562,133.16000366210938,133.10000610351562,133.16000366210938,1495.0
2024-10-31 09:57:00+00:00,TMC,0.9451000094413757,0.9451000094413757,0.9451000094413757,0.9451000094413757,0.9451000094413757,520.0
2024-10-31 09:57:00+00:00,USAP,44.255001068115234,44.255001068115234,44.255001068115234,44.255001068115234,44.255001068115234,316.0
2024-10-31 09:57:00+00:00,USLM,108.91500091552734,108.91500091552734,108.91500091552734,108.91500091552734,108.91500091552734,277.0
2024-10-31 09:57:00+00:00,ZEUS,36.25320053100586,36.25320053100586,36.25320053100586,36.25320053100586,36.25320053100586,408.0
2024-10-31 09:58:00+00:00,ALTO,1.7599999904632568,1.7599999904632568,1.7599999904632568,1.7599999904632568,1.7599999904632568,1433.0
2024-10-31 09:58:00+00:00,AREC,1.0099999904632568,1.0099999904632568,1.0099999904632568,1.0099999904632568,1.0099999904632568,0.0
2024-10-31 09:58:00+00:00,ASTL,10.604999542236328,10.604999542236328,10.604999542236328,10.604999542236328,10.604999542236328,200.0
2024-10-31 09:58:00+00:00,CENX,17.6299991607666,17.6299991607666,17.6299991607666,17.56999969482422,17.56999969482422,4287.0
2024-10-31 09:58:00+00:00,GEVO,2.434999942779541,2.434999942779541,2.4600000381469727,2.430000066757202,2.4600000381469727,64715.0
2024-10-31 09:58:00+00:00,GPRE,13.420000076293945,13.420000076293945,13.520000457763672,13.420000076293945,13.479999542236328,8139.0
2024-10-31 09:58:00+00:00,GSM,4.230000019073486,4.230000019073486,4.235000133514404,4.230000019073486,4.235000133514404,224.0
2024-10-31 09:58:00+00:00,GURE,0.6000000238418579,0.6000000238418579,0.6000000238418579,0.6000000238418579,0.6000000238418579,13191.0
2024-10-31 09:58:00+00:00,HDSN,7.659999847412109,7.659999847412109,7.659999847412109,7.639999866485596,7.639999866485596,1260.0
2024-10-31 09:58:00+00:00,HWKN,110.7300033569336,110.7300033569336,110.7300033569336,110.7300033569336,110.7300033569336,122.0
2024-10-31 09:58:00+00:00,IONR,7.80049991607666,7.80049991607666,7.80049991607666,7.80049991607666,7.80049991607666,1042.0
2024-10-31 09:58:00+00:00,LGO,2.4200000762939453,2.4200000762939453,2.4200000762939453,2.4200000762939453,2.4200000762939453,555.0
2024-10-31 09:58:00+00:00,LWLG,3.1549999713897705,3.1549999713897705,3.1549999713897705,3.1549999713897705,3.1549999713897705,205.0
2024-10-31 09:58:00+00:00,MEOH,39.380001068115234,39.380001068115234,39.380001068115234,39.380001068115234,39.380001068115234,653.0
2024-10-31 09:58:00+00:00,METC,10.050000190734863,10.050000190734863,10.050000190734863,10.050000190734863,10.050000190734863,1171.0
2024-10-31 09:58:00+00:00,ORGN,1.3700000047683716,1.3700000047683716,1.3700000047683716,1.3700000047683716,1.3700000047683716,154.0
2024-10-31 09:58:00+00:00,PAAS,23.190000534057617,23.190000534057617,23.239900588989258,23.190000534057617,23.239900588989258,21201.0
2024-10-31 09:58:00+00:00,PLL,12.859999656677246,12.859999656677246,12.859999656677246,12.859999656677246,12.859999656677246,968.0
2024-10-31 09:58:00+00:00,PPTA,10.010000228881836,10.010000228881836,10.010000228881836,10.010000228881836,10.010000228881836,937.0
2024-10-31 09:58:00+00:00,RGLD,147.66000366210938,147.66000366210938,147.9250030517578,147.66000366210938,147.9250030517578,623.0
2024-10-31 09:58:00+00:00,SGML,14.210000038146973,14.210000038146973,14.229999542236328,14.119999885559082,14.229999542236328,7308.0
2024-10-31 09:58:00+00:00,SSRM,6.070000171661377,6.070000171661377,6.070000171661377,6.059999942779541,6.065000057220459,1693.0
2024-10-31 09:58:00+00:00,STLD,133.16000366210938,133.16000366210938,133.18499755859375,133.0,133.0,6059.0
2024-10-31 09:58:00+00:00,TMC,0.9434000253677368,0.9434000253677368,0.9434000253677368,0.9434000253677368,0.9434000253677368,1281.0
2024-10-31 09:58:00+00:00,USLM,108.79000091552734,108.79000091552734,108.79000091552734,108.79000091552734,108.79000091552734,433.0
2024-10-31 09:59:00+00:00,ASTL,10.609999656677246,10.609999656677246,10.609999656677246,10.609999656677246,10.609999656677246,101.0
2024-10-31 09:59:00+00:00,BIOX,6.849999904632568,6.849999904632568,6.849999904632568,6.849999904632568,6.849999904632568,200.0
2024-10-31 09:59:00+00:00,CENX,17.6299991607666,17.6299991607666,17.6299991607666,17.6299991607666,17.6299991607666,1558.0
2024-10-31 09:59:00+00:00,GEVO,2.4300999641418457,2.4300999641418457,2.440000057220459,2.424999952316284,2.433300018310547,59480.0
2024-10-31 09:59:00+00:00,GPRE,13.364999771118164,13.364999771118164,13.380000114440918,13.364999771118164,13.380000114440918,7088.0
2024-10-31 09:59:00+00:00,GSM,4.239999771118164,4.239999771118164,4.239999771118164,4.239999771118164,4.239999771118164,499.0
2024-10-31 09:59:00+00:00,GURE,0.6449999809265137,0.6449999809265137,0.6449999809265137,0.6401000022888184,0.641700029373169,1417.0
2024-10-31 09:59:00+00:00,HDSN,7.679999828338623,7.679999828338623,7.679999828338623,7.679999828338623,7.679999828338623,823.0
2024-10-31 09:59:00+00:00,HWKN,111.32499694824219,111.32499694824219,111.32499694824219,111.32499694824219,111.32499694824219,883.0
2024-10-31 09:59:00+00:00,LITM,0.3596999943256378,0.3596999943256378,0.3596999943256378,0.3513999879360199,0.3513999879360199,5889.0
2024-10-31 09:59:00+00:00,LWLG,3.1449999809265137,3.1449999809265137,3.1549999713897705,3.140000104904175,3.1549999713897705,12107.0
2024-10-31 09:59:00+00:00,MEOH,39.310001373291016,39.310001373291016,39.36000061035156,39.310001373291016,39.349998474121094,2946.0
2024-10-31 09:59:00+00:00,PAAS,23.219999313354492,23.219999313354492,23.239999771118164,23.184999465942383,23.190000534057617,16960.0
2024-10-31 09:59:00+00:00,PLL,12.859999656677246,12.859999656677246,12.895000457763672,12.859999656677246,12.880000114440918,1693.0
2024-10-31 09:59:00+00:00,SGML,14.185999870300293,14.185999870300293,14.185999870300293,14.185999870300293,14.185999870300293,483.0
2024-10-31 09:59:00+00:00,SMID,33.95000076293945,33.95000076293945,33.95000076293945,33.95000076293945,33.95000076293945,129.0
2024-10-31 09:59:00+00:00,SSRM,6.070000171661377,6.070000171661377,6.070000171661377,6.050000190734863,6.061999797821045,6807.0
2024-10-31 09:59:00+00:00,STLD,133.1300048828125,133.1300048828125,133.1300048828125,133.1300048828125,133.1300048828125,301.0
2024-10-31 09:59:00+00:00,UFPI,122.30999755859375,122.30999755859375,122.30999755859375,122.30999755859375,122.30999755859375,209.0
2024-10-31 09:59:00+00:00,USAP,44.310001373291016,44.310001373291016,44.310001373291016,44.310001373291016,44.310001373291016,390.0
2024-10-31 09:59:00+00:00,USLM,109.4800033569336,109.4800033569336,109.4800033569336,109.41000366210938,109.41000366210938,989.0
2024-10-31 09:59:00+00:00,ZEUS,36.349998474121094,36.349998474121094,36.349998474121094,36.349998474121094,36.349998474121094,404.0
2024-10-31 10:00:00+00:00,BCPC,167.9949951171875,167.9949951171875,167.9949951171875,167.9949951171875,167.9949951171875,2177.0
2024-10-31 10:00:00+00:00,BIOX,6.824999809265137,6.824999809265137,6.824999809265137,6.824999809265137,6.824999809265137,74.0
2024-10-31 10:00:00+00:00,CENX,17.559999465942383,17.559999465942383,17.639999389648438,17.559999465942383,17.6200008392334,9622.0
2024-10-31 10:00:00+00:00,CNEY,0.5,0.5,0.5138000249862671,0.5,0.5138000249862671,504.0
2024-10-31 10:00:00+00:00,GEVO,2.4000000953674316,2.4000000953674316,2.434999942779541,2.4000000953674316,2.434999942779541,112205.0
2024-10-31 10:00:00+00:00,GPRE,13.34000015258789,13.34000015258789,13.359999656677246,13.34000015258789,13.345000267028809,6568.0
2024-10-31 10:00:00+00:00,GURE,0.635200023651123,0.635200023651123,0.635200023651123,0.635200023651123,0.635200023651123,100.0
2024-10-31 10:00:00+00:00,HDSN,7.679999828338623,7.679999828338623,7.679999828338623,7.670000076293945,7.670000076293945,885.0
2024-10-31 10:00:00+00:00,HYMC,2.4100000858306885,2.4100000858306885,2.4100000858306885,2.4100000858306885,2.4100000858306885,293.0
2024-10-31 10:00:00+00:00,LGO,2.469099998474121,2.469099998474121,2.469099998474121,2.469099998474121,2.469099998474121,5975.0
2024-10-31 10:00:00+00:00,LWLG,3.140000104904175,3.140000104904175,3.1449999809265137,3.140000104904175,3.1449999809265137,4927.0
2024-10-31 10:00:00+00:00,MEOH,39.26499938964844,39.26499938964844,39.26499938964844,39.26499938964844,39.26499938964844,111.0
2024-10-31 10:00:00+00:00,METC,10.029999732971191,10.029999732971191,10.03950023651123,10.00100040435791,10.029999732971191,3454.0
2024-10-31 10:00:00+00:00,PAAS,23.1299991607666,23.1299991607666,23.190000534057617,23.11009979248047,23.190000534057617,12671.0
2024-10-31 10:00:00+00:00,PLL,12.850000381469727,12.850000381469727,12.881500244140625,12.850000381469727,12.869999885559082,5534.0
2024-10-31 10:00:00+00:00,RGLD,147.9947967529297,147.9947967529297,147.9947967529297,147.9947967529297,147.9947967529297,839.0
2024-10-31 10:00:00+00:00,SGML,14.154999732971191,14.154999732971191,14.180000305175781,14.140000343322754,14.180000305175781,6307.0
2024-10-31 10:00:00+00:00,SMID,33.70000076293945,33.70000076293945,33.70000076293945,33.70000076293945,33.70000076293945,265.0
2024-10-31 10:00:00+00:00,SSRM,6.070000171661377,6.070000171661377,6.070000171661377,6.050000190734863,6.065000057220459,7708.0
2024-10-31 10:00:00+00:00,STLD,133.11500549316406,133.11500549316406,133.11500549316406,132.9949951171875,133.0,961.0
2024-10-31 10:00:00+00:00,TMC,0.9484000205993652,0.9484000205993652,0.9484000205993652,0.9455999732017517,0.9455999732017517,5800.0
2024-10-31 10:00:00+00:00,UFPI,122.2300033569336,122.2300033569336,122.2300033569336,122.2300033569336,122.2300033569336,872.0
2024-10-31 10:00:00+00:00,USAP,44.22999954223633,44.22999954223633,44.2599983215332,44.22999954223633,44.2599983215332,1396.0
2024-10-31 10:00:00+00:00,USAU,6.06850004196167,6.06850004196167,6.06850004196167,6.06850004196167,6.06850004196167,717.0
2024-10-31 10:00:00+00:00,WDFC,262.7799987792969,262.7799987792969,262.7799987792969,262.7799987792969,262.7799987792969,522.0
2024-10-31 10:01:00+00:00,ALTO,1.7599999904632568,1.7599999904632568,1.7599999904632568,1.7549999952316284,1.7549999952316284,4200.0
2024-10-31 10:01:00+00:00,AREC,1.0099999904632568,1.0099999904632568,1.0099999904632568,1.0099999904632568,1.0099999904632568,150.0
2024-10-31 10:01:00+00:00,ASTL,10.609999656677246,10.609999656677246,10.609999656677246,10.609999656677246,10.609999656677246,574.0
2024-10-31 10:01:00+00:00,CENX,17.649999618530273,17.649999618530273,17.649999618530273,17.625,17.649999618530273,1293.0
2024-10-31 10:01:00+00:00,CRKN,0.8759999871253967,0.8759999871253967,0.8759999871253967,0.8759999871253967,0.8759999871253967,1507.0
2024-10-31 10:01:00+00:00,GEVO,2.4028000831604004,2.4028000831604004,2.4100000858306885,2.390000104904175,2.4049999713897705,312955.0
2024-10-31 10:01:00+00:00,GPRE,13.380000114440918,13.380000114440918,13.390000343322754,13.329999923706055,13.329999923706055,6222.0
2024-10-31 10:01:00+00:00,GSM,4.224999904632568,4.224999904632568,4.235000133514404,4.224999904632568,4.235000133514404,2870.0
2024-10-31 10:01:00+00:00,HDSN,7.659999847412109,7.659999847412109,7.670000076293945,7.659999847412109,7.670000076293945,1481.0
2024-10-31 10:01:00+00:00,IOSP,109.80000305175781,109.80000305175781,109.80000305175781,109.80000305175781,109.80000305175781,562.0
2024-10-31 10:01:00+00:00,KALU,76.69000244140625,76.69000244140625,76.69000244140625,76.69000244140625,76.69000244140625,757.0
2024-10-31 10:01:00+00:00,LITM,0.3596999943256378,0.3596999943256378,0.3596999943256378,0.3596999943256378,0.3596999943256378,1500.0
2024-10-31 10:01:00+00:00,LWLG,3.1449999809265137,3.1449999809265137,3.1500000953674316,3.140000104904175,3.1500000953674316,5174.0
2024-10-31 10:01:00+00:00,MEOH,39.189998626708984,39.189998626708984,39.20000076293945,39.189998626708984,39.20000076293945,971.0
2024-10-31 10:01:00+00:00,METC,10.029999732971191,10.029999732971191,10.029999732971191,10.024999618530273,10.024999618530273,1001.0
2024-10-31 10:01:00+00:00,PAAS,23.149999618530273,23.149999618530273,23.149999618530273,23.08009910583496,23.11520004272461,12726.0
2024-10-31 10:01:00+00:00,PLL,12.899999618530273,12.899999618530273,12.899999618530273,12.869999885559082,12.869999885559082,319.0
2024-10-31 10:01:00+00:00,PPTA,9.975000381469727,9.975000381469727,10.039999961853027,9.970000267028809,10.020000457763672,48978.0
2024-10-31 10:01:00+00:00,SGML,14.175000190734863,14.175000190734863,14.175000190734863,14.175000190734863,14.175000190734863,401.0
2024-10-31 10:01:00+00:00,SNES,2.924999952316284,2.924999952316284,2.924999952316284,2.924999952316284,2.924999952316284,105.0
2024-10-31 10:01:00+00:00,SSRM,6.051000118255615,6.051000118255615,6.054999828338623,6.051000118255615,6.054999828338623,1400.0
2024-10-31 10:01:00+00:00,STLD,133.0,133.0,133.00999450683594,133.0,133.00999450683594,281.0
2024-10-31 10:01:00+00:00,TMC,0.9484000205993652,0.9484000205993652,0.9484000205993652,0.9484000205993652,0.9484000205993652,233.0
2024-10-31 10:01:00+00:00,USAP,44.19499969482422,44.19499969482422,44.19499969482422,44.189998626708984,44.189998626708984,503.0
2024-10-31 10:02:00+00:00,ALTO,1.7549999952316284,1.7549999952316284,1.7549999952316284,1.750100016593933,1.750100016593933,1251.0
2024-10-31 10:02:00+00:00,CENX,17.709999084472656,17.709999084472656,17.709999084472656,17.639999389648438,17.649999618530273,1223.0
2024-10-31 10:02:00+00:00,CNEY,0.5011000037193298,0.5011000037193298,0.5011000037193298,0.5011000037193298,0.5011000037193298,400.0
2024-10-31 10:02:00+00:00,CRKN,0.8628000020980835,0.8628000020980835,0.8756999969482422,0.8628000020980835,0.8756999969482422,15682.0
2024-10-31 10:02:00+00:00,GEVO,2.400099992752075,2.400099992752075,2.4100000858306885,2.4000000953674316,2.4000000953674316,33377.0
2024-10-31 10:02:00+00:00,GPRE,13.489999771118164,13.489999771118164,13.550000190734863,13.399999618530273,13.399999618530273,20070.0
2024-10-31 10:02:00+00:00,HDSN,7.6579999923706055,7.6579999923706055,7.6579999923706055,7.6579999923706055,7.6579999923706055,499.0
2024-10-31 10:02:00+00:00,HWKN,111.24500274658203,111.24500274658203,111.24500274658203,111.24500274658203,111.24500274658203,824.0
2024-10-31 10:02:00+00:00,HYMC,2.390000104904175,2.390000104904175,2.4000000953674316,2.390000104904175,2.4000000953674316,801.0
2024-10-31 10:02:00+00:00,LGO,2.4600000381469727,2.4600000381469727,2.4600000381469727,2.4600000381469727,2.4600000381469727,0.0
2024-10-31 10:02:00+00:00,LITM,0.3596999943256378,0.3596999943256378,0.3596999943256378,0.3596999943256378,0.3596999943256378,0.0
2024-10-31 10:02:00+00:00,LWLG,3.1500000953674316,3.1500000953674316,3.1500000953674316,3.1449999809265137,3.1449999809265137,1743.0
2024-10-31 10:02:00+00:00,METC,10.020000457763672,10.020000457763672,10.050000190734863,10.020000457763672,10.050000190734863,1046.0
2024-10-31 10:02:00+00:00,ORGN,1.375,1.375,1.375,1.375,1.375,1616.0
2024-10-31 10:02:00+00:00,PAAS,23.149999618530273,23.149999618530273,23.18000030517578,23.1200008392334,23.155000686645508,14499.0
2024-10-31 10:02:00+00:00,PLL,12.989999771118164,12.989999771118164,12.989999771118164,12.859999656677246,12.859999656677246,1496.0
2024-10-31 10:02:00+00:00,PPTA,9.989999771118164,9.989999771118164,9.989999771118164,9.9399995803833,9.9399995803833,1492.0
2024-10-31 10:02:00+00:00,RGLD,147.86500549316406,147.86500549316406,147.86500549316406,147.86500549316406,147.86500549316406,508.0
2024-10-31 10:02:00+00:00,SGML,14.149999618530273,14.149999618530273,14.154999732971191,14.149999618530273,14.154999732971191,119.0
2024-10-31 10:02:00+00:00,SSRM,6.074999809265137,6.074999809265137,6.074999809265137,6.070000171661377,6.070000171661377,5645.0
2024-10-31 10:02:00+00:00,STLD,133.05499267578125,133.05499267578125,133.19000244140625,133.0,133.05999755859375,15058.0
2024-10-31 10:02:00+00:00,TMC,0.9498999714851379,0.9498999714851379,0.9498999714851379,0.9473999738693237,0.9484000205993652,2218.0
2024-10-31 10:02:00+00:00,WDFC,262.1650085449219,262.1650085449219,262.1650085449219,262.1650085449219,262.1650085449219,179.0
2024-10-31 10:03:00+00:00,AREC,1.0099999904632568,1.0099999904632568,1.0099999904632568,1.0099999904632568,1.0099999904632568,200.0
2024-10-31 10:03:00+00:00,ASTL,10.609999656677246,10.609999656677246,10.609999656677246,10.609999656677246,10.609999656677246,248.0
2024-10-31 10:03:00+00:00,BIOX,6.824999809265137,6.824999809265137,6.824999809265137,6.824999809265137,6.824999809265137,101.0
2024-10-31 10:03:00+00:00,CENX,17.700000762939453,17.700000762939453,17.700000762939453,17.700000762939453,17.700000762939453,680.0
2024-10-31 10:03:00+00:00,CNEY,0.5001000165939331,0.5001000165939331,0.5001000165939331,0.5001000165939331,0.5001000165939331,300.0
2024-10-31 10:03:00+00:00,GEVO,2.3949999809265137,2.3949999809265137,2.4049999713897705,2.390000104904175,2.4049999713897705,40619.0
2024-10-31 10:03:00+00:00,GPRE,13.489999771118164,13.489999771118164,13.510000228881836,13.4399995803833,13.489999771118164,38528.0
2024-10-31 10:03:00+00:00,GSM,4.224999904632568,4.224999904632568,4.224999904632568,4.224999904632568,4.224999904632568,1723.0
2024-10-31 10:03:00+00:00,HDSN,7.659999847412109,7.659999847412109,7.659999847412109,7.659999847412109,7.659999847412109,180.0
2024-10-31 10:03:00+00:00,HYMC,2.390000104904175,2.390000104904175,2.390000104904175,2.390000104904175,2.390000104904175,309.0
2024-10-31 10:03:00+00:00,LWLG,3.1649999618530273,3.1649999618530273,3.1700000762939453,3.1500000953674316,3.1500000953674316,1691.0
2024-10-31 10:03:00+00:00,MEOH,39.25,39.25,39.25,39.189998626708984,39.189998626708984,1724.0
2024-10-31 10:03:00+00:00,MERC,6.420000076293945,6.420000076293945,6.420000076293945,6.420000076293945,6.420000076293945,756.0
2024-10-31 10:03:00+00:00,METC,10.029999732971191,10.029999732971191,10.029999732971191,10.029999732971191,10.029999732971191,176.0
2024-10-31 10:03:00+00:00,ORGN,1.375,1.375,1.375,1.375,1.375,1402.0
2024-10-31 10:03:00+00:00,PAAS,23.099199295043945,23.099199295043945,23.15999984741211,23.07990074157715,23.149999618530273,17520.0
2024-10-31 10:03:00+00:00,PLL,12.880000114440918,12.880000114440918,12.880000114440918,12.880000114440918,12.880000114440918,1804.0
2024-10-31 10:03:00+00:00,SGML,14.140000343322754,14.140000343322754,14.149999618530273,14.134300231933594,14.149999618530273,696.0
2024-10-31 10:03:00+00:00,SMID,33.650001525878906,33.650001525878906,33.650001525878906,33.650001525878906,33.650001525878906,520.0
2024-10-31 10:03:00+00:00,SNES,2.9000000953674316,2.9000000953674316,2.9000000953674316,2.9000000953674316,2.9000000953674316,208.0
2024-10-31 10:03:00+00:00,SSRM,6.054999828338623,6.054999828338623,6.070000171661377,6.054999828338623,6.070000171661377,3392.0
2024-10-31 10:03:00+00:00,STLD,132.96249389648438,132.96249389648438,133.0399932861328,132.96249389648438,133.0399932861328,1001.0
2024-10-31 10:03:00+00:00,TMC,0.9498999714851379,0.9498999714851379,0.9498999714851379,0.948199987411499,0.948199987411499,1103.0
2024-10-31 10:03:00+00:00,UFPI,122.0,122.0,122.0,122.0,122.0,239.0
2024-10-31 10:03:00+00:00,USAP,44.150001525878906,44.150001525878906,44.150001525878906,44.150001525878906,44.150001525878906,110.0
2024-10-31 10:03:00+00:00,USAU,6.0578999519348145,6.0578999519348145,6.0578999519348145,6.0578999519348145,6.0578999519348145,812.0
2024-10-31 10:04:00+00:00,ALTO,1.7450000047683716,1.7450000047683716,1.75,1.7400000095367432,1.75,3756.0
2024-10-31 10:04:00+00:00,AREC,1.0199999809265137,1.0199999809265137,1.0199999809265137,1.0199999809265137,1.0199999809265137,1900.0
2024-10-31 10:04:00+00:00,CRKN,0.8715000152587891,0.8715000152587891,0.8715000152587891,0.8629999756813049,0.8629999756813049,1571.0
2024-10-31 10:04:00+00:00,GEVO,2.384999990463257,2.384999990463257,2.4000000953674316,2.380000114440918,2.390000104904175,90536.0
2024-10-31 10:04:00+00:00,GPRE,13.494999885559082,13.494999885559082,13.539999961853027,13.489999771118164,13.489999771118164,11261.0
2024-10-31 10:04:00+00:00,GSM,4.21999979019165,4.21999979019165,4.224999904632568,4.21999979019165,4.224999904632568,2746.0
2024-10-31 10:04:00+00:00,HDSN,7.650000095367432,7.650000095367432,7.659999847412109,7.650000095367432,7.650000095367432,854.0
2024-10-31 10:04:00+00:00,HUDI,2.050100088119507,2.050100088119507,2.050100088119507,2.050100088119507,2.050100088119507,864.0
2024-10-31 10:04:00+00:00,LGO,2.450000047683716,2.450000047683716,2.450000047683716,2.450000047683716,2.450000047683716,4116.0
2024-10-31 10:04:00+00:00,LWLG,3.1700000762939453,3.1700000762939453,3.174999952316284,3.1649999618530273,3.1649999618530273,1336.0
2024-10-31 10:04:00+00:00,MERC,6.440000057220459,6.440000057220459,6.440000057220459,6.420000076293945,6.420000076293945,982.0
2024-10-31 10:04:00+00:00,METC,10.020000457763672,10.020000457763672,10.020000457763672,10.020000457763672,10.020000457763672,195.0
2024-10-31 10:04:00+00:00,ORGN,1.3700000047683716,1.3700000047683716,1.3700000047683716,1.3700000047683716,1.3700000047683716,7421.0
2024-10-31 10:04:00+00:00,PAAS,23.100000381469727,23.100000381469727,23.110000610351562,23.06999969482422,23.100000381469727,12680.0
2024-10-31 10:04:00+00:00,RGLD,147.9552001953125,147.9552001953125,147.9552001953125,147.9552001953125,147.9552001953125,513.0
2024-10-31 10:04:00+00:00,SGML,14.050000190734863,14.050000190734863,14.130000114440918,13.949999809265137,14.130000114440918,8024.0
2024-10-31 10:04:00+00:00,SMID,33.459999084472656,33.459999084472656,33.459999084472656,33.459999084472656,33.459999084472656,510.0
2024-10-31 10:04:00+00:00,SSRM,6.045000076293945,6.045000076293945,6.054999828338623,6.045000076293945,6.050000190734863,5356.0
2024-10-31 10:04:00+00:00,STLD,132.8800048828125,132.8800048828125,132.8800048828125,132.8800048828125,132.8800048828125,1020.0
2024-10-31 10:04:00+00:00,TMC,0.9474999904632568,0.9474999904632568,0.9498999714851379,0.9474999904632568,0.9498999714851379,1005.0
2024-10-31 10:04:00+00:00,UFPI,121.86000061035156,121.86000061035156,121.86000061035156,121.86000061035156,121.86000061035156,319.0
2024-10-31 10:04:00+00:00,WDFC,261.42999267578125,261.42999267578125,261.42999267578125,261.42999267578125,261.42999267578125,119.0
2024-10-31 10:04:00+00:00,ZKIN,0.5551999807357788,0.5551999807357788,0.5551999807357788,0.5551999807357788,0.5551999807357788,1599.0
2024-10-31 10:05:00+00:00,ASTL,10.595000267028809,10.595000267028809,10.600000381469727,10.595000267028809,10.600000381469727,737.0
2024-10-31 10:05:00+00:00,CENX,17.65999984741211,17.65999984741211,17.68000030517578,17.65999984741211,17.65999984741211,796.0
2024-10-31 10:05:00+00:00,GEVO,2.384999990463257,2.384999990463257,2.3949999809265137,2.380000114440918,2.390000104904175,54702.0
2024-10-31 10:05:00+00:00,GPRE,13.475000381469727,13.475000381469727,13.484999656677246,13.460000038146973,13.484999656677246,3799.0
2024-10-31 10:05:00+00:00,GURE,0.6399999856948853,0.6399999856948853,0.6399999856948853,0.6399999856948853,0.6399999856948853,4055.0
2024-10-31 10:05:00+00:00,HDSN,7.619999885559082,7.619999885559082,7.619999885559082,7.619999885559082,7.619999885559082,1093.0
2024-10-31 10:05:00+00:00,HWKN,110.86070251464844,110.86070251464844,111.1321029663086,110.86070251464844,111.1321029663086,1962.0
2024-10-31 10:05:00+00:00,HYMC,2.3980000019073486,2.3980000019073486,2.3980000019073486,2.3980000019073486,2.3980000019073486,103.0
2024-10-31 10:05:00+00:00,KALU,76.61730194091797,76.61730194091797,76.61730194091797,76.61730194091797,76.61730194091797,442.0
2024-10-31 10:05:00+00:00,LGO,2.490000009536743,2.490000009536743,2.490000009536743,2.4700000286102295,2.4700000286102295,0.0
2024-10-31 10:05:00+00:00,MEOH,39.32500076293945,39.32500076293945,39.33000183105469,39.16999816894531,39.209999084472656,7151.0
2024-10-31 10:05:00+00:00,METC,10.010000228881836,10.010000228881836,10.010000228881836,10.010000228881836,10.010000228881836,1007.0
2024-10-31 10:05:00+00:00,PAAS,23.1200008392334,23.1200008392334,23.149999618530273,23.079999923706055,23.110000610351562,23076.0
2024-10-31 10:05:00+00:00,PLL,12.875,12.875,12.875,12.869999885559082,12.869999885559082,3631.0
2024-10-31 10:05:00+00:00,RGLD,147.5800018310547,147.5800018310547,147.77999877929688,147.5800018310547,147.77999877929688,922.0
2024-10-31 10:05:00+00:00,SGML,14.071999549865723,14.071999549865723,14.119999885559082,14.071999549865723,14.119999885559082,1549.0
2024-10-31 10:05:00+00:00,SNES,2.890000104904175,2.890000104904175,2.890000104904175,2.890000104904175,2.890000104904175,166.0
2024-10-31 10:05:00+00:00,SSRM,6.054999828338623,6.054999828338623,6.059999942779541,6.045000076293945,6.045000076293945,4209.0
2024-10-31 10:05:00+00:00,STLD,132.6199951171875,132.6199951171875,132.6199951171875,132.6199951171875,132.6199951171875,445.0
2024-10-31 10:05:00+00:00,TMC,0.9488000273704529,0.9488000273704529,0.9488000273704529,0.9488000273704529,0.9488000273704529,942.0
2024-10-31 10:05:00+00:00,USAP,44.13999938964844,44.13999938964844,44.13999938964844,44.13999938964844,44.13999938964844,708.0
2024-10-31 10:05:00+00:00,USLM,109.16000366210938,109.16000366210938,109.16000366210938,109.16000366210938,109.16000366210938,716.0
2024-10-31 10:05:00+00:00,ZEUS,36.22999954223633,36.22999954223633,36.22999954223633,36.22999954223633,36.22999954223633,431.0
2024-10-31 10:06:00+00:00,ALTO,1.75,1.75,1.75,1.75,1.75,402.0
2024-10-31 10:06:00+00:00,AREC,1.0199999809265137,1.0199999809265137,1.0199999809265137,1.0199999809265137,1.0199999809265137,0.0
2024-10-31 10:06:00+00:00,ASTL,10.595000267028809,10.595000267028809,10.595000267028809,10.59000015258789,10.59000015258789,536.0
2024-10-31 10:06:00+00:00,CENX,17.700000762939453,17.700000762939453,17.709999084472656,17.700000762939453,17.709999084472656,1339.0
2024-10-31 10:06:00+00:00,CNEY,0.5011000037193298,0.5011000037193298,0.5189999938011169,0.5002999901771545,0.5002999901771545,220.0
2024-10-31 10:06:00+00:00,CRKN,0.8676999807357788,0.8676999807357788,0.8676999807357788,0.8676999807357788,0.8676999807357788,3259.0
2024-10-31 10:06:00+00:00,GEVO,2.369999885559082,2.369999885559082,2.390000104904175,2.369999885559082,2.390000104904175,110642.0
2024-10-31 10:06:00+00:00,GPRE,13.470000267028809,13.470000267028809,13.489999771118164,13.449999809265137,13.475000381469727,14745.0
2024-10-31 10:06:00+00:00,GSM,4.21999979019165,4.21999979019165,4.21999979019165,4.21999979019165,4.21999979019165,548.0
2024-10-31 10:06:00+00:00,HYMC,2.3970000743865967,2.3970000743865967,2.3970000743865967,2.3970000743865967,2.3970000743865967,200.0
2024-10-31 10:06:00+00:00,MEOH,39.349998474121094,39.349998474121094,39.349998474121094,39.33000183105469,39.33000183105469,1823.0
2024-10-31 10:06:00+00:00,PAAS,23.1299991607666,23.1299991607666,23.219999313354492,23.100000381469727,23.100000381469727,35923.0
2024-10-31 10:06:00+00:00,PPTA,9.989999771118164,9.989999771118164,9.994999885559082,9.989999771118164,9.994999885559082,801.0
2024-10-31 10:06:00+00:00,RETO,1.1398999691009521,1.1398999691009521,1.1398999691009521,1.1398999691009521,1.1398999691009521,0.0
2024-10-31 10:06:00+00:00,RGLD,147.66000366210938,147.66000366210938,147.66000366210938,147.61000061035156,147.61000061035156,2321.0
2024-10-31 10:06:00+00:00,SSRM,6.071000099182129,6.071000099182129,6.074999809265137,6.045000076293945,6.045000076293945,3949.0
2024-10-31 10:06:00+00:00,USAU,6.050000190734863,6.050000190734863,6.050000190734863,6.050000190734863,6.050000190734863,143.0
2024-10-31 10:06:00+00:00,USLM,109.5,109.5,109.5,109.5,109.5,252.0
2024-10-31 10:06:00+00:00,WDFC,262.9599914550781,262.9599914550781,262.9599914550781,262.9599914550781,262.9599914550781,195.0
2024-10-31 10:07:00+00:00,AREC,1.0199999809265137,1.0199999809265137,1.024999976158142,1.0199999809265137,1.0199999809265137,515.0
2024-10-31 10:07:00+00:00,BIOX,6.824999809265137,6.824999809265137,6.824999809265137,6.824999809265137,6.824999809265137,200.0
2024-10-31 10:07:00+00:00,CENX,17.700000762939453,17.700000762939453,17.700000762939453,17.700000762939453,17.700000762939453,112.0
2024-10-31 10:07:00+00:00,CNEY,0.5002999901771545,0.5002999901771545,0.5189999938011169,0.5002999901771545,0.5189999938011169,312.0
2024-10-31 10:07:00+00:00,GEVO,2.360100030899048,2.360100030899048,2.384999990463257,2.359999895095825,2.375,168132.0
2024-10-31 10:07:00+00:00,GPRE,13.510000228881836,13.510000228881836,13.510000228881836,13.479999542236328,13.489999771118164,11557.0
2024-10-31 10:07:00+00:00,GSM,4.21999979019165,4.21999979019165,4.21999979019165,4.21999979019165,4.21999979019165,616.0
2024-10-31 10:07:00+00:00,HDSN,7.619999885559082,7.619999885559082,7.619999885559082,7.610000133514404,7.610000133514404,328.0
2024-10-31 10:07:00+00:00,HYMC,2.380000114440918,2.380000114440918,2.384999990463257,2.380000114440918,2.384999990463257,3558.0
2024-10-31 10:07:00+00:00,KALU,76.0,76.0,76.0,76.0,76.0,668.0
2024-10-31 10:07:00+00:00,LGO,2.4700000286102295,2.4700000286102295,2.4700000286102295,2.4700000286102295,2.4700000286102295,143.0
2024-10-31 10:07:00+00:00,LITM,0.3596999943256378,0.3596999943256378,0.367900013923645,0.3596999943256378,0.36489999294281006,52112.0
2024-10-31 10:07:00+00:00,LWLG,3.171999931335449,3.171999931335449,3.174999952316284,3.1700000762939453,3.1700000762939453,909.0
2024-10-31 10:07:00+00:00,MEOH,39.29999923706055,39.29999923706055,39.349998474121094,39.29999923706055,39.349998474121094,2704.0
2024-10-31 10:07:00+00:00,MERC,6.460000038146973,6.460000038146973,6.460000038146973,6.460000038146973,6.460000038146973,525.0
2024-10-31 10:07:00+00:00,METC,10.020000457763672,10.020000457763672,10.039999961853027,10.020000457763672,10.029999732971191,1130.0
2024-10-31 10:07:00+00:00,PAAS,23.14150047302246,23.14150047302246,23.170000076293945,23.110000610351562,23.139999389648438,20182.0
2024-10-31 10:07:00+00:00,PLL,12.81190013885498,12.81190013885498,12.81190013885498,12.81190013885498,12.81190013885498,1309.0
2024-10-31 10:07:00+00:00,PPTA,10.010000228881836,10.010000228881836,10.010000228881836,10.0,10.0,1608.0
2024-10-31 10:07:00+00:00,SSRM,6.075300216674805,6.075300216674805,6.075300216674805,6.070000171661377,6.070000171661377,1635.0
2024-10-31 10:07:00+00:00,STLD,132.3000030517578,132.3000030517578,132.58999633789062,132.3000030517578,132.36000061035156,1393.0
2024-10-31 10:07:00+00:00,USAU,6.059999942779541,6.059999942779541,6.059999942779541,6.059999942779541,6.059999942779541,519.0
2024-10-31 10:08:00+00:00,BIOX,6.800000190734863,6.800000190734863,6.804999828338623,6.800000190734863,6.800000190734863,4578.0
2024-10-31 10:08:00+00:00,CENX,17.719999313354492,17.719999313354492,17.719999313354492,17.700000762939453,17.700000762939453,641.0
2024-10-31 10:08:00+00:00,CNEY,0.5189999938011169,0.5189999938011169,0.5189999938011169,0.5189999938011169,0.5189999938011169,100.0
2024-10-31 10:08:00+00:00,GEVO,2.3550000190734863,2.3550000190734863,2.359999895095825,2.3399999141693115,2.359999895095825,213940.0
2024-10-31 10:08:00+00:00,GPRE,13.473199844360352,13.473199844360352,13.539999961853027,13.460000038146973,13.505000114440918,24126.0
2024-10-31 10:08:00+00:00,HDSN,7.605000019073486,7.605000019073486,7.605000019073486,7.605000019073486,7.605000019073486,2030.0
2024-10-31 10:08:00+00:00,HWKN,111.24500274658203,111.24500274658203,111.24500274658203,111.24500274658203,111.24500274658203,753.0
2024-10-31 10:08:00+00:00,LITM,0.36500000953674316,0.36500000953674316,0.36500000953674316,0.36500000953674316,0.36500000953674316,0.0
2024-10-31 10:08:00+00:00,LWLG,3.180000066757202,3.180000066757202,3.180000066757202,3.180000066757202,3.180000066757202,327.0
2024-10-31 10:08:00+00:00,MEOH,39.22999954223633,39.22999954223633,39.275001525878906,39.22999954223633,39.275001525878906,286.0
2024-10-31 10:08:00+00:00,METC,10.000200271606445,10.000200271606445,10.010000228881836,10.000100135803223,10.010000228881836,2613.0
2024-10-31 10:08:00+00:00,ORGN,1.375,1.375,1.375,1.375,1.375,205.0
2024-10-31 10:08:00+00:00,PAAS,23.18000030517578,23.18000030517578,23.18000030517578,23.1200008392334,23.1200008392334,13043.0
2024-10-31 10:08:00+00:00,PLL,12.850000381469727,12.850000381469727,12.850000381469727,12.829999923706055,12.829999923706055,2859.0
2024-10-31 10:08:00+00:00,SGML,14.149999618530273,14.149999618530273,14.149999618530273,14.100000381469727,14.130000114440918,3201.0
2024-10-31 10:08:00+00:00,SSRM,6.090000152587891,6.090000152587891,6.090000152587891,6.074999809265137,6.074999809265137,2228.0
2024-10-31 10:08:00+00:00,STLD,132.47999572753906,132.47999572753906,132.50999450683594,132.3249969482422,132.3249969482422,993.0
2024-10-31 10:08:00+00:00,TMC,0.9441999793052673,0.9441999793052673,0.9441999793052673,0.9441999793052673,0.9441999793052673,286.0
2024-10-31 10:08:00+00:00,USAU,6.090000152587891,6.090000152587891,6.090000152587891,6.079999923706055,6.079999923706055,401.0
2024-10-31 10:08:00+00:00,USLM,109.75,109.75,109.81999969482422,109.75,109.81999969482422,3335.0
2024-10-31 10:09:00+00:00,ALTO,1.7400000095367432,1.7400000095367432,1.7400000095367432,1.7400000095367432,1.7400000095367432,569.0
2024-10-31 10:09:00+00:00,AREC,1.0200999975204468,1.0200999975204468,1.0200999975204468,1.0200999975204468,1.0200999975204468,2100.0
2024-10-31 10:09:00+00:00,ASTL,10.595000267028809,10.595000267028809,10.595000267028809,10.59000015258789,10.59000015258789,308.0
2024-10-31 10:09:00+00:00,BIOX,6.789999961853027,6.789999961853027,6.800000190734863,6.789999961853027,6.800000190734863,422.0
2024-10-31 10:09:00+00:00,CENX,17.690000534057617,17.690000534057617,17.719999313354492,17.690000534057617,17.719999313354492,2078.0
2024-10-31 10:09:00+00:00,CNEY,0.5199000239372253,0.5199000239372253,0.5199000239372253,0.5101000070571899,0.5101000070571899,900.0
2024-10-31 10:09:00+00:00,GEVO,2.365000009536743,2.365000009536743,2.369999885559082,2.3499999046325684,2.3550000190734863,55852.0
2024-10-31 10:09:00+00:00,GPRE,13.5,13.5,13.5,13.457500457763672,13.457500457763672,7543.0
2024-10-31 10:09:00+00:00,GSM,4.21999979019165,4.21999979019165,4.21999979019165,4.21999979019165,4.21999979019165,2480.0
2024-10-31 10:09:00+00:00,GURE,0.6430000066757202,0.6430000066757202,0.6430000066757202,0.6399999856948853,0.6399999856948853,12000.0
2024-10-31 10:09:00+00:00,HYMC,2.3801000118255615,2.3801000118255615,2.390000104904175,2.369999885559082,2.390000104904175,13461.0
2024-10-31 10:09:00+00:00,IONR,7.994999885559082,7.994999885559082,7.994999885559082,7.994999885559082,7.994999885559082,333.0
2024-10-31 10:09:00+00:00,MERC,6.480000019073486,6.480000019073486,6.480000019073486,6.46999979019165,6.46999979019165,683.0
2024-10-31 10:09:00+00:00,METC,10.050000190734863,10.050000190734863,10.050000190734863,10.050000190734863,10.050000190734863,824.0
2024-10-31 10:09:00+00:00,PAAS,23.200000762939453,23.200000762939453,23.209999084472656,23.170000076293945,23.18000030517578,7566.0
2024-10-31 10:09:00+00:00,PLL,12.949999809265137,12.949999809265137,12.949999809265137,12.90999984741211,12.9399995803833,3133.0
2024-10-31 10:09:00+00:00,PPTA,10.0,10.0,10.0,10.0,10.0,201.0
2024-10-31 10:09:00+00:00,RGLD,147.80999755859375,147.80999755859375,147.80999755859375,147.80999755859375,147.80999755859375,239.0
2024-10-31 10:09:00+00:00,SMID,33.625,33.625,33.625,33.625,33.625,220.0
2024-10-31 10:09:00+00:00,SSRM,6.090000152587891,6.090000152587891,6.090000152587891,6.090000152587891,6.090000152587891,1179.0
2024-10-31 10:09:00+00:00,STLD,132.52000427246094,132.52000427246094,132.52000427246094,132.39999389648438,132.39999389648438,1287.0
2024-10-31 10:09:00+00:00,TMC,0.9433000087738037,0.9433000087738037,0.9433000087738037,0.9433000087738037,0.9433000087738037,400.0
2024-10-31 10:09:00+00:00,USAU,6.044899940490723,6.044899940490723,6.044899940490723,6.044899940490723,6.044899940490723,1758.0
2024-10-31 10:09:00+00:00,USLM,110.13999938964844,110.13999938964844,110.13999938964844,109.10009765625,109.10009765625,678.0
2024-10-31 10:10:00+00:00,ALTO,1.7496000528335571,1.7496000528335571,1.7496000528335571,1.7496000528335571,1.7496000528335571,1144.0
2024-10-31 10:10:00+00:00,ASTL,10.585000038146973,10.585000038146973,10.59000015258789,10.585000038146973,10.59000015258789,421.0
2024-10-31 10:10:00+00:00,CENX,17.665000915527344,17.665000915527344,17.670000076293945,17.665000915527344,17.670000076293945,752.0
2024-10-31 10:10:00+00:00,CNEY,0.5101000070571899,0.5101000070571899,0.5101000070571899,0.5101000070571899,0.5101000070571899,2809.0
2024-10-31 10:10:00+00:00,CRKN,0.8700000047683716,0.8700000047683716,0.8700000047683716,0.8700000047683716,0.8700000047683716,1235.0
2024-10-31 10:10:00+00:00,FEAM,0.46000000834465027,0.46000000834465027,0.46000000834465027,0.46000000834465027,0.46000000834465027,400.0
2024-10-31 10:10:00+00:00,GEVO,2.365000009536743,2.365000009536743,2.369999885559082,2.359999895095825,2.360100030899048,83886.0
2024-10-31 10:10:00+00:00,GPRE,13.479999542236328,13.479999542236328,13.524999618530273,13.470000267028809,13.5,26888.0
2024-10-31 10:10:00+00:00,GSM,4.21999979019165,4.21999979019165,4.220699787139893,4.21999979019165,4.220699787139893,1577.0
2024-10-31 10:10:00+00:00,IONR,7.844600200653076,7.844600200653076,7.844600200653076,7.844600200653076,7.844600200653076,256.0
2024-10-31 10:10:00+00:00,LITM,0.36000001430511475,0.36000001430511475,0.36000001430511475,0.35989999771118164,0.35989999771118164,2825.0
2024-10-31 10:10:00+00:00,LWLG,3.190000057220459,3.190000057220459,3.190000057220459,3.190000057220459,3.190000057220459,2502.0
2024-10-31 10:10:00+00:00,MEOH,39.27000045776367,39.27000045776367,39.27000045776367,39.27000045776367,39.27000045776367,447.0
2024-10-31 10:10:00+00:00,MERC,6.485000133514404,6.485000133514404,6.485000133514404,6.485000133514404,6.485000133514404,322.0
2024-10-31 10:10:00+00:00,ORGN,1.375,1.375,1.375,1.375,1.375,230.0
2024-10-31 10:10:00+00:00,PAAS,23.200000762939453,23.200000762939453,23.204999923706055,23.18000030517578,23.184999465942383,1525.0
2024-10-31 10:10:00+00:00,PLL,12.902799606323242,12.902799606323242,12.902799606323242,12.902799606323242,12.902799606323242,645.0
2024-10-31 10:10:00+00:00,PPTA,10.020700454711914,10.020700454711914,10.020700454711914,10.020700454711914,10.020700454711914,1235.0
2024-10-31 10:10:00+00:00,RGLD,147.9149932861328,147.9149932861328,147.9149932861328,147.8300018310547,147.8300018310547,253.0
2024-10-31 10:10:00+00:00,SGML,14.1899995803833,14.1899995803833,14.1899995803833,14.1899995803833,14.1899995803833,1091.0
2024-10-31 10:10:00+00:00,SMID,33.904998779296875,33.904998779296875,33.904998779296875,33.904998779296875,33.904998779296875,152.0
2024-10-31 10:10:00+00:00,SSRM,6.085000038146973,6.085000038146973,6.085000038146973,6.085000038146973,6.085000038146973,468.0
2024-10-31 10:10:00+00:00,STLD,132.40499877929688,132.40499877929688,132.40499877929688,132.40499877929688,132.40499877929688,374.0
2024-10-31 10:10:00+00:00,TMC,0.9491999745368958,0.9491999745368958,0.9491999745368958,0.9455999732017517,0.9455999732017517,230.0
2024-10-31 10:10:00+00:00,UFPI,121.86000061035156,121.86000061035156,121.86000061035156,121.86000061035156,121.86000061035156,2343.0
2024-10-31 10:10:00+00:00,USAP,44.20000076293945,44.20000076293945,44.20000076293945,44.20000076293945,44.20000076293945,1014.0
2024-10-31 10:10:00+00:00,ZEUS,35.880001068115234,35.880001068115234,36.04999923706055,35.880001068115234,36.04999923706055,1594.0
2024-10-31 10:11:00+00:00,BIOX,6.789400100708008,6.789400100708008,6.789400100708008,6.789400100708008,6.789400100708008,230.0
2024-10-31 10:11:00+00:00,CRKN,0.8790000081062317,0.8790000081062317,0.8790000081062317,0.8790000081062317,0.8790000081062317,200.0
2024-10-31 10:11:00+00:00,GEVO,2.3499999046325684,2.3499999046325684,2.3698999881744385,2.3450000286102295,2.359999895095825,100918.0
2024-10-31 10:11:00+00:00,GPRE,13.529999732971191,13.529999732971191,13.529999732971191,13.444999694824219,13.470000267028809,5695.0
2024-10-31 10:11:00+00:00,HWKN,110.22000122070312,110.22000122070312,110.22000122070312,110.22000122070312,110.22000122070312,430.0
2024-10-31 10:11:00+00:00,LITM,0.3564000129699707,0.3564000129699707,0.3564000129699707,0.3564000129699707,0.3564000129699707,2548.0
2024-10-31 10:11:00+00:00,LWLG,3.180000066757202,3.180000066757202,3.189300060272217,3.180000066757202,3.189300060272217,379.0
2024-10-31 10:11:00+00:00,MERC,6.5,6.5,6.5,6.5,6.5,499.0
2024-10-31 10:11:00+00:00,METC,10.028499603271484,10.028499603271484,10.028499603271484,10.028499603271484,10.028499603271484,883.0
2024-10-31 10:11:00+00:00,PAAS,23.209999084472656,23.209999084472656,23.21500015258789,23.18000030517578,23.1919002532959,4407.0
2024-10-31 10:11:00+00:00,PLL,12.90999984741211,12.90999984741211,12.955400466918945,12.90999984741211,12.955400466918945,2923.0
2024-10-31 10:11:00+00:00,RETO,1.1299999952316284,1.1299999952316284,1.1299999952316284,1.1299999952316284,1.1299999952316284,803.0
2024-10-31 10:11:00+00:00,RGLD,147.69000244140625,147.69000244140625,147.69000244140625,147.69000244140625,147.69000244140625,246.0
2024-10-31 10:11:00+00:00,SMID,33.904998779296875,33.904998779296875,33.904998779296875,33.904998779296875,33.904998779296875,200.0
2024-10-31 10:11:00+00:00,SSRM,6.09499979019165,6.09499979019165,6.09499979019165,6.085000038146973,6.090000152587891,3266.0
2024-10-31 10:11:00+00:00,STLD,132.19000244140625,132.19000244140625,132.19000244140625,132.19000244140625,132.19000244140625,801.0
2024-10-31 10:11:00+00:00,TMC,0.9490000009536743,0.9490000009536743,0.9490000009536743,0.9490000009536743,0.9490000009536743,2100.0
2024-10-31 10:12:00+00:00,ALTO,1.7450000047683716,1.7450000047683716,1.75,1.7450000047683716,1.75,1162.0
2024-10-31 10:12:00+00:00,ASTL,10.579999923706055,10.579999923706055,10.579999923706055,10.579999923706055,10.579999923706055,143.0
2024-10-31 10:12:00+00:00,CENX,17.645000457763672,17.645000457763672,17.645000457763672,17.645000457763672,17.645000457763672,901.0
2024-10-31 10:12:00+00:00,CRKN,0.8790000081062317,0.8790000081062317,0.8790000081062317,0.8701000213623047,0.8701000213623047,217.0
2024-10-31 10:12:00+00:00,GEVO,2.3350000381469727,2.3350000381469727,2.3550000190734863,2.3306000232696533,2.340100049972534,117568.0
2024-10-31 10:12:00+00:00,GPRE,13.489999771118164,13.489999771118164,13.494999885559082,13.489999771118164,13.489999771118164,4176.0
2024-10-31 10:12:00+00:00,GSM,4.210000038146973,4.210000038146973,4.21999979019165,4.210000038146973,4.21999979019165,1696.0
2024-10-31 10:12:00+00:00,HDSN,7.614999771118164,7.614999771118164,7.619999885559082,7.614999771118164,7.619999885559082,2465.0
2024-10-31 10:12:00+00:00,HWKN,110.95500183105469,110.95500183105469,110.95500183105469,110.95500183105469,110.95500183105469,183.0
2024-10-31 10:12:00+00:00,LWLG,3.1649999618530273,3.1649999618530273,3.1649999618530273,3.1649999618530273,3.1649999618530273,1062.0
2024-10-31 10:12:00+00:00,MEOH,39.220001220703125,39.220001220703125,39.220001220703125,39.220001220703125,39.220001220703125,286.0
2024-10-31 10:12:00+00:00,MERC,6.494999885559082,6.494999885559082,6.494999885559082,6.494999885559082,6.494999885559082,591.0
2024-10-31 10:12:00+00:00,METC,10.020000457763672,10.020000457763672,10.045000076293945,10.015000343322754,10.020000457763672,2389.0
2024-10-31 10:12:00+00:00,ORGN,1.371000051498413,1.371000051498413,1.371000051498413,1.371000051498413,1.371000051498413,180.0
2024-10-31 10:12:00+00:00,PAAS,23.15999984741211,23.15999984741211,23.219999313354492,23.149999618530273,23.209999084472656,20902.0
2024-10-31 10:12:00+00:00,PPTA,10.020000457763672,10.020000457763672,10.020000457763672,10.020000457763672,10.020000457763672,1123.0
2024-10-31 10:12:00+00:00,RGLD,147.71499633789062,147.71499633789062,147.71499633789062,147.71499633789062,147.71499633789062,116.0
2024-10-31 10:12:00+00:00,SSRM,6.090000152587891,6.090000152587891,6.090000152587891,6.090000152587891,6.090000152587891,1945.0
2024-10-31 10:12:00+00:00,TMC,0.9498999714851379,0.9498999714851379,0.9498999714851379,0.9498999714851379,0.9498999714851379,5286.0
2024-10-31 10:12:00+00:00,USAP,44.119998931884766,44.119998931884766,44.119998931884766,44.06999969482422,44.11000061035156,1089.0
2024-10-31 10:12:00+00:00,USLM,110.00499725341797,110.00499725341797,110.00499725341797,110.00499725341797,110.00499725341797,193.0
2024-10-31 10:13:00+00:00,ALTO,1.7450000047683716,1.7450000047683716,1.7450000047683716,1.7450000047683716,1.7450000047683716,1029.0
2024-10-31 10:13:00+00:00,ASTL,10.569999694824219,10.569999694824219,10.569999694824219,10.569999694824219,10.569999694824219,542.0
2024-10-31 10:13:00+00:00,CENX,17.604999542236328,17.604999542236328,17.610000610351562,17.600000381469727,17.610000610351562,663.0
2024-10-31 10:13:00+00:00,CRKN,0.8790000081062317,0.8790000081062317,0.8790000081062317,0.8790000081062317,0.8790000081062317,101.0
2024-10-31 10:13:00+00:00,GEVO,2.3499999046325684,2.3499999046325684,2.3499999046325684,2.3301000595092773,2.330199956893921,62692.0
2024-10-31 10:13:00+00:00,GPRE,13.5,13.5,13.510000228881836,13.489999771118164,13.489999771118164,1314.0
2024-10-31 10:13:00+00:00,GSM,4.215000152587891,4.215000152587891,4.215000152587891,4.215000152587891,4.215000152587891,162.0
2024-10-31 10:13:00+00:00,HDSN,7.590000152587891,7.590000152587891,7.590000152587891,7.590000152587891,7.590000152587891,2034.0
2024-10-31 10:13:00+00:00,HWKN,110.81500244140625,110.81500244140625,110.81500244140625,110.81500244140625,110.81500244140625,252.0
2024-10-31 10:13:00+00:00,HYMC,2.3801000118255615,2.3801000118255615,2.3801000118255615,2.380000114440918,2.3801000118255615,12775.0
2024-10-31 10:13:00+00:00,KALU,75.4800033569336,75.4800033569336,75.4800033569336,75.4800033569336,75.4800033569336,1777.0
2024-10-31 10:13:00+00:00,LGO,2.4800000190734863,2.4800000190734863,2.4800000190734863,2.4800000190734863,2.4800000190734863,1110.0
2024-10-31 10:13:00+00:00,LITM,0.3596999943256378,0.3596999943256378,0.3596999943256378,0.35199999809265137,0.35199999809265137,2300.0
2024-10-31 10:13:00+00:00,LWLG,3.1700000762939453,3.1700000762939453,3.180000066757202,3.1700000762939453,3.180000066757202,2100.0
2024-10-31 10:13:00+00:00,METC,10.01099967956543,10.01099967956543,10.01099967956543,10.01099967956543,10.01099967956543,112.0
2024-10-31 10:13:00+00:00,PAAS,23.209999084472656,23.209999084472656,23.219999313354492,23.155000686645508,23.15999984741211,5957.0
2024-10-31 10:13:00+00:00,PLL,12.960000038146973,12.960000038146973,12.960000038146973,12.960000038146973,12.960000038146973,1363.0
2024-10-31 10:13:00+00:00,PPTA,10.0,10.0,10.029999732971191,10.0,10.029999732971191,502.0
2024-10-31 10:13:00+00:00,RGLD,147.7100067138672,147.7100067138672,147.7100067138672,147.7100067138672,147.7100067138672,161.0
2024-10-31 10:13:00+00:00,SGML,14.180000305175781,14.180000305175781,14.180000305175781,14.180000305175781,14.180000305175781,444.0
2024-10-31 10:13:00+00:00,SSRM,6.105000019073486,6.105000019073486,6.105000019073486,6.099800109863281,6.099800109863281,1548.0
2024-10-31 10:13:00+00:00,STLD,132.19500732421875,132.19500732421875,132.19500732421875,132.19500732421875,132.19500732421875,392.0
2024-10-31 10:13:00+00:00,USLM,110.08000183105469,110.08000183105469,110.08000183105469,110.08000183105469,110.08000183105469,307.0
2024-10-31 10:13:00+00:00,WDFC,262.989990234375,262.989990234375,262.989990234375,262.8800048828125,262.8800048828125,736.0
2024-10-31 10:14:00+00:00,ALTO,1.7580000162124634,1.7580000162124634,1.7580000162124634,1.75,1.75,3362.0
2024-10-31 10:14:00+00:00,AREC,1.0199999809265137,1.0199999809265137,1.0199999809265137,1.0199999809265137,1.0199999809265137,1200.0
2024-10-31 10:14:00+00:00,CENX,17.56999969482422,17.56999969482422,17.6200008392334,17.56999969482422,17.6200008392334,559.0
2024-10-31 10:14:00+00:00,CRKN,0.8790000081062317,0.8790000081062317,0.8790000081062317,0.8790000081062317,0.8790000081062317,1000.0
2024-10-31 10:14:00+00:00,GEVO,2.350399971008301,2.350399971008301,2.359999895095825,2.3503000736236572,2.352099895477295,37685.0
2024-10-31 10:14:00+00:00,GPRE,13.640000343322754,13.640000343322754,13.640000343322754,13.520000457763672,13.520000457763672,32581.0
2024-10-31 10:14:00+00:00,GSM,4.210000038146973,4.210000038146973,4.215000152587891,4.210000038146973,4.215000152587891,3003.0
2024-10-31 10:14:00+00:00,GURE,0.6200000047683716,0.6200000047683716,0.6200000047683716,0.6200000047683716,0.6200000047683716,0.0
2024-10-31 10:14:00+00:00,HDSN,7.599999904632568,7.599999904632568,7.599999904632568,7.599999904632568,7.599999904632568,500.0
2024-10-31 10:14:00+00:00,HWKN,111.41000366210938,111.41000366210938,111.41000366210938,110.81500244140625,110.81500244140625,1674.0
2024-10-31 10:14:00+00:00,IOSP,109.68399810791016,109.68399810791016,109.68399810791016,109.68399810791016,109.68399810791016,474.0
2024-10-31 10:14:00+00:00,LWLG,3.1700000762939453,3.1700000762939453,3.174999952316284,3.1700000762939453,3.171999931335449,2375.0
2024-10-31 10:14:00+00:00,MEOH,39.150001525878906,39.150001525878906,39.185001373291016,39.150001525878906,39.185001373291016,674.0
2024-10-31 10:14:00+00:00,METC,10.029899597167969,10.029899597167969,10.029899597167969,10.029899597167969,10.029899597167969,1143.0
2024-10-31 10:14:00+00:00,ORGN,1.375,1.375,1.375,1.3704999685287476,1.3704999685287476,1471.0
2024-10-31 10:14:00+00:00,PAAS,23.2450008392334,23.2450008392334,23.25,23.219999313354492,23.219999313354492,7834.0
2024-10-31 10:14:00+00:00,PPTA,10.024999618530273,10.024999618530273,10.024999618530273,10.015000343322754,10.015000343322754,813.0
2024-10-31 10:14:00+00:00,SSRM,6.114999771118164,6.114999771118164,6.114999771118164,6.105999946594238,6.110000133514404,4037.0
2024-10-31 10:14:00+00:00,STLD,132.3300018310547,132.3300018310547,132.3300018310547,132.32000732421875,132.32000732421875,610.0
2024-10-31 10:14:00+00:00,TMC,0.9527000188827515,0.9527000188827515,0.9599999785423279,0.949999988079071,0.9501000046730042,82836.0
2024-10-31 10:14:00+00:00,USAP,44.084999084472656,44.084999084472656,44.084999084472656,44.084999084472656,44.084999084472656,240.0
2024-10-31 10:14:00+00:00,USLM,110.31999969482422,110.31999969482422,110.31999969482422,110.31999969482422,110.31999969482422,262.0
2024-10-31 10:15:00+00:00,ALTO,1.7549999952316284,1.7549999952316284,1.7549999952316284,1.7549999952316284,1.7549999952316284,0.0
2024-10-31 10:15:00+00:00,CENX,17.610000610351562,17.610000610351562,17.6200008392334,17.610000610351562,17.610000610351562,752.0
2024-10-31 10:15:00+00:00,CNEY,0.5002999901771545,0.5002999901771545,0.5002999901771545,0.5002999901771545,0.5002999901771545,1100.0
2024-10-31 10:15:00+00:00,CRKN,0.8790000081062317,0.8790000081062317,0.8790000081062317,0.8790000081062317,0.8790000081062317,501.0
2024-10-31 10:15:00+00:00,GEVO,2.365000009536743,2.365000009536743,2.369999885559082,2.3499999046325684,2.3499999046325684,40846.0
2024-10-31 10:15:00+00:00,GPRE,13.720000267028809,13.720000267028809,13.800000190734863,13.65999984741211,13.65999984741211,15794.0
2024-10-31 10:15:00+00:00,HDSN,7.610000133514404,7.610000133514404,7.610000133514404,7.599999904632568,7.599999904632568,534.0
2024-10-31 10:15:00+00:00,LWLG,3.180000066757202,3.180000066757202,3.180000066757202,3.1700000762939453,3.1700000762939453,1902.0
2024-10-31 10:15:00+00:00,MEOH,39.130001068115234,39.130001068115234,39.130001068115234,39.130001068115234,39.130001068115234,1032.0
2024-10-31 10:15:00+00:00,MERC,6.5,6.5,6.5,6.5,6.5,1457.0
2024-10-31 10:15:00+00:00,METC,10.020000457763672,10.020000457763672,10.020000457763672,10.020000457763672,10.020000457763672,238.0
2024-10-31 10:15:00+00:00,PAAS,23.295000076293945,23.295000076293945,23.29990005493164,23.225000381469727,23.229999542236328,15574.0
2024-10-31 10:15:00+00:00,PLL,12.979999542236328,12.979999542236328,12.979999542236328,12.979999542236328,12.979999542236328,2085.0
2024-10-31 10:15:00+00:00,PPTA,10.010000228881836,10.010000228881836,10.024999618530273,10.000100135803223,10.000100135803223,4935.0
2024-10-31 10:15:00+00:00,RGLD,147.97500610351562,147.97500610351562,147.97500610351562,147.97500610351562,147.97500610351562,367.0
2024-10-31 10:15:00+00:00,SGML,14.194999694824219,14.194999694824219,14.194999694824219,14.180000305175781,14.1899995803833,614.0
2024-10-31 10:15:00+00:00,SMID,33.9906005859375,33.9906005859375,33.9906005859375,33.9906005859375,33.9906005859375,198.0
2024-10-31 10:15:00+00:00,SSRM,6.119999885559082,6.119999885559082,6.119999885559082,6.114999771118164,6.114999771118164,1940.0
2024-10-31 10:15:00+00:00,STLD,132.39999389648438,132.39999389648438,132.39999389648438,132.1999969482422,132.1999969482422,1211.0
2024-10-31 10:15:00+00:00,UFPI,121.91999816894531,121.91999816894531,121.91999816894531,121.91999816894531,121.91999816894531,360.0
2024-10-31 10:15:00+00:00,USAP,44.16999816894531,44.16999816894531,44.16999816894531,44.13999938964844,44.13999938964844,1382.0
2024-10-31 10:15:00+00:00,USLM,110.5,110.5,110.87989807128906,110.5,110.87989807128906,1343.0
2024-10-31 10:16:00+00:00,ALTO,1.75,1.75,1.75,1.75,1.75,1928.0
2024-10-31 10:16:00+00:00,AREC,1.024999976158142,1.024999976158142,1.0299999713897705,1.024999976158142,1.0299999713897705,1120.0
2024-10-31 10:16:00+00:00,ASTL,10.585000038146973,10.585000038146973,10.585000038146973,10.579999923706055,10.579999923706055,409.0
2024-10-31 10:16:00+00:00,CENX,17.635000228881836,17.635000228881836,17.635000228881836,17.621200561523438,17.6299991607666,1152.0
2024-10-31 10:16:00+00:00,GEVO,2.4000000953674316,2.4000000953674316,2.4000000953674316,2.365000009536743,2.365000009536743,72989.0
2024-10-31 10:16:00+00:00,GPRE,13.729999542236328,13.729999542236328,13.729999542236328,13.649999618530273,13.723400115966797,6122.0
2024-10-31 10:16:00+00:00,HDSN,7.614999771118164,7.614999771118164,7.614999771118164,7.614999771118164,7.614999771118164,384.0
2024-10-31 10:16:00+00:00,KALU,75.36000061035156,75.36000061035156,75.36000061035156,75.36000061035156,75.36000061035156,280.0
2024-10-31 10:16:00+00:00,LGO,2.4800000190734863,2.4800000190734863,2.4800000190734863,2.4800000190734863,2.4800000190734863,1900.0
2024-10-31 10:16:00+00:00,MERC,6.514999866485596,6.514999866485596,6.514999866485596,6.510000228881836,6.510000228881836,370.0
2024-10-31 10:16:00+00:00,METC,10.020000457763672,10.020000457763672,10.020000457763672,10.020000457763672,10.020000457763672,1313.0
2024-10-31 10:16:00+00:00,ORGN,1.375,1.375,1.375,1.375,1.375,1187.0
2024-10-31 10:16:00+00:00,PAAS,23.30500030517578,23.30500030517578,23.32990074157715,23.28499984741211,23.28499984741211,13634.0
2024-10-31 10:16:00+00:00,PPTA,10.039999961853027,10.039999961853027,10.039999961853027,10.03499984741211,10.03499984741211,1127.0
2024-10-31 10:16:00+00:00,RGLD,148.0500030517578,148.0500030517578,148.0500030517578,148.0500030517578,148.0500030517578,196.0
2024-10-31 10:16:00+00:00,SGML,14.199999809265137,14.199999809265137,14.199999809265137,14.199999809265137,14.199999809265137,725.0
2024-10-31 10:16:00+00:00,SSRM,6.130000114440918,6.130000114440918,6.130000114440918,6.125,6.125,1358.0
2024-10-31 10:16:00+00:00,STLD,132.4600067138672,132.4600067138672,132.4600067138672,132.4600067138672,132.4600067138672,503.0
2024-10-31 10:16:00+00:00,UFPI,122.19999694824219,122.19999694824219,122.19999694824219,122.08000183105469,122.08000183105469,879.0
2024-10-31 10:16:00+00:00,USAP,44.11009979248047,44.11009979248047,44.11009979248047,44.11009979248047,44.11009979248047,781.0
2024-10-31 10:16:00+00:00,WDFC,263.1099853515625,263.1099853515625,263.1099853515625,263.1099853515625,263.1099853515625,593.0
2024-10-31 10:17:00+00:00,ASTL,10.59000015258789,10.59000015258789,10.59000015258789,10.59000015258789,10.59000015258789,182.0
2024-10-31 10:17:00+00:00,CENX,17.655000686645508,17.655000686645508,17.670000076293945,17.649999618530273,17.649999618530273,482.0
2024-10-31 10:17:00+00:00,CNEY,0.5090000033378601,0.5090000033378601,0.5090000033378601,0.5038999915122986,0.5038999915122986,700.0
2024-10-31 10:17:00+00:00,CRKN,0.8790000081062317,0.8790000081062317,0.8790000081062317,0.8790000081062317,0.8790000081062317,1878.0
2024-10-31 10:17:00+00:00,GEVO,2.3973000049591064,2.3973000049591064,2.4000000953674316,2.390000104904175,2.4000000953674316,38280.0
2024-10-31 10:17:00+00:00,GPRE,13.729999542236328,13.729999542236328,13.8100004196167,13.729999542236328,13.75,4173.0
2024-10-31 10:17:00+00:00,LWLG,3.2049999237060547,3.2049999237060547,3.2049999237060547,3.199899911880493,3.199899911880493,930.0
2024-10-31 10:17:00+00:00,MERC,6.485000133514404,6.485000133514404,6.53000020980835,6.485000133514404,6.53000020980835,1986.0
2024-10-31 10:17:00+00:00,METC,10.0600004196167,10.0600004196167,10.0600004196167,10.0600004196167,10.0600004196167,743.0
2024-10-31 10:17:00+00:00,ORGN,1.375,1.375,1.3799999952316284,1.375,1.3799999952316284,2452.0
2024-10-31 10:17:00+00:00,PAAS,23.280000686645508,23.280000686645508,23.350000381469727,23.25,23.30500030517578,16838.0
2024-10-31 10:17:00+00:00,PLL,13.149999618530273,13.149999618530273,13.149999618530273,13.0600004196167,13.100000381469727,8944.0
2024-10-31 10:17:00+00:00,RGLD,148.2100067138672,148.2100067138672,148.27000427246094,148.16000366210938,148.16000366210938,2419.0
2024-10-31 10:17:00+00:00,SSRM,6.139999866485596,6.139999866485596,6.15500020980835,6.139999866485596,6.139999866485596,13458.0
2024-10-31 10:17:00+00:00,STLD,132.50999450683594,132.50999450683594,132.52000427246094,132.50999450683594,132.52000427246094,861.0
2024-10-31 10:17:00+00:00,TMC,0.9585999846458435,0.9585999846458435,0.9585999846458435,0.9585999846458435,0.9585999846458435,480.0
2024-10-31 10:17:00+00:00,USLM,110.44999694824219,110.44999694824219,110.44999694824219,110.4000015258789,110.4000015258789,601.0
2024-10-31 10:17:00+00:00,ZEUS,36.220001220703125,36.220001220703125,36.220001220703125,36.220001220703125,36.220001220703125,909.0
2024-10-31 10:18:00+00:00,ALTO,1.756500005722046,1.756500005722046,1.756500005722046,1.756500005722046,1.756500005722046,2024.0
2024-10-31 10:18:00+00:00,ASTL,10.600000381469727,10.600000381469727,10.600000381469727,10.600000381469727,10.600000381469727,200.0
2024-10-31 10:18:00+00:00,CENX,17.670000076293945,17.670000076293945,17.670000076293945,17.670000076293945,17.670000076293945,978.0
2024-10-31 10:18:00+00:00,CRKN,0.8885999917984009,0.8885999917984009,0.8885999917984009,0.8885999917984009,0.8885999917984009,640.0
2024-10-31 10:18:00+00:00,GEVO,2.3949999809265137,2.3949999809265137,2.399899959564209,2.390000104904175,2.3949999809265137,27962.0
2024-10-31 10:18:00+00:00,GPRE,13.711299896240234,13.711299896240234,13.711299896240234,13.711299896240234,13.711299896240234,783.0
2024-10-31 10:18:00+00:00,GSM,4.204999923706055,4.204999923706055,4.210000038146973,4.204999923706055,4.210000038146973,940.0
2024-10-31 10:18:00+00:00,HDSN,7.619999885559082,7.619999885559082,7.619999885559082,7.610000133514404,7.610000133514404,949.0
2024-10-31 10:18:00+00:00,IONR,7.831999778747559,7.831999778747559,7.831999778747559,7.831999778747559,7.831999778747559,800.0
2024-10-31 10:18:00+00:00,LGO,2.505000114440918,2.505000114440918,2.505000114440918,2.505000114440918,2.505000114440918,150.0
2024-10-31 10:18:00+00:00,LITM,0.36410000920295715,0.36410000920295715,0.36410000920295715,0.3601999878883362,0.3601999878883362,9127.0
2024-10-31 10:18:00+00:00,MEOH,39.185001373291016,39.185001373291016,39.185001373291016,39.185001373291016,39.185001373291016,901.0
2024-10-31 10:18:00+00:00,PAAS,23.239999771118164,23.239999771118164,23.280000686645508,23.235000610351562,23.280000686645508,6922.0
2024-10-31 10:18:00+00:00,PLL,13.119999885559082,13.119999885559082,13.119999885559082,13.079999923706055,13.079999923706055,509.0
2024-10-31 10:18:00+00:00,RGLD,148.0399932861328,148.0399932861328,148.0399932861328,148.0399932861328,148.0399932861328,708.0
2024-10-31 10:18:00+00:00,SSRM,6.130000114440918,6.130000114440918,6.145199775695801,6.130000114440918,6.139999866485596,11953.0
2024-10-31 10:18:00+00:00,STLD,132.47000122070312,132.47000122070312,132.51499938964844,132.47000122070312,132.51499938964844,490.0
2024-10-31 10:18:00+00:00,TMC,0.9638000130653381,0.9638000130653381,0.9638000130653381,0.9638000130653381,0.9638000130653381,304.0
2024-10-31 10:18:00+00:00,USLM,110.26000213623047,110.26000213623047,110.42510223388672,110.26000213623047,110.42510223388672,222.0
2024-10-31 10:19:00+00:00,AREC,1.0199999809265137,1.0199999809265137,1.0199999809265137,1.0199999809265137,1.0199999809265137,100.0
2024-10-31 10:19:00+00:00,ASTL,10.600000381469727,10.600000381469727,10.600000381469727,10.600000381469727,10.600000381469727,245.0
2024-10-31 10:19:00+00:00,CNEY,0.5070000290870667,0.5070000290870667,0.5098999738693237,0.5070000290870667,0.5098999738693237,300.0
2024-10-31 10:19:00+00:00,CRKN,0.8899999856948853,0.8899999856948853,0.8899999856948853,0.8858000040054321,0.8858000040054321,736.0
2024-10-31 10:19:00+00:00,GEVO,2.3994998931884766,2.3994998931884766,2.3998000621795654,2.3901000022888184,2.3949999809265137,25026.0
2024-10-31 10:19:00+00:00,GPRE,13.699899673461914,13.699899673461914,13.720000267028809,13.6899995803833,13.699999809265137,3268.0
2024-10-31 10:19:00+00:00,HWKN,111.7300033569336,111.7300033569336,111.7300033569336,111.7300033569336,111.7300033569336,146.0
2024-10-31 10:19:00+00:00,IONR,7.900000095367432,7.900000095367432,7.900000095367432,7.900000095367432,7.900000095367432,810.0
2024-10-31 10:19:00+00:00,KALU,75.3550033569336,75.3550033569336,75.3550033569336,75.0989990234375,75.0989990234375,904.0
2024-10-31 10:19:00+00:00,LITM,0.3700000047683716,0.3700000047683716,0.3700000047683716,0.3601999878883362,0.36309999227523804,9131.0
2024-10-31 10:19:00+00:00,LWLG,3.200000047683716,3.200000047683716,3.2100000381469727,3.200000047683716,3.2049999237060547,3179.0
2024-10-31 10:19:00+00:00,MERC,6.489999771118164,6.489999771118164,6.489999771118164,6.489999771118164,6.489999771118164,142.0
2024-10-31 10:19:00+00:00,ORGN,1.3899999856948853,1.3899999856948853,1.3899999856948853,1.375,1.375,12769.0
2024-10-31 10:19:00+00:00,PAAS,23.28499984741211,23.28499984741211,23.28499984741211,23.229999542236328,23.229999542236328,4585.0
2024-10-31 10:19:00+00:00,PLL,13.074999809265137,13.074999809265137,13.08549976348877,13.074999809265137,13.08549976348877,612.0
2024-10-31 10:19:00+00:00,SGML,14.180000305175781,14.180000305175781,14.225000381469727,14.180000305175781,14.199999809265137,3393.0
2024-10-31 10:19:00+00:00,SSRM,6.119999885559082,6.119999885559082,6.125,6.119999885559082,6.125,792.0
2024-10-31 10:20:00+00:00,ASTL,10.600000381469727,10.600000381469727,10.600000381469727,10.600000381469727,10.600000381469727,303.0
2024-10-31 10:20:00+00:00,CNEY,0.5040000081062317,0.5040000081062317,0.5040000081062317,0.5040000081062317,0.5040000081062317,100.0
2024-10-31 10:20:00+00:00,FEAM,0.47350001335144043,0.47350001335144043,0.47350001335144043,0.47350001335144043,0.47350001335144043,232.0
2024-10-31 10:20:00+00:00,GEVO,2.4049999713897705,2.4049999713897705,2.4049999713897705,2.390000104904175,2.3949999809265137,28406.0
2024-10-31 10:20:00+00:00,GPRE,13.675000190734863,13.675000190734863,13.675000190734863,13.675000190734863,13.675000190734863,427.0
2024-10-31 10:20:00+00:00,GSM,4.204999923706055,4.204999923706055,4.204999923706055,4.204999923706055,4.204999923706055,1075.0
2024-10-31 10:20:00+00:00,HDSN,7.6209001541137695,7.6209001541137695,7.6209001541137695,7.6209001541137695,7.6209001541137695,928.0
2024-10-31 10:20:00+00:00,HWKN,112.25,112.25,112.25,112.25,112.25,506.0
2024-10-31 10:20:00+00:00,MEOH,39.25,39.25,39.25,39.2400016784668,39.2400016784668,791.0
2024-10-31 10:20:00+00:00,MERC,6.489999771118164,6.489999771118164,6.489999771118164,6.489999771118164,6.489999771118164,458.0
2024-10-31 10:20:00+00:00,METC,10.039999961853027,10.039999961853027,10.074999809265137,10.039999961853027,10.074999809265137,1861.0
2024-10-31 10:20:00+00:00,ORGN,1.3949999809265137,1.3949999809265137,1.3949999809265137,1.3949999809265137,1.3949999809265137,240.0
2024-10-31 10:20:00+00:00,PAAS,23.270000457763672,23.270000457763672,23.290000915527344,23.229999542236328,23.290000915527344,6256.0
2024-10-31 10:20:00+00:00,PLL,12.98390007019043,12.98390007019043,12.98390007019043,12.98390007019043,12.98390007019043,998.0
2024-10-31 10:20:00+00:00,PPTA,10.039999961853027,10.039999961853027,10.039999961853027,10.039999961853027,10.039999961853027,1791.0
2024-10-31 10:20:00+00:00,SSRM,6.139999866485596,6.139999866485596,6.139999866485596,6.130000114440918,6.130000114440918,2340.0
2024-10-31 10:20:00+00:00,STLD,132.47999572753906,132.47999572753906,132.47999572753906,132.44000244140625,132.44000244140625,495.0
2024-10-31 10:20:00+00:00,TMC,0.9628000259399414,0.9628000259399414,0.9628000259399414,0.9628000259399414,0.9628000259399414,180.0
2024-10-31 10:20:00+00:00,USLM,110.25,110.25,110.25,110.25,110.25,115.0
2024-10-31 10:21:00+00:00,ALTO,1.7599999904632568,1.7599999904632568,1.7599999904632568,1.7599999904632568,1.7599999904632568,309.0
2024-10-31 10:21:00+00:00,AREC,1.024999976158142,1.024999976158142,1.024999976158142,1.024999976158142,1.024999976158142,318.0
2024-10-31 10:21:00+00:00,ASTL,10.579999923706055,10.579999923706055,10.579999923706055,10.579999923706055,10.579999923706055,204.0
2024-10-31 10:21:00+00:00,BIOX,6.809999942779541,6.809999942779541,6.809999942779541,6.809999942779541,6.809999942779541,200.0
2024-10-31 10:21:00+00:00,CENX,17.649999618530273,17.649999618530273,17.670000076293945,17.649999618530273,17.670000076293945,1776.0
2024-10-31 10:21:00+00:00,CNEY,0.5099999904632568,0.5099999904632568,0.5099999904632568,0.5099999904632568,0.5099999904632568,2000.0
2024-10-31 10:21:00+00:00,CRKN,0.8899999856948853,0.8899999856948853,0.8899999856948853,0.8899999856948853,0.8899999856948853,205.0
2024-10-31 10:21:00+00:00,GEVO,2.400099992752075,2.400099992752075,2.4100000858306885,2.4000000953674316,2.4100000858306885,16434.0
2024-10-31 10:21:00+00:00,GPRE,13.710000038146973,13.710000038146973,13.739999771118164,13.710000038146973,13.739999771118164,5533.0
2024-10-31 10:21:00+00:00,GSM,4.204999923706055,4.204999923706055,4.204999923706055,4.204999923706055,4.204999923706055,115.0
2024-10-31 10:21:00+00:00,HWKN,113.02999877929688,113.02999877929688,113.02999877929688,112.0,112.0,1103.0
2024-10-31 10:21:00+00:00,LGO,2.51990008354187,2.51990008354187,2.5199999809265137,2.51990008354187,2.5199999809265137,0.0
2024-10-31 10:21:00+00:00,LWLG,3.2149999141693115,3.2149999141693115,3.2200000286102295,3.2100000381469727,3.2100000381469727,626.0
2024-10-31 10:21:00+00:00,PAAS,23.229999542236328,23.229999542236328,23.264999389648438,23.229999542236328,23.264999389648438,5937.0
2024-10-31 10:21:00+00:00,PLL,13.001299858093262,13.001299858093262,13.043999671936035,13.001299858093262,13.043999671936035,2662.0
2024-10-31 10:21:00+00:00,SGML,14.199999809265137,14.199999809265137,14.199999809265137,14.170000076293945,14.199999809265137,2256.0
2024-10-31 10:21:00+00:00,SSRM,6.135000228881836,6.135000228881836,6.144999980926514,6.135000228881836,6.139999866485596,4213.0
2024-10-31 10:21:00+00:00,STLD,132.27999877929688,132.27999877929688,132.27999877929688,132.27999877929688,132.27999877929688,440.0
2024-10-31 10:21:00+00:00,UFPI,122.0,122.0,122.02999877929688,122.0,122.02999877929688,461.0
2024-10-31 10:21:00+00:00,USLM,110.08999633789062,110.08999633789062,110.08999633789062,110.08999633789062,110.08999633789062,244.0
2024-10-31 10:22:00+00:00,CENX,17.735000610351562,17.735000610351562,17.735000610351562,17.649999618530273,17.649999618530273,3766.0
2024-10-31 10:22:00+00:00,CNEY,0.5099999904632568,0.5099999904632568,0.5101000070571899,0.5076000094413757,0.5076000094413757,2027.0
2024-10-31 10:22:00+00:00,CRKN,0.8899000287055969,0.8899000287055969,0.8899999856948853,0.8899000287055969,0.8899999856948853,2495.0
2024-10-31 10:22:00+00:00,FEAM,0.47350001335144043,0.47350001335144043,0.47350001335144043,0.47350001335144043,0.47350001335144043,882.0
2024-10-31 10:22:00+00:00,GEVO,2.4000000953674316,2.4000000953674316,2.4049999713897705,2.4000000953674316,2.4000000953674316,5881.0
2024-10-31 10:22:00+00:00,GPRE,13.739999771118164,13.739999771118164,13.739999771118164,13.71500015258789,13.71500015258789,758.0
2024-10-31 10:22:00+00:00,GSM,4.204999923706055,4.204999923706055,4.204999923706055,4.204999923706055,4.204999923706055,271.0
2024-10-31 10:22:00+00:00,HYMC,2.446899890899658,2.446899890899658,2.446899890899658,2.4463000297546387,2.4463000297546387,1389.0
2024-10-31 10:22:00+00:00,LITM,0.3779999911785126,0.3779999911785126,0.3779999911785126,0.3644999861717224,0.36800000071525574,12820.0
2024-10-31 10:22:00+00:00,LWLG,3.2179999351501465,3.2179999351501465,3.2249999046325684,3.2100000381469727,3.2149999141693115,3851.0
2024-10-31 10:22:00+00:00,MERC,6.5,6.5,6.5,6.5,6.5,196.0
2024-10-31 10:22:00+00:00,ORGN,1.399899959564209,1.399899959564209,1.399899959564209,1.399899959564209,1.399899959564209,166.0
2024-10-31 10:22:00+00:00,PAAS,23.204999923706055,23.204999923706055,23.239999771118164,23.200000762939453,23.239999771118164,8232.0
2024-10-31 10:22:00+00:00,SGML,14.199999809265137,14.199999809265137,14.199999809265137,14.199999809265137,14.199999809265137,232.0
2024-10-31 10:22:00+00:00,SSRM,6.130000114440918,6.130000114440918,6.135000228881836,6.130000114440918,6.135000228881836,693.0
2024-10-31 10:22:00+00:00,UFPI,122.02999877929688,122.02999877929688,122.02999877929688,122.02999877929688,122.02999877929688,193.0
2024-10-31 10:22:00+00:00,USAU,6.130000114440918,6.130000114440918,6.130000114440918,6.130000114440918,6.130000114440918,530.0
2024-10-31 10:22:00+00:00,USLM,109.94999694824219,109.94999694824219,109.94999694824219,109.94999694824219,109.94999694824219,812.0
2024-10-31 10:22:00+00:00,ZEUS,36.119998931884766,36.119998931884766,36.119998931884766,36.119998931884766,36.119998931884766,252.0
2024-10-31 10:23:00+00:00,ASTL,10.579999923706055,10.579999923706055,10.579999923706055,10.569999694824219,10.569999694824219,399.0
2024-10-31 10:23:00+00:00,BIOX,6.809999942779541,6.809999942779541,6.809999942779541,6.789999961853027,6.789999961853027,401.0
2024-10-31 10:23:00+00:00,CNEY,0.5049999952316284,0.5049999952316284,0.5101000070571899,0.5049999952316284,0.5101000070571899,1117.0
2024-10-31 10:23:00+00:00,CRKN,0.8899999856948853,0.8899999856948853,0.8899999856948853,0.8899999856948853,0.8899999856948853,602.0
2024-10-31 10:23:00+00:00,GEVO,2.4049999713897705,2.4049999713897705,2.4049999713897705,2.4005000591278076,2.4049999713897705,9344.0
2024-10-31 10:23:00+00:00,GPRE,13.75,13.75,13.8100004196167,13.714500427246094,13.714500427246094,15761.0
2024-10-31 10:23:00+00:00,GSM,4.199999809265137,4.199999809265137,4.204999923706055,4.199999809265137,4.204999923706055,1268.0
2024-10-31 10:23:00+00:00,HYMC,2.450000047683716,2.450000047683716,2.450000047683716,2.450000047683716,2.450000047683716,1900.0
2024-10-31 10:23:00+00:00,LITM,0.38499999046325684,0.38499999046325684,0.38499999046325684,0.3736000061035156,0.37599998712539673,18684.0
2024-10-31 10:23:00+00:00,LWLG,3.2200000286102295,3.2200000286102295,3.2200000286102295,3.2200000286102295,3.2200000286102295,417.0
2024-10-31 10:23:00+00:00,MERC,6.510000228881836,6.510000228881836,6.510000228881836,6.510000228881836,6.510000228881836,128.0
2024-10-31 10:23:00+00:00,ORGN,1.3949999809265137,1.3949999809265137,1.3949999809265137,1.3949999809265137,1.3949999809265137,127.0
2024-10-31 10:23:00+00:00,PAAS,23.200000762939453,23.200000762939453,23.229999542236328,23.200000762939453,23.200000762939453,2602.0
2024-10-31 10:23:00+00:00,PLL,12.976799964904785,12.976799964904785,12.976799964904785,12.976799964904785,12.976799964904785,626.0
2024-10-31 10:23:00+00:00,SGML,14.109999656677246,14.109999656677246,14.170000076293945,14.109999656677246,14.170000076293945,3584.0
2024-10-31 10:23:00+00:00,SNES,2.799999952316284,2.799999952316284,2.799999952316284,2.799999952316284,2.799999952316284,200.0
2024-10-31 10:23:00+00:00,SSRM,6.125,6.125,6.125,6.125,6.125,432.0
2024-10-31 10:23:00+00:00,TMC,0.9596999883651733,0.9596999883651733,0.9596999883651733,0.9596999883651733,0.9596999883651733,200.0
2024-10-31 10:23:00+00:00,USAP,44.13010025024414,44.13010025024414,44.13010025024414,44.13010025024414,44.13010025024414,1027.0
2024-10-31 10:23:00+00:00,USLM,110.0,110.0,110.0,110.0,110.0,442.0
2024-10-31 10:24:00+00:00,ASTL,10.569999694824219,10.569999694824219,10.569999694824219,10.569999694824219,10.569999694824219,192.0
2024-10-31 10:24:00+00:00,CENX,17.670000076293945,17.670000076293945,17.670000076293945,17.670000076293945,17.670000076293945,809.0
2024-10-31 10:24:00+00:00,CNEY,0.5101000070571899,0.5101000070571899,0.5101000070571899,0.5101000070571899,0.5101000070571899,0.0
2024-10-31 10:24:00+00:00,CRKN,0.8899000287055969,0.8899000287055969,0.8899000287055969,0.8899000287055969,0.8899000287055969,999.0
2024-10-31 10:24:00+00:00,GEVO,2.400099992752075,2.400099992752075,2.4049999713897705,2.3949999809265137,2.4049999713897705,51060.0
2024-10-31 10:24:00+00:00,GPRE,13.779999732971191,13.779999732971191,13.807999610900879,13.770000457763672,13.770000457763672,2067.0
2024-10-31 10:24:00+00:00,GSM,4.190000057220459,4.190000057220459,4.190000057220459,4.190000057220459,4.190000057220459,314.0
2024-10-31 10:24:00+00:00,HDSN,7.629700183868408,7.629700183868408,7.630000114440918,7.629700183868408,7.630000114440918,1539.0
2024-10-31 10:24:00+00:00,LITM,0.37709999084472656,0.37709999084472656,0.3889999985694885,0.3750999867916107,0.3889999985694885,1942.0
2024-10-31 10:24:00+00:00,LWLG,3.2100000381469727,3.2100000381469727,3.2100000381469727,3.2100000381469727,3.2100000381469727,210.0
2024-10-31 10:24:00+00:00,MERC,6.5,6.5,6.5,6.5,6.5,309.0
2024-10-31 10:24:00+00:00,METC,10.010000228881836,10.010000228881836,10.020000457763672,10.010000228881836,10.020000457763672,1906.0
2024-10-31 10:24:00+00:00,ORGN,1.3948999643325806,1.3948999643325806,1.3949999809265137,1.3948999643325806,1.3949999809265137,2519.0
2024-10-31 10:24:00+00:00,PAAS,23.174999237060547,23.174999237060547,23.200000762939453,23.149999618530273,23.18000030517578,13669.0
2024-10-31 10:24:00+00:00,PLL,13.006799697875977,13.006799697875977,13.006799697875977,13.006799697875977,13.006799697875977,4695.0
2024-10-31 10:24:00+00:00,PPTA,10.029999732971191,10.029999732971191,10.050000190734863,10.029999732971191,10.050000190734863,500.0
2024-10-31 10:24:00+00:00,RGLD,147.88999938964844,147.88999938964844,148.00999450683594,147.88999938964844,148.00999450683594,1077.0
2024-10-31 10:24:00+00:00,RKDA,4.452300071716309,4.452300071716309,4.452300071716309,4.452300071716309,4.452300071716309,0.0
2024-10-31 10:24:00+00:00,SNES,2.800100088119507,2.800100088119507,2.800100088119507,2.800100088119507,2.800100088119507,1900.0
2024-10-31 10:24:00+00:00,SSRM,6.110000133514404,6.110000133514404,6.125,6.110000133514404,6.125,20385.0
2024-10-31 10:24:00+00:00,STLD,132.0399932861328,132.0399932861328,132.2550048828125,132.0,132.2550048828125,2043.0
2024-10-31 10:24:00+00:00,TMC,0.9596999883651733,0.9596999883651733,0.9596999883651733,0.9596999883651733,0.9596999883651733,100.0
2024-10-31 10:24:00+00:00,UFPI,121.80000305175781,121.80000305175781,121.80000305175781,121.80000305175781,121.80000305175781,747.0
2024-10-31 10:24:00+00:00,USAP,44.11000061035156,44.11000061035156,44.17499923706055,44.11000061035156,44.13999938964844,1112.0
2024-10-31 10:24:00+00:00,ZEUS,35.970001220703125,35.970001220703125,35.970001220703125,35.970001220703125,35.970001220703125,690.0
2024-10-31 10:25:00+00:00,ALTO,1.750599980354309,1.750599980354309,1.7549999952316284,1.750599980354309,1.7549999952316284,2028.0
2024-10-31 10:25:00+00:00,AREC,1.0199999809265137,1.0199999809265137,1.0199999809265137,1.0199999809265137,1.0199999809265137,5600.0
2024-10-31 10:25:00+00:00,ASTL,10.550000190734863,10.550000190734863,10.550000190734863,10.550000190734863,10.550000190734863,431.0
2024-10-31 10:25:00+00:00,BIOX,6.800000190734863,6.800000190734863,6.829999923706055,6.769999980926514,6.769999980926514,2250.0
2024-10-31 10:25:00+00:00,CENX,17.655000686645508,17.655000686645508,17.655000686645508,17.655000686645508,17.655000686645508,183.0
2024-10-31 10:25:00+00:00,CRKN,0.870199978351593,0.870199978351593,0.870199978351593,0.870199978351593,0.870199978351593,1772.0
2024-10-31 10:25:00+00:00,FEAM,0.47350001335144043,0.47350001335144043,0.47350001335144043,0.47350001335144043,0.47350001335144043,51.0
2024-10-31 10:25:00+00:00,GEVO,2.4149999618530273,2.4149999618530273,2.4200000762939453,2.4059998989105225,2.4100000858306885,27212.0
2024-10-31 10:25:00+00:00,GPRE,13.835000038146973,13.835000038146973,13.859999656677246,13.79990005493164,13.800000190734863,5718.0
2024-10-31 10:25:00+00:00,GSM,4.190000057220459,4.190000057220459,4.190000057220459,4.190000057220459,4.190000057220459,367.0
2024-10-31 10:25:00+00:00,HDSN,7.630000114440918,7.630000114440918,7.630000114440918,7.630000114440918,7.630000114440918,342.0
2024-10-31 10:25:00+00:00,HWKN,112.70999908447266,112.70999908447266,112.70999908447266,112.70999908447266,112.70999908447266,405.0
2024-10-31 10:25:00+00:00,LGO,2.5037999153137207,2.5037999153137207,2.5037999153137207,2.5037999153137207,2.5037999153137207,410.0
2024-10-31 10:25:00+00:00,LITM,0.37880000472068787,0.37880000472068787,0.37880000472068787,0.3752000033855438,0.3767000138759613,5755.0
2024-10-31 10:25:00+00:00,LWLG,3.200000047683716,3.200000047683716,3.2100000381469727,3.200000047683716,3.2100000381469727,302.0
2024-10-31 10:25:00+00:00,MEOH,39.25,39.25,39.25,39.25,39.25,439.0
2024-10-31 10:25:00+00:00,MERC,6.5,6.5,6.5,6.5,6.5,145.0
2024-10-31 10:25:00+00:00,METC,10.008999824523926,10.008999824523926,10.008999824523926,10.008999824523926,10.008999824523926,141.0
2024-10-31 10:25:00+00:00,ORGN,1.3949999809265137,1.3949999809265137,1.3949999809265137,1.3949999809265137,1.3949999809265137,1093.0
2024-10-31 10:25:00+00:00,PAAS,23.170000076293945,23.170000076293945,23.174999237060547,23.15999984741211,23.170000076293945,7357.0
2024-10-31 10:25:00+00:00,PPTA,10.039999961853027,10.039999961853027,10.050000190734863,10.029999732971191,10.050000190734863,3718.0
2024-10-31 10:25:00+00:00,RGLD,147.86000061035156,147.86000061035156,147.86000061035156,147.86000061035156,147.86000061035156,691.0
2024-10-31 10:25:00+00:00,SGML,14.088500022888184,14.088500022888184,14.088500022888184,14.088500022888184,14.088500022888184,927.0
2024-10-31 10:25:00+00:00,SNES,2.8208000659942627,2.8208000659942627,2.8208000659942627,2.8208000659942627,2.8208000659942627,31.0
2024-10-31 10:25:00+00:00,SSRM,6.105000019073486,6.105000019073486,6.105000019073486,6.105000019073486,6.105000019073486,1798.0
2024-10-31 10:25:00+00:00,STLD,132.0800018310547,132.0800018310547,132.0800018310547,132.0800018310547,132.0800018310547,164.0
2024-10-31 10:25:00+00:00,TMC,0.9596999883651733,0.9596999883651733,0.9596999883651733,0.9596999883651733,0.9596999883651733,232.0
2024-10-31 10:26:00+00:00,ALTO,1.75,1.75,1.75,1.75,1.75,447.0
2024-10-31 10:26:00+00:00,ASTL,10.529999732971191,10.529999732971191,10.529999732971191,10.529999732971191,10.529999732971191,205.0
2024-10-31 10:26:00+00:00,CENX,17.6200008392334,17.6200008392334,17.6200008392334,17.6200008392334,17.6200008392334,858.0
2024-10-31 10:26:00+00:00,CNEY,0.5101000070571899,0.5101000070571899,0.5101000070571899,0.5101000070571899,0.5101000070571899,200.0
2024-10-31 10:26:00+00:00,CRKN,0.8899999856948853,0.8899999856948853,0.8899999856948853,0.8899999856948853,0.8899999856948853,225.0
2024-10-31 10:26:00+00:00,GEVO,2.4282000064849854,2.4282000064849854,2.4282000064849854,2.4100000858306885,2.4149999618530273,23919.0
2024-10-31 10:26:00+00:00,GPRE,13.890000343322754,13.890000343322754,13.890000343322754,13.850000381469727,13.850000381469727,2059.0
2024-10-31 10:26:00+00:00,GSM,4.190000057220459,4.190000057220459,4.195000171661377,4.190000057220459,4.195000171661377,871.0
2024-10-31 10:26:00+00:00,HDSN,7.61359977722168,7.61359977722168,7.61359977722168,7.61359977722168,7.61359977722168,200.0
2024-10-31 10:26:00+00:00,HYMC,2.418600082397461,2.418600082397461,2.436000108718872,2.418600082397461,2.436000108718872,371.0
2024-10-31 10:26:00+00:00,KALU,75.08999633789062,75.08999633789062,75.08999633789062,75.0199966430664,75.0199966430664,3111.0
2024-10-31 10:26:00+00:00,LITM,0.37880000472068787,0.37880000472068787,0.37880000472068787,0.37880000472068787,0.37880000472068787,0.0
2024-10-31 10:26:00+00:00,LWLG,3.200000047683716,3.200000047683716,3.2100000381469727,3.194200038909912,3.200000047683716,1987.0
2024-10-31 10:26:00+00:00,MERC,6.489999771118164,6.489999771118164,6.489999771118164,6.489999771118164,6.489999771118164,269.0
2024-10-31 10:26:00+00:00,METC,10.005000114440918,10.005000114440918,10.010000228881836,9.991000175476074,9.991000175476074,951.0
2024-10-31 10:26:00+00:00,PAAS,23.149999618530273,23.149999618530273,23.190000534057617,23.145000457763672,23.170000076293945,10710.0
2024-10-31 10:26:00+00:00,STLD,132.10499572753906,132.10499572753906,132.10499572753906,131.97000122070312,131.97000122070312,996.0
2024-10-31 10:26:00+00:00,USAP,44.11000061035156,44.11000061035156,44.11000061035156,44.11000061035156,44.11000061035156,327.0
2024-10-31 10:26:00+00:00,USAU,6.079999923706055,6.079999923706055,6.079999923706055,6.079999923706055,6.079999923706055,3005.0
2024-10-31 10:26:00+00:00,USLM,110.1500015258789,110.1500015258789,110.1500015258789,110.1500015258789,110.1500015258789,480.0
2024-10-31 10:27:00+00:00,ALTO,1.7519999742507935,1.7519999742507935,1.7519999742507935,1.7519999742507935,1.7519999742507935,265.0
2024-10-31 10:27:00+00:00,ASTL,10.529999732971191,10.529999732971191,10.529999732971191,10.529999732971191,10.529999732971191,101.0
2024-10-31 10:27:00+00:00,CNEY,0.5101000070571899,0.5101000070571899,0.5101000070571899,0.5101000070571899,0.5101000070571899,100.0
2024-10-31 10:27:00+00:00,CRKN,0.8899999856948853,0.8899999856948853,0.8899999856948853,0.8899999856948853,0.8899999856948853,269.0
2024-10-31 10:27:00+00:00,ELBM,0.5029000043869019,0.5029000043869019,0.5099999904632568,0.5029000043869019,0.5099999904632568,8747.0
2024-10-31 10:27:00+00:00,GEVO,2.424999952316284,2.424999952316284,2.430000066757202,2.424999952316284,2.4298999309539795,5730.0
2024-10-31 10:27:00+00:00,GPRE,13.920000076293945,13.920000076293945,13.920000076293945,13.869999885559082,13.920000076293945,17394.0
2024-10-31 10:27:00+00:00,GSM,4.190000057220459,4.190000057220459,4.190000057220459,4.190000057220459,4.190000057220459,1868.0
2024-10-31 10:27:00+00:00,HDSN,7.605000019073486,7.605000019073486,7.605000019073486,7.599999904632568,7.599999904632568,541.0
2024-10-31 10:27:00+00:00,LGO,2.4951999187469482,2.4951999187469482,2.4951999187469482,2.4951999187469482,2.4951999187469482,380.0
2024-10-31 10:27:00+00:00,LITM,0.38499999046325684,0.38499999046325684,0.38499999046325684,0.37880000472068787,0.37880000472068787,2850.0
2024-10-31 10:27:00+00:00,LWLG,3.190000057220459,3.190000057220459,3.190000057220459,3.190000057220459,3.190000057220459,561.0
2024-10-31 10:27:00+00:00,MERC,6.480000019073486,6.480000019073486,6.489999771118164,6.480000019073486,6.489999771118164,451.0
2024-10-31 10:27:00+00:00,METC,10.0,10.0,10.001399993896484,10.0,10.0,696.0
2024-10-31 10:27:00+00:00,PAAS,23.184999465942383,23.184999465942383,23.200000762939453,23.15999984741211,23.15999984741211,8426.0
2024-10-31 10:27:00+00:00,PPTA,10.020000457763672,10.020000457763672,10.024999618530273,10.010000228881836,10.010000228881836,2345.0
2024-10-31 10:27:00+00:00,SGML,14.063699722290039,14.063699722290039,14.063699722290039,14.050000190734863,14.050000190734863,843.0
2024-10-31 10:27:00+00:00,SSRM,6.119999885559082,6.119999885559082,6.119999885559082,6.110000133514404,6.110000133514404,3597.0
2024-10-31 10:27:00+00:00,USAP,44.060001373291016,44.060001373291016,44.060001373291016,44.0099983215332,44.04999923706055,1072.0
2024-10-31 10:27:00+00:00,USLM,110.01499938964844,110.01499938964844,110.01499938964844,110.01499938964844,110.01499938964844,3963.0
2024-10-31 10:28:00+00:00,ALTO,1.7594000101089478,1.7594000101089478,1.7594000101089478,1.7594000101089478,1.7594000101089478,597.0
2024-10-31 10:28:00+00:00,AREC,1.0292999744415283,1.0292999744415283,1.0292999744415283,1.0292999744415283,1.0292999744415283,0.0
2024-10-31 10:28:00+00:00,ASTL,10.529999732971191,10.529999732971191,10.529999732971191,10.529999732971191,10.529999732971191,201.0
2024-10-31 10:28:00+00:00,BIOX,6.800000190734863,6.800000190734863,6.8165998458862305,6.800000190734863,6.8165998458862305,1136.0
2024-10-31 10:28:00+00:00,CENX,17.594999313354492,17.594999313354492,17.594999313354492,17.594999313354492,17.594999313354492,316.0
2024-10-31 10:28:00+00:00,CNEY,0.5049999952316284,0.5049999952316284,0.5049999952316284,0.5049999952316284,0.5049999952316284,101.0
2024-10-31 10:28:00+00:00,GEVO,2.430000066757202,2.430000066757202,2.430000066757202,2.424999952316284,2.424999952316284,4561.0
2024-10-31 10:28:00+00:00,GPRE,13.90999984741211,13.90999984741211,13.930000305175781,13.890000343322754,13.915900230407715,14402.0
2024-10-31 10:28:00+00:00,GSM,4.195000171661377,4.195000171661377,4.195000171661377,4.195000171661377,4.195000171661377,407.0
2024-10-31 10:28:00+00:00,HDSN,7.599999904632568,7.599999904632568,7.599999904632568,7.599999904632568,7.599999904632568,317.0
2024-10-31 10:28:00+00:00,HYMC,2.436000108718872,2.436000108718872,2.436000108718872,2.4100000858306885,2.4100000858306885,427.0
2024-10-31 10:28:00+00:00,KALU,74.86000061035156,74.86000061035156,74.86000061035156,74.86000061035156,74.86000061035156,501.0
2024-10-31 10:28:00+00:00,LGO,2.490000009536743,2.490000009536743,2.490000009536743,2.490000009536743,2.490000009536743,62.0
2024-10-31 10:28:00+00:00,LITM,0.38499999046325684,0.38499999046325684,0.38499999046325684,0.38499999046325684,0.38499999046325684,0.0
2024-10-31 10:28:00+00:00,LWLG,3.190000057220459,3.190000057220459,3.190000057220459,3.190000057220459,3.190000057220459,420.0
2024-10-31 10:28:00+00:00,MEOH,39.189998626708984,39.189998626708984,39.189998626708984,39.189998626708984,39.189998626708984,204.0
2024-10-31 10:28:00+00:00,MERC,6.474999904632568,6.474999904632568,6.474999904632568,6.474999904632568,6.474999904632568,156.0
2024-10-31 10:28:00+00:00,METC,9.989999771118164,9.989999771118164,9.994999885559082,9.989999771118164,9.994999885559082,773.0
2024-10-31 10:28:00+00:00,ORGN,1.3899999856948853,1.3899999856948853,1.3901000022888184,1.3899999856948853,1.3901000022888184,5650.0
2024-10-31 10:28:00+00:00,PAAS,23.18000030517578,23.18000030517578,23.190000534057617,23.165000915527344,23.190000534057617,10151.0
2024-10-31 10:28:00+00:00,PLL,12.90999984741211,12.90999984741211,12.970000267028809,12.90999984741211,12.960000038146973,2359.0
2024-10-31 10:28:00+00:00,PPTA,10.020000457763672,10.020000457763672,10.020000457763672,10.020000457763672,10.020000457763672,893.0
2024-10-31 10:28:00+00:00,RETO,1.1299999952316284,1.1299999952316284,1.1299999952316284,1.1299999952316284,1.1299999952316284,215.0
2024-10-31 10:28:00+00:00,SGML,14.069999694824219,14.069999694824219,14.069999694824219,14.069999694824219,14.069999694824219,116.0
2024-10-31 10:28:00+00:00,SMID,33.76539993286133,33.76539993286133,33.95000076293945,33.76539993286133,33.95000076293945,686.0
2024-10-31 10:28:00+00:00,STLD,131.91000366210938,131.91000366210938,131.99000549316406,131.91000366210938,131.99000549316406,963.0
2024-10-31 10:28:00+00:00,TMC,0.9724000096321106,0.9724000096321106,0.9724000096321106,0.9620000123977661,0.9620000123977661,11973.0
2024-10-31 10:28:00+00:00,UFPI,121.56999969482422,121.56999969482422,121.56999969482422,121.56999969482422,121.56999969482422,1659.0
2024-10-31 10:28:00+00:00,USAP,44.04499816894531,44.04499816894531,44.09000015258789,44.04499816894531,44.060001373291016,843.0
2024-10-31 10:28:00+00:00,USLM,110.36000061035156,110.36000061035156,110.36000061035156,110.36000061035156,110.36000061035156,389.0
2024-10-31 10:29:00+00:00,AREC,1.0298999547958374,1.0298999547958374,1.0298999547958374,1.024999976158142,1.024999976158142,11921.0
2024-10-31 10:29:00+00:00,CENX,17.56999969482422,17.56999969482422,17.56999969482422,17.56999969482422,17.56999969482422,491.0
2024-10-31 10:29:00+00:00,CNEY,0.5001000165939331,0.5001000165939331,0.5002999901771545,0.5001000165939331,0.5002999901771545,10858.0
2024-10-31 10:29:00+00:00,FEAM,0.4869999885559082,0.4869999885559082,0.4869999885559082,0.46000000834465027,0.47350001335144043,12299.0
2024-10-31 10:29:00+00:00,GEVO,2.430000066757202,2.430000066757202,2.430000066757202,2.4149999618530273,2.4200000762939453,68973.0
2024-10-31 10:29:00+00:00,GPRE,13.84000015258789,13.84000015258789,13.869999885559082,13.84000015258789,13.869999885559082,4135.0
2024-10-31 10:29:00+00:00,GSM,4.199900150299072,4.199900150299072,4.199900150299072,4.195000171661377,4.195000171661377,866.0
2024-10-31 10:29:00+00:00,HDSN,7.599999904632568,7.599999904632568,7.599999904632568,7.599999904632568,7.599999904632568,112.0
2024-10-31 10:29:00+00:00,LGO,2.519700050354004,2.519700050354004,2.519700050354004,2.490000009536743,2.490000009536743,374.0
2024-10-31 10:29:00+00:00,LWLG,3.180000066757202,3.180000066757202,3.180000066757202,3.180000066757202,3.180000066757202,328.0
2024-10-31 10:29:00+00:00,MEOH,39.1349983215332,39.1349983215332,39.1349983215332,39.130001068115234,39.130001068115234,870.0
2024-10-31 10:29:00+00:00,MERC,6.460000038146973,6.460000038146973,6.460000038146973,6.460000038146973,6.460000038146973,681.0
2024-10-31 10:29:00+00:00,ORGN,1.3899999856948853,1.3899999856948853,1.3949999809265137,1.3899999856948853,1.3949999809265137,28099.0
2024-10-31 10:29:00+00:00,PAAS,23.1875,23.1875,23.190000534057617,23.172700881958008,23.18000030517578,12805.0
2024-10-31 10:29:00+00:00,PLL,12.899999618530273,12.899999618530273,12.899999618530273,12.899999618530273,12.899999618530273,815.0
2024-10-31 10:29:00+00:00,RGLD,147.64999389648438,147.64999389648438,147.64999389648438,147.64999389648438,147.64999389648438,436.0
2024-10-31 10:29:00+00:00,SGML,14.050000190734863,14.050000190734863,14.050000190734863,14.050000190734863,14.050000190734863,880.0
2024-10-31 10:29:00+00:00,SSRM,6.119999885559082,6.119999885559082,6.125,6.119999885559082,6.119999885559082,2114.0
2024-10-31 10:29:00+00:00,STLD,131.8000030517578,131.8000030517578,132.05990600585938,131.77000427246094,131.77000427246094,2233.0
2024-10-31 10:30:00+00:00,AREC,1.0199999809265137,1.0199999809265137,1.0199999809265137,1.0199999809265137,1.0199999809265137,0.0
2024-10-31 10:30:00+00:00,ASTL,10.515000343322754,10.515000343322754,10.520000457763672,10.515000343322754,10.520000457763672,423.0
2024-10-31 10:30:00+00:00,CENX,17.565000534057617,17.565000534057617,17.565000534057617,17.565000534057617,17.565000534057617,403.0
2024-10-31 10:30:00+00:00,CNEY,0.4952999949455261,0.4952999949455261,0.4952999949455261,0.4952999949455261,0.4952999949455261,12754.0
2024-10-31 10:30:00+00:00,CRKN,0.8920000195503235,0.8920000195503235,0.8920000195503235,0.8859999775886536,0.8859999775886536,4284.0
2024-10-31 10:30:00+00:00,FEAM,0.49799999594688416,0.49799999594688416,0.49799999594688416,0.47350001335144043,0.47350001335144043,6885.0
2024-10-31 10:30:00+00:00,GEVO,2.3949999809265137,2.3949999809265137,2.424999952316284,2.3949999809265137,2.424999952316284,43126.0
2024-10-31 10:30:00+00:00,GPRE,13.805000305175781,13.805000305175781,13.859999656677246,13.805000305175781,13.859999656677246,4568.0
2024-10-31 10:30:00+00:00,GSM,4.195000171661377,4.195000171661377,4.195000171661377,4.195000171661377,4.195000171661377,642.0
2024-10-31 10:30:00+00:00,HDSN,7.598999977111816,7.598999977111816,7.598999977111816,7.598999977111816,7.598999977111816,1238.0
2024-10-31 10:30:00+00:00,HWKN,112.70999908447266,112.70999908447266,112.70999908447266,112.70999908447266,112.70999908447266,905.0
2024-10-31 10:30:00+00:00,HYMC,2.4267001152038574,2.4267001152038574,2.4267001152038574,2.4267001152038574,2.4267001152038574,127.0
2024-10-31 10:30:00+00:00,LGO,2.490000009536743,2.490000009536743,2.490000009536743,2.490000009536743,2.490000009536743,1330.0
2024-10-31 10:30:00+00:00,LITM,0.3799999952316284,0.3799999952316284,0.3799999952316284,0.3799999952316284,0.3799999952316284,661.0
2024-10-31 10:30:00+00:00,LWLG,3.180000066757202,3.180000066757202,3.180000066757202,3.180000066757202,3.180000066757202,356.0
2024-10-31 10:30:00+00:00,MEOH,39.14500045776367,39.14500045776367,39.14500045776367,39.099998474121094,39.11000061035156,1711.0
2024-10-31 10:30:00+00:00,METC,9.961000442504883,9.961000442504883,9.979399681091309,9.961000442504883,9.979399681091309,2854.0
2024-10-31 10:30:00+00:00,ORGN,1.3849999904632568,1.3849999904632568,1.3849999904632568,1.3849999904632568,1.3849999904632568,277.0
2024-10-31 10:30:00+00:00,PAAS,23.170000076293945,23.170000076293945,23.200000762939453,23.170000076293945,23.188800811767578,11407.0
2024-10-31 10:30:00+00:00,PPTA,10.0,10.0,10.008600234985352,10.0,10.008600234985352,374.0
2024-10-31 10:30:00+00:00,SGML,14.01099967956543,14.01099967956543,14.01099967956543,14.01099967956543,14.01099967956543,236.0
2024-10-31 10:30:00+00:00,SMID,33.73080062866211,33.73080062866211,33.95000076293945,33.73080062866211,33.95000076293945,338.0
2024-10-31 10:30:00+00:00,SSRM,6.114999771118164,6.114999771118164,6.129899978637695,6.114999771118164,6.129899978637695,1646.0
2024-10-31 10:30:00+00:00,STLD,131.82000732421875,131.82000732421875,131.82000732421875,131.82000732421875,131.82000732421875,977.0
2024-10-31 10:30:00+00:00,TMC,0.9749000072479248,0.9749000072479248,0.9749000072479248,0.9726999998092651,0.9726999998092651,467.0
2024-10-31 10:30:00+00:00,USAP,43.9900016784668,43.9900016784668,44.0,43.9900016784668,44.0,1083.0
2024-10-31 10:30:00+00:00,USLM,109.9000015258789,109.9000015258789,109.9000015258789,109.9000015258789,109.9000015258789,645.0
2024-10-31 10:31:00+00:00,ASTL,10.520000457763672,10.520000457763672,10.520000457763672,10.520000457763672,10.520000457763672,582.0
2024-10-31 10:31:00+00:00,CENX,17.6299991607666,17.6299991607666,17.6299991607666,17.56999969482422,17.56999969482422,1052.0
2024-10-31 10:31:00+00:00,CRKN,0.8889999985694885,0.8889999985694885,0.8889999985694885,0.8889999985694885,0.8889999985694885,0.0
2024-10-31 10:31:00+00:00,FEAM,0.4812999963760376,0.4812999963760376,0.4812999963760376,0.4812999963760376,0.4812999963760376,400.0
2024-10-31 10:31:00+00:00,GEVO,2.3949999809265137,2.3949999809265137,2.4100000858306885,2.3949999809265137,2.4000000953674316,278995.0
2024-10-31 10:31:00+00:00,GPRE,13.84000015258789,13.84000015258789,13.84000015258789,13.84000015258789,13.84000015258789,1256.0
2024-10-31 10:31:00+00:00,GSM,4.195000171661377,4.195000171661377,4.195000171661377,4.190000057220459,4.190000057220459,1669.0
2024-10-31 10:31:00+00:00,HDSN,7.599999904632568,7.599999904632568,7.599999904632568,7.599999904632568,7.599999904632568,309.0
2024-10-31 10:31:00+00:00,KALU,74.94999694824219,74.94999694824219,74.94999694824219,74.94999694824219,74.94999694824219,385.0
2024-10-31 10:31:00+00:00,LGO,2.4800000190734863,2.4800000190734863,2.4800000190734863,2.4800000190734863,2.4800000190734863,598.0
2024-10-31 10:31:00+00:00,LWLG,3.196000099182129,3.196000099182129,3.196000099182129,3.184999942779541,3.184999942779541,976.0
2024-10-31 10:31:00+00:00,MEOH,39.189998626708984,39.189998626708984,39.189998626708984,39.189998626708984,39.189998626708984,435.0
2024-10-31 10:31:00+00:00,MERC,6.46999979019165,6.46999979019165,6.46999979019165,6.46999979019165,6.46999979019165,516.0
2024-10-31 10:31:00+00:00,METC,9.949999809265137,9.949999809265137,9.960000038146973,9.949999809265137,9.960000038146973,781.0
2024-10-31 10:31:00+00:00,ORGN,1.3849999904632568,1.3849999904632568,1.3849999904632568,1.3839999437332153,1.3839999437332153,1362.0
2024-10-31 10:31:00+00:00,PAAS,23.200000762939453,23.200000762939453,23.219999313354492,23.190000534057617,23.190000534057617,3370.0
2024-10-31 10:31:00+00:00,PLL,12.895000457763672,12.895000457763672,12.895000457763672,12.895000457763672,12.895000457763672,544.0
2024-10-31 10:31:00+00:00,RGLD,147.6699981689453,147.6699981689453,147.77999877929688,147.66000366210938,147.77999877929688,1071.0
2024-10-31 10:31:00+00:00,SGML,14.020000457763672,14.020000457763672,14.029999732971191,14.020000457763672,14.029999732971191,337.0
2024-10-31 10:31:00+00:00,SMID,34.52220153808594,34.52220153808594,34.52220153808594,34.52220153808594,34.52220153808594,520.0
2024-10-31 10:31:00+00:00,SSRM,6.116000175476074,6.116000175476074,6.116000175476074,6.116000175476074,6.116000175476074,1127.0
2024-10-31 10:31:00+00:00,STLD,131.79750061035156,131.79750061035156,131.9199981689453,131.7899932861328,131.9199981689453,1649.0
2024-10-31 10:31:00+00:00,TMC,0.973800003528595,0.973800003528595,0.973800003528595,0.973800003528595,0.973800003528595,52.0
2024-10-31 10:31:00+00:00,USAP,44.040000915527344,44.040000915527344,44.040000915527344,44.040000915527344,44.040000915527344,1026.0
2024-10-31 10:32:00+00:00,ALTO,1.7549999952316284,1.7549999952316284,1.7549999952316284,1.7549999952316284,1.7549999952316284,1301.0
2024-10-31 10:32:00+00:00,ASTL,10.524999618530273,10.524999618530273,10.524999618530273,10.5,10.510000228881836,1663.0
2024-10-31 10:32:00+00:00,CRKN,0.8801000118255615,0.8801000118255615,0.8802000284194946,0.8801000118255615,0.8802000284194946,9571.0
2024-10-31 10:32:00+00:00,GEVO,2.3949999809265137,2.3949999809265137,2.4000000953674316,2.390000104904175,2.3949999809265137,57557.0
2024-10-31 10:32:00+00:00,GPRE,13.837900161743164,13.837900161743164,13.864999771118164,13.837900161743164,13.859999656677246,6106.0
2024-10-31 10:32:00+00:00,GSM,4.195000171661377,4.195000171661377,4.199999809265137,4.195000171661377,4.199999809265137,435.0
2024-10-31 10:32:00+00:00,GURE,0.625,0.625,0.625,0.6197999715805054,0.625,1100.0
2024-10-31 10:32:00+00:00,HDSN,7.599999904632568,7.599999904632568,7.599999904632568,7.599999904632568,7.599999904632568,569.0
2024-10-31 10:32:00+00:00,HYMC,2.4003000259399414,2.4003000259399414,2.4003000259399414,2.4003000259399414,2.4003000259399414,2214.0
2024-10-31 10:32:00+00:00,IOSP,109.44499969482422,109.44499969482422,109.44499969482422,109.44499969482422,109.44499969482422,154.0
2024-10-31 10:32:00+00:00,KALU,74.91500091552734,74.91500091552734,74.91500091552734,74.69999694824219,74.69999694824219,378.0
2024-10-31 10:32:00+00:00,LWLG,3.200000047683716,3.200000047683716,3.200000047683716,3.194999933242798,3.194999933242798,962.0
2024-10-31 10:32:00+00:00,MEOH,39.2400016784668,39.2400016784668,39.2400016784668,39.220001220703125,39.220001220703125,977.0
2024-10-31 10:32:00+00:00,MERC,6.474999904632568,6.474999904632568,6.474999904632568,6.474999904632568,6.474999904632568,125.0
2024-10-31 10:32:00+00:00,PAAS,23.170000076293945,23.170000076293945,23.229999542236328,23.170000076293945,23.209999084472656,6071.0
2024-10-31 10:32:00+00:00,PLL,12.949999809265137,12.949999809265137,12.949999809265137,12.890000343322754,12.890000343322754,1624.0
2024-10-31 10:32:00+00:00,PPTA,9.970000267028809,9.970000267028809,9.994999885559082,9.970000267028809,9.994999885559082,6753.0
2024-10-31 10:32:00+00:00,RETO,1.1299999952316284,1.1299999952316284,1.1299999952316284,1.1299999952316284,1.1299999952316284,494.0
2024-10-31 10:32:00+00:00,SEED,2.630000114440918,2.630000114440918,2.630000114440918,2.5143001079559326,2.5143001079559326,4800.0
2024-10-31 10:32:00+00:00,SGML,14.039999961853027,14.039999961853027,14.039999961853027,14.039999961853027,14.039999961853027,106.0
2024-10-31 10:32:00+00:00,SSRM,6.099999904632568,6.099999904632568,6.119999885559082,6.099999904632568,6.119999885559082,9337.0
2024-10-31 10:32:00+00:00,STLD,131.9499969482422,131.9499969482422,131.97999572753906,131.6999969482422,131.6999969482422,8519.0
2024-10-31 10:32:00+00:00,TMC,0.9749000072479248,0.9749000072479248,0.9749000072479248,0.9749000072479248,0.9749000072479248,827.0
2024-10-31 10:32:00+00:00,USAP,44.08000183105469,44.08000183105469,44.08000183105469,44.06999969482422,44.06999969482422,338.0
2024-10-31 10:33:00+00:00,CENX,17.65999984741211,17.65999984741211,17.690000534057617,17.6299991607666,17.690000534057617,3795.0
2024-10-31 10:33:00+00:00,CNEY,0.49000000953674316,0.49000000953674316,0.4902999997138977,0.49000000953674316,0.49000000953674316,14002.0
2024-10-31 10:33:00+00:00,CRKN,0.8899999856948853,0.8899999856948853,0.8899999856948853,0.8899999856948853,0.8899999856948853,200.0
2024-10-31 10:33:00+00:00,GEVO,2.4000000953674316,2.4000000953674316,2.4000000953674316,2.3901000022888184,2.3901000022888184,13466.0
2024-10-31 10:33:00+00:00,GPRE,13.869999885559082,13.869999885559082,13.869999885559082,13.859999656677246,13.859999656677246,1744.0
2024-10-31 10:33:00+00:00,GSM,4.199999809265137,4.199999809265137,4.199999809265137,4.199999809265137,4.199999809265137,764.0
2024-10-31 10:33:00+00:00,GURE,0.625,0.625,0.625,0.625,0.625,264.0
2024-10-31 10:33:00+00:00,HWKN,113.69000244140625,113.69000244140625,113.69000244140625,113.69000244140625,113.69000244140625,3570.0
2024-10-31 10:33:00+00:00,KALU,74.75800323486328,74.75800323486328,74.75800323486328,74.75800323486328,74.75800323486328,503.0
2024-10-31 10:33:00+00:00,LWLG,3.20989990234375,3.20989990234375,3.2100000381469727,3.20989990234375,3.2100000381469727,249.0
2024-10-31 10:33:00+00:00,MERC,6.480000019073486,6.480000019073486,6.480000019073486,6.480000019073486,6.480000019073486,278.0
2024-10-31 10:33:00+00:00,ORGN,1.3949999809265137,1.3949999809265137,1.3949999809265137,1.3849999904632568,1.3849999904632568,18610.0
2024-10-31 10:33:00+00:00,PAAS,23.1299991607666,23.1299991607666,23.155000686645508,23.1299991607666,23.155000686645508,3743.0
2024-10-31 10:33:00+00:00,PLL,12.949999809265137,12.949999809265137,12.949999809265137,12.949999809265137,12.949999809265137,1398.0
2024-10-31 10:33:00+00:00,SEED,2.630000114440918,2.630000114440918,2.630000114440918,2.615000009536743,2.615000009536743,0.0
2024-10-31 10:33:00+00:00,SGML,14.011500358581543,14.011500358581543,14.011500358581543,14.011500358581543,14.011500358581543,723.0
2024-10-31 10:33:00+00:00,SSRM,6.09499979019165,6.09499979019165,6.09499979019165,6.09499979019165,6.09499979019165,528.0
2024-10-31 10:33:00+00:00,STLD,131.91000366210938,131.91000366210938,131.9499969482422,131.91000366210938,131.9499969482422,785.0
2024-10-31 10:33:00+00:00,USAP,44.09590148925781,44.09590148925781,44.099998474121094,44.09590148925781,44.099998474121094,3865.0
2024-10-31 10:33:00+00:00,USLM,111.02999877929688,111.02999877929688,111.02999877929688,110.80000305175781,110.80000305175781,755.0
2024-10-31 10:34:00+00:00,ASTL,10.505000114440918,10.505000114440918,10.505000114440918,10.505000114440918,10.505000114440918,816.0
2024-10-31 10:34:00+00:00,BIOX,6.78000020980835,6.78000020980835,6.78000020980835,6.78000020980835,6.78000020980835,2046.0
2024-10-31 10:34:00+00:00,CENX,17.59000015258789,17.59000015258789,17.65999984741211,17.59000015258789,17.65999984741211,6945.0
2024-10-31 10:34:00+00:00,CNEY,0.4986000061035156,0.4986000061035156,0.4986000061035156,0.4986000061035156,0.4986000061035156,420.0
2024-10-31 10:34:00+00:00,GEVO,2.4165000915527344,2.4165000915527344,2.4165000915527344,2.3901000022888184,2.4000000953674316,17997.0
2024-10-31 10:34:00+00:00,GPRE,13.8149995803833,13.8149995803833,13.859999656677246,13.811400413513184,13.850000381469727,5408.0
2024-10-31 10:34:00+00:00,GSM,4.195000171661377,4.195000171661377,4.195000171661377,4.195000171661377,4.195000171661377,228.0
2024-10-31 10:34:00+00:00,GURE,0.6000000238418579,0.6000000238418579,0.6000000238418579,0.6000000238418579,0.6000000238418579,4065.0
2024-10-31 10:34:00+00:00,LGO,2.4800000190734863,2.4800000190734863,2.4800000190734863,2.4800000190734863,2.4800000190734863,0.0
2024-10-31 10:34:00+00:00,METC,9.979999542236328,9.979999542236328,9.979999542236328,9.970000267028809,9.970000267028809,1458.0
2024-10-31 10:34:00+00:00,ORGN,1.3949999809265137,1.3949999809265137,1.3949999809265137,1.3949999809265137,1.3949999809265137,122.0
2024-10-31 10:34:00+00:00,PAAS,23.11989974975586,23.11989974975586,23.1299991607666,23.09000015258789,23.1299991607666,8814.0
2024-10-31 10:34:00+00:00,PLL,12.854700088500977,12.854700088500977,12.890000343322754,12.854700088500977,12.890000343322754,837.0
2024-10-31 10:34:00+00:00,PPTA,9.930000305175781,9.930000305175781,9.932600021362305,9.914999961853027,9.932600021362305,5892.0
2024-10-31 10:34:00+00:00,RGLD,147.5,147.5,147.5,147.5,147.5,1127.0
2024-10-31 10:34:00+00:00,RKDA,4.385000228881836,4.385000228881836,4.385000228881836,4.385000228881836,4.385000228881836,2020.0
2024-10-31 10:34:00+00:00,SEED,2.5399999618530273,2.5399999618530273,2.625699996948242,2.5399999618530273,2.625699996948242,5272.0
2024-10-31 10:34:00+00:00,SGML,14.020000457763672,14.020000457763672,14.020000457763672,14.010000228881836,14.010000228881836,236.0
2024-10-31 10:34:00+00:00,SSRM,6.090000152587891,6.090000152587891,6.09499979019165,6.090000152587891,6.09499979019165,4729.0
2024-10-31 10:34:00+00:00,STLD,131.91000366210938,131.91000366210938,131.9550018310547,131.91000366210938,131.95249938964844,479.0
2024-10-31 10:34:00+00:00,USAP,44.04499816894531,44.04499816894531,44.04499816894531,44.04499816894531,44.04499816894531,0.0
2024-10-31 10:34:00+00:00,ZEUS,36.141998291015625,36.141998291015625,36.141998291015625,36.141998291015625,36.141998291015625,273.0
2024-10-31 10:35:00+00:00,ALTO,1.75,1.75,1.75,1.75,1.75,255.0
2024-10-31 10:35:00+00:00,BCPC,168.05999755859375,168.05999755859375,168.05999755859375,168.05999755859375,168.05999755859375,486.0
2024-10-31 10:35:00+00:00,CENX,17.598100662231445,17.598100662231445,17.598100662231445,17.598100662231445,17.598100662231445,911.0
2024-10-31 10:35:00+00:00,CNEY,0.4950999915599823,0.4950999915599823,0.4950999915599823,0.4950999915599823,0.4950999915599823,200.0
2024-10-31 10:35:00+00:00,FEAM,0.4620000123977661,0.4620000123977661,0.4620000123977661,0.4620000123977661,0.4620000123977661,1250.0
2024-10-31 10:35:00+00:00,GEVO,2.3917999267578125,2.3917999267578125,2.4149999618530273,2.3917999267578125,2.4149999618530273,32039.0
2024-10-31 10:35:00+00:00,GPRE,13.8149995803833,13.8149995803833,13.829700469970703,13.8149995803833,13.829700469970703,3023.0
2024-10-31 10:35:00+00:00,GSM,4.175000190734863,4.175000190734863,4.195000171661377,4.175000190734863,4.195000171661377,31439.0
2024-10-31 10:35:00+00:00,HDSN,7.585000038146973,7.585000038146973,7.585000038146973,7.585000038146973,7.585000038146973,949.0
2024-10-31 10:35:00+00:00,HYMC,2.4000000953674316,2.4000000953674316,2.4000000953674316,2.4000000953674316,2.4000000953674316,370.0
2024-10-31 10:35:00+00:00,LGO,2.499000072479248,2.499000072479248,2.499000072479248,2.499000072479248,2.499000072479248,800.0
2024-10-31 10:35:00+00:00,LWLG,3.2100000381469727,3.2100000381469727,3.2100000381469727,3.2100000381469727,3.2100000381469727,153.0
2024-10-31 10:35:00+00:00,MERC,6.46999979019165,6.46999979019165,6.46999979019165,6.46999979019165,6.46999979019165,606.0
2024-10-31 10:35:00+00:00,METC,9.985600471496582,9.985600471496582,9.985600471496582,9.985600471496582,9.985600471496582,212.0
2024-10-31 10:35:00+00:00,ORGN,1.3983999490737915,1.3983999490737915,1.3983999490737915,1.3906999826431274,1.3906999826431274,1630.0
2024-10-31 10:35:00+00:00,PAAS,23.1200008392334,23.1200008392334,23.135000228881836,23.104999542236328,23.11009979248047,6997.0
2024-10-31 10:35:00+00:00,PLL,12.899999618530273,12.899999618530273,12.899999618530273,12.859999656677246,12.893199920654297,1588.0
2024-10-31 10:35:00+00:00,PPTA,9.949999809265137,9.949999809265137,9.949999809265137,9.949999809265137,9.949999809265137,1257.0
2024-10-31 10:35:00+00:00,SNES,2.8299999237060547,2.8299999237060547,2.8299999237060547,2.8299999237060547,2.8299999237060547,479.0
2024-10-31 10:35:00+00:00,SSRM,6.090000152587891,6.090000152587891,6.0920000076293945,6.079999923706055,6.0920000076293945,12043.0
2024-10-31 10:35:00+00:00,STLD,131.8800048828125,131.8800048828125,131.91000366210938,131.85000610351562,131.89999389648438,2951.0
2024-10-31 10:35:00+00:00,USAU,6.050000190734863,6.050000190734863,6.050000190734863,6.042099952697754,6.042099952697754,835.0
2024-10-31 10:35:00+00:00,WDFC,263.80999755859375,263.80999755859375,263.80999755859375,263.80999755859375,263.80999755859375,1630.0
2024-10-31 10:36:00+00:00,CENX,17.56999969482422,17.56999969482422,17.56999969482422,17.549999237060547,17.56999969482422,3630.0
2024-10-31 10:36:00+00:00,CRKN,0.8851000070571899,0.8851000070571899,0.8851000070571899,0.8851000070571899,0.8851000070571899,1910.0
2024-10-31 10:36:00+00:00,GEVO,2.3949999809265137,2.3949999809265137,2.399899959564209,2.3949999809265137,2.39739990234375,4389.0
2024-10-31 10:36:00+00:00,GPRE,13.845000267028809,13.845000267028809,13.845000267028809,13.800000190734863,13.8149995803833,14839.0
2024-10-31 10:36:00+00:00,GSM,4.175000190734863,4.175000190734863,4.175000190734863,4.170000076293945,4.175000190734863,14041.0
2024-10-31 10:36:00+00:00,GURE,0.6000000238418579,0.6000000238418579,0.6000000238418579,0.6000000238418579,0.6000000238418579,0.0
2024-10-31 10:36:00+00:00,HYMC,2.4000000953674316,2.4000000953674316,2.4000000953674316,2.4000000953674316,2.4000000953674316,468.0
2024-10-31 10:36:00+00:00,LGO,2.4804999828338623,2.4804999828338623,2.499000072479248,2.4804999828338623,2.499000072479248,8306.0
2024-10-31 10:36:00+00:00,MERC,6.46999979019165,6.46999979019165,6.46999979019165,6.460000038146973,6.46999979019165,693.0
2024-10-31 10:36:00+00:00,METC,9.970000267028809,9.970000267028809,9.970000267028809,9.960000038146973,9.960000038146973,762.0
2024-10-31 10:36:00+00:00,ORGN,1.3949999809265137,1.3949999809265137,1.3949999809265137,1.3949999809265137,1.3949999809265137,341.0
2024-10-31 10:36:00+00:00,PAAS,23.094999313354492,23.094999313354492,23.125,23.09000015258789,23.1200008392334,31827.0
2024-10-31 10:36:00+00:00,SGML,14.039999961853027,14.039999961853027,14.069999694824219,14.039999961853027,14.069999694824219,1688.0
2024-10-31 10:36:00+00:00,STLD,131.90499877929688,131.90499877929688,131.90499877929688,131.90499877929688,131.90499877929688,509.0
2024-10-31 10:36:00+00:00,TMC,0.972599983215332,0.972599983215332,0.972599983215332,0.972599983215332,0.972599983215332,230.0
2024-10-31 10:36:00+00:00,USLM,110.63999938964844,110.63999938964844,110.63999938964844,110.63999938964844,110.63999938964844,364.0
2024-10-31 10:37:00+00:00,AREC,1.024999976158142,1.024999976158142,1.024999976158142,1.024999976158142,1.024999976158142,1706.0
2024-10-31 10:37:00+00:00,ASTL,10.505000114440918,10.505000114440918,10.505000114440918,10.505000114440918,10.505000114440918,300.0
2024-10-31 10:37:00+00:00,CRKN,0.881600022315979,0.881600022315979,0.881600022315979,0.881600022315979,0.881600022315979,250.0
2024-10-31 10:37:00+00:00,GEVO,2.4049999713897705,2.4049999713897705,2.4100000858306885,2.4000000953674316,2.4000000953674316,7129.0
2024-10-31 10:37:00+00:00,GPRE,13.8149995803833,13.8149995803833,13.84000015258789,13.8149995803833,13.84000015258789,3233.0
2024-10-31 10:37:00+00:00,GSM,4.175000190734863,4.175000190734863,4.175000190734863,4.175000190734863,4.175000190734863,187.0
2024-10-31 10:37:00+00:00,GURE,0.6000000238418579,0.6000000238418579,0.6000000238418579,0.6000000238418579,0.6000000238418579,200.0
2024-10-31 10:37:00+00:00,MEOH,39.209999084472656,39.209999084472656,39.209999084472656,39.209999084472656,39.209999084472656,173.0
2024-10-31 10:37:00+00:00,MERC,6.46999979019165,6.46999979019165,6.474999904632568,6.46999979019165,6.474999904632568,543.0
2024-10-31 10:37:00+00:00,ORGN,1.3949999809265137,1.3949999809265137,1.3949999809265137,1.3949999809265137,1.3949999809265137,728.0
2024-10-31 10:37:00+00:00,PAAS,23.084999084472656,23.084999084472656,23.114999771118164,23.084999084472656,23.110000610351562,7371.0
2024-10-31 10:37:00+00:00,PLL,12.899999618530273,12.899999618530273,12.899999618530273,12.899999618530273,12.899999618530273,1141.0
2024-10-31 10:37:00+00:00,PPTA,9.930000305175781,9.930000305175781,9.949999809265137,9.930000305175781,9.949999809265137,956.0
2024-10-31 10:37:00+00:00,RGLD,146.97000122070312,146.97000122070312,147.3000030517578,146.96009826660156,147.3000030517578,3393.0
2024-10-31 10:37:00+00:00,SGML,14.039999961853027,14.039999961853027,14.039999961853027,14.039999961853027,14.039999961853027,133.0
2024-10-31 10:37:00+00:00,SSRM,6.085000038146973,6.085000038146973,6.09499979019165,6.085000038146973,6.09499979019165,5510.0
2024-10-31 10:37:00+00:00,STLD,131.875,131.875,131.875,131.80999755859375,131.82000732421875,1075.0
2024-10-31 10:37:00+00:00,USLM,110.89739990234375,110.89739990234375,110.89739990234375,110.89739990234375,110.89739990234375,191.0
2024-10-31 10:38:00+00:00,ALTO,1.75,1.75,1.75,1.75,1.75,337.0
2024-10-31 10:38:00+00:00,ASTL,10.470000267028809,10.470000267028809,10.489999771118164,10.470000267028809,10.489999771118164,1771.0
2024-10-31 10:38:00+00:00,BCPC,167.99000549316406,167.99000549316406,167.99000549316406,167.99000549316406,167.99000549316406,495.0
2024-10-31 10:38:00+00:00,CENX,17.514999389648438,17.514999389648438,17.514999389648438,17.514999389648438,17.514999389648438,438.0
2024-10-31 10:38:00+00:00,CRKN,0.8899999856948853,0.8899999856948853,0.8899999856948853,0.8899999856948853,0.8899999856948853,215.0
2024-10-31 10:38:00+00:00,GEVO,2.4014999866485596,2.4014999866485596,2.4049999713897705,2.3949999809265137,2.4000000953674316,55671.0
2024-10-31 10:38:00+00:00,GPRE,13.739999771118164,13.739999771118164,13.800000190734863,13.739999771118164,13.795000076293945,2970.0
2024-10-31 10:38:00+00:00,GSM,4.175000190734863,4.175000190734863,4.175000190734863,4.170000076293945,4.175000190734863,1756.0
2024-10-31 10:38:00+00:00,HUDI,2.049999952316284,2.049999952316284,2.049999952316284,2.049999952316284,2.049999952316284,203.0
2024-10-31 10:38:00+00:00,KALU,74.4000015258789,74.4000015258789,74.4000015258789,74.4000015258789,74.4000015258789,194.0
2024-10-31 10:38:00+00:00,LITM,0.3887999951839447,0.3887999951839447,0.3887999951839447,0.3887999951839447,0.3887999951839447,245.0
2024-10-31 10:38:00+00:00,LWLG,3.2091000080108643,3.2091000080108643,3.2091000080108643,3.2049999237060547,3.2049999237060547,430.0
2024-10-31 10:38:00+00:00,MERC,6.460000038146973,6.460000038146973,6.460000038146973,6.460000038146973,6.460000038146973,167.0
2024-10-31 10:38:00+00:00,METC,9.985099792480469,9.985099792480469,9.985099792480469,9.985099792480469,9.985099792480469,745.0
2024-10-31 10:38:00+00:00,NTIC,12.801899909973145,12.801899909973145,12.801899909973145,12.801899909973145,12.801899909973145,1703.0
2024-10-31 10:38:00+00:00,PAAS,23.089500427246094,23.089500427246094,23.110000610351562,23.07670021057129,23.084999084472656,15180.0
2024-10-31 10:38:00+00:00,PLL,12.885000228881836,12.885000228881836,12.890000343322754,12.885000228881836,12.890000343322754,2143.0
2024-10-31 10:38:00+00:00,PPTA,9.944999694824219,9.944999694824219,9.949999809265137,9.930000305175781,9.949999809265137,2911.0
2024-10-31 10:38:00+00:00,RGLD,147.0496063232422,147.0496063232422,147.0496063232422,147.0496063232422,147.0496063232422,269.0
2024-10-31 10:38:00+00:00,SGML,14.039999961853027,14.039999961853027,14.039999961853027,14.039999961853027,14.039999961853027,457.0
2024-10-31 10:38:00+00:00,SSRM,6.0904998779296875,6.0904998779296875,6.099899768829346,6.0904998779296875,6.099899768829346,1953.0
2024-10-31 10:38:00+00:00,TMC,0.9710000157356262,0.9710000157356262,0.9710000157356262,0.9710000157356262,0.9710000157356262,1940.0
2024-10-31 10:38:00+00:00,UFPI,121.5250015258789,121.5250015258789,121.5250015258789,121.5250015258789,121.5250015258789,324.0
2024-10-31 10:38:00+00:00,USAP,44.0,44.0,44.01499938964844,43.959999084472656,43.9900016784668,3699.0
2024-10-31 10:38:00+00:00,USAU,6.032199859619141,6.032199859619141,6.032199859619141,6.032199859619141,6.032199859619141,2607.0
2024-10-31 10:39:00+00:00,ALTO,1.75,1.75,1.75,1.75,1.75,449.0
2024-10-31 10:39:00+00:00,ASTL,10.479999542236328,10.479999542236328,10.479999542236328,10.479999542236328,10.479999542236328,645.0
2024-10-31 10:39:00+00:00,CENX,17.46500015258789,17.46500015258789,17.489999771118164,17.464000701904297,17.489999771118164,4157.0
2024-10-31 10:39:00+00:00,CNEY,0.5101000070571899,0.5101000070571899,0.5101000070571899,0.5101000070571899,0.5101000070571899,8.0
2024-10-31 10:39:00+00:00,CRKN,0.8849999904632568,0.8849999904632568,0.8849999904632568,0.8849999904632568,0.8849999904632568,1084.0
2024-10-31 10:39:00+00:00,GEVO,2.3949999809265137,2.3949999809265137,2.4010000228881836,2.3949999809265137,2.3991000652313232,28808.0
2024-10-31 10:39:00+00:00,GPRE,13.760000228881836,13.760000228881836,13.789999961853027,13.75,13.75,4777.0
2024-10-31 10:39:00+00:00,GSM,4.164999961853027,4.164999961853027,4.170000076293945,4.164999961853027,4.170000076293945,943.0
2024-10-31 10:39:00+00:00,HWKN,113.4749984741211,113.4749984741211,113.4749984741211,113.4749984741211,113.4749984741211,328.0
2024-10-31 10:39:00+00:00,LITM,0.3799999952316284,0.3799999952316284,0.3799999952316284,0.3799999952316284,0.3799999952316284,700.0
2024-10-31 10:39:00+00:00,LWLG,3.200000047683716,3.200000047683716,3.209199905395508,3.200000047683716,3.209199905395508,2110.0
2024-10-31 10:39:00+00:00,ORGN,1.3799999952316284,1.3799999952316284,1.3949999809265137,1.3799999952316284,1.3949999809265137,63465.0
2024-10-31 10:39:00+00:00,PAAS,23.075000762939453,23.075000762939453,23.094999313354492,23.06999969482422,23.079999923706055,7077.0
2024-10-31 10:39:00+00:00,PLL,12.890000343322754,12.890000343322754,12.890000343322754,12.890000343322754,12.890000343322754,144.0
2024-10-31 10:39:00+00:00,PPTA,9.9399995803833,9.9399995803833,9.949999809265137,9.9399995803833,9.949999809265137,1366.0
2024-10-31 10:39:00+00:00,RGLD,146.97999572753906,146.97999572753906,147.11000061035156,146.97999572753906,147.0800018310547,1429.0
2024-10-31 10:39:00+00:00,SGML,14.050000190734863,14.050000190734863,14.050000190734863,14.050000190734863,14.050000190734863,364.0
2024-10-31 10:39:00+00:00,SSRM,6.09499979019165,6.09499979019165,6.09499979019165,6.090799808502197,6.094900131225586,7540.0
2024-10-31 10:39:00+00:00,STLD,131.72000122070312,131.72000122070312,131.77000427246094,131.72000122070312,131.77000427246094,997.0
2024-10-31 10:39:00+00:00,TMC,0.9700000286102295,0.9700000286102295,0.9704999923706055,0.9700000286102295,0.9704999923706055,0.0
2024-10-31 10:40:00+00:00,CENX,17.5,17.5,17.5,17.5,17.5,7150.0
2024-10-31 10:40:00+00:00,CNEY,0.5101000070571899,0.5101000070571899,0.5101000070571899,0.5101000070571899,0.5101000070571899,784.0
2024-10-31 10:40:00+00:00,GEVO,2.3949999809265137,2.3949999809265137,2.399899959564209,2.390000104904175,2.399899959564209,3171.0
2024-10-31 10:40:00+00:00,GPRE,13.734999656677246,13.734999656677246,13.789999961853027,13.734999656677246,13.779999732971191,14014.0
2024-10-31 10:40:00+00:00,GSM,4.164999961853027,4.164999961853027,4.164999961853027,4.159999847412109,4.159999847412109,726.0
2024-10-31 10:40:00+00:00,HDSN,7.550099849700928,7.550099849700928,7.550099849700928,7.550099849700928,7.550099849700928,1758.0
2024-10-31 10:40:00+00:00,HWKN,112.88999938964844,112.88999938964844,113.0,112.58999633789062,113.0,1802.0
2024-10-31 10:40:00+00:00,KALU,74.41000366210938,74.41000366210938,74.41000366210938,74.41000366210938,74.41000366210938,256.0
2024-10-31 10:40:00+00:00,LGO,2.4149999618530273,2.4149999618530273,2.4200000762939453,2.4000000953674316,2.4100000858306885,9653.0
2024-10-31 10:40:00+00:00,LITM,0.38429999351501465,0.38429999351501465,0.38429999351501465,0.38260000944137573,0.38260000944137573,2124.0
2024-10-31 10:40:00+00:00,LWLG,3.200000047683716,3.200000047683716,3.200000047683716,3.194999933242798,3.194999933242798,1038.0
2024-10-31 10:40:00+00:00,MEOH,39.13999938964844,39.13999938964844,39.13999938964844,39.13999938964844,39.13999938964844,796.0
2024-10-31 10:40:00+00:00,MERC,6.449999809265137,6.449999809265137,6.449999809265137,6.449999809265137,6.449999809265137,2053.0
2024-10-31 10:40:00+00:00,METC,9.960000038146973,9.960000038146973,9.979999542236328,9.960000038146973,9.979999542236328,1148.0
2024-10-31 10:40:00+00:00,ORGN,1.3899999856948853,1.3899999856948853,1.3899999856948853,1.3899999856948853,1.3899999856948853,586.0
2024-10-31 10:40:00+00:00,PAAS,23.079999923706055,23.079999923706055,23.079999923706055,23.059999465942383,23.079999923706055,5033.0
2024-10-31 10:40:00+00:00,PLL,12.869999885559082,12.869999885559082,12.869999885559082,12.869999885559082,12.869999885559082,1927.0
2024-10-31 10:40:00+00:00,RGLD,146.89639282226562,146.89639282226562,146.89639282226562,146.8800048828125,146.8800048828125,530.0
2024-10-31 10:40:00+00:00,SGML,14.039999961853027,14.039999961853027,14.039999961853027,14.039999961853027,14.039999961853027,400.0
2024-10-31 10:40:00+00:00,SSRM,6.0879998207092285,6.0879998207092285,6.090000152587891,6.079999923706055,6.090000152587891,4224.0
2024-10-31 10:40:00+00:00,STLD,131.52000427246094,131.52000427246094,131.6300048828125,131.52000427246094,131.6300048828125,1657.0
2024-10-31 10:40:00+00:00,UFPI,121.26000213623047,121.26000213623047,121.26000213623047,121.26000213623047,121.26000213623047,1855.0
2024-10-31 10:40:00+00:00,USAP,43.95500183105469,43.95500183105469,43.95500183105469,43.939998626708984,43.939998626708984,4058.0
2024-10-31 10:41:00+00:00,ASTL,10.444999694824219,10.444999694824219,10.444999694824219,10.444999694824219,10.444999694824219,296.0
2024-10-31 10:41:00+00:00,CNEY,0.5101000070571899,0.5101000070571899,0.5101000070571899,0.5101000070571899,0.5101000070571899,0.0
2024-10-31 10:41:00+00:00,GEVO,2.3949999809265137,2.3949999809265137,2.4000000953674316,2.3949999809265137,2.3949999809265137,4697.0
2024-10-31 10:41:00+00:00,GPRE,13.720000267028809,13.720000267028809,13.720000267028809,13.720000267028809,13.720000267028809,3010.0
2024-10-31 10:41:00+00:00,GSM,4.159999847412109,4.159999847412109,4.164999961853027,4.159999847412109,4.159999847412109,1759.0
2024-10-31 10:41:00+00:00,HWKN,112.05999755859375,112.05999755859375,112.05999755859375,112.05999755859375,112.05999755859375,2157.0
2024-10-31 10:41:00+00:00,HYMC,2.380000114440918,2.380000114440918,2.380000114440918,2.380000114440918,2.380000114440918,657.0
2024-10-31 10:41:00+00:00,LITM,0.3709999918937683,0.3709999918937683,0.38260000944137573,0.3709999918937683,0.38260000944137573,5690.0
2024-10-31 10:41:00+00:00,LWLG,3.194999933242798,3.194999933242798,3.194999933242798,3.194999933242798,3.194999933242798,431.0
2024-10-31 10:41:00+00:00,METC,9.949999809265137,9.949999809265137,9.949999809265137,9.949999809265137,9.949999809265137,332.0
2024-10-31 10:41:00+00:00,ORGN,1.3849999904632568,1.3849999904632568,1.3849999904632568,1.3849999904632568,1.3849999904632568,1421.0
2024-10-31 10:41:00+00:00,PAAS,23.1200008392334,23.1200008392334,23.1299991607666,23.072999954223633,23.072999954223633,5990.0
2024-10-31 10:41:00+00:00,PPTA,9.9350004196167,9.9350004196167,9.9399995803833,9.9350004196167,9.9399995803833,1372.0
2024-10-31 10:41:00+00:00,RGLD,146.92999267578125,146.92999267578125,147.0,146.92999267578125,147.0,1865.0
2024-10-31 10:41:00+00:00,SGML,14.039999961853027,14.039999961853027,14.039999961853027,14.039999961853027,14.039999961853027,234.0
2024-10-31 10:41:00+00:00,SSRM,6.090000152587891,6.090000152587891,6.090000152587891,6.090000152587891,6.090000152587891,2428.0
2024-10-31 10:41:00+00:00,STLD,131.5749969482422,131.5749969482422,131.63999938964844,131.5749969482422,131.6300048828125,981.0
2024-10-31 10:42:00+00:00,ASTL,10.430000305175781,10.430000305175781,10.430000305175781,10.430000305175781,10.430000305175781,336.0
2024-10-31 10:42:00+00:00,CENX,17.510000228881836,17.510000228881836,17.520000457763672,17.510000228881836,17.520000457763672,875.0
2024-10-31 10:42:00+00:00,CNEY,0.5101000070571899,0.5101000070571899,0.5101000070571899,0.5101000070571899,0.5101000070571899,100.0
2024-10-31 10:42:00+00:00,CRKN,0.8851000070571899,0.8851000070571899,0.8851000070571899,0.8851000070571899,0.8851000070571899,202.0
2024-10-31 10:42:00+00:00,GEVO,2.3994998931884766,2.3994998931884766,2.4000000953674316,2.390000104904175,2.3949999809265137,7157.0
2024-10-31 10:42:00+00:00,GPRE,13.6850004196167,13.6850004196167,13.720000267028809,13.6850004196167,13.70199966430664,7485.0
2024-10-31 10:42:00+00:00,GSM,4.164999961853027,4.164999961853027,4.164999961853027,4.159999847412109,4.159999847412109,626.0
2024-10-31 10:42:00+00:00,HDSN,7.539999961853027,7.539999961853027,7.539999961853027,7.539999961853027,7.539999961853027,905.0
2024-10-31 10:42:00+00:00,MERC,6.429999828338623,6.429999828338623,6.440000057220459,6.429999828338623,6.440000057220459,607.0
2024-10-31 10:42:00+00:00,METC,9.949999809265137,9.949999809265137,9.949999809265137,9.949999809265137,9.949999809265137,437.0
2024-10-31 10:42:00+00:00,ORGN,1.3849999904632568,1.3849999904632568,1.3849999904632568,1.3849999904632568,1.3849999904632568,697.0
2024-10-31 10:42:00+00:00,PAAS,23.079999923706055,23.079999923706055,23.110000610351562,23.065000534057617,23.110000610351562,10595.0
2024-10-31 10:42:00+00:00,PPTA,9.944999694824219,9.944999694824219,9.944999694824219,9.9399995803833,9.9399995803833,343.0
2024-10-31 10:42:00+00:00,SSRM,6.090000152587891,6.090000152587891,6.09499979019165,6.090000152587891,6.090000152587891,5331.0
2024-10-31 10:42:00+00:00,STLD,131.56500244140625,131.56500244140625,131.56500244140625,131.56500244140625,131.56500244140625,136.0
2024-10-31 10:42:00+00:00,USAU,6.0,6.0,6.010000228881836,6.0,6.0,3885.0
2024-10-31 10:43:00+00:00,AREC,1.024999976158142,1.024999976158142,1.024999976158142,1.024999976158142,1.024999976158142,1007.0
2024-10-31 10:43:00+00:00,BIOX,6.75,6.75,6.75,6.75,6.75,5229.0
2024-10-31 10:43:00+00:00,CENX,17.520000457763672,17.520000457763672,17.520000457763672,17.5,17.514999389648438,1568.0
2024-10-31 10:43:00+00:00,CNEY,0.5099999904632568,0.5099999904632568,0.5099999904632568,0.5099999904632568,0.5099999904632568,400.0
2024-10-31 10:43:00+00:00,FEAM,0.4620000123977661,0.4620000123977661,0.4620000123977661,0.4620000123977661,0.4620000123977661,348.0
2024-10-31 10:43:00+00:00,GEVO,2.3949999809265137,2.3949999809265137,2.4000000953674316,2.390000104904175,2.3949999809265137,7991.0
2024-10-31 10:43:00+00:00,GPRE,13.625,13.625,13.720000267028809,13.625,13.699999809265137,24625.0
2024-10-31 10:43:00+00:00,GSM,4.159999847412109,4.159999847412109,4.164999961853027,4.159999847412109,4.164999961853027,363.0
2024-10-31 10:43:00+00:00,HDSN,7.550000190734863,7.550000190734863,7.550000190734863,7.539999961853027,7.539999961853027,3237.0
2024-10-31 10:43:00+00:00,IOSP,109.0199966430664,109.0199966430664,109.0199966430664,109.0199966430664,109.0199966430664,1578.0
2024-10-31 10:43:00+00:00,LGO,2.4000000953674316,2.4000000953674316,2.4000000953674316,2.4000000953674316,2.4000000953674316,500.0
2024-10-31 10:43:00+00:00,LITM,0.36149999499320984,0.36149999499320984,0.3709999918937683,0.36010000109672546,0.3709999918937683,61000.0
2024-10-31 10:43:00+00:00,LWLG,3.200000047683716,3.200000047683716,3.200000047683716,3.200000047683716,3.200000047683716,5224.0
2024-10-31 10:43:00+00:00,MERC,6.440000057220459,6.440000057220459,6.440000057220459,6.440000057220459,6.440000057220459,122.0
2024-10-31 10:43:00+00:00,METC,9.9399995803833,9.9399995803833,9.9399995803833,9.9399995803833,9.9399995803833,1268.0
2024-10-31 10:43:00+00:00,PAAS,23.06999969482422,23.06999969482422,23.09000015258789,23.060300827026367,23.075000762939453,9638.0
2024-10-31 10:43:00+00:00,PLL,12.770099639892578,12.770099639892578,12.86989974975586,12.770000457763672,12.86989974975586,8445.0
2024-10-31 10:43:00+00:00,RGLD,146.89999389648438,146.89999389648438,146.9550018310547,146.89999389648438,146.9550018310547,729.0
2024-10-31 10:43:00+00:00,SGML,14.039999961853027,14.039999961853027,14.039999961853027,14.039999961853027,14.039999961853027,514.0
2024-10-31 10:43:00+00:00,SSRM,6.090000152587891,6.090000152587891,6.090000152587891,6.080900192260742,6.080900192260742,5762.0
2024-10-31 10:43:00+00:00,STLD,131.57000732421875,131.57000732421875,131.57000732421875,131.57000732421875,131.57000732421875,1204.0
2024-10-31 10:43:00+00:00,TMC,0.9617000222206116,0.9617000222206116,0.9617000222206116,0.9617000222206116,0.9617000222206116,577.0
2024-10-31 10:43:00+00:00,USLM,110.7699966430664,110.7699966430664,110.7699966430664,110.7699966430664,110.7699966430664,390.0
2024-10-31 10:43:00+00:00,ZEUS,35.970001220703125,35.970001220703125,36.0,35.970001220703125,36.0,813.0
2024-10-31 10:44:00+00:00,BIOX,6.75,6.75,6.760000228881836,6.75,6.760000228881836,828.0
2024-10-31 10:44:00+00:00,CENX,17.545000076293945,17.545000076293945,17.549999237060547,17.524999618530273,17.524999618530273,813.0
2024-10-31 10:44:00+00:00,CNEY,0.49869999289512634,0.49869999289512634,0.49869999289512634,0.49869999289512634,0.49869999289512634,300.0
2024-10-31 10:44:00+00:00,CRKN,0.8899999856948853,0.8899999856948853,0.8899999856948853,0.8899999856948853,0.8899999856948853,421.0
2024-10-31 10:44:00+00:00,GEVO,2.4000000953674316,2.4000000953674316,2.4000000953674316,2.3910000324249268,2.3928000926971436,6044.0
2024-10-31 10:44:00+00:00,GPRE,13.649999618530273,13.649999618530273,13.649999618530273,13.625,13.640000343322754,2698.0
2024-10-31 10:44:00+00:00,GSM,4.159999847412109,4.159999847412109,4.164999961853027,4.159999847412109,4.164999961853027,737.0
2024-10-31 10:44:00+00:00,HDSN,7.546000003814697,7.546000003814697,7.546000003814697,7.546000003814697,7.546000003814697,1182.0
2024-10-31 10:44:00+00:00,HWKN,112.31999969482422,112.31999969482422,112.31999969482422,112.31999969482422,112.31999969482422,390.0
2024-10-31 10:44:00+00:00,LGO,2.4000000953674316,2.4000000953674316,2.4000000953674316,2.4000000953674316,2.4000000953674316,18400.0
2024-10-31 10:44:00+00:00,MERC,6.429999828338623,6.429999828338623,6.429999828338623,6.429999828338623,6.429999828338623,492.0
2024-10-31 10:44:00+00:00,PAAS,23.065000534057617,23.065000534057617,23.114999771118164,23.040000915527344,23.079999923706055,12921.0
2024-10-31 10:44:00+00:00,PLL,12.779999732971191,12.779999732971191,12.779999732971191,12.779999732971191,12.779999732971191,1807.0
2024-10-31 10:44:00+00:00,PPTA,9.920000076293945,9.920000076293945,9.920000076293945,9.920000076293945,9.920000076293945,200.0
2024-10-31 10:44:00+00:00,RGLD,146.99000549316406,146.99000549316406,147.07000732421875,146.93930053710938,147.07000732421875,1854.0
2024-10-31 10:44:00+00:00,SSRM,6.099999904632568,6.099999904632568,6.099999904632568,6.090000152587891,6.090000152587891,3998.0
2024-10-31 10:44:00+00:00,STLD,131.55499267578125,131.55499267578125,131.63999938964844,131.55499267578125,131.5800018310547,2481.0
2024-10-31 10:44:00+00:00,USAU,6.019999980926514,6.019999980926514,6.019999980926514,6.019999980926514,6.019999980926514,793.0
2024-10-31 10:44:00+00:00,ZEUS,35.89860153198242,35.89860153198242,36.005001068115234,35.89860153198242,36.005001068115234,329.0
2024-10-31 10:45:00+00:00,ALTO,1.7549999952316284,1.7549999952316284,1.7549999952316284,1.7549999952316284,1.7549999952316284,117.0
2024-10-31 10:45:00+00:00,ASTL,10.420000076293945,10.420000076293945,10.420000076293945,10.420000076293945,10.420000076293945,146.0
2024-10-31 10:45:00+00:00,BIOX,6.75029993057251,6.75029993057251,6.760000228881836,6.75,6.755000114440918,2131.0
2024-10-31 10:45:00+00:00,CENX,17.56999969482422,17.56999969482422,17.56999969482422,17.56999969482422,17.56999969482422,412.0
2024-10-31 10:45:00+00:00,CNEY,0.5023999810218811,0.5023999810218811,0.5023999810218811,0.5023999810218811,0.5023999810218811,0.0
2024-10-31 10:45:00+00:00,CRKN,0.8899999856948853,0.8899999856948853,0.8899999856948853,0.8899999856948853,0.8899999856948853,101.0
2024-10-31 10:45:00+00:00,GEVO,2.384999990463257,2.384999990463257,2.3910000324249268,2.384999990463257,2.390000104904175,31445.0
2024-10-31 10:45:00+00:00,GPRE,13.625,13.625,13.625,13.600000381469727,13.625,36589.0
2024-10-31 10:45:00+00:00,GSM,4.164999961853027,4.164999961853027,4.164999961853027,4.159999847412109,4.164999961853027,16154.0
2024-10-31 10:45:00+00:00,HWKN,112.51000213623047,112.51000213623047,112.51000213623047,112.31999969482422,112.31999969482422,1782.0
2024-10-31 10:45:00+00:00,LGO,2.3499999046325684,2.3499999046325684,2.362499952316284,2.3499999046325684,2.362499952316284,0.0
2024-10-31 10:45:00+00:00,LITM,0.3644999861717224,0.3644999861717224,0.3646000027656555,0.3644999861717224,0.3646000027656555,1900.0
2024-10-31 10:45:00+00:00,LWLG,3.190000057220459,3.190000057220459,3.190000057220459,3.190000057220459,3.190000057220459,2525.0
2024-10-31 10:45:00+00:00,MEOH,39.0,39.0,39.08000183105469,39.0,39.08000183105469,567.0
2024-10-31 10:45:00+00:00,ORGN,1.3849999904632568,1.3849999904632568,1.3849999904632568,1.3799999952316284,1.381100058555603,1095.0
2024-10-31 10:45:00+00:00,PAAS,23.024999618530273,23.024999618530273,23.059999465942383,23.014999389648438,23.05500030517578,28370.0
2024-10-31 10:45:00+00:00,PLL,12.779999732971191,12.779999732971191,12.779999732971191,12.779999732971191,12.779999732971191,262.0
2024-10-31 10:45:00+00:00,SSRM,6.080100059509277,6.080100059509277,6.09499979019165,6.080100059509277,6.09499979019165,7486.0
2024-10-31 10:45:00+00:00,STLD,131.49000549316406,131.49000549316406,131.5449981689453,131.47000122070312,131.5449981689453,1409.0
2024-10-31 10:45:00+00:00,USLM,110.07279968261719,110.07279968261719,110.07279968261719,110.07279968261719,110.07279968261719,463.0
2024-10-31 10:46:00+00:00,ALTO,1.7549999952316284,1.7549999952316284,1.7549999952316284,1.7549999952316284,1.7549999952316284,226.0
2024-10-31 10:46:00+00:00,BCPC,167.5399932861328,167.5399932861328,167.5399932861328,167.5399932861328,167.5399932861328,861.0
2024-10-31 10:46:00+00:00,CENX,17.559999465942383,17.559999465942383,17.559999465942383,17.549999237060547,17.559999465942383,2076.0
2024-10-31 10:46:00+00:00,CNEY,0.5023999810218811,0.5023999810218811,0.5023999810218811,0.5023999810218811,0.5023999810218811,200.0
2024-10-31 10:46:00+00:00,GEVO,2.384999990463257,2.384999990463257,2.388000011444092,2.380000114440918,2.384999990463257,7482.0
2024-10-31 10:46:00+00:00,GPRE,13.6850004196167,13.6850004196167,13.699999809265137,13.600000381469727,13.625,11772.0
2024-10-31 10:46:00+00:00,HYMC,2.380000114440918,2.380000114440918,2.380000114440918,2.380000114440918,2.380000114440918,363.0
2024-10-31 10:46:00+00:00,IONR,8.168999671936035,8.168999671936035,8.168999671936035,8.168999671936035,8.168999671936035,201.0
2024-10-31 10:46:00+00:00,KALU,74.33000183105469,74.33000183105469,74.33000183105469,74.33000183105469,74.33000183105469,467.0
2024-10-31 10:46:00+00:00,LWLG,3.190000057220459,3.190000057220459,3.190000057220459,3.190000057220459,3.190000057220459,12630.0
2024-10-31 10:46:00+00:00,MERC,6.420000076293945,6.420000076293945,6.420000076293945,6.420000076293945,6.420000076293945,622.0
2024-10-31 10:46:00+00:00,METC,9.920000076293945,9.920000076293945,9.9399995803833,9.920000076293945,9.9399995803833,1777.0
2024-10-31 10:46:00+00:00,ORGN,1.3849999904632568,1.3849999904632568,1.3849999904632568,1.3849999904632568,1.3849999904632568,747.0
2024-10-31 10:46:00+00:00,PAAS,23.020000457763672,23.020000457763672,23.040000915527344,23.014999389648438,23.024999618530273,12172.0
2024-10-31 10:46:00+00:00,PLL,12.819899559020996,12.819899559020996,12.819899559020996,12.819899559020996,12.819899559020996,2031.0
2024-10-31 10:46:00+00:00,PPTA,9.899999618530273,9.899999618530273,9.899999618530273,9.899999618530273,9.899999618530273,611.0
2024-10-31 10:46:00+00:00,RETO,1.1004999876022339,1.1004999876022339,1.103600025177002,1.1004999876022339,1.1019999980926514,987.0
2024-10-31 10:46:00+00:00,SGML,14.039999961853027,14.039999961853027,14.069999694824219,13.979999542236328,14.029999732971191,12002.0
2024-10-31 10:46:00+00:00,SSRM,6.085000038146973,6.085000038146973,6.090000152587891,6.079999923706055,6.090000152587891,4570.0
2024-10-31 10:46:00+00:00,STLD,131.39500427246094,131.39500427246094,131.39999389648438,131.39500427246094,131.39999389648438,999.0
2024-10-31 10:46:00+00:00,USAP,43.91999816894531,43.91999816894531,43.91999816894531,43.91999816894531,43.91999816894531,200.0
2024-10-31 10:47:00+00:00,AREC,1.0269999504089355,1.0269999504089355,1.0269999504089355,1.0199999809265137,1.0199999809265137,2802.0
2024-10-31 10:47:00+00:00,ASTL,10.40250015258789,10.40250015258789,10.404999732971191,10.40250015258789,10.404999732971191,472.0
2024-10-31 10:47:00+00:00,CENX,17.55500030517578,17.55500030517578,17.559999465942383,17.540000915527344,17.540000915527344,2692.0
2024-10-31 10:47:00+00:00,CNEY,0.5023999810218811,0.5023999810218811,0.5023999810218811,0.5023999810218811,0.5023999810218811,100.0
2024-10-31 10:47:00+00:00,GEVO,2.384999990463257,2.384999990463257,2.3891000747680664,2.384999990463257,2.384999990463257,14904.0
2024-10-31 10:47:00+00:00,GPRE,13.75,13.75,13.760000228881836,13.6850004196167,13.6850004196167,3586.0
2024-10-31 10:47:00+00:00,HYMC,2.380000114440918,2.380000114440918,2.380000114440918,2.369999885559082,2.369999885559082,1082.0
2024-10-31 10:47:00+00:00,KALU,74.76499938964844,74.76499938964844,74.76499938964844,74.41999816894531,74.41999816894531,3116.0
2024-10-31 10:47:00+00:00,LGO,2.3499999046325684,2.3499999046325684,2.359999895095825,2.3299999237060547,2.3399999141693115,2353.0
2024-10-31 10:47:00+00:00,LITM,0.36489999294281006,0.36489999294281006,0.36489999294281006,0.36000001430511475,0.36000001430511475,700.0
2024-10-31 10:47:00+00:00,MEOH,39.029998779296875,39.029998779296875,39.029998779296875,39.029998779296875,39.029998779296875,56.0
2024-10-31 10:47:00+00:00,METC,9.930000305175781,9.930000305175781,9.930000305175781,9.920000076293945,9.92080020904541,801.0
2024-10-31 10:47:00+00:00,ORGN,1.3799999952316284,1.3799999952316284,1.3799999952316284,1.3799999952316284,1.3799999952316284,705.0
2024-10-31 10:47:00+00:00,PAAS,22.989999771118164,22.989999771118164,23.02989959716797,22.979999542236328,23.01302146911621,27976.0
2024-10-31 10:47:00+00:00,PLL,12.779999732971191,12.779999732971191,12.780099868774414,12.779999732971191,12.780099868774414,678.0
2024-10-31 10:47:00+00:00,RKDA,4.460599899291992,4.460599899291992,4.460599899291992,4.460599899291992,4.460599899291992,400.0
2024-10-31 10:47:00+00:00,SGML,14.039999961853027,14.039999961853027,14.039999961853027,14.039999961853027,14.039999961853027,206.0
2024-10-31 10:47:00+00:00,SSRM,6.085000038146973,6.085000038146973,6.090000152587891,6.085000038146973,6.090000152587891,983.0
2024-10-31 10:47:00+00:00,USAP,43.90999984741211,43.90999984741211,43.90999984741211,43.90999984741211,43.90999984741211,998.0
2024-10-31 10:47:00+00:00,USAU,6.034999847412109,6.034999847412109,6.034999847412109,6.034999847412109,6.034999847412109,1820.0
2024-10-31 10:47:00+00:00,USLM,111.00599670410156,111.00599670410156,111.00599670410156,111.00599670410156,111.00599670410156,265.0
2024-10-31 10:47:00+00:00,ZEUS,35.935001373291016,35.935001373291016,35.935001373291016,35.880001068115234,35.88999938964844,2152.0
2024-10-31 10:48:00+00:00,ASTL,10.40999984741211,10.40999984741211,10.40999984741211,10.40999984741211,10.40999984741211,347.0
2024-10-31 10:48:00+00:00,CENX,17.530000686645508,17.530000686645508,17.544200897216797,17.530000686645508,17.530000686645508,2664.0
2024-10-31 10:48:00+00:00,CNEY,0.49869999289512634,0.49869999289512634,0.5023000240325928,0.49869999289512634,0.5023000240325928,1600.0
2024-10-31 10:48:00+00:00,CRKN,0.8899000287055969,0.8899000287055969,0.8899000287055969,0.8899000287055969,0.8899000287055969,300.0
2024-10-31 10:48:00+00:00,ELBM,0.5029000043869019,0.5029000043869019,0.5029000043869019,0.5029000043869019,0.5029000043869019,186.0
2024-10-31 10:48:00+00:00,GEVO,2.3880999088287354,2.3880999088287354,2.389899969100952,2.380000114440918,2.389899969100952,22661.0
2024-10-31 10:48:00+00:00,GPRE,13.851200103759766,13.851200103759766,13.859999656677246,13.774999618530273,13.774999618530273,6593.0
2024-10-31 10:48:00+00:00,GSM,4.164999961853027,4.164999961853027,4.164999961853027,4.164999961853027,4.164999961853027,967.0
2024-10-31 10:48:00+00:00,HDSN,7.53000020980835,7.53000020980835,7.539999961853027,7.53000020980835,7.53000020980835,3504.0
2024-10-31 10:48:00+00:00,LGO,2.365000009536743,2.365000009536743,2.365000009536743,2.359999895095825,2.359999895095825,960.0
2024-10-31 10:48:00+00:00,LWLG,3.2049999237060547,3.2049999237060547,3.2049999237060547,3.199899911880493,3.200000047683716,4014.0
2024-10-31 10:48:00+00:00,MEOH,39.03499984741211,39.03499984741211,39.03499984741211,39.03499984741211,39.03499984741211,125.0
2024-10-31 10:48:00+00:00,MERC,6.449999809265137,6.449999809265137,6.449999809265137,6.429999828338623,6.429999828338623,836.0
2024-10-31 10:48:00+00:00,METC,9.9399995803833,9.9399995803833,9.9399995803833,9.9399995803833,9.9399995803833,162.0
2024-10-31 10:48:00+00:00,PAAS,23.013200759887695,23.013200759887695,23.014999389648438,22.979999542236328,22.979999542236328,4508.0
2024-10-31 10:48:00+00:00,PLL,12.819999694824219,12.819999694824219,12.819999694824219,12.770000457763672,12.78499984741211,716.0
2024-10-31 10:48:00+00:00,PPTA,9.904999732971191,9.904999732971191,9.904999732971191,9.904999732971191,9.904999732971191,213.0
2024-10-31 10:48:00+00:00,RGLD,146.47000122070312,146.47000122070312,146.50999450683594,146.47000122070312,146.50999450683594,492.0
2024-10-31 10:48:00+00:00,SGML,14.039999961853027,14.039999961853027,14.039999961853027,14.039999961853027,14.039999961853027,856.0
2024-10-31 10:48:00+00:00,SSRM,6.085000038146973,6.085000038146973,6.090000152587891,6.079999923706055,6.079999923706055,10223.0
2024-10-31 10:48:00+00:00,STLD,131.39500427246094,131.39500427246094,131.4499969482422,131.27020263671875,131.27999877929688,6558.0
2024-10-31 10:49:00+00:00,CENX,17.540000915527344,17.540000915527344,17.540000915527344,17.540000915527344,17.540000915527344,417.0
2024-10-31 10:49:00+00:00,CNEY,0.49549999833106995,0.49549999833106995,0.5023999810218811,0.49549999833106995,0.5023999810218811,195.0
2024-10-31 10:49:00+00:00,CRKN,0.8862000107765198,0.8862000107765198,0.887499988079071,0.8862000107765198,0.887499988079071,1402.0
2024-10-31 10:49:00+00:00,GEVO,2.390000104904175,2.390000104904175,2.390000104904175,2.380000114440918,2.388000011444092,7328.0
2024-10-31 10:49:00+00:00,GPRE,13.760000228881836,13.760000228881836,13.819999694824219,13.760000228881836,13.819999694824219,32342.0
2024-10-31 10:49:00+00:00,HWKN,111.19000244140625,111.19000244140625,111.19000244140625,110.62999725341797,110.62999725341797,1417.0
2024-10-31 10:49:00+00:00,MEOH,39.0099983215332,39.0099983215332,39.0099983215332,39.0099983215332,39.0099983215332,567.0
2024-10-31 10:49:00+00:00,MERC,6.449999809265137,6.449999809265137,6.449999809265137,6.449999809265137,6.449999809265137,471.0
2024-10-31 10:49:00+00:00,METC,9.920000076293945,9.920000076293945,9.920000076293945,9.90999984741211,9.920000076293945,963.0
2024-10-31 10:49:00+00:00,PAAS,23.02199935913086,23.02199935913086,23.024999618530273,22.9950008392334,23.014999389648438,5187.0
2024-10-31 10:49:00+00:00,PLL,12.8149995803833,12.8149995803833,12.8149995803833,12.78689956665039,12.8100004196167,1611.0
2024-10-31 10:49:00+00:00,SSRM,6.099999904632568,6.099999904632568,6.099999904632568,6.085000038146973,6.090000152587891,8321.0
2024-10-31 10:49:00+00:00,STLD,131.39500427246094,131.39500427246094,131.39500427246094,131.39500427246094,131.39500427246094,240.0
2024-10-31 10:49:00+00:00,UFPI,121.01000213623047,121.01000213623047,121.01000213623047,121.01000213623047,121.01000213623047,1923.0
2024-10-31 10:49:00+00:00,USAU,6.005000114440918,6.005000114440918,6.010000228881836,6.005000114440918,6.010000228881836,1217.0
2024-10-31 10:50:00+00:00,ASTL,10.414999961853027,10.414999961853027,10.414999961853027,10.414999961853027,10.414999961853027,670.0
2024-10-31 10:50:00+00:00,CENX,17.559999465942383,17.559999465942383,17.559999465942383,17.559999465942383,17.559999465942383,295.0
2024-10-31 10:50:00+00:00,CNEY,0.5023999810218811,0.5023999810218811,0.5023999810218811,0.5023999810218811,0.5023999810218811,200.0
2024-10-31 10:50:00+00:00,CRKN,0.8862000107765198,0.8862000107765198,0.8862000107765198,0.8862000107765198,0.8862000107765198,4078.0
2024-10-31 10:50:00+00:00,GEVO,2.390000104904175,2.390000104904175,2.390000104904175,2.380000114440918,2.380000114440918,1948.0
2024-10-31 10:50:00+00:00,GPRE,13.760000228881836,13.760000228881836,13.779999732971191,13.760000228881836,13.770000457763672,2192.0
2024-10-31 10:50:00+00:00,GURE,0.6200000047683716,0.6200000047683716,0.6200000047683716,0.6200000047683716,0.6200000047683716,292.0
2024-10-31 10:50:00+00:00,HDSN,7.534999847412109,7.534999847412109,7.539999961853027,7.534999847412109,7.539999961853027,3262.0
2024-10-31 10:50:00+00:00,HYMC,2.369999885559082,2.369999885559082,2.369999885559082,2.369999885559082,2.369999885559082,500.0
2024-10-31 10:50:00+00:00,IONR,7.96999979019165,7.96999979019165,7.96999979019165,7.96999979019165,7.96999979019165,200.0
2024-10-31 10:50:00+00:00,LGO,2.369999885559082,2.369999885559082,2.369999885559082,2.369999885559082,2.369999885559082,820.0
2024-10-31 10:50:00+00:00,MERC,6.440000057220459,6.440000057220459,6.440000057220459,6.440000057220459,6.440000057220459,176.0
2024-10-31 10:50:00+00:00,PAAS,23.014999389648438,23.014999389648438,23.020000457763672,23.0,23.020000457763672,4646.0
2024-10-31 10:50:00+00:00,PLL,12.829999923706055,12.829999923706055,12.860099792480469,12.789999961853027,12.789999961853027,391.0
2024-10-31 10:50:00+00:00,PPTA,9.904999732971191,9.904999732971191,9.904999732971191,9.904999732971191,9.904999732971191,1702.0
2024-10-31 10:50:00+00:00,RGLD,146.61500549316406,146.61500549316406,146.61500549316406,146.47000122070312,146.4949951171875,4489.0
2024-10-31 10:50:00+00:00,SSRM,6.099999904632568,6.099999904632568,6.099999904632568,6.099999904632568,6.099999904632568,293.0
2024-10-31 10:50:00+00:00,STLD,131.39500427246094,131.39500427246094,131.39500427246094,131.39500427246094,131.39500427246094,586.0
2024-10-31 10:50:00+00:00,TMC,0.9699000120162964,0.9699000120162964,0.9746999740600586,0.9697999954223633,0.9699000120162964,13767.0
2024-10-31 10:50:00+00:00,USAP,43.88629913330078,43.88629913330078,43.88629913330078,43.88629913330078,43.88629913330078,251.0
2024-10-31 10:51:00+00:00,ALTO,1.7549999952316284,1.7549999952316284,1.7594000101089478,1.7549999952316284,1.7594000101089478,2654.0
2024-10-31 10:51:00+00:00,CENX,17.5,17.5,17.520000457763672,17.5,17.520000457763672,793.0
2024-10-31 10:51:00+00:00,CRKN,0.8899000287055969,0.8899000287055969,0.8899000287055969,0.8899000287055969,0.8899000287055969,0.0
2024-10-31 10:51:00+00:00,GEVO,2.384999990463257,2.384999990463257,2.384999990463257,2.380000114440918,2.384999990463257,12521.0
2024-10-31 10:51:00+00:00,GPRE,13.829999923706055,13.829999923706055,13.829999923706055,13.8100004196167,13.829999923706055,1074.0
2024-10-31 10:51:00+00:00,GSM,4.159999847412109,4.159999847412109,4.159999847412109,4.159999847412109,4.159999847412109,245.0
2024-10-31 10:51:00+00:00,HYMC,2.3698999881744385,2.3698999881744385,2.3698999881744385,2.3615000247955322,2.3615000247955322,351.0
2024-10-31 10:51:00+00:00,LITM,0.36489999294281006,0.36489999294281006,0.36489999294281006,0.36489999294281006,0.36489999294281006,221.0
2024-10-31 10:51:00+00:00,LWLG,3.1809000968933105,3.1809000968933105,3.184999942779541,3.1809000968933105,3.184999942779541,921.0
2024-10-31 10:51:00+00:00,MERC,6.449999809265137,6.449999809265137,6.449999809265137,6.449999809265137,6.449999809265137,116.0
2024-10-31 10:51:00+00:00,PAAS,23.0049991607666,23.0049991607666,23.020000457763672,22.980100631713867,23.019100189208984,9098.0
2024-10-31 10:51:00+00:00,PLL,12.835000038146973,12.835000038146973,12.850000381469727,12.835000038146973,12.850000381469727,4115.0
2024-10-31 10:51:00+00:00,RGLD,146.3699951171875,146.3699951171875,146.3699951171875,146.3699951171875,146.3699951171875,2134.0
2024-10-31 10:51:00+00:00,RKDA,4.5,4.5,4.5,4.425000190734863,4.425000190734863,1234.0
2024-10-31 10:51:00+00:00,SSRM,6.090000152587891,6.090000152587891,6.09499979019165,6.081399917602539,6.09499979019165,10288.0
2024-10-31 10:51:00+00:00,STLD,131.39500427246094,131.39500427246094,131.39500427246094,131.39500427246094,131.39500427246094,228.0
2024-10-31 10:51:00+00:00,USAP,43.88999938964844,43.88999938964844,43.88999938964844,43.880001068115234,43.880001068115234,1083.0
2024-10-31 10:51:00+00:00,USLM,110.01000213623047,110.01000213623047,110.01000213623047,110.01000213623047,110.01000213623047,1390.0
2024-10-31 10:52:00+00:00,ALTO,1.7549999952316284,1.7549999952316284,1.7549999952316284,1.7549999952316284,1.7549999952316284,394.0
2024-10-31 10:52:00+00:00,CENX,17.479999542236328,17.479999542236328,17.479999542236328,17.479999542236328,17.479999542236328,335.0
2024-10-31 10:52:00+00:00,CNEY,0.5023999810218811,0.5023999810218811,0.5023999810218811,0.5023999810218811,0.5023999810218811,48.0
2024-10-31 10:52:00+00:00,FEAM,0.4620000123977661,0.4620000123977661,0.4620000123977661,0.4620000123977661,0.4620000123977661,376.0
2024-10-31 10:52:00+00:00,GEVO,2.387500047683716,2.387500047683716,2.387500047683716,2.384999990463257,2.384999990463257,2376.0
2024-10-31 10:52:00+00:00,GPRE,13.824999809265137,13.824999809265137,13.850000381469727,13.824999809265137,13.829999923706055,919.0
2024-10-31 10:52:00+00:00,GSM,4.159999847412109,4.159999847412109,4.161200046539307,4.159999847412109,4.161200046539307,918.0
2024-10-31 10:52:00+00:00,HDSN,7.53000020980835,7.53000020980835,7.53000020980835,7.53000020980835,7.53000020980835,1670.0
2024-10-31 10:52:00+00:00,HWKN,110.46499633789062,110.46499633789062,110.46499633789062,110.04000091552734,110.08999633789062,2844.0
2024-10-31 10:52:00+00:00,HYMC,2.359999895095825,2.359999895095825,2.359999895095825,2.359999895095825,2.359999895095825,1299.0
2024-10-31 10:52:00+00:00,IONR,7.800099849700928,7.800099849700928,7.800099849700928,7.800099849700928,7.800099849700928,500.0
2024-10-31 10:52:00+00:00,KALU,74.7249984741211,74.7249984741211,74.7249984741211,74.7249984741211,74.7249984741211,788.0
2024-10-31 10:52:00+00:00,LGO,2.359999895095825,2.359999895095825,2.3620998859405518,2.359999895095825,2.3610000610351562,351.0
2024-10-31 10:52:00+00:00,MEOH,38.95000076293945,38.95000076293945,38.959999084472656,38.95000076293945,38.959999084472656,322.0
2024-10-31 10:52:00+00:00,MERC,6.440000057220459,6.440000057220459,6.440000057220459,6.440000057220459,6.440000057220459,858.0
2024-10-31 10:52:00+00:00,METC,9.930000305175781,9.930000305175781,9.930000305175781,9.930000305175781,9.930000305175781,281.0
2024-10-31 10:52:00+00:00,ORGN,1.3849999904632568,1.3849999904632568,1.3899999856948853,1.3849999904632568,1.3899999856948853,1004.0
2024-10-31 10:52:00+00:00,PAAS,22.959999084472656,22.959999084472656,23.0,22.940000534057617,23.0,10589.0
2024-10-31 10:52:00+00:00,PPTA,9.899999618530273,9.899999618530273,9.899999618530273,9.899999618530273,9.899999618530273,1013.0
2024-10-31 10:52:00+00:00,SGML,14.0600004196167,14.0600004196167,14.0600004196167,14.0600004196167,14.0600004196167,397.0
2024-10-31 10:52:00+00:00,SSRM,6.090000152587891,6.090000152587891,6.090000152587891,6.079999923706055,6.090000152587891,1731.0
2024-10-31 10:52:00+00:00,STLD,131.25999450683594,131.25999450683594,131.3300018310547,131.25999450683594,131.3000030517578,2393.0
2024-10-31 10:52:00+00:00,TMC,0.9746999740600586,0.9746999740600586,0.9746999740600586,0.9746999740600586,0.9746999740600586,4937.0
2024-10-31 10:53:00+00:00,AREC,1.0099999904632568,1.0099999904632568,1.0099999904632568,1.0099999904632568,1.0099999904632568,1244.0
2024-10-31 10:53:00+00:00,CENX,17.514999389648438,17.514999389648438,17.514999389648438,17.4950008392334,17.4950008392334,770.0
2024-10-31 10:53:00+00:00,CRKN,0.8877000212669373,0.8877000212669373,0.8877000212669373,0.8877000212669373,0.8877000212669373,1442.0
2024-10-31 10:53:00+00:00,GEVO,2.384999990463257,2.384999990463257,2.384999990463257,2.380000114440918,2.384999990463257,9449.0
2024-10-31 10:53:00+00:00,GPRE,13.8100004196167,13.8100004196167,13.84000015258789,13.8100004196167,13.84000015258789,2283.0
2024-10-31 10:53:00+00:00,GSM,4.164999961853027,4.164999961853027,4.164999961853027,4.164999961853027,4.164999961853027,121.0
2024-10-31 10:53:00+00:00,KALU,74.99500274658203,74.99500274658203,74.99500274658203,74.99500274658203,74.99500274658203,236.0
2024-10-31 10:53:00+00:00,MEOH,38.95500183105469,38.95500183105469,38.95500183105469,38.95500183105469,38.95500183105469,695.0
2024-10-31 10:53:00+00:00,METC,9.929800033569336,9.929800033569336,9.929800033569336,9.929800033569336,9.929800033569336,1015.0
2024-10-31 10:53:00+00:00,PAAS,22.954999923706055,22.954999923706055,22.969999313354492,22.950000762939453,22.959999084472656,8036.0
2024-10-31 10:53:00+00:00,PLL,12.885000228881836,12.885000228881836,12.885000228881836,12.885000228881836,12.885000228881836,897.0
2024-10-31 10:53:00+00:00,RGLD,146.33999633789062,146.33999633789062,146.33999633789062,146.33999633789062,146.33999633789062,421.0
2024-10-31 10:53:00+00:00,SSRM,6.079999923706055,6.079999923706055,6.085000038146973,6.074999809265137,6.079999923706055,5041.0
2024-10-31 10:53:00+00:00,STLD,131.24000549316406,131.24000549316406,131.3699951171875,131.24000549316406,131.25999450683594,2998.0
2024-10-31 10:53:00+00:00,TMC,0.9746999740600586,0.9746999740600586,0.9746999740600586,0.9746999740600586,0.9746999740600586,2381.0
2024-10-31 10:53:00+00:00,UFPI,120.87000274658203,120.87000274658203,120.87000274658203,120.87000274658203,120.87000274658203,1816.0
2024-10-31 10:54:00+00:00,ALTO,1.75,1.75,1.75,1.75,1.75,799.0
2024-10-31 10:54:00+00:00,AREC,1.0049999952316284,1.0049999952316284,1.0099999904632568,1.0,1.0,16261.0
2024-10-31 10:54:00+00:00,ASTL,10.380000114440918,10.380000114440918,10.390000343322754,10.380000114440918,10.390000343322754,352.0
2024-10-31 10:54:00+00:00,CENX,17.489999771118164,17.489999771118164,17.489999771118164,17.489999771118164,17.489999771118164,630.0
2024-10-31 10:54:00+00:00,GEVO,2.3864998817443848,2.3864998817443848,2.3864998817443848,2.384999990463257,2.384999990463257,5509.0
2024-10-31 10:54:00+00:00,GPRE,13.819999694824219,13.819999694824219,13.84000015258789,13.819999694824219,13.820699691772461,1071.0
2024-10-31 10:54:00+00:00,GSM,4.164999961853027,4.164999961853027,4.164999961853027,4.159999847412109,4.159999847412109,513.0
2024-10-31 10:54:00+00:00,HYMC,2.359999895095825,2.359999895095825,2.359999895095825,2.359999895095825,2.359999895095825,53.0
2024-10-31 10:54:00+00:00,KALU,75.2300033569336,75.2300033569336,75.2300033569336,75.02999877929688,75.02999877929688,1091.0
2024-10-31 10:54:00+00:00,LWLG,3.1812000274658203,3.1812000274658203,3.1812000274658203,3.1812000274658203,3.1812000274658203,627.0
2024-10-31 10:54:00+00:00,PAAS,22.959999084472656,22.959999084472656,23.0,22.95789909362793,22.969999313354492,10533.0
2024-10-31 10:54:00+00:00,PLL,12.880000114440918,12.880000114440918,12.880000114440918,12.880000114440918,12.880000114440918,271.0
2024-10-31 10:54:00+00:00,PPTA,9.899999618530273,9.899999618530273,9.899999618530273,9.885000228881836,9.885000228881836,857.0
2024-10-31 10:54:00+00:00,RGLD,146.1999969482422,146.1999969482422,146.39999389648438,146.1999969482422,146.39999389648438,4805.0
2024-10-31 10:54:00+00:00,SSRM,6.090000152587891,6.090000152587891,6.090000152587891,6.090000152587891,6.090000152587891,1258.0
2024-10-31 10:54:00+00:00,STLD,131.5050048828125,131.5050048828125,131.52499389648438,131.3300018310547,131.36000061035156,3298.0
2024-10-31 10:54:00+00:00,TMC,0.9706000089645386,0.9706000089645386,0.9706000089645386,0.9706000089645386,0.9706000089645386,1060.0
2024-10-31 10:54:00+00:00,UFPI,121.06500244140625,121.06500244140625,121.06500244140625,120.94999694824219,120.94999694824219,3311.0
2024-10-31 10:55:00+00:00,AREC,1.0,1.0,1.000100016593933,1.0,1.000100016593933,1278.0
2024-10-31 10:55:00+00:00,ASTL,10.390000343322754,10.390000343322754,10.390000343322754,10.359999656677246,10.369999885559082,951.0
2024-10-31 10:55:00+00:00,CENX,17.5,17.5,17.5,17.5,17.5,1101.0
2024-10-31 10:55:00+00:00,CNEY,0.5001999735832214,0.5001999735832214,0.5001999735832214,0.49810001254081726,0.49810001254081726,900.0
2024-10-31 10:55:00+00:00,GEVO,2.3949999809265137,2.3949999809265137,2.4149999618530273,2.3801000118255615,2.387399911880493,270515.0
2024-10-31 10:55:00+00:00,GPRE,13.819999694824219,13.819999694824219,13.829999923706055,13.819999694824219,13.819999694824219,2492.0
2024-10-31 10:55:00+00:00,GSM,4.159999847412109,4.159999847412109,4.164999961853027,4.159999847412109,4.164999961853027,1313.0
2024-10-31 10:55:00+00:00,HWKN,110.41999816894531,110.41999816894531,110.41999816894531,110.41999816894531,110.41999816894531,819.0
2024-10-31 10:55:00+00:00,HYMC,2.3698999881744385,2.3698999881744385,2.3698999881744385,2.365000009536743,2.365000009536743,1225.0
2024-10-31 10:55:00+00:00,KALU,75.31999969482422,75.31999969482422,75.33000183105469,75.25,75.25,1247.0
2024-10-31 10:55:00+00:00,LWLG,3.190000057220459,3.190000057220459,3.190000057220459,3.190000057220459,3.190000057220459,407.0
2024-10-31 10:55:00+00:00,MERC,6.414999961853027,6.414999961853027,6.414999961853027,6.414999961853027,6.414999961853027,1446.0
2024-10-31 10:55:00+00:00,METC,9.90999984741211,9.90999984741211,9.90999984741211,9.90999984741211,9.90999984741211,1786.0
2024-10-31 10:55:00+00:00,ORGN,1.3849999904632568,1.3849999904632568,1.3874000310897827,1.3849999904632568,1.3874000310897827,5141.0
2024-10-31 10:55:00+00:00,PAAS,22.969999313354492,22.969999313354492,23.0,22.959999084472656,22.969999313354492,8728.0
2024-10-31 10:55:00+00:00,PLL,12.90999984741211,12.90999984741211,12.9399995803833,12.88659954071045,12.88659954071045,741.0
2024-10-31 10:55:00+00:00,PPTA,9.90999984741211,9.90999984741211,9.90999984741211,9.90999984741211,9.90999984741211,473.0
2024-10-31 10:55:00+00:00,SSRM,6.09499979019165,6.09499979019165,6.09499979019165,6.090000152587891,6.090000152587891,5852.0
2024-10-31 10:55:00+00:00,STLD,131.60000610351562,131.60000610351562,131.60000610351562,131.4499969482422,131.4499969482422,1842.0
2024-10-31 10:55:00+00:00,TMC,0.9746999740600586,0.9746999740600586,0.9746999740600586,0.9746999740600586,0.9746999740600586,909.0
2024-10-31 10:56:00+00:00,ASTL,10.369999885559082,10.369999885559082,10.380000114440918,10.369999885559082,10.380000114440918,670.0
2024-10-31 10:56:00+00:00,BIOX,6.753600120544434,6.753600120544434,6.753600120544434,6.753600120544434,6.753600120544434,163.0
2024-10-31 10:56:00+00:00,CENX,17.5,17.5,17.510000228881836,17.5,17.510000228881836,3199.0
2024-10-31 10:56:00+00:00,CNEY,0.5001999735832214,0.5001999735832214,0.5001999735832214,0.5001999735832214,0.5001999735832214,400.0
2024-10-31 10:56:00+00:00,GEVO,2.4200000762939453,2.4200000762939453,2.424999952316284,2.4000000953674316,2.4000000953674316,26126.0
2024-10-31 10:56:00+00:00,GPRE,13.800000190734863,13.800000190734863,13.819999694824219,13.78499984741211,13.819999694824219,4979.0
2024-10-31 10:56:00+00:00,GSM,4.164999961853027,4.164999961853027,4.164999961853027,4.164999961853027,4.164999961853027,120.0
2024-10-31 10:56:00+00:00,HDSN,7.525199890136719,7.525199890136719,7.525199890136719,7.525000095367432,7.525000095367432,1214.0
2024-10-31 10:56:00+00:00,LGO,2.359999895095825,2.359999895095825,2.359999895095825,2.359999895095825,2.359999895095825,1600.0
2024-10-31 10:56:00+00:00,LWLG,3.194999933242798,3.194999933242798,3.194999933242798,3.194999933242798,3.194999933242798,824.0
2024-10-31 10:56:00+00:00,MEOH,39.01499938964844,39.01499938964844,39.01499938964844,38.95000076293945,38.95000076293945,2055.0
2024-10-31 10:56:00+00:00,METC,9.899999618530273,9.899999618530273,9.90999984741211,9.899999618530273,9.90999984741211,497.0
2024-10-31 10:56:00+00:00,ORGN,1.3899999856948853,1.3899999856948853,1.3899999856948853,1.3849999904632568,1.3849999904632568,848.0
2024-10-31 10:56:00+00:00,PAAS,22.9950008392334,22.9950008392334,23.014999389648438,22.969999313354492,22.969999313354492,24302.0
2024-10-31 10:56:00+00:00,PLL,12.949999809265137,12.949999809265137,13.0,12.90999984741211,12.90999984741211,2266.0
2024-10-31 10:56:00+00:00,RGLD,146.0500030517578,146.0500030517578,146.1300048828125,146.0500030517578,146.08999633789062,2509.0
2024-10-31 10:56:00+00:00,SGML,14.0600004196167,14.0600004196167,14.0600004196167,14.031999588012695,14.031999588012695,608.0
2024-10-31 10:56:00+00:00,SSRM,6.099699974060059,6.099699974060059,6.099999904632568,6.094900131225586,6.094900131225586,4005.0
2024-10-31 10:56:00+00:00,STLD,131.5500030517578,131.5500030517578,131.6300048828125,131.5500030517578,131.6300048828125,3514.0
2024-10-31 10:56:00+00:00,UFPI,121.32499694824219,121.32499694824219,121.32499694824219,121.16000366210938,121.16999816894531,4352.0
2024-10-31 10:56:00+00:00,USAU,6.010000228881836,6.010000228881836,6.010000228881836,6.010000228881836,6.010000228881836,1725.0
2024-10-31 10:57:00+00:00,ASTL,10.364999771118164,10.364999771118164,10.364999771118164,10.359999656677246,10.359999656677246,1125.0
2024-10-31 10:57:00+00:00,CENX,17.579999923706055,17.579999923706055,17.579999923706055,17.489999771118164,17.489999771118164,5169.0
2024-10-31 10:57:00+00:00,CNEY,0.5,0.5,0.5,0.5,0.5,100.0
2024-10-31 10:57:00+00:00,GEVO,2.4200000762939453,2.4200000762939453,2.4200000762939453,2.4103000164031982,2.4200000762939453,8277.0
2024-10-31 10:57:00+00:00,GSM,4.164999961853027,4.164999961853027,4.164999961853027,4.164999961853027,4.164999961853027,1182.0
2024-10-31 10:57:00+00:00,HDSN,7.525000095367432,7.525000095367432,7.525000095367432,7.519999980926514,7.519999980926514,1990.0
2024-10-31 10:57:00+00:00,HYMC,2.3731000423431396,2.3731000423431396,2.3731000423431396,2.3731000423431396,2.3731000423431396,545.0
2024-10-31 10:57:00+00:00,KALU,75.25,75.25,75.25,75.25,75.25,110.0
2024-10-31 10:57:00+00:00,LGO,2.4000000953674316,2.4000000953674316,2.4000000953674316,2.4000000953674316,2.4000000953674316,0.0
2024-10-31 10:57:00+00:00,LITM,0.36000001430511475,0.36000001430511475,0.36000001430511475,0.36000001430511475,0.36000001430511475,220.0
2024-10-31 10:57:00+00:00,METC,9.890000343322754,9.890000343322754,9.899999618530273,9.890000343322754,9.899999618530273,449.0
2024-10-31 10:57:00+00:00,PAAS,22.979900360107422,22.979900360107422,22.989999771118164,22.950000762939453,22.989999771118164,32003.0
2024-10-31 10:57:00+00:00,PLL,12.932499885559082,12.932499885559082,12.932499885559082,12.932499885559082,12.932499885559082,779.0
2024-10-31 10:57:00+00:00,PPTA,9.90999984741211,9.90999984741211,9.90999984741211,9.90999984741211,9.90999984741211,565.0
2024-10-31 10:57:00+00:00,SSRM,6.099999904632568,6.099999904632568,6.099999904632568,6.094900131225586,6.094900131225586,3741.0
2024-10-31 10:57:00+00:00,STLD,131.47000122070312,131.47000122070312,131.47000122070312,131.47000122070312,131.47000122070312,1976.0
2024-10-31 10:57:00+00:00,TMC,0.9724000096321106,0.9724000096321106,0.9724000096321106,0.9724000096321106,0.9724000096321106,240.0
2024-10-31 10:57:00+00:00,UFPI,121.32499694824219,121.32499694824219,121.33000183105469,121.2300033569336,121.33000183105469,967.0
2024-10-31 10:57:00+00:00,USAP,43.86000061035156,43.86000061035156,43.86000061035156,43.86000061035156,43.86000061035156,1416.0
2024-10-31 10:57:00+00:00,USAU,6.018799781799316,6.018799781799316,6.018799781799316,6.018799781799316,6.018799781799316,700.0
2024-10-31 10:58:00+00:00,BCPC,167.61000061035156,167.61000061035156,167.61000061035156,167.61000061035156,167.61000061035156,722.0
2024-10-31 10:58:00+00:00,CENX,17.55500030517578,17.55500030517578,17.590999603271484,17.55500030517578,17.590999603271484,249.0
2024-10-31 10:58:00+00:00,CRKN,0.8877000212669373,0.8877000212669373,0.88919997215271,0.8877000212669373,0.88919997215271,900.0
2024-10-31 10:58:00+00:00,GEVO,2.4100000858306885,2.4100000858306885,2.4149999618530273,2.4100000858306885,2.4149999618530273,5152.0
2024-10-31 10:58:00+00:00,GPRE,13.760000228881836,13.760000228881836,13.800000190734863,13.760000228881836,13.800000190734863,2712.0
2024-10-31 10:58:00+00:00,HYMC,2.369999885559082,2.369999885559082,2.369999885559082,2.369999885559082,2.369999885559082,288.0
2024-10-31 10:58:00+00:00,HYMCW,0.010099999606609344,0.010099999606609344,0.010099999606609344,0.010099999606609344,0.010099999606609344,0.0
2024-10-31 10:58:00+00:00,IONR,8.139900207519531,8.139900207519531,8.139900207519531,8.139900207519531,8.139900207519531,565.0
2024-10-31 10:58:00+00:00,KALU,75.30500030517578,75.30500030517578,75.30500030517578,75.30500030517578,75.30500030517578,201.0
2024-10-31 10:58:00+00:00,METC,9.875,9.875,9.875,9.869999885559082,9.869999885559082,1367.0
2024-10-31 10:58:00+00:00,PAAS,22.934999465942383,22.934999465942383,22.989999771118164,22.93000030517578,22.989999771118164,8654.0
2024-10-31 10:58:00+00:00,PLL,12.910499572753906,12.910499572753906,12.910499572753906,12.910499572753906,12.910499572753906,2734.0
2024-10-31 10:58:00+00:00,RGLD,145.51199340820312,145.51199340820312,145.75,145.51199340820312,145.73919677734375,4946.0
2024-10-31 10:58:00+00:00,SGML,14.055000305175781,14.055000305175781,14.055000305175781,14.055000305175781,14.055000305175781,373.0
2024-10-31 10:58:00+00:00,SSRM,6.090000152587891,6.090000152587891,6.099999904632568,6.085000038146973,6.099999904632568,3863.0
2024-10-31 10:58:00+00:00,TMC,0.9711999893188477,0.9711999893188477,0.9711999893188477,0.9711999893188477,0.9711999893188477,100.0
2024-10-31 10:58:00+00:00,UFPI,121.36000061035156,121.36000061035156,121.36000061035156,121.36000061035156,121.36000061035156,583.0
2024-10-31 10:58:00+00:00,USAP,43.88999938964844,43.88999938964844,43.88999938964844,43.85499954223633,43.85499954223633,652.0
2024-10-31 10:58:00+00:00,USAU,6.039999961853027,6.039999961853027,6.039999961853027,6.019999980926514,6.019999980926514,1813.0
2024-10-31 10:59:00+00:00,ASTL,10.399999618530273,10.399999618530273,10.399999618530273,10.380000114440918,10.380000114440918,710.0
2024-10-31 10:59:00+00:00,CENX,17.545000076293945,17.545000076293945,17.545000076293945,17.545000076293945,17.545000076293945,1851.0
2024-10-31 10:59:00+00:00,CNEY,0.4952999949455261,0.4952999949455261,0.49799999594688416,0.4952999949455261,0.49799999594688416,2250.0
2024-10-31 10:59:00+00:00,CRKN,0.8866000175476074,0.8866000175476074,0.8866000175476074,0.8866000175476074,0.8866000175476074,556.0
2024-10-31 10:59:00+00:00,GEVO,2.4100000858306885,2.4100000858306885,2.4200000762939453,2.4100000858306885,2.4184000492095947,12069.0
2024-10-31 10:59:00+00:00,GPRE,13.779999732971191,13.779999732971191,13.779999732971191,13.75,13.755000114440918,26890.0
2024-10-31 10:59:00+00:00,GSM,4.164999961853027,4.164999961853027,4.164999961853027,4.164999961853027,4.164999961853027,1487.0
2024-10-31 10:59:00+00:00,HDSN,7.534999847412109,7.534999847412109,7.539999961853027,7.5208001136779785,7.5208001136779785,5061.0
2024-10-31 10:59:00+00:00,HYMC,2.3701000213623047,2.3701000213623047,2.380000114440918,2.3701000213623047,2.380000114440918,2438.0
2024-10-31 10:59:00+00:00,MEOH,38.97999954223633,38.97999954223633,38.97999954223633,38.97999954223633,38.97999954223633,641.0
2024-10-31 10:59:00+00:00,PAAS,22.920000076293945,22.920000076293945,22.940000534057617,22.90999984741211,22.93000030517578,9206.0
2024-10-31 10:59:00+00:00,PLL,12.930000305175781,12.930000305175781,12.930000305175781,12.930000305175781,12.930000305175781,1008.0
2024-10-31 10:59:00+00:00,RETO,1.1101000308990479,1.1101000308990479,1.1101000308990479,1.1101000308990479,1.1101000308990479,720.0
2024-10-31 10:59:00+00:00,RGLD,145.77999877929688,145.77999877929688,145.89999389648438,145.60000610351562,145.60000610351562,2183.0
2024-10-31 10:59:00+00:00,SSRM,6.090000152587891,6.090000152587891,6.090000152587891,6.080900192260742,6.080900192260742,4240.0
2024-10-31 10:59:00+00:00,STLD,131.63999938964844,131.63999938964844,131.63999938964844,131.4322052001953,131.4322052001953,680.0
2024-10-31 10:59:00+00:00,UFPI,121.46499633789062,121.46499633789062,121.46499633789062,121.46499633789062,121.46499633789062,387.0
2024-10-31 10:59:00+00:00,USAP,43.8650016784668,43.8650016784668,43.8650016784668,43.8650016784668,43.8650016784668,1237.0
2024-10-31 11:00:00+00:00,CENX,17.545000076293945,17.545000076293945,17.579999923706055,17.545000076293945,17.579999923706055,464.0
2024-10-31 11:00:00+00:00,CNEY,0.4999000132083893,0.4999000132083893,0.4999000132083893,0.4999000132083893,0.4999000132083893,670.0
2024-10-31 11:00:00+00:00,GEVO,2.4100000858306885,2.4100000858306885,2.4149999618530273,2.4100000858306885,2.4100000858306885,12950.0
2024-10-31 11:00:00+00:00,GPRE,13.76449966430664,13.76449966430664,13.76449966430664,13.75,13.760000228881836,1138.0
2024-10-31 11:00:00+00:00,GSM,4.160999774932861,4.160999774932861,4.160999774932861,4.160999774932861,4.160999774932861,988.0
2024-10-31 11:00:00+00:00,HDSN,7.53000020980835,7.53000020980835,7.53000020980835,7.53000020980835,7.53000020980835,0.0
2024-10-31 11:00:00+00:00,HYMC,2.380000114440918,2.380000114440918,2.380000114440918,2.380000114440918,2.380000114440918,0.0
2024-10-31 11:00:00+00:00,HYMCW,0.010099999606609344,0.010099999606609344,0.012000000104308128,0.010099999606609344,0.011099999770522118,3300.0
2024-10-31 11:00:00+00:00,IONR,7.829999923706055,7.829999923706055,7.974999904632568,7.820000171661377,7.974999904632568,399.0
2024-10-31 11:00:00+00:00,KALU,75.30500030517578,75.30500030517578,75.30500030517578,75.30500030517578,75.30500030517578,155.0
2024-10-31 11:00:00+00:00,LITM,0.3619000017642975,0.3619000017642975,0.3619000017642975,0.36000001430511475,0.36000001430511475,2980.0
2024-10-31 11:00:00+00:00,METC,9.890000343322754,9.890000343322754,9.890000343322754,9.880000114440918,9.880000114440918,1450.0
2024-10-31 11:00:00+00:00,PAAS,22.90999984741211,22.90999984741211,22.979999542236328,22.89929962158203,22.920000076293945,36812.0
2024-10-31 11:00:00+00:00,PLL,12.944999694824219,12.944999694824219,12.944999694824219,12.899999618530273,12.899999618530273,519.0
2024-10-31 11:00:00+00:00,PPTA,9.880000114440918,9.880000114440918,9.880000114440918,9.880000114440918,9.880000114440918,284.0
2024-10-31 11:00:00+00:00,RGLD,145.9550018310547,145.9550018310547,145.9550018310547,145.9550018310547,145.9550018310547,793.0
2024-10-31 11:00:00+00:00,SSRM,6.091000080108643,6.091000080108643,6.105000019073486,6.090000152587891,6.090000152587891,11712.0
2024-10-31 11:00:00+00:00,STLD,131.66000366210938,131.66000366210938,131.66000366210938,131.57000732421875,131.57000732421875,1624.0
2024-10-31 11:00:00+00:00,TMC,0.9702000021934509,0.9702000021934509,0.9739999771118164,0.9702000021934509,0.9702000021934509,3578.0
2024-10-31 11:00:00+00:00,UFPI,121.51499938964844,121.51499938964844,121.51499938964844,121.5,121.5,954.0
2024-10-31 11:01:00+00:00,CENX,17.5,17.5,17.559999465942383,17.5,17.510000228881836,1855.0
2024-10-31 11:01:00+00:00,CNEY,0.4999000132083893,0.4999000132083893,0.4999000132083893,0.4999000132083893,0.4999000132083893,2200.0
2024-10-31 11:01:00+00:00,GEVO,2.4149999618530273,2.4149999618530273,2.4149999618530273,2.4100000858306885,2.4149999618530273,2191.0
2024-10-31 11:01:00+00:00,GPRE,13.75,13.75,13.75,13.75,13.75,707.0
2024-10-31 11:01:00+00:00,GSM,4.159999847412109,4.159999847412109,4.159999847412109,4.159999847412109,4.159999847412109,1000.0
2024-10-31 11:01:00+00:00,HDSN,7.519999980926514,7.519999980926514,7.519999980926514,7.519999980926514,7.519999980926514,844.0
2024-10-31 11:01:00+00:00,KALU,75.54000091552734,75.54000091552734,75.54000091552734,75.30500030517578,75.30500030517578,793.0
2024-10-31 11:01:00+00:00,LWLG,3.184999942779541,3.184999942779541,3.184999942779541,3.184999942779541,3.184999942779541,2704.0
2024-10-31 11:01:00+00:00,MERC,6.409999847412109,6.409999847412109,6.409999847412109,6.409999847412109,6.409999847412109,466.0
2024-10-31 11:01:00+00:00,METC,9.890000343322754,9.890000343322754,9.890000343322754,9.885000228881836,9.885000228881836,1018.0
2024-10-31 11:01:00+00:00,ORGN,1.3849999904632568,1.3849999904632568,1.3849999904632568,1.3849999904632568,1.3849999904632568,147.0
2024-10-31 11:01:00+00:00,PAAS,22.899999618530273,22.899999618530273,22.920000076293945,22.895000457763672,22.920000076293945,8968.0
2024-10-31 11:01:00+00:00,PLL,12.880000114440918,12.880000114440918,12.90999984741211,12.880000114440918,12.90999984741211,1127.0
2024-10-31 11:01:00+00:00,RGLD,145.75,145.75,145.92999267578125,145.75,145.92999267578125,438.0
2024-10-31 11:01:00+00:00,SGML,14.079999923706055,14.079999923706055,14.079999923706055,14.0600004196167,14.0600004196167,1184.0
2024-10-31 11:01:00+00:00,SSRM,6.084799766540527,6.084799766540527,6.09499979019165,6.084799766540527,6.090000152587891,3681.0
2024-10-31 11:01:00+00:00,STLD,131.5,131.5,131.60000610351562,131.5,131.50999450683594,920.0
2024-10-31 11:01:00+00:00,TMC,0.9682999849319458,0.9682999849319458,0.9682999849319458,0.9682999849319458,0.9682999849319458,3221.0
2024-10-31 11:01:00+00:00,UFPI,121.43499755859375,121.43499755859375,121.47000122070312,121.3499984741211,121.3499984741211,1253.0
2024-10-31 11:02:00+00:00,BIOX,6.769999980926514,6.769999980926514,6.769999980926514,6.769999980926514,6.769999980926514,213.0
2024-10-31 11:02:00+00:00,CNEY,0.4999000132083893,0.4999000132083893,0.5,0.4968999922275543,0.4999000132083893,1600.0
2024-10-31 11:02:00+00:00,GEVO,2.4147000312805176,2.4147000312805176,2.4149999618530273,2.4100000858306885,2.4149999618530273,1889.0
2024-10-31 11:02:00+00:00,GPRE,13.770000457763672,13.770000457763672,13.776000022888184,13.739999771118164,13.739999771118164,2953.0
2024-10-31 11:02:00+00:00,GSM,4.150100231170654,4.150100231170654,4.159999847412109,4.150000095367432,4.159999847412109,1036.0
2024-10-31 11:02:00+00:00,HDSN,7.514999866485596,7.514999866485596,7.514999866485596,7.514999866485596,7.514999866485596,2170.0
2024-10-31 11:02:00+00:00,HYMC,2.380000114440918,2.380000114440918,2.380000114440918,2.380000114440918,2.380000114440918,1042.0
2024-10-31 11:02:00+00:00,LGO,2.380000114440918,2.380000114440918,2.380000114440918,2.380000114440918,2.380000114440918,2000.0
2024-10-31 11:02:00+00:00,LITM,0.3619999885559082,0.3619999885559082,0.3619999885559082,0.3601999878883362,0.3601999878883362,1920.0
2024-10-31 11:02:00+00:00,LWLG,3.184999942779541,3.184999942779541,3.184999942779541,3.184999942779541,3.184999942779541,200.0
2024-10-31 11:02:00+00:00,MERC,6.409999847412109,6.409999847412109,6.409999847412109,6.409999847412109,6.409999847412109,169.0
2024-10-31 11:02:00+00:00,METC,9.880000114440918,9.880000114440918,9.890000343322754,9.880000114440918,9.890000343322754,1437.0
2024-10-31 11:02:00+00:00,PAAS,22.90999984741211,22.90999984741211,22.915000915527344,22.899999618530273,22.90999984741211,14369.0
2024-10-31 11:02:00+00:00,PLL,12.949999809265137,12.949999809265137,12.949999809265137,12.949999809265137,12.949999809265137,282.0
2024-10-31 11:02:00+00:00,RGLD,145.75,145.75,145.75,145.75,145.75,659.0
2024-10-31 11:02:00+00:00,SGML,14.0600004196167,14.0600004196167,14.0600004196167,14.0600004196167,14.0600004196167,350.0
2024-10-31 11:02:00+00:00,SSRM,6.090000152587891,6.090000152587891,6.090000152587891,6.079999923706055,6.090000152587891,2667.0
2024-10-31 11:02:00+00:00,STLD,131.5449981689453,131.5449981689453,131.5449981689453,131.5449981689453,131.5449981689453,315.0
2024-10-31 11:02:00+00:00,UFPI,121.56999969482422,121.56999969482422,121.56999969482422,121.56999969482422,121.56999969482422,2853.0
2024-10-31 11:03:00+00:00,ASTL,10.390000343322754,10.390000343322754,10.390000343322754,10.390000343322754,10.390000343322754,421.0
2024-10-31 11:03:00+00:00,CENX,17.5049991607666,17.5049991607666,17.517000198364258,17.479999542236328,17.517000198364258,1495.0
2024-10-31 11:03:00+00:00,CNEY,0.49790000915527344,0.49790000915527344,0.5,0.49790000915527344,0.4984000027179718,1600.0
2024-10-31 11:03:00+00:00,CRKN,0.8877999782562256,0.8877999782562256,0.8877999782562256,0.8877999782562256,0.8877999782562256,303.0
2024-10-31 11:03:00+00:00,GEVO,2.4149999618530273,2.4149999618530273,2.4200000762939453,2.4149999618530273,2.4149999618530273,2454.0
2024-10-31 11:03:00+00:00,GPRE,13.779999732971191,13.779999732971191,13.779999732971191,13.779999732971191,13.779999732971191,1045.0
2024-10-31 11:03:00+00:00,GSM,4.15880012512207,4.15880012512207,4.15880012512207,4.150000095367432,4.150000095367432,595.0
2024-10-31 11:03:00+00:00,HWKN,110.55000305175781,110.55000305175781,110.55000305175781,110.55000305175781,110.55000305175781,678.0
2024-10-31 11:03:00+00:00,KALU,75.11000061035156,75.11000061035156,75.11000061035156,75.11000061035156,75.11000061035156,330.0
2024-10-31 11:03:00+00:00,LITM,0.3619999885559082,0.3619999885559082,0.3619999885559082,0.3619999885559082,0.3619999885559082,727.0
2024-10-31 11:03:00+00:00,LWLG,3.184999942779541,3.184999942779541,3.200000047683716,3.184999942779541,3.1898999214172363,2067.0
2024-10-31 11:03:00+00:00,METC,9.869999885559082,9.869999885559082,9.869999885559082,9.869999885559082,9.869999885559082,734.0
2024-10-31 11:03:00+00:00,ORGN,1.3799999952316284,1.3799999952316284,1.3799999952316284,1.3799999952316284,1.3799999952316284,17929.0
2024-10-31 11:03:00+00:00,PAAS,22.940000534057617,22.940000534057617,22.959999084472656,22.90999984741211,22.90999984741211,8742.0
2024-10-31 11:03:00+00:00,PLL,12.899999618530273,12.899999618530273,12.899999618530273,12.890000343322754,12.890000343322754,878.0
2024-10-31 11:03:00+00:00,PPTA,9.859999656677246,9.859999656677246,9.859999656677246,9.859999656677246,9.859999656677246,303.0
2024-10-31 11:03:00+00:00,RGLD,145.82000732421875,145.82000732421875,145.82000732421875,145.82000732421875,145.82000732421875,914.0
2024-10-31 11:03:00+00:00,SGML,13.975000381469727,13.975000381469727,14.0600004196167,13.9399995803833,14.0600004196167,4357.0
2024-10-31 11:03:00+00:00,SNES,2.799999952316284,2.799999952316284,2.799999952316284,2.799999952316284,2.799999952316284,705.0
2024-10-31 11:03:00+00:00,SSRM,6.105000019073486,6.105000019073486,6.105000019073486,6.090000152587891,6.090000152587891,3536.0
2024-10-31 11:03:00+00:00,STLD,131.50999450683594,131.50999450683594,131.50999450683594,131.4499969482422,131.4499969482422,651.0
2024-10-31 11:03:00+00:00,USAP,43.80030059814453,43.80030059814453,43.81999969482422,43.80030059814453,43.81999969482422,936.0
2024-10-31 11:04:00+00:00,ASTL,10.359999656677246,10.359999656677246,10.359999656677246,10.359999656677246,10.359999656677246,400.0
2024-10-31 11:04:00+00:00,CENX,17.4950008392334,17.4950008392334,17.520000457763672,17.4950008392334,17.5,493.0
2024-10-31 11:04:00+00:00,CNEY,0.4999000132083893,0.4999000132083893,0.4999000132083893,0.49799999594688416,0.4999000132083893,3000.0
2024-10-31 11:04:00+00:00,GEVO,2.4100000858306885,2.4100000858306885,2.4149999618530273,2.4100000858306885,2.4110000133514404,4260.0
2024-10-31 11:04:00+00:00,GSM,4.15500020980835,4.15500020980835,4.15500020980835,4.150000095367432,4.150000095367432,873.0
2024-10-31 11:04:00+00:00,KALU,75.25,75.25,75.25,75.25,75.25,276.0
2024-10-31 11:04:00+00:00,LITM,0.3619000017642975,0.3619000017642975,0.3619000017642975,0.3619000017642975,0.3619000017642975,240.0
2024-10-31 11:04:00+00:00,MEOH,38.88999938964844,38.88999938964844,38.900001525878906,38.88999938964844,38.900001525878906,224.0
2024-10-31 11:04:00+00:00,MERC,6.409999847412109,6.409999847412109,6.409999847412109,6.409999847412109,6.409999847412109,196.0
2024-10-31 11:04:00+00:00,ORGN,1.3849999904632568,1.3849999904632568,1.3849999904632568,1.3849999904632568,1.3849999904632568,1353.0
2024-10-31 11:04:00+00:00,PAAS,22.969999313354492,22.969999313354492,22.979999542236328,22.950000762939453,22.950000762939453,15796.0
2024-10-31 11:04:00+00:00,PLL,12.850000381469727,12.850000381469727,12.880000114440918,12.850000381469727,12.880000114440918,6178.0
2024-10-31 11:04:00+00:00,PPTA,9.864999771118164,9.864999771118164,9.880000114440918,9.840200424194336,9.869999885559082,24670.0
2024-10-31 11:04:00+00:00,RGLD,145.8000030517578,145.8000030517578,145.8300018310547,145.8000030517578,145.8300018310547,2458.0
2024-10-31 11:04:00+00:00,SGML,13.962300300598145,13.962300300598145,13.962300300598145,13.962300300598145,13.962300300598145,16.0
2024-10-31 11:04:00+00:00,SSRM,6.09499979019165,6.09499979019165,6.105000019073486,6.09499979019165,6.105000019073486,5041.0
2024-10-31 11:04:00+00:00,STLD,131.35499572753906,131.35499572753906,131.39999389648438,131.35499572753906,131.39999389648438,1409.0
2024-10-31 11:04:00+00:00,TMC,0.972000002861023,0.972000002861023,0.972000002861023,0.972000002861023,0.972000002861023,653.0
2024-10-31 11:04:00+00:00,USAP,43.79999923706055,43.79999923706055,43.81999969482422,43.75,43.81999969482422,2004.0
2024-10-31 11:04:00+00:00,USLM,110.1500015258789,110.1500015258789,110.1500015258789,110.1500015258789,110.1500015258789,231.0
2024-10-31 11:05:00+00:00,ASTL,10.369999885559082,10.369999885559082,10.369999885559082,10.359999656677246,10.359999656677246,378.0
2024-10-31 11:05:00+00:00,BCPC,167.3000030517578,167.3000030517578,167.3000030517578,167.3000030517578,167.3000030517578,239.0
2024-10-31 11:05:00+00:00,CENX,17.485000610351562,17.485000610351562,17.485000610351562,17.485000610351562,17.485000610351562,1796.0
2024-10-31 11:05:00+00:00,CNEY,0.49810001254081726,0.49810001254081726,0.5001000165939331,0.49799999594688416,0.49799999594688416,3206.0
2024-10-31 11:05:00+00:00,CRKN,0.8877000212669373,0.8877000212669373,0.8877000212669373,0.8863000273704529,0.8863000273704529,4300.0
2024-10-31 11:05:00+00:00,FEAM,0.4620000123977661,0.4620000123977661,0.4620000123977661,0.4620000123977661,0.4620000123977661,276.0
2024-10-31 11:05:00+00:00,GPRE,13.8100004196167,13.8100004196167,13.8100004196167,13.770000457763672,13.770000457763672,2593.0
2024-10-31 11:05:00+00:00,GSM,4.15500020980835,4.15500020980835,4.15500020980835,4.15500020980835,4.15500020980835,245.0
2024-10-31 11:05:00+00:00,HWKN,111.30000305175781,111.30000305175781,111.30000305175781,111.02999877929688,111.02999877929688,3315.0
2024-10-31 11:05:00+00:00,HYMC,2.3631999492645264,2.3631999492645264,2.389899969100952,2.3631999492645264,2.389899969100952,3724.0
2024-10-31 11:05:00+00:00,KALU,75.28500366210938,75.28500366210938,75.28500366210938,75.28500366210938,75.28500366210938,748.0
2024-10-31 11:05:00+00:00,MEOH,38.875,38.875,38.880001068115234,38.869998931884766,38.880001068115234,881.0
2024-10-31 11:05:00+00:00,METC,9.885199546813965,9.885199546813965,9.885199546813965,9.885199546813965,9.885199546813965,220.0
2024-10-31 11:05:00+00:00,ORGN,1.3849999904632568,1.3849999904632568,1.3849999904632568,1.3849999904632568,1.3849999904632568,1272.0
2024-10-31 11:05:00+00:00,PAAS,22.969999313354492,22.969999313354492,22.98200035095215,22.950000762939453,22.979999542236328,6168.0
2024-10-31 11:05:00+00:00,PLL,12.859999656677246,12.859999656677246,12.859999656677246,12.859999656677246,12.859999656677246,773.0
2024-10-31 11:05:00+00:00,PPTA,9.85200023651123,9.85200023651123,9.868300437927246,9.85200023651123,9.868300437927246,622.0
2024-10-31 11:05:00+00:00,RGLD,145.8000030517578,145.8000030517578,145.8000030517578,145.8000030517578,145.8000030517578,298.0
2024-10-31 11:05:00+00:00,SGML,13.944999694824219,13.944999694824219,13.944999694824219,13.934499740600586,13.934499740600586,1978.0
2024-10-31 11:05:00+00:00,SNES,2.797600030899048,2.797600030899048,2.797600030899048,2.797600030899048,2.797600030899048,3075.0
2024-10-31 11:05:00+00:00,SSRM,6.09499979019165,6.09499979019165,6.099999904632568,6.09499979019165,6.099999904632568,300.0
2024-10-31 11:05:00+00:00,STLD,131.24000549316406,131.24000549316406,131.44000244140625,131.24000549316406,131.44000244140625,790.0
2024-10-31 11:05:00+00:00,USAP,43.81999969482422,43.81999969482422,43.81999969482422,43.79999923706055,43.79999923706055,2060.0
2024-10-31 11:05:00+00:00,USLM,110.70500183105469,110.70500183105469,110.70500183105469,110.70500183105469,110.70500183105469,903.0
2024-10-31 11:06:00+00:00,ASTL,10.369999885559082,10.369999885559082,10.369999885559082,10.369999885559082,10.369999885559082,211.0
2024-10-31 11:06:00+00:00,BIOX,6.769999980926514,6.769999980926514,6.769999980926514,6.769999980926514,6.769999980926514,345.0
2024-10-31 11:06:00+00:00,CENX,17.510000228881836,17.510000228881836,17.510000228881836,17.510000228881836,17.510000228881836,871.0
2024-10-31 11:06:00+00:00,CNEY,0.5001000165939331,0.5001000165939331,0.5001999735832214,0.49880000948905945,0.5001999735832214,3535.0
2024-10-31 11:06:00+00:00,GEVO,2.4049999713897705,2.4049999713897705,2.4100000858306885,2.4000000953674316,2.4100000858306885,18119.0
2024-10-31 11:06:00+00:00,GPRE,13.800000190734863,13.800000190734863,13.829999923706055,13.800000190734863,13.819999694824219,6858.0
2024-10-31 11:06:00+00:00,GSM,4.150000095367432,4.150000095367432,4.15500020980835,4.150000095367432,4.15500020980835,4026.0
2024-10-31 11:06:00+00:00,HWKN,111.26000213623047,111.26000213623047,111.26000213623047,111.26000213623047,111.26000213623047,1792.0
2024-10-31 11:06:00+00:00,IONR,7.904300212860107,7.904300212860107,7.904300212860107,7.904300212860107,7.904300212860107,288.0
2024-10-31 11:06:00+00:00,LGO,2.4000000953674316,2.4000000953674316,2.4000000953674316,2.384999990463257,2.384999990463257,5801.0
2024-10-31 11:06:00+00:00,LITM,0.3619000017642975,0.3619000017642975,0.3619000017642975,0.3619000017642975,0.3619000017642975,120.0
2024-10-31 11:06:00+00:00,MEOH,38.880001068115234,38.880001068115234,38.880001068115234,38.880001068115234,38.880001068115234,683.0
2024-10-31 11:06:00+00:00,METC,9.880000114440918,9.880000114440918,9.880000114440918,9.880000114440918,9.880000114440918,444.0
2024-10-31 11:06:00+00:00,ORGN,1.3849999904632568,1.3849999904632568,1.3849999904632568,1.3849999904632568,1.3849999904632568,1895.0
2024-10-31 11:06:00+00:00,PAAS,22.959999084472656,22.959999084472656,22.979999542236328,22.951499938964844,22.961200714111328,14065.0
2024-10-31 11:06:00+00:00,PLL,12.859999656677246,12.859999656677246,12.859999656677246,12.859999656677246,12.859999656677246,63.0
2024-10-31 11:06:00+00:00,PPTA,9.84000015258789,9.84000015258789,9.84000015258789,9.84000015258789,9.84000015258789,401.0
2024-10-31 11:06:00+00:00,RGLD,145.72999572753906,145.72999572753906,145.72999572753906,145.72999572753906,145.72999572753906,132.0
2024-10-31 11:06:00+00:00,SGML,13.90999984741211,13.90999984741211,13.944999694824219,13.90999984741211,13.944999694824219,1714.0
2024-10-31 11:06:00+00:00,SSRM,6.090000152587891,6.090000152587891,6.09499979019165,6.090000152587891,6.09499979019165,8721.0
2024-10-31 11:06:00+00:00,STLD,131.33999633789062,131.33999633789062,131.33999633789062,131.27999877929688,131.3350067138672,1298.0
2024-10-31 11:06:00+00:00,USAU,6.019700050354004,6.019700050354004,6.019700050354004,6.019700050354004,6.019700050354004,917.0
2024-10-31 11:07:00+00:00,ALTO,1.7450000047683716,1.7450000047683716,1.7450000047683716,1.7450000047683716,1.7450000047683716,756.0
2024-10-31 11:07:00+00:00,ASTL,10.390000343322754,10.390000343322754,10.390000343322754,10.380000114440918,10.380000114440918,470.0
2024-10-31 11:07:00+00:00,BCPC,167.6300048828125,167.6300048828125,167.6300048828125,167.6300048828125,167.6300048828125,940.0
2024-10-31 11:07:00+00:00,CENX,17.579999923706055,17.579999923706055,17.579999923706055,17.56999969482422,17.56999969482422,870.0
2024-10-31 11:07:00+00:00,CRKN,0.8899999856948853,0.8899999856948853,0.8899999856948853,0.8899999856948853,0.8899999856948853,5127.0
2024-10-31 11:07:00+00:00,GEVO,2.4049999713897705,2.4049999713897705,2.4100000858306885,2.4000000953674316,2.4049999713897705,17071.0
2024-10-31 11:07:00+00:00,GPRE,13.8100004196167,13.8100004196167,13.8100004196167,13.800000190734863,13.800000190734863,2151.0
2024-10-31 11:07:00+00:00,GSM,4.15500020980835,4.15500020980835,4.15500020980835,4.15500020980835,4.15500020980835,4772.0
2024-10-31 11:07:00+00:00,HYMC,2.371000051498413,2.371000051498413,2.371000051498413,2.371000051498413,2.371000051498413,566.0
2024-10-31 11:07:00+00:00,LITM,0.36800000071525574,0.36800000071525574,0.36800000071525574,0.36800000071525574,0.36800000071525574,80.0
2024-10-31 11:07:00+00:00,MEOH,39.0,39.0,39.0,38.91999816894531,38.91999816894531,1666.0
2024-10-31 11:07:00+00:00,MERC,6.420000076293945,6.420000076293945,6.420000076293945,6.420000076293945,6.420000076293945,948.0
2024-10-31 11:07:00+00:00,METC,9.920000076293945,9.920000076293945,9.920000076293945,9.890000343322754,9.890000343322754,1928.0
2024-10-31 11:07:00+00:00,ORGN,1.3899999856948853,1.3899999856948853,1.3899999856948853,1.3849999904632568,1.3849999904632568,12898.0
2024-10-31 11:07:00+00:00,PAAS,23.08839988708496,23.08839988708496,23.094999313354492,22.979999542236328,22.979999542236328,20768.0
2024-10-31 11:07:00+00:00,PLL,12.869999885559082,12.869999885559082,12.890000343322754,12.854999542236328,12.854999542236328,1364.0
2024-10-31 11:07:00+00:00,PPTA,9.869999885559082,9.869999885559082,9.869999885559082,9.829999923706055,9.829999923706055,2960.0
2024-10-31 11:07:00+00:00,RGLD,145.94500732421875,145.94500732421875,146.02999877929688,145.64999389648438,145.8000030517578,4213.0
2024-10-31 11:07:00+00:00,SGML,13.970000267028809,13.970000267028809,13.970000267028809,13.830100059509277,13.920000076293945,10128.0
2024-10-31 11:07:00+00:00,SNES,2.7899999618530273,2.7899999618530273,2.7899999618530273,2.7899999618530273,2.7899999618530273,600.0
2024-10-31 11:07:00+00:00,SSRM,6.125,6.125,6.125,6.090000152587891,6.090000152587891,7670.0
2024-10-31 11:07:00+00:00,STLD,131.5800018310547,131.5800018310547,131.66000366210938,131.47000122070312,131.47000122070312,3530.0
2024-10-31 11:07:00+00:00,UFPI,121.75,121.75,121.75,121.72000122070312,121.72000122070312,1103.0
2024-10-31 11:07:00+00:00,USAP,43.88999938964844,43.88999938964844,43.93000030517578,43.88999938964844,43.88999938964844,864.0
2024-10-31 11:07:00+00:00,ZEUS,36.099998474121094,36.099998474121094,36.099998474121094,36.099998474121094,36.099998474121094,609.0
2024-10-31 11:08:00+00:00,ALTO,1.7450000047683716,1.7450000047683716,1.7450000047683716,1.7450000047683716,1.7450000047683716,589.0
2024-10-31 11:08:00+00:00,ASTL,10.380000114440918,10.380000114440918,10.380000114440918,10.369999885559082,10.369999885559082,649.0
2024-10-31 11:08:00+00:00,CENX,17.549999237060547,17.549999237060547,17.549999237060547,17.540000915527344,17.549999237060547,1418.0
2024-10-31 11:08:00+00:00,CRKN,0.8881000280380249,0.8881000280380249,0.8881000280380249,0.8881000280380249,0.8881000280380249,256.0
2024-10-31 11:08:00+00:00,GEVO,2.4000000953674316,2.4000000953674316,2.4049999713897705,2.4000000953674316,2.4049999713897705,3726.0
2024-10-31 11:08:00+00:00,GPRE,13.84000015258789,13.84000015258789,13.850000381469727,13.779999732971191,13.800000190734863,17400.0
2024-10-31 11:08:00+00:00,GSM,4.150000095367432,4.150000095367432,4.150000095367432,4.150000095367432,4.150000095367432,154.0
2024-10-31 11:08:00+00:00,HDSN,7.519999980926514,7.519999980926514,7.519999980926514,7.510000228881836,7.510000228881836,496.0
2024-10-31 11:08:00+00:00,LITM,0.3619000017642975,0.3619000017642975,0.3619000017642975,0.3619000017642975,0.3619000017642975,380.0
2024-10-31 11:08:00+00:00,LWLG,3.194999933242798,3.194999933242798,3.200000047683716,3.194999933242798,3.194999933242798,14120.0
2024-10-31 11:08:00+00:00,MEOH,38.97380065917969,38.97380065917969,38.97380065917969,38.97380065917969,38.97380065917969,494.0
2024-10-31 11:08:00+00:00,MERC,6.4217000007629395,6.4217000007629395,6.429999828338623,6.4217000007629395,6.429999828338623,1128.0
2024-10-31 11:08:00+00:00,METC,9.920000076293945,9.920000076293945,9.930000305175781,9.920000076293945,9.930000305175781,804.0
2024-10-31 11:08:00+00:00,ORGN,1.3899999856948853,1.3899999856948853,1.3899999856948853,1.3899999856948853,1.3899999856948853,103.0
2024-10-31 11:08:00+00:00,PAAS,23.03499984741211,23.03499984741211,23.100000381469727,23.03499984741211,23.100000381469727,6480.0
2024-10-31 11:08:00+00:00,PPTA,9.829999923706055,9.829999923706055,9.84000015258789,9.8100004196167,9.84000015258789,1087.0
2024-10-31 11:08:00+00:00,SGML,13.979999542236328,13.979999542236328,13.979999542236328,13.930000305175781,13.930000305175781,1048.0
2024-10-31 11:08:00+00:00,SSRM,6.108399868011475,6.108399868011475,6.130000114440918,6.108399868011475,6.130000114440918,11878.0
2024-10-31 11:08:00+00:00,STLD,131.52000427246094,131.52000427246094,131.52000427246094,131.5,131.5,721.0
2024-10-31 11:08:00+00:00,UFPI,121.80999755859375,121.80999755859375,121.80999755859375,121.80999755859375,121.80999755859375,516.0
2024-10-31 11:08:00+00:00,USAP,43.89500045776367,43.89500045776367,43.89500045776367,43.89500045776367,43.89500045776367,416.0
2024-10-31 11:08:00+00:00,ZEUS,36.08000183105469,36.08000183105469,36.08000183105469,36.08000183105469,36.08000183105469,2874.0
2024-10-31 11:09:00+00:00,CNEY,0.5099999904632568,0.5099999904632568,0.5099999904632568,0.5098999738693237,0.5098999738693237,1200.0
2024-10-31 11:09:00+00:00,GEVO,2.3949999809265137,2.3949999809265137,2.4031999111175537,2.390000104904175,2.4031999111175537,76330.0
2024-10-31 11:09:00+00:00,GPRE,13.864999771118164,13.864999771118164,13.864999771118164,13.84000015258789,13.84000015258789,3711.0
2024-10-31 11:09:00+00:00,GSM,4.159999847412109,4.159999847412109,4.159999847412109,4.159999847412109,4.159999847412109,891.0
2024-10-31 11:09:00+00:00,HDSN,7.514999866485596,7.514999866485596,7.514999866485596,7.514999866485596,7.514999866485596,428.0
2024-10-31 11:09:00+00:00,HYMC,2.360300064086914,2.360300064086914,2.360300064086914,2.360300064086914,2.360300064086914,3000.0
2024-10-31 11:09:00+00:00,KALU,75.2699966430664,75.2699966430664,75.2699966430664,75.2699966430664,75.2699966430664,602.0
2024-10-31 11:09:00+00:00,LGO,2.424999952316284,2.424999952316284,2.424999952316284,2.424999952316284,2.424999952316284,0.0
2024-10-31 11:09:00+00:00,LITM,0.36809998750686646,0.36809998750686646,0.36809998750686646,0.36809998750686646,0.36809998750686646,1760.0
2024-10-31 11:09:00+00:00,LWLG,3.2100000381469727,3.2100000381469727,3.2100000381469727,3.199899911880493,3.200000047683716,13104.0
2024-10-31 11:09:00+00:00,METC,9.930000305175781,9.930000305175781,9.930000305175781,9.930000305175781,9.930000305175781,381.0
2024-10-31 11:09:00+00:00,ORGN,1.3949999809265137,1.3949999809265137,1.3949999809265137,1.3949999809265137,1.3949999809265137,236.0
2024-10-31 11:09:00+00:00,PAAS,23.048799514770508,23.048799514770508,23.049999237060547,23.030000686645508,23.030000686645508,2869.0
2024-10-31 11:09:00+00:00,PLL,12.9350004196167,12.9350004196167,12.9350004196167,12.930000305175781,12.930000305175781,552.0
2024-10-31 11:09:00+00:00,PPTA,9.829999923706055,9.829999923706055,9.829999923706055,9.829999923706055,9.829999923706055,408.0
2024-10-31 11:09:00+00:00,RETO,1.1003999710083008,1.1003999710083008,1.1003999710083008,1.1003999710083008,1.1003999710083008,1515.0
2024-10-31 11:09:00+00:00,SGML,14.005000114440918,14.005000114440918,14.005000114440918,14.005000114440918,14.005000114440918,906.0
2024-10-31 11:09:00+00:00,SSRM,6.110000133514404,6.110000133514404,6.110000133514404,6.102799892425537,6.105000019073486,5466.0
2024-10-31 11:09:00+00:00,STLD,131.50999450683594,131.50999450683594,131.50999450683594,131.50999450683594,131.50999450683594,148.0
2024-10-31 11:09:00+00:00,USAP,43.90999984741211,43.90999984741211,43.90999984741211,43.90999984741211,43.90999984741211,564.0
2024-10-31 11:10:00+00:00,AREC,1.0,1.0,1.0,1.0,1.0,685.0
2024-10-31 11:10:00+00:00,BCPC,167.55499267578125,167.55499267578125,167.64999389648438,167.52999877929688,167.57000732421875,1467.0
2024-10-31 11:10:00+00:00,CENX,17.517000198364258,17.517000198364258,17.559999465942383,17.517000198364258,17.559999465942383,3047.0
2024-10-31 11:10:00+00:00,GEVO,2.4000000953674316,2.4000000953674316,2.4000000953674316,2.390000104904175,2.3949999809265137,28237.0
2024-10-31 11:10:00+00:00,GPRE,13.880000114440918,13.880000114440918,13.880000114440918,13.880000114440918,13.880000114440918,510.0
2024-10-31 11:10:00+00:00,GSM,4.150000095367432,4.150000095367432,4.150000095367432,4.150000095367432,4.150000095367432,182.0
2024-10-31 11:10:00+00:00,HYMC,2.380000114440918,2.380000114440918,2.380000114440918,2.380000114440918,2.380000114440918,0.0
2024-10-31 11:10:00+00:00,METC,9.9399995803833,9.9399995803833,9.9399995803833,9.9399995803833,9.9399995803833,417.0
2024-10-31 11:10:00+00:00,ORGN,1.3899999856948853,1.3899999856948853,1.3899999856948853,1.3899999856948853,1.3899999856948853,506.0
2024-10-31 11:10:00+00:00,PAAS,23.014999389648438,23.014999389648438,23.065000534057617,23.014999389648438,23.049999237060547,8928.0
2024-10-31 11:10:00+00:00,PPTA,9.83080005645752,9.83080005645752,9.83080005645752,9.83080005645752,9.83080005645752,234.0
2024-10-31 11:10:00+00:00,RGLD,145.94000244140625,145.94000244140625,145.94000244140625,145.94000244140625,145.94000244140625,121.0
2024-10-31 11:10:00+00:00,SGML,13.994999885559082,13.994999885559082,13.994999885559082,13.994999885559082,13.994999885559082,132.0
2024-10-31 11:10:00+00:00,SNES,2.7899999618530273,2.7899999618530273,2.7899999618530273,2.7899999618530273,2.7899999618530273,79.0
2024-10-31 11:10:00+00:00,SSRM,6.099999904632568,6.099999904632568,6.105000019073486,6.099999904632568,6.105000019073486,2351.0
2024-10-31 11:10:00+00:00,STLD,131.4199981689453,131.4199981689453,131.4199981689453,131.4199981689453,131.4199981689453,783.0
2024-10-31 11:10:00+00:00,UFPI,121.83999633789062,121.83999633789062,121.83999633789062,121.83999633789062,121.83999633789062,286.0
2024-10-31 11:11:00+00:00,BIOX,6.789999961853027,6.789999961853027,6.789999961853027,6.789999961853027,6.789999961853027,200.0
2024-10-31 11:11:00+00:00,CENX,17.520000457763672,17.520000457763672,17.520000457763672,17.520000457763672,17.520000457763672,1123.0
2024-10-31 11:11:00+00:00,CNEY,0.5099999904632568,0.5099999904632568,0.5099999904632568,0.5099999904632568,0.5099999904632568,400.0
2024-10-31 11:11:00+00:00,CRKN,0.8985000252723694,0.8985000252723694,0.8985000252723694,0.8985000252723694,0.8985000252723694,6270.0
2024-10-31 11:11:00+00:00,GEVO,2.4000000953674316,2.4000000953674316,2.4072999954223633,2.4000000953674316,2.4000000953674316,12373.0
2024-10-31 11:11:00+00:00,GPRE,13.949999809265137,13.949999809265137,13.954999923706055,13.880000114440918,13.880000114440918,9718.0
2024-10-31 11:11:00+00:00,GSM,4.150000095367432,4.150000095367432,4.150000095367432,4.150000095367432,4.150000095367432,143.0
2024-10-31 11:11:00+00:00,HDSN,7.519999980926514,7.519999980926514,7.519999980926514,7.514999866485596,7.514999866485596,2112.0
2024-10-31 11:11:00+00:00,LGO,2.4800000190734863,2.4800000190734863,2.4800000190734863,2.440000057220459,2.440000057220459,5500.0
2024-10-31 11:11:00+00:00,LITM,0.3538999855518341,0.3538999855518341,0.3594000041484833,0.35350000858306885,0.35350000858306885,26500.0
2024-10-31 11:11:00+00:00,LWLG,3.194999933242798,3.194999933242798,3.1984000205993652,3.194999933242798,3.1984000205993652,1821.0
2024-10-31 11:11:00+00:00,METC,9.930000305175781,9.930000305175781,9.930000305175781,9.930000305175781,9.930000305175781,1109.0
2024-10-31 11:11:00+00:00,PAAS,22.989999771118164,22.989999771118164,23.014999389648438,22.989999771118164,23.014999389648438,4504.0
2024-10-31 11:11:00+00:00,PLL,12.9350004196167,12.9350004196167,12.9350004196167,12.9350004196167,12.9350004196167,922.0
2024-10-31 11:11:00+00:00,PPTA,9.800000190734863,9.800000190734863,9.819999694824219,9.800000190734863,9.819999694824219,4173.0
2024-10-31 11:11:00+00:00,RGLD,146.11000061035156,146.11000061035156,146.11000061035156,145.94000244140625,145.94000244140625,281.0
2024-10-31 11:11:00+00:00,SGML,13.994999885559082,13.994999885559082,13.994999885559082,13.994999885559082,13.994999885559082,628.0
2024-10-31 11:11:00+00:00,SSRM,6.110000133514404,6.110000133514404,6.110000133514404,6.105000019073486,6.105000019073486,5383.0
2024-10-31 11:11:00+00:00,UFPI,121.91999816894531,121.91999816894531,121.91999816894531,121.91000366210938,121.91000366210938,616.0
2024-10-31 11:11:00+00:00,USAU,6.036600112915039,6.036600112915039,6.036600112915039,6.036600112915039,6.036600112915039,241.0
2024-10-31 11:11:00+00:00,WDFC,261.8800048828125,261.8800048828125,261.8800048828125,261.8800048828125,261.8800048828125,417.0
2024-10-31 11:12:00+00:00,CRKN,0.8902000188827515,0.8902000188827515,0.8944000005722046,0.8902000188827515,0.8944000005722046,849.0
2024-10-31 11:12:00+00:00,GEVO,2.4000000953674316,2.4000000953674316,2.4000000953674316,2.4000000953674316,2.4000000953674316,810.0
2024-10-31 11:12:00+00:00,GPRE,13.949999809265137,13.949999809265137,13.960000038146973,13.921099662780762,13.950699806213379,6953.0
2024-10-31 11:12:00+00:00,GSM,4.159999847412109,4.159999847412109,4.159999847412109,4.150000095367432,4.150000095367432,1033.0
2024-10-31 11:12:00+00:00,HDSN,7.53000020980835,7.53000020980835,7.53000020980835,7.519999980926514,7.519999980926514,1896.0
2024-10-31 11:12:00+00:00,HYMC,2.370300054550171,2.370300054550171,2.370300054550171,2.370300054550171,2.370300054550171,153.0
2024-10-31 11:12:00+00:00,LGO,2.440000057220459,2.440000057220459,2.4899001121520996,2.440000057220459,2.4899001121520996,7202.0
2024-10-31 11:12:00+00:00,METC,9.960000038146973,9.960000038146973,9.960000038146973,9.949999809265137,9.960000038146973,1233.0
2024-10-31 11:12:00+00:00,ORGN,1.3949999809265137,1.3949999809265137,1.3949999809265137,1.3949999809265137,1.3949999809265137,300.0
2024-10-31 11:12:00+00:00,PAAS,23.0,23.0,23.0,22.969999313354492,22.989999771118164,10699.0
2024-10-31 11:12:00+00:00,PLL,12.899999618530273,12.899999618530273,12.925000190734863,12.899999618530273,12.925000190734863,433.0
2024-10-31 11:12:00+00:00,PPTA,9.78499984741211,9.78499984741211,9.78499984741211,9.78499984741211,9.78499984741211,461.0
2024-10-31 11:12:00+00:00,SSRM,6.084000110626221,6.084000110626221,6.099999904632568,6.079999923706055,6.099999904632568,14763.0
2024-10-31 11:12:00+00:00,STLD,131.52999877929688,131.52999877929688,131.52999877929688,131.52000427246094,131.52000427246094,220.0
2024-10-31 11:13:00+00:00,ASTL,10.380000114440918,10.380000114440918,10.380000114440918,10.380000114440918,10.380000114440918,480.0
2024-10-31 11:13:00+00:00,CENX,17.549999237060547,17.549999237060547,17.549999237060547,17.549999237060547,17.549999237060547,3638.0
2024-10-31 11:13:00+00:00,CNEY,0.5,0.5,0.5099999904632568,0.5,0.5098999738693237,1328.0
2024-10-31 11:13:00+00:00,GEVO,2.400099992752075,2.400099992752075,2.4100000858306885,2.4000000953674316,2.4000000953674316,3476.0
2024-10-31 11:13:00+00:00,GPRE,13.925000190734863,13.925000190734863,13.940600395202637,13.91759967803955,13.940600395202637,6287.0
2024-10-31 11:13:00+00:00,GSM,4.15500020980835,4.15500020980835,4.15500020980835,4.150300025939941,4.15500020980835,6074.0
2024-10-31 11:13:00+00:00,HWKN,111.86000061035156,111.86000061035156,111.86000061035156,111.86000061035156,111.86000061035156,1228.0
2024-10-31 11:13:00+00:00,HYMC,2.380000114440918,2.380000114440918,2.390000104904175,2.380000114440918,2.390000104904175,1178.0
2024-10-31 11:13:00+00:00,KALU,75.2699966430664,75.2699966430664,75.2699966430664,75.2699966430664,75.2699966430664,131.0
2024-10-31 11:13:00+00:00,LGO,2.450000047683716,2.450000047683716,2.5,2.450000047683716,2.4600000381469727,19615.0
2024-10-31 11:13:00+00:00,PAAS,22.979999542236328,22.979999542236328,22.9950008392334,22.975000381469727,22.9950008392334,25366.0
2024-10-31 11:13:00+00:00,PLL,12.960000038146973,12.960000038146973,12.960000038146973,12.925000190734863,12.925000190734863,301.0
2024-10-31 11:13:00+00:00,PPTA,9.789999961853027,9.789999961853027,9.789999961853027,9.789899826049805,9.789899826049805,1384.0
2024-10-31 11:13:00+00:00,RGLD,145.94000244140625,145.94000244140625,145.94000244140625,145.94000244140625,145.94000244140625,599.0
2024-10-31 11:13:00+00:00,SSRM,6.074999809265137,6.074999809265137,6.087699890136719,6.070000171661377,6.087699890136719,10661.0
2024-10-31 11:13:00+00:00,STLD,131.52000427246094,131.52000427246094,131.52000427246094,131.52000427246094,131.52000427246094,522.0
2024-10-31 11:13:00+00:00,UFPI,122.05999755859375,122.05999755859375,122.05999755859375,122.05999755859375,122.05999755859375,1752.0
2024-10-31 11:14:00+00:00,CENX,17.545000076293945,17.545000076293945,17.545000076293945,17.545000076293945,17.545000076293945,2182.0
2024-10-31 11:14:00+00:00,CNEY,0.5099999904632568,0.5099999904632568,0.5099999904632568,0.5099999904632568,0.5099999904632568,86.0
2024-10-31 11:14:00+00:00,CRKN,0.8999999761581421,0.8999999761581421,0.8999999761581421,0.8920999765396118,0.8920999765396118,1924.0
2024-10-31 11:14:00+00:00,GEVO,2.4000000953674316,2.4000000953674316,2.4100000858306885,2.4000000953674316,2.4049999713897705,4574.0
2024-10-31 11:14:00+00:00,GPRE,13.920000076293945,13.920000076293945,13.920000076293945,13.920000076293945,13.920000076293945,1612.0
2024-10-31 11:14:00+00:00,GSM,4.159999847412109,4.159999847412109,4.159999847412109,4.159999847412109,4.159999847412109,205.0
2024-10-31 11:14:00+00:00,HDSN,7.53000020980835,7.53000020980835,7.53000020980835,7.53000020980835,7.53000020980835,464.0
2024-10-31 11:14:00+00:00,HYMC,2.380000114440918,2.380000114440918,2.380000114440918,2.380000114440918,2.380000114440918,222.0
2024-10-31 11:14:00+00:00,IOSP,108.87000274658203,108.87000274658203,109.16999816894531,108.87000274658203,109.1449966430664,1419.0
2024-10-31 11:14:00+00:00,KALU,75.2699966430664,75.2699966430664,75.2699966430664,75.2699966430664,75.2699966430664,128.0
2024-10-31 11:14:00+00:00,MEOH,38.97999954223633,38.97999954223633,38.97999954223633,38.97999954223633,38.97999954223633,212.0
2024-10-31 11:14:00+00:00,MERC,6.429999828338623,6.429999828338623,6.429999828338623,6.425000190734863,6.425000190734863,531.0
2024-10-31 11:14:00+00:00,ORGN,1.3899999856948853,1.3899999856948853,1.3899999856948853,1.3899999856948853,1.3899999856948853,207.0
2024-10-31 11:14:00+00:00,PAAS,23.049999237060547,23.049999237060547,23.06999969482422,22.989999771118164,22.989999771118164,81713.0
2024-10-31 11:14:00+00:00,PLL,12.930000305175781,12.930000305175781,12.932000160217285,12.930000305175781,12.932000160217285,1549.0
2024-10-31 11:14:00+00:00,RGLD,145.9998016357422,145.9998016357422,145.9998016357422,145.9998016357422,145.9998016357422,546.0
2024-10-31 11:14:00+00:00,SSRM,6.065000057220459,6.065000057220459,6.074999809265137,6.065000057220459,6.074999809265137,4101.0
2024-10-31 11:14:00+00:00,STLD,131.42999267578125,131.42999267578125,131.52999877929688,131.42999267578125,131.44000244140625,1314.0
2024-10-31 11:14:00+00:00,WDFC,262.2550048828125,262.2550048828125,262.2550048828125,262.2550048828125,262.2550048828125,212.0
2024-10-31 11:15:00+00:00,BIOX,6.789999961853027,6.789999961853027,6.789999961853027,6.789999961853027,6.789999961853027,101.0
2024-10-31 11:15:00+00:00,CRKN,0.9049999713897705,0.9049999713897705,0.9049999713897705,0.9049999713897705,0.9049999713897705,507.0
2024-10-31 11:15:00+00:00,GEVO,2.380000114440918,2.380000114440918,2.4049999713897705,2.380000114440918,2.4049999713897705,39748.0
2024-10-31 11:15:00+00:00,GPRE,14.035300254821777,14.035300254821777,14.03600025177002,13.920000076293945,13.920000076293945,17847.0
2024-10-31 11:15:00+00:00,GSM,4.152900218963623,4.152900218963623,4.152900218963623,4.152900218963623,4.152900218963623,2685.0
2024-10-31 11:15:00+00:00,IONR,7.989999771118164,7.989999771118164,7.989999771118164,7.989999771118164,7.989999771118164,252.0
2024-10-31 11:15:00+00:00,LWLG,3.190000057220459,3.190000057220459,3.190000057220459,3.184999942779541,3.184999942779541,2042.0
2024-10-31 11:15:00+00:00,MEOH,38.97999954223633,38.97999954223633,38.97999954223633,38.97999954223633,38.97999954223633,651.0
2024-10-31 11:15:00+00:00,METC,9.960000038146973,9.960000038146973,9.960000038146973,9.960000038146973,9.960000038146973,601.0
2024-10-31 11:15:00+00:00,PAAS,23.135000228881836,23.135000228881836,23.139999389648438,23.049999237060547,23.049999237060547,80208.0
2024-10-31 11:15:00+00:00,RGLD,146.11000061035156,146.11000061035156,146.11000061035156,146.0800018310547,146.0800018310547,1316.0
2024-10-31 11:15:00+00:00,RKDA,4.300000190734863,4.300000190734863,4.300000190734863,4.300000190734863,4.300000190734863,393.0
2024-10-31 11:15:00+00:00,SSRM,6.079999923706055,6.079999923706055,6.079999923706055,6.059999942779541,6.065000057220459,8527.0
2024-10-31 11:15:00+00:00,STLD,131.39500427246094,131.39500427246094,131.39500427246094,131.36000061035156,131.36000061035156,1585.0
2024-10-31 11:15:00+00:00,UFPI,122.31999969482422,122.31999969482422,122.37999725341797,122.06999969482422,122.06999969482422,4082.0
2024-10-31 11:15:00+00:00,USLM,110.9800033569336,110.9800033569336,111.2300033569336,110.9800033569336,111.13500213623047,1731.0
2024-10-31 11:16:00+00:00,ALTO,1.7400000095367432,1.7400000095367432,1.7400000095367432,1.7400000095367432,1.7400000095367432,417.0
2024-10-31 11:16:00+00:00,CENX,17.545000076293945,17.545000076293945,17.545000076293945,17.510000228881836,17.530000686645508,4417.0
2024-10-31 11:16:00+00:00,CRKN,0.902400016784668,0.902400016784668,0.9100000262260437,0.902400016784668,0.9100000262260437,276.0
2024-10-31 11:16:00+00:00,GPRE,13.986499786376953,13.986499786376953,14.010000228881836,13.979999542236328,14.010000228881836,6401.0
2024-10-31 11:16:00+00:00,GSM,4.159999847412109,4.159999847412109,4.159999847412109,4.159999847412109,4.159999847412109,1514.0
2024-10-31 11:16:00+00:00,HDSN,7.525000095367432,7.525000095367432,7.525000095367432,7.525000095367432,7.525000095367432,257.0
2024-10-31 11:16:00+00:00,KALU,75.58999633789062,75.58999633789062,75.58999633789062,75.38999938964844,75.4800033569336,4554.0
2024-10-31 11:16:00+00:00,MERC,6.425000190734863,6.425000190734863,6.425000190734863,6.425000190734863,6.425000190734863,681.0
2024-10-31 11:16:00+00:00,PAAS,23.139999389648438,23.139999389648438,23.184999465942383,23.1200008392334,23.135000228881836,26546.0
2024-10-31 11:16:00+00:00,PLL,12.960000038146973,12.960000038146973,12.970000267028809,12.960000038146973,12.970000267028809,909.0
2024-10-31 11:16:00+00:00,PPTA,9.850000381469727,9.850000381469727,9.850000381469727,9.850000381469727,9.850000381469727,382.0
2024-10-31 11:16:00+00:00,SSRM,6.085000038146973,6.085000038146973,6.085000038146973,6.085000038146973,6.085000038146973,200.0
2024-10-31 11:16:00+00:00,TMC,0.9736999869346619,0.9736999869346619,0.9736999869346619,0.9736999869346619,0.9736999869346619,36666.0
2024-10-31 11:16:00+00:00,UFPI,122.47000122070312,122.47000122070312,122.47000122070312,122.47000122070312,122.47000122070312,1213.0
2024-10-31 11:16:00+00:00,WDFC,262.2049865722656,262.2049865722656,262.2049865722656,262.2049865722656,262.2049865722656,230.0
2024-10-31 11:17:00+00:00,CRKN,0.9061999917030334,0.9061999917030334,0.9061999917030334,0.9061999917030334,0.9061999917030334,479.0
2024-10-31 11:17:00+00:00,FEAM,0.49799999594688416,0.49799999594688416,0.49799999594688416,0.4620000123977661,0.4620000123977661,374.0
2024-10-31 11:17:00+00:00,GPRE,13.970000267028809,13.970000267028809,13.989999771118164,13.960000038146973,13.967700004577637,3564.0
2024-10-31 11:17:00+00:00,HDSN,7.525000095367432,7.525000095367432,7.525000095367432,7.525000095367432,7.525000095367432,160.0
2024-10-31 11:17:00+00:00,HYMC,2.370800018310547,2.370800018310547,2.370800018310547,2.370800018310547,2.370800018310547,5224.0
2024-10-31 11:17:00+00:00,LITM,0.34549999237060547,0.34549999237060547,0.3499999940395355,0.34549999237060547,0.3499999940395355,8038.0
2024-10-31 11:17:00+00:00,ORGN,1.3949999809265137,1.3949999809265137,1.3949999809265137,1.3949999809265137,1.3949999809265137,10806.0
2024-10-31 11:17:00+00:00,PAAS,23.165000915527344,23.165000915527344,23.170000076293945,23.139999389648438,23.149999618530273,31622.0
2024-10-31 11:17:00+00:00,PLL,12.975000381469727,12.975000381469727,12.975000381469727,12.975000381469727,12.975000381469727,264.0
2024-10-31 11:17:00+00:00,PPTA,9.869999885559082,9.869999885559082,9.869999885559082,9.869999885559082,9.869999885559082,282.0
2024-10-31 11:17:00+00:00,RGLD,146.27999877929688,146.27999877929688,146.27999877929688,146.27999877929688,146.27999877929688,702.0
2024-10-31 11:17:00+00:00,STLD,131.4499969482422,131.4499969482422,131.52000427246094,131.4499969482422,131.50999450683594,1679.0
2024-10-31 11:17:00+00:00,TMC,0.9797000288963318,0.9797000288963318,0.9797000288963318,0.9749000072479248,0.9749000072479248,3438.0
2024-10-31 11:17:00+00:00,UFPI,122.58999633789062,122.58999633789062,122.58999633789062,122.58999633789062,122.58999633789062,296.0
2024-10-31 11:17:00+00:00,USAP,43.90999984741211,43.90999984741211,43.90999984741211,43.90999984741211,43.90999984741211,291.0
2024-10-31 11:18:00+00:00,BIOX,6.789999961853027,6.789999961853027,6.789999961853027,6.789999961853027,6.789999961853027,400.0
2024-10-31 11:18:00+00:00,CENX,17.55500030517578,17.55500030517578,17.55500030517578,17.530000686645508,17.540000915527344,1179.0
2024-10-31 11:18:00+00:00,GEVO,2.384999990463257,2.384999990463257,2.390000104904175,2.384999990463257,2.390000104904175,44413.0
2024-10-31 11:18:00+00:00,GPRE,13.954999923706055,13.954999923706055,13.954999923706055,13.954999923706055,13.954999923706055,565.0
2024-10-31 11:18:00+00:00,GSM,4.150000095367432,4.150000095367432,4.150000095367432,4.150000095367432,4.150000095367432,324.0
2024-10-31 11:18:00+00:00,GURE,0.6190000176429749,0.6190000176429749,0.6190000176429749,0.6190000176429749,0.6190000176429749,3700.0
2024-10-31 11:18:00+00:00,HDSN,7.53000020980835,7.53000020980835,7.53000020980835,7.53000020980835,7.53000020980835,629.0
2024-10-31 11:18:00+00:00,IONR,7.860099792480469,7.860099792480469,7.920000076293945,7.860099792480469,7.920000076293945,668.0
2024-10-31 11:18:00+00:00,IPX,21.290000915527344,21.290000915527344,21.290000915527344,21.290000915527344,21.290000915527344,1206.0
2024-10-31 11:18:00+00:00,KALU,75.26000213623047,75.26000213623047,75.5250015258789,75.26000213623047,75.5250015258789,2824.0
2024-10-31 11:18:00+00:00,LITM,0.3504999876022339,0.3504999876022339,0.3504999876022339,0.34549999237060547,0.34549999237060547,14383.0
2024-10-31 11:18:00+00:00,LWLG,3.190000057220459,3.190000057220459,3.190000057220459,3.190000057220459,3.190000057220459,4285.0
2024-10-31 11:18:00+00:00,MEOH,38.97999954223633,38.97999954223633,38.97999954223633,38.97999954223633,38.97999954223633,1757.0
2024-10-31 11:18:00+00:00,METC,9.960000038146973,9.960000038146973,9.960000038146973,9.960000038146973,9.960000038146973,1668.0
2024-10-31 11:18:00+00:00,ORGN,1.399999976158142,1.399999976158142,1.399999976158142,1.399999976158142,1.399999976158142,0.0
2024-10-31 11:18:00+00:00,PAAS,23.190000534057617,23.190000534057617,23.209999084472656,23.149999618530273,23.165000915527344,22323.0
2024-10-31 11:18:00+00:00,PPTA,9.869999885559082,9.869999885559082,9.869999885559082,9.869999885559082,9.869999885559082,110.0
2024-10-31 11:18:00+00:00,SSRM,6.084199905395508,6.084199905395508,6.085000038146973,6.079599857330322,6.079999923706055,7470.0
2024-10-31 11:18:00+00:00,STLD,131.4600067138672,131.4600067138672,131.4600067138672,131.4600067138672,131.4600067138672,690.0
2024-10-31 11:18:00+00:00,UFPI,122.58999633789062,122.58999633789062,122.6449966430664,122.58999633789062,122.6449966430664,1245.0
2024-10-31 11:18:00+00:00,USLM,111.16000366210938,111.16000366210938,111.16000366210938,111.16000366210938,111.16000366210938,2419.0
2024-10-31 11:19:00+00:00,ASTL,10.3100004196167,10.3100004196167,10.385000228881836,10.3100004196167,10.385000228881836,8825.0
2024-10-31 11:19:00+00:00,BCPC,167.58999633789062,167.58999633789062,167.58999633789062,167.58999633789062,167.58999633789062,374.0
2024-10-31 11:19:00+00:00,CENX,17.549999237060547,17.549999237060547,17.565000534057617,17.549999237060547,17.559999465942383,1467.0
2024-10-31 11:19:00+00:00,CRKN,0.9085999727249146,0.9085999727249146,0.9085999727249146,0.9085999727249146,0.9085999727249146,110.0
2024-10-31 11:19:00+00:00,GEVO,2.384999990463257,2.384999990463257,2.384999990463257,2.384999990463257,2.384999990463257,1336.0
2024-10-31 11:19:00+00:00,GPRE,13.99940013885498,13.99940013885498,13.99940013885498,13.960000038146973,13.960000038146973,6354.0
2024-10-31 11:19:00+00:00,HDSN,7.525000095367432,7.525000095367432,7.53000020980835,7.525000095367432,7.53000020980835,600.0
2024-10-31 11:19:00+00:00,MERC,6.429999828338623,6.429999828338623,6.429999828338623,6.429999828338623,6.429999828338623,411.0
2024-10-31 11:19:00+00:00,ORGN,1.3899999856948853,1.3899999856948853,1.3899999856948853,1.3899999856948853,1.3899999856948853,256.0
2024-10-31 11:19:00+00:00,PAAS,23.229999542236328,23.229999542236328,23.25,23.19499969482422,23.19499969482422,49476.0
2024-10-31 11:19:00+00:00,PLL,13.010000228881836,13.010000228881836,13.010000228881836,13.010000228881836,13.010000228881836,1160.0
2024-10-31 11:19:00+00:00,PPTA,9.890000343322754,9.890000343322754,9.890000343322754,9.890000343322754,9.890000343322754,391.0
2024-10-31 11:19:00+00:00,SSRM,6.090000152587891,6.090000152587891,6.090000152587891,6.090000152587891,6.090000152587891,660.0
2024-10-31 11:19:00+00:00,STLD,131.57000732421875,131.57000732421875,131.58999633789062,131.55079650878906,131.58999633789062,1060.0
2024-10-31 11:19:00+00:00,USLM,111.18000030517578,111.18000030517578,111.20999908447266,111.18000030517578,111.20999908447266,3261.0
2024-10-31 11:20:00+00:00,AREC,1.0046000480651855,1.0046000480651855,1.0046000480651855,1.0046000480651855,1.0046000480651855,2000.0
2024-10-31 11:20:00+00:00,ASTL,10.329999923706055,10.329999923706055,10.329999923706055,10.300000190734863,10.3100004196167,1654.0
2024-10-31 11:20:00+00:00,BIOX,6.809999942779541,6.809999942779541,6.809999942779541,6.809999942779541,6.809999942779541,99.0
2024-10-31 11:20:00+00:00,CENX,17.549999237060547,17.549999237060547,17.559999465942383,17.549999237060547,17.559999465942383,774.0
2024-10-31 11:20:00+00:00,CRKN,0.9075000286102295,0.9075000286102295,0.9079999923706055,0.9075000286102295,0.9079999923706055,800.0
2024-10-31 11:20:00+00:00,GEVO,2.384999990463257,2.384999990463257,2.390000104904175,2.384999990463257,2.384999990463257,3542.0
2024-10-31 11:20:00+00:00,GPRE,13.970000267028809,13.970000267028809,13.979999542236328,13.930000305175781,13.970600128173828,8391.0
2024-10-31 11:20:00+00:00,GSM,4.159900188446045,4.159900188446045,4.159900188446045,4.150000095367432,4.150000095367432,1361.0
2024-10-31 11:20:00+00:00,GURE,0.6190000176429749,0.6190000176429749,0.6190000176429749,0.6190000176429749,0.6190000176429749,0.0
2024-10-31 11:20:00+00:00,HDSN,7.539999961853027,7.539999961853027,7.539999961853027,7.539999961853027,7.539999961853027,433.0
2024-10-31 11:20:00+00:00,LGO,2.444999933242798,2.444999933242798,2.444999933242798,2.4200000762939453,2.4200000762939453,1390.0
2024-10-31 11:20:00+00:00,LITM,0.36010000109672546,0.36010000109672546,0.36010000109672546,0.36010000109672546,0.36010000109672546,1610.0
2024-10-31 11:20:00+00:00,LWLG,3.194999933242798,3.194999933242798,3.194999933242798,3.194999933242798,3.194999933242798,136.0
2024-10-31 11:20:00+00:00,METC,9.96500015258789,9.96500015258789,9.96500015258789,9.96500015258789,9.96500015258789,1794.0
2024-10-31 11:20:00+00:00,PAAS,23.290000915527344,23.290000915527344,23.290000915527344,23.200000762939453,23.21500015258789,30366.0
2024-10-31 11:20:00+00:00,RGLD,146.31500244140625,146.31500244140625,146.31500244140625,146.3000030517578,146.3000030517578,699.0
2024-10-31 11:20:00+00:00,SGML,14.005000114440918,14.005000114440918,14.005000114440918,14.005000114440918,14.005000114440918,600.0
2024-10-31 11:20:00+00:00,SSRM,6.074699878692627,6.074699878692627,6.079999923706055,6.074699878692627,6.079999923706055,3837.0
2024-10-31 11:20:00+00:00,STLD,131.51499938964844,131.51499938964844,131.51499938964844,131.51499938964844,131.51499938964844,208.0
2024-10-31 11:20:00+00:00,TMC,0.9768000245094299,0.9768000245094299,0.9768000245094299,0.9768000245094299,0.9768000245094299,2096.0
2024-10-31 11:20:00+00:00,UFPI,122.86000061035156,122.86000061035156,122.86000061035156,122.76000213623047,122.76000213623047,898.0
2024-10-31 11:20:00+00:00,USLM,111.16999816894531,111.16999816894531,111.16999816894531,111.16999816894531,111.16999816894531,952.0
2024-10-31 11:21:00+00:00,AREC,1.0022000074386597,1.0022000074386597,1.0022000074386597,1.0022000074386597,1.0022000074386597,0.0
2024-10-31 11:21:00+00:00,ASTL,10.319999694824219,10.319999694824219,10.319999694824219,10.319999694824219,10.319999694824219,223.0
2024-10-31 11:21:00+00:00,CNEY,0.5099999904632568,0.5099999904632568,0.5099999904632568,0.5099999904632568,0.5099999904632568,500.0
2024-10-31 11:21:00+00:00,CRKN,0.9072999954223633,0.9072999954223633,0.9074000120162964,0.9071999788284302,0.9071999788284302,1517.0
2024-10-31 11:21:00+00:00,GEVO,2.384999990463257,2.384999990463257,2.390000104904175,2.384999990463257,2.384999990463257,1975.0
2024-10-31 11:21:00+00:00,GPRE,13.949999809265137,13.949999809265137,13.949999809265137,13.949999809265137,13.949999809265137,484.0
2024-10-31 11:21:00+00:00,GSM,4.164999961853027,4.164999961853027,4.164999961853027,4.159999847412109,4.159999847412109,6184.0
2024-10-31 11:21:00+00:00,HDSN,7.539899826049805,7.539899826049805,7.539999961853027,7.534999847412109,7.534999847412109,1622.0
2024-10-31 11:21:00+00:00,HYMC,2.3970999717712402,2.3970999717712402,2.3970999717712402,2.3970999717712402,2.3970999717712402,1100.0
2024-10-31 11:21:00+00:00,LITM,0.35120001435279846,0.35120001435279846,0.35120001435279846,0.35120001435279846,0.35120001435279846,400.0
2024-10-31 11:21:00+00:00,LWLG,3.200000047683716,3.200000047683716,3.200000047683716,3.200000047683716,3.200000047683716,574.0
2024-10-31 11:21:00+00:00,MERC,6.425000190734863,6.425000190734863,6.425000190734863,6.425000190734863,6.425000190734863,388.0
2024-10-31 11:21:00+00:00,ORGN,1.3949999809265137,1.3949999809265137,1.3949999809265137,1.3949999809265137,1.3949999809265137,1414.0
2024-10-31 11:21:00+00:00,PAAS,23.264999389648438,23.264999389648438,23.290000915527344,23.25,23.280000686645508,18383.0
2024-10-31 11:21:00+00:00,PLL,13.001299858093262,13.001299858093262,13.0600004196167,13.001299858093262,13.0600004196167,1456.0
2024-10-31 11:21:00+00:00,RGLD,146.31500244140625,146.31500244140625,146.31500244140625,146.31500244140625,146.31500244140625,329.0
2024-10-31 11:21:00+00:00,SGML,14.005000114440918,14.005000114440918,14.005000114440918,14.005000114440918,14.005000114440918,0.0
2024-10-31 11:21:00+00:00,SSRM,6.085000038146973,6.085000038146973,6.085000038146973,6.079999923706055,6.079999923706055,1785.0
2024-10-31 11:21:00+00:00,STLD,131.5225067138672,131.5225067138672,131.5225067138672,131.51499938964844,131.51499938964844,433.0
2024-10-31 11:21:00+00:00,UFPI,122.83000183105469,122.83000183105469,122.83000183105469,122.80000305175781,122.80000305175781,825.0
2024-10-31 11:21:00+00:00,USAP,43.970001220703125,43.970001220703125,43.970001220703125,43.970001220703125,43.970001220703125,2283.0
2024-10-31 11:21:00+00:00,USAU,6.045000076293945,6.045000076293945,6.045000076293945,6.045000076293945,6.045000076293945,221.0
2024-10-31 11:21:00+00:00,USLM,111.45999908447266,111.45999908447266,111.45999908447266,111.45999908447266,111.45999908447266,247.0
2024-10-31 11:21:00+00:00,WDFC,262.0950012207031,262.0950012207031,262.0950012207031,262.0950012207031,262.0950012207031,247.0
2024-10-31 11:22:00+00:00,ALTO,1.7549999952316284,1.7549999952316284,1.7549999952316284,1.75,1.75,1600.0
2024-10-31 11:22:00+00:00,ASTL,10.319999694824219,10.319999694824219,10.319999694824219,10.319999694824219,10.319999694824219,455.0
2024-10-31 11:22:00+00:00,CENX,17.639999389648438,17.639999389648438,17.639999389648438,17.639999389648438,17.639999389648438,150.0
2024-10-31 11:22:00+00:00,CNEY,0.4959999918937683,0.4959999918937683,0.4959999918937683,0.4959999918937683,0.4959999918937683,3002.0
2024-10-31 11:22:00+00:00,FEAM,0.4620000123977661,0.4620000123977661,0.4620000123977661,0.4620000123977661,0.4620000123977661,164.0
2024-10-31 11:22:00+00:00,GEVO,2.384999990463257,2.384999990463257,2.384999990463257,2.384999990463257,2.384999990463257,6683.0
2024-10-31 11:22:00+00:00,GPRE,13.930000305175781,13.930000305175781,13.979999542236328,13.930000305175781,13.970000267028809,8343.0
2024-10-31 11:22:00+00:00,IPX,21.0447998046875,21.0447998046875,21.0447998046875,21.0447998046875,21.0447998046875,452.0
2024-10-31 11:22:00+00:00,LITM,0.3513000011444092,0.3513000011444092,0.3513000011444092,0.3513000011444092,0.3513000011444092,0.0
2024-10-31 11:22:00+00:00,MERC,6.440000057220459,6.440000057220459,6.440000057220459,6.440000057220459,6.440000057220459,599.0
2024-10-31 11:22:00+00:00,PAAS,23.219999313354492,23.219999313354492,23.290000915527344,23.219999313354492,23.264999389648438,20653.0
2024-10-31 11:22:00+00:00,PLL,13.005000114440918,13.005000114440918,13.028200149536133,13.005000114440918,13.028200149536133,1807.0
2024-10-31 11:22:00+00:00,SGML,14.029999732971191,14.029999732971191,14.039999961853027,14.029999732971191,14.029999732971191,1316.0
2024-10-31 11:22:00+00:00,SSRM,6.07420015335083,6.07420015335083,6.079999923706055,6.07420015335083,6.079999923706055,6476.0
2024-10-31 11:22:00+00:00,STLD,131.443603515625,131.443603515625,131.443603515625,131.443603515625,131.443603515625,113.0
2024-10-31 11:22:00+00:00,UFPI,123.02999877929688,123.02999877929688,123.02999877929688,122.91000366210938,122.91000366210938,832.0
2024-10-31 11:22:00+00:00,USLM,111.48999786376953,111.48999786376953,111.48999786376953,111.20999908447266,111.36000061035156,1092.0
2024-10-31 11:23:00+00:00,ALTO,1.7589000463485718,1.7589000463485718,1.7589000463485718,1.7549999952316284,1.7549999952316284,353.0
2024-10-31 11:23:00+00:00,BCPC,167.55499267578125,167.55499267578125,167.68499755859375,167.55499267578125,167.68499755859375,1039.0
2024-10-31 11:23:00+00:00,CENX,17.640100479125977,17.640100479125977,17.645000457763672,17.640100479125977,17.645000457763672,994.0
2024-10-31 11:23:00+00:00,CNEY,0.5099999904632568,0.5099999904632568,0.5099999904632568,0.5099999904632568,0.5099999904632568,103.0
2024-10-31 11:23:00+00:00,GEVO,2.390000104904175,2.390000104904175,2.390000104904175,2.380000114440918,2.384999990463257,3333.0
2024-10-31 11:23:00+00:00,GPRE,13.859999656677246,13.859999656677246,13.930000305175781,13.850000381469727,13.930000305175781,7439.0
2024-10-31 11:23:00+00:00,GSM,4.170000076293945,4.170000076293945,4.170000076293945,4.163300037384033,4.163300037384033,3672.0
2024-10-31 11:23:00+00:00,GURE,0.6000999808311462,0.6000999808311462,0.6000999808311462,0.6000999808311462,0.6000999808311462,988.0
2024-10-31 11:23:00+00:00,HDSN,7.549900054931641,7.549900054931641,7.550000190734863,7.549900054931641,7.550000190734863,1610.0
2024-10-31 11:23:00+00:00,LGO,2.4419000148773193,2.4419000148773193,2.4419000148773193,2.4419000148773193,2.4419000148773193,1000.0
2024-10-31 11:23:00+00:00,LWLG,3.2100000381469727,3.2100000381469727,3.2100000381469727,3.2100000381469727,3.2100000381469727,305.0
2024-10-31 11:23:00+00:00,ORGN,1.3949999809265137,1.3949999809265137,1.3949999809265137,1.3949999809265137,1.3949999809265137,544.0
2024-10-31 11:23:00+00:00,PAAS,23.270000457763672,23.270000457763672,23.270000457763672,23.25,23.25,9184.0
2024-10-31 11:23:00+00:00,PLL,13.050000190734863,13.050000190734863,13.050000190734863,13.010000228881836,13.010000228881836,210.0
2024-10-31 11:23:00+00:00,RGLD,146.375,146.375,146.4600067138672,146.375,146.4600067138672,1107.0
2024-10-31 11:23:00+00:00,SSRM,6.079999923706055,6.079999923706055,6.079999923706055,6.074999809265137,6.074999809265137,0.0
2024-10-31 11:23:00+00:00,STLD,131.68499755859375,131.68499755859375,131.74000549316406,131.50999450683594,131.52000427246094,2382.0
2024-10-31 11:23:00+00:00,TMC,0.9800000190734863,0.9800000190734863,0.9800000190734863,0.9799000024795532,0.9799000024795532,1945.0
2024-10-31 11:23:00+00:00,UFPI,123.05000305175781,123.05000305175781,123.07499694824219,123.05000305175781,123.07499694824219,621.0
2024-10-31 11:23:00+00:00,USAP,44.0099983215332,44.0099983215332,44.0099983215332,43.95500183105469,43.95500183105469,1412.0
2024-10-31 11:23:00+00:00,WDFC,262.0950012207031,262.0950012207031,262.0950012207031,262.0950012207031,262.0950012207031,507.0
2024-10-31 11:24:00+00:00,CENX,17.649999618530273,17.649999618530273,17.649999618530273,17.646799087524414,17.646799087524414,2041.0
2024-10-31 11:24:00+00:00,CRKN,0.9085999727249146,0.9085999727249146,0.9085999727249146,0.9085999727249146,0.9085999727249146,352.0
2024-10-31 11:24:00+00:00,GEVO,2.384999990463257,2.384999990463257,2.384999990463257,2.384999990463257,2.384999990463257,2681.0
2024-10-31 11:24:00+00:00,GPRE,13.850000381469727,13.850000381469727,13.850000381469727,13.84000015258789,13.850000381469727,3405.0
2024-10-31 11:24:00+00:00,GSM,4.170000076293945,4.170000076293945,4.170000076293945,4.170000076293945,4.170000076293945,1289.0
2024-10-31 11:24:00+00:00,GURE,0.6000000238418579,0.6000000238418579,0.6000000238418579,0.6000000238418579,0.6000000238418579,0.0
2024-10-31 11:24:00+00:00,LWLG,3.200900077819824,3.200900077819824,3.2100000381469727,3.200900077819824,3.2100000381469727,1681.0
2024-10-31 11:24:00+00:00,MERC,6.449999809265137,6.449999809265137,6.449999809265137,6.449999809265137,6.449999809265137,811.0
2024-10-31 11:24:00+00:00,METC,9.979999542236328,9.979999542236328,9.989999771118164,9.979999542236328,9.989999771118164,671.0
2024-10-31 11:24:00+00:00,ORGN,1.3899999856948853,1.3899999856948853,1.3899999856948853,1.3899999856948853,1.3899999856948853,108.0
2024-10-31 11:24:00+00:00,PAAS,23.229999542236328,23.229999542236328,23.260000228881836,23.229999542236328,23.260000228881836,1271.0
2024-10-31 11:24:00+00:00,PPTA,9.890000343322754,9.890000343322754,9.890000343322754,9.890000343322754,9.890000343322754,259.0
2024-10-31 11:24:00+00:00,RGLD,146.4239959716797,146.4239959716797,146.4239959716797,146.4239959716797,146.4239959716797,266.0
2024-10-31 11:24:00+00:00,STLD,131.60000610351562,131.60000610351562,131.60000610351562,131.60000610351562,131.60000610351562,138.0
2024-10-31 11:24:00+00:00,UFPI,122.9800033569336,122.9800033569336,122.9800033569336,122.7699966430664,122.93000030517578,2743.0
2024-10-31 11:24:00+00:00,USAU,6.060100078582764,6.060100078582764,6.060100078582764,6.060100078582764,6.060100078582764,254.0
2024-10-31 11:25:00+00:00,ALTO,1.7549999952316284,1.7549999952316284,1.7599999904632568,1.7546000480651855,1.7546000480651855,3300.0
2024-10-31 11:25:00+00:00,ASTL,10.335000038146973,10.335000038146973,10.335000038146973,10.335000038146973,10.335000038146973,112.0
2024-10-31 11:25:00+00:00,CENX,17.665000915527344,17.665000915527344,17.665000915527344,17.6299991607666,17.664899826049805,4476.0
2024-10-31 11:25:00+00:00,CNEY,0.5099999904632568,0.5099999904632568,0.5099999904632568,0.5099999904632568,0.5099999904632568,105.0
2024-10-31 11:25:00+00:00,CRKN,0.9085999727249146,0.9085999727249146,0.9085999727249146,0.9085999727249146,0.9085999727249146,1467.0
2024-10-31 11:25:00+00:00,GEVO,2.369999885559082,2.369999885559082,2.387700080871582,2.369999885559082,2.380000114440918,21251.0
2024-10-31 11:25:00+00:00,GPRE,13.800000190734863,13.800000190734863,13.848299980163574,13.800000190734863,13.848299980163574,5347.0
2024-10-31 11:25:00+00:00,GURE,0.602400004863739,0.602400004863739,0.602400004863739,0.6000999808311462,0.6000999808311462,200.0
2024-10-31 11:25:00+00:00,IOSP,109.22000122070312,109.22000122070312,109.22000122070312,109.22000122070312,109.22000122070312,236.0
2024-10-31 11:25:00+00:00,LGO,2.450000047683716,2.450000047683716,2.450000047683716,2.450000047683716,2.450000047683716,0.0
2024-10-31 11:25:00+00:00,LITM,0.3619000017642975,0.3619000017642975,0.3619999885559082,0.35850000381469727,0.3619999885559082,5884.0
2024-10-31 11:25:00+00:00,LWLG,3.200000047683716,3.200000047683716,3.200000047683716,3.200000047683716,3.200000047683716,717.0
2024-10-31 11:25:00+00:00,MEOH,38.97999954223633,38.97999954223633,38.97999954223633,38.97999954223633,38.97999954223633,531.0
2024-10-31 11:25:00+00:00,METC,9.989999771118164,9.989999771118164,9.989999771118164,9.989999771118164,9.989999771118164,208.0
2024-10-31 11:25:00+00:00,ORGN,1.3911999464035034,1.3911999464035034,1.3949999809265137,1.3911999464035034,1.3949999809265137,295.0
2024-10-31 11:25:00+00:00,PAAS,23.1299991607666,23.1299991607666,23.209999084472656,23.1299991607666,23.209999084472656,98415.0
2024-10-31 11:25:00+00:00,PLL,12.970000267028809,12.970000267028809,13.029999732971191,12.970000267028809,13.029999732971191,3444.0
2024-10-31 11:25:00+00:00,RGLD,146.17999267578125,146.17999267578125,146.3699951171875,146.17999267578125,146.3699951171875,1205.0
2024-10-31 11:25:00+00:00,SGML,14.0649995803833,14.0649995803833,14.0649995803833,14.0649995803833,14.0649995803833,200.0
2024-10-31 11:25:00+00:00,SNES,2.8496999740600586,2.8496999740600586,2.890000104904175,2.8496999740600586,2.880000114440918,1796.0
2024-10-31 11:25:00+00:00,SSRM,6.079999923706055,6.079999923706055,6.089200019836426,6.079999923706055,6.085000038146973,4271.0
2024-10-31 11:25:00+00:00,STLD,131.59500122070312,131.59500122070312,131.60000610351562,131.59500122070312,131.60000610351562,1785.0
2024-10-31 11:25:00+00:00,UFPI,122.80999755859375,122.80999755859375,122.80999755859375,122.80000305175781,122.80000305175781,1296.0
2024-10-31 11:26:00+00:00,ASTL,10.335000038146973,10.335000038146973,10.335000038146973,10.335000038146973,10.335000038146973,200.0
2024-10-31 11:26:00+00:00,CENX,17.714799880981445,17.714799880981445,17.714799880981445,17.69499969482422,17.69499969482422,850.0
2024-10-31 11:26:00+00:00,CNEY,0.5090000033378601,0.5090000033378601,0.5090000033378601,0.5090000033378601,0.5090000033378601,200.0
2024-10-31 11:26:00+00:00,GEVO,2.3719000816345215,2.3719000816345215,2.378499984741211,2.369999885559082,2.37280011177063,2562.0
2024-10-31 11:26:00+00:00,GPRE,13.720100402832031,13.720100402832031,13.819999694824219,13.720100402832031,13.805000305175781,26399.0
2024-10-31 11:26:00+00:00,GURE,0.602400004863739,0.602400004863739,0.602400004863739,0.6000000238418579,0.6000000238418579,200.0
2024-10-31 11:26:00+00:00,HDSN,7.550000190734863,7.550000190734863,7.550000190734863,7.550000190734863,7.550000190734863,413.0
2024-10-31 11:26:00+00:00,KALU,75.29000091552734,75.29000091552734,75.29000091552734,75.29000091552734,75.29000091552734,259.0
2024-10-31 11:26:00+00:00,LITM,0.3650999963283539,0.3650999963283539,0.3650999963283539,0.3619000017642975,0.3619000017642975,5000.0
2024-10-31 11:26:00+00:00,MEOH,38.915000915527344,38.915000915527344,38.915000915527344,38.915000915527344,38.915000915527344,228.0
2024-10-31 11:26:00+00:00,MERC,6.434999942779541,6.434999942779541,6.440000057220459,6.434999942779541,6.440000057220459,1445.0
2024-10-31 11:26:00+00:00,METC,9.979999542236328,9.979999542236328,9.979999542236328,9.979999542236328,9.979999542236328,769.0
2024-10-31 11:26:00+00:00,PAAS,23.169700622558594,23.169700622558594,23.170000076293945,23.1299991607666,23.1299991607666,8007.0
2024-10-31 11:26:00+00:00,PPTA,9.890000343322754,9.890000343322754,9.890000343322754,9.890000343322754,9.890000343322754,310.0
2024-10-31 11:26:00+00:00,SGML,14.09000015258789,14.09000015258789,14.09000015258789,14.0649995803833,14.0649995803833,1653.0
2024-10-31 11:26:00+00:00,SSRM,6.074999809265137,6.074999809265137,6.074999809265137,6.074999809265137,6.074999809265137,1680.0
2024-10-31 11:26:00+00:00,STLD,131.5,131.5,131.52000427246094,131.5,131.52000427246094,1429.0
2024-10-31 11:26:00+00:00,TMC,0.9850000143051147,0.9850000143051147,0.9850000143051147,0.9825999736785889,0.9825999736785889,691.0
2024-10-31 11:26:00+00:00,USAU,6.079999923706055,6.079999923706055,6.079999923706055,6.079999923706055,6.079999923706055,340.0
2024-10-31 11:27:00+00:00,ALTO,1.774999976158142,1.774999976158142,1.7799999713897705,1.7599999904632568,1.7599999904632568,31432.0
2024-10-31 11:27:00+00:00,ASTL,10.335000038146973,10.335000038146973,10.335000038146973,10.335000038146973,10.335000038146973,780.0
2024-10-31 11:27:00+00:00,CENX,17.68000030517578,17.68000030517578,17.704999923706055,17.68000030517578,17.704999923706055,2371.0
2024-10-31 11:27:00+00:00,GEVO,2.375,2.375,2.375,2.369999885559082,2.3726000785827637,5363.0
2024-10-31 11:27:00+00:00,GPRE,13.730600357055664,13.730600357055664,13.734999656677246,13.729999542236328,13.729999542236328,1361.0
2024-10-31 11:27:00+00:00,HUDI,2.049999952316284,2.049999952316284,2.049999952316284,2.049999952316284,2.049999952316284,4465.0
2024-10-31 11:27:00+00:00,LGO,2.4544999599456787,2.4544999599456787,2.4544999599456787,2.4544999599456787,2.4544999599456787,2500.0
2024-10-31 11:27:00+00:00,LITM,0.3650999963283539,0.3650999963283539,0.3650999963283539,0.3650999963283539,0.3650999963283539,200.0
2024-10-31 11:27:00+00:00,LWLG,3.194999933242798,3.194999933242798,3.194999933242798,3.194999933242798,3.194999933242798,284.0
2024-10-31 11:27:00+00:00,ORGN,1.3949999809265137,1.3949999809265137,1.3949999809265137,1.3949999809265137,1.3949999809265137,203.0
2024-10-31 11:27:00+00:00,PAAS,23.18000030517578,23.18000030517578,23.18000030517578,23.139999389648438,23.165000915527344,6369.0
2024-10-31 11:27:00+00:00,PLL,12.880000114440918,12.880000114440918,12.930000305175781,12.880000114440918,12.920000076293945,989.0
2024-10-31 11:27:00+00:00,RETO,1.1200000047683716,1.1200000047683716,1.1200000047683716,1.1200000047683716,1.1200000047683716,558.0
2024-10-31 11:27:00+00:00,RGLD,146.02000427246094,146.02000427246094,146.02000427246094,146.02000427246094,146.02000427246094,404.0
2024-10-31 11:27:00+00:00,SSRM,6.074699878692627,6.074699878692627,6.079999923706055,6.074699878692627,6.079999923706055,2887.0
2024-10-31 11:27:00+00:00,STLD,131.44500732421875,131.44500732421875,131.44500732421875,131.44500732421875,131.44500732421875,411.0
2024-10-31 11:27:00+00:00,UFPI,122.5999984741211,122.5999984741211,122.5999984741211,122.5999984741211,122.5999984741211,555.0
2024-10-31 11:27:00+00:00,USAP,43.935001373291016,43.935001373291016,43.939998626708984,43.935001373291016,43.939998626708984,1336.0
2024-10-31 11:27:00+00:00,WDFC,261.010009765625,261.010009765625,261.010009765625,261.010009765625,261.010009765625,573.0
2024-10-31 11:28:00+00:00,ALTO,1.774999976158142,1.774999976158142,1.774999976158142,1.774999976158142,1.774999976158142,1807.0
2024-10-31 11:28:00+00:00,CENX,17.65999984741211,17.65999984741211,17.68000030517578,17.655000686645508,17.68000030517578,2387.0
2024-10-31 11:28:00+00:00,CNEY,0.5098999738693237,0.5098999738693237,0.5098999738693237,0.5098999738693237,0.5098999738693237,87.0
2024-10-31 11:28:00+00:00,GEVO,2.359999895095825,2.359999895095825,2.3701000213623047,2.359999895095825,2.3701000213623047,51524.0
2024-10-31 11:28:00+00:00,GPRE,13.65999984741211,13.65999984741211,13.734999656677246,13.640000343322754,13.734999656677246,4568.0
2024-10-31 11:28:00+00:00,GSM,4.164999961853027,4.164999961853027,4.164999961853027,4.164999961853027,4.164999961853027,1754.0
2024-10-31 11:28:00+00:00,HDSN,7.550000190734863,7.550000190734863,7.550000190734863,7.550000190734863,7.550000190734863,1221.0
2024-10-31 11:28:00+00:00,HUDI,2.0350000858306885,2.0350000858306885,2.0350000858306885,2.0350000858306885,2.0350000858306885,1305.0
2024-10-31 11:28:00+00:00,HWKN,111.01010131835938,111.01010131835938,111.01010131835938,111.01010131835938,111.01010131835938,568.0
2024-10-31 11:28:00+00:00,KALU,75.4000015258789,75.4000015258789,75.4000015258789,75.4000015258789,75.4000015258789,115.0
2024-10-31 11:28:00+00:00,LITM,0.3650999963283539,0.3650999963283539,0.3650999963283539,0.3650999963283539,0.3650999963283539,203.0
2024-10-31 11:28:00+00:00,PAAS,23.184999465942383,23.184999465942383,23.200000762939453,23.18000030517578,23.18000030517578,9702.0
2024-10-31 11:28:00+00:00,PLL,12.912400245666504,12.912400245666504,12.912400245666504,12.912400245666504,12.912400245666504,422.0
2024-10-31 11:28:00+00:00,SGML,14.09000015258789,14.09000015258789,14.09000015258789,14.09000015258789,14.09000015258789,200.0
2024-10-31 11:28:00+00:00,SSRM,6.079999923706055,6.079999923706055,6.079999923706055,6.074699878692627,6.079699993133545,3559.0
2024-10-31 11:28:00+00:00,STLD,131.30499267578125,131.30499267578125,131.30499267578125,131.30499267578125,131.30499267578125,140.0
2024-10-31 11:28:00+00:00,UFPI,122.5199966430664,122.5199966430664,122.5199966430664,122.5199966430664,122.5199966430664,332.0
2024-10-31 11:28:00+00:00,USAP,43.91999816894531,43.91999816894531,43.91999816894531,43.91999816894531,43.91999816894531,267.0
2024-10-31 11:28:00+00:00,USAU,6.092599868774414,6.092599868774414,6.092599868774414,6.079999923706055,6.079999923706055,226.0
2024-10-31 11:28:00+00:00,USLM,111.56999969482422,111.56999969482422,111.56999969482422,111.56999969482422,111.56999969482422,367.0
2024-10-31 11:29:00+00:00,ALTO,1.774999976158142,1.774999976158142,1.774999976158142,1.774999976158142,1.774999976158142,1390.0
2024-10-31 11:29:00+00:00,BIOX,6.809999942779541,6.809999942779541,6.809999942779541,6.809999942779541,6.809999942779541,201.0
2024-10-31 11:29:00+00:00,CENX,17.674999237060547,17.674999237060547,17.674999237060547,17.665000915527344,17.665000915527344,438.0
2024-10-31 11:29:00+00:00,GEVO,2.365000009536743,2.365000009536743,2.369999885559082,2.365000009536743,2.369999885559082,1959.0
2024-10-31 11:29:00+00:00,GPRE,13.670000076293945,13.670000076293945,13.670000076293945,13.569999694824219,13.619999885559082,9405.0
2024-10-31 11:29:00+00:00,GSM,4.170000076293945,4.170000076293945,4.170000076293945,4.170000076293945,4.170000076293945,499.0
2024-10-31 11:29:00+00:00,KALU,75.4000015258789,75.4000015258789,75.4000015258789,75.2136001586914,75.2136001586914,397.0
2024-10-31 11:29:00+00:00,MERC,6.429999828338623,6.429999828338623,6.429999828338623,6.429999828338623,6.429999828338623,397.0
2024-10-31 11:29:00+00:00,METC,10.029999732971191,10.029999732971191,10.029999732971191,10.0,10.0,1940.0
2024-10-31 11:29:00+00:00,PAAS,23.219900131225586,23.219900131225586,23.219900131225586,23.190000534057617,23.190000534057617,2420.0
2024-10-31 11:29:00+00:00,RGLD,146.0,146.0,146.0,146.0,146.0,790.0
2024-10-31 11:29:00+00:00,SGML,14.069999694824219,14.069999694824219,14.069999694824219,14.069999694824219,14.069999694824219,102.0
2024-10-31 11:29:00+00:00,SSRM,6.085000038146973,6.085000038146973,6.085000038146973,6.079999923706055,6.079999923706055,396.0
2024-10-31 11:29:00+00:00,STLD,131.3000030517578,131.3000030517578,131.3699951171875,131.3000030517578,131.3699951171875,566.0
2024-10-31 11:29:00+00:00,UFPI,122.55500030517578,122.55500030517578,122.55500030517578,122.44999694824219,122.5,2852.0
2024-10-31 11:29:00+00:00,USAP,43.869998931884766,43.869998931884766,43.91999816894531,43.869998931884766,43.880001068115234,606.0
2024-10-31 11:29:00+00:00,USAU,6.03000020980835,6.03000020980835,6.065000057220459,6.03000020980835,6.044000148773193,982.0
2024-10-31 11:30:00+00:00,ALTO,1.774999976158142,1.774999976158142,1.774999976158142,1.774999976158142,1.774999976158142,200.0
2024-10-31 11:30:00+00:00,CENX,17.684999465942383,17.684999465942383,17.684999465942383,17.684999465942383,17.684999465942383,727.0
2024-10-31 11:30:00+00:00,CNEY,0.4961000084877014,0.4961000084877014,0.4961000084877014,0.4961000084877014,0.4961000084877014,8110.0
2024-10-31 11:30:00+00:00,CRKN,0.9085000157356262,0.9085000157356262,0.9085999727249146,0.9085000157356262,0.9085999727249146,2290.0
2024-10-31 11:30:00+00:00,FEAM,0.4620000123977661,0.4620000123977661,0.4620000123977661,0.4620000123977661,0.4620000123977661,616.0
2024-10-31 11:30:00+00:00,GEVO,2.365000009536743,2.365000009536743,2.369999885559082,2.359999895095825,2.369999885559082,8768.0
2024-10-31 11:30:00+00:00,GPRE,13.675000190734863,13.675000190734863,13.680000305175781,13.65999984741211,13.680000305175781,3321.0
2024-10-31 11:30:00+00:00,GSM,4.164999961853027,4.164999961853027,4.164999961853027,4.164999961853027,4.164999961853027,415.0
2024-10-31 11:30:00+00:00,HYMC,2.390000104904175,2.390000104904175,2.390000104904175,2.390000104904175,2.390000104904175,111.0
2024-10-31 11:30:00+00:00,LGO,2.4200000762939453,2.4200000762939453,2.440000057220459,2.4200000762939453,2.440000057220459,0.0
2024-10-31 11:30:00+00:00,LWLG,3.190000057220459,3.190000057220459,3.190000057220459,3.190000057220459,3.190000057220459,387.0
2024-10-31 11:30:00+00:00,MEOH,38.900001525878906,38.900001525878906,38.900001525878906,38.900001525878906,38.900001525878906,218.0
2024-10-31 11:30:00+00:00,MERC,6.440000057220459,6.440000057220459,6.440000057220459,6.440000057220459,6.440000057220459,307.0
2024-10-31 11:30:00+00:00,ORGN,1.3949999809265137,1.3949999809265137,1.3949999809265137,1.3899999856948853,1.3899999856948853,592.0
2024-10-31 11:30:00+00:00,PAAS,23.204999923706055,23.204999923706055,23.229999542236328,23.204999923706055,23.219999313354492,3587.0
2024-10-31 11:30:00+00:00,PLL,12.890000343322754,12.890000343322754,12.890000343322754,12.890000343322754,12.890000343322754,236.0
2024-10-31 11:30:00+00:00,PPTA,9.899999618530273,9.899999618530273,9.899999618530273,9.899999618530273,9.899999618530273,463.0
2024-10-31 11:30:00+00:00,SGML,14.029999732971191,14.029999732971191,14.069999694824219,14.029999732971191,14.0600004196167,2664.0
2024-10-31 11:30:00+00:00,SSRM,6.079999923706055,6.079999923706055,6.079999923706055,6.079999923706055,6.079999923706055,895.0
2024-10-31 11:30:00+00:00,STLD,131.27499389648438,131.27499389648438,131.43499755859375,131.27499389648438,131.3699951171875,3504.0
2024-10-31 11:30:00+00:00,UFPI,122.75,122.75,122.75,122.62999725341797,122.6500015258789,1124.0
2024-10-31 11:30:00+00:00,USAP,43.915000915527344,43.915000915527344,43.91999816894531,43.915000915527344,43.91999816894531,297.0
2024-10-31 11:30:00+00:00,USLM,111.86499786376953,111.86499786376953,111.86499786376953,111.86499786376953,111.86499786376953,520.0
2024-10-31 11:31:00+00:00,ALTO,1.774999976158142,1.774999976158142,1.774999976158142,1.7705999612808228,1.7705999612808228,2943.0
2024-10-31 11:31:00+00:00,BIOX,6.800000190734863,6.800000190734863,6.800000190734863,6.800000190734863,6.800000190734863,203.0
2024-10-31 11:31:00+00:00,CENX,17.684999465942383,17.684999465942383,17.684999465942383,17.65999984741211,17.65999984741211,314.0
2024-10-31 11:31:00+00:00,GEVO,2.365000009536743,2.365000009536743,2.369999885559082,2.365000009536743,2.368000030517578,7348.0
2024-10-31 11:31:00+00:00,GPRE,13.680000305175781,13.680000305175781,13.692399978637695,13.675000190734863,13.675000190734863,985.0
2024-10-31 11:31:00+00:00,GSM,4.164999961853027,4.164999961853027,4.164999961853027,4.164999961853027,4.164999961853027,1138.0
2024-10-31 11:31:00+00:00,HYMC,2.369999885559082,2.369999885559082,2.369999885559082,2.369999885559082,2.369999885559082,712.0
2024-10-31 11:31:00+00:00,KALU,75.48999786376953,75.48999786376953,75.48999786376953,75.48999786376953,75.48999786376953,112.0
2024-10-31 11:31:00+00:00,LWLG,3.194999933242798,3.194999933242798,3.194999933242798,3.194999933242798,3.194999933242798,178.0
2024-10-31 11:31:00+00:00,MEOH,38.869998931884766,38.869998931884766,38.869998931884766,38.869998931884766,38.869998931884766,485.0
2024-10-31 11:31:00+00:00,MERC,6.440000057220459,6.440000057220459,6.440000057220459,6.440000057220459,6.440000057220459,203.0
2024-10-31 11:31:00+00:00,ORGN,1.3949999809265137,1.3949999809265137,1.3949999809265137,1.3949999809265137,1.3949999809265137,512.0
2024-10-31 11:31:00+00:00,PAAS,23.18000030517578,23.18000030517578,23.209999084472656,23.18000030517578,23.209999084472656,9216.0
2024-10-31 11:31:00+00:00,PLL,12.899999618530273,12.899999618530273,12.899999618530273,12.899999618530273,12.899999618530273,1038.0
2024-10-31 11:31:00+00:00,PPTA,9.890000343322754,9.890000343322754,9.890000343322754,9.890000343322754,9.890000343322754,200.0
2024-10-31 11:31:00+00:00,SSRM,6.079899787902832,6.079899787902832,6.085000038146973,6.074999809265137,6.085000038146973,5610.0
2024-10-31 11:32:00+00:00,ALTO,1.774399995803833,1.774399995803833,1.774999976158142,1.7705999612808228,1.7705999612808228,3456.0
2024-10-31 11:32:00+00:00,AREC,1.0049999952316284,1.0049999952316284,1.0049999952316284,1.0049999952316284,1.0049999952316284,600.0
2024-10-31 11:32:00+00:00,CENX,17.670000076293945,17.670000076293945,17.700000762939453,17.670000076293945,17.700000762939453,1267.0
2024-10-31 11:32:00+00:00,GEVO,2.3550000190734863,2.3550000190734863,2.368499994277954,2.3550000190734863,2.365000009536743,72436.0
2024-10-31 11:32:00+00:00,GPRE,13.65999984741211,13.65999984741211,13.670000076293945,13.619999885559082,13.670000076293945,3412.0
2024-10-31 11:32:00+00:00,HYMC,2.3701000213623047,2.3701000213623047,2.3701000213623047,2.3701000213623047,2.3701000213623047,345.0
2024-10-31 11:32:00+00:00,KALU,75.43000030517578,75.43000030517578,75.43000030517578,75.43000030517578,75.43000030517578,204.0
2024-10-31 11:32:00+00:00,LGO,2.4600000381469727,2.4600000381469727,2.4600000381469727,2.437999963760376,2.440000057220459,1540.0
2024-10-31 11:32:00+00:00,LWLG,3.190000057220459,3.190000057220459,3.190999984741211,3.190000057220459,3.190999984741211,422.0
2024-10-31 11:32:00+00:00,PAAS,23.20400047302246,23.20400047302246,23.209999084472656,23.170000076293945,23.18000030517578,7849.0
2024-10-31 11:32:00+00:00,PLL,12.90999984741211,12.90999984741211,12.90999984741211,12.890000343322754,12.890000343322754,2623.0
2024-10-31 11:32:00+00:00,PPTA,9.880000114440918,9.880000114440918,9.885000228881836,9.880000114440918,9.885000228881836,1936.0
2024-10-31 11:32:00+00:00,SGML,14.0,14.0,14.020000457763672,14.0,14.020000457763672,301.0
2024-10-31 11:32:00+00:00,SSRM,6.073699951171875,6.073699951171875,6.074999809265137,6.073699951171875,6.074999809265137,1120.0
2024-10-31 11:32:00+00:00,TMC,0.9837999939918518,0.9837999939918518,0.9837999939918518,0.9837999939918518,0.9837999939918518,757.0
2024-10-31 11:32:00+00:00,UFPI,122.75,122.75,122.75,122.75,122.75,403.0
2024-10-31 11:32:00+00:00,USAP,43.939998626708984,43.939998626708984,43.939998626708984,43.939998626708984,43.939998626708984,301.0
2024-10-31 11:32:00+00:00,USLM,111.86499786376953,111.86499786376953,111.86499786376953,111.86499786376953,111.86499786376953,5578.0
2024-10-31 11:33:00+00:00,ALTO,1.774999976158142,1.774999976158142,1.7799999713897705,1.7700999975204468,1.7799999713897705,4661.0
2024-10-31 11:33:00+00:00,AREC,1.0,1.0,1.0075000524520874,1.0,1.0075000524520874,1100.0
2024-10-31 11:33:00+00:00,ASTL,10.329999923706055,10.329999923706055,10.329999923706055,10.329999923706055,10.329999923706055,860.0
2024-10-31 11:33:00+00:00,CENX,17.6200008392334,17.6200008392334,17.69499969482422,17.610000610351562,17.69499969482422,5427.0
2024-10-31 11:33:00+00:00,GEVO,2.3550000190734863,2.3550000190734863,2.365000009536743,2.3499999046325684,2.365000009536743,53126.0
2024-10-31 11:33:00+00:00,LWLG,3.200000047683716,3.200000047683716,3.200000047683716,3.200000047683716,3.200000047683716,1333.0
2024-10-31 11:33:00+00:00,MERC,6.445000171661377,6.445000171661377,6.445000171661377,6.445000171661377,6.445000171661377,304.0
2024-10-31 11:33:00+00:00,METC,10.010000228881836,10.010000228881836,10.010000228881836,10.010000228881836,10.010000228881836,779.0
2024-10-31 11:33:00+00:00,ORGN,1.3949999809265137,1.3949999809265137,1.3949999809265137,1.3949999809265137,1.3949999809265137,176.0
2024-10-31 11:33:00+00:00,PAAS,23.229999542236328,23.229999542236328,23.229999542236328,23.200000762939453,23.209999084472656,2834.0
2024-10-31 11:33:00+00:00,RGLD,146.11000061035156,146.11000061035156,146.1199951171875,146.11000061035156,146.1199951171875,611.0
2024-10-31 11:33:00+00:00,SEED,2.6285998821258545,2.6285998821258545,2.6285998821258545,2.6285998821258545,2.6285998821258545,228.0
2024-10-31 11:33:00+00:00,SGML,13.989999771118164,13.989999771118164,13.989999771118164,13.989999771118164,13.989999771118164,183.0
2024-10-31 11:33:00+00:00,SSRM,6.074999809265137,6.074999809265137,6.074999809265137,6.070899963378906,6.070899963378906,647.0
2024-10-31 11:33:00+00:00,STLD,131.22999572753906,131.22999572753906,131.25,131.21499633789062,131.22000122070312,698.0
2024-10-31 11:33:00+00:00,USAP,43.900001525878906,43.900001525878906,43.90999984741211,43.900001525878906,43.90999984741211,503.0
2024-10-31 11:34:00+00:00,ALTO,1.7699999809265137,1.7699999809265137,1.774999976158142,1.7699999809265137,1.774999976158142,12578.0
2024-10-31 11:34:00+00:00,AREC,0.9909999966621399,0.9909999966621399,1.0,0.9819999933242798,1.0,22988.0
2024-10-31 11:34:00+00:00,ASTL,10.335000038146973,10.335000038146973,10.335000038146973,10.335000038146973,10.335000038146973,325.0
2024-10-31 11:34:00+00:00,BIOX,6.809999942779541,6.809999942779541,6.809999942779541,6.809999942779541,6.809999942779541,307.0
2024-10-31 11:34:00+00:00,CENX,17.649999618530273,17.649999618530273,17.649999618530273,17.610000610351562,17.6200008392334,1658.0
2024-10-31 11:34:00+00:00,CNEY,0.4959999918937683,0.4959999918937683,0.4959999918937683,0.4959999918937683,0.4959999918937683,1369.0
2024-10-31 11:34:00+00:00,GEVO,2.359999895095825,2.359999895095825,2.359999895095825,2.3499999046325684,2.359999895095825,13300.0
2024-10-31 11:34:00+00:00,GPRE,13.694999694824219,13.694999694824219,13.760000228881836,13.680000305175781,13.680000305175781,16126.0
2024-10-31 11:34:00+00:00,GSM,4.169899940490723,4.169899940490723,4.169899940490723,4.169899940490723,4.169899940490723,865.0
2024-10-31 11:34:00+00:00,IOSP,109.20500183105469,109.20500183105469,109.20500183105469,109.20500183105469,109.20500183105469,171.0
2024-10-31 11:34:00+00:00,IPX,21.290000915527344,21.290000915527344,21.399999618530273,21.290000915527344,21.399999618530273,875.0
2024-10-31 11:34:00+00:00,LWLG,3.2149999141693115,3.2149999141693115,3.2149999141693115,3.2100000381469727,3.2100000381469727,635.0
2024-10-31 11:34:00+00:00,PAAS,23.219999313354492,23.219999313354492,23.235000610351562,23.209999084472656,23.229999542236328,7625.0
2024-10-31 11:34:00+00:00,PLL,12.870100021362305,12.870100021362305,12.870100021362305,12.870100021362305,12.870100021362305,3191.0
2024-10-31 11:34:00+00:00,SSRM,6.079500198364258,6.079500198364258,6.079500198364258,6.074999809265137,6.074999809265137,4623.0
2024-10-31 11:34:00+00:00,STLD,131.27000427246094,131.27000427246094,131.27000427246094,131.27000427246094,131.27000427246094,603.0
2024-10-31 11:34:00+00:00,UFPI,122.98999786376953,122.98999786376953,122.98999786376953,122.98999786376953,122.98999786376953,1689.0
2024-10-31 11:34:00+00:00,USAP,43.93000030517578,43.93000030517578,43.93000030517578,43.93000030517578,43.93000030517578,201.0
2024-10-31 11:34:00+00:00,USLM,111.9800033569336,111.9800033569336,111.9800033569336,111.9800033569336,111.9800033569336,157.0
2024-10-31 11:35:00+00:00,ALTO,1.7549999952316284,1.7549999952316284,1.7700999975204468,1.7549999952316284,1.7700999975204468,8097.0
2024-10-31 11:35:00+00:00,ASTL,10.324999809265137,10.324999809265137,10.324999809265137,10.324999809265137,10.324999809265137,432.0
2024-10-31 11:35:00+00:00,BIOX,6.789999961853027,6.789999961853027,6.794000148773193,6.789999961853027,6.794000148773193,1278.0
2024-10-31 11:35:00+00:00,CENX,17.6200008392334,17.6200008392334,17.639999389648438,17.6200008392334,17.639999389648438,204.0
2024-10-31 11:35:00+00:00,CRKN,0.9071000218391418,0.9071000218391418,0.9100000262260437,0.9071000218391418,0.9100000262260437,8000.0
2024-10-31 11:35:00+00:00,GEVO,2.359999895095825,2.359999895095825,2.359999895095825,2.3499999046325684,2.3499999046325684,5718.0
2024-10-31 11:35:00+00:00,GPRE,13.680000305175781,13.680000305175781,13.710000038146973,13.680000305175781,13.6850004196167,3386.0
2024-10-31 11:35:00+00:00,GSM,4.164999961853027,4.164999961853027,4.170000076293945,4.164999961853027,4.170000076293945,4506.0
2024-10-31 11:35:00+00:00,HDSN,7.545000076293945,7.545000076293945,7.545000076293945,7.545000076293945,7.545000076293945,1222.0
2024-10-31 11:35:00+00:00,HWKN,112.125,112.125,112.125,112.125,112.125,823.0
2024-10-31 11:35:00+00:00,LITM,0.3634999990463257,0.3634999990463257,0.36660000681877136,0.3634999990463257,0.36660000681877136,2270.0
2024-10-31 11:35:00+00:00,LWLG,3.2191998958587646,3.2191998958587646,3.2191998958587646,3.2191998958587646,3.2191998958587646,1012.0
2024-10-31 11:35:00+00:00,METC,10.029999732971191,10.029999732971191,10.029999732971191,10.029999732971191,10.029999732971191,151.0
2024-10-31 11:35:00+00:00,ORGN,1.3899999856948853,1.3899999856948853,1.3899999856948853,1.3899999856948853,1.3899999856948853,122.0
2024-10-31 11:35:00+00:00,PAAS,23.219999313354492,23.219999313354492,23.219999313354492,23.204999923706055,23.21500015258789,3628.0
2024-10-31 11:35:00+00:00,SSRM,6.079999923706055,6.079999923706055,6.079999923706055,6.074999809265137,6.074999809265137,261.0
2024-10-31 11:35:00+00:00,STLD,131.2050018310547,131.2050018310547,131.2050018310547,131.1999969482422,131.1999969482422,476.0
2024-10-31 11:35:00+00:00,USAP,43.935001373291016,43.935001373291016,43.935001373291016,43.900001525878906,43.900001525878906,2323.0
2024-10-31 11:35:00+00:00,USLM,111.88999938964844,111.88999938964844,111.88999938964844,111.88999938964844,111.88999938964844,610.0
2024-10-31 11:36:00+00:00,ALTO,1.7549999952316284,1.7549999952316284,1.7549999952316284,1.7549999952316284,1.7549999952316284,2.0
2024-10-31 11:36:00+00:00,CENX,17.600000381469727,17.600000381469727,17.6299991607666,17.600000381469727,17.6299991607666,2892.0
2024-10-31 11:36:00+00:00,CRKN,0.9085999727249146,0.9085999727249146,0.9085999727249146,0.9085999727249146,0.9085999727249146,0.0
2024-10-31 11:36:00+00:00,FEAM,0.4611000120639801,0.4611000120639801,0.4611000120639801,0.4611000120639801,0.4611000120639801,2119.0
2024-10-31 11:36:00+00:00,GEVO,2.365000009536743,2.365000009536743,2.365000009536743,2.3550000190734863,2.3550000190734863,38065.0
2024-10-31 11:36:00+00:00,GPRE,13.65999984741211,13.65999984741211,13.680000305175781,13.649999618530273,13.680000305175781,4947.0
2024-10-31 11:36:00+00:00,GURE,0.6189000010490417,0.6189000010490417,0.6189000010490417,0.6189000010490417,0.6189000010490417,100.0
2024-10-31 11:36:00+00:00,LGO,2.490000009536743,2.490000009536743,2.490000009536743,2.4800000190734863,2.48799991607666,2300.0
2024-10-31 11:36:00+00:00,LITM,0.36500000953674316,0.36500000953674316,0.36500000953674316,0.3635999858379364,0.3635999858379364,370.0
2024-10-31 11:36:00+00:00,LWLG,3.2249999046325684,3.2249999046325684,3.2249999046325684,3.2249999046325684,3.2249999046325684,564.0
2024-10-31 11:36:00+00:00,MERC,6.425000190734863,6.425000190734863,6.440000057220459,6.421500205993652,6.440000057220459,1192.0
2024-10-31 11:36:00+00:00,METC,10.034700393676758,10.034700393676758,10.034700393676758,10.029999732971191,10.029999732971191,1161.0
2024-10-31 11:36:00+00:00,ORGN,1.3949999809265137,1.3949999809265137,1.399999976158142,1.3949999809265137,1.399999976158142,244.0
2024-10-31 11:36:00+00:00,PAAS,23.200000762939453,23.200000762939453,23.219999313354492,23.200000762939453,23.219999313354492,7344.0
2024-10-31 11:36:00+00:00,PLL,12.9399995803833,12.9399995803833,12.9399995803833,12.895999908447266,12.895999908447266,1523.0
2024-10-31 11:36:00+00:00,SSRM,6.090000152587891,6.090000152587891,6.090000152587891,6.085000038146973,6.089900016784668,4008.0
2024-10-31 11:37:00+00:00,ALTO,1.7549999952316284,1.7549999952316284,1.7549999952316284,1.7549999952316284,1.7549999952316284,300.0
2024-10-31 11:37:00+00:00,ASTL,10.329999923706055,10.329999923706055,10.329999923706055,10.324999809265137,10.324999809265137,652.0
2024-10-31 11:37:00+00:00,CRKN,0.909600019454956,0.909600019454956,0.9099000096321106,0.9085000157356262,0.9096999764442444,8513.0
2024-10-31 11:37:00+00:00,GEVO,2.365000009536743,2.365000009536743,2.369999885559082,2.359999895095825,2.359999895095825,8998.0
2024-10-31 11:37:00+00:00,HDSN,7.539999961853027,7.539999961853027,7.539999961853027,7.539999961853027,7.539999961853027,175.0
2024-10-31 11:37:00+00:00,IPX,21.434999465942383,21.434999465942383,21.434999465942383,21.434999465942383,21.434999465942383,110.0
2024-10-31 11:37:00+00:00,KALU,75.51499938964844,75.51499938964844,75.51499938964844,75.51499938964844,75.51499938964844,436.0
2024-10-31 11:37:00+00:00,LITM,0.3635999858379364,0.3635999858379364,0.3635999858379364,0.3635999858379364,0.3635999858379364,140.0
2024-10-31 11:37:00+00:00,LWLG,3.2249999046325684,3.2249999046325684,3.2249999046325684,3.2249999046325684,3.2249999046325684,207.0
2024-10-31 11:37:00+00:00,MEOH,38.875,38.875,38.875,38.875,38.875,342.0
2024-10-31 11:37:00+00:00,METC,10.130000114440918,10.130000114440918,10.130000114440918,10.038000106811523,10.038000106811523,8600.0
2024-10-31 11:37:00+00:00,ORGN,1.3949999809265137,1.3949999809265137,1.3949999809265137,1.3949999809265137,1.3949999809265137,112.0
2024-10-31 11:37:00+00:00,PAAS,23.200000762939453,23.200000762939453,23.219999313354492,23.190000534057617,23.200000762939453,15372.0
2024-10-31 11:37:00+00:00,PLL,12.960000038146973,12.960000038146973,12.960000038146973,12.95989990234375,12.95989990234375,545.0
2024-10-31 11:37:00+00:00,RGLD,146.14999389648438,146.14999389648438,146.14999389648438,146.14999389648438,146.14999389648438,176.0
2024-10-31 11:37:00+00:00,SGML,14.024999618530273,14.024999618530273,14.024999618530273,13.989999771118164,13.989999771118164,392.0
2024-10-31 11:37:00+00:00,SSRM,6.084799766540527,6.084799766540527,6.084799766540527,6.084799766540527,6.084799766540527,2372.0
2024-10-31 11:37:00+00:00,STLD,131.13999938964844,131.13999938964844,131.13999938964844,131.13999938964844,131.13999938964844,282.0
2024-10-31 11:37:00+00:00,USAP,43.959999084472656,43.959999084472656,43.959999084472656,43.959999084472656,43.959999084472656,455.0
2024-10-31 11:38:00+00:00,ALTO,1.7549999952316284,1.7549999952316284,1.7549999952316284,1.7549999952316284,1.7549999952316284,424.0
2024-10-31 11:38:00+00:00,ASTL,10.329999923706055,10.329999923706055,10.329999923706055,10.329999923706055,10.329999923706055,558.0
2024-10-31 11:38:00+00:00,BCPC,167.52999877929688,167.52999877929688,167.52999877929688,167.52999877929688,167.52999877929688,807.0
2024-10-31 11:38:00+00:00,CENX,17.594999313354492,17.594999313354492,17.594999313354492,17.579999923706055,17.579999923706055,685.0
2024-10-31 11:38:00+00:00,GEVO,2.3550000190734863,2.3550000190734863,2.369999885559082,2.3499999046325684,2.365000009536743,86845.0
2024-10-31 11:38:00+00:00,GPRE,13.649999618530273,13.649999618530273,13.670000076293945,13.649999618530273,13.670000076293945,5559.0
2024-10-31 11:38:00+00:00,GSM,4.170000076293945,4.170000076293945,4.170000076293945,4.164999961853027,4.164999961853027,1787.0
2024-10-31 11:38:00+00:00,HDSN,7.545000076293945,7.545000076293945,7.550000190734863,7.545000076293945,7.550000190734863,462.0
2024-10-31 11:38:00+00:00,MERC,6.425000190734863,6.425000190734863,6.425000190734863,6.425000190734863,6.425000190734863,844.0
2024-10-31 11:38:00+00:00,METC,10.119999885559082,10.119999885559082,10.140000343322754,10.100099563598633,10.140000343322754,1535.0
2024-10-31 11:38:00+00:00,ORGN,1.3949999809265137,1.3949999809265137,1.3949999809265137,1.3901000022888184,1.3901000022888184,2270.0
2024-10-31 11:38:00+00:00,PAAS,23.200000762939453,23.200000762939453,23.209999084472656,23.18000030517578,23.209999084472656,36603.0
2024-10-31 11:38:00+00:00,PLL,12.981200218200684,12.981200218200684,12.98390007019043,12.981200218200684,12.98390007019043,685.0
2024-10-31 11:38:00+00:00,SGML,14.024999618530273,14.024999618530273,14.024999618530273,13.989999771118164,13.989999771118164,1222.0
2024-10-31 11:38:00+00:00,SSRM,6.090000152587891,6.090000152587891,6.099999904632568,6.090000152587891,6.090000152587891,5930.0
2024-10-31 11:38:00+00:00,STLD,131.13999938964844,131.13999938964844,131.13999938964844,131.13999938964844,131.13999938964844,387.0
2024-10-31 11:38:00+00:00,USAP,44.0099983215332,44.0099983215332,44.0099983215332,44.0099983215332,44.0099983215332,1007.0
2024-10-31 11:39:00+00:00,CRKN,0.9200000166893005,0.9200000166893005,0.9200000166893005,0.9200000166893005,0.9200000166893005,1257.0
2024-10-31 11:39:00+00:00,GEVO,2.359999895095825,2.359999895095825,2.365000009536743,2.3589999675750732,2.359999895095825,14924.0
2024-10-31 11:39:00+00:00,GPRE,13.609999656677246,13.609999656677246,13.609999656677246,13.609999656677246,13.609999656677246,596.0
2024-10-31 11:39:00+00:00,HDSN,7.545000076293945,7.545000076293945,7.545000076293945,7.545000076293945,7.545000076293945,319.0
2024-10-31 11:39:00+00:00,HYMC,2.390000104904175,2.390000104904175,2.390000104904175,2.389899969100952,2.390000104904175,3138.0
2024-10-31 11:39:00+00:00,IONR,8.020000457763672,8.020000457763672,8.020000457763672,8.020000457763672,8.020000457763672,857.0
2024-10-31 11:39:00+00:00,LITM,0.3635999858379364,0.3635999858379364,0.3635999858379364,0.3635999858379364,0.3635999858379364,120.0
2024-10-31 11:39:00+00:00,LWLG,3.2149999141693115,3.2149999141693115,3.2200000286102295,3.2149999141693115,3.2200000286102295,831.0
2024-10-31 11:39:00+00:00,PAAS,23.190000534057617,23.190000534057617,23.19499969482422,23.184999465942383,23.19499969482422,4158.0
2024-10-31 11:39:00+00:00,PLL,12.930000305175781,12.930000305175781,12.930000305175781,12.930000305175781,12.930000305175781,196.0
2024-10-31 11:39:00+00:00,RGLD,146.15499877929688,146.15499877929688,146.15499877929688,146.15499877929688,146.15499877929688,590.0
2024-10-31 11:39:00+00:00,SGML,14.0600004196167,14.0600004196167,14.0600004196167,13.989999771118164,13.989999771118164,432.0
2024-10-31 11:39:00+00:00,SSRM,6.099999904632568,6.099999904632568,6.099999904632568,6.099999904632568,6.099999904632568,725.0
2024-10-31 11:39:00+00:00,STLD,131.14500427246094,131.14500427246094,131.14500427246094,131.02999877929688,131.02999877929688,473.0
2024-10-31 11:40:00+00:00,ALTO,1.7549999952316284,1.7549999952316284,1.7549999952316284,1.7549999952316284,1.7549999952316284,218.0
2024-10-31 11:40:00+00:00,CENX,17.610000610351562,17.610000610351562,17.6299991607666,17.610000610351562,17.617799758911133,1339.0
2024-10-31 11:40:00+00:00,CRKN,0.9200000166893005,0.9200000166893005,0.9200000166893005,0.9156000018119812,0.9200000166893005,3152.0
2024-10-31 11:40:00+00:00,GEVO,2.3550000190734863,2.3550000190734863,2.361299991607666,2.3499999046325684,2.361299991607666,16380.0
2024-10-31 11:40:00+00:00,GPRE,13.590100288391113,13.590100288391113,13.61620044708252,13.590100288391113,13.609999656677246,1949.0
2024-10-31 11:40:00+00:00,GSM,4.164999961853027,4.164999961853027,4.164999961853027,4.159999847412109,4.159999847412109,1592.0
2024-10-31 11:40:00+00:00,HDSN,7.549699783325195,7.549699783325195,7.549699783325195,7.545000076293945,7.545000076293945,2047.0
2024-10-31 11:40:00+00:00,HWKN,112.12999725341797,112.12999725341797,112.12999725341797,112.12999725341797,112.12999725341797,197.0
2024-10-31 11:40:00+00:00,LWLG,3.2149999141693115,3.2149999141693115,3.2149999141693115,3.2149999141693115,3.2149999141693115,265.0
2024-10-31 11:40:00+00:00,METC,10.119999885559082,10.119999885559082,10.119999885559082,10.100099563598633,10.118300437927246,908.0
2024-10-31 11:40:00+00:00,ORGN,1.3899999856948853,1.3899999856948853,1.3992999792099,1.3899999856948853,1.3949999809265137,2349.0
2024-10-31 11:40:00+00:00,PAAS,23.170000076293945,23.170000076293945,23.190000534057617,23.15999984741211,23.18000030517578,9173.0
2024-10-31 11:40:00+00:00,PLL,12.914999961853027,12.914999961853027,12.914999961853027,12.914999961853027,12.914999961853027,215.0
2024-10-31 11:40:00+00:00,RGLD,146.10000610351562,146.10000610351562,146.10000610351562,146.10000610351562,146.10000610351562,1219.0
2024-10-31 11:40:00+00:00,SSRM,6.090000152587891,6.090000152587891,6.090000152587891,6.090000152587891,6.090000152587891,1496.0
2024-10-31 11:40:00+00:00,STLD,131.02000427246094,131.02000427246094,131.0399932861328,131.02000427246094,131.0399932861328,1414.0
2024-10-31 11:40:00+00:00,USAP,43.959999084472656,43.959999084472656,43.959999084472656,43.959999084472656,43.959999084472656,672.0
2024-10-31 11:41:00+00:00,ASTL,10.305000305175781,10.305000305175781,10.305000305175781,10.300000190734863,10.300000190734863,409.0
2024-10-31 11:41:00+00:00,CENX,17.610000610351562,17.610000610351562,17.614999771118164,17.610000610351562,17.614999771118164,1088.0
2024-10-31 11:41:00+00:00,CNEY,0.5099999904632568,0.5099999904632568,0.5099999904632568,0.5099999904632568,0.5099999904632568,200.0
2024-10-31 11:41:00+00:00,GEVO,2.350100040435791,2.350100040435791,2.359999895095825,2.3499999046325684,2.3499999046325684,10942.0
2024-10-31 11:41:00+00:00,GPRE,13.604999542236328,13.604999542236328,13.604999542236328,13.604999542236328,13.604999542236328,398.0
2024-10-31 11:41:00+00:00,IOSP,108.97000122070312,108.97000122070312,108.97000122070312,108.97000122070312,108.97000122070312,343.0
2024-10-31 11:41:00+00:00,KALU,75.62999725341797,75.62999725341797,75.66999816894531,75.41000366210938,75.41000366210938,3835.0
2024-10-31 11:41:00+00:00,METC,10.079999923706055,10.079999923706055,10.119999885559082,10.079999923706055,10.119999885559082,3504.0
2024-10-31 11:41:00+00:00,ORGN,1.3902000188827515,1.3902000188827515,1.3949999809265137,1.3902000188827515,1.3949999809265137,491.0
2024-10-31 11:41:00+00:00,PAAS,23.190000534057617,23.190000534057617,23.190000534057617,23.174999237060547,23.174999237060547,1255.0
2024-10-31 11:41:00+00:00,PLL,12.869999885559082,12.869999885559082,12.869999885559082,12.869999885559082,12.869999885559082,1345.0
2024-10-31 11:41:00+00:00,RGLD,145.8800048828125,145.8800048828125,145.8800048828125,145.8699951171875,145.8699951171875,723.0
2024-10-31 11:41:00+00:00,SSRM,6.085000038146973,6.085000038146973,6.085000038146973,6.085000038146973,6.085000038146973,403.0
2024-10-31 11:41:00+00:00,STLD,131.05499267578125,131.05499267578125,131.05499267578125,131.0500030517578,131.0500030517578,878.0
2024-10-31 11:41:00+00:00,TMC,0.9825999736785889,0.9825999736785889,0.9825999736785889,0.9825999736785889,0.9825999736785889,191.0
2024-10-31 11:41:00+00:00,USLM,112.05500030517578,112.05500030517578,112.05500030517578,112.05500030517578,112.05500030517578,677.0
2024-10-31 11:41:00+00:00,WDFC,261.385009765625,261.385009765625,261.385009765625,261.385009765625,261.385009765625,130.0
2024-10-31 11:42:00+00:00,CRKN,0.9200000166893005,0.9200000166893005,0.9200000166893005,0.9160000085830688,0.9200000166893005,2344.0
2024-10-31 11:42:00+00:00,GEVO,2.359999895095825,2.359999895095825,2.359999895095825,2.352099895477295,2.3550000190734863,35486.0
2024-10-31 11:42:00+00:00,GPRE,13.510100364685059,13.510100364685059,13.600000381469727,13.510100364685059,13.600000381469727,7266.0
2024-10-31 11:42:00+00:00,HDSN,7.559999942779541,7.559999942779541,7.559999942779541,7.550000190734863,7.550000190734863,1493.0
2024-10-31 11:42:00+00:00,HUDI,2.0299999713897705,2.0299999713897705,2.0299999713897705,2.0299999713897705,2.0299999713897705,873.0
2024-10-31 11:42:00+00:00,HYMC,2.390000104904175,2.390000104904175,2.390000104904175,2.390000104904175,2.390000104904175,300.0
2024-10-31 11:42:00+00:00,IOSP,109.09500122070312,109.09500122070312,109.09500122070312,109.09500122070312,109.09500122070312,198.0
2024-10-31 11:42:00+00:00,MEOH,38.880001068115234,38.880001068115234,38.880001068115234,38.880001068115234,38.880001068115234,300.0
2024-10-31 11:42:00+00:00,METC,10.069999694824219,10.069999694824219,10.069999694824219,10.0600004196167,10.060999870300293,362.0
2024-10-31 11:42:00+00:00,PAAS,23.229999542236328,23.229999542236328,23.229999542236328,23.190000534057617,23.190000534057617,6111.0
2024-10-31 11:42:00+00:00,PLL,12.869999885559082,12.869999885559082,12.869999885559082,12.84000015258789,12.84000015258789,281.0
2024-10-31 11:42:00+00:00,RGLD,146.2100067138672,146.2100067138672,146.2100067138672,146.1199951171875,146.1199951171875,1820.0
2024-10-31 11:42:00+00:00,SGML,14.010000228881836,14.010000228881836,14.03499984741211,14.010000228881836,14.03499984741211,743.0
2024-10-31 11:42:00+00:00,SSRM,6.09499979019165,6.09499979019165,6.09499979019165,6.085000038146973,6.085000038146973,7168.0
2024-10-31 11:42:00+00:00,STLD,130.97000122070312,130.97000122070312,131.05999755859375,130.97000122070312,131.05499267578125,1856.0
2024-10-31 11:42:00+00:00,WDFC,261.1499938964844,261.1499938964844,261.2149963378906,261.1499938964844,261.1600036621094,420.0
2024-10-31 11:43:00+00:00,ALTO,1.7599999904632568,1.7599999904632568,1.7599999904632568,1.7549999952316284,1.7549999952316284,319.0
2024-10-31 11:43:00+00:00,CENX,17.600000381469727,17.600000381469727,17.610000610351562,17.600000381469727,17.610000610351562,1306.0
2024-10-31 11:43:00+00:00,CNEY,0.5099999904632568,0.5099999904632568,0.5099999904632568,0.5099999904632568,0.5099999904632568,1196.0
2024-10-31 11:43:00+00:00,CRKN,0.9300000071525574,0.9300000071525574,0.9300000071525574,0.9300000071525574,0.9300000071525574,1627.0
2024-10-31 11:43:00+00:00,FEAM,0.460999995470047,0.460999995470047,0.460999995470047,0.460999995470047,0.460999995470047,457.0
2024-10-31 11:43:00+00:00,GEVO,2.357800006866455,2.357800006866455,2.3598999977111816,2.3550000190734863,2.3598999977111816,0.0
2024-10-31 11:43:00+00:00,GPRE,13.550000190734863,13.550000190734863,13.550000190734863,13.510000228881836,13.520000457763672,5674.0
2024-10-31 11:43:00+00:00,GURE,0.6000000238418579,0.6000000238418579,0.6000000238418579,0.6000000238418579,0.6000000238418579,60.0
2024-10-31 11:43:00+00:00,IPX,21.440000534057617,21.440000534057617,21.440000534057617,21.440000534057617,21.440000534057617,200.0
2024-10-31 11:43:00+00:00,MERC,6.409999847412109,6.409999847412109,6.429999828338623,6.409999847412109,6.429999828338623,1290.0
2024-10-31 11:43:00+00:00,METC,10.050000190734863,10.050000190734863,10.069999694824219,10.050000190734863,10.069999694824219,735.0
2024-10-31 11:43:00+00:00,ORGN,1.3949999809265137,1.3949999809265137,1.3949999809265137,1.3910000324249268,1.3910000324249268,881.0
2024-10-31 11:43:00+00:00,PAAS,23.190000534057617,23.190000534057617,23.229999542236328,23.190000534057617,23.229999542236328,5682.0
2024-10-31 11:43:00+00:00,SGML,14.020000457763672,14.020000457763672,14.039999961853027,14.020000457763672,14.03499984741211,389.0
2024-10-31 11:43:00+00:00,STLD,131.0449981689453,131.0449981689453,131.0500030517578,131.0449981689453,131.0500030517578,1217.0
2024-10-31 11:43:00+00:00,USAU,6.059999942779541,6.059999942779541,6.059999942779541,6.059999942779541,6.059999942779541,137.0
2024-10-31 11:43:00+00:00,USLM,111.93000030517578,111.93000030517578,112.08889770507812,111.93000030517578,112.08889770507812,652.0
2024-10-31 11:43:00+00:00,WDFC,260.8999938964844,260.8999938964844,260.8999938964844,260.8999938964844,260.8999938964844,1011.0
2024-10-31 11:44:00+00:00,ALTO,1.75,1.75,1.75,1.75,1.75,410.0
2024-10-31 11:44:00+00:00,CENX,17.610000610351562,17.610000610351562,17.610000610351562,17.594999313354492,17.594999313354492,985.0
2024-10-31 11:44:00+00:00,CRKN,0.9248999953269958,0.9248999953269958,0.9248999953269958,0.9248999953269958,0.9248999953269958,1642.0
2024-10-31 11:44:00+00:00,GEVO,2.3499999046325684,2.3499999046325684,2.3575000762939453,2.3499999046325684,2.3575000762939453,6392.0
2024-10-31 11:44:00+00:00,GPRE,13.53499984741211,13.53499984741211,13.550000190734863,13.53499984741211,13.544400215148926,2352.0
2024-10-31 11:44:00+00:00,GSM,4.164999961853027,4.164999961853027,4.164999961853027,4.164999961853027,4.164999961853027,350.0
2024-10-31 11:44:00+00:00,HWKN,111.25,111.25,111.25,111.25,111.25,543.0
2024-10-31 11:44:00+00:00,KALU,75.43499755859375,75.43499755859375,75.5,75.4000015258789,75.5,2194.0
2024-10-31 11:44:00+00:00,LGO,2.4600000381469727,2.4600000381469727,2.4600000381469727,2.4600000381469727,2.4600000381469727,100.0
2024-10-31 11:44:00+00:00,LWLG,3.2149999141693115,3.2149999141693115,3.2249999046325684,3.2149999141693115,3.219899892807007,5635.0
2024-10-31 11:44:00+00:00,MERC,6.420000076293945,6.420000076293945,6.420000076293945,6.409999847412109,6.409999847412109,770.0
2024-10-31 11:44:00+00:00,METC,10.050000190734863,10.050000190734863,10.050000190734863,10.050000190734863,10.050000190734863,266.0
2024-10-31 11:44:00+00:00,ORGN,1.3949999809265137,1.3949999809265137,1.3949999809265137,1.3949999809265137,1.3949999809265137,120.0
2024-10-31 11:44:00+00:00,PAAS,23.219999313354492,23.219999313354492,23.235000610351562,23.190000534057617,23.200000762939453,6696.0
2024-10-31 11:44:00+00:00,PLL,12.869999885559082,12.869999885559082,12.869999885559082,12.869999885559082,12.869999885559082,505.0
2024-10-31 11:44:00+00:00,PPTA,9.90999984741211,9.90999984741211,9.90999984741211,9.90999984741211,9.90999984741211,898.0
2024-10-31 11:44:00+00:00,RGLD,146.19000244140625,146.19000244140625,146.19000244140625,146.17999267578125,146.17999267578125,437.0
2024-10-31 11:44:00+00:00,SSRM,6.09499979019165,6.09499979019165,6.09499979019165,6.09499979019165,6.09499979019165,781.0
2024-10-31 11:44:00+00:00,USLM,111.9000015258789,111.9000015258789,111.9000015258789,111.9000015258789,111.9000015258789,660.0
2024-10-31 11:45:00+00:00,ALTO,1.7549999952316284,1.7549999952316284,1.7549999952316284,1.7549999952316284,1.7549999952316284,295.0
2024-10-31 11:45:00+00:00,CENX,17.604999542236328,17.604999542236328,17.604999542236328,17.604999542236328,17.604999542236328,334.0
2024-10-31 11:45:00+00:00,GEVO,2.3571999073028564,2.3571999073028564,2.3571999073028564,2.3499999046325684,2.3499999046325684,13816.0
2024-10-31 11:45:00+00:00,GPRE,13.524999618530273,13.524999618530273,13.539999961853027,13.494999885559082,13.524999618530273,23672.0
2024-10-31 11:45:00+00:00,GSM,4.170000076293945,4.170000076293945,4.170000076293945,4.170000076293945,4.170000076293945,1228.0
2024-10-31 11:45:00+00:00,LWLG,3.2200000286102295,3.2200000286102295,3.2200000286102295,3.2200000286102295,3.2200000286102295,639.0
2024-10-31 11:45:00+00:00,METC,10.045000076293945,10.045000076293945,10.045000076293945,10.045000076293945,10.045000076293945,676.0
2024-10-31 11:45:00+00:00,ORGN,1.3899999856948853,1.3899999856948853,1.3899999856948853,1.3899999856948853,1.3899999856948853,121.0
2024-10-31 11:45:00+00:00,PAAS,23.23150062561035,23.23150062561035,23.239999771118164,23.214500427246094,23.219999313354492,4940.0
2024-10-31 11:45:00+00:00,PPTA,9.909000396728516,9.909000396728516,9.909000396728516,9.909000396728516,9.909000396728516,2076.0
2024-10-31 11:45:00+00:00,SGML,14.039999961853027,14.039999961853027,14.039999961853027,14.020000457763672,14.020000457763672,620.0
2024-10-31 11:45:00+00:00,USAP,44.02000045776367,44.02000045776367,44.02000045776367,44.0099983215332,44.0099983215332,571.0
2024-10-31 11:46:00+00:00,ASTL,10.300000190734863,10.300000190734863,10.300000190734863,10.300000190734863,10.300000190734863,1070.0
2024-10-31 11:46:00+00:00,CENX,17.59000015258789,17.59000015258789,17.600000381469727,17.59000015258789,17.600000381469727,1723.0
2024-10-31 11:46:00+00:00,CNEY,0.5099999904632568,0.5099999904632568,0.5099999904632568,0.5099999904632568,0.5099999904632568,200.0
2024-10-31 11:46:00+00:00,CRKN,0.925000011920929,0.925000011920929,0.925000011920929,0.916100025177002,0.916100025177002,2034.0
2024-10-31 11:46:00+00:00,GEVO,2.3499999046325684,2.3499999046325684,2.3580000400543213,2.3499999046325684,2.3550000190734863,1312.0
2024-10-31 11:46:00+00:00,GPRE,13.510000228881836,13.510000228881836,13.524999618530273,13.5,13.524999618530273,3306.0
2024-10-31 11:46:00+00:00,GSM,4.164999961853027,4.164999961853027,4.164999961853027,4.164999961853027,4.164999961853027,7342.0
2024-10-31 11:46:00+00:00,HWKN,112.69999694824219,112.69999694824219,112.69999694824219,112.69999694824219,112.69999694824219,1083.0
2024-10-31 11:46:00+00:00,IOSP,109.13999938964844,109.13999938964844,109.13999938964844,109.13999938964844,109.13999938964844,475.0
2024-10-31 11:46:00+00:00,LGO,2.4600000381469727,2.4600000381469727,2.4600000381469727,2.4600000381469727,2.4600000381469727,50.0
2024-10-31 11:46:00+00:00,METC,10.050999641418457,10.050999641418457,10.050999641418457,10.045000076293945,10.045000076293945,824.0
2024-10-31 11:46:00+00:00,ORGN,1.3949999809265137,1.3949999809265137,1.3949999809265137,1.3949999809265137,1.3949999809265137,317.0
2024-10-31 11:46:00+00:00,PAAS,23.229999542236328,23.229999542236328,23.239999771118164,23.219999313354492,23.239999771118164,3803.0
2024-10-31 11:46:00+00:00,PLL,12.869999885559082,12.869999885559082,12.869999885559082,12.869999885559082,12.869999885559082,448.0
2024-10-31 11:46:00+00:00,SGML,14.020000457763672,14.020000457763672,14.020000457763672,14.020000457763672,14.020000457763672,1129.0
2024-10-31 11:46:00+00:00,SSRM,6.09499979019165,6.09499979019165,6.09499979019165,6.090000152587891,6.090000152587891,936.0
2024-10-31 11:46:00+00:00,STLD,131.13999938964844,131.13999938964844,131.22999572753906,131.08999633789062,131.08999633789062,2958.0
2024-10-31 11:46:00+00:00,TMC,0.9803000092506409,0.9803000092506409,0.9803000092506409,0.9803000092506409,0.9803000092506409,469.0
2024-10-31 11:47:00+00:00,CENX,17.56999969482422,17.56999969482422,17.579999923706055,17.56999969482422,17.579999923706055,1600.0
2024-10-31 11:47:00+00:00,CRKN,0.9232000112533569,0.9232000112533569,0.9232000112533569,0.9232000112533569,0.9232000112533569,652.0
2024-10-31 11:47:00+00:00,GEVO,2.365000009536743,2.365000009536743,2.3678998947143555,2.350100040435791,2.3550000190734863,65839.0
2024-10-31 11:47:00+00:00,GPRE,13.460000038146973,13.460000038146973,13.481200218200684,13.460000038146973,13.479999542236328,2730.0
2024-10-31 11:47:00+00:00,GSM,4.170000076293945,4.170000076293945,4.170000076293945,4.159999847412109,4.159999847412109,641.0
2024-10-31 11:47:00+00:00,HYMC,2.3987998962402344,2.3987998962402344,2.3987998962402344,2.3987998962402344,2.3987998962402344,111.0
2024-10-31 11:47:00+00:00,KALU,75.43499755859375,75.43499755859375,75.43499755859375,75.30000305175781,75.30000305175781,344.0
2024-10-31 11:47:00+00:00,MEOH,38.8650016784668,38.8650016784668,38.869998931884766,38.8650016784668,38.869998931884766,1493.0
2024-10-31 11:47:00+00:00,METC,10.0600004196167,10.0600004196167,10.0600004196167,10.0600004196167,10.0600004196167,5157.0
2024-10-31 11:47:00+00:00,PAAS,23.229999542236328,23.229999542236328,23.25,23.229999542236328,23.239999771118164,1767.0
2024-10-31 11:47:00+00:00,PLL,12.899999618530273,12.899999618530273,12.90999984741211,12.899999618530273,12.899999618530273,1603.0
2024-10-31 11:47:00+00:00,RGLD,146.08999633789062,146.08999633789062,146.08999633789062,146.08999633789062,146.08999633789062,158.0
2024-10-31 11:47:00+00:00,SGML,14.024999618530273,14.024999618530273,14.024999618530273,14.024999618530273,14.024999618530273,427.0
2024-10-31 11:47:00+00:00,SSRM,6.09499979019165,6.09499979019165,6.0991997718811035,6.09499979019165,6.09499979019165,1335.0
2024-10-31 11:47:00+00:00,STLD,131.1699981689453,131.1699981689453,131.25999450683594,131.1699981689453,131.25999450683594,1158.0
2024-10-31 11:47:00+00:00,USAU,6.037199974060059,6.037199974060059,6.037199974060059,6.037199974060059,6.037199974060059,704.0
2024-10-31 11:48:00+00:00,ALTO,1.7549999952316284,1.7549999952316284,1.7549999952316284,1.7549999952316284,1.7549999952316284,228.0
2024-10-31 11:48:00+00:00,AREC,0.9851999878883362,0.9851999878883362,0.9851999878883362,0.9851999878883362,0.9851999878883362,400.0
2024-10-31 11:48:00+00:00,CENX,17.559999465942383,17.559999465942383,17.559999465942383,17.559999465942383,17.559999465942383,3807.0
2024-10-31 11:48:00+00:00,CNEY,0.5099999904632568,0.5099999904632568,0.5099999904632568,0.5099999904632568,0.5099999904632568,100.0
2024-10-31 11:48:00+00:00,GEVO,2.359999895095825,2.359999895095825,2.369999885559082,2.359999895095825,2.365000009536743,65443.0
2024-10-31 11:48:00+00:00,GPRE,13.414999961853027,13.414999961853027,13.428000450134277,13.390000343322754,13.40999984741211,2138.0
2024-10-31 11:48:00+00:00,HWKN,113.2300033569336,113.2300033569336,113.2300033569336,113.2300033569336,113.2300033569336,946.0
2024-10-31 11:48:00+00:00,IPX,21.434999465942383,21.434999465942383,21.434999465942383,21.434999465942383,21.434999465942383,2.0
2024-10-31 11:48:00+00:00,MEOH,38.849998474121094,38.849998474121094,38.849998474121094,38.849998474121094,38.849998474121094,512.0
2024-10-31 11:48:00+00:00,METC,10.029999732971191,10.029999732971191,10.039999961853027,10.029999732971191,10.039999961853027,2528.0
2024-10-31 11:48:00+00:00,PAAS,23.239999771118164,23.239999771118164,23.239999771118164,23.21500015258789,23.229999542236328,2464.0
2024-10-31 11:48:00+00:00,PPTA,9.885000228881836,9.885000228881836,9.885000228881836,9.885000228881836,9.885000228881836,4279.0
2024-10-31 11:48:00+00:00,RGLD,146.24000549316406,146.24000549316406,146.24000549316406,146.24000549316406,146.24000549316406,659.0
2024-10-31 11:48:00+00:00,SGML,13.979999542236328,13.979999542236328,14.010100364685059,13.979999542236328,14.010000228881836,2707.0
2024-10-31 11:48:00+00:00,SSRM,6.090000152587891,6.090000152587891,6.090000152587891,6.090000152587891,6.090000152587891,535.0
2024-10-31 11:48:00+00:00,STLD,131.1699981689453,131.1699981689453,131.22000122070312,131.1699981689453,131.22000122070312,1092.0
2024-10-31 11:48:00+00:00,UFPI,123.05999755859375,123.05999755859375,123.05999755859375,123.05999755859375,123.05999755859375,456.0
2024-10-31 11:49:00+00:00,AREC,0.9976999759674072,0.9976999759674072,0.9976999759674072,0.9976999759674072,0.9976999759674072,2411.0
2024-10-31 11:49:00+00:00,CENX,17.63949966430664,17.63949966430664,17.63949966430664,17.575000762939453,17.579999923706055,7762.0
2024-10-31 11:49:00+00:00,CRKN,0.9300000071525574,0.9300000071525574,0.9300000071525574,0.925000011920929,0.925000011920929,1126.0
2024-10-31 11:49:00+00:00,GEVO,2.3515000343322754,2.3515000343322754,2.3554999828338623,2.3515000343322754,2.3550000190734863,1232.0
2024-10-31 11:49:00+00:00,GPRE,13.380000114440918,13.380000114440918,13.420000076293945,13.380000114440918,13.420000076293945,4990.0
2024-10-31 11:49:00+00:00,HWKN,113.1500015258789,113.1500015258789,113.3949966430664,113.0199966430664,113.3949966430664,2544.0
2024-10-31 11:49:00+00:00,HYMC,2.390000104904175,2.390000104904175,2.390000104904175,2.390000104904175,2.390000104904175,109.0
2024-10-31 11:49:00+00:00,IONR,7.940999984741211,7.940999984741211,7.940999984741211,7.940999984741211,7.940999984741211,223.0
2024-10-31 11:49:00+00:00,LITM,0.362199991941452,0.362199991941452,0.362199991941452,0.362199991941452,0.362199991941452,1420.0
2024-10-31 11:49:00+00:00,ORGN,1.3949999809265137,1.3949999809265137,1.3949999809265137,1.3949999809265137,1.3949999809265137,102.0
2024-10-31 11:49:00+00:00,PAAS,23.229999542236328,23.229999542236328,23.25,23.219999313354492,23.2450008392334,4350.0
2024-10-31 11:49:00+00:00,PLL,12.920000076293945,12.920000076293945,12.920000076293945,12.920000076293945,12.920000076293945,1485.0
2024-10-31 11:49:00+00:00,RGLD,146.00999450683594,146.00999450683594,146.17999267578125,146.00999450683594,146.17999267578125,1154.0
2024-10-31 11:49:00+00:00,SGML,13.975000381469727,13.975000381469727,13.975000381469727,13.975000381469727,13.975000381469727,305.0
2024-10-31 11:49:00+00:00,SSRM,6.085000038146973,6.085000038146973,6.090700149536133,6.079999923706055,6.090700149536133,3843.0
2024-10-31 11:49:00+00:00,STLD,131.22999572753906,131.22999572753906,131.25,131.22999572753906,131.25,421.0
2024-10-31 11:49:00+00:00,YTEN,0.6000999808311462,0.6000999808311462,0.6000999808311462,0.6000999808311462,0.6000999808311462,100.0
2024-10-31 11:50:00+00:00,BIOX,6.798900127410889,6.798900127410889,6.798900127410889,6.798900127410889,6.798900127410889,397.0
2024-10-31 11:50:00+00:00,CENX,17.6200008392334,17.6200008392334,17.6200008392334,17.6200008392334,17.6200008392334,442.0
2024-10-31 11:50:00+00:00,CNEY,0.5099999904632568,0.5099999904632568,0.5099999904632568,0.5099999904632568,0.5099999904632568,100.0
2024-10-31 11:50:00+00:00,CRKN,0.9300000071525574,0.9300000071525574,0.9300000071525574,0.9300000071525574,0.9300000071525574,1561.0
2024-10-31 11:50:00+00:00,GEVO,2.3550000190734863,2.3550000190734863,2.3589000701904297,2.3499999046325684,2.3585000038146973,4277.0
2024-10-31 11:50:00+00:00,GPRE,13.430000305175781,13.430000305175781,13.430000305175781,13.399999618530273,13.399999618530273,1292.0
2024-10-31 11:50:00+00:00,GSM,4.164999961853027,4.164999961853027,4.170000076293945,4.164999961853027,4.170000076293945,1034.0
2024-10-31 11:50:00+00:00,HDSN,7.545000076293945,7.545000076293945,7.545000076293945,7.545000076293945,7.545000076293945,1258.0
2024-10-31 11:50:00+00:00,HWKN,114.4000015258789,114.4000015258789,114.4000015258789,113.79000091552734,113.79000091552734,2151.0
2024-10-31 11:50:00+00:00,KALU,75.43499755859375,75.43499755859375,75.43499755859375,75.43499755859375,75.43499755859375,213.0
2024-10-31 11:50:00+00:00,LITM,0.3700000047683716,0.3700000047683716,0.3700000047683716,0.36500000953674316,0.36500000953674316,4961.0
2024-10-31 11:50:00+00:00,LWLG,3.2149999141693115,3.2149999141693115,3.2149999141693115,3.2149999141693115,3.2149999141693115,197.0
2024-10-31 11:50:00+00:00,ORGN,1.3899999856948853,1.3899999856948853,1.3899999856948853,1.3899999856948853,1.3899999856948853,120.0
2024-10-31 11:50:00+00:00,PAAS,23.229999542236328,23.229999542236328,23.239999771118164,23.225000381469727,23.225000381469727,1679.0
2024-10-31 11:50:00+00:00,PLL,12.890000343322754,12.890000343322754,12.890000343322754,12.890000343322754,12.890000343322754,316.0
2024-10-31 11:50:00+00:00,SSRM,6.085000038146973,6.085000038146973,6.085000038146973,6.085000038146973,6.085000038146973,1391.0
2024-10-31 11:50:00+00:00,STLD,131.24000549316406,131.24000549316406,131.24000549316406,131.24000549316406,131.24000549316406,1628.0
2024-10-31 11:50:00+00:00,TMC,0.9800000190734863,0.9800000190734863,0.9800000190734863,0.9800000190734863,0.9800000190734863,10000.0
2024-10-31 11:51:00+00:00,ALTO,1.7549999952316284,1.7549999952316284,1.7549999952316284,1.7549999952316284,1.7549999952316284,443.0
2024-10-31 11:51:00+00:00,ASTL,10.279999732971191,10.279999732971191,10.282500267028809,10.279999732971191,10.282500267028809,337.0
2024-10-31 11:51:00+00:00,GEVO,2.3499999046325684,2.3499999046325684,2.3550000190734863,2.3299999237060547,2.3550000190734863,297682.0
2024-10-31 11:51:00+00:00,GPRE,13.420000076293945,13.420000076293945,13.420000076293945,13.399999618530273,13.399999618530273,1839.0
2024-10-31 11:51:00+00:00,GSM,4.170000076293945,4.170000076293945,4.170000076293945,4.170000076293945,4.170000076293945,271.0
2024-10-31 11:51:00+00:00,HDSN,7.545000076293945,7.545000076293945,7.545000076293945,7.545000076293945,7.545000076293945,401.0
2024-10-31 11:51:00+00:00,LITM,0.3700000047683716,0.3700000047683716,0.3700999915599823,0.3700000047683716,0.3700999915599823,4191.0
2024-10-31 11:51:00+00:00,MEOH,38.79999923706055,38.79999923706055,38.79999923706055,38.79999923706055,38.79999923706055,221.0
2024-10-31 11:51:00+00:00,METC,10.010000228881836,10.010000228881836,10.010000228881836,10.010000228881836,10.010000228881836,249.0
2024-10-31 11:51:00+00:00,ORGN,1.3949999809265137,1.3949999809265137,1.3949999809265137,1.3899999856948853,1.3899999856948853,266.0
2024-10-31 11:51:00+00:00,PAAS,23.170000076293945,23.170000076293945,23.229999542236328,23.15999984741211,23.229999542236328,62535.0
2024-10-31 11:51:00+00:00,RGLD,146.02499389648438,146.02499389648438,146.02499389648438,146.00999450683594,146.00999450683594,622.0
2024-10-31 11:51:00+00:00,SGML,13.975000381469727,13.975000381469727,13.975000381469727,13.949999809265137,13.975000381469727,627.0
2024-10-31 11:51:00+00:00,SSRM,6.079999923706055,6.079999923706055,6.079999923706055,6.079999923706055,6.079999923706055,2726.0
2024-10-31 11:51:00+00:00,STLD,131.2899932861328,131.2899932861328,131.32000732421875,131.25999450683594,131.26300048828125,1624.0
2024-10-31 11:51:00+00:00,TMC,0.9725000262260437,0.9725000262260437,0.9725000262260437,0.9725000262260437,0.9725000262260437,0.0
2024-10-31 11:51:00+00:00,USLM,111.75420379638672,111.75420379638672,111.75420379638672,111.75420379638672,111.75420379638672,231.0
2024-10-31 11:52:00+00:00,ASTL,10.289999961853027,10.289999961853027,10.289999961853027,10.279999732971191,10.279999732971191,1109.0
2024-10-31 11:52:00+00:00,CENX,17.59000015258789,17.59000015258789,17.6200008392334,17.59000015258789,17.6200008392334,3741.0
2024-10-31 11:52:00+00:00,CNEY,0.5099999904632568,0.5099999904632568,0.5099999904632568,0.5099999904632568,0.5099999904632568,16.0
2024-10-31 11:52:00+00:00,CRKN,0.9251000285148621,0.9251000285148621,0.9300000071525574,0.9203000068664551,0.9300000071525574,1311.0
2024-10-31 11:52:00+00:00,GEVO,2.3499999046325684,2.3499999046325684,2.3499999046325684,2.3450000286102295,2.3450000286102295,15903.0
2024-10-31 11:52:00+00:00,GPRE,13.460000038146973,13.460000038146973,13.520000457763672,13.460000038146973,13.515000343322754,5133.0
2024-10-31 11:52:00+00:00,GSM,4.159999847412109,4.159999847412109,4.159999847412109,4.159999847412109,4.159999847412109,507.0
2024-10-31 11:52:00+00:00,HDSN,7.539999961853027,7.539999961853027,7.539999961853027,7.539999961853027,7.539999961853027,1010.0
2024-10-31 11:52:00+00:00,HWKN,113.12999725341797,113.12999725341797,114.68499755859375,113.12999725341797,114.44000244140625,1997.0
2024-10-31 11:52:00+00:00,LITM,0.3799999952316284,0.3799999952316284,0.3799999952316284,0.3774000108242035,0.3774000108242035,31680.0
2024-10-31 11:52:00+00:00,LWLG,3.2100000381469727,3.2100000381469727,3.2100000381469727,3.2100000381469727,3.2100000381469727,826.0
2024-10-31 11:52:00+00:00,MEOH,38.79999923706055,38.79999923706055,38.79999923706055,38.77000045776367,38.77000045776367,1002.0
2024-10-31 11:52:00+00:00,MERC,6.420000076293945,6.420000076293945,6.420000076293945,6.420000076293945,6.420000076293945,211.0
2024-10-31 11:52:00+00:00,METC,9.989999771118164,9.989999771118164,9.989999771118164,9.989999771118164,9.989999771118164,302.0
2024-10-31 11:52:00+00:00,ORGN,1.3949999809265137,1.3949999809265137,1.3949999809265137,1.3949999809265137,1.3949999809265137,869.0
2024-10-31 11:52:00+00:00,PAAS,23.15999984741211,23.15999984741211,23.18000030517578,23.15999984741211,23.165000915527344,3608.0
2024-10-31 11:52:00+00:00,PLL,12.880000114440918,12.880000114440918,12.899999618530273,12.869999885559082,12.869999885559082,740.0
2024-10-31 11:52:00+00:00,RGLD,146.02499389648438,146.02499389648438,146.02499389648438,146.02499389648438,146.02499389648438,274.0
2024-10-31 11:52:00+00:00,SGML,13.960000038146973,13.960000038146973,13.960000038146973,13.960000038146973,13.960000038146973,282.0
2024-10-31 11:52:00+00:00,SSRM,6.074999809265137,6.074999809265137,6.074999809265137,6.074999809265137,6.074999809265137,3412.0
2024-10-31 11:52:00+00:00,STLD,131.36000061035156,131.36000061035156,131.36000061035156,131.27499389648438,131.27499389648438,762.0
2024-10-31 11:52:00+00:00,UFPI,123.08999633789062,123.08999633789062,123.08999633789062,123.08999633789062,123.08999633789062,874.0
2024-10-31 11:53:00+00:00,ASTL,10.289999961853027,10.289999961853027,10.289999961853027,10.289999961853027,10.289999961853027,470.0
2024-10-31 11:53:00+00:00,BCPC,167.53500366210938,167.53500366210938,167.53500366210938,167.53500366210938,167.53500366210938,339.0
2024-10-31 11:53:00+00:00,CNEY,0.5099999904632568,0.5099999904632568,0.5099999904632568,0.5099999904632568,0.5099999904632568,200.0
2024-10-31 11:53:00+00:00,CRKN,0.9300000071525574,0.9300000071525574,0.9300000071525574,0.9300000071525574,0.9300000071525574,565.0
2024-10-31 11:53:00+00:00,GEVO,2.3499999046325684,2.3499999046325684,2.3499999046325684,2.3450000286102295,2.3499999046325684,9697.0
2024-10-31 11:53:00+00:00,GPRE,13.4399995803833,13.4399995803833,13.4399995803833,13.4399995803833,13.4399995803833,654.0
2024-10-31 11:53:00+00:00,HWKN,113.09500122070312,113.09500122070312,113.09500122070312,113.09500122070312,113.09500122070312,1136.0
2024-10-31 11:53:00+00:00,KALU,75.58999633789062,75.58999633789062,75.58999633789062,75.30000305175781,75.30000305175781,530.0
2024-10-31 11:53:00+00:00,LITM,0.3799000084400177,0.3799000084400177,0.3799000084400177,0.3799000084400177,0.3799000084400177,230.0
2024-10-31 11:53:00+00:00,MERC,6.394999980926514,6.394999980926514,6.420000076293945,6.380000114440918,6.409999847412109,3141.0
2024-10-31 11:53:00+00:00,PAAS,23.139999389648438,23.139999389648438,23.15999984741211,23.1200008392334,23.15999984741211,6899.0
2024-10-31 11:53:00+00:00,PLL,12.861000061035156,12.861000061035156,12.861000061035156,12.861000061035156,12.861000061035156,285.0
2024-10-31 11:53:00+00:00,PPTA,9.869999885559082,9.869999885559082,9.880000114440918,9.869999885559082,9.880000114440918,827.0
2024-10-31 11:53:00+00:00,RGLD,145.94000244140625,145.94000244140625,145.9499969482422,145.8300018310547,145.9499969482422,452.0
2024-10-31 11:53:00+00:00,SGML,13.9399995803833,13.9399995803833,13.9399995803833,13.9399995803833,13.9399995803833,1221.0
2024-10-31 11:53:00+00:00,SSRM,6.070000171661377,6.070000171661377,6.070000171661377,6.070000171661377,6.070000171661377,1200.0
2024-10-31 11:53:00+00:00,STLD,131.27499389648438,131.27499389648438,131.27499389648438,131.27499389648438,131.27499389648438,524.0
2024-10-31 11:53:00+00:00,UFPI,123.16000366210938,123.16000366210938,123.16000366210938,123.16000366210938,123.16000366210938,1394.0
2024-10-31 11:53:00+00:00,USLM,111.74500274658203,111.74500274658203,111.74500274658203,111.74500274658203,111.74500274658203,212.0
2024-10-31 11:54:00+00:00,ALTO,1.7582000494003296,1.7582000494003296,1.7582000494003296,1.7549999952316284,1.7549999952316284,673.0
2024-10-31 11:54:00+00:00,AREC,0.9850000143051147,0.9850000143051147,0.9850000143051147,0.9850000143051147,0.9850000143051147,300.0
2024-10-31 11:54:00+00:00,BIOX,6.78000020980835,6.78000020980835,6.78000020980835,6.78000020980835,6.78000020980835,110.0
2024-10-31 11:54:00+00:00,CENX,17.56999969482422,17.56999969482422,17.575000762939453,17.559999465942383,17.575000762939453,2148.0
2024-10-31 11:54:00+00:00,GEVO,2.3550000190734863,2.3550000190734863,2.3550000190734863,2.3399999141693115,2.3499999046325684,166492.0
2024-10-31 11:54:00+00:00,GPRE,13.404999732971191,13.404999732971191,13.420000076293945,13.404999732971191,13.420000076293945,1228.0
2024-10-31 11:54:00+00:00,GSM,4.159999847412109,4.159999847412109,4.159999847412109,4.159999847412109,4.159999847412109,155.0
2024-10-31 11:54:00+00:00,HWKN,113.09500122070312,113.09500122070312,113.09500122070312,113.09500122070312,113.09500122070312,1374.0
2024-10-31 11:54:00+00:00,HYMC,2.380000114440918,2.380000114440918,2.380000114440918,2.380000114440918,2.380000114440918,396.0
2024-10-31 11:54:00+00:00,METC,10.0,10.0,10.0,10.0,10.0,159.0
2024-10-31 11:54:00+00:00,PAAS,23.139999389648438,23.139999389648438,23.139999389648438,23.125,23.1299991607666,2404.0
2024-10-31 11:54:00+00:00,PPTA,9.899999618530273,9.899999618530273,9.899999618530273,9.890000343322754,9.890000343322754,683.0
2024-10-31 11:54:00+00:00,RGLD,145.94000244140625,145.94000244140625,145.94000244140625,145.94000244140625,145.94000244140625,651.0
2024-10-31 11:54:00+00:00,SSRM,6.065000057220459,6.065000057220459,6.065000057220459,6.064799785614014,6.065000057220459,5024.0
2024-10-31 11:54:00+00:00,STLD,131.27999877929688,131.27999877929688,131.27999877929688,131.27999877929688,131.27999877929688,134.0
2024-10-31 11:54:00+00:00,TMC,0.9765999913215637,0.9765999913215637,0.9765999913215637,0.9765999913215637,0.9765999913215637,469.0
2024-10-31 11:54:00+00:00,USLM,111.64749908447266,111.64749908447266,111.74500274658203,111.64749908447266,111.74500274658203,265.0
2024-10-31 11:55:00+00:00,AREC,0.9800999760627747,0.9800999760627747,0.9800999760627747,0.9800999760627747,0.9800999760627747,6500.0
2024-10-31 11:55:00+00:00,CENX,17.56999969482422,17.56999969482422,17.579999923706055,17.56999969482422,17.56999969482422,1965.0
2024-10-31 11:55:00+00:00,CNEY,0.5099999904632568,0.5099999904632568,0.5099999904632568,0.5099999904632568,0.5099999904632568,100.0
2024-10-31 11:55:00+00:00,CRKN,0.9265000224113464,0.9265000224113464,0.9300000071525574,0.9265000224113464,0.9300000071525574,610.0
2024-10-31 11:55:00+00:00,FEAM,0.460999995470047,0.460999995470047,0.460999995470047,0.460999995470047,0.460999995470047,19.0
2024-10-31 11:55:00+00:00,GEVO,2.3499999046325684,2.3499999046325684,2.359999895095825,2.3499999046325684,2.3585000038146973,9374.0
2024-10-31 11:55:00+00:00,GSM,4.169899940490723,4.169899940490723,4.169899940490723,4.164999961853027,4.164999961853027,1761.0
2024-10-31 11:55:00+00:00,HYMC,2.379300117492676,2.379300117492676,2.379300117492676,2.3747000694274902,2.3747000694274902,2079.0
2024-10-31 11:55:00+00:00,IOSP,108.83000183105469,108.83000183105469,108.8499984741211,108.83000183105469,108.8499984741211,447.0
2024-10-31 11:55:00+00:00,LITM,0.3799999952316284,0.3799999952316284,0.3799999952316284,0.3799000084400177,0.3799000084400177,6380.0
2024-10-31 11:55:00+00:00,LWLG,3.2149999141693115,3.2149999141693115,3.2149999141693115,3.2149999141693115,3.2149999141693115,560.0
2024-10-31 11:55:00+00:00,MEOH,38.790000915527344,38.790000915527344,38.790000915527344,38.77000045776367,38.77000045776367,2109.0
2024-10-31 11:55:00+00:00,METC,10.005000114440918,10.005000114440918,10.005000114440918,10.005000114440918,10.005000114440918,674.0
2024-10-31 11:55:00+00:00,PLL,12.859999656677246,12.859999656677246,12.859999656677246,12.859999656677246,12.859999656677246,1230.0
2024-10-31 11:55:00+00:00,PPTA,9.90369987487793,9.90369987487793,9.90369987487793,9.90369987487793,9.90369987487793,881.0
2024-10-31 11:55:00+00:00,SSRM,6.074999809265137,6.074999809265137,6.074999809265137,6.070000171661377,6.070000171661377,6130.0
2024-10-31 11:55:00+00:00,STLD,131.35499572753906,131.35499572753906,131.35499572753906,131.2899932861328,131.3300018310547,1064.0
2024-10-31 11:55:00+00:00,TMC,0.9807000160217285,0.9807000160217285,0.9807000160217285,0.9807000160217285,0.9807000160217285,210.0
2024-10-31 11:56:00+00:00,BCPC,167.61500549316406,167.61500549316406,167.61500549316406,167.53500366210938,167.53500366210938,459.0
2024-10-31 11:56:00+00:00,CENX,17.600000381469727,17.600000381469727,17.600000381469727,17.584999084472656,17.584999084472656,546.0
2024-10-31 11:56:00+00:00,CNEY,0.503000020980835,0.503000020980835,0.503000020980835,0.503000020980835,0.503000020980835,700.0
2024-10-31 11:56:00+00:00,CRKN,0.9300000071525574,0.9300000071525574,0.9300000071525574,0.9300000071525574,0.9300000071525574,100.0
2024-10-31 11:56:00+00:00,GEVO,2.375,2.375,2.380000114440918,2.359999895095825,2.359999895095825,39623.0
2024-10-31 11:56:00+00:00,GPRE,13.375,13.375,13.399999618530273,13.369999885559082,13.399999618530273,3052.0
2024-10-31 11:56:00+00:00,HDSN,7.514999866485596,7.514999866485596,7.514999866485596,7.514999866485596,7.514999866485596,1198.0
2024-10-31 11:56:00+00:00,LITM,0.3799999952316284,0.3799999952316284,0.3799999952316284,0.3799999952316284,0.3799999952316284,24265.0
2024-10-31 11:56:00+00:00,MERC,6.409999847412109,6.409999847412109,6.409999847412109,6.409999847412109,6.409999847412109,230.0
2024-10-31 11:56:00+00:00,METC,10.020000457763672,10.020000457763672,10.020000457763672,10.010000228881836,10.010000228881836,1825.0
2024-10-31 11:56:00+00:00,ORGN,1.3899999856948853,1.3899999856948853,1.3899999856948853,1.3899999856948853,1.3899999856948853,1044.0
2024-10-31 11:56:00+00:00,PAAS,23.18000030517578,23.18000030517578,23.184999465942383,23.18000030517578,23.184999465942383,10955.0
2024-10-31 11:56:00+00:00,PPTA,9.899999618530273,9.899999618530273,9.899999618530273,9.899999618530273,9.899999618530273,709.0
2024-10-31 11:56:00+00:00,RGLD,146.10299682617188,146.10299682617188,146.10299682617188,146.10299682617188,146.10299682617188,124.0
2024-10-31 11:56:00+00:00,SSRM,6.074999809265137,6.074999809265137,6.074999809265137,6.074999809265137,6.074999809265137,2447.0
2024-10-31 11:56:00+00:00,STLD,131.52999877929688,131.52999877929688,131.52999877929688,131.41000366210938,131.41000366210938,1638.0
2024-10-31 11:56:00+00:00,USAP,44.029998779296875,44.029998779296875,44.029998779296875,44.029998779296875,44.029998779296875,181.0
2024-10-31 11:56:00+00:00,USLM,112.04000091552734,112.04000091552734,112.04000091552734,111.75,111.75,985.0
2024-10-31 11:57:00+00:00,AREC,0.9901000261306763,0.9901000261306763,0.9901000261306763,0.9901000261306763,0.9901000261306763,0.0
2024-10-31 11:57:00+00:00,CENX,17.600000381469727,17.600000381469727,17.600000381469727,17.600000381469727,17.600000381469727,600.0
2024-10-31 11:57:00+00:00,CNEY,0.5099999904632568,0.5099999904632568,0.5099999904632568,0.5099999904632568,0.5099999904632568,0.0
2024-10-31 11:57:00+00:00,GEVO,2.3701000213623047,2.3701000213623047,2.378700017929077,2.3701000213623047,2.378700017929077,7945.0
2024-10-31 11:57:00+00:00,GPRE,13.369999885559082,13.369999885559082,13.369999885559082,13.359999656677246,13.359999656677246,991.0
2024-10-31 11:57:00+00:00,GSM,4.159999847412109,4.159999847412109,4.159999847412109,4.159999847412109,4.159999847412109,327.0
2024-10-31 11:57:00+00:00,GURE,0.6190000176429749,0.6190000176429749,0.6190000176429749,0.6190000176429749,0.6190000176429749,7140.0
2024-10-31 11:57:00+00:00,HYMC,2.3798000812530518,2.3798000812530518,2.3798000812530518,2.3798000812530518,2.3798000812530518,997.0
2024-10-31 11:57:00+00:00,PAAS,23.18000030517578,23.18000030517578,23.18000030517578,23.15999984741211,23.165000915527344,10881.0
2024-10-31 11:57:00+00:00,RGLD,145.97000122070312,145.97000122070312,146.1199951171875,145.9550018310547,145.9550018310547,1418.0
2024-10-31 11:57:00+00:00,SMID,34.0,34.0,34.0,34.0,34.0,208.0
2024-10-31 11:57:00+00:00,SSRM,6.079999923706055,6.079999923706055,6.079999923706055,6.079999923706055,6.079999923706055,5823.0
2024-10-31 11:57:00+00:00,STLD,131.49000549316406,131.49000549316406,131.49000549316406,131.49000549316406,131.49000549316406,217.0
2024-10-31 11:57:00+00:00,USAU,6.050000190734863,6.050000190734863,6.050000190734863,6.050000190734863,6.050000190734863,406.0
2024-10-31 11:57:00+00:00,USLM,111.87999725341797,111.87999725341797,111.87999725341797,111.87999725341797,111.87999725341797,548.0
2024-10-31 11:58:00+00:00,ALTO,1.7549999952316284,1.7549999952316284,1.7549999952316284,1.7549999952316284,1.7549999952316284,336.0
2024-10-31 11:58:00+00:00,BCPC,167.55499267578125,167.55499267578125,167.55499267578125,167.55499267578125,167.55499267578125,140.0
2024-10-31 11:58:00+00:00,CENX,17.6200008392334,17.6200008392334,17.6200008392334,17.600000381469727,17.600000381469727,475.0
2024-10-31 11:58:00+00:00,CNEY,0.5099999904632568,0.5099999904632568,0.5099999904632568,0.503000020980835,0.503000020980835,230.0
2024-10-31 11:58:00+00:00,CRKN,0.9276000261306763,0.9276000261306763,0.9300000071525574,0.9275000095367432,0.9300000071525574,11378.0
2024-10-31 11:58:00+00:00,GEVO,2.375,2.375,2.380000114440918,2.369999885559082,2.375,4965.0
2024-10-31 11:58:00+00:00,GPRE,13.449999809265137,13.449999809265137,13.449999809265137,13.369999885559082,13.369999885559082,11402.0
2024-10-31 11:58:00+00:00,GSM,4.164999961853027,4.164999961853027,4.164999961853027,4.164999961853027,4.164999961853027,5772.0
2024-10-31 11:58:00+00:00,HWKN,112.33000183105469,112.33000183105469,112.33000183105469,112.33000183105469,112.33000183105469,896.0
2024-10-31 11:58:00+00:00,HYMC,2.380000114440918,2.380000114440918,2.380000114440918,2.380000114440918,2.380000114440918,865.0
2024-10-31 11:58:00+00:00,LGO,2.4879000186920166,2.4879000186920166,2.4879000186920166,2.4879000186920166,2.4879000186920166,332.0
2024-10-31 11:58:00+00:00,MERC,6.409999847412109,6.409999847412109,6.409999847412109,6.409999847412109,6.409999847412109,2511.0
2024-10-31 11:58:00+00:00,PAAS,23.18000030517578,23.18000030517578,23.18000030517578,23.165000915527344,23.174999237060547,7825.0
2024-10-31 11:58:00+00:00,SGML,13.90999984741211,13.90999984741211,13.90999984741211,13.90999984741211,13.90999984741211,930.0
2024-10-31 11:58:00+00:00,SMID,34.0,34.0,34.0,34.0,34.0,109.0
2024-10-31 11:58:00+00:00,SSRM,6.090000152587891,6.090000152587891,6.090000152587891,6.070000171661377,6.07480001449585,6026.0
2024-10-31 11:58:00+00:00,STLD,131.41000366210938,131.41000366210938,131.48500061035156,131.41000366210938,131.42999267578125,1389.0
2024-10-31 11:59:00+00:00,AREC,0.9901000261306763,0.9901000261306763,0.9901000261306763,0.9901000261306763,0.9901000261306763,1598.0
2024-10-31 11:59:00+00:00,ASTL,10.3100004196167,10.3100004196167,10.3100004196167,10.295000076293945,10.295000076293945,1172.0
2024-10-31 11:59:00+00:00,BCPC,167.63499450683594,167.63499450683594,167.63499450683594,167.63499450683594,167.63499450683594,235.0
2024-10-31 11:59:00+00:00,CENX,17.604999542236328,17.604999542236328,17.604999542236328,17.600000381469727,17.600000381469727,812.0
2024-10-31 11:59:00+00:00,CRKN,0.9251000285148621,0.9251000285148621,0.9251000285148621,0.9251000285148621,0.9251000285148621,0.0
2024-10-31 11:59:00+00:00,ELBM,0.5029000043869019,0.5029000043869019,0.5029000043869019,0.5029000043869019,0.5029000043869019,1041.0
2024-10-31 11:59:00+00:00,GEVO,2.380000114440918,2.380000114440918,2.380000114440918,2.375,2.375,15146.0
2024-10-31 11:59:00+00:00,GPRE,13.460000038146973,13.460000038146973,13.460000038146973,13.460000038146973,13.460000038146973,907.0
2024-10-31 11:59:00+00:00,GSM,4.170000076293945,4.170000076293945,4.170000076293945,4.159999847412109,4.164999961853027,1933.0
2024-10-31 11:59:00+00:00,KALU,75.45500183105469,75.45500183105469,75.45500183105469,75.45500183105469,75.45500183105469,409.0
2024-10-31 11:59:00+00:00,LGO,2.4769999980926514,2.4769999980926514,2.4769999980926514,2.4769999980926514,2.4769999980926514,34.0
2024-10-31 11:59:00+00:00,ORGN,1.3949999809265137,1.3949999809265137,1.3949999809265137,1.3949999809265137,1.3949999809265137,317.0
2024-10-31 11:59:00+00:00,PAAS,23.229900360107422,23.229900360107422,23.235000610351562,23.178699493408203,23.178699493408203,5576.0
2024-10-31 11:59:00+00:00,PLL,12.869999885559082,12.869999885559082,12.870400428771973,12.864999771118164,12.870400428771973,9496.0
2024-10-31 11:59:00+00:00,SSRM,6.09499979019165,6.09499979019165,6.099999904632568,6.0868000984191895,6.0868000984191895,7998.0
2024-10-31 11:59:00+00:00,STLD,131.48500061035156,131.48500061035156,131.5,131.48500061035156,131.48500061035156,883.0
2024-10-31 11:59:00+00:00,UFPI,123.30000305175781,123.30000305175781,123.30000305175781,123.25,123.25,247.0
2024-10-31 12:00:00+00:00,ACNT,9.40999984741211,9.40999984741211,9.40999984741211,9.40999984741211,9.40999984741211,204.0
2024-10-31 12:00:00+00:00,ALTO,1.75,1.75,1.7549999952316284,1.75,1.7549999952316284,979.0
2024-10-31 12:00:00+00:00,ASTL,10.324999809265137,10.324999809265137,10.324999809265137,10.324999809265137,10.324999809265137,120.0
2024-10-31 12:00:00+00:00,BCPC,167.625,167.625,167.625,167.625,167.625,225.0
2024-10-31 12:00:00+00:00,CENX,17.635000228881836,17.635000228881836,17.635000228881836,17.613000869750977,17.613000869750977,1253.0
2024-10-31 12:00:00+00:00,CNEY,0.5099999904632568,0.5099999904632568,0.5099999904632568,0.5099999904632568,0.5099999904632568,220.0
2024-10-31 12:00:00+00:00,GEVO,2.375,2.375,2.384999990463257,2.369999885559082,2.378499984741211,29302.0
2024-10-31 12:00:00+00:00,GPRE,13.449999809265137,13.449999809265137,13.449999809265137,13.4399995803833,13.4399995803833,1245.0
2024-10-31 12:00:00+00:00,GSM,4.175000190734863,4.175000190734863,4.179999828338623,4.170000076293945,4.170000076293945,12266.0
2024-10-31 12:00:00+00:00,KALU,75.33999633789062,75.33999633789062,75.33999633789062,75.33999633789062,75.33999633789062,264.0
2024-10-31 12:00:00+00:00,LWLG,3.234999895095825,3.234999895095825,3.234999895095825,3.2200000286102295,3.2200000286102295,1600.0
2024-10-31 12:00:00+00:00,MERC,6.420000076293945,6.420000076293945,6.420000076293945,6.420000076293945,6.420000076293945,795.0
2024-10-31 12:00:00+00:00,PAAS,23.239999771118164,23.239999771118164,23.239999771118164,23.219999313354492,23.229999542236328,3423.0
2024-10-31 12:00:00+00:00,PLL,12.890000343322754,12.890000343322754,12.890000343322754,12.890000343322754,12.890000343322754,720.0
2024-10-31 12:00:00+00:00,PPTA,9.93120002746582,9.93120002746582,9.93120002746582,9.93120002746582,9.93120002746582,1355.0
2024-10-31 12:00:00+00:00,RGLD,146.17999267578125,146.17999267578125,146.17999267578125,146.16000366210938,146.16000366210938,483.0
2024-10-31 12:00:00+00:00,SSRM,6.099999904632568,6.099999904632568,6.099999904632568,6.099999904632568,6.099999904632568,346.0
2024-10-31 12:00:00+00:00,STLD,131.5,131.5,131.54750061035156,131.48260498046875,131.48500061035156,826.0
2024-10-31 12:00:00+00:00,UFPI,123.33000183105469,123.33000183105469,123.33000183105469,123.33000183105469,123.33000183105469,1196.0
2024-10-31 12:01:00+00:00,ASTL,10.324999809265137,10.324999809265137,10.324999809265137,10.324999809265137,10.324999809265137,272.0
2024-10-31 12:01:00+00:00,BCPC,168.0050048828125,168.0050048828125,168.0050048828125,167.625,167.625,675.0
2024-10-31 12:01:00+00:00,CENX,17.639999389648438,17.639999389648438,17.65999984741211,17.639999389648438,17.65999984741211,589.0
2024-10-31 12:01:00+00:00,CNEY,0.503000020980835,0.503000020980835,0.5099999904632568,0.503000020980835,0.5099999904632568,500.0
2024-10-31 12:01:00+00:00,CRKN,0.9398000240325928,0.9398000240325928,0.9398000240325928,0.9277999997138977,0.9277999997138977,3757.0
2024-10-31 12:01:00+00:00,GEVO,2.375,2.375,2.3785998821258545,2.375,2.3782999515533447,12012.0
2024-10-31 12:01:00+00:00,GPRE,13.479900360107422,13.479900360107422,13.539999961853027,13.460000038146973,13.479999542236328,12380.0
2024-10-31 12:01:00+00:00,HDSN,7.539999961853027,7.539999961853027,7.539999961853027,7.517099857330322,7.519999980926514,6337.0
2024-10-31 12:01:00+00:00,LGO,2.490000009536743,2.490000009536743,2.490000009536743,2.490000009536743,2.490000009536743,102.0
2024-10-31 12:01:00+00:00,LWLG,3.234999895095825,3.234999895095825,3.234999895095825,3.234999895095825,3.234999895095825,305.0
2024-10-31 12:01:00+00:00,MERC,6.429999828338623,6.429999828338623,6.434999942779541,6.429999828338623,6.429999828338623,1363.0
2024-10-31 12:01:00+00:00,METC,10.020000457763672,10.020000457763672,10.020000457763672,10.020000457763672,10.020000457763672,1108.0
2024-10-31 12:01:00+00:00,ORGN,1.3899999856948853,1.3899999856948853,1.3899999856948853,1.3899999856948853,1.3899999856948853,248.0
2024-10-31 12:01:00+00:00,PAAS,23.239999771118164,23.239999771118164,23.259300231933594,23.239999771118164,23.239999771118164,7858.0
2024-10-31 12:01:00+00:00,PLL,12.930000305175781,12.930000305175781,12.930000305175781,12.930000305175781,12.930000305175781,488.0
2024-10-31 12:01:00+00:00,RGLD,146.24000549316406,146.24000549316406,146.24000549316406,146.24000549316406,146.24000549316406,181.0
2024-10-31 12:01:00+00:00,SGML,13.9350004196167,13.9350004196167,13.954999923706055,13.930000305175781,13.949999809265137,2067.0
2024-10-31 12:01:00+00:00,SSRM,6.105000019073486,6.105000019073486,6.105000019073486,6.099999904632568,6.099999904632568,6331.0
2024-10-31 12:01:00+00:00,STLD,131.66000366210938,131.66000366210938,131.66000366210938,131.4600067138672,131.4600067138672,3802.0
2024-10-31 12:01:00+00:00,USLM,111.88999938964844,111.88999938964844,111.88999938964844,111.88999938964844,111.88999938964844,113.0
2024-10-31 12:02:00+00:00,BCPC,168.0050048828125,168.0050048828125,168.0050048828125,168.0050048828125,168.0050048828125,389.0
2024-10-31 12:02:00+00:00,CENX,17.6299991607666,17.6299991607666,17.649999618530273,17.6299991607666,17.645000457763672,1812.0
2024-10-31 12:02:00+00:00,CNEY,0.5099999904632568,0.5099999904632568,0.5099999904632568,0.503000020980835,0.503000020980835,100.0
2024-10-31 12:02:00+00:00,CRKN,0.9398999810218811,0.9398999810218811,0.9398999810218811,0.9301000237464905,0.9348999857902527,5615.0
2024-10-31 12:02:00+00:00,ELBM,0.5029000043869019,0.5029000043869019,0.5029000043869019,0.5029000043869019,0.5029000043869019,1400.0
2024-10-31 12:02:00+00:00,GEVO,2.368499994277954,2.368499994277954,2.375,2.3619000911712646,2.369999885559082,50180.0
2024-10-31 12:02:00+00:00,GPRE,13.4399995803833,13.4399995803833,13.479999542236328,13.4399995803833,13.470000267028809,3119.0
2024-10-31 12:02:00+00:00,GSM,4.175600051879883,4.175600051879883,4.175600051879883,4.175600051879883,4.175600051879883,506.0
2024-10-31 12:02:00+00:00,HDSN,7.534599781036377,7.534599781036377,7.534599781036377,7.534599781036377,7.534599781036377,3306.0
2024-10-31 12:02:00+00:00,IOSP,109.0000991821289,109.0000991821289,109.0000991821289,108.81999969482422,108.81999969482422,1215.0
2024-10-31 12:02:00+00:00,IPX,21.780000686645508,21.780000686645508,21.780000686645508,21.489999771118164,21.489999771118164,3915.0
2024-10-31 12:02:00+00:00,LGO,2.5,2.5,2.5,2.5,2.5,1305.0
2024-10-31 12:02:00+00:00,LWLG,3.234999895095825,3.234999895095825,3.234999895095825,3.234999895095825,3.234999895095825,356.0
2024-10-31 12:02:00+00:00,MERC,6.429999828338623,6.429999828338623,6.429999828338623,6.429999828338623,6.429999828338623,340.0
2024-10-31 12:02:00+00:00,ORGN,1.3949999809265137,1.3949999809265137,1.3949999809265137,1.3949999809265137,1.3949999809265137,500.0
2024-10-31 12:02:00+00:00,PAAS,23.229999542236328,23.229999542236328,23.2450008392334,23.209999084472656,23.239999771118164,3941.0
2024-10-31 12:02:00+00:00,SGML,13.9350004196167,13.9350004196167,13.9350004196167,13.9350004196167,13.9350004196167,224.0
2024-10-31 12:02:00+00:00,STLD,131.39999389648438,131.39999389648438,131.57000732421875,131.39999389648438,131.57000732421875,3982.0
2024-10-31 12:02:00+00:00,USLM,112.0,112.0,112.0,112.0,112.0,611.0
2024-10-31 12:03:00+00:00,ASTL,10.305000305175781,10.305000305175781,10.319999694824219,10.305000305175781,10.319999694824219,934.0
2024-10-31 12:03:00+00:00,GEVO,2.3601999282836914,2.3601999282836914,2.368499994277954,2.359999895095825,2.365000009536743,3895.0
2024-10-31 12:03:00+00:00,GPRE,13.414999961853027,13.414999961853027,13.420000076293945,13.414999961853027,13.420000076293945,937.0
2024-10-31 12:03:00+00:00,GSM,4.184999942779541,4.184999942779541,4.184999942779541,4.179999828338623,4.179999828338623,13529.0
2024-10-31 12:03:00+00:00,IPX,21.780000686645508,21.780000686645508,21.780000686645508,21.75,21.75,0.0
2024-10-31 12:03:00+00:00,KALU,75.29000091552734,75.29000091552734,75.29000091552734,75.29000091552734,75.29000091552734,118.0
2024-10-31 12:03:00+00:00,LITM,0.375,0.375,0.3750999867916107,0.3702000081539154,0.3750999867916107,1941.0
2024-10-31 12:03:00+00:00,LWLG,3.234999895095825,3.234999895095825,3.234999895095825,3.234999895095825,3.234999895095825,385.0
2024-10-31 12:03:00+00:00,MERC,6.440000057220459,6.440000057220459,6.440000057220459,6.429999828338623,6.429999828338623,217.0
2024-10-31 12:03:00+00:00,PAAS,23.200000762939453,23.200000762939453,23.209999084472656,23.19499969482422,23.209999084472656,2381.0
2024-10-31 12:03:00+00:00,RGLD,146.1199951171875,146.1199951171875,146.1199951171875,146.1199951171875,146.1199951171875,223.0
2024-10-31 12:03:00+00:00,SSRM,6.100100040435791,6.100100040435791,6.100100040435791,6.100100040435791,6.100100040435791,2666.0
2024-10-31 12:03:00+00:00,STLD,131.46299743652344,131.46299743652344,131.46299743652344,131.40499877929688,131.40499877929688,407.0
2024-10-31 12:03:00+00:00,USAP,43.9900016784668,43.9900016784668,43.9900016784668,43.9900016784668,43.9900016784668,102.0
2024-10-31 12:04:00+00:00,ALTO,1.7549999952316284,1.7549999952316284,1.757200002670288,1.7549999952316284,1.757200002670288,1971.0
2024-10-31 12:04:00+00:00,ASTL,10.295000076293945,10.295000076293945,10.295000076293945,10.295000076293945,10.295000076293945,260.0
2024-10-31 12:04:00+00:00,BIOX,6.78000020980835,6.78000020980835,6.78000020980835,6.78000020980835,6.78000020980835,574.0
2024-10-31 12:04:00+00:00,CENX,17.645000457763672,17.645000457763672,17.645000457763672,17.639999389648438,17.639999389648438,263.0
2024-10-31 12:04:00+00:00,CNEY,0.5098999738693237,0.5098999738693237,0.5098999738693237,0.5098999738693237,0.5098999738693237,339.0
2024-10-31 12:04:00+00:00,CRKN,0.9387999773025513,0.9387999773025513,0.9398999810218811,0.9330000281333923,0.9398999810218811,5062.0
2024-10-31 12:04:00+00:00,GEVO,2.359999895095825,2.359999895095825,2.3698999881744385,2.359999895095825,2.3698999881744385,4420.0
2024-10-31 12:04:00+00:00,GPRE,13.430000305175781,13.430000305175781,13.430000305175781,13.420000076293945,13.420000076293945,2249.0
2024-10-31 12:04:00+00:00,GSM,4.184999942779541,4.184999942779541,4.184999942779541,4.184999942779541,4.184999942779541,432.0
2024-10-31 12:04:00+00:00,HDSN,7.53000020980835,7.53000020980835,7.53000020980835,7.53000020980835,7.53000020980835,636.0
2024-10-31 12:04:00+00:00,MEOH,38.84000015258789,38.84000015258789,38.84000015258789,38.81999969482422,38.81999969482422,1260.0
2024-10-31 12:04:00+00:00,MERC,6.429999828338623,6.429999828338623,6.429999828338623,6.429999828338623,6.429999828338623,111.0
2024-10-31 12:04:00+00:00,PAAS,23.219999313354492,23.219999313354492,23.219999313354492,23.200000762939453,23.204999923706055,2803.0
2024-10-31 12:04:00+00:00,PLL,12.928999900817871,12.928999900817871,12.928999900817871,12.928999900817871,12.928999900817871,690.0
2024-10-31 12:04:00+00:00,PPTA,9.930000305175781,9.930000305175781,9.930000305175781,9.930000305175781,9.930000305175781,200.0
2024-10-31 12:04:00+00:00,RGLD,146.15440368652344,146.15440368652344,146.15440368652344,146.15440368652344,146.15440368652344,557.0
2024-10-31 12:04:00+00:00,SEED,2.5306999683380127,2.5306999683380127,2.5306999683380127,2.5306999683380127,2.5306999683380127,360.0
2024-10-31 12:04:00+00:00,SSRM,6.110000133514404,6.110000133514404,6.110000133514404,6.105000019073486,6.105000019073486,3005.0
2024-10-31 12:04:00+00:00,STLD,131.4499969482422,131.4499969482422,131.47000122070312,131.40499877929688,131.40499877929688,820.0
2024-10-31 12:04:00+00:00,UFPI,123.44000244140625,123.44000244140625,123.44000244140625,123.44000244140625,123.44000244140625,375.0
2024-10-31 12:04:00+00:00,USAP,43.9900016784668,43.9900016784668,43.9900016784668,43.9900016784668,43.9900016784668,301.0
2024-10-31 12:05:00+00:00,ALTO,1.7549999952316284,1.7549999952316284,1.7549999952316284,1.7549999952316284,1.7549999952316284,404.0
2024-10-31 12:05:00+00:00,ASTL,10.295000076293945,10.295000076293945,10.295000076293945,10.295000076293945,10.295000076293945,198.0
2024-10-31 12:05:00+00:00,CENX,17.645000457763672,17.645000457763672,17.645200729370117,17.640300750732422,17.640300750732422,1221.0
2024-10-31 12:05:00+00:00,CNEY,0.5098999738693237,0.5098999738693237,0.5098999738693237,0.5098999738693237,0.5098999738693237,21.0
2024-10-31 12:05:00+00:00,GEVO,2.365000009536743,2.365000009536743,2.369999885559082,2.361799955368042,2.365000009536743,56026.0
2024-10-31 12:05:00+00:00,GPRE,13.470000267028809,13.470000267028809,13.470000267028809,13.470000267028809,13.470000267028809,934.0
2024-10-31 12:05:00+00:00,GSM,4.180099964141846,4.180099964141846,4.180099964141846,4.180099964141846,4.180099964141846,804.0
2024-10-31 12:05:00+00:00,GURE,0.6190000176429749,0.6190000176429749,0.6190000176429749,0.6190000176429749,0.6190000176429749,4500.0
2024-10-31 12:05:00+00:00,HYMC,2.4200000762939453,2.4200000762939453,2.4200000762939453,2.4200000762939453,2.4200000762939453,993.0
2024-10-31 12:05:00+00:00,LWLG,3.234999895095825,3.234999895095825,3.234999895095825,3.234999895095825,3.234999895095825,103.0
2024-10-31 12:05:00+00:00,MERC,6.429999828338623,6.429999828338623,6.432000160217285,6.429999828338623,6.432000160217285,4293.0
2024-10-31 12:05:00+00:00,ORGN,1.3949999809265137,1.3949999809265137,1.3949999809265137,1.3949999809265137,1.3949999809265137,311.0
2024-10-31 12:05:00+00:00,PAAS,23.204999923706055,23.204999923706055,23.229999542236328,23.204999923706055,23.219999313354492,5758.0
2024-10-31 12:05:00+00:00,PPTA,9.949299812316895,9.949299812316895,9.949299812316895,9.949299812316895,9.949299812316895,231.0
2024-10-31 12:05:00+00:00,SGML,13.930000305175781,13.930000305175781,13.9350004196167,13.920000076293945,13.9350004196167,3369.0
2024-10-31 12:05:00+00:00,SSRM,6.110000133514404,6.110000133514404,6.110000133514404,6.110000133514404,6.110000133514404,216.0
2024-10-31 12:05:00+00:00,STLD,131.4149932861328,131.4149932861328,131.41749572753906,131.4149932861328,131.41749572753906,466.0
2024-10-31 12:05:00+00:00,TMC,0.9781000018119812,0.9781000018119812,0.9781000018119812,0.9781000018119812,0.9781000018119812,3233.0
2024-10-31 12:05:00+00:00,ZKIN,0.5616000294685364,0.5616000294685364,0.5616000294685364,0.5616000294685364,0.5616000294685364,105.0
2024-10-31 12:06:00+00:00,ACNT,9.40999984741211,9.40999984741211,9.40999984741211,9.40999984741211,9.40999984741211,125.0
2024-10-31 12:06:00+00:00,ALTO,1.7549999952316284,1.7549999952316284,1.7549999952316284,1.75,1.7549999952316284,2282.0
2024-10-31 12:06:00+00:00,BCPC,168.14999389648438,168.14999389648438,168.14999389648438,168.14999389648438,168.14999389648438,1584.0
2024-10-31 12:06:00+00:00,CENX,17.639999389648438,17.639999389648438,17.639999389648438,17.639999389648438,17.639999389648438,1999.0
2024-10-31 12:06:00+00:00,CNEY,0.5001000165939331,0.5001000165939331,0.5001000165939331,0.5001000165939331,0.5001000165939331,300.0
2024-10-31 12:06:00+00:00,GEVO,2.362299919128418,2.362299919128418,2.369999885559082,2.3610000610351562,2.369999885559082,8504.0
2024-10-31 12:06:00+00:00,GPRE,13.479900360107422,13.479900360107422,13.484999656677246,13.479900360107422,13.479999542236328,1823.0
2024-10-31 12:06:00+00:00,GSM,4.190000057220459,4.190000057220459,4.190000057220459,4.190000057220459,4.190000057220459,252.0
2024-10-31 12:06:00+00:00,HDSN,7.534999847412109,7.534999847412109,7.534999847412109,7.534999847412109,7.534999847412109,126.0
2024-10-31 12:06:00+00:00,HWKN,112.97000122070312,112.97000122070312,112.97000122070312,112.97000122070312,112.97000122070312,148.0
2024-10-31 12:06:00+00:00,IPX,21.780000686645508,21.780000686645508,21.780000686645508,21.780000686645508,21.780000686645508,503.0
2024-10-31 12:06:00+00:00,LITM,0.3725999891757965,0.3725999891757965,0.3725999891757965,0.3725999891757965,0.3725999891757965,240.0
2024-10-31 12:06:00+00:00,LWLG,3.2300000190734863,3.2300000190734863,3.2300000190734863,3.2300000190734863,3.2300000190734863,228.0
2024-10-31 12:06:00+00:00,MERC,6.429999828338623,6.429999828338623,6.429999828338623,6.429999828338623,6.429999828338623,430.0
2024-10-31 12:06:00+00:00,PAAS,23.219999313354492,23.219999313354492,23.22800064086914,23.21500015258789,23.21500015258789,4603.0
2024-10-31 12:06:00+00:00,SGML,13.925000190734863,13.925000190734863,13.930000305175781,13.920000076293945,13.930000305175781,3587.0
2024-10-31 12:06:00+00:00,SSRM,6.109899997711182,6.109899997711182,6.109899997711182,6.105000019073486,6.105000019073486,2700.0
2024-10-31 12:06:00+00:00,TMC,0.9769999980926514,0.9769999980926514,0.9769999980926514,0.9769999980926514,0.9769999980926514,31.0
2024-10-31 12:06:00+00:00,UFPI,123.45999908447266,123.45999908447266,123.45999908447266,123.45999908447266,123.45999908447266,763.0
2024-10-31 12:07:00+00:00,ASTL,10.3100004196167,10.3100004196167,10.3100004196167,10.300000190734863,10.300000190734863,819.0
2024-10-31 12:07:00+00:00,BIOX,6.78000020980835,6.78000020980835,6.78000020980835,6.769999980926514,6.78000020980835,2288.0
2024-10-31 12:07:00+00:00,CNEY,0.5098999738693237,0.5098999738693237,0.5098999738693237,0.5098999738693237,0.5098999738693237,50.0
2024-10-31 12:07:00+00:00,CRKN,0.9399999976158142,0.9399999976158142,0.9399999976158142,0.9398999810218811,0.9398999810218811,10561.0
2024-10-31 12:07:00+00:00,GEVO,2.389899969100952,2.389899969100952,2.389899969100952,2.365000009536743,2.369999885559082,26798.0
2024-10-31 12:07:00+00:00,GPRE,13.4399995803833,13.4399995803833,13.470000267028809,13.4399995803833,13.470000267028809,2285.0
2024-10-31 12:07:00+00:00,GSM,4.190000057220459,4.190000057220459,4.190000057220459,4.184999942779541,4.184999942779541,1759.0
2024-10-31 12:07:00+00:00,HDSN,7.533999919891357,7.533999919891357,7.533999919891357,7.533999919891357,7.533999919891357,1193.0
2024-10-31 12:07:00+00:00,HWKN,112.55000305175781,112.55000305175781,112.55000305175781,112.55000305175781,112.55000305175781,437.0
2024-10-31 12:07:00+00:00,IPX,21.899999618530273,21.899999618530273,21.899999618530273,21.899999618530273,21.899999618530273,1289.0
2024-10-31 12:07:00+00:00,KALU,75.45500183105469,75.45500183105469,75.45500183105469,75.45500183105469,75.45500183105469,212.0
2024-10-31 12:07:00+00:00,LITM,0.37209999561309814,0.37209999561309814,0.37209999561309814,0.37209999561309814,0.37209999561309814,3220.0
2024-10-31 12:07:00+00:00,LWLG,3.2314999103546143,3.2314999103546143,3.2314999103546143,3.2314999103546143,3.2314999103546143,2231.0
2024-10-31 12:07:00+00:00,MEOH,38.869998931884766,38.869998931884766,38.869998931884766,38.869998931884766,38.869998931884766,470.0
2024-10-31 12:07:00+00:00,ORGN,1.3949999809265137,1.3949999809265137,1.3949999809265137,1.3899999856948853,1.3899999856948853,220.0
2024-10-31 12:07:00+00:00,PAAS,23.18160057067871,23.18160057067871,23.209999084472656,23.18160057067871,23.209999084472656,4536.0
2024-10-31 12:07:00+00:00,SSRM,6.105000019073486,6.105000019073486,6.105999946594238,6.104300022125244,6.105999946594238,3519.0
2024-10-31 12:07:00+00:00,STLD,131.3000030517578,131.3000030517578,131.35000610351562,131.3000030517578,131.35000610351562,1701.0
2024-10-31 12:07:00+00:00,USAP,43.9900016784668,43.9900016784668,43.9900016784668,43.9900016784668,43.9900016784668,9.0
2024-10-31 12:07:00+00:00,USLM,112.0,112.0,112.0,112.0,112.0,253.0
2024-10-31 12:08:00+00:00,ASTL,10.305000305175781,10.305000305175781,10.3100004196167,10.305000305175781,10.3100004196167,441.0
2024-10-31 12:08:00+00:00,BIOX,6.769999980926514,6.769999980926514,6.769999980926514,6.769999980926514,6.769999980926514,600.0
2024-10-31 12:08:00+00:00,CENX,17.65999984741211,17.65999984741211,17.690000534057617,17.65999984741211,17.690000534057617,2937.0
2024-10-31 12:08:00+00:00,CRKN,0.9415000081062317,0.9415000081062317,0.9415000081062317,0.9390000104904175,0.9390000104904175,1963.0
2024-10-31 12:08:00+00:00,FEAM,0.4699999988079071,0.4699999988079071,0.4699999988079071,0.4699999988079071,0.4699999988079071,343.0
2024-10-31 12:08:00+00:00,GEVO,2.3875999450683594,2.3875999450683594,2.3875999450683594,2.384999990463257,2.384999990463257,2303.0
2024-10-31 12:08:00+00:00,GPRE,13.399999618530273,13.399999618530273,13.399999618530273,13.399999618530273,13.399999618530273,451.0
2024-10-31 12:08:00+00:00,GSM,4.184999942779541,4.184999942779541,4.184999942779541,4.184999942779541,4.184999942779541,267.0
2024-10-31 12:08:00+00:00,HDSN,7.53000020980835,7.53000020980835,7.53000020980835,7.53000020980835,7.53000020980835,2237.0
2024-10-31 12:08:00+00:00,IONR,7.800000190734863,7.800000190734863,7.869999885559082,7.800000190734863,7.869999885559082,1268.0
2024-10-31 12:08:00+00:00,IPX,21.899999618530273,21.899999618530273,21.899999618530273,21.850000381469727,21.850000381469727,438.0
2024-10-31 12:08:00+00:00,LWLG,3.2200000286102295,3.2200000286102295,3.234999895095825,3.2200000286102295,3.234999895095825,2851.0
2024-10-31 12:08:00+00:00,MERC,6.429999828338623,6.429999828338623,6.429999828338623,6.429999828338623,6.429999828338623,961.0
2024-10-31 12:08:00+00:00,METC,10.010000228881836,10.010000228881836,10.010000228881836,10.010000228881836,10.010000228881836,274.0
2024-10-31 12:08:00+00:00,ORGN,1.3949999809265137,1.3949999809265137,1.3949999809265137,1.3949999809265137,1.3949999809265137,103.0
2024-10-31 12:08:00+00:00,PAAS,23.18000030517578,23.18000030517578,23.190000534057617,23.165000915527344,23.18000030517578,3535.0
2024-10-31 12:08:00+00:00,PLL,12.899999618530273,12.899999618530273,12.899999618530273,12.899999618530273,12.899999618530273,867.0
2024-10-31 12:08:00+00:00,RGLD,146.02999877929688,146.02999877929688,146.0399932861328,146.02999877929688,146.0399932861328,507.0
2024-10-31 12:08:00+00:00,SGML,13.899999618530273,13.899999618530273,13.925000190734863,13.890000343322754,13.916000366210938,5135.0
2024-10-31 12:08:00+00:00,SSRM,6.09499979019165,6.09499979019165,6.110000133514404,6.09499979019165,6.110000133514404,3649.0
2024-10-31 12:08:00+00:00,UFPI,123.39459991455078,123.39459991455078,123.39459991455078,123.30000305175781,123.30000305175781,1419.0
2024-10-31 12:09:00+00:00,BIOX,6.769999980926514,6.769999980926514,6.769999980926514,6.769999980926514,6.769999980926514,100.0
2024-10-31 12:09:00+00:00,CRKN,0.9420999884605408,0.9420999884605408,0.9449999928474426,0.9380999803543091,0.9380999803543091,12520.0
2024-10-31 12:09:00+00:00,LWLG,3.2200000286102295,3.2200000286102295,3.2200000286102295,3.2200000286102295,3.2200000286102295,352.0
2024-10-31 12:09:00+00:00,PAAS,23.184999465942383,23.184999465942383,23.190000534057617,23.174999237060547,23.18000030517578,7501.0
2024-10-31 12:09:00+00:00,RGLD,146.0449981689453,146.0449981689453,146.0449981689453,146.0449981689453,146.0449981689453,491.0
2024-10-31 12:09:00+00:00,SSRM,6.099999904632568,6.099999904632568,6.099999904632568,6.099999904632568,6.099999904632568,1000.0
2024-10-31 12:09:00+00:00,TMC,0.9781000018119812,0.9781000018119812,0.9781000018119812,0.9781000018119812,0.9781000018119812,1000.0
2024-10-31 12:10:00+00:00,ASTL,10.305000305175781,10.305000305175781,10.305000305175781,10.305000305175781,10.305000305175781,236.0
2024-10-31 12:10:00+00:00,CRKN,0.9480000138282776,0.9480000138282776,0.9480000138282776,0.9480000138282776,0.9480000138282776,4320.0
2024-10-31 12:10:00+00:00,HWKN,113.2699966430664,113.2699966430664,113.2699966430664,113.2699966430664,113.2699966430664,464.0
2024-10-31 12:10:00+00:00,IPX,21.899999618530273,21.899999618530273,21.899999618530273,21.899999618530273,21.899999618530273,201.0
2024-10-31 12:10:00+00:00,METC,10.010000228881836,10.010000228881836,10.010000228881836,10.010000228881836,10.010000228881836,662.0
2024-10-31 12:10:00+00:00,ORGN,1.3949999809265137,1.3949999809265137,1.3949999809265137,1.3949999809265137,1.3949999809265137,367.0
2024-10-31 12:10:00+00:00,PAAS,23.200000762939453,23.200000762939453,23.200000762939453,23.18000030517578,23.18000030517578,1390.0
2024-10-31 12:10:00+00:00,SGML,13.890000343322754,13.890000343322754,13.890000343322754,13.890000343322754,13.890000343322754,6135.0
2024-10-31 12:10:00+00:00,SSRM,6.110000133514404,6.110000133514404,6.110000133514404,6.110000133514404,6.110000133514404,6818.0
2024-10-31 12:11:00+00:00,ALTO,1.7549999952316284,1.7549999952316284,1.7549999952316284,1.7549999952316284,1.7549999952316284,961.0
2024-10-31 12:11:00+00:00,ASTL,10.3100004196167,10.3100004196167,10.3100004196167,10.3100004196167,10.3100004196167,418.0
2024-10-31 12:11:00+00:00,CENX,17.690000534057617,17.690000534057617,17.690000534057617,17.690000534057617,17.690000534057617,2342.0
2024-10-31 12:11:00+00:00,CRKN,0.9420999884605408,0.9420999884605408,0.9420999884605408,0.9420999884605408,0.9420999884605408,4300.0
2024-10-31 12:11:00+00:00,GEVO,2.384999990463257,2.384999990463257,2.389899969100952,2.384999990463257,2.389899969100952,7575.0
2024-10-31 12:11:00+00:00,GPRE,13.460000038146973,13.460000038146973,13.460000038146973,13.460000038146973,13.460000038146973,2448.0
2024-10-31 12:11:00+00:00,GSM,4.190000057220459,4.190000057220459,4.190000057220459,4.190000057220459,4.190000057220459,2412.0
2024-10-31 12:11:00+00:00,KALU,75.33000183105469,75.33000183105469,75.33000183105469,75.33000183105469,75.33000183105469,531.0
2024-10-31 12:11:00+00:00,LITM,0.3718999922275543,0.3718999922275543,0.3718999922275543,0.3718999922275543,0.3718999922275543,2777.0
2024-10-31 12:11:00+00:00,LWLG,3.2200000286102295,3.2200000286102295,3.2200000286102295,3.2200000286102295,3.2200000286102295,1304.0
2024-10-31 12:11:00+00:00,MEOH,38.88999938964844,38.88999938964844,38.88999938964844,38.88999938964844,38.88999938964844,530.0
2024-10-31 12:11:00+00:00,MERC,6.440000057220459,6.440000057220459,6.440000057220459,6.440000057220459,6.440000057220459,671.0
2024-10-31 12:11:00+00:00,METC,10.029999732971191,10.029999732971191,10.029999732971191,10.029999732971191,10.029999732971191,1330.0
2024-10-31 12:11:00+00:00,PLL,12.869999885559082,12.869999885559082,12.890000343322754,12.869999885559082,12.890000343322754,1308.0
2024-10-31 12:11:00+00:00,SSRM,6.099999904632568,6.099999904632568,6.099999904632568,6.099999904632568,6.099999904632568,243.0
2024-10-31 12:12:00+00:00,CRKN,0.9448999762535095,0.9448999762535095,0.9448999762535095,0.9424999952316284,0.9434999823570251,7659.0
2024-10-31 12:12:00+00:00,GEVO,2.384999990463257,2.384999990463257,2.390000104904175,2.384999990463257,2.384999990463257,2102.0
2024-10-31 12:12:00+00:00,GPRE,13.444999694824219,13.444999694824219,13.460000038146973,13.444999694824219,13.460000038146973,1500.0
2024-10-31 12:12:00+00:00,HDSN,7.525000095367432,7.525000095367432,7.525000095367432,7.525000095367432,7.525000095367432,1205.0
2024-10-31 12:12:00+00:00,HWKN,113.2699966430664,113.2699966430664,113.2699966430664,113.2699966430664,113.2699966430664,195.0
2024-10-31 12:12:00+00:00,HYMCW,0.012400000356137753,0.012400000356137753,0.012400000356137753,0.012400000356137753,0.012400000356137753,1109.0
2024-10-31 12:12:00+00:00,KALU,75.45500183105469,75.45500183105469,75.45500183105469,75.45500183105469,75.45500183105469,272.0
2024-10-31 12:12:00+00:00,LGO,2.4814000129699707,2.4814000129699707,2.4814000129699707,2.4814000129699707,2.4814000129699707,129.0
2024-10-31 12:12:00+00:00,LWLG,3.2300000190734863,3.2300000190734863,3.234999895095825,3.2300000190734863,3.234999895095825,5465.0
2024-10-31 12:12:00+00:00,METC,10.029999732971191,10.029999732971191,10.029999732971191,10.029999732971191,10.029999732971191,579.0
2024-10-31 12:12:00+00:00,ORGN,1.3901000022888184,1.3901000022888184,1.3901000022888184,1.3901000022888184,1.3901000022888184,161.0
2024-10-31 12:12:00+00:00,PAAS,23.239999771118164,23.239999771118164,23.239999771118164,23.219999313354492,23.219999313354492,66359.0
2024-10-31 12:12:00+00:00,PPTA,9.9350004196167,9.9350004196167,9.9350004196167,9.90999984741211,9.90999984741211,2335.0
2024-10-31 12:12:00+00:00,RGLD,146.03500366210938,146.03500366210938,146.14999389648438,146.02999877929688,146.02999877929688,1239.0
2024-10-31 12:12:00+00:00,SGML,13.895000457763672,13.895000457763672,13.899999618530273,13.895000457763672,13.899999618530273,1361.0
2024-10-31 12:12:00+00:00,SSRM,6.110000133514404,6.110000133514404,6.110000133514404,6.105000019073486,6.105000019073486,2563.0
2024-10-31 12:12:00+00:00,STLD,131.2899932861328,131.2899932861328,131.32000732421875,131.2899932861328,131.30999755859375,1753.0
2024-10-31 12:12:00+00:00,TMC,0.9782000184059143,0.9782000184059143,0.9782000184059143,0.9782000184059143,0.9782000184059143,460.0
2024-10-31 12:12:00+00:00,USAP,43.9900016784668,43.9900016784668,43.9900016784668,43.9900016784668,43.9900016784668,1042.0
2024-10-31 12:13:00+00:00,CENX,17.725000381469727,17.725000381469727,17.725000381469727,17.725000381469727,17.725000381469727,111.0
2024-10-31 12:13:00+00:00,CNEY,0.5098999738693237,0.5098999738693237,0.5098999738693237,0.5098999738693237,0.5098999738693237,201.0
2024-10-31 12:13:00+00:00,CRKN,0.9449999928474426,0.9449999928474426,0.9449999928474426,0.9449999928474426,0.9449999928474426,1064.0
2024-10-31 12:13:00+00:00,GEVO,2.384999990463257,2.384999990463257,2.390000104904175,2.381999969482422,2.384999990463257,3337.0
2024-10-31 12:13:00+00:00,GPRE,13.4399995803833,13.4399995803833,13.4399995803833,13.430000305175781,13.430000305175781,1049.0
2024-10-31 12:13:00+00:00,GURE,0.6499999761581421,0.6499999761581421,0.6499999761581421,0.6150000095367432,0.6150000095367432,23606.0
2024-10-31 12:13:00+00:00,HWKN,113.2699966430664,113.2699966430664,113.2699966430664,113.2699966430664,113.2699966430664,176.0
2024-10-31 12:13:00+00:00,MERC,6.449999809265137,6.449999809265137,6.454999923706055,6.449999809265137,6.449999809265137,1083.0
2024-10-31 12:13:00+00:00,PAAS,23.299999237060547,23.299999237060547,23.30500030517578,23.25,23.25,11862.0
2024-10-31 12:13:00+00:00,RGLD,146.16000366210938,146.16000366210938,146.16000366210938,146.16000366210938,146.16000366210938,615.0
2024-10-31 12:13:00+00:00,SGML,13.899999618530273,13.899999618530273,13.899999618530273,13.899999618530273,13.899999618530273,335.0
2024-10-31 12:13:00+00:00,SSRM,6.119999885559082,6.119999885559082,6.119999885559082,6.110000133514404,6.110000133514404,8005.0
2024-10-31 12:13:00+00:00,STLD,131.4199981689453,131.4199981689453,131.4199981689453,131.3800048828125,131.3800048828125,933.0
2024-10-31 12:13:00+00:00,USLM,111.88999938964844,111.88999938964844,111.88999938964844,111.88999938964844,111.88999938964844,888.0
2024-10-31 12:14:00+00:00,AREC,0.9988999962806702,0.9988999962806702,0.9988999962806702,0.9944999814033508,0.9944999814033508,1766.0
2024-10-31 12:14:00+00:00,CENX,17.719999313354492,17.719999313354492,17.739999771118164,17.719999313354492,17.739999771118164,1766.0
2024-10-31 12:14:00+00:00,CRKN,0.949999988079071,0.949999988079071,0.949999988079071,0.9498999714851379,0.9498999714851379,14516.0
2024-10-31 12:14:00+00:00,GEVO,2.384999990463257,2.384999990463257,2.384999990463257,2.384999990463257,2.384999990463257,1442.0
2024-10-31 12:14:00+00:00,GPRE,13.4399995803833,13.4399995803833,13.4399995803833,13.4399995803833,13.4399995803833,437.0
2024-10-31 12:14:00+00:00,GSM,4.195000171661377,4.195000171661377,4.195000171661377,4.190000057220459,4.190000057220459,4486.0
2024-10-31 12:14:00+00:00,HWKN,113.13999938964844,113.13999938964844,113.13999938964844,113.13999938964844,113.13999938964844,812.0
2024-10-31 12:14:00+00:00,HYMCW,0.012000000104308128,0.012000000104308128,0.012000000104308128,0.012000000104308128,0.012000000104308128,300.0
2024-10-31 12:14:00+00:00,LITM,0.375900000333786,0.375900000333786,0.375900000333786,0.375900000333786,0.375900000333786,240.0
2024-10-31 12:14:00+00:00,LWLG,3.2200000286102295,3.2200000286102295,3.2249999046325684,3.2200000286102295,3.2249999046325684,2337.0
2024-10-31 12:14:00+00:00,MERC,6.440000057220459,6.440000057220459,6.449999809265137,6.440000057220459,6.449999809265137,1438.0
2024-10-31 12:14:00+00:00,METC,10.029999732971191,10.029999732971191,10.029999732971191,10.029999732971191,10.029999732971191,8113.0
2024-10-31 12:14:00+00:00,ORGN,1.3949999809265137,1.3949999809265137,1.3949999809265137,1.3949999809265137,1.3949999809265137,320.0
2024-10-31 12:14:00+00:00,PAAS,23.301300048828125,23.301300048828125,23.309999465942383,23.295000076293945,23.299999237060547,3927.0
2024-10-31 12:14:00+00:00,SGML,13.899999618530273,13.899999618530273,13.90999984741211,13.89009952545166,13.899999618530273,3638.0
2024-10-31 12:14:00+00:00,SSRM,6.119999885559082,6.119999885559082,6.119999885559082,6.119999885559082,6.119999885559082,411.0
2024-10-31 12:14:00+00:00,STLD,131.4499969482422,131.4499969482422,131.4499969482422,131.44000244140625,131.44000244140625,579.0
2024-10-31 12:14:00+00:00,USLM,112.0,112.0,112.33999633789062,112.0,112.33999633789062,2505.0
2024-10-31 12:15:00+00:00,ALTO,1.7549999952316284,1.7549999952316284,1.7549999952316284,1.7549999952316284,1.7549999952316284,446.0
2024-10-31 12:15:00+00:00,CENX,17.709999084472656,17.709999084472656,17.709999084472656,17.709999084472656,17.709999084472656,1223.0
2024-10-31 12:15:00+00:00,CNEY,0.5098999738693237,0.5098999738693237,0.5098999738693237,0.5098999738693237,0.5098999738693237,200.0
2024-10-31 12:15:00+00:00,CRKN,0.9544000029563904,0.9544000029563904,0.9559999704360962,0.9544000029563904,0.9559999704360962,23065.0
2024-10-31 12:15:00+00:00,GEVO,2.4000000953674316,2.4000000953674316,2.4000000953674316,2.384999990463257,2.384999990463257,38383.0
2024-10-31 12:15:00+00:00,GPRE,13.4399995803833,13.4399995803833,13.4399995803833,13.4399995803833,13.4399995803833,915.0
2024-10-31 12:15:00+00:00,GSM,4.184999942779541,4.184999942779541,4.190000057220459,4.184999942779541,4.190000057220459,23273.0
2024-10-31 12:15:00+00:00,GURE,0.6899999976158142,0.6899999976158142,0.6899999976158142,0.6899999976158142,0.6899999976158142,0.0
2024-10-31 12:15:00+00:00,HDSN,7.539999961853027,7.539999961853027,7.539999961853027,7.53000020980835,7.53000020980835,1160.0
2024-10-31 12:15:00+00:00,HYMC,2.400099992752075,2.400099992752075,2.400099992752075,2.400099992752075,2.400099992752075,611.0
2024-10-31 12:15:00+00:00,IPX,21.829999923706055,21.829999923706055,21.829999923706055,21.829999923706055,21.829999923706055,300.0
2024-10-31 12:15:00+00:00,MEOH,38.939998626708984,38.939998626708984,38.939998626708984,38.939998626708984,38.939998626708984,231.0
2024-10-31 12:15:00+00:00,MERC,6.429999828338623,6.429999828338623,6.434999942779541,6.429999828338623,6.434999942779541,566.0
2024-10-31 12:15:00+00:00,METC,10.024999618530273,10.024999618530273,10.026000022888184,10.024999618530273,10.026000022888184,1556.0
2024-10-31 12:15:00+00:00,ORGN,1.3949999809265137,1.3949999809265137,1.3949999809265137,1.3949999809265137,1.3949999809265137,1492.0
2024-10-31 12:15:00+00:00,PAAS,23.270000457763672,23.270000457763672,23.315000534057617,23.248199462890625,23.309999465942383,10187.0
2024-10-31 12:15:00+00:00,RGLD,146.1649932861328,146.1649932861328,146.1649932861328,146.0572052001953,146.0572052001953,677.0
2024-10-31 12:15:00+00:00,SEED,2.6198999881744385,2.6198999881744385,2.6198999881744385,2.6198999881744385,2.6198999881744385,220.0
2024-10-31 12:15:00+00:00,SGML,13.869999885559082,13.869999885559082,13.899999618530273,13.869999885559082,13.899999618530273,1551.0
2024-10-31 12:15:00+00:00,SSRM,6.119999885559082,6.119999885559082,6.124000072479248,6.119999885559082,6.124000072479248,3237.0
2024-10-31 12:15:00+00:00,STLD,131.47999572753906,131.47999572753906,131.47999572753906,131.47999572753906,131.47999572753906,902.0
2024-10-31 12:16:00+00:00,ALTO,1.7549999952316284,1.7549999952316284,1.7549999952316284,1.7549999952316284,1.7549999952316284,634.0
2024-10-31 12:16:00+00:00,ASTL,10.300000190734863,10.300000190734863,10.300000190734863,10.300000190734863,10.300000190734863,326.0
2024-10-31 12:16:00+00:00,BIOX,6.78000020980835,6.78000020980835,6.78000020980835,6.78000020980835,6.78000020980835,547.0
2024-10-31 12:16:00+00:00,CENX,17.719900131225586,17.719900131225586,17.719900131225586,17.700000762939453,17.700000762939453,238.0
2024-10-31 12:16:00+00:00,CRKN,0.949999988079071,0.949999988079071,0.949999988079071,0.949999988079071,0.949999988079071,0.0
2024-10-31 12:16:00+00:00,GEVO,2.3949999809265137,2.3949999809265137,2.4000000953674316,2.3949999809265137,2.4000000953674316,2034.0
2024-10-31 12:16:00+00:00,GPRE,13.420000076293945,13.420000076293945,13.449999809265137,13.420000076293945,13.4350004196167,5272.0
2024-10-31 12:16:00+00:00,GSM,4.184999942779541,4.184999942779541,4.184999942779541,4.184999942779541,4.184999942779541,1797.0
2024-10-31 12:16:00+00:00,GURE,0.6899999976158142,0.6899999976158142,0.6899999976158142,0.6832000017166138,0.6832000017166138,1632.0
2024-10-31 12:16:00+00:00,IPX,21.899999618530273,21.899999618530273,21.899999618530273,21.895000457763672,21.895000457763672,700.0
2024-10-31 12:16:00+00:00,LITM,0.375900000333786,0.375900000333786,0.375900000333786,0.375900000333786,0.375900000333786,180.0
2024-10-31 12:16:00+00:00,MERC,6.429999828338623,6.429999828338623,6.429999828338623,6.429999828338623,6.429999828338623,661.0
2024-10-31 12:16:00+00:00,METC,10.020000457763672,10.020000457763672,10.020000457763672,10.020000457763672,10.020000457763672,225.0
2024-10-31 12:16:00+00:00,ORGN,1.3949999809265137,1.3949999809265137,1.3949999809265137,1.3949999809265137,1.3949999809265137,330.0
2024-10-31 12:16:00+00:00,PAAS,23.274999618530273,23.274999618530273,23.280000686645508,23.270000457763672,23.270000457763672,8001.0
2024-10-31 12:16:00+00:00,PLL,12.90999984741211,12.90999984741211,12.930000305175781,12.90999984741211,12.930000305175781,2668.0
2024-10-31 12:16:00+00:00,SNES,2.802000045776367,2.802000045776367,2.802000045776367,2.802000045776367,2.802000045776367,628.0
2024-10-31 12:16:00+00:00,SSRM,6.114999771118164,6.114999771118164,6.114999771118164,6.114999771118164,6.114999771118164,4808.0
2024-10-31 12:16:00+00:00,STLD,131.4600067138672,131.4600067138672,131.50999450683594,131.4600067138672,131.47000122070312,2649.0
2024-10-31 12:16:00+00:00,USAP,43.9900016784668,43.9900016784668,43.9900016784668,43.9900016784668,43.9900016784668,104.0
2024-10-31 12:17:00+00:00,ASTL,10.305000305175781,10.305000305175781,10.305000305175781,10.305000305175781,10.305000305175781,249.0
2024-10-31 12:17:00+00:00,CENX,17.690000534057617,17.690000534057617,17.700000762939453,17.690000534057617,17.700000762939453,2067.0
2024-10-31 12:17:00+00:00,CNEY,0.5098999738693237,0.5098999738693237,0.5098999738693237,0.5098999738693237,0.5098999738693237,100.0
2024-10-31 12:17:00+00:00,CRKN,0.9557999968528748,0.9557999968528748,0.9599999785423279,0.9545999765396118,0.9559000134468079,9402.0
2024-10-31 12:17:00+00:00,GEVO,2.390000104904175,2.390000104904175,2.3996999263763428,2.390000104904175,2.3949999809265137,10908.0
2024-10-31 12:17:00+00:00,GURE,0.7113999724388123,0.7113999724388123,0.7350000143051147,0.6887999773025513,0.6887999773025513,41336.0
2024-10-31 12:17:00+00:00,IPX,21.899999618530273,21.899999618530273,21.899999618530273,21.899999618530273,21.899999618530273,600.0
2024-10-31 12:17:00+00:00,KALU,75.33999633789062,75.33999633789062,75.33999633789062,75.33999633789062,75.33999633789062,715.0
2024-10-31 12:17:00+00:00,LGO,2.490000009536743,2.490000009536743,2.490000009536743,2.490000009536743,2.490000009536743,345.0
2024-10-31 12:17:00+00:00,METC,10.050000190734863,10.050000190734863,10.050000190734863,10.029999732971191,10.029999732971191,1026.0
2024-10-31 12:17:00+00:00,PAAS,23.334999084472656,23.334999084472656,23.34000015258789,23.280000686645508,23.280000686645508,16577.0
2024-10-31 12:17:00+00:00,PLL,12.892000198364258,12.892000198364258,12.920000076293945,12.892000198364258,12.920000076293945,1414.0
2024-10-31 12:17:00+00:00,RGLD,146.30999755859375,146.30999755859375,146.30999755859375,146.1750030517578,146.1750030517578,1466.0
2024-10-31 12:17:00+00:00,SGML,13.850000381469727,13.850000381469727,13.850000381469727,13.845000267028809,13.845000267028809,2067.0
2024-10-31 12:17:00+00:00,SSRM,6.130000114440918,6.130000114440918,6.130000114440918,6.119999885559082,6.119999885559082,1506.0
2024-10-31 12:17:00+00:00,STLD,131.46499633789062,131.46499633789062,131.46499633789062,131.46499633789062,131.46499633789062,394.0
2024-10-31 12:18:00+00:00,ALTO,1.7599999904632568,1.7599999904632568,1.7599999904632568,1.7549999952316284,1.7549999952316284,5701.0
2024-10-31 12:18:00+00:00,ASTL,10.300000190734863,10.300000190734863,10.305000305175781,10.300000190734863,10.305000305175781,439.0
2024-10-31 12:18:00+00:00,CENX,17.700000762939453,17.700000762939453,17.704999923706055,17.690000534057617,17.700000762939453,1396.0
2024-10-31 12:18:00+00:00,CRKN,0.9578999876976013,0.9578999876976013,0.9578999876976013,0.9578999876976013,0.9578999876976013,0.0
2024-10-31 12:18:00+00:00,GEVO,2.390000104904175,2.390000104904175,2.4000000953674316,2.390000104904175,2.3949999809265137,11956.0
2024-10-31 12:18:00+00:00,GPRE,13.417499542236328,13.417499542236328,13.420000076293945,13.40999984741211,13.414999961853027,5890.0
2024-10-31 12:18:00+00:00,GSM,4.184999942779541,4.184999942779541,4.184999942779541,4.184999942779541,4.184999942779541,693.0
2024-10-31 12:18:00+00:00,GURE,0.699999988079071,0.699999988079071,0.7300000190734863,0.699999988079071,0.710099995136261,46056.0
2024-10-31 12:18:00+00:00,IPX,22.024999618530273,22.024999618530273,22.024999618530273,22.0,22.0,528.0
2024-10-31 12:18:00+00:00,KALU,75.33000183105469,75.33000183105469,75.33000183105469,75.33000183105469,75.33000183105469,681.0
2024-10-31 12:18:00+00:00,LWLG,3.234999895095825,3.234999895095825,3.234999895095825,3.2300000190734863,3.2300000190734863,1550.0
2024-10-31 12:18:00+00:00,MEOH,38.92499923706055,38.92499923706055,38.92499923706055,38.92499923706055,38.92499923706055,345.0
2024-10-31 12:18:00+00:00,METC,10.09000015258789,10.09000015258789,10.09000015258789,10.050000190734863,10.050000190734863,1677.0
2024-10-31 12:18:00+00:00,ORGN,1.3949999809265137,1.3949999809265137,1.3949999809265137,1.3949999809265137,1.3949999809265137,129.0
2024-10-31 12:18:00+00:00,PAAS,23.34000015258789,23.34000015258789,23.344999313354492,23.329999923706055,23.34000015258789,17053.0
2024-10-31 12:18:00+00:00,PLL,12.9399995803833,12.9399995803833,12.9399995803833,12.90999984741211,12.90999984741211,623.0
2024-10-31 12:18:00+00:00,SSRM,6.135000228881836,6.135000228881836,6.135000228881836,6.135000228881836,6.135000228881836,143.0
2024-10-31 12:18:00+00:00,TMC,0.9800000190734863,0.9800000190734863,0.9800000190734863,0.9800000190734863,0.9800000190734863,3927.0
2024-10-31 12:18:00+00:00,USAU,6.049300193786621,6.049300193786621,6.049300193786621,6.049300193786621,6.049300193786621,260.0
2024-10-31 12:19:00+00:00,AREC,0.9901999831199646,0.9901999831199646,0.9901999831199646,0.9901999831199646,0.9901999831199646,200.0
2024-10-31 12:19:00+00:00,CENX,17.700000762939453,17.700000762939453,17.700000762939453,17.700000762939453,17.700000762939453,672.0
2024-10-31 12:19:00+00:00,CNEY,0.5098999738693237,0.5098999738693237,0.5098999738693237,0.5098999738693237,0.5098999738693237,211.0
2024-10-31 12:19:00+00:00,CRKN,0.958899974822998,0.958899974822998,0.958899974822998,0.958899974822998,0.958899974822998,184.0
2024-10-31 12:19:00+00:00,GEVO,2.3949999809265137,2.3949999809265137,2.4000000953674316,2.3949999809265137,2.3949999809265137,3116.0
2024-10-31 12:19:00+00:00,GPRE,13.390000343322754,13.390000343322754,13.390000343322754,13.390000343322754,13.390000343322754,344.0
2024-10-31 12:19:00+00:00,GSM,4.184999942779541,4.184999942779541,4.184999942779541,4.184999942779541,4.184999942779541,670.0
2024-10-31 12:19:00+00:00,GURE,0.7020000219345093,0.7020000219345093,0.7099000215530396,0.699999988079071,0.7001000046730042,25381.0
2024-10-31 12:19:00+00:00,HDSN,7.539999961853027,7.539999961853027,7.539999961853027,7.539999961853027,7.539999961853027,259.0
2024-10-31 12:19:00+00:00,IPX,21.940000534057617,21.940000534057617,21.940000534057617,21.940000534057617,21.940000534057617,86.0
2024-10-31 12:19:00+00:00,KALU,75.18000030517578,75.18000030517578,75.18000030517578,75.18000030517578,75.18000030517578,197.0
2024-10-31 12:19:00+00:00,LGO,2.490799903869629,2.490799903869629,2.490799903869629,2.490799903869629,2.490799903869629,1600.0
2024-10-31 12:19:00+00:00,LWLG,3.2300000190734863,3.2300000190734863,3.234999895095825,3.2300000190734863,3.2300000190734863,2229.0
2024-10-31 12:19:00+00:00,METC,10.09000015258789,10.09000015258789,10.09000015258789,10.09000015258789,10.09000015258789,169.0
2024-10-31 12:19:00+00:00,ORGN,1.3949999809265137,1.3949999809265137,1.3949999809265137,1.3949999809265137,1.3949999809265137,120.0
2024-10-31 12:19:00+00:00,PAAS,23.30500030517578,23.30500030517578,23.34000015258789,23.30500030517578,23.34000015258789,9946.0
2024-10-31 12:19:00+00:00,PLL,12.920000076293945,12.920000076293945,12.928000450134277,12.920000076293945,12.928000450134277,4845.0
2024-10-31 12:19:00+00:00,SSRM,6.139900207519531,6.139900207519531,6.139900207519531,6.130000114440918,6.130000114440918,2709.0
2024-10-31 12:19:00+00:00,STLD,131.52000427246094,131.52000427246094,131.52000427246094,131.52000427246094,131.52000427246094,1018.0
2024-10-31 12:19:00+00:00,UFPI,123.47000122070312,123.47000122070312,123.47000122070312,123.47000122070312,123.47000122070312,411.0
2024-10-31 12:19:00+00:00,USAP,43.95000076293945,43.95000076293945,43.95000076293945,43.95000076293945,43.95000076293945,152.0
2024-10-31 12:19:00+00:00,USAU,6.03000020980835,6.03000020980835,6.03000020980835,6.03000020980835,6.03000020980835,145.0
2024-10-31 12:20:00+00:00,AREC,0.9944000244140625,0.9944000244140625,0.9944000244140625,0.9944000244140625,0.9944000244140625,1372.0
2024-10-31 12:20:00+00:00,ASTL,10.324999809265137,10.324999809265137,10.324999809265137,10.305000305175781,10.305000305175781,1087.0
2024-10-31 12:20:00+00:00,CENX,17.700000762939453,17.700000762939453,17.700000762939453,17.700000762939453,17.700000762939453,551.0
2024-10-31 12:20:00+00:00,CNEY,0.5098999738693237,0.5098999738693237,0.5098999738693237,0.5098999738693237,0.5098999738693237,100.0
2024-10-31 12:20:00+00:00,CRKN,0.9399999976158142,0.9399999976158142,0.9524999856948853,0.9300000071525574,0.9524999856948853,45218.0
2024-10-31 12:20:00+00:00,GEVO,2.3949999809265137,2.3949999809265137,2.3949999809265137,2.3910000324249268,2.3949999809265137,6716.0
2024-10-31 12:20:00+00:00,GPRE,13.346500396728516,13.346500396728516,13.399999618530273,13.289999961853027,13.390000343322754,20495.0
2024-10-31 12:20:00+00:00,GSM,4.184999942779541,4.184999942779541,4.184999942779541,4.184999942779541,4.184999942779541,686.0
2024-10-31 12:20:00+00:00,GURE,0.6355000138282776,0.6355000138282776,0.7020000219345093,0.6200000047683716,0.7020000219345093,14039.0
2024-10-31 12:20:00+00:00,HYMC,2.4100000858306885,2.4100000858306885,2.4100000858306885,2.4100000858306885,2.4100000858306885,303.0
2024-10-31 12:20:00+00:00,IPX,21.989999771118164,21.989999771118164,21.989999771118164,21.989999771118164,21.989999771118164,49.0
2024-10-31 12:20:00+00:00,LGO,2.498800039291382,2.498800039291382,2.498800039291382,2.498800039291382,2.498800039291382,0.0
2024-10-31 12:20:00+00:00,LITM,0.375900000333786,0.375900000333786,0.375900000333786,0.375900000333786,0.375900000333786,240.0
2024-10-31 12:20:00+00:00,LWLG,3.2300000190734863,3.2300000190734863,3.2300000190734863,3.2300000190734863,3.2300000190734863,704.0
2024-10-31 12:20:00+00:00,MEOH,38.915000915527344,38.915000915527344,38.915000915527344,38.90999984741211,38.90999984741211,489.0
2024-10-31 12:20:00+00:00,MERC,6.434999942779541,6.434999942779541,6.434999942779541,6.434999942779541,6.434999942779541,149.0
2024-10-31 12:20:00+00:00,METC,10.09749984741211,10.09749984741211,10.09749984741211,10.09749984741211,10.09749984741211,644.0
2024-10-31 12:20:00+00:00,ORGN,1.3949999809265137,1.3949999809265137,1.3949999809265137,1.3949999809265137,1.3949999809265137,644.0
2024-10-31 12:20:00+00:00,PAAS,23.329999923706055,23.329999923706055,23.344999313354492,23.30500030517578,23.30500030517578,14263.0
2024-10-31 12:20:00+00:00,SGML,13.8100004196167,13.8100004196167,13.829999923706055,13.8100004196167,13.821999549865723,2807.0
2024-10-31 12:20:00+00:00,SSRM,6.135000228881836,6.135000228881836,6.135000228881836,6.135000228881836,6.135000228881836,313.0
2024-10-31 12:20:00+00:00,STLD,131.47999572753906,131.47999572753906,131.52000427246094,131.47999572753906,131.52000427246094,743.0
2024-10-31 12:20:00+00:00,USAP,43.9900016784668,43.9900016784668,44.040000915527344,43.9900016784668,44.040000915527344,1130.0
2024-10-31 12:20:00+00:00,WDFC,261.79998779296875,261.79998779296875,261.79998779296875,261.79998779296875,261.79998779296875,738.0
2024-10-31 12:21:00+00:00,CENX,17.700000762939453,17.700000762939453,17.700000762939453,17.700000762939453,17.700000762939453,221.0
2024-10-31 12:21:00+00:00,CRKN,0.939300000667572,0.939300000667572,0.939300000667572,0.939300000667572,0.939300000667572,0.0
2024-10-31 12:21:00+00:00,GEVO,2.4000000953674316,2.4000000953674316,2.4000000953674316,2.390000104904175,2.3949999809265137,13534.0
2024-10-31 12:21:00+00:00,GPRE,13.369999885559082,13.369999885559082,13.390000343322754,13.369999885559082,13.369999885559082,2134.0
2024-10-31 12:21:00+00:00,GSM,4.195000171661377,4.195000171661377,4.195000171661377,4.184999942779541,4.184999942779541,2199.0
2024-10-31 12:21:00+00:00,GURE,0.6230000257492065,0.6230000257492065,0.6355000138282776,0.621999979019165,0.6262000203132629,10032.0
2024-10-31 12:21:00+00:00,IOSP,109.12000274658203,109.12000274658203,109.12000274658203,109.12000274658203,109.12000274658203,124.0
2024-10-31 12:21:00+00:00,LGO,2.490000009536743,2.490000009536743,2.490000009536743,2.490000009536743,2.490000009536743,100.0
2024-10-31 12:21:00+00:00,LWLG,3.23799991607666,3.23799991607666,3.240000009536743,3.23799991607666,3.240000009536743,2675.0
2024-10-31 12:21:00+00:00,MERC,6.434999942779541,6.434999942779541,6.434999942779541,6.434999942779541,6.434999942779541,217.0
2024-10-31 12:21:00+00:00,METC,10.119999885559082,10.119999885559082,10.119999885559082,10.119999885559082,10.119999885559082,378.0
2024-10-31 12:21:00+00:00,ORGN,1.3995000123977661,1.3995000123977661,1.3995000123977661,1.3901000022888184,1.3901000022888184,578.0
2024-10-31 12:21:00+00:00,PAAS,23.31999969482422,23.31999969482422,23.334999084472656,23.31999969482422,23.334999084472656,5949.0
2024-10-31 12:21:00+00:00,PLL,12.899999618530273,12.899999618530273,12.899999618530273,12.899999618530273,12.899999618530273,1308.0
2024-10-31 12:21:00+00:00,SGML,13.800000190734863,13.800000190734863,13.800000190734863,13.789999961853027,13.789999961853027,1029.0
2024-10-31 12:21:00+00:00,SSRM,6.135000228881836,6.135000228881836,6.139999866485596,6.135000228881836,6.135000228881836,3042.0
2024-10-31 12:21:00+00:00,STLD,131.5500030517578,131.5500030517578,131.5500030517578,131.5500030517578,131.5500030517578,793.0
2024-10-31 12:21:00+00:00,TMC,0.980400025844574,0.980400025844574,0.980400025844574,0.980400025844574,0.980400025844574,1923.0
2024-10-31 12:21:00+00:00,USAP,43.95500183105469,43.95500183105469,43.95500183105469,43.95500183105469,43.95500183105469,696.0
2024-10-31 12:22:00+00:00,ALTO,1.7649999856948853,1.7649999856948853,1.7694000005722046,1.7649999856948853,1.7694000005722046,3431.0
2024-10-31 12:22:00+00:00,CENX,17.709999084472656,17.709999084472656,17.709999084472656,17.700000762939453,17.700000762939453,1105.0
2024-10-31 12:22:00+00:00,CNEY,0.5098999738693237,0.5098999738693237,0.5098999738693237,0.5098999738693237,0.5098999738693237,100.0
2024-10-31 12:22:00+00:00,CRKN,0.9376000165939331,0.9376000165939331,0.9376000165939331,0.9359999895095825,0.9359999895095825,2098.0
2024-10-31 12:22:00+00:00,GEVO,2.4000000953674316,2.4000000953674316,2.4000000953674316,2.384999990463257,2.3949999809265137,56916.0
2024-10-31 12:22:00+00:00,GPRE,13.350000381469727,13.350000381469727,13.369999885559082,13.34000015258789,13.364999771118164,1628.0
2024-10-31 12:22:00+00:00,GSM,4.195000171661377,4.195000171661377,4.199900150299072,4.195000171661377,4.199900150299072,1979.0
2024-10-31 12:22:00+00:00,GURE,0.6499000191688538,0.6499000191688538,0.6499000191688538,0.6240000128746033,0.6370000243186951,3866.0
2024-10-31 12:22:00+00:00,HDSN,7.539999961853027,7.539999961853027,7.539999961853027,7.539999961853027,7.539999961853027,935.0
2024-10-31 12:22:00+00:00,IOSP,109.12000274658203,109.12000274658203,109.12000274658203,109.12000274658203,109.12000274658203,345.0
2024-10-31 12:22:00+00:00,LITM,0.375900000333786,0.375900000333786,0.375900000333786,0.375900000333786,0.375900000333786,330.0
2024-10-31 12:22:00+00:00,LWLG,3.2300000190734863,3.2300000190734863,3.234999895095825,3.2300000190734863,3.234999895095825,1157.0
2024-10-31 12:22:00+00:00,MEOH,38.95000076293945,38.95000076293945,38.95000076293945,38.95000076293945,38.95000076293945,981.0
2024-10-31 12:22:00+00:00,PAAS,23.354999542236328,23.354999542236328,23.385000228881836,23.315000534057617,23.315000534057617,48365.0
2024-10-31 12:22:00+00:00,PLL,12.895000457763672,12.895000457763672,12.895000457763672,12.895000457763672,12.895000457763672,119.0
2024-10-31 12:22:00+00:00,SGML,13.779999732971191,13.779999732971191,13.780400276184082,13.772000312805176,13.777999877929688,1985.0
2024-10-31 12:22:00+00:00,SSRM,6.139999866485596,6.139999866485596,6.139999866485596,6.130000114440918,6.135000228881836,1663.0
2024-10-31 12:22:00+00:00,STLD,131.60499572753906,131.60499572753906,131.60499572753906,131.57000732421875,131.57000732421875,1392.0
2024-10-31 12:22:00+00:00,UFPI,123.61000061035156,123.61000061035156,123.61000061035156,123.5,123.5,1279.0
2024-10-31 12:22:00+00:00,USAP,43.9900016784668,43.9900016784668,43.9900016784668,43.939998626708984,43.959999084472656,1370.0
2024-10-31 12:22:00+00:00,ZEUS,36.15999984741211,36.15999984741211,36.15999984741211,36.15999984741211,36.15999984741211,1033.0
2024-10-31 12:23:00+00:00,ALTO,1.7699999809265137,1.7699999809265137,1.7699999809265137,1.7699999809265137,1.7699999809265137,382.0
2024-10-31 12:23:00+00:00,CENX,17.719999313354492,17.719999313354492,17.719999313354492,17.709999084472656,17.709999084472656,883.0
2024-10-31 12:23:00+00:00,FEAM,0.4699999988079071,0.4699999988079071,0.4699999988079071,0.4699999988079071,0.4699999988079071,600.0
2024-10-31 12:23:00+00:00,GEVO,2.4077000617980957,2.4077000617980957,2.4077000617980957,2.3980000019073486,2.4000000953674316,22707.0
2024-10-31 12:23:00+00:00,GPRE,13.297800064086914,13.297800064086914,13.297800064086914,13.279999732971191,13.279999732971191,1843.0
2024-10-31 12:23:00+00:00,GSM,4.195000171661377,4.195000171661377,4.195000171661377,4.191999912261963,4.191999912261963,2516.0
2024-10-31 12:23:00+00:00,GURE,0.6399000287055969,0.6399000287055969,0.6399000287055969,0.6399000287055969,0.6399000287055969,688.0
2024-10-31 12:23:00+00:00,HDSN,7.550000190734863,7.550000190734863,7.554999828338623,7.550000190734863,7.554999828338623,703.0
2024-10-31 12:23:00+00:00,KALU,75.1500015258789,75.1500015258789,75.1500015258789,75.1500015258789,75.1500015258789,1002.0
2024-10-31 12:23:00+00:00,LWLG,3.23009991645813,3.23009991645813,3.234999895095825,3.23009991645813,3.234999895095825,1035.0
2024-10-31 12:23:00+00:00,MEOH,38.959999084472656,38.959999084472656,38.959999084472656,38.959999084472656,38.959999084472656,1210.0
2024-10-31 12:23:00+00:00,METC,10.130000114440918,10.130000114440918,10.130000114440918,10.130000114440918,10.130000114440918,1492.0
2024-10-31 12:23:00+00:00,ORGN,1.3995000123977661,1.3995000123977661,1.3995000123977661,1.3949999809265137,1.3949999809265137,433.0
2024-10-31 12:23:00+00:00,PAAS,23.354999542236328,23.354999542236328,23.354999542236328,23.350000381469727,23.354999542236328,7794.0
2024-10-31 12:23:00+00:00,RGLD,146.36000061035156,146.36000061035156,146.36000061035156,146.36000061035156,146.36000061035156,216.0
2024-10-31 12:23:00+00:00,SGML,13.794599533081055,13.794599533081055,13.794599533081055,13.794599533081055,13.794599533081055,191.0
2024-10-31 12:23:00+00:00,SSRM,6.1244001388549805,6.1244001388549805,6.130099773406982,6.1244001388549805,6.130099773406982,8621.0
2024-10-31 12:23:00+00:00,STLD,131.72999572753906,131.72999572753906,131.72999572753906,131.72999572753906,131.72999572753906,415.0
2024-10-31 12:23:00+00:00,USAP,43.9900016784668,43.9900016784668,43.9900016784668,43.9900016784668,43.9900016784668,506.0
2024-10-31 12:23:00+00:00,USAU,6.050000190734863,6.050000190734863,6.050000190734863,6.050000190734863,6.050000190734863,193.0
2024-10-31 12:24:00+00:00,BCPC,168.5500030517578,168.5500030517578,168.74000549316406,168.5500030517578,168.74000549316406,1719.0
2024-10-31 12:24:00+00:00,BIOX,6.78000020980835,6.78000020980835,6.78000020980835,6.78000020980835,6.78000020980835,280.0
2024-10-31 12:24:00+00:00,CENX,17.709999084472656,17.709999084472656,17.709999084472656,17.709999084472656,17.709999084472656,326.0
2024-10-31 12:24:00+00:00,CNEY,0.5098999738693237,0.5098999738693237,0.5098999738693237,0.5098999738693237,0.5098999738693237,100.0
2024-10-31 12:24:00+00:00,GEVO,2.4049999713897705,2.4049999713897705,2.409600019454956,2.4000000953674316,2.4049999713897705,7725.0
2024-10-31 12:24:00+00:00,GPRE,13.279999732971191,13.279999732971191,13.279999732971191,13.279999732971191,13.279999732971191,718.0
2024-10-31 12:24:00+00:00,GSM,4.192999839782715,4.192999839782715,4.195000171661377,4.192999839782715,4.195000171661377,1530.0
2024-10-31 12:24:00+00:00,GURE,0.6309999823570251,0.6309999823570251,0.6309999823570251,0.6299999952316284,0.6309999823570251,3406.0
2024-10-31 12:24:00+00:00,HDSN,7.539999961853027,7.539999961853027,7.539999961853027,7.539999961853027,7.539999961853027,380.0
2024-10-31 12:24:00+00:00,IONR,7.889999866485596,7.889999866485596,7.889999866485596,7.889999866485596,7.889999866485596,905.0
2024-10-31 12:24:00+00:00,LWLG,3.2200000286102295,3.2200000286102295,3.2249999046325684,3.2200000286102295,3.2249999046325684,2281.0
2024-10-31 12:24:00+00:00,METC,10.170000076293945,10.170000076293945,10.170000076293945,10.170000076293945,10.170000076293945,130.0
2024-10-31 12:24:00+00:00,ORGN,1.399999976158142,1.399999976158142,1.399999976158142,1.3949999809265137,1.3995000123977661,5771.0
2024-10-31 12:24:00+00:00,PAAS,23.360000610351562,23.360000610351562,23.360000610351562,23.31999969482422,23.344999313354492,21573.0
2024-10-31 12:24:00+00:00,PLL,12.84000015258789,12.84000015258789,12.880000114440918,12.829999923706055,12.880000114440918,7641.0
2024-10-31 12:24:00+00:00,PPTA,9.930000305175781,9.930000305175781,9.930000305175781,9.930000305175781,9.930000305175781,150.0
2024-10-31 12:24:00+00:00,SGML,13.710000038146973,13.710000038146973,13.75,13.699999809265137,13.75,2883.0
2024-10-31 12:24:00+00:00,STLD,131.64500427246094,131.64500427246094,131.67999267578125,131.64500427246094,131.67999267578125,1194.0
2024-10-31 12:24:00+00:00,TMC,0.9797999858856201,0.9797999858856201,0.9797999858856201,0.9797999858856201,0.9797999858856201,2846.0
2024-10-31 12:24:00+00:00,UFPI,123.55000305175781,123.55000305175781,123.66999816894531,123.55000305175781,123.66999816894531,1026.0
2024-10-31 12:25:00+00:00,CENX,17.700000762939453,17.700000762939453,17.700000762939453,17.700000762939453,17.700000762939453,2707.0
2024-10-31 12:25:00+00:00,GEVO,2.4000000953674316,2.4000000953674316,2.4000000953674316,2.4000000953674316,2.4000000953674316,224.0
2024-10-31 12:25:00+00:00,GURE,0.6315000057220459,0.6315000057220459,0.6351000070571899,0.6315000057220459,0.6351000070571899,1449.0
2024-10-31 12:25:00+00:00,HYMC,2.4200000762939453,2.4200000762939453,2.4200000762939453,2.4200000762939453,2.4200000762939453,139.0
2024-10-31 12:25:00+00:00,IONR,7.861800193786621,7.861800193786621,7.861800193786621,7.861800193786621,7.861800193786621,563.0
2024-10-31 12:25:00+00:00,IOSP,109.08999633789062,109.08999633789062,109.08999633789062,109.08999633789062,109.08999633789062,459.0
2024-10-31 12:25:00+00:00,ORGN,1.3899999856948853,1.3899999856948853,1.3899999856948853,1.3899999856948853,1.3899999856948853,200.0
2024-10-31 12:25:00+00:00,PAAS,23.344999313354492,23.344999313354492,23.364999771118164,23.31999969482422,23.364999771118164,9809.0
2024-10-31 12:25:00+00:00,STLD,131.64500427246094,131.64500427246094,131.64500427246094,131.64500427246094,131.64500427246094,201.0
2024-10-31 12:25:00+00:00,UFPI,123.58000183105469,123.58000183105469,123.58000183105469,123.58000183105469,123.58000183105469,445.0
2024-10-31 12:26:00+00:00,GPRE,13.1899995803833,13.1899995803833,13.1899995803833,13.1899995803833,13.1899995803833,5033.0
2024-10-31 12:26:00+00:00,GSM,4.195000171661377,4.195000171661377,4.195000171661377,4.195000171661377,4.195000171661377,3019.0
2024-10-31 12:26:00+00:00,HDSN,7.534999847412109,7.534999847412109,7.534999847412109,7.534999847412109,7.534999847412109,2534.0
2024-10-31 12:26:00+00:00,MERC,6.434999942779541,6.434999942779541,6.434999942779541,6.434999942779541,6.434999942779541,2039.0
2024-10-31 12:26:00+00:00,METC,10.180000305175781,10.180000305175781,10.180000305175781,10.180000305175781,10.180000305175781,4217.0
2024-10-31 12:26:00+00:00,RGLD,146.36000061035156,146.36000061035156,146.36000061035156,146.36000061035156,146.36000061035156,764.0
2024-10-31 12:26:00+00:00,SGML,13.699999809265137,13.699999809265137,13.699999809265137,13.699999809265137,13.699999809265137,4790.0
2024-10-31 12:26:00+00:00,STLD,131.72000122070312,131.72000122070312,131.72000122070312,131.72000122070312,131.72000122070312,2522.0
2024-10-31 12:26:00+00:00,WDFC,261.57000732421875,261.57000732421875,261.57000732421875,261.57000732421875,261.57000732421875,647.0
2024-10-31 12:27:00+00:00,CENX,17.684999465942383,17.684999465942383,17.709999084472656,17.674999237060547,17.700000762939453,13226.0
2024-10-31 12:27:00+00:00,CNEY,0.5,0.5,0.5,0.5,0.5,417.0
2024-10-31 12:27:00+00:00,GEVO,2.392199993133545,2.392199993133545,2.4049999713897705,2.392199993133545,2.4049999713897705,22801.0
2024-10-31 12:27:00+00:00,GPRE,13.184700012207031,13.184700012207031,13.184700012207031,13.184700012207031,13.184700012207031,1822.0
2024-10-31 12:27:00+00:00,GURE,0.6330000162124634,0.6330000162124634,0.6330000162124634,0.6330000162124634,0.6330000162124634,1790.0
2024-10-31 12:27:00+00:00,HDSN,7.534999847412109,7.534999847412109,7.534999847412109,7.534999847412109,7.534999847412109,461.0
2024-10-31 12:27:00+00:00,HWKN,113.4800033569336,113.4800033569336,113.4800033569336,113.4800033569336,113.4800033569336,4507.0
2024-10-31 12:27:00+00:00,KALU,75.0199966430664,75.0199966430664,75.0199966430664,75.0199966430664,75.0199966430664,205.0
2024-10-31 12:27:00+00:00,LWLG,3.2160000801086426,3.2160000801086426,3.2160000801086426,3.2160000801086426,3.2160000801086426,1253.0
2024-10-31 12:27:00+00:00,MEOH,38.880001068115234,38.880001068115234,38.880001068115234,38.880001068115234,38.880001068115234,1188.0
2024-10-31 12:27:00+00:00,PAAS,23.344999313354492,23.344999313354492,23.344999313354492,23.344999313354492,23.344999313354492,22232.0
2024-10-31 12:27:00+00:00,PLL,12.84000015258789,12.84000015258789,12.84000015258789,12.84000015258789,12.84000015258789,749.0
2024-10-31 12:27:00+00:00,PPTA,9.94480037689209,9.94480037689209,9.94480037689209,9.94480037689209,9.94480037689209,1268.0
2024-10-31 12:27:00+00:00,SSRM,6.119999885559082,6.119999885559082,6.119999885559082,6.119999885559082,6.119999885559082,7341.0
2024-10-31 12:27:00+00:00,UFPI,123.38999938964844,123.38999938964844,123.38999938964844,123.38999938964844,123.38999938964844,329.0
2024-10-31 12:28:00+00:00,ASTL,10.3100004196167,10.3100004196167,10.3100004196167,10.3100004196167,10.3100004196167,302.0
2024-10-31 12:28:00+00:00,BIOX,6.78000020980835,6.78000020980835,6.788000106811523,6.78000020980835,6.788000106811523,600.0
2024-10-31 12:28:00+00:00,CENX,17.690000534057617,17.690000534057617,17.690000534057617,17.690000534057617,17.690000534057617,118.0
2024-10-31 12:28:00+00:00,CNEY,0.5098999738693237,0.5098999738693237,0.5098999738693237,0.5098999738693237,0.5098999738693237,0.0
2024-10-31 12:28:00+00:00,CRKN,0.9368000030517578,0.9368000030517578,0.9368000030517578,0.9368000030517578,0.9368000030517578,5085.0
2024-10-31 12:28:00+00:00,GEVO,2.390000104904175,2.390000104904175,2.3980000019073486,2.390000104904175,2.3949999809265137,1290.0
2024-10-31 12:28:00+00:00,GPRE,13.21500015258789,13.21500015258789,13.229999542236328,13.21500015258789,13.229999542236328,1013.0
2024-10-31 12:28:00+00:00,GSM,4.199999809265137,4.199999809265137,4.199999809265137,4.195000171661377,4.195000171661377,379.0
2024-10-31 12:28:00+00:00,GURE,0.6383000016212463,0.6383000016212463,0.6430000066757202,0.6383000016212463,0.6430000066757202,2237.0
2024-10-31 12:28:00+00:00,HDSN,7.53000020980835,7.53000020980835,7.53000020980835,7.53000020980835,7.53000020980835,357.0
2024-10-31 12:28:00+00:00,IONR,7.760000228881836,7.760000228881836,7.800099849700928,7.760000228881836,7.800099849700928,5728.0
2024-10-31 12:28:00+00:00,LITM,0.3734999895095825,0.3734999895095825,0.3734999895095825,0.3734999895095825,0.3734999895095825,240.0
2024-10-31 12:28:00+00:00,ORGN,1.3949999809265137,1.3949999809265137,1.399999976158142,1.3949999809265137,1.399999976158142,504.0
2024-10-31 12:28:00+00:00,PAAS,23.350000381469727,23.350000381469727,23.350000381469727,23.34000015258789,23.344999313354492,4194.0
2024-10-31 12:28:00+00:00,RGLD,146.36000061035156,146.36000061035156,146.36000061035156,146.36000061035156,146.36000061035156,144.0
2024-10-31 12:28:00+00:00,SGML,13.75,13.75,13.770000457763672,13.680000305175781,13.680000305175781,4547.0
2024-10-31 12:28:00+00:00,SSRM,6.125,6.125,6.125,6.125,6.125,848.0
2024-10-31 12:28:00+00:00,USAU,6.079999923706055,6.079999923706055,6.079999923706055,6.079999923706055,6.079999923706055,513.0
2024-10-31 12:29:00+00:00,CENX,17.684999465942383,17.684999465942383,17.684999465942383,17.684999465942383,17.684999465942383,367.0
2024-10-31 12:29:00+00:00,GEVO,2.3949999809265137,2.3949999809265137,2.397700071334839,2.3903000354766846,2.3949999809265137,4504.0
2024-10-31 12:29:00+00:00,GPRE,13.239500045776367,13.239500045776367,13.239999771118164,13.229999542236328,13.229999542236328,2916.0
2024-10-31 12:29:00+00:00,GSM,4.195000171661377,4.195000171661377,4.195000171661377,4.195000171661377,4.195000171661377,883.0
2024-10-31 12:29:00+00:00,GURE,0.6549999713897705,0.6549999713897705,0.6549999713897705,0.6449999809265137,0.6489999890327454,10498.0
2024-10-31 12:29:00+00:00,HDSN,7.514999866485596,7.514999866485596,7.514999866485596,7.514999866485596,7.514999866485596,5860.0
2024-10-31 12:29:00+00:00,IPX,22.094999313354492,22.094999313354492,22.094999313354492,22.094999313354492,22.094999313354492,400.0
2024-10-31 12:29:00+00:00,LITM,0.3619000017642975,0.3619000017642975,0.3718999922275543,0.3619000017642975,0.3718999922275543,34679.0
2024-10-31 12:29:00+00:00,LWLG,3.219899892807007,3.219899892807007,3.2300000190734863,3.219899892807007,3.2200000286102295,6736.0
2024-10-31 12:29:00+00:00,PAAS,23.360000610351562,23.360000610351562,23.364999771118164,23.350000381469727,23.350000381469727,8665.0
2024-10-31 12:29:00+00:00,PLL,12.880000114440918,12.880000114440918,12.880000114440918,12.880000114440918,12.880000114440918,949.0
2024-10-31 12:29:00+00:00,RGLD,146.35330200195312,146.35330200195312,146.47999572753906,146.35330200195312,146.47999572753906,1322.0
2024-10-31 12:29:00+00:00,SEED,2.58270001411438,2.58270001411438,2.58270001411438,2.58270001411438,2.58270001411438,25.0
2024-10-31 12:29:00+00:00,SSRM,6.130000114440918,6.130000114440918,6.130000114440918,6.126299858093262,6.126299858093262,640.0
2024-10-31 12:29:00+00:00,STLD,131.82000732421875,131.82000732421875,131.82000732421875,131.82000732421875,131.82000732421875,698.0
2024-10-31 12:29:00+00:00,TMC,0.9761000275611877,0.9761000275611877,0.9761000275611877,0.9761000275611877,0.9761000275611877,10000.0
2024-10-31 12:29:00+00:00,ZEUS,36.20090103149414,36.20090103149414,36.20090103149414,36.20090103149414,36.20090103149414,994.0
2024-10-31 12:30:00+00:00,CENX,17.684999465942383,17.684999465942383,17.684999465942383,17.684999465942383,17.684999465942383,437.0
2024-10-31 12:30:00+00:00,CNEY,0.5098999738693237,0.5098999738693237,0.5098999738693237,0.5098999738693237,0.5098999738693237,74.0
2024-10-31 12:30:00+00:00,CRKN,0.9368000030517578,0.9368000030517578,0.9368000030517578,0.9368000030517578,0.9368000030517578,8520.0
2024-10-31 12:30:00+00:00,GEVO,2.3949999809265137,2.3949999809265137,2.4000000953674316,2.3949999809265137,2.4000000953674316,1731.0
2024-10-31 12:30:00+00:00,GPRE,13.260000228881836,13.260000228881836,13.260000228881836,13.220000267028809,13.220000267028809,8263.0
2024-10-31 12:30:00+00:00,GSM,4.199999809265137,4.199999809265137,4.199999809265137,4.199999809265137,4.199999809265137,1458.0
2024-10-31 12:30:00+00:00,HDSN,7.519999980926514,7.519999980926514,7.519999980926514,7.519999980926514,7.519999980926514,398.0
2024-10-31 12:30:00+00:00,HWKN,112.58000183105469,112.58000183105469,112.5999984741211,112.58000183105469,112.5999984741211,551.0
2024-10-31 12:30:00+00:00,HYMC,2.4100000858306885,2.4100000858306885,2.4149999618530273,2.4100000858306885,2.4149999618530273,509.0
2024-10-31 12:30:00+00:00,MEOH,38.86000061035156,38.86000061035156,38.86000061035156,38.86000061035156,38.86000061035156,230.0
2024-10-31 12:30:00+00:00,METC,10.201499938964844,10.201499938964844,10.201499938964844,10.201499938964844,10.201499938964844,1077.0
2024-10-31 12:30:00+00:00,ORGN,1.399999976158142,1.399999976158142,1.399999976158142,1.399999976158142,1.399999976158142,111.0
2024-10-31 12:30:00+00:00,PAAS,23.360000610351562,23.360000610351562,23.375,23.360000610351562,23.360000610351562,6457.0
2024-10-31 12:30:00+00:00,SSRM,6.130000114440918,6.130000114440918,6.130000114440918,6.130000114440918,6.130000114440918,2622.0
2024-10-31 12:30:00+00:00,STLD,131.78500366210938,131.78500366210938,131.78500366210938,131.78500366210938,131.78500366210938,441.0
2024-10-31 12:30:00+00:00,UFPI,123.48999786376953,123.48999786376953,123.48999786376953,123.48999786376953,123.48999786376953,242.0
2024-10-31 12:31:00+00:00,BIOX,6.784999847412109,6.784999847412109,6.784999847412109,6.784999847412109,6.784999847412109,340.0
2024-10-31 12:31:00+00:00,CENX,17.690000534057617,17.690000534057617,17.690000534057617,17.690000534057617,17.690000534057617,682.0
2024-10-31 12:31:00+00:00,CRKN,0.9366999864578247,0.9366999864578247,0.9366999864578247,0.9366999864578247,0.9366999864578247,200.0
2024-10-31 12:31:00+00:00,GEVO,2.3949999809265137,2.3949999809265137,2.3949999809265137,2.3901000022888184,2.3949999809265137,5016.0
2024-10-31 12:31:00+00:00,GPRE,13.279999732971191,13.279999732971191,13.279999732971191,13.25,13.260000228881836,1995.0
2024-10-31 12:31:00+00:00,IPX,22.100000381469727,22.100000381469727,22.239900588989258,22.094999313354492,22.094999313354492,357.0
2024-10-31 12:31:00+00:00,LGO,2.4800000190734863,2.4800000190734863,2.4800000190734863,2.4800000190734863,2.4800000190734863,260.0
2024-10-31 12:31:00+00:00,LITM,0.36250001192092896,0.36250001192092896,0.3630000054836273,0.36000001430511475,0.3619000017642975,19760.0
2024-10-31 12:31:00+00:00,MEOH,38.86000061035156,38.86000061035156,38.86000061035156,38.86000061035156,38.86000061035156,207.0
2024-10-31 12:31:00+00:00,MERC,6.429999828338623,6.429999828338623,6.429999828338623,6.429999828338623,6.429999828338623,168.0
2024-10-31 12:31:00+00:00,ORGN,1.3949999809265137,1.3949999809265137,1.3949999809265137,1.3933000564575195,1.3933000564575195,2470.0
2024-10-31 12:31:00+00:00,PAAS,23.3700008392334,23.3700008392334,23.3700008392334,23.329999923706055,23.344999313354492,8978.0
2024-10-31 12:31:00+00:00,PLL,12.90999984741211,12.90999984741211,12.90999984741211,12.899999618530273,12.899999618530273,525.0
2024-10-31 12:31:00+00:00,SSRM,6.130000114440918,6.130000114440918,6.135000228881836,6.130000114440918,6.135000228881836,3896.0
2024-10-31 12:31:00+00:00,TMC,0.9785000085830688,0.9785000085830688,0.9785000085830688,0.9785000085830688,0.9785000085830688,325.0
2024-10-31 12:31:00+00:00,USAU,6.079999923706055,6.079999923706055,6.079999923706055,6.074999809265137,6.074999809265137,225.0
2024-10-31 12:32:00+00:00,ASTL,10.3100004196167,10.3100004196167,10.3100004196167,10.3100004196167,10.3100004196167,1044.0
2024-10-31 12:32:00+00:00,CENX,17.709999084472656,17.709999084472656,17.709999084472656,17.709999084472656,17.709999084472656,330.0
2024-10-31 12:32:00+00:00,CNEY,0.5098999738693237,0.5098999738693237,0.5098999738693237,0.5098999738693237,0.5098999738693237,200.0
2024-10-31 12:32:00+00:00,CRKN,0.9368000030517578,0.9368000030517578,0.9399999976158142,0.9368000030517578,0.9399999976158142,829.0
2024-10-31 12:32:00+00:00,GEVO,2.384999990463257,2.384999990463257,2.4000000953674316,2.384999990463257,2.3949999809265137,49823.0
2024-10-31 12:32:00+00:00,GPRE,13.289999961853027,13.289999961853027,13.289999961853027,13.289999961853027,13.289999961853027,1831.0
2024-10-31 12:32:00+00:00,HWKN,112.97000122070312,112.97000122070312,113.29000091552734,112.97000122070312,113.23999786376953,8231.0
2024-10-31 12:32:00+00:00,KALU,75.0199966430664,75.0199966430664,75.0199966430664,75.0199966430664,75.0199966430664,200.0
2024-10-31 12:32:00+00:00,LITM,0.3499999940395355,0.3499999940395355,0.36500000953674316,0.3499999940395355,0.36500000953674316,10129.0
2024-10-31 12:32:00+00:00,LWLG,3.240000009536743,3.240000009536743,3.240000009536743,3.240000009536743,3.240000009536743,661.0
2024-10-31 12:32:00+00:00,PAAS,23.375,23.375,23.3799991607666,23.3700008392334,23.3700008392334,6953.0
2024-10-31 12:32:00+00:00,PLL,12.912500381469727,12.912500381469727,12.912500381469727,12.89050006866455,12.89050006866455,1312.0
2024-10-31 12:32:00+00:00,PPTA,9.970000267028809,9.970000267028809,9.970000267028809,9.970000267028809,9.970000267028809,140.0
2024-10-31 12:32:00+00:00,SEED,2.5399999618530273,2.5399999618530273,2.5399999618530273,2.5399999618530273,2.5399999618530273,200.0
2024-10-31 12:32:00+00:00,SSRM,6.135000228881836,6.135000228881836,6.135000228881836,6.135000228881836,6.135000228881836,1390.0
2024-10-31 12:32:00+00:00,USAU,6.059999942779541,6.059999942779541,6.059999942779541,6.059999942779541,6.059999942779541,330.0
2024-10-31 12:33:00+00:00,ALTO,1.7599999904632568,1.7599999904632568,1.7599999904632568,1.7599999904632568,1.7599999904632568,226.0
2024-10-31 12:33:00+00:00,CENX,17.709999084472656,17.709999084472656,17.719999313354492,17.709999084472656,17.719999313354492,1028.0
2024-10-31 12:33:00+00:00,CNEY,0.5090000033378601,0.5090000033378601,0.5098999738693237,0.5090000033378601,0.5098999738693237,251.0
2024-10-31 12:33:00+00:00,GEVO,2.390000104904175,2.390000104904175,2.390000104904175,2.384999990463257,2.384999990463257,5056.0
2024-10-31 12:33:00+00:00,GPRE,13.329999923706055,13.329999923706055,13.329999923706055,13.319999694824219,13.324999809265137,1526.0
2024-10-31 12:33:00+00:00,HDSN,7.525000095367432,7.525000095367432,7.53000020980835,7.525000095367432,7.525000095367432,570.0
2024-10-31 12:33:00+00:00,HWKN,113.61250305175781,113.61250305175781,113.61250305175781,112.97000122070312,112.97000122070312,1567.0
2024-10-31 12:33:00+00:00,KALU,75.0,75.0,75.12000274658203,75.0,75.12000274658203,402.0
2024-10-31 12:33:00+00:00,LITM,0.3517000079154968,0.3517000079154968,0.35499998927116394,0.35100001096725464,0.35350000858306885,4788.0
2024-10-31 12:33:00+00:00,MEOH,38.900001525878906,38.900001525878906,38.900001525878906,38.880001068115234,38.880001068115234,1445.0
2024-10-31 12:33:00+00:00,METC,10.220000267028809,10.220000267028809,10.25,10.220000267028809,10.229999542236328,5387.0
2024-10-31 12:33:00+00:00,PAAS,23.350000381469727,23.350000381469727,23.375,23.350000381469727,23.3700008392334,10564.0
2024-10-31 12:33:00+00:00,SGML,13.744999885559082,13.744999885559082,13.744999885559082,13.744999885559082,13.744999885559082,150.0
2024-10-31 12:33:00+00:00,SSRM,6.135000228881836,6.135000228881836,6.139999866485596,6.135000228881836,6.139999866485596,1300.0
2024-10-31 12:34:00+00:00,ALTO,1.7599999904632568,1.7599999904632568,1.7599999904632568,1.7599999904632568,1.7599999904632568,164.0
2024-10-31 12:34:00+00:00,ASTL,10.295000076293945,10.295000076293945,10.295000076293945,10.295000076293945,10.295000076293945,229.0
2024-10-31 12:34:00+00:00,CENX,17.68000030517578,17.68000030517578,17.709999084472656,17.68000030517578,17.709999084472656,2545.0
2024-10-31 12:34:00+00:00,CRKN,0.9366000294685364,0.9366000294685364,0.9366999864578247,0.9366000294685364,0.9366999864578247,330.0
2024-10-31 12:34:00+00:00,GEVO,2.384999990463257,2.384999990463257,2.390000104904175,2.384999990463257,2.390000104904175,1825.0
2024-10-31 12:34:00+00:00,GPRE,13.305000305175781,13.305000305175781,13.329899787902832,13.289999961853027,13.329899787902832,10022.0
2024-10-31 12:34:00+00:00,GSM,4.195000171661377,4.195000171661377,4.199900150299072,4.195000171661377,4.199900150299072,1457.0
2024-10-31 12:34:00+00:00,HDSN,7.519999980926514,7.519999980926514,7.519999980926514,7.519999980926514,7.519999980926514,1103.0
2024-10-31 12:34:00+00:00,HWKN,113.70999908447266,113.70999908447266,113.70999908447266,113.61250305175781,113.61250305175781,414.0
2024-10-31 12:34:00+00:00,KALU,75.0,75.0,75.0,75.0,75.0,596.0
2024-10-31 12:34:00+00:00,LITM,0.3596000075340271,0.3596000075340271,0.36410000920295715,0.35899999737739563,0.35899999737739563,2590.0
2024-10-31 12:34:00+00:00,MERC,6.449999809265137,6.449999809265137,6.449999809265137,6.429999828338623,6.440000057220459,2883.0
2024-10-31 12:34:00+00:00,METC,10.220000267028809,10.220000267028809,10.220000267028809,10.211000442504883,10.220000267028809,791.0
2024-10-31 12:34:00+00:00,ORGN,1.3984999656677246,1.3984999656677246,1.3984999656677246,1.3940000534057617,1.3940000534057617,1961.0
2024-10-31 12:34:00+00:00,PAAS,23.31999969482422,23.31999969482422,23.350000381469727,23.31999969482422,23.350000381469727,8207.0
2024-10-31 12:34:00+00:00,PLL,12.903800010681152,12.903800010681152,12.903800010681152,12.903800010681152,12.903800010681152,340.0
2024-10-31 12:34:00+00:00,PPTA,9.970000267028809,9.970000267028809,9.970000267028809,9.970000267028809,9.970000267028809,591.0
2024-10-31 12:34:00+00:00,RGLD,146.5449981689453,146.5449981689453,146.5449981689453,146.5449981689453,146.5449981689453,545.0
2024-10-31 12:34:00+00:00,SSRM,6.130000114440918,6.130000114440918,6.138000011444092,6.130000114440918,6.130000114440918,3926.0
2024-10-31 12:34:00+00:00,STLD,131.7899932861328,131.7899932861328,131.7899932861328,131.7899932861328,131.7899932861328,520.0
2024-10-31 12:34:00+00:00,UFPI,123.4749984741211,123.4749984741211,123.4749984741211,123.4749984741211,123.4749984741211,414.0
2024-10-31 12:35:00+00:00,ALTO,1.7649999856948853,1.7649999856948853,1.7649999856948853,1.7599999904632568,1.7599999904632568,436.0
2024-10-31 12:35:00+00:00,CNEY,0.5098999738693237,0.5098999738693237,0.5098999738693237,0.5098999738693237,0.5098999738693237,200.0
2024-10-31 12:35:00+00:00,CRKN,0.9368000030517578,0.9368000030517578,0.9368000030517578,0.9366999864578247,0.9366999864578247,594.0
2024-10-31 12:35:00+00:00,GEVO,2.390000104904175,2.390000104904175,2.390000104904175,2.380000114440918,2.390000104904175,2519.0
2024-10-31 12:35:00+00:00,GPRE,13.295000076293945,13.295000076293945,13.300000190734863,13.295000076293945,13.300000190734863,2067.0
2024-10-31 12:35:00+00:00,GSM,4.195000171661377,4.195000171661377,4.195000171661377,4.195000171661377,4.195000171661377,739.0
2024-10-31 12:35:00+00:00,GURE,0.6549999713897705,0.6549999713897705,0.6549999713897705,0.6549999713897705,0.6549999713897705,488.0
2024-10-31 12:35:00+00:00,HWKN,112.65499877929688,112.65499877929688,112.94999694824219,112.65499877929688,112.94999694824219,836.0
2024-10-31 12:35:00+00:00,LITM,0.36489999294281006,0.36489999294281006,0.36489999294281006,0.3596000075340271,0.36410000920295715,4580.0
2024-10-31 12:35:00+00:00,LWLG,3.240000009536743,3.240000009536743,3.240000009536743,3.240000009536743,3.240000009536743,388.0
2024-10-31 12:35:00+00:00,MEOH,38.90999984741211,38.90999984741211,38.90999984741211,38.90999984741211,38.90999984741211,200.0
2024-10-31 12:35:00+00:00,MERC,6.460000038146973,6.460000038146973,6.460000038146973,6.460000038146973,6.460000038146973,1325.0
2024-10-31 12:35:00+00:00,METC,10.220000267028809,10.220000267028809,10.220000267028809,10.220000267028809,10.220000267028809,252.0
2024-10-31 12:35:00+00:00,PAAS,23.28499984741211,23.28499984741211,23.315000534057617,23.280000686645508,23.315000534057617,6752.0
2024-10-31 12:35:00+00:00,SGML,13.704999923706055,13.704999923706055,13.729999542236328,13.704999923706055,13.729999542236328,1431.0
2024-10-31 12:35:00+00:00,SSRM,6.125,6.125,6.125,6.125,6.125,1041.0
2024-10-31 12:35:00+00:00,STLD,131.7899932861328,131.7899932861328,131.7899932861328,131.7899932861328,131.7899932861328,140.0
2024-10-31 12:35:00+00:00,TMC,0.9783999919891357,0.9783999919891357,0.9783999919891357,0.9782999753952026,0.9782999753952026,5131.0
2024-10-31 12:35:00+00:00,UFPI,123.31999969482422,123.31999969482422,123.31999969482422,123.31999969482422,123.31999969482422,369.0
2024-10-31 12:35:00+00:00,ZEUS,36.13999938964844,36.13999938964844,36.13999938964844,36.13999938964844,36.13999938964844,719.0
2024-10-31 12:36:00+00:00,BIOX,6.784999847412109,6.784999847412109,6.784999847412109,6.784999847412109,6.784999847412109,243.0
2024-10-31 12:36:00+00:00,CENX,17.639999389648438,17.639999389648438,17.670000076293945,17.639999389648438,17.670000076293945,1978.0
2024-10-31 12:36:00+00:00,FEAM,0.4699999988079071,0.4699999988079071,0.4699999988079071,0.4699999988079071,0.4699999988079071,131.0
2024-10-31 12:36:00+00:00,GEVO,2.384999990463257,2.384999990463257,2.390000104904175,2.3819000720977783,2.390000104904175,2663.0
2024-10-31 12:36:00+00:00,GPRE,13.319999694824219,13.319999694824219,13.319999694824219,13.300000190734863,13.300000190734863,1803.0
2024-10-31 12:36:00+00:00,GURE,0.6600000262260437,0.6600000262260437,0.6600000262260437,0.6600000262260437,0.6600000262260437,68.0
2024-10-31 12:36:00+00:00,HYMC,2.411600112915039,2.411600112915039,2.411600112915039,2.411600112915039,2.411600112915039,306.0
2024-10-31 12:36:00+00:00,IPX,22.25,22.25,22.25,22.25,22.25,598.0
2024-10-31 12:36:00+00:00,LITM,0.36489999294281006,0.36489999294281006,0.36489999294281006,0.36489999294281006,0.36489999294281006,400.0
2024-10-31 12:36:00+00:00,MEOH,38.90999984741211,38.90999984741211,38.90999984741211,38.90999984741211,38.90999984741211,654.0
2024-10-31 12:36:00+00:00,METC,10.199999809265137,10.199999809265137,10.210100173950195,10.170999526977539,10.210100173950195,10226.0
2024-10-31 12:36:00+00:00,PAAS,23.2549991607666,23.2549991607666,23.28499984741211,23.2549991607666,23.274999618530273,5285.0
2024-10-31 12:36:00+00:00,PLL,12.869999885559082,12.869999885559082,12.869999885559082,12.869999885559082,12.869999885559082,228.0
2024-10-31 12:36:00+00:00,RGLD,146.38999938964844,146.38999938964844,146.38999938964844,146.38999938964844,146.38999938964844,534.0
2024-10-31 12:36:00+00:00,SGML,13.739999771118164,13.739999771118164,13.739999771118164,13.699999809265137,13.699999809265137,3055.0
2024-10-31 12:36:00+00:00,SSRM,6.117000102996826,6.117000102996826,6.130000114440918,6.114999771118164,6.130000114440918,6945.0
2024-10-31 12:36:00+00:00,STLD,131.7949981689453,131.7949981689453,131.7949981689453,131.7949981689453,131.7949981689453,373.0
2024-10-31 12:37:00+00:00,ASTL,10.265000343322754,10.265000343322754,10.289999961853027,10.260000228881836,10.289999961853027,10319.0
2024-10-31 12:37:00+00:00,CNEY,0.5098999738693237,0.5098999738693237,0.5098999738693237,0.5098999738693237,0.5098999738693237,150.0
2024-10-31 12:37:00+00:00,CRKN,0.9399999976158142,0.9399999976158142,0.9399999976158142,0.9399999976158142,0.9399999976158142,180.0
2024-10-31 12:37:00+00:00,GEVO,2.384999990463257,2.384999990463257,2.384999990463257,2.380199909210205,2.384999990463257,9463.0
2024-10-31 12:37:00+00:00,HDSN,7.514999866485596,7.514999866485596,7.514999866485596,7.514999866485596,7.514999866485596,144.0
2024-10-31 12:37:00+00:00,LWLG,3.234999895095825,3.234999895095825,3.234999895095825,3.2300000190734863,3.2300000190734863,300.0
2024-10-31 12:37:00+00:00,METC,10.199999809265137,10.199999809265137,10.199999809265137,10.199999809265137,10.199999809265137,903.0
2024-10-31 12:37:00+00:00,PAAS,23.31999969482422,23.31999969482422,23.31999969482422,23.25,23.25,18738.0
2024-10-31 12:37:00+00:00,PLL,12.859999656677246,12.859999656677246,12.859999656677246,12.859999656677246,12.859999656677246,408.0
2024-10-31 12:37:00+00:00,SGML,13.760000228881836,13.760000228881836,13.760000228881836,13.760000228881836,13.760000228881836,143.0
2024-10-31 12:37:00+00:00,STLD,131.85000610351562,131.85000610351562,131.85000610351562,131.85000610351562,131.85000610351562,782.0
2024-10-31 12:37:00+00:00,USLM,112.96430206298828,112.96430206298828,112.96430206298828,112.96430206298828,112.96430206298828,297.0
2024-10-31 12:38:00+00:00,ACNT,9.385000228881836,9.385000228881836,9.385000228881836,9.385000228881836,9.385000228881836,128.0
2024-10-31 12:38:00+00:00,ALTO,1.7695000171661377,1.7695000171661377,1.7695000171661377,1.7695000171661377,1.7695000171661377,5004.0
2024-10-31 12:38:00+00:00,ASTL,10.272500038146973,10.272500038146973,10.272500038146973,10.272500038146973,10.272500038146973,1347.0
2024-10-31 12:38:00+00:00,BIOX,6.784999847412109,6.784999847412109,6.784999847412109,6.784999847412109,6.784999847412109,300.0
2024-10-31 12:38:00+00:00,CENX,17.655000686645508,17.655000686645508,17.655000686645508,17.655000686645508,17.655000686645508,490.0
2024-10-31 12:38:00+00:00,GEVO,2.384999990463257,2.384999990463257,2.384999990463257,2.380000114440918,2.380000114440918,1455.0
2024-10-31 12:38:00+00:00,GPRE,13.3149995803833,13.3149995803833,13.3149995803833,13.3149995803833,13.3149995803833,764.0
2024-10-31 12:38:00+00:00,GSM,4.195000171661377,4.195000171661377,4.195000171661377,4.195000171661377,4.195000171661377,1281.0
2024-10-31 12:38:00+00:00,GURE,0.6600000262260437,0.6600000262260437,0.6600000262260437,0.6600000262260437,0.6600000262260437,5075.0
2024-10-31 12:38:00+00:00,HDSN,7.510000228881836,7.510000228881836,7.510000228881836,7.510000228881836,7.510000228881836,341.0
2024-10-31 12:38:00+00:00,HYMC,2.4149999618530273,2.4149999618530273,2.4149999618530273,2.4107000827789307,2.4107000827789307,700.0
2024-10-31 12:38:00+00:00,LITM,0.37400001287460327,0.37400001287460327,0.37400001287460327,0.37389999628067017,0.37389999628067017,700.0
2024-10-31 12:38:00+00:00,LWLG,3.248500108718872,3.248500108718872,3.25,3.239000082015991,3.240000009536743,3518.0
2024-10-31 12:38:00+00:00,MERC,6.46999979019165,6.46999979019165,6.480000019073486,6.46999979019165,6.480000019073486,2131.0
2024-10-31 12:38:00+00:00,ORGN,1.399999976158142,1.399999976158142,1.399999976158142,1.399999976158142,1.399999976158142,560.0
2024-10-31 12:38:00+00:00,PAAS,23.334999084472656,23.334999084472656,23.334999084472656,23.290000915527344,23.31999969482422,20338.0
2024-10-31 12:38:00+00:00,RGLD,146.38999938964844,146.38999938964844,146.38999938964844,146.38999938964844,146.38999938964844,436.0
2024-10-31 12:38:00+00:00,SSRM,6.114999771118164,6.114999771118164,6.11870002746582,6.110000133514404,6.11870002746582,1506.0
2024-10-31 12:38:00+00:00,TMC,0.9753000140190125,0.9753000140190125,0.9753000140190125,0.9753000140190125,0.9753000140190125,2772.0
2024-10-31 12:39:00+00:00,ALTO,1.7649999856948853,1.7649999856948853,1.7699999809265137,1.7649999856948853,1.7699999809265137,509.0
2024-10-31 12:39:00+00:00,CNEY,0.5098000168800354,0.5098000168800354,0.5098999738693237,0.5048999786376953,0.5048999786376953,800.0
2024-10-31 12:39:00+00:00,CRKN,0.9366999864578247,0.9366999864578247,0.9366999864578247,0.9366999864578247,0.9366999864578247,1000.0
2024-10-31 12:39:00+00:00,GEVO,2.384999990463257,2.384999990463257,2.384999990463257,2.384999990463257,2.384999990463257,2615.0
2024-10-31 12:39:00+00:00,GPRE,13.3149995803833,13.3149995803833,13.3149995803833,13.3149995803833,13.3149995803833,249.0
2024-10-31 12:39:00+00:00,GSM,4.190000057220459,4.190000057220459,4.199999809265137,4.190000057220459,4.199999809265137,1050.0
2024-10-31 12:39:00+00:00,HYMC,2.4200000762939453,2.4200000762939453,2.4200000762939453,2.4200000762939453,2.4200000762939453,3406.0
2024-10-31 12:39:00+00:00,LITM,0.37400001287460327,0.37400001287460327,0.37400001287460327,0.3700000047683716,0.3700000047683716,2500.0
2024-10-31 12:39:00+00:00,LWLG,3.244999885559082,3.244999885559082,3.244999885559082,3.244999885559082,3.244999885559082,338.0
2024-10-31 12:39:00+00:00,MERC,6.46999979019165,6.46999979019165,6.46999979019165,6.46999979019165,6.46999979019165,343.0
2024-10-31 12:39:00+00:00,PAAS,23.34000015258789,23.34000015258789,23.34000015258789,23.31999969482422,23.325000762939453,1250.0
2024-10-31 12:39:00+00:00,RETO,1.1299999952316284,1.1299999952316284,1.1299999952316284,1.1299999952316284,1.1299999952316284,288.0
2024-10-31 12:39:00+00:00,RGLD,146.5198974609375,146.5198974609375,146.5198974609375,146.44000244140625,146.44000244140625,714.0
2024-10-31 12:39:00+00:00,STLD,131.88999938964844,131.88999938964844,131.88999938964844,131.83999633789062,131.83999633789062,1032.0
2024-10-31 12:40:00+00:00,CNEY,0.5048999786376953,0.5048999786376953,0.5048999786376953,0.5,0.5,810.0
2024-10-31 12:40:00+00:00,GEVO,2.384999990463257,2.384999990463257,2.384999990463257,2.384999990463257,2.384999990463257,730.0
2024-10-31 12:40:00+00:00,GPRE,13.3100004196167,13.3100004196167,13.317999839782715,13.3100004196167,13.317999839782715,3003.0
2024-10-31 12:40:00+00:00,GSM,4.190000057220459,4.190000057220459,4.190000057220459,4.190000057220459,4.190000057220459,114.0
2024-10-31 12:40:00+00:00,GURE,0.6686000227928162,0.6686000227928162,0.6700000166893005,0.6686000227928162,0.6700000166893005,3464.0
2024-10-31 12:40:00+00:00,HDSN,7.514999866485596,7.514999866485596,7.519999980926514,7.514999866485596,7.519999980926514,1251.0
2024-10-31 12:40:00+00:00,HWKN,112.9385986328125,112.9385986328125,112.9385986328125,112.9385986328125,112.9385986328125,747.0
2024-10-31 12:40:00+00:00,HYMC,2.430000066757202,2.430000066757202,2.430000066757202,2.430000066757202,2.430000066757202,738.0
2024-10-31 12:40:00+00:00,LGO,2.4600000381469727,2.4600000381469727,2.4600000381469727,2.4600000381469727,2.4600000381469727,3710.0
2024-10-31 12:40:00+00:00,LITM,0.3700000047683716,0.3700000047683716,0.3700000047683716,0.3700000047683716,0.3700000047683716,600.0
2024-10-31 12:40:00+00:00,MERC,6.46999979019165,6.46999979019165,6.46999979019165,6.46999979019165,6.46999979019165,124.0
2024-10-31 12:40:00+00:00,ORGN,1.399999976158142,1.399999976158142,1.399999976158142,1.399999976158142,1.399999976158142,298.0
2024-10-31 12:40:00+00:00,PAAS,23.299999237060547,23.299999237060547,23.34000015258789,23.299999237060547,23.34000015258789,7068.0
2024-10-31 12:40:00+00:00,PLL,12.87600040435791,12.87600040435791,12.87600040435791,12.87600040435791,12.87600040435791,250.0
2024-10-31 12:40:00+00:00,PPTA,9.958399772644043,9.958399772644043,9.958399772644043,9.958399772644043,9.958399772644043,1434.0
2024-10-31 12:40:00+00:00,RGLD,146.43499755859375,146.43499755859375,146.43499755859375,146.43499755859375,146.43499755859375,151.0
2024-10-31 12:40:00+00:00,SGML,13.779999732971191,13.779999732971191,13.779999732971191,13.779999732971191,13.779999732971191,766.0
2024-10-31 12:40:00+00:00,STLD,131.88999938964844,131.88999938964844,131.88999938964844,131.88999938964844,131.88999938964844,834.0
2024-10-31 12:41:00+00:00,ALTO,1.7649999856948853,1.7649999856948853,1.7649999856948853,1.7649999856948853,1.7649999856948853,587.0
2024-10-31 12:41:00+00:00,BIOX,6.784999847412109,6.784999847412109,6.784999847412109,6.784999847412109,6.784999847412109,0.0
2024-10-31 12:41:00+00:00,HDSN,7.525000095367432,7.525000095367432,7.525000095367432,7.525000095367432,7.525000095367432,762.0
2024-10-31 12:41:00+00:00,METC,10.199999809265137,10.199999809265137,10.199999809265137,10.199999809265137,10.199999809265137,661.0
2024-10-31 12:41:00+00:00,PAAS,23.30500030517578,23.30500030517578,23.319900512695312,23.299999237060547,23.30500030517578,3197.0
2024-10-31 12:41:00+00:00,PLL,12.819999694824219,12.819999694824219,12.819999694824219,12.819999694824219,12.819999694824219,152.0
2024-10-31 12:41:00+00:00,USLM,113.4177017211914,113.4177017211914,113.4177017211914,113.4177017211914,113.4177017211914,998.0
2024-10-31 12:42:00+00:00,CENX,17.670000076293945,17.670000076293945,17.670000076293945,17.670000076293945,17.670000076293945,458.0
2024-10-31 12:42:00+00:00,CNEY,0.5049999952316284,0.5049999952316284,0.5049999952316284,0.5049999952316284,0.5049999952316284,6798.0
2024-10-31 12:42:00+00:00,GEVO,2.381999969482422,2.381999969482422,2.381999969482422,2.381999969482422,2.381999969482422,9045.0
2024-10-31 12:42:00+00:00,GPRE,13.34000015258789,13.34000015258789,13.34000015258789,13.34000015258789,13.34000015258789,16391.0
2024-10-31 12:42:00+00:00,GSM,4.195000171661377,4.195000171661377,4.195000171661377,4.195000171661377,4.195000171661377,489.0
2024-10-31 12:42:00+00:00,HDSN,7.519999980926514,7.519999980926514,7.519999980926514,7.519999980926514,7.519999980926514,405.0
2024-10-31 12:42:00+00:00,HWKN,112.44000244140625,112.44000244140625,112.44000244140625,112.44000244140625,112.44000244140625,1651.0
2024-10-31 12:42:00+00:00,HYMC,2.4240000247955322,2.4240000247955322,2.4240000247955322,2.4240000247955322,2.4240000247955322,671.0
2024-10-31 12:42:00+00:00,IPX,22.149999618530273,22.149999618530273,22.149999618530273,22.149999618530273,22.149999618530273,787.0
2024-10-31 12:42:00+00:00,KALU,74.83000183105469,74.83000183105469,74.83000183105469,74.83000183105469,74.83000183105469,344.0
2024-10-31 12:42:00+00:00,LGO,2.4000000953674316,2.4000000953674316,2.4000000953674316,2.4000000953674316,2.4000000953674316,500.0
2024-10-31 12:42:00+00:00,LWLG,3.240600109100342,3.240600109100342,3.240600109100342,3.240600109100342,3.240600109100342,1210.0
2024-10-31 12:42:00+00:00,MERC,6.449999809265137,6.449999809265137,6.449999809265137,6.449999809265137,6.449999809265137,3767.0
2024-10-31 12:42:00+00:00,PAAS,23.309999465942383,23.309999465942383,23.31999969482422,23.309999465942383,23.309999465942383,1224.0
2024-10-31 12:42:00+00:00,RGLD,146.52000427246094,146.52000427246094,146.52000427246094,146.52000427246094,146.52000427246094,1533.0
2024-10-31 12:42:00+00:00,SSRM,6.119699954986572,6.119699954986572,6.119699954986572,6.119699954986572,6.119699954986572,6162.0
2024-10-31 12:42:00+00:00,STLD,131.94000244140625,131.94000244140625,131.94000244140625,131.94000244140625,131.94000244140625,975.0
2024-10-31 12:42:00+00:00,USAP,43.920101165771484,43.920101165771484,43.920101165771484,43.920101165771484,43.920101165771484,482.0
2024-10-31 12:42:00+00:00,WDFC,261.6199951171875,261.6199951171875,261.6199951171875,261.6199951171875,261.6199951171875,529.0
2024-10-31 12:43:00+00:00,ASTL,10.279999732971191,10.279999732971191,10.279999732971191,10.279999732971191,10.279999732971191,435.0
2024-10-31 12:43:00+00:00,CENX,17.649999618530273,17.649999618530273,17.65999984741211,17.649999618530273,17.65999984741211,2148.0
2024-10-31 12:43:00+00:00,CNEY,0.5001000165939331,0.5001000165939331,0.5001000165939331,0.5,0.5,3783.0
2024-10-31 12:43:00+00:00,GEVO,2.384999990463257,2.384999990463257,2.384999990463257,2.384999990463257,2.384999990463257,914.0
2024-10-31 12:43:00+00:00,GPRE,13.350000381469727,13.350000381469727,13.350000381469727,13.300000190734863,13.300000190734863,2440.0
2024-10-31 12:43:00+00:00,GSM,4.199999809265137,4.199999809265137,4.199999809265137,4.199999809265137,4.199999809265137,1120.0
2024-10-31 12:43:00+00:00,GURE,0.6700000166893005,0.6700000166893005,0.6700000166893005,0.6700000166893005,0.6700000166893005,988.0
2024-10-31 12:43:00+00:00,HDSN,7.550000190734863,7.550000190734863,7.550000190734863,7.525000095367432,7.525000095367432,2785.0
2024-10-31 12:43:00+00:00,HYMC,2.440000057220459,2.440000057220459,2.440000057220459,2.440000057220459,2.440000057220459,200.0
2024-10-31 12:43:00+00:00,MEOH,38.90999984741211,38.90999984741211,38.90999984741211,38.90999984741211,38.90999984741211,1056.0
2024-10-31 12:43:00+00:00,ORGN,1.3949999809265137,1.3949999809265137,1.3949999809265137,1.3949999809265137,1.3949999809265137,1979.0
2024-10-31 12:43:00+00:00,PAAS,23.34000015258789,23.34000015258789,23.350000381469727,23.31999969482422,23.31999969482422,7317.0
2024-10-31 12:43:00+00:00,PLL,12.875,12.875,12.898300170898438,12.875,12.875,2422.0
2024-10-31 12:43:00+00:00,SGML,13.760000228881836,13.760000228881836,13.760000228881836,13.760000228881836,13.760000228881836,164.0
2024-10-31 12:43:00+00:00,SSRM,6.119999885559082,6.119999885559082,6.119999885559082,6.119999885559082,6.119999885559082,1162.0
2024-10-31 12:43:00+00:00,STLD,131.9550018310547,131.9550018310547,132.02999877929688,131.9499969482422,132.02999877929688,568.0
2024-10-31 12:43:00+00:00,UFPI,123.51000213623047,123.51000213623047,123.51000213623047,123.51000213623047,123.51000213623047,871.0
2024-10-31 12:43:00+00:00,USAP,43.98500061035156,43.98500061035156,43.98500061035156,43.98500061035156,43.98500061035156,764.0
2024-10-31 12:43:00+00:00,USAU,6.090000152587891,6.090000152587891,6.090000152587891,6.090000152587891,6.090000152587891,1367.0
2024-10-31 12:44:00+00:00,ASTL,10.279999732971191,10.279999732971191,10.279999732971191,10.274999618530273,10.274999618530273,377.0
2024-10-31 12:44:00+00:00,CNEY,0.49000000953674316,0.49000000953674316,0.4959999918937683,0.49000000953674316,0.4959999918937683,6230.0
2024-10-31 12:44:00+00:00,GEVO,2.384999990463257,2.384999990463257,2.384999990463257,2.384999990463257,2.384999990463257,700.0
2024-10-31 12:44:00+00:00,GPRE,13.359999656677246,13.359999656677246,13.359999656677246,13.34000015258789,13.350000381469727,3719.0
2024-10-31 12:44:00+00:00,GSM,4.195000171661377,4.195000171661377,4.195000171661377,4.195000171661377,4.195000171661377,257.0
2024-10-31 12:44:00+00:00,GURE,0.660099983215332,0.660099983215332,0.660099983215332,0.660099983215332,0.660099983215332,0.0
2024-10-31 12:44:00+00:00,HYMC,2.4200000762939453,2.4200000762939453,2.430000066757202,2.4200000762939453,2.430000066757202,2525.0
2024-10-31 12:44:00+00:00,IOSP,108.9800033569336,108.9800033569336,108.9800033569336,108.9800033569336,108.9800033569336,1632.0
2024-10-31 12:44:00+00:00,IPX,22.145000457763672,22.145000457763672,22.145000457763672,22.06999969482422,22.06999969482422,241.0
2024-10-31 12:44:00+00:00,LGO,2.4000000953674316,2.4000000953674316,2.4000000953674316,2.4000000953674316,2.4000000953674316,800.0
2024-10-31 12:44:00+00:00,LITM,0.3700000047683716,0.3700000047683716,0.3700000047683716,0.3700000047683716,0.3700000047683716,3073.0
2024-10-31 12:44:00+00:00,LWLG,3.244999885559082,3.244999885559082,3.244999885559082,3.244999885559082,3.244999885559082,359.0
2024-10-31 12:44:00+00:00,MERC,6.440000057220459,6.440000057220459,6.440000057220459,6.440000057220459,6.440000057220459,102.0
2024-10-31 12:44:00+00:00,METC,10.199999809265137,10.199999809265137,10.199999809265137,10.199999809265137,10.199999809265137,519.0
2024-10-31 12:44:00+00:00,PAAS,23.34000015258789,23.34000015258789,23.344999313354492,23.329999923706055,23.34000015258789,1368.0
2024-10-31 12:44:00+00:00,PLL,12.880000114440918,12.880000114440918,12.880000114440918,12.880000114440918,12.880000114440918,267.0
2024-10-31 12:44:00+00:00,PPTA,10.010000228881836,10.010000228881836,10.010000228881836,9.960000038146973,9.960000038146973,3818.0
2024-10-31 12:44:00+00:00,SSRM,6.125,6.125,6.125,6.125,6.125,612.0
2024-10-31 12:44:00+00:00,STLD,131.9550018310547,131.9550018310547,131.9550018310547,131.9550018310547,131.9550018310547,436.0
2024-10-31 12:44:00+00:00,TMC,0.9779999852180481,0.9779999852180481,0.9779999852180481,0.9754999876022339,0.9754999876022339,12970.0
2024-10-31 12:44:00+00:00,USAU,6.130000114440918,6.130000114440918,6.130000114440918,6.099999904632568,6.099999904632568,3416.0
2024-10-31 12:44:00+00:00,USLM,113.69000244140625,113.69000244140625,113.69000244140625,113.69000244140625,113.69000244140625,299.0
2024-10-31 12:45:00+00:00,ALTO,1.7649999856948853,1.7649999856948853,1.7649999856948853,1.7599999904632568,1.7649999856948853,334.0
2024-10-31 12:45:00+00:00,ASTL,10.279999732971191,10.279999732971191,10.279999732971191,10.279999732971191,10.279999732971191,1014.0
2024-10-31 12:45:00+00:00,CENX,17.649999618530273,17.649999618530273,17.649999618530273,17.649999618530273,17.649999618530273,1439.0
2024-10-31 12:45:00+00:00,GEVO,2.381999969482422,2.381999969482422,2.384999990463257,2.381999969482422,2.384999990463257,1611.0
2024-10-31 12:45:00+00:00,GPRE,13.305999755859375,13.305999755859375,13.3100004196167,13.300000190734863,13.300000190734863,576.0
2024-10-31 12:45:00+00:00,GSM,4.195000171661377,4.195000171661377,4.199999809265137,4.195000171661377,4.199999809265137,216.0
2024-10-31 12:45:00+00:00,HDSN,7.550000190734863,7.550000190734863,7.550000190734863,7.550000190734863,7.550000190734863,1944.0
2024-10-31 12:45:00+00:00,HWKN,111.91000366210938,111.91000366210938,111.91000366210938,111.91000366210938,111.91000366210938,752.0
2024-10-31 12:45:00+00:00,LITM,0.3702000081539154,0.3702000081539154,0.37400001287460327,0.3702000081539154,0.37400001287460327,1936.0
2024-10-31 12:45:00+00:00,MERC,6.440000057220459,6.440000057220459,6.440000057220459,6.440000057220459,6.440000057220459,109.0
2024-10-31 12:45:00+00:00,METC,10.1899995803833,10.1899995803833,10.1899995803833,10.1899995803833,10.1899995803833,1922.0
2024-10-31 12:45:00+00:00,PAAS,23.360000610351562,23.360000610351562,23.360000610351562,23.329999923706055,23.344999313354492,3928.0
2024-10-31 12:45:00+00:00,RETO,1.1109999418258667,1.1109999418258667,1.1109999418258667,1.1109999418258667,1.1109999418258667,119.0
2024-10-31 12:45:00+00:00,RGLD,146.68499755859375,146.68499755859375,146.68499755859375,146.68499755859375,146.68499755859375,276.0
2024-10-31 12:45:00+00:00,SSRM,6.130199909210205,6.130199909210205,6.139999866485596,6.125,6.125,6517.0
2024-10-31 12:45:00+00:00,USAU,6.139999866485596,6.139999866485596,6.139999866485596,6.139999866485596,6.139999866485596,852.0
2024-10-31 12:46:00+00:00,ASTL,10.28499984741211,10.28499984741211,10.28499984741211,10.28499984741211,10.28499984741211,113.0
2024-10-31 12:46:00+00:00,CENX,17.65999984741211,17.65999984741211,17.65999984741211,17.65999984741211,17.65999984741211,405.0
2024-10-31 12:46:00+00:00,CRKN,0.9399999976158142,0.9399999976158142,0.9399999976158142,0.9399999976158142,0.9399999976158142,4816.0
2024-10-31 12:46:00+00:00,GEVO,2.384999990463257,2.384999990463257,2.3898000717163086,2.384999990463257,2.384999990463257,1422.0
2024-10-31 12:46:00+00:00,GPRE,13.289999961853027,13.289999961853027,13.295000076293945,13.289999961853027,13.295000076293945,1331.0
2024-10-31 12:46:00+00:00,GSM,4.195000171661377,4.195000171661377,4.195000171661377,4.190000057220459,4.190000057220459,294.0
2024-10-31 12:46:00+00:00,GURE,0.6700000166893005,0.6700000166893005,0.6700000166893005,0.6700000166893005,0.6700000166893005,8630.0
2024-10-31 12:46:00+00:00,KALU,74.94999694824219,74.94999694824219,74.94999694824219,74.9000015258789,74.9000015258789,1281.0
2024-10-31 12:46:00+00:00,LITM,0.37209999561309814,0.37209999561309814,0.37209999561309814,0.37209999561309814,0.37209999561309814,2588.0
2024-10-31 12:46:00+00:00,LWLG,3.240000009536743,3.240000009536743,3.240000009536743,3.240000009536743,3.240000009536743,710.0
2024-10-31 12:46:00+00:00,MERC,6.440000057220459,6.440000057220459,6.440000057220459,6.440000057220459,6.440000057220459,110.0
2024-10-31 12:46:00+00:00,METC,10.180000305175781,10.180000305175781,10.180000305175781,10.180000305175781,10.180000305175781,613.0
2024-10-31 12:46:00+00:00,PAAS,23.31999969482422,23.31999969482422,23.350000381469727,23.31999969482422,23.350000381469727,5313.0
2024-10-31 12:46:00+00:00,PLL,12.890000343322754,12.890000343322754,12.890000343322754,12.859999656677246,12.859999656677246,492.0
2024-10-31 12:46:00+00:00,RGLD,146.6199951171875,146.6199951171875,146.6199951171875,146.6199951171875,146.6199951171875,743.0
2024-10-31 12:46:00+00:00,SSRM,6.125,6.125,6.130000114440918,6.125,6.130000114440918,3884.0
2024-10-31 12:46:00+00:00,STLD,131.9499969482422,131.9499969482422,131.97999572753906,131.9499969482422,131.97999572753906,390.0
2024-10-31 12:46:00+00:00,TMC,0.9779999852180481,0.9779999852180481,0.9779999852180481,0.9779999852180481,0.9779999852180481,0.0
2024-10-31 12:46:00+00:00,ZEUS,36.1349983215332,36.1349983215332,36.1349983215332,36.119998931884766,36.119998931884766,1113.0
2024-10-31 12:47:00+00:00,BIOX,6.784999847412109,6.784999847412109,6.784999847412109,6.784999847412109,6.784999847412109,34636.0
2024-10-31 12:47:00+00:00,CRKN,0.9383000135421753,0.9383000135421753,0.9383000135421753,0.9383000135421753,0.9383000135421753,848.0
2024-10-31 12:47:00+00:00,GEVO,2.380000114440918,2.380000114440918,2.390000104904175,2.380000114440918,2.384999990463257,12530.0
2024-10-31 12:47:00+00:00,GSM,4.195000171661377,4.195000171661377,4.195000171661377,4.195000171661377,4.195000171661377,1233.0
2024-10-31 12:47:00+00:00,HWKN,112.05500030517578,112.05500030517578,112.05500030517578,112.05500030517578,112.05500030517578,696.0
2024-10-31 12:47:00+00:00,LGO,2.430000066757202,2.430000066757202,2.430000066757202,2.3949999809265137,2.3949999809265137,1134.0
2024-10-31 12:47:00+00:00,LWLG,3.2300000190734863,3.2300000190734863,3.234999895095825,3.2300000190734863,3.234999895095825,2755.0
2024-10-31 12:47:00+00:00,MERC,6.445000171661377,6.445000171661377,6.449999809265137,6.445000171661377,6.449999809265137,662.0
2024-10-31 12:47:00+00:00,ORGN,1.3949999809265137,1.3949999809265137,1.3949999809265137,1.3949999809265137,1.3949999809265137,136.0
2024-10-31 12:47:00+00:00,PAAS,23.309999465942383,23.309999465942383,23.315000534057617,23.299999237060547,23.309999465942383,6263.0
2024-10-31 12:47:00+00:00,PLL,12.876500129699707,12.876500129699707,12.876500129699707,12.876500129699707,12.876500129699707,319.0
2024-10-31 12:47:00+00:00,PPTA,9.970000267028809,9.970000267028809,9.970000267028809,9.970000267028809,9.970000267028809,960.0
2024-10-31 12:47:00+00:00,SGML,13.710000038146973,13.710000038146973,13.742799758911133,13.710000038146973,13.742799758911133,2432.0
2024-10-31 12:47:00+00:00,STLD,132.00999450683594,132.00999450683594,132.00999450683594,132.00999450683594,132.00999450683594,257.0
2024-10-31 12:47:00+00:00,USLM,113.69999694824219,113.69999694824219,113.69999694824219,113.69999694824219,113.69999694824219,496.0
2024-10-31 12:47:00+00:00,WDFC,261.4100036621094,261.4100036621094,261.4100036621094,261.4100036621094,261.4100036621094,145.0
2024-10-31 12:48:00+00:00,ALTO,1.7649999856948853,1.7649999856948853,1.7649999856948853,1.7649999856948853,1.7649999856948853,230.0
2024-10-31 12:48:00+00:00,ASTL,10.28499984741211,10.28499984741211,10.28499984741211,10.28499984741211,10.28499984741211,391.0
2024-10-31 12:48:00+00:00,BCPC,168.12249755859375,168.12249755859375,168.12249755859375,168.12249755859375,168.12249755859375,207.0
2024-10-31 12:48:00+00:00,CENX,17.649999618530273,17.649999618530273,17.655000686645508,17.649999618530273,17.655000686645508,1660.0
2024-10-31 12:48:00+00:00,GEVO,2.375,2.375,2.384999990463257,2.375,2.384999990463257,60858.0
2024-10-31 12:48:00+00:00,GPRE,13.289999961853027,13.289999961853027,13.289999961853027,13.289999961853027,13.289999961853027,859.0
2024-10-31 12:48:00+00:00,GSM,4.195000171661377,4.195000171661377,4.195000171661377,4.195000171661377,4.195000171661377,485.0
2024-10-31 12:48:00+00:00,GURE,0.6579999923706055,0.6579999923706055,0.6579999923706055,0.6535000205039978,0.6535000205039978,1268.0
2024-10-31 12:48:00+00:00,KALU,74.94000244140625,74.94000244140625,74.94000244140625,74.93000030517578,74.93000030517578,285.0
2024-10-31 12:48:00+00:00,LITM,0.37599998712539673,0.37599998712539673,0.37599998712539673,0.37209999561309814,0.37209999561309814,200.0
2024-10-31 12:48:00+00:00,MERC,6.445000171661377,6.445000171661377,6.445000171661377,6.445000171661377,6.445000171661377,805.0
2024-10-31 12:48:00+00:00,METC,10.163000106811523,10.163000106811523,10.170000076293945,10.163000106811523,10.170000076293945,1432.0
2024-10-31 12:48:00+00:00,PAAS,23.309999465942383,23.309999465942383,23.309999465942383,23.309999465942383,23.309999465942383,1279.0
2024-10-31 12:48:00+00:00,SGML,13.6899995803833,13.6899995803833,13.6899995803833,13.6899995803833,13.6899995803833,112.0
2024-10-31 12:48:00+00:00,SSRM,6.125,6.125,6.125,6.125,6.125,320.0
2024-10-31 12:48:00+00:00,STLD,131.94000244140625,131.94000244140625,131.94000244140625,131.91000366210938,131.91000366210938,488.0
2024-10-31 12:48:00+00:00,TMC,0.9779999852180481,0.9779999852180481,0.9779999852180481,0.9779999852180481,0.9779999852180481,200.0
2024-10-31 12:48:00+00:00,UFPI,123.33000183105469,123.33000183105469,123.33000183105469,123.33000183105469,123.33000183105469,1283.0
2024-10-31 12:49:00+00:00,BCPC,168.0399932861328,168.0399932861328,168.08999633789062,168.0399932861328,168.08999633789062,541.0
2024-10-31 12:49:00+00:00,BIOX,6.769999980926514,6.769999980926514,6.769999980926514,6.769999980926514,6.769999980926514,613.0
2024-10-31 12:49:00+00:00,GEVO,2.375,2.375,2.375,2.375,2.375,7700.0
2024-10-31 12:49:00+00:00,GPRE,13.300000190734863,13.300000190734863,13.300000190734863,13.300000190734863,13.300000190734863,686.0
2024-10-31 12:49:00+00:00,GSM,4.159999847412109,4.159999847412109,4.195000171661377,4.159999847412109,4.195000171661377,28715.0
2024-10-31 12:49:00+00:00,HDSN,7.559999942779541,7.559999942779541,7.559999942779541,7.559999942779541,7.559999942779541,130.0
2024-10-31 12:49:00+00:00,HYMC,2.4200000762939453,2.4200000762939453,2.4200000762939453,2.4200000762939453,2.4200000762939453,107.0
2024-10-31 12:49:00+00:00,LITM,0.37599998712539673,0.37599998712539673,0.37599998712539673,0.37209999561309814,0.37209999561309814,1100.0
2024-10-31 12:49:00+00:00,METC,10.130000114440918,10.130000114440918,10.15999984741211,10.130000114440918,10.15999984741211,3398.0
2024-10-31 12:49:00+00:00,ORGN,1.3949999809265137,1.3949999809265137,1.3949999809265137,1.3949999809265137,1.3949999809265137,133.0
2024-10-31 12:49:00+00:00,PAAS,23.309999465942383,23.309999465942383,23.309999465942383,23.299999237060547,23.299999237060547,1128.0
2024-10-31 12:49:00+00:00,PLL,12.859999656677246,12.859999656677246,12.859999656677246,12.859999656677246,12.859999656677246,240.0
2024-10-31 12:49:00+00:00,STLD,131.93499755859375,131.93499755859375,131.93499755859375,131.89999389648438,131.91000366210938,954.0
2024-10-31 12:49:00+00:00,TMC,0.977400004863739,0.977400004863739,0.977400004863739,0.977400004863739,0.977400004863739,100.0
2024-10-31 12:49:00+00:00,USAP,43.98500061035156,43.98500061035156,43.98500061035156,43.98500061035156,43.98500061035156,212.0
2024-10-31 12:50:00+00:00,CENX,17.68000030517578,17.68000030517578,17.68000030517578,17.68000030517578,17.68000030517578,826.0
2024-10-31 12:50:00+00:00,FEAM,0.4699999988079071,0.4699999988079071,0.4699999988079071,0.4699999988079071,0.4699999988079071,193.0
2024-10-31 12:50:00+00:00,GEVO,2.375,2.375,2.375,2.369999885559082,2.375,28883.0
2024-10-31 12:50:00+00:00,GPRE,13.289999961853027,13.289999961853027,13.289999961853027,13.289999961853027,13.289999961853027,309.0
2024-10-31 12:50:00+00:00,GURE,0.6579999923706055,0.6579999923706055,0.6635000109672546,0.6532999873161316,0.6552000045776367,5335.0
2024-10-31 12:50:00+00:00,HDSN,7.554999828338623,7.554999828338623,7.559999942779541,7.554999828338623,7.559999942779541,1464.0
2024-10-31 12:50:00+00:00,LITM,0.375,0.375,0.375,0.375,0.375,300.0
2024-10-31 12:50:00+00:00,LWLG,3.2249999046325684,3.2249999046325684,3.234999895095825,3.2249999046325684,3.2300000190734863,3171.0
2024-10-31 12:50:00+00:00,MEOH,38.86000061035156,38.86000061035156,38.869998931884766,38.86000061035156,38.869998931884766,445.0
2024-10-31 12:50:00+00:00,ORGN,1.399999976158142,1.399999976158142,1.399999976158142,1.399999976158142,1.399999976158142,122.0
2024-10-31 12:50:00+00:00,PAAS,23.30780029296875,23.30780029296875,23.309999465942383,23.30500030517578,23.309999465942383,4974.0
2024-10-31 12:50:00+00:00,SSRM,6.125,6.125,6.125100135803223,6.119999885559082,6.119999885559082,1116.0
2024-10-31 12:50:00+00:00,STLD,131.97999572753906,131.97999572753906,131.97999572753906,131.88999938964844,131.88999938964844,753.0
2024-10-31 12:50:00+00:00,USAP,44.04999923706055,44.04999923706055,44.04999923706055,44.04999923706055,44.04999923706055,163.0
2024-10-31 12:51:00+00:00,ASTL,10.289999961853027,10.289999961853027,10.289999961853027,10.28499984741211,10.28499984741211,813.0
2024-10-31 12:51:00+00:00,CENX,17.65999984741211,17.65999984741211,17.670000076293945,17.65999984741211,17.670000076293945,2196.0
2024-10-31 12:51:00+00:00,CNEY,0.5067999958992004,0.5067999958992004,0.5067999958992004,0.5067999958992004,0.5067999958992004,200.0
2024-10-31 12:51:00+00:00,GEVO,2.375,2.375,2.375,2.375,2.375,1365.0
2024-10-31 12:51:00+00:00,GPRE,13.300000190734863,13.300000190734863,13.300000190734863,13.300000190734863,13.300000190734863,327.0
2024-10-31 12:51:00+00:00,GSM,4.164999961853027,4.164999961853027,4.170000076293945,4.164999961853027,4.164999961853027,1588.0
2024-10-31 12:51:00+00:00,GURE,0.6668000221252441,0.6668000221252441,0.6668000221252441,0.6635000109672546,0.6635000109672546,1384.0
2024-10-31 12:51:00+00:00,HYMC,2.4200000762939453,2.4200000762939453,2.4200000762939453,2.4200000762939453,2.4200000762939453,161.0
2024-10-31 12:51:00+00:00,IPX,22.145000457763672,22.145000457763672,22.145000457763672,22.145000457763672,22.145000457763672,298.0
2024-10-31 12:51:00+00:00,KALU,74.94000244140625,74.94000244140625,74.94000244140625,74.94000244140625,74.94000244140625,219.0
2024-10-31 12:51:00+00:00,LITM,0.375,0.375,0.375,0.375,0.375,315.0
2024-10-31 12:51:00+00:00,MEOH,38.869998931884766,38.869998931884766,38.869998931884766,38.869998931884766,38.869998931884766,235.0
2024-10-31 12:51:00+00:00,ORGN,1.399999976158142,1.399999976158142,1.399999976158142,1.399999976158142,1.399999976158142,148.0
2024-10-31 12:51:00+00:00,PAAS,23.29990005493164,23.29990005493164,23.299999237060547,23.280000686645508,23.299999237060547,4977.0
2024-10-31 12:51:00+00:00,PLL,12.859999656677246,12.859999656677246,12.859999656677246,12.859999656677246,12.859999656677246,427.0
2024-10-31 12:51:00+00:00,SSRM,6.125,6.125,6.125,6.125,6.125,1566.0
2024-10-31 12:51:00+00:00,STLD,132.02499389648438,132.02499389648438,132.02999877929688,131.97999572753906,131.97999572753906,1963.0
2024-10-31 12:51:00+00:00,TMC,0.9771000146865845,0.9771000146865845,0.9771000146865845,0.9771000146865845,0.9771000146865845,2001.0
2024-10-31 12:51:00+00:00,UFPI,123.15499877929688,123.15499877929688,123.15499877929688,123.15499877929688,123.15499877929688,767.0
2024-10-31 12:52:00+00:00,ALTO,1.7649999856948853,1.7649999856948853,1.7649999856948853,1.7649999856948853,1.7649999856948853,217.0
2024-10-31 12:52:00+00:00,CENX,17.68000030517578,17.68000030517578,17.690000534057617,17.68000030517578,17.690000534057617,732.0
2024-10-31 12:52:00+00:00,CRKN,0.9449999928474426,0.9449999928474426,0.9449999928474426,0.9449999928474426,0.9449999928474426,613.0
2024-10-31 12:52:00+00:00,GEVO,2.375,2.375,2.375,2.375,2.375,4262.0
2024-10-31 12:52:00+00:00,GPRE,13.289999961853027,13.289999961853027,13.300000190734863,13.279999732971191,13.300000190734863,4303.0
2024-10-31 12:52:00+00:00,GSM,4.167600154876709,4.167600154876709,4.167600154876709,4.167600154876709,4.167600154876709,164.0
2024-10-31 12:52:00+00:00,KALU,75.1500015258789,75.1500015258789,75.1500015258789,74.94000244140625,74.94000244140625,3111.0
2024-10-31 12:52:00+00:00,LWLG,3.2200000286102295,3.2200000286102295,3.2200000286102295,3.2200000286102295,3.2200000286102295,1070.0
2024-10-31 12:52:00+00:00,PAAS,23.34000015258789,23.34000015258789,23.34000015258789,23.299999237060547,23.299999237060547,4329.0
2024-10-31 12:52:00+00:00,SGML,13.720000267028809,13.720000267028809,13.739999771118164,13.704999923706055,13.704999923706055,1906.0
2024-10-31 12:52:00+00:00,SSRM,6.130000114440918,6.130000114440918,6.130000114440918,6.119999885559082,6.125,1981.0
2024-10-31 12:52:00+00:00,STLD,132.16000366210938,132.16000366210938,132.16000366210938,132.13999938964844,132.13999938964844,461.0
2024-10-31 12:52:00+00:00,WDFC,262.04998779296875,262.04998779296875,262.04998779296875,262.04998779296875,262.04998779296875,289.0
2024-10-31 12:53:00+00:00,ALTO,1.7649999856948853,1.7649999856948853,1.7649999856948853,1.7599999904632568,1.7599999904632568,222.0
2024-10-31 12:53:00+00:00,ASTL,10.3149995803833,10.3149995803833,10.3149995803833,10.289999961853027,10.289999961853027,1328.0
2024-10-31 12:53:00+00:00,CENX,17.674999237060547,17.674999237060547,17.674999237060547,17.674999237060547,17.674999237060547,642.0
2024-10-31 12:53:00+00:00,GEVO,2.369999885559082,2.369999885559082,2.375,2.369999885559082,2.375,1567.0
2024-10-31 12:53:00+00:00,HDSN,7.559999942779541,7.559999942779541,7.559999942779541,7.559999942779541,7.559999942779541,191.0
2024-10-31 12:53:00+00:00,KALU,75.05999755859375,75.05999755859375,75.05999755859375,75.05999755859375,75.05999755859375,640.0
2024-10-31 12:53:00+00:00,MERC,6.445000171661377,6.445000171661377,6.445000171661377,6.445000171661377,6.445000171661377,1673.0
2024-10-31 12:53:00+00:00,ORGN,1.3949999809265137,1.3949999809265137,1.3949999809265137,1.3949999809265137,1.3949999809265137,294.0
2024-10-31 12:53:00+00:00,PAAS,23.329999923706055,23.329999923706055,23.33329963684082,23.329999923706055,23.329999923706055,875.0
2024-10-31 12:53:00+00:00,SSRM,6.135000228881836,6.135000228881836,6.139999866485596,6.130000114440918,6.130000114440918,2410.0
2024-10-31 12:53:00+00:00,STLD,132.11000061035156,132.11000061035156,132.11000061035156,132.11000061035156,132.11000061035156,194.0
2024-10-31 12:53:00+00:00,ZEUS,36.17499923706055,36.17499923706055,36.17499923706055,36.17499923706055,36.17499923706055,217.0
2024-10-31 12:54:00+00:00,AREC,0.996399998664856,0.996399998664856,0.996399998664856,0.996399998664856,0.996399998664856,1392.0
2024-10-31 12:54:00+00:00,ASTL,10.3149995803833,10.3149995803833,10.3149995803833,10.3149995803833,10.3149995803833,478.0
2024-10-31 12:54:00+00:00,CENX,17.674999237060547,17.674999237060547,17.674999237060547,17.674999237060547,17.674999237060547,273.0
2024-10-31 12:54:00+00:00,CRKN,0.9402999877929688,0.9402999877929688,0.9405999779701233,0.9399999976158142,0.9399999976158142,3000.0
2024-10-31 12:54:00+00:00,GEVO,2.375,2.375,2.378000020980835,2.375,2.375,3062.0
2024-10-31 12:54:00+00:00,HDSN,7.559999942779541,7.559999942779541,7.559999942779541,7.559999942779541,7.559999942779541,785.0
2024-10-31 12:54:00+00:00,LITM,0.3840000033378601,0.3840000033378601,0.3840000033378601,0.3736000061035156,0.3736000061035156,6778.0
2024-10-31 12:54:00+00:00,ORGN,1.3949999809265137,1.3949999809265137,1.3991999626159668,1.3949999809265137,1.3991999626159668,1643.0
2024-10-31 12:54:00+00:00,PAAS,23.299999237060547,23.299999237060547,23.354999542236328,23.299999237060547,23.34000015258789,12174.0
2024-10-31 12:54:00+00:00,RGLD,146.69000244140625,146.69000244140625,146.69000244140625,146.69000244140625,146.69000244140625,424.0
2024-10-31 12:54:00+00:00,SSRM,6.139999866485596,6.139999866485596,6.139999866485596,6.139999866485596,6.139999866485596,468.0
2024-10-31 12:54:00+00:00,STLD,132.0850067138672,132.0850067138672,132.0850067138672,132.0850067138672,132.0850067138672,334.0
2024-10-31 12:55:00+00:00,ALTO,1.7599999904632568,1.7599999904632568,1.7599999904632568,1.7599999904632568,1.7599999904632568,537.0
2024-10-31 12:55:00+00:00,CENX,17.674999237060547,17.674999237060547,17.68000030517578,17.674999237060547,17.68000030517578,2294.0
2024-10-31 12:55:00+00:00,CNEY,0.5090000033378601,0.5090000033378601,0.5090000033378601,0.5090000033378601,0.5090000033378601,100.0
2024-10-31 12:55:00+00:00,CRKN,0.9448999762535095,0.9448999762535095,0.9448999762535095,0.9424999952316284,0.9424999952316284,370.0
2024-10-31 12:55:00+00:00,GEVO,2.375,2.375,2.375,2.369999885559082,2.375,4082.0
2024-10-31 12:55:00+00:00,GPRE,13.190999984741211,13.190999984741211,13.3100004196167,13.190999984741211,13.300000190734863,20765.0
2024-10-31 12:55:00+00:00,GSM,4.169899940490723,4.169899940490723,4.170000076293945,4.164999961853027,4.164999961853027,1261.0
2024-10-31 12:55:00+00:00,HDSN,7.559999942779541,7.559999942779541,7.559999942779541,7.559999942779541,7.559999942779541,951.0
2024-10-31 12:55:00+00:00,HWKN,112.03500366210938,112.03500366210938,112.03500366210938,112.03500366210938,112.03500366210938,430.0
2024-10-31 12:55:00+00:00,LITM,0.3840000033378601,0.3840000033378601,0.3840000033378601,0.3840000033378601,0.3840000033378601,1552.0
2024-10-31 12:55:00+00:00,LWLG,3.2200000286102295,3.2200000286102295,3.2200000286102295,3.2200000286102295,3.2200000286102295,304.0
2024-10-31 12:55:00+00:00,ORGN,1.399899959564209,1.399899959564209,1.399899959564209,1.3949999809265137,1.3949999809265137,3233.0
2024-10-31 12:55:00+00:00,PAAS,23.309999465942383,23.309999465942383,23.31999969482422,23.299999237060547,23.304000854492188,13341.0
2024-10-31 12:55:00+00:00,PLL,12.869999885559082,12.869999885559082,12.869999885559082,12.869999885559082,12.869999885559082,201.0
2024-10-31 12:55:00+00:00,SGML,13.720000267028809,13.720000267028809,13.720000267028809,13.720000267028809,13.720000267028809,158.0
2024-10-31 12:55:00+00:00,SSRM,6.135000228881836,6.135000228881836,6.139999866485596,6.135000228881836,6.139999866485596,362.0
2024-10-31 12:55:00+00:00,STLD,132.0850067138672,132.0850067138672,132.0850067138672,132.0399932861328,132.04629516601562,2093.0
2024-10-31 12:55:00+00:00,USAP,43.98500061035156,43.98500061035156,43.98500061035156,43.98500061035156,43.98500061035156,139.0
2024-10-31 12:55:00+00:00,USAU,6.090000152587891,6.090000152587891,6.098199844360352,6.090000152587891,6.098199844360352,300.0
2024-10-31 12:56:00+00:00,ASTL,10.319999694824219,10.319999694824219,10.319999694824219,10.319999694824219,10.319999694824219,204.0
2024-10-31 12:56:00+00:00,BCPC,168.0399932861328,168.0399932861328,168.0399932861328,168.0399932861328,168.0399932861328,266.0
2024-10-31 12:56:00+00:00,CENX,17.670000076293945,17.670000076293945,17.670000076293945,17.670000076293945,17.670000076293945,1302.0
2024-10-31 12:56:00+00:00,GEVO,2.365000009536743,2.365000009536743,2.375,2.365000009536743,2.375,40994.0
2024-10-31 12:56:00+00:00,GPRE,13.204999923706055,13.204999923706055,13.204999923706055,13.204999923706055,13.204999923706055,1580.0
2024-10-31 12:56:00+00:00,GSM,4.164999961853027,4.164999961853027,4.164999961853027,4.164999961853027,4.164999961853027,219.0
2024-10-31 12:56:00+00:00,HYMC,2.4200000762939453,2.4200000762939453,2.4200000762939453,2.4200000762939453,2.4200000762939453,351.0
2024-10-31 12:56:00+00:00,IPX,21.9950008392334,21.9950008392334,21.9950008392334,21.9950008392334,21.9950008392334,625.0
2024-10-31 12:56:00+00:00,LITM,0.38260000944137573,0.38260000944137573,0.38260000944137573,0.38260000944137573,0.38260000944137573,200.0
2024-10-31 12:56:00+00:00,METC,10.149999618530273,10.149999618530273,10.149999618530273,10.140000343322754,10.140000343322754,1464.0
2024-10-31 12:56:00+00:00,PAAS,23.309999465942383,23.309999465942383,23.31999969482422,23.30500030517578,23.309999465942383,29368.0
2024-10-31 12:56:00+00:00,PLL,12.870400428771973,12.870400428771973,12.870400428771973,12.870400428771973,12.870400428771973,886.0
2024-10-31 12:56:00+00:00,RGLD,146.64500427246094,146.64500427246094,146.64500427246094,146.64500427246094,146.64500427246094,656.0
2024-10-31 12:56:00+00:00,SSRM,6.139999866485596,6.139999866485596,6.139999866485596,6.139999866485596,6.139999866485596,283.0
2024-10-31 12:56:00+00:00,STLD,132.0850067138672,132.0850067138672,132.0850067138672,132.0399932861328,132.0399932861328,849.0
2024-10-31 12:56:00+00:00,USAP,43.93000030517578,43.93000030517578,43.98500061035156,43.93000030517578,43.98500061035156,381.0
2024-10-31 12:57:00+00:00,ASTL,10.3149995803833,10.3149995803833,10.3149995803833,10.3149995803833,10.3149995803833,278.0
2024-10-31 12:57:00+00:00,BCPC,168.02999877929688,168.02999877929688,168.02999877929688,168.02000427246094,168.02000427246094,492.0
2024-10-31 12:57:00+00:00,CENX,17.649999618530273,17.649999618530273,17.670000076293945,17.649999618530273,17.670000076293945,2370.0
2024-10-31 12:57:00+00:00,CNEY,0.5090000033378601,0.5090000033378601,0.5090000033378601,0.5090000033378601,0.5090000033378601,3.0
2024-10-31 12:57:00+00:00,CRKN,0.9399999976158142,0.9399999976158142,0.9399999976158142,0.9399999976158142,0.9399999976158142,401.0
2024-10-31 12:57:00+00:00,GEVO,2.365000009536743,2.365000009536743,2.3650999069213867,2.359999895095825,2.365000009536743,13865.0
2024-10-31 12:57:00+00:00,GSM,4.164999961853027,4.164999961853027,4.164999961853027,4.164999961853027,4.164999961853027,908.0
2024-10-31 12:57:00+00:00,GURE,0.656000018119812,0.656000018119812,0.6581000089645386,0.656000018119812,0.6581000089645386,2095.0
2024-10-31 12:57:00+00:00,HDSN,7.559999942779541,7.559999942779541,7.559999942779541,7.559899806976318,7.559899806976318,1067.0
2024-10-31 12:57:00+00:00,HWKN,112.19249725341797,112.19249725341797,112.51000213623047,112.125,112.41999816894531,1860.0
2024-10-31 12:57:00+00:00,IONR,7.84499979019165,7.84499979019165,7.84499979019165,7.84499979019165,7.84499979019165,190.0
2024-10-31 12:57:00+00:00,LITM,0.38199999928474426,0.38199999928474426,0.3887999951839447,0.38199999928474426,0.3837999999523163,900.0
2024-10-31 12:57:00+00:00,MERC,6.460000038146973,6.460000038146973,6.460000038146973,6.460000038146973,6.460000038146973,611.0
2024-10-31 12:57:00+00:00,METC,10.149999618530273,10.149999618530273,10.149999618530273,10.149999618530273,10.149999618530273,548.0
2024-10-31 12:57:00+00:00,ORGN,1.3949999809265137,1.3949999809265137,1.3949999809265137,1.3949999809265137,1.3949999809265137,200.0
2024-10-31 12:57:00+00:00,PAAS,23.309999465942383,23.309999465942383,23.31999969482422,23.30500030517578,23.31999969482422,1532.0
2024-10-31 12:57:00+00:00,PLL,12.864999771118164,12.864999771118164,12.869999885559082,12.859999656677246,12.869999885559082,1126.0
2024-10-31 12:57:00+00:00,SSRM,6.135000228881836,6.135000228881836,6.135000228881836,6.135000228881836,6.135000228881836,170.0
2024-10-31 12:57:00+00:00,STLD,132.11000061035156,132.11000061035156,132.11000061035156,132.11000061035156,132.11000061035156,505.0
2024-10-31 12:57:00+00:00,USAP,43.98500061035156,43.98500061035156,43.98500061035156,43.98500061035156,43.98500061035156,327.0
2024-10-31 12:57:00+00:00,USAU,6.090099811553955,6.090099811553955,6.093999862670898,6.090000152587891,6.093999862670898,3148.0
2024-10-31 12:58:00+00:00,ASTL,10.3149995803833,10.3149995803833,10.3149995803833,10.3149995803833,10.3149995803833,417.0
2024-10-31 12:58:00+00:00,CRKN,0.949999988079071,0.949999988079071,0.949999988079071,0.949999988079071,0.949999988079071,200.0
2024-10-31 12:58:00+00:00,GEVO,2.365000009536743,2.365000009536743,2.375,2.359999895095825,2.3698999881744385,65027.0
2024-10-31 12:58:00+00:00,GPRE,13.199999809265137,13.199999809265137,13.220000267028809,13.199999809265137,13.220000267028809,2117.0
2024-10-31 12:58:00+00:00,LGO,2.430000066757202,2.430000066757202,2.430000066757202,2.430000066757202,2.430000066757202,309.0
2024-10-31 12:58:00+00:00,LWLG,3.2100000381469727,3.2100000381469727,3.2200000286102295,3.2100000381469727,3.2200000286102295,1095.0
2024-10-31 12:58:00+00:00,MERC,6.454999923706055,6.454999923706055,6.454999923706055,6.449999809265137,6.449999809265137,625.0
2024-10-31 12:58:00+00:00,METC,10.119999885559082,10.119999885559082,10.140000343322754,10.119999885559082,10.140000343322754,2719.0
2024-10-31 12:58:00+00:00,ORGN,1.399999976158142,1.399999976158142,1.399999976158142,1.399999976158142,1.399999976158142,193.0
2024-10-31 12:58:00+00:00,PAAS,23.28499984741211,23.28499984741211,23.311500549316406,23.28499984741211,23.309999465942383,5385.0
2024-10-31 12:58:00+00:00,SGML,13.711999893188477,13.711999893188477,13.711999893188477,13.711999893188477,13.711999893188477,1394.0
2024-10-31 12:58:00+00:00,SSRM,6.139999866485596,6.139999866485596,6.139999866485596,6.130000114440918,6.130000114440918,698.0
2024-10-31 12:58:00+00:00,STLD,132.0438995361328,132.0438995361328,132.0438995361328,132.0438995361328,132.0438995361328,782.0
2024-10-31 12:58:00+00:00,USAP,43.93000030517578,43.93000030517578,43.93000030517578,43.93000030517578,43.93000030517578,514.0
2024-10-31 12:59:00+00:00,BCPC,168.02000427246094,168.02000427246094,168.02000427246094,168.02000427246094,168.02000427246094,316.0
2024-10-31 12:59:00+00:00,CENX,17.649999618530273,17.649999618530273,17.649999618530273,17.649999618530273,17.649999618530273,274.0
2024-10-31 12:59:00+00:00,CNEY,0.5090000033378601,0.5090000033378601,0.5090000033378601,0.5090000033378601,0.5090000033378601,200.0
2024-10-31 12:59:00+00:00,CRKN,0.9399999976158142,0.9399999976158142,0.9399999976158142,0.9399999976158142,0.9399999976158142,511.0
2024-10-31 12:59:00+00:00,GEVO,2.369999885559082,2.369999885559082,2.375,2.369999885559082,2.371999979019165,5781.0
2024-10-31 12:59:00+00:00,GPRE,13.180000305175781,13.180000305175781,13.180000305175781,13.175000190734863,13.175000190734863,568.0
2024-10-31 12:59:00+00:00,GSM,4.170000076293945,4.170000076293945,4.170000076293945,4.170000076293945,4.170000076293945,1824.0
2024-10-31 12:59:00+00:00,GURE,0.6363000273704529,0.6363000273704529,0.6363000273704529,0.6363000273704529,0.6363000273704529,1002.0
2024-10-31 12:59:00+00:00,IPX,22.200000762939453,22.200000762939453,22.200000762939453,22.200000762939453,22.200000762939453,982.0
2024-10-31 12:59:00+00:00,MEOH,38.89500045776367,38.89500045776367,38.89500045776367,38.88999938964844,38.88999938964844,675.0
2024-10-31 12:59:00+00:00,MERC,6.460000038146973,6.460000038146973,6.460000038146973,6.460000038146973,6.460000038146973,187.0
2024-10-31 12:59:00+00:00,METC,10.109999656677246,10.109999656677246,10.109999656677246,10.109999656677246,10.109999656677246,612.0
2024-10-31 12:59:00+00:00,ORGN,1.3901000022888184,1.3901000022888184,1.3901000022888184,1.3901000022888184,1.3901000022888184,4003.0
2024-10-31 12:59:00+00:00,PAAS,23.299999237060547,23.299999237060547,23.299999237060547,23.280000686645508,23.28499984741211,3768.0
2024-10-31 12:59:00+00:00,SGML,13.710000038146973,13.710000038146973,13.710000038146973,13.710000038146973,13.710000038146973,912.0
2024-10-31 12:59:00+00:00,SSRM,6.139999866485596,6.139999866485596,6.139999866485596,6.135000228881836,6.139999866485596,1406.0
2024-10-31 12:59:00+00:00,STLD,132.14500427246094,132.14500427246094,132.14500427246094,132.11000061035156,132.11000061035156,1849.0
2024-10-31 12:59:00+00:00,TMC,0.9753999710083008,0.9753999710083008,0.9753999710083008,0.9753999710083008,0.9753999710083008,2044.0
2024-10-31 12:59:00+00:00,UFPI,123.12999725341797,123.12999725341797,123.12999725341797,123.12999725341797,123.12999725341797,1292.0
2024-10-31 12:59:00+00:00,USAP,43.95000076293945,43.95000076293945,43.97999954223633,43.95000076293945,43.97999954223633,629.0
2024-10-31 12:59:00+00:00,WDFC,262.1199951171875,262.1199951171875,262.1199951171875,262.1199951171875,262.1199951171875,1457.0
2024-10-31 13:00:00+00:00,ASTL,10.3100004196167,10.3100004196167,10.3100004196167,10.3100004196167,10.3100004196167,413.0
2024-10-31 13:00:00+00:00,CENX,17.649999618530273,17.649999618530273,17.649999618530273,17.649999618530273,17.649999618530273,255.0
2024-10-31 13:00:00+00:00,CRKN,0.9401000142097473,0.9401000142097473,0.949999988079071,0.9401000142097473,0.949999988079071,1345.0
2024-10-31 13:00:00+00:00,GEVO,2.375,2.375,2.380000114440918,2.370500087738037,2.380000114440918,11072.0
2024-10-31 13:00:00+00:00,GPRE,13.180000305175781,13.180000305175781,13.180000305175781,13.180000305175781,13.180000305175781,1123.0
2024-10-31 13:00:00+00:00,HDSN,7.565000057220459,7.565000057220459,7.565000057220459,7.559999942779541,7.559999942779541,764.0
2024-10-31 13:00:00+00:00,LITM,0.38999998569488525,0.38999998569488525,0.38999998569488525,0.38100001215934753,0.38100001215934753,7178.0
2024-10-31 13:00:00+00:00,MEOH,38.91999816894531,38.91999816894531,38.91999816894531,38.91999816894531,38.91999816894531,861.0
2024-10-31 13:00:00+00:00,MERC,6.460000038146973,6.460000038146973,6.460000038146973,6.460000038146973,6.460000038146973,1645.0
2024-10-31 13:00:00+00:00,METC,10.119999885559082,10.119999885559082,10.119999885559082,10.119999885559082,10.119999885559082,1214.0
2024-10-31 13:00:00+00:00,PAAS,23.31999969482422,23.31999969482422,23.31999969482422,23.2987003326416,23.299999237060547,10881.0
2024-10-31 13:00:00+00:00,PLL,12.869999885559082,12.869999885559082,12.869999885559082,12.865400314331055,12.865400314331055,1247.0
2024-10-31 13:00:00+00:00,PPTA,9.950400352478027,9.950400352478027,9.950400352478027,9.950400352478027,9.950400352478027,2591.0
2024-10-31 13:00:00+00:00,RGLD,146.64999389648438,146.64999389648438,146.64999389648438,146.64999389648438,146.64999389648438,913.0
2024-10-31 13:00:00+00:00,SEED,2.559999942779541,2.559999942779541,2.559999942779541,2.559999942779541,2.559999942779541,75.0
2024-10-31 13:00:00+00:00,SGML,13.720000267028809,13.720000267028809,13.720000267028809,13.710000038146973,13.710000038146973,1332.0
2024-10-31 13:00:00+00:00,USAP,43.95000076293945,43.95000076293945,43.970001220703125,43.95000076293945,43.970001220703125,640.0
2024-10-31 13:01:00+00:00,ACNT,9.340100288391113,9.340100288391113,9.340100288391113,9.340100288391113,9.340100288391113,297.0
2024-10-31 13:01:00+00:00,ALTO,1.7649999856948853,1.7649999856948853,1.7699999809265137,1.7649999856948853,1.7649999856948853,2225.0
2024-10-31 13:01:00+00:00,ASTL,10.329999923706055,10.329999923706055,10.329999923706055,10.319999694824219,10.319999694824219,1100.0
2024-10-31 13:01:00+00:00,BCPC,168.3699951171875,168.3699951171875,168.3699951171875,168.3699951171875,168.3699951171875,120.0
2024-10-31 13:01:00+00:00,CENX,17.690000534057617,17.690000534057617,17.690000534057617,17.649999618530273,17.649999618530273,2074.0
2024-10-31 13:01:00+00:00,CNEY,0.5099999904632568,0.5099999904632568,0.5099999904632568,0.5059999823570251,0.5059999823570251,12738.0
2024-10-31 13:01:00+00:00,CRKN,0.9449999928474426,0.9449999928474426,0.9449999928474426,0.9449999928474426,0.9449999928474426,4000.0
2024-10-31 13:01:00+00:00,GEVO,2.3798999786376953,2.3798999786376953,2.3798999786376953,2.369999885559082,2.375,21113.0
2024-10-31 13:01:00+00:00,GPRE,13.229999542236328,13.229999542236328,13.234999656677246,13.180000305175781,13.180000305175781,4491.0
2024-10-31 13:01:00+00:00,GSM,4.175000190734863,4.175000190734863,4.175000190734863,4.170000076293945,4.170000076293945,5166.0
2024-10-31 13:01:00+00:00,GURE,0.666700005531311,0.666700005531311,0.666700005531311,0.666700005531311,0.666700005531311,203.0
2024-10-31 13:01:00+00:00,HDSN,7.570000171661377,7.570000171661377,7.570000171661377,7.570000171661377,7.570000171661377,972.0
2024-10-31 13:01:00+00:00,LITM,0.38760000467300415,0.38760000467300415,0.3928999900817871,0.385699987411499,0.38749998807907104,19985.0
2024-10-31 13:01:00+00:00,MERC,6.480000019073486,6.480000019073486,6.480000019073486,6.480000019073486,6.480000019073486,566.0
2024-10-31 13:01:00+00:00,METC,10.140000343322754,10.140000343322754,10.140000343322754,10.119999885559082,10.119999885559082,4053.0
2024-10-31 13:01:00+00:00,PAAS,23.3700008392334,23.3700008392334,23.3700008392334,23.329999923706055,23.329999923706055,3458.0
2024-10-31 13:01:00+00:00,RGLD,146.68499755859375,146.68499755859375,146.68499755859375,146.68499755859375,146.68499755859375,1173.0
2024-10-31 13:01:00+00:00,STLD,132.25999450683594,132.25999450683594,132.25999450683594,132.22999572753906,132.22999572753906,879.0
2024-10-31 13:01:00+00:00,USAP,43.95500183105469,43.95500183105469,43.95500183105469,43.95500183105469,43.95500183105469,758.0
2024-10-31 13:01:00+00:00,USLM,113.70999908447266,113.70999908447266,113.70999908447266,113.47440338134766,113.47440338134766,753.0
2024-10-31 13:01:00+00:00,ZEUS,36.2599983215332,36.2599983215332,36.2599983215332,36.2599983215332,36.2599983215332,297.0
2024-10-31 13:02:00+00:00,CRKN,0.9490000009536743,0.9490000009536743,0.949999988079071,0.9445000290870667,0.949999988079071,531.0
2024-10-31 13:02:00+00:00,FEAM,0.49309998750686646,0.49309998750686646,0.49309998750686646,0.4699999988079071,0.4699999988079071,450.0
2024-10-31 13:02:00+00:00,GEVO,2.384999990463257,2.384999990463257,2.384999990463257,2.3717000484466553,2.375,34417.0
2024-10-31 13:02:00+00:00,GPRE,13.1850004196167,13.1850004196167,13.210000038146973,13.1850004196167,13.210000038146973,1541.0
2024-10-31 13:02:00+00:00,GURE,0.6668000221252441,0.6668000221252441,0.6668000221252441,0.6668000221252441,0.6668000221252441,279.0
2024-10-31 13:02:00+00:00,HDSN,7.579999923706055,7.579999923706055,7.579999923706055,7.579999923706055,7.579999923706055,891.0
2024-10-31 13:02:00+00:00,IPX,22.200000762939453,22.200000762939453,22.200000762939453,22.200000762939453,22.200000762939453,0.0
2024-10-31 13:02:00+00:00,MEOH,38.91999816894531,38.91999816894531,38.91999816894531,38.91999816894531,38.91999816894531,298.0
2024-10-31 13:02:00+00:00,PAAS,23.360000610351562,23.360000610351562,23.3700008392334,23.360000610351562,23.3700008392334,3882.0
2024-10-31 13:02:00+00:00,PPTA,9.979999542236328,9.979999542236328,9.979999542236328,9.979999542236328,9.979999542236328,160.0
2024-10-31 13:02:00+00:00,SGML,13.729999542236328,13.729999542236328,13.760000228881836,13.729999542236328,13.739999771118164,4660.0
2024-10-31 13:02:00+00:00,SSRM,6.144999980926514,6.144999980926514,6.144999980926514,6.139999866485596,6.139999866485596,7134.0
2024-10-31 13:02:00+00:00,USAP,43.95500183105469,43.95500183105469,43.95500183105469,43.95500183105469,43.95500183105469,157.0
2024-10-31 13:03:00+00:00,ASTL,10.329999923706055,10.329999923706055,10.329999923706055,10.329999923706055,10.329999923706055,1922.0
2024-10-31 13:03:00+00:00,CENX,17.707199096679688,17.707199096679688,17.707199096679688,17.707199096679688,17.707199096679688,1202.0
2024-10-31 13:03:00+00:00,CNEY,0.5099999904632568,0.5099999904632568,0.5099999904632568,0.5099999904632568,0.5099999904632568,100.0
2024-10-31 13:03:00+00:00,CRKN,0.9490000009536743,0.9490000009536743,0.9490000009536743,0.9490000009536743,0.9490000009536743,203.0
2024-10-31 13:03:00+00:00,GEVO,2.384999990463257,2.384999990463257,2.384999990463257,2.384999990463257,2.384999990463257,1966.0
2024-10-31 13:03:00+00:00,GPRE,13.160599708557129,13.160599708557129,13.160599708557129,13.15999984741211,13.15999984741211,2377.0
2024-10-31 13:03:00+00:00,GSM,4.179999828338623,4.179999828338623,4.179999828338623,4.179999828338623,4.179999828338623,1289.0
2024-10-31 13:03:00+00:00,HYMC,2.40310001373291,2.40310001373291,2.4200000762939453,2.40310001373291,2.4200000762939453,2058.0
2024-10-31 13:03:00+00:00,IPX,22.0,22.0,22.0,22.0,22.0,502.0
2024-10-31 13:03:00+00:00,LITM,0.3822999894618988,0.3822999894618988,0.3822999894618988,0.3822999894618988,0.3822999894618988,1071.0
2024-10-31 13:03:00+00:00,METC,10.140000343322754,10.140000343322754,10.140000343322754,10.130000114440918,10.140000343322754,580.0
2024-10-31 13:03:00+00:00,ORGN,1.3949999809265137,1.3949999809265137,1.3949999809265137,1.3949999809265137,1.3949999809265137,300.0
2024-10-31 13:03:00+00:00,PAAS,23.350000381469727,23.350000381469727,23.350000381469727,23.34000015258789,23.350000381469727,3398.0
2024-10-31 13:03:00+00:00,SSRM,6.144999980926514,6.144999980926514,6.144999980926514,6.139999866485596,6.139999866485596,509.0
2024-10-31 13:03:00+00:00,STLD,132.2100067138672,132.2100067138672,132.2550048828125,132.2100067138672,132.2550048828125,700.0
2024-10-31 13:03:00+00:00,TMC,0.9753000140190125,0.9753000140190125,0.9753000140190125,0.9753000140190125,0.9753000140190125,0.0
2024-10-31 13:03:00+00:00,UFPI,123.66000366210938,123.66000366210938,123.66000366210938,123.66000366210938,123.66000366210938,1054.0
2024-10-31 13:03:00+00:00,ZEUS,36.27000045776367,36.27000045776367,36.27000045776367,36.27000045776367,36.27000045776367,249.0
2024-10-31 13:03:00+00:00,ZKIN,0.5544999837875366,0.5544999837875366,0.5544999837875366,0.5544999837875366,0.5544999837875366,343.0
2024-10-31 13:04:00+00:00,ASTL,10.335000038146973,10.335000038146973,10.335000038146973,10.329999923706055,10.329999923706055,3062.0
2024-10-31 13:04:00+00:00,BCPC,168.2050018310547,168.2050018310547,168.2050018310547,168.2050018310547,168.2050018310547,527.0
2024-10-31 13:04:00+00:00,CENX,17.719999313354492,17.719999313354492,17.719999313354492,17.719999313354492,17.719999313354492,357.0
2024-10-31 13:04:00+00:00,GEVO,2.384999990463257,2.384999990463257,2.390000104904175,2.384999990463257,2.384999990463257,1736.0
2024-10-31 13:04:00+00:00,GPRE,13.154999732971191,13.154999732971191,13.170000076293945,13.154999732971191,13.170000076293945,3036.0
2024-10-31 13:04:00+00:00,HDSN,7.574999809265137,7.574999809265137,7.574999809265137,7.574999809265137,7.574999809265137,601.0
2024-10-31 13:04:00+00:00,LWLG,3.2200000286102295,3.2200000286102295,3.2200000286102295,3.2200000286102295,3.2200000286102295,427.0
2024-10-31 13:04:00+00:00,METC,10.140000343322754,10.140000343322754,10.140000343322754,10.140000343322754,10.140000343322754,374.0
2024-10-31 13:04:00+00:00,ORGN,1.399999976158142,1.399999976158142,1.399999976158142,1.399999976158142,1.399999976158142,38.0
2024-10-31 13:04:00+00:00,PAAS,23.334999084472656,23.334999084472656,23.350000381469727,23.329999923706055,23.350000381469727,4351.0
2024-10-31 13:04:00+00:00,PLL,12.949999809265137,12.949999809265137,12.949999809265137,12.90999984741211,12.90999984741211,2090.0
2024-10-31 13:04:00+00:00,PPTA,9.979999542236328,9.979999542236328,9.979999542236328,9.979999542236328,9.979999542236328,700.0
2024-10-31 13:04:00+00:00,SGML,13.739999771118164,13.739999771118164,13.739999771118164,13.739999771118164,13.739999771118164,304.0
2024-10-31 13:04:00+00:00,SSRM,6.139999866485596,6.139999866485596,6.140100002288818,6.139999866485596,6.139999866485596,4926.0
2024-10-31 13:04:00+00:00,STLD,132.1999969482422,132.1999969482422,132.1999969482422,132.1999969482422,132.1999969482422,240.0
2024-10-31 13:04:00+00:00,USAU,6.110000133514404,6.110000133514404,6.110000133514404,6.110000133514404,6.110000133514404,584.0
2024-10-31 13:04:00+00:00,ZEUS,36.2400016784668,36.2400016784668,36.2599983215332,36.2400016784668,36.2599983215332,639.0
2024-10-31 13:05:00+00:00,ALTO,1.7599999904632568,1.7599999904632568,1.7599999904632568,1.7599999904632568,1.7599999904632568,201.0
2024-10-31 13:05:00+00:00,BIOX,6.769999980926514,6.769999980926514,6.769999980926514,6.769999980926514,6.769999980926514,230.0
2024-10-31 13:05:00+00:00,CENX,17.709999084472656,17.709999084472656,17.709999084472656,17.709999084472656,17.709999084472656,401.0
2024-10-31 13:05:00+00:00,CNEY,0.5099999904632568,0.5099999904632568,0.5099999904632568,0.5059999823570251,0.5059999823570251,8876.0
2024-10-31 13:05:00+00:00,CRKN,0.9490000009536743,0.9490000009536743,0.9490000009536743,0.9399999976158142,0.9490000009536743,1691.0
2024-10-31 13:05:00+00:00,GEVO,2.375,2.375,2.390000104904175,2.375,2.390000104904175,15058.0
2024-10-31 13:05:00+00:00,GPRE,13.095000267028809,13.095000267028809,13.100000381469727,13.069999694824219,13.100000381469727,2624.0
2024-10-31 13:05:00+00:00,GSM,4.175000190734863,4.175000190734863,4.175000190734863,4.175000190734863,4.175000190734863,635.0
2024-10-31 13:05:00+00:00,HDSN,7.579999923706055,7.579999923706055,7.579999923706055,7.579999923706055,7.579999923706055,437.0
2024-10-31 13:05:00+00:00,LITM,0.3874000012874603,0.3874000012874603,0.3874000012874603,0.3874000012874603,0.3874000012874603,291.0
2024-10-31 13:05:00+00:00,MERC,6.519999980926514,6.519999980926514,6.53000020980835,6.489999771118164,6.489999771118164,3994.0
2024-10-31 13:05:00+00:00,ORGN,1.3949999809265137,1.3949999809265137,1.3949999809265137,1.3949999809265137,1.3949999809265137,257.0
2024-10-31 13:05:00+00:00,PAAS,23.329999923706055,23.329999923706055,23.34000015258789,23.31999969482422,23.329999923706055,18644.0
2024-10-31 13:05:00+00:00,PLL,12.944999694824219,12.944999694824219,12.970000267028809,12.944999694824219,12.959400177001953,1289.0
2024-10-31 13:05:00+00:00,SSRM,6.139999866485596,6.139999866485596,6.144999980926514,6.139999866485596,6.139999866485596,1984.0
2024-10-31 13:05:00+00:00,STLD,132.1699981689453,132.1699981689453,132.1999969482422,132.1699981689453,132.19000244140625,3780.0
2024-10-31 13:06:00+00:00,CENX,17.709999084472656,17.709999084472656,17.709999084472656,17.709999084472656,17.709999084472656,440.0
2024-10-31 13:06:00+00:00,GEVO,2.375,2.375,2.380000114440918,2.375,2.375,891.0
2024-10-31 13:06:00+00:00,GPRE,13.120499610900879,13.120499610900879,13.130000114440918,13.119999885559082,13.119999885559082,2503.0
2024-10-31 13:06:00+00:00,GSM,4.179999828338623,4.179999828338623,4.179999828338623,4.179999828338623,4.179999828338623,1324.0
2024-10-31 13:06:00+00:00,GURE,0.6444000005722046,0.6444000005722046,0.6444000005722046,0.6399999856948853,0.6399999856948853,1844.0
2024-10-31 13:06:00+00:00,LITM,0.3873000144958496,0.3873000144958496,0.3874000012874603,0.3873000144958496,0.3874000012874603,470.0
2024-10-31 13:06:00+00:00,MEOH,38.90999984741211,38.90999984741211,38.90999984741211,38.90999984741211,38.90999984741211,1019.0
2024-10-31 13:06:00+00:00,MERC,6.514999866485596,6.514999866485596,6.514999866485596,6.514999866485596,6.514999866485596,114.0
2024-10-31 13:06:00+00:00,METC,10.140000343322754,10.140000343322754,10.140000343322754,10.140000343322754,10.140000343322754,471.0
2024-10-31 13:06:00+00:00,ORGN,1.3949999809265137,1.3949999809265137,1.3949999809265137,1.3949999809265137,1.3949999809265137,139.0
2024-10-31 13:06:00+00:00,PAAS,23.314300537109375,23.314300537109375,23.31999969482422,23.309999465942383,23.31999969482422,15533.0
2024-10-31 13:06:00+00:00,SSRM,6.135000228881836,6.135000228881836,6.139999866485596,6.135000228881836,6.139999866485596,5857.0
2024-10-31 13:06:00+00:00,USLM,114.01000213623047,114.01000213623047,114.01000213623047,114.01000213623047,114.01000213623047,340.0
2024-10-31 13:06:00+00:00,ZEUS,36.150001525878906,36.150001525878906,36.150001525878906,36.150001525878906,36.150001525878906,184.0
2024-10-31 13:07:00+00:00,CENX,17.75,17.75,17.76799964904785,17.729999542236328,17.729999542236328,9634.0
2024-10-31 13:07:00+00:00,CNEY,0.5099999904632568,0.5099999904632568,0.5099999904632568,0.5099999904632568,0.5099999904632568,100.0
2024-10-31 13:07:00+00:00,CRKN,0.9449999928474426,0.9449999928474426,0.9490000009536743,0.9449999928474426,0.9490000009536743,1400.0
2024-10-31 13:07:00+00:00,GEVO,2.375,2.375,2.380000114440918,2.375,2.375,8182.0
2024-10-31 13:07:00+00:00,IPX,21.84000015258789,21.84000015258789,22.0,21.799999237060547,21.81999969482422,1275.0
2024-10-31 13:07:00+00:00,LITM,0.38609999418258667,0.38609999418258667,0.38609999418258667,0.38609999418258667,0.38609999418258667,300.0
2024-10-31 13:07:00+00:00,LWLG,3.234999895095825,3.234999895095825,3.234999895095825,3.2300000190734863,3.2300000190734863,1571.0
2024-10-31 13:07:00+00:00,MERC,6.514999866485596,6.514999866485596,6.53000020980835,6.514999866485596,6.53000020980835,335.0
2024-10-31 13:07:00+00:00,METC,10.149999618530273,10.149999618530273,10.15999984741211,10.145000457763672,10.145000457763672,3691.0
2024-10-31 13:07:00+00:00,PAAS,23.28499984741211,23.28499984741211,23.315000534057617,23.28499984741211,23.309999465942383,68642.0
2024-10-31 13:07:00+00:00,STLD,132.21499633789062,132.21499633789062,132.25999450683594,132.21499633789062,132.25999450683594,1277.0
2024-10-31 13:07:00+00:00,TMC,0.977400004863739,0.977400004863739,0.977400004863739,0.977400004863739,0.977400004863739,775.0
2024-10-31 13:08:00+00:00,ASTL,10.335000038146973,10.335000038146973,10.335000038146973,10.335000038146973,10.335000038146973,133.0
2024-10-31 13:08:00+00:00,CENX,17.760000228881836,17.760000228881836,17.760000228881836,17.760000228881836,17.760000228881836,140.0
2024-10-31 13:08:00+00:00,CNEY,0.4903999865055084,0.4903999865055084,0.4903999865055084,0.4903999865055084,0.4903999865055084,157.0
2024-10-31 13:08:00+00:00,CRKN,0.9490000009536743,0.9490000009536743,0.9490000009536743,0.9490000009536743,0.9490000009536743,0.0
2024-10-31 13:08:00+00:00,GEVO,2.375,2.375,2.380000114440918,2.369999885559082,2.369999885559082,21044.0
2024-10-31 13:08:00+00:00,GPRE,13.170000076293945,13.170000076293945,13.170000076293945,13.15429973602295,13.15429973602295,471.0
2024-10-31 13:08:00+00:00,HDSN,7.570000171661377,7.570000171661377,7.570000171661377,7.570000171661377,7.570000171661377,309.0
2024-10-31 13:08:00+00:00,IPX,22.200000762939453,22.200000762939453,22.200000762939453,22.200000762939453,22.200000762939453,2052.0
2024-10-31 13:08:00+00:00,KALU,75.09500122070312,75.09500122070312,75.09500122070312,74.98999786376953,74.98999786376953,655.0
2024-10-31 13:08:00+00:00,LITM,0.3856000006198883,0.3856000006198883,0.3856000006198883,0.3822000026702881,0.3856000006198883,10820.0
2024-10-31 13:08:00+00:00,LWLG,3.234999895095825,3.234999895095825,3.234999895095825,3.234999895095825,3.234999895095825,245.0
2024-10-31 13:08:00+00:00,MERC,6.519999980926514,6.519999980926514,6.53000020980835,6.519999980926514,6.53000020980835,366.0
2024-10-31 13:08:00+00:00,METC,10.149999618530273,10.149999618530273,10.149999618530273,10.130000114440918,10.130000114440918,2472.0
2024-10-31 13:08:00+00:00,PAAS,23.295000076293945,23.295000076293945,23.299999237060547,23.290000915527344,23.290000915527344,3305.0
2024-10-31 13:08:00+00:00,SGML,13.65999984741211,13.65999984741211,13.720000267028809,13.649999618530273,13.720000267028809,6164.0
2024-10-31 13:08:00+00:00,SSRM,6.125,6.125,6.130000114440918,6.119999885559082,6.130000114440918,15294.0
2024-10-31 13:08:00+00:00,STLD,132.27000427246094,132.27000427246094,132.3000030517578,132.27000427246094,132.27000427246094,1638.0
2024-10-31 13:08:00+00:00,TMC,0.9750999808311462,0.9750999808311462,0.9750999808311462,0.9750999808311462,0.9750999808311462,2684.0
2024-10-31 13:09:00+00:00,ASTL,10.335000038146973,10.335000038146973,10.335000038146973,10.335000038146973,10.335000038146973,200.0
2024-10-31 13:09:00+00:00,BCPC,168.52999877929688,168.52999877929688,168.52999877929688,168.52999877929688,168.52999877929688,356.0
2024-10-31 13:09:00+00:00,CENX,17.774999618530273,17.774999618530273,17.799999237060547,17.774999618530273,17.799999237060547,1153.0
2024-10-31 13:09:00+00:00,CNEY,0.5099999904632568,0.5099999904632568,0.5099999904632568,0.5099999904632568,0.5099999904632568,200.0
2024-10-31 13:09:00+00:00,GEVO,2.380000114440918,2.380000114440918,2.380000114440918,2.375,2.380000114440918,5565.0
2024-10-31 13:09:00+00:00,GPRE,13.180000305175781,13.180000305175781,13.180000305175781,13.170000076293945,13.170000076293945,1788.0
2024-10-31 13:09:00+00:00,GSM,4.175000190734863,4.175000190734863,4.179999828338623,4.175000190734863,4.179999828338623,839.0
2024-10-31 13:09:00+00:00,HDSN,7.590000152587891,7.590000152587891,7.590000152587891,7.579999923706055,7.579999923706055,2427.0
2024-10-31 13:09:00+00:00,LITM,0.382099986076355,0.382099986076355,0.3856000006198883,0.382099986076355,0.3822000026702881,15596.0
2024-10-31 13:09:00+00:00,LWLG,3.234999895095825,3.234999895095825,3.234999895095825,3.2300000190734863,3.234999895095825,1421.0
2024-10-31 13:09:00+00:00,METC,10.1850004196167,10.1850004196167,10.1850004196167,10.170000076293945,10.170000076293945,769.0
2024-10-31 13:09:00+00:00,ORGN,1.3901000022888184,1.3901000022888184,1.3949999809265137,1.3901000022888184,1.3949999809265137,556.0
2024-10-31 13:09:00+00:00,PAAS,23.290000915527344,23.290000915527344,23.295000076293945,23.290000915527344,23.295000076293945,3054.0
2024-10-31 13:09:00+00:00,PPTA,9.979999542236328,9.979999542236328,9.979999542236328,9.979999542236328,9.979999542236328,421.0
2024-10-31 13:09:00+00:00,RGLD,146.75,146.75,146.75,146.75,146.75,741.0
2024-10-31 13:09:00+00:00,SSRM,6.135000228881836,6.135000228881836,6.135000228881836,6.127099990844727,6.127099990844727,7065.0
2024-10-31 13:09:00+00:00,TMC,0.977400004863739,0.977400004863739,0.977400004863739,0.977400004863739,0.977400004863739,3181.0
2024-10-31 13:09:00+00:00,USAP,44.04999923706055,44.04999923706055,44.04999923706055,43.9900016784668,43.9900016784668,1669.0
2024-10-31 13:09:00+00:00,USLM,114.12999725341797,114.12999725341797,114.12999725341797,114.12999725341797,114.12999725341797,1290.0
2024-10-31 13:09:00+00:00,ZEUS,36.22919845581055,36.22919845581055,36.2599983215332,36.224998474121094,36.224998474121094,704.0
2024-10-31 13:10:00+00:00,ALTO,1.7599999904632568,1.7599999904632568,1.7599999904632568,1.7599999904632568,1.7599999904632568,503.0
2024-10-31 13:10:00+00:00,ASTL,10.335000038146973,10.335000038146973,10.335000038146973,10.335000038146973,10.335000038146973,474.0
2024-10-31 13:10:00+00:00,CRKN,0.9490000009536743,0.9490000009536743,0.9490000009536743,0.9490000009536743,0.9490000009536743,1554.0
2024-10-31 13:10:00+00:00,GEVO,2.3828001022338867,2.3828001022338867,2.3828001022338867,2.3701000213623047,2.3701000213623047,13862.0
2024-10-31 13:10:00+00:00,GSM,4.179999828338623,4.179999828338623,4.179999828338623,4.179999828338623,4.179999828338623,4166.0
2024-10-31 13:10:00+00:00,IPX,22.200000762939453,22.200000762939453,22.200000762939453,22.200000762939453,22.200000762939453,0.0
2024-10-31 13:10:00+00:00,KALU,75.27999877929688,75.27999877929688,75.27999877929688,75.2699966430664,75.2699966430664,1297.0
2024-10-31 13:10:00+00:00,MEOH,38.970001220703125,38.970001220703125,38.970001220703125,38.959999084472656,38.959999084472656,757.0
2024-10-31 13:10:00+00:00,MERC,6.53000020980835,6.53000020980835,6.53000020980835,6.519999980926514,6.519999980926514,2789.0
2024-10-31 13:10:00+00:00,ORGN,1.3949999809265137,1.3949999809265137,1.3949999809265137,1.3949999809265137,1.3949999809265137,142.0
2024-10-31 13:10:00+00:00,PAAS,23.309999465942383,23.309999465942383,23.315000534057617,23.290000915527344,23.290000915527344,5054.0
2024-10-31 13:10:00+00:00,PLL,12.970000267028809,12.970000267028809,12.970000267028809,12.960000038146973,12.960000038146973,467.0
2024-10-31 13:10:00+00:00,PPTA,9.979999542236328,9.979999542236328,9.979999542236328,9.979999542236328,9.979999542236328,600.0
2024-10-31 13:10:00+00:00,SGML,13.675000190734863,13.675000190734863,13.675000190734863,13.675000190734863,13.675000190734863,300.0
2024-10-31 13:10:00+00:00,SSRM,6.139999866485596,6.139999866485596,6.144999980926514,6.130000114440918,6.139999866485596,6835.0
2024-10-31 13:10:00+00:00,STLD,132.30999755859375,132.30999755859375,132.33900451660156,132.30999755859375,132.33900451660156,467.0
2024-10-31 13:10:00+00:00,ZEUS,36.255001068115234,36.255001068115234,36.255001068115234,36.255001068115234,36.255001068115234,371.0
2024-10-31 13:11:00+00:00,ASTL,10.3100004196167,10.3100004196167,10.319999694824219,10.3100004196167,10.319999694824219,3613.0
2024-10-31 13:11:00+00:00,BIOX,6.769999980926514,6.769999980926514,6.769999980926514,6.769999980926514,6.769999980926514,153.0
2024-10-31 13:11:00+00:00,GEVO,2.384999990463257,2.384999990463257,2.3884999752044678,2.384999990463257,2.384999990463257,2400.0
2024-10-31 13:11:00+00:00,GURE,0.6470000147819519,0.6470000147819519,0.6470000147819519,0.6470000147819519,0.6470000147819519,114.0
2024-10-31 13:11:00+00:00,HDSN,7.610000133514404,7.610000133514404,7.610000133514404,7.610000133514404,7.610000133514404,226.0
2024-10-31 13:11:00+00:00,IONR,7.84499979019165,7.84499979019165,7.84499979019165,7.84499979019165,7.84499979019165,304.0
2024-10-31 13:11:00+00:00,IPX,21.9950008392334,21.9950008392334,21.9950008392334,21.9950008392334,21.9950008392334,113.0
2024-10-31 13:11:00+00:00,LWLG,3.2300000190734863,3.2300000190734863,3.2300000190734863,3.2300000190734863,3.2300000190734863,823.0
2024-10-31 13:11:00+00:00,ORGN,1.399999976158142,1.399999976158142,1.399999976158142,1.3949999809265137,1.3949999809265137,717.0
2024-10-31 13:11:00+00:00,PAAS,23.309999465942383,23.309999465942383,23.309999465942383,23.299999237060547,23.309999465942383,1371.0
2024-10-31 13:11:00+00:00,PLL,13.079999923706055,13.079999923706055,13.079999923706055,12.989999771118164,12.989999771118164,17648.0
2024-10-31 13:11:00+00:00,SGML,13.649999618530273,13.649999618530273,13.649999618530273,13.649999618530273,13.649999618530273,517.0
2024-10-31 13:11:00+00:00,SSRM,6.148200035095215,6.148200035095215,6.148200035095215,6.144999980926514,6.144999980926514,882.0
2024-10-31 13:11:00+00:00,STLD,132.30999755859375,132.30999755859375,132.30999755859375,132.2899932861328,132.2899932861328,344.0
2024-10-31 13:11:00+00:00,USLM,114.44999694824219,114.44999694824219,114.44999694824219,114.44999694824219,114.44999694824219,1187.0
2024-10-31 13:12:00+00:00,CENX,17.774999618530273,17.774999618530273,17.774999618530273,17.774999618530273,17.774999618530273,552.0
2024-10-31 13:12:00+00:00,CNEY,0.5099999904632568,0.5099999904632568,0.5099999904632568,0.5099999904632568,0.5099999904632568,100.0
2024-10-31 13:12:00+00:00,CRKN,0.9434999823570251,0.9434999823570251,0.9490000009536743,0.9434999823570251,0.9490000009536743,3259.0
2024-10-31 13:12:00+00:00,GPRE,13.1850004196167,13.1850004196167,13.1850004196167,13.1850004196167,13.1850004196167,433.0
2024-10-31 13:12:00+00:00,MEOH,38.970001220703125,38.970001220703125,38.970001220703125,38.970001220703125,38.970001220703125,150.0
2024-10-31 13:12:00+00:00,MERC,6.534999847412109,6.534999847412109,6.534999847412109,6.534999847412109,6.534999847412109,666.0
2024-10-31 13:12:00+00:00,METC,10.21500015258789,10.21500015258789,10.21500015258789,10.1899995803833,10.199999809265137,913.0
2024-10-31 13:12:00+00:00,PAAS,23.290000915527344,23.290000915527344,23.299999237060547,23.28499984741211,23.299999237060547,4904.0
2024-10-31 13:12:00+00:00,PLL,13.039999961853027,13.039999961853027,13.0600004196167,13.039999961853027,13.04319953918457,3272.0
2024-10-31 13:12:00+00:00,PPTA,9.98449993133545,9.98449993133545,9.989999771118164,9.984399795532227,9.989999771118164,1199.0
2024-10-31 13:12:00+00:00,RGLD,146.8227996826172,146.8227996826172,146.8227996826172,146.8227996826172,146.8227996826172,1399.0
2024-10-31 13:12:00+00:00,SGML,13.649999618530273,13.649999618530273,13.649999618530273,13.649999618530273,13.649999618530273,109.0
2024-10-31 13:12:00+00:00,STLD,132.1999969482422,132.1999969482422,132.22000122070312,132.1999969482422,132.22000122070312,1630.0
2024-10-31 13:12:00+00:00,UFPI,123.88999938964844,123.88999938964844,123.88999938964844,123.88999938964844,123.88999938964844,410.0
2024-10-31 13:12:00+00:00,USAP,44.0099983215332,44.0099983215332,44.0099983215332,44.0099983215332,44.0099983215332,722.0
2024-10-31 13:13:00+00:00,CRKN,0.9372000098228455,0.9372000098228455,0.9434000253677368,0.9370999932289124,0.9434000253677368,2921.0
2024-10-31 13:13:00+00:00,GEVO,2.3808999061584473,2.3808999061584473,2.3879001140594482,2.3801000118255615,2.38100004196167,22556.0
2024-10-31 13:13:00+00:00,GPRE,13.164999961853027,13.164999961853027,13.1850004196167,13.164999961853027,13.1850004196167,2012.0
2024-10-31 13:13:00+00:00,HDSN,7.590000152587891,7.590000152587891,7.610000133514404,7.590000152587891,7.609899997711182,5297.0
2024-10-31 13:13:00+00:00,IPX,22.15999984741211,22.15999984741211,22.15999984741211,22.15999984741211,22.15999984741211,203.0
2024-10-31 13:13:00+00:00,LWLG,3.234999895095825,3.234999895095825,3.234999895095825,3.234999895095825,3.234999895095825,1101.0
2024-10-31 13:13:00+00:00,METC,10.220000267028809,10.220000267028809,10.220000267028809,10.220000267028809,10.220000267028809,411.0
2024-10-31 13:13:00+00:00,ORGN,1.3949999809265137,1.3949999809265137,1.3949999809265137,1.3949999809265137,1.3949999809265137,244.0
2024-10-31 13:13:00+00:00,PAAS,23.295000076293945,23.295000076293945,23.295000076293945,23.280000686645508,23.280099868774414,2084.0
2024-10-31 13:13:00+00:00,SMID,34.279998779296875,34.279998779296875,34.279998779296875,34.279998779296875,34.279998779296875,390.0
2024-10-31 13:13:00+00:00,SSRM,6.140900135040283,6.140900135040283,6.140900135040283,6.140900135040283,6.140900135040283,714.0
2024-10-31 13:13:00+00:00,STLD,132.17999267578125,132.17999267578125,132.1999969482422,132.17999267578125,132.1999969482422,509.0
2024-10-31 13:14:00+00:00,CENX,17.770000457763672,17.770000457763672,17.780000686645508,17.768800735473633,17.780000686645508,751.0
2024-10-31 13:14:00+00:00,CNEY,0.5099999904632568,0.5099999904632568,0.5099999904632568,0.5099999904632568,0.5099999904632568,100.0
2024-10-31 13:14:00+00:00,CRKN,0.9361000061035156,0.9361000061035156,0.9361000061035156,0.9351000189781189,0.9351000189781189,1756.0
2024-10-31 13:14:00+00:00,GEVO,2.384999990463257,2.384999990463257,2.384999990463257,2.380000114440918,2.384999990463257,5312.0
2024-10-31 13:14:00+00:00,GPRE,13.154999732971191,13.154999732971191,13.170000076293945,13.149999618530273,13.149999618530273,2064.0
2024-10-31 13:14:00+00:00,GSM,4.190000057220459,4.190000057220459,4.190000057220459,4.190000057220459,4.190000057220459,1187.0
2024-10-31 13:14:00+00:00,HDSN,7.59499979019165,7.59499979019165,7.59499979019165,7.59499979019165,7.59499979019165,150.0
2024-10-31 13:14:00+00:00,LITM,0.3822999894618988,0.3822999894618988,0.3822999894618988,0.38199999928474426,0.38199999928474426,1409.0
2024-10-31 13:14:00+00:00,LWLG,3.2200000286102295,3.2200000286102295,3.2300000190734863,3.2200000286102295,3.2300000190734863,2555.0
2024-10-31 13:14:00+00:00,PAAS,23.290000915527344,23.290000915527344,23.309999465942383,23.290000915527344,23.299999237060547,2491.0
2024-10-31 13:14:00+00:00,SGML,13.663599967956543,13.663599967956543,13.663599967956543,13.663599967956543,13.663599967956543,318.0
2024-10-31 13:14:00+00:00,SSRM,6.139999866485596,6.139999866485596,6.139999866485596,6.139999866485596,6.139999866485596,1344.0
2024-10-31 13:14:00+00:00,STLD,132.1999969482422,132.1999969482422,132.1999969482422,132.1999969482422,132.1999969482422,493.0
2024-10-31 13:14:00+00:00,UFPI,123.83000183105469,123.83000183105469,123.83000183105469,123.83000183105469,123.83000183105469,618.0
2024-10-31 13:14:00+00:00,USAP,44.0099983215332,44.0099983215332,44.0099983215332,43.99399948120117,43.99399948120117,431.0
2024-10-31 13:15:00+00:00,ALTO,1.7599999904632568,1.7599999904632568,1.7599999904632568,1.7599999904632568,1.7599999904632568,300.0
2024-10-31 13:15:00+00:00,AREC,0.9901000261306763,0.9901000261306763,0.9901000261306763,0.9901000261306763,0.9901000261306763,500.0
2024-10-31 13:15:00+00:00,BIOX,6.7779998779296875,6.7779998779296875,6.7779998779296875,6.7779998779296875,6.7779998779296875,141.0
2024-10-31 13:15:00+00:00,CRKN,0.932200014591217,0.932200014591217,0.932200014591217,0.932200014591217,0.932200014591217,1921.0
2024-10-31 13:15:00+00:00,FEAM,0.4699999988079071,0.4699999988079071,0.4699999988079071,0.4699999988079071,0.4699999988079071,810.0
2024-10-31 13:15:00+00:00,GEVO,2.380000114440918,2.380000114440918,2.390000104904175,2.380000114440918,2.390000104904175,16267.0
2024-10-31 13:15:00+00:00,GPRE,13.154999732971191,13.154999732971191,13.154999732971191,13.154999732971191,13.154999732971191,333.0
2024-10-31 13:15:00+00:00,GURE,0.6650000214576721,0.6650000214576721,0.6668000221252441,0.6650000214576721,0.6668000221252441,718.0
2024-10-31 13:15:00+00:00,HDSN,7.59499979019165,7.59499979019165,7.59499979019165,7.59499979019165,7.59499979019165,320.0
2024-10-31 13:15:00+00:00,LITM,0.38199999928474426,0.38199999928474426,0.3824999928474426,0.38199999928474426,0.3824999928474426,525.0
2024-10-31 13:15:00+00:00,LWLG,3.2249999046325684,3.2249999046325684,3.2249999046325684,3.2249999046325684,3.2249999046325684,27.0
2024-10-31 13:15:00+00:00,METC,10.234999656677246,10.234999656677246,10.239999771118164,10.199999809265137,10.199999809265137,1550.0
2024-10-31 13:15:00+00:00,ORGN,1.3949999809265137,1.3949999809265137,1.3949999809265137,1.3949999809265137,1.3949999809265137,300.0
2024-10-31 13:15:00+00:00,PAAS,23.29990005493164,23.29990005493164,23.29990005493164,23.280099868774414,23.280099868774414,13237.0
2024-10-31 13:15:00+00:00,PLL,13.020000457763672,13.020000457763672,13.020000457763672,13.020000457763672,13.020000457763672,110.0
2024-10-31 13:15:00+00:00,RKDA,4.230000019073486,4.230000019073486,4.230000019073486,4.230000019073486,4.230000019073486,200.0
2024-10-31 13:15:00+00:00,STLD,132.1956024169922,132.1956024169922,132.1956024169922,132.1956024169922,132.1956024169922,583.0
2024-10-31 13:15:00+00:00,ZEUS,36.32740020751953,36.32740020751953,36.32740020751953,36.32740020751953,36.32740020751953,592.0
2024-10-31 13:16:00+00:00,ASTL,10.300000190734863,10.300000190734863,10.3100004196167,10.300000190734863,10.3100004196167,894.0
2024-10-31 13:16:00+00:00,BCPC,168.5500030517578,168.5500030517578,168.5500030517578,168.5500030517578,168.5500030517578,551.0
2024-10-31 13:16:00+00:00,CENX,17.729999542236328,17.729999542236328,17.75,17.729999542236328,17.75,2819.0
2024-10-31 13:16:00+00:00,CNEY,0.5099999904632568,0.5099999904632568,0.5099999904632568,0.5099999904632568,0.5099999904632568,100.0
2024-10-31 13:16:00+00:00,CRKN,0.932200014591217,0.932200014591217,0.932200014591217,0.932200014591217,0.932200014591217,0.0
2024-10-31 13:16:00+00:00,GEVO,2.384999990463257,2.384999990463257,2.3889000415802,2.384999990463257,2.3889000415802,1510.0
2024-10-31 13:16:00+00:00,HWKN,113.26000213623047,113.26000213623047,113.26000213623047,112.31999969482422,112.31999969482422,1876.0
2024-10-31 13:16:00+00:00,LWLG,3.2200000286102295,3.2200000286102295,3.2200000286102295,3.2200000286102295,3.2200000286102295,200.0
2024-10-31 13:16:00+00:00,MEOH,38.939998626708984,38.939998626708984,38.95000076293945,38.939998626708984,38.95000076293945,500.0
2024-10-31 13:16:00+00:00,ORGN,1.3949999809265137,1.3949999809265137,1.3949999809265137,1.3949999809265137,1.3949999809265137,515.0
2024-10-31 13:16:00+00:00,PAAS,23.28499984741211,23.28499984741211,23.299999237060547,23.28499984741211,23.299999237060547,2913.0
2024-10-31 13:16:00+00:00,PPTA,9.989999771118164,9.989999771118164,9.989999771118164,9.989999771118164,9.989999771118164,300.0
2024-10-31 13:16:00+00:00,RGLD,146.55999755859375,146.55999755859375,146.66000366210938,146.55999755859375,146.66000366210938,1749.0
2024-10-31 13:16:00+00:00,SGML,13.649999618530273,13.649999618530273,13.65999984741211,13.649999618530273,13.65999984741211,649.0
2024-10-31 13:16:00+00:00,STLD,132.17999267578125,132.17999267578125,132.17999267578125,132.1699981689453,132.1699981689453,3221.0
2024-10-31 13:16:00+00:00,UFPI,123.6500015258789,123.6500015258789,123.6500015258789,123.6500015258789,123.6500015258789,1590.0
2024-10-31 13:17:00+00:00,ALTO,1.7599999904632568,1.7599999904632568,1.7599999904632568,1.7599999904632568,1.7599999904632568,100.0
2024-10-31 13:17:00+00:00,BIOX,6.769999980926514,6.769999980926514,6.769999980926514,6.769999980926514,6.769999980926514,400.0
2024-10-31 13:17:00+00:00,CENX,17.729999542236328,17.729999542236328,17.729999542236328,17.729999542236328,17.729999542236328,616.0
2024-10-31 13:17:00+00:00,GEVO,2.384999990463257,2.384999990463257,2.389699935913086,2.384999990463257,2.389699935913086,512.0
2024-10-31 13:17:00+00:00,GPRE,13.154999732971191,13.154999732971191,13.154999732971191,13.154999732971191,13.154999732971191,522.0
2024-10-31 13:17:00+00:00,GSM,4.181000232696533,4.181000232696533,4.181000232696533,4.181000232696533,4.181000232696533,5138.0
2024-10-31 13:17:00+00:00,HDSN,7.590000152587891,7.590000152587891,7.590000152587891,7.590000152587891,7.590000152587891,942.0
2024-10-31 13:17:00+00:00,KALU,75.29000091552734,75.29000091552734,75.29000091552734,75.29000091552734,75.29000091552734,106.0
2024-10-31 13:17:00+00:00,LWLG,3.2200000286102295,3.2200000286102295,3.2200000286102295,3.2200000286102295,3.2200000286102295,817.0
2024-10-31 13:17:00+00:00,METC,10.1899995803833,10.1899995803833,10.229999542236328,10.1899995803833,10.229999542236328,3832.0
2024-10-31 13:17:00+00:00,ORGN,1.398800015449524,1.398800015449524,1.398800015449524,1.3949999809265137,1.3949999809265137,557.0
2024-10-31 13:17:00+00:00,PAAS,23.299999237060547,23.299999237060547,23.299999237060547,23.28499984741211,23.28499984741211,5979.0
2024-10-31 13:17:00+00:00,PLL,13.0600004196167,13.0600004196167,13.069999694824219,13.0600004196167,13.069999694824219,1585.0
2024-10-31 13:17:00+00:00,PPTA,10.010000228881836,10.010000228881836,10.010000228881836,9.989999771118164,9.989999771118164,1215.0
2024-10-31 13:17:00+00:00,RGLD,146.58999633789062,146.58999633789062,146.58999633789062,146.5637969970703,146.5637969970703,2389.0
2024-10-31 13:17:00+00:00,RKDA,4.200699806213379,4.200699806213379,4.200699806213379,4.200699806213379,4.200699806213379,331.0
2024-10-31 13:17:00+00:00,SSRM,6.139999866485596,6.139999866485596,6.139999866485596,6.139999866485596,6.139999866485596,321.0
2024-10-31 13:17:00+00:00,STLD,132.1750030517578,132.1750030517578,132.1750030517578,132.16000366210938,132.1699981689453,1828.0
2024-10-31 13:18:00+00:00,ALTO,1.784999966621399,1.784999966621399,1.784999966621399,1.7649999856948853,1.7699999809265137,23515.0
2024-10-31 13:18:00+00:00,BIOX,6.769999980926514,6.769999980926514,6.769999980926514,6.769999980926514,6.769999980926514,28.0
2024-10-31 13:18:00+00:00,CENX,17.75,17.75,17.75,17.739999771118164,17.739999771118164,1106.0
2024-10-31 13:18:00+00:00,CNEY,0.5099999904632568,0.5099999904632568,0.5099999904632568,0.5099999904632568,0.5099999904632568,100.0
2024-10-31 13:18:00+00:00,CRKN,0.932200014591217,0.932200014591217,0.932200014591217,0.932200014591217,0.932200014591217,404.0
2024-10-31 13:18:00+00:00,GEVO,2.384999990463257,2.384999990463257,2.3889999389648438,2.384999990463257,2.384999990463257,1656.0
2024-10-31 13:18:00+00:00,GURE,0.6700000166893005,0.6700000166893005,0.6700000166893005,0.6628999710083008,0.6650000214576721,9005.0
2024-10-31 13:18:00+00:00,KALU,75.37999725341797,75.37999725341797,75.37999725341797,75.37999725341797,75.37999725341797,754.0
2024-10-31 13:18:00+00:00,MEOH,38.97999954223633,38.97999954223633,38.97999954223633,38.95500183105469,38.95500183105469,1950.0
2024-10-31 13:18:00+00:00,MERC,6.534999847412109,6.534999847412109,6.534999847412109,6.534999847412109,6.534999847412109,236.0
2024-10-31 13:18:00+00:00,METC,10.170000076293945,10.170000076293945,10.170000076293945,10.170000076293945,10.170000076293945,666.0
2024-10-31 13:18:00+00:00,ORGN,1.3949999809265137,1.3949999809265137,1.3949999809265137,1.3949999809265137,1.3949999809265137,253.0
2024-10-31 13:18:00+00:00,PAAS,23.31999969482422,23.31999969482422,23.31999969482422,23.28499984741211,23.299999237060547,7767.0
2024-10-31 13:18:00+00:00,PLL,13.069999694824219,13.069999694824219,13.069999694824219,13.069999694824219,13.069999694824219,341.0
2024-10-31 13:18:00+00:00,RGLD,146.66000366210938,146.66000366210938,146.66000366210938,146.55059814453125,146.55059814453125,1655.0
2024-10-31 13:18:00+00:00,SSRM,6.139999866485596,6.139999866485596,6.139999866485596,6.139999866485596,6.139999866485596,522.0
2024-10-31 13:19:00+00:00,ALTO,1.791100025177002,1.791100025177002,1.7999999523162842,1.784999966621399,1.784999966621399,12413.0
2024-10-31 13:19:00+00:00,GEVO,2.380000114440918,2.380000114440918,2.380000114440918,2.380000114440918,2.380000114440918,0.0
2024-10-31 13:19:00+00:00,GPRE,13.15999984741211,13.15999984741211,13.170000076293945,13.149999618530273,13.15999984741211,3831.0
2024-10-31 13:19:00+00:00,GURE,0.6658999919891357,0.6658999919891357,0.6700000166893005,0.6658999919891357,0.6700000166893005,5101.0
2024-10-31 13:19:00+00:00,HYMC,2.4263999462127686,2.4263999462127686,2.4263999462127686,2.4263999462127686,2.4263999462127686,542.0
2024-10-31 13:19:00+00:00,LITM,0.3822999894618988,0.3822999894618988,0.3822999894618988,0.3822999894618988,0.3822999894618988,76.0
2024-10-31 13:19:00+00:00,MERC,6.514999866485596,6.514999866485596,6.535600185394287,6.514999866485596,6.535600185394287,5588.0
2024-10-31 13:19:00+00:00,METC,10.1899995803833,10.1899995803833,10.1899995803833,10.1899995803833,10.1899995803833,160.0
2024-10-31 13:19:00+00:00,PAAS,23.290000915527344,23.290000915527344,23.31999969482422,23.290000915527344,23.315000534057617,2193.0
2024-10-31 13:19:00+00:00,PLL,13.09000015258789,13.09000015258789,13.109000205993652,13.09000015258789,13.109000205993652,2288.0
2024-10-31 13:19:00+00:00,SGML,13.65999984741211,13.65999984741211,13.65999984741211,13.649999618530273,13.65999984741211,902.0
2024-10-31 13:19:00+00:00,SSRM,6.144999980926514,6.144999980926514,6.144999980926514,6.144999980926514,6.144999980926514,166.0
2024-10-31 13:19:00+00:00,STLD,132.1750030517578,132.1750030517578,132.1750030517578,132.1750030517578,132.1750030517578,284.0
2024-10-31 13:19:00+00:00,USLM,114.0199966430664,114.0199966430664,114.0199966430664,114.01000213623047,114.01000213623047,536.0
2024-10-31 13:20:00+00:00,ALTO,1.784999966621399,1.784999966621399,1.784999966621399,1.784999966621399,1.784999966621399,300.0
2024-10-31 13:20:00+00:00,CNEY,0.5098999738693237,0.5098999738693237,0.5098999738693237,0.5098999738693237,0.5098999738693237,100.0
2024-10-31 13:20:00+00:00,CRKN,0.9320999979972839,0.9320999979972839,0.9320999979972839,0.9320999979972839,0.9320999979972839,6905.0
2024-10-31 13:20:00+00:00,GEVO,2.384999990463257,2.384999990463257,2.390000104904175,2.384999990463257,2.390000104904175,1235.0
2024-10-31 13:20:00+00:00,GPRE,13.180000305175781,13.180000305175781,13.1899995803833,13.15999984741211,13.15999984741211,4249.0
2024-10-31 13:20:00+00:00,GSM,4.184999942779541,4.184999942779541,4.184999942779541,4.184999942779541,4.184999942779541,541.0
2024-10-31 13:20:00+00:00,HDSN,7.579899787902832,7.579899787902832,7.590000152587891,7.574999809265137,7.574999809265137,5187.0
2024-10-31 13:20:00+00:00,IPX,22.020000457763672,22.020000457763672,22.020000457763672,22.020000457763672,22.020000457763672,345.0
2024-10-31 13:20:00+00:00,MERC,6.519999980926514,6.519999980926514,6.519999980926514,6.519999980926514,6.519999980926514,2355.0
2024-10-31 13:20:00+00:00,METC,10.1899995803833,10.1899995803833,10.1899995803833,10.1899995803833,10.1899995803833,437.0
2024-10-31 13:20:00+00:00,PAAS,23.290000915527344,23.290000915527344,23.290000915527344,23.28499984741211,23.290000915527344,2211.0
2024-10-31 13:20:00+00:00,PLL,13.145000457763672,13.145000457763672,13.1899995803833,13.140000343322754,13.140000343322754,3129.0
2024-10-31 13:20:00+00:00,SSRM,6.150000095367432,6.150000095367432,6.150000095367432,6.144999980926514,6.148799896240234,1437.0
2024-10-31 13:20:00+00:00,STLD,132.1199951171875,132.1199951171875,132.1199951171875,132.1199951171875,132.1199951171875,893.0
2024-10-31 13:20:00+00:00,ZEUS,36.31990051269531,36.31990051269531,36.31990051269531,36.31990051269531,36.31990051269531,732.0
2024-10-31 13:21:00+00:00,ALTO,1.784999966621399,1.784999966621399,1.7860000133514404,1.784999966621399,1.7860000133514404,602.0
2024-10-31 13:21:00+00:00,AREC,0.9900000095367432,0.9900000095367432,0.9900000095367432,0.9900000095367432,0.9900000095367432,5154.0
2024-10-31 13:21:00+00:00,ASTL,10.305000305175781,10.305000305175781,10.305000305175781,10.305000305175781,10.305000305175781,310.0
2024-10-31 13:21:00+00:00,CENX,17.739999771118164,17.739999771118164,17.75,17.739999771118164,17.75,3002.0
2024-10-31 13:21:00+00:00,GEVO,2.384999990463257,2.384999990463257,2.38919997215271,2.380000114440918,2.384999990463257,4913.0
2024-10-31 13:21:00+00:00,GPRE,13.180000305175781,13.180000305175781,13.180000305175781,13.180000305175781,13.180000305175781,2707.0
2024-10-31 13:21:00+00:00,LGO,2.490000009536743,2.490000009536743,2.490000009536743,2.490000009536743,2.490000009536743,2600.0
2024-10-31 13:21:00+00:00,LITM,0.38440001010894775,0.38440001010894775,0.38440001010894775,0.38440001010894775,0.38440001010894775,400.0
2024-10-31 13:21:00+00:00,MERC,6.519999980926514,6.519999980926514,6.519999980926514,6.519999980926514,6.519999980926514,187.0
2024-10-31 13:21:00+00:00,METC,10.180000305175781,10.180000305175781,10.180000305175781,10.180000305175781,10.180000305175781,503.0
2024-10-31 13:21:00+00:00,ORGN,1.3949999809265137,1.3949999809265137,1.3949999809265137,1.3949999809265137,1.3949999809265137,429.0
2024-10-31 13:21:00+00:00,PAAS,23.295000076293945,23.295000076293945,23.298200607299805,23.28499984741211,23.290000915527344,1504.0
2024-10-31 13:21:00+00:00,PLL,13.130000114440918,13.130000114440918,13.140000343322754,13.130000114440918,13.140000343322754,0.0
2024-10-31 13:21:00+00:00,SGML,13.65999984741211,13.65999984741211,13.65999984741211,13.65999984741211,13.65999984741211,409.0
2024-10-31 13:21:00+00:00,SSRM,6.139999866485596,6.139999866485596,6.150000095367432,6.139999866485596,6.150000095367432,517.0
2024-10-31 13:21:00+00:00,STLD,132.1300048828125,132.1300048828125,132.1300048828125,132.1300048828125,132.1300048828125,572.0
2024-10-31 13:22:00+00:00,ALTO,1.784999966621399,1.784999966621399,1.784999966621399,1.784999966621399,1.784999966621399,125.0
2024-10-31 13:22:00+00:00,ASTL,10.305000305175781,10.305000305175781,10.305000305175781,10.305000305175781,10.305000305175781,340.0
2024-10-31 13:22:00+00:00,CNEY,0.5098999738693237,0.5098999738693237,0.5098999738693237,0.5098999738693237,0.5098999738693237,100.0
2024-10-31 13:22:00+00:00,GEVO,2.380000114440918,2.380000114440918,2.380000114440918,2.380000114440918,2.380000114440918,397.0
2024-10-31 13:22:00+00:00,GPRE,13.229999542236328,13.229999542236328,13.229999542236328,13.184800148010254,13.1899995803833,2159.0
2024-10-31 13:22:00+00:00,GSM,4.175000190734863,4.175000190734863,4.184999942779541,4.175000190734863,4.184999942779541,13949.0
2024-10-31 13:22:00+00:00,GURE,0.6657999753952026,0.6657999753952026,0.6658999919891357,0.6657999753952026,0.6658999919891357,2109.0
2024-10-31 13:22:00+00:00,HDSN,7.579999923706055,7.579999923706055,7.585000038146973,7.579999923706055,7.585000038146973,1089.0
2024-10-31 13:22:00+00:00,HWKN,113.1500015258789,113.1500015258789,113.1500015258789,113.1500015258789,113.1500015258789,2391.0
2024-10-31 13:22:00+00:00,LITM,0.38440001010894775,0.38440001010894775,0.38440001010894775,0.38440001010894775,0.38440001010894775,4800.0
2024-10-31 13:22:00+00:00,LWLG,3.2249999046325684,3.2249999046325684,3.2249999046325684,3.2249999046325684,3.2249999046325684,905.0
2024-10-31 13:22:00+00:00,MEOH,39.03089904785156,39.03089904785156,39.03089904785156,39.03089904785156,39.03089904785156,637.0
2024-10-31 13:22:00+00:00,PAAS,23.290000915527344,23.290000915527344,23.299999237060547,23.28499984741211,23.299999237060547,3432.0
2024-10-31 13:22:00+00:00,SSRM,6.150000095367432,6.150000095367432,6.150000095367432,6.150000095367432,6.150000095367432,359.0
2024-10-31 13:22:00+00:00,TMC,0.9779000282287598,0.9779000282287598,0.9779000282287598,0.9779000282287598,0.9779000282287598,3200.0
2024-10-31 13:23:00+00:00,GEVO,2.3884999752044678,2.3884999752044678,2.3884999752044678,2.384999990463257,2.384999990463257,836.0
2024-10-31 13:23:00+00:00,GPRE,13.234999656677246,13.234999656677246,13.234999656677246,13.229999542236328,13.229999542236328,567.0
2024-10-31 13:23:00+00:00,HDSN,7.5879998207092285,7.5879998207092285,7.5879998207092285,7.5879998207092285,7.5879998207092285,608.0
2024-10-31 13:23:00+00:00,LITM,0.38440001010894775,0.38440001010894775,0.38440001010894775,0.38440001010894775,0.38440001010894775,0.0
2024-10-31 13:23:00+00:00,MERC,6.53000020980835,6.53000020980835,6.53000020980835,6.53000020980835,6.53000020980835,1786.0
2024-10-31 13:23:00+00:00,METC,10.1899995803833,10.1899995803833,10.194999694824219,10.1899995803833,10.1899995803833,792.0
2024-10-31 13:23:00+00:00,ORGN,1.3949999809265137,1.3949999809265137,1.3949999809265137,1.3949999809265137,1.3949999809265137,200.0
2024-10-31 13:23:00+00:00,PAAS,23.290000915527344,23.290000915527344,23.290000915527344,23.290000915527344,23.290000915527344,1924.0
2024-10-31 13:23:00+00:00,PLL,13.15999984741211,13.15999984741211,13.15999984741211,13.15999984741211,13.15999984741211,688.0
2024-10-31 13:23:00+00:00,RGLD,146.52999877929688,146.52999877929688,146.52999877929688,146.52999877929688,146.52999877929688,870.0
2024-10-31 13:23:00+00:00,SGML,13.65999984741211,13.65999984741211,13.670000076293945,13.65999984741211,13.670000076293945,267.0
2024-10-31 13:23:00+00:00,SSRM,6.150000095367432,6.150000095367432,6.150000095367432,6.150000095367432,6.150000095367432,331.0
2024-10-31 13:23:00+00:00,STLD,132.10000610351562,132.10000610351562,132.11000061035156,132.10000610351562,132.10000610351562,420.0
2024-10-31 13:24:00+00:00,ASTL,10.300000190734863,10.300000190734863,10.300000190734863,10.300000190734863,10.300000190734863,929.0
2024-10-31 13:24:00+00:00,CENX,17.739999771118164,17.739999771118164,17.739999771118164,17.739999771118164,17.739999771118164,273.0
2024-10-31 13:24:00+00:00,CNEY,0.5098999738693237,0.5098999738693237,0.5098999738693237,0.5098999738693237,0.5098999738693237,100.0
2024-10-31 13:24:00+00:00,CRKN,0.932200014591217,0.932200014591217,0.932200014591217,0.932200014591217,0.932200014591217,201.0
2024-10-31 13:24:00+00:00,GEVO,2.384999990463257,2.384999990463257,2.390000104904175,2.384999990463257,2.384999990463257,4826.0
2024-10-31 13:24:00+00:00,GSM,4.175000190734863,4.175000190734863,4.175000190734863,4.170000076293945,4.170000076293945,1295.0
2024-10-31 13:24:00+00:00,HDSN,7.585000038146973,7.585000038146973,7.585000038146973,7.585000038146973,7.585000038146973,215.0
2024-10-31 13:24:00+00:00,HUDI,2.0199999809265137,2.0199999809265137,2.030600070953369,2.0199999809265137,2.030600070953369,11528.0
2024-10-31 13:24:00+00:00,IPX,22.190000534057617,22.190000534057617,22.190000534057617,22.190000534057617,22.190000534057617,1070.0
2024-10-31 13:24:00+00:00,LGO,2.4749999046325684,2.4749999046325684,2.4749999046325684,2.4749999046325684,2.4749999046325684,0.0
2024-10-31 13:24:00+00:00,METC,10.180000305175781,10.180000305175781,10.180000305175781,10.180000305175781,10.180000305175781,1459.0
2024-10-31 13:24:00+00:00,PAAS,23.290000915527344,23.290000915527344,23.309999465942383,23.28499984741211,23.299999237060547,5397.0
2024-10-31 13:24:00+00:00,PLL,13.170000076293945,13.170000076293945,13.170000076293945,13.170000076293945,13.170000076293945,1273.0
2024-10-31 13:24:00+00:00,RGLD,146.42999267578125,146.42999267578125,146.42999267578125,146.42999267578125,146.42999267578125,1271.0
2024-10-31 13:24:00+00:00,SEED,2.5399999618530273,2.5399999618530273,2.5399999618530273,2.5399999618530273,2.5399999618530273,225.0
2024-10-31 13:24:00+00:00,SGML,13.65999984741211,13.65999984741211,13.65999984741211,13.65999984741211,13.65999984741211,702.0
2024-10-31 13:24:00+00:00,SSRM,6.144999980926514,6.144999980926514,6.150000095367432,6.144999980926514,6.150000095367432,2010.0
2024-10-31 13:24:00+00:00,STLD,132.1199951171875,132.1199951171875,132.1199951171875,132.1199951171875,132.1199951171875,658.0
2024-10-31 13:24:00+00:00,USLM,114.29000091552734,114.29000091552734,114.29000091552734,114.29000091552734,114.29000091552734,290.0
2024-10-31 13:25:00+00:00,ALTO,1.7799999713897705,1.7799999713897705,1.784999966621399,1.7799999713897705,1.7799999713897705,12377.0
2024-10-31 13:25:00+00:00,CENX,17.725000381469727,17.725000381469727,17.725000381469727,17.725000381469727,17.725000381469727,223.0
2024-10-31 13:25:00+00:00,GEVO,2.384999990463257,2.384999990463257,2.384999990463257,2.384999990463257,2.384999990463257,952.0
2024-10-31 13:25:00+00:00,GPRE,13.229999542236328,13.229999542236328,13.229999542236328,13.229999542236328,13.229999542236328,700.0
2024-10-31 13:25:00+00:00,GURE,0.6657999753952026,0.6657999753952026,0.6657999753952026,0.6657999753952026,0.6657999753952026,200.0
2024-10-31 13:25:00+00:00,LWLG,3.234999895095825,3.234999895095825,3.240000009536743,3.234999895095825,3.240000009536743,1936.0
2024-10-31 13:25:00+00:00,METC,10.164999961853027,10.164999961853027,10.164999961853027,10.164999961853027,10.164999961853027,752.0
2024-10-31 13:25:00+00:00,ORGN,1.3949999809265137,1.3949999809265137,1.3949999809265137,1.3949999809265137,1.3949999809265137,271.0
2024-10-31 13:25:00+00:00,PAAS,23.290000915527344,23.290000915527344,23.295000076293945,23.28499984741211,23.290000915527344,3510.0
2024-10-31 13:25:00+00:00,PLL,13.109999656677246,13.109999656677246,13.199999809265137,13.109999656677246,13.199999809265137,1533.0
2024-10-31 13:25:00+00:00,SSRM,6.139999866485596,6.139999866485596,6.150000095367432,6.139999866485596,6.144999980926514,1525.0
2024-10-31 13:26:00+00:00,CENX,17.719999313354492,17.719999313354492,17.719999313354492,17.719999313354492,17.719999313354492,656.0
2024-10-31 13:26:00+00:00,CNEY,0.5098999738693237,0.5098999738693237,0.5098999738693237,0.5098999738693237,0.5098999738693237,100.0
2024-10-31 13:26:00+00:00,CRKN,0.932200014591217,0.932200014591217,0.932200014591217,0.932200014591217,0.932200014591217,100.0
2024-10-31 13:26:00+00:00,GEVO,2.384999990463257,2.384999990463257,2.384999990463257,2.38100004196167,2.38100004196167,825.0
2024-10-31 13:26:00+00:00,GPRE,13.220000267028809,13.220000267028809,13.229999542236328,13.220000267028809,13.229999542236328,1724.0
2024-10-31 13:26:00+00:00,GURE,0.6657999753952026,0.6657999753952026,0.6657999753952026,0.6650000214576721,0.6650000214576721,1230.0
2024-10-31 13:26:00+00:00,HDSN,7.59499979019165,7.59499979019165,7.59499979019165,7.590000152587891,7.590000152587891,1054.0
2024-10-31 13:26:00+00:00,PAAS,23.260000228881836,23.260000228881836,23.280000686645508,23.25,23.280000686645508,4705.0
2024-10-31 13:26:00+00:00,PLL,13.129799842834473,13.129799842834473,13.129799842834473,13.129799842834473,13.129799842834473,233.0
2024-10-31 13:26:00+00:00,SGML,13.65999984741211,13.65999984741211,13.680000305175781,13.65999984741211,13.65999984741211,967.0
2024-10-31 13:26:00+00:00,SSRM,6.144999980926514,6.144999980926514,6.150000095367432,6.139999866485596,6.144999980926514,6266.0
2024-10-31 13:26:00+00:00,STLD,132.06480407714844,132.06480407714844,132.06480407714844,132.06480407714844,132.06480407714844,223.0
2024-10-31 13:26:00+00:00,USLM,114.0,114.0,114.29000091552734,114.0,114.29000091552734,3749.0
2024-10-31 13:26:00+00:00,WDFC,264.2250061035156,264.2250061035156,264.2250061035156,264.2250061035156,264.2250061035156,239.0
2024-10-31 13:27:00+00:00,ASTL,10.295000076293945,10.295000076293945,10.295000076293945,10.295000076293945,10.295000076293945,634.0
2024-10-31 13:27:00+00:00,CENX,17.709999084472656,17.709999084472656,17.709999084472656,17.709999084472656,17.709999084472656,1397.0
2024-10-31 13:27:00+00:00,CRKN,0.932200014591217,0.932200014591217,0.932200014591217,0.932200014591217,0.932200014591217,200.0
2024-10-31 13:27:00+00:00,GEVO,2.380000114440918,2.380000114440918,2.380000114440918,2.369999885559082,2.380000114440918,40229.0
2024-10-31 13:27:00+00:00,GPRE,13.227999687194824,13.227999687194824,13.227999687194824,13.220000267028809,13.220000267028809,363.0
2024-10-31 13:27:00+00:00,GSM,4.175000190734863,4.175000190734863,4.175000190734863,4.170000076293945,4.175000190734863,1672.0
2024-10-31 13:27:00+00:00,GURE,0.6700000166893005,0.6700000166893005,0.6700000166893005,0.6657999753952026,0.6657999753952026,4733.0
2024-10-31 13:27:00+00:00,LWLG,3.2300000190734863,3.2300000190734863,3.2300000190734863,3.2300000190734863,3.2300000190734863,1510.0
2024-10-31 13:27:00+00:00,MEOH,39.04999923706055,39.04999923706055,39.04999923706055,39.04999923706055,39.04999923706055,1016.0
2024-10-31 13:27:00+00:00,MERC,6.53000020980835,6.53000020980835,6.53000020980835,6.53000020980835,6.53000020980835,589.0
2024-10-31 13:27:00+00:00,PAAS,23.235000610351562,23.235000610351562,23.260700225830078,23.235000610351562,23.260700225830078,2502.0
2024-10-31 13:27:00+00:00,PLL,13.135000228881836,13.135000228881836,13.135000228881836,13.130000114440918,13.130000114440918,450.0
2024-10-31 13:27:00+00:00,PPTA,10.020000457763672,10.020000457763672,10.020000457763672,10.010000228881836,10.020000457763672,1096.0
2024-10-31 13:27:00+00:00,RGLD,146.22000122070312,146.22000122070312,146.22000122070312,146.22000122070312,146.22000122070312,1129.0
2024-10-31 13:27:00+00:00,SGML,13.720000267028809,13.720000267028809,13.720000267028809,13.649999618530273,13.649999618530273,6013.0
2024-10-31 13:27:00+00:00,SSRM,6.135000228881836,6.135000228881836,6.139999866485596,6.135000228881836,6.139999866485596,3263.0
2024-10-31 13:27:00+00:00,STLD,132.07000732421875,132.07000732421875,132.07000732421875,132.07000732421875,132.07000732421875,288.0
2024-10-31 13:27:00+00:00,USAP,43.970001220703125,43.970001220703125,43.97999954223633,43.970001220703125,43.97999954223633,909.0
2024-10-31 13:27:00+00:00,USAU,6.09499979019165,6.09499979019165,6.09499979019165,6.09499979019165,6.09499979019165,266.0
2024-10-31 13:28:00+00:00,ALTO,1.784999966621399,1.784999966621399,1.784999966621399,1.784999966621399,1.784999966621399,1206.0
2024-10-31 13:28:00+00:00,CENX,17.719999313354492,17.719999313354492,17.719999313354492,17.719999313354492,17.719999313354492,748.0
2024-10-31 13:28:00+00:00,CNEY,0.5098999738693237,0.5098999738693237,0.5098999738693237,0.5098999738693237,0.5098999738693237,100.0
2024-10-31 13:28:00+00:00,CRKN,0.932200014591217,0.932200014591217,0.932200014591217,0.932200014591217,0.932200014591217,100.0
2024-10-31 13:28:00+00:00,GEVO,2.369999885559082,2.369999885559082,2.3777999877929688,2.369999885559082,2.3777999877929688,4671.0
2024-10-31 13:28:00+00:00,GPRE,13.210000038146973,13.210000038146973,13.220000267028809,13.210000038146973,13.220000267028809,3389.0
2024-10-31 13:28:00+00:00,GURE,0.6700000166893005,0.6700000166893005,0.6700000166893005,0.6700000166893005,0.6700000166893005,1912.0
2024-10-31 13:28:00+00:00,HDSN,7.590000152587891,7.590000152587891,7.590000152587891,7.590000152587891,7.590000152587891,393.0
2024-10-31 13:28:00+00:00,HUDI,2.0269999504089355,2.0269999504089355,2.0269999504089355,2.0269999504089355,2.0269999504089355,0.0
2024-10-31 13:28:00+00:00,IOSP,109.22000122070312,109.22000122070312,109.22000122070312,109.22000122070312,109.22000122070312,1552.0
2024-10-31 13:28:00+00:00,LWLG,3.2399001121520996,3.2399001121520996,3.2399001121520996,3.234999895095825,3.234999895095825,2646.0
2024-10-31 13:28:00+00:00,PAAS,23.239999771118164,23.239999771118164,23.239999771118164,23.229999542236328,23.239999771118164,4189.0
2024-10-31 13:28:00+00:00,PLL,13.15999984741211,13.15999984741211,13.15999984741211,13.15999984741211,13.15999984741211,163.0
2024-10-31 13:28:00+00:00,PPTA,10.015000343322754,10.015000343322754,10.015000343322754,10.015000343322754,10.015000343322754,115.0
2024-10-31 13:28:00+00:00,RGLD,146.24000549316406,146.24000549316406,146.27000427246094,146.2100067138672,146.27000427246094,1106.0
2024-10-31 13:28:00+00:00,SSRM,6.135000228881836,6.135000228881836,6.135000228881836,6.135000228881836,6.135000228881836,394.0
2024-10-31 13:28:00+00:00,STLD,132.0399932861328,132.0399932861328,132.0399932861328,132.0399932861328,132.0399932861328,262.0
2024-10-31 13:28:00+00:00,USAP,44.0099983215332,44.0099983215332,44.0099983215332,44.0099983215332,44.0099983215332,488.0
2024-10-31 13:29:00+00:00,BCPC,168.3000030517578,168.3000030517578,168.44000244140625,168.3000030517578,168.44000244140625,1032.0
2024-10-31 13:29:00+00:00,BIOX,6.769999980926514,6.769999980926514,6.769999980926514,6.769999980926514,6.769999980926514,177.0
2024-10-31 13:29:00+00:00,CRKN,0.932200014591217,0.932200014591217,0.932200014591217,0.932200014591217,0.932200014591217,314.0
2024-10-31 13:29:00+00:00,FEAM,0.4699999988079071,0.4699999988079071,0.4699999988079071,0.4699999988079071,0.4699999988079071,337.0
2024-10-31 13:29:00+00:00,GEVO,2.365000009536743,2.365000009536743,2.375,2.365000009536743,2.375,16594.0
2024-10-31 13:29:00+00:00,GPRE,13.130000114440918,13.130000114440918,13.1899995803833,13.130000114440918,13.1899995803833,4163.0
2024-10-31 13:29:00+00:00,HDSN,7.574999809265137,7.574999809265137,7.574999809265137,7.574999809265137,7.574999809265137,535.0
2024-10-31 13:29:00+00:00,HUDI,2.0250000953674316,2.0250000953674316,2.028899908065796,2.0250000953674316,2.028899908065796,0.0
2024-10-31 13:29:00+00:00,HWKN,113.63999938964844,113.63999938964844,113.63999938964844,113.63999938964844,113.63999938964844,428.0
2024-10-31 13:29:00+00:00,LITM,0.3822999894618988,0.3822999894618988,0.3822999894618988,0.3822999894618988,0.3822999894618988,350.0
2024-10-31 13:29:00+00:00,LWLG,3.240000009536743,3.240000009536743,3.240000009536743,3.240000009536743,3.240000009536743,1037.0
2024-10-31 13:29:00+00:00,MERC,6.519999980926514,6.519999980926514,6.525000095367432,6.519999980926514,6.525000095367432,2418.0
2024-10-31 13:29:00+00:00,ORGN,1.3949999809265137,1.3949999809265137,1.3949999809265137,1.3949999809265137,1.3949999809265137,260.0
2024-10-31 13:29:00+00:00,PAAS,23.270000457763672,23.270000457763672,23.270000457763672,23.239999771118164,23.25,10132.0
2024-10-31 13:29:00+00:00,PLL,13.09000015258789,13.09000015258789,13.109999656677246,13.09000015258789,13.109999656677246,1058.0
2024-10-31 13:29:00+00:00,PPTA,10.018500328063965,10.018500328063965,10.018500328063965,10.018500328063965,10.018500328063965,1153.0
2024-10-31 13:29:00+00:00,SSRM,6.139900207519531,6.139900207519531,6.139900207519531,6.135000228881836,6.135000228881836,2452.0
2024-10-31 13:29:00+00:00,STLD,132.0399932861328,132.0399932861328,132.10000610351562,132.0399932861328,132.07000732421875,1265.0
2024-10-31 13:29:00+00:00,ZEUS,36.209999084472656,36.209999084472656,36.209999084472656,36.209999084472656,36.209999084472656,258.0
2024-10-31 13:30:00+00:00,ALTO,1.7799999713897705,1.7799999713897705,1.7799999713897705,1.7799999713897705,1.7799999713897705,1851.0
2024-10-31 13:30:00+00:00,CNEY,0.5098999738693237,0.5098999738693237,0.5098999738693237,0.5098999738693237,0.5098999738693237,100.0
2024-10-31 13:30:00+00:00,CRKN,0.932200014591217,0.932200014591217,0.932200014591217,0.932200014591217,0.932200014591217,200.0
2024-10-31 13:30:00+00:00,GEVO,2.365000009536743,2.365000009536743,2.365000009536743,2.365000009536743,2.365000009536743,351.0
2024-10-31 13:30:00+00:00,GPRE,13.100000381469727,13.100000381469727,13.130000114440918,13.100000381469727,13.130000114440918,2003.0
2024-10-31 13:30:00+00:00,GSM,4.170100212097168,4.170100212097168,4.175000190734863,4.170100212097168,4.175000190734863,344.0
2024-10-31 13:30:00+00:00,GURE,0.6654999852180481,0.6654999852180481,0.6700000166893005,0.6654999852180481,0.6700000166893005,1912.0
2024-10-31 13:30:00+00:00,LGO,2.490000009536743,2.490000009536743,2.490000009536743,2.4809999465942383,2.4809999465942383,3360.0
2024-10-31 13:30:00+00:00,LITM,0.38420000672340393,0.38420000672340393,0.38420000672340393,0.38420000672340393,0.38420000672340393,460.0
2024-10-31 13:30:00+00:00,LWLG,3.234999895095825,3.234999895095825,3.244999885559082,3.234999895095825,3.244999885559082,2194.0
2024-10-31 13:30:00+00:00,MERC,6.519999980926514,6.519999980926514,6.519999980926514,6.519999980926514,6.519999980926514,2929.0
2024-10-31 13:30:00+00:00,ORGN,1.3949999809265137,1.3949999809265137,1.3949999809265137,1.3949999809265137,1.3949999809265137,132.0
2024-10-31 13:30:00+00:00,PAAS,23.27754020690918,23.27754020690918,23.27754020690918,23.260000228881836,23.264999389648438,2283.0
2024-10-31 13:30:00+00:00,PLL,13.09000015258789,13.09000015258789,13.09000015258789,13.09000015258789,13.09000015258789,782.0
2024-10-31 13:30:00+00:00,SGML,13.670000076293945,13.670000076293945,13.680000305175781,13.670000076293945,13.680000305175781,1094.0
2024-10-31 13:30:00+00:00,SSRM,6.135000228881836,6.135000228881836,6.139999866485596,6.135000228881836,6.139999866485596,450.0
2024-10-31 13:30:00+00:00,STLD,132.0449981689453,132.0449981689453,132.0449981689453,132.0449981689453,132.0449981689453,363.0
2024-10-31 13:30:00+00:00,UFPI,123.66000366210938,123.66000366210938,123.66000366210938,123.66000366210938,123.66000366210938,336.0
2024-10-31 13:30:00+00:00,USAP,43.91999816894531,43.91999816894531,43.91999816894531,43.91999816894531,43.91999816894531,702.0
2024-10-31 13:30:00+00:00,ZEUS,36.20000076293945,36.20000076293945,36.20000076293945,36.20000076293945,36.20000076293945,872.0
2024-10-31 13:31:00+00:00,ALTO,1.7799999713897705,1.7799999713897705,1.7799999713897705,1.7799999713897705,1.7799999713897705,562.0
2024-10-31 13:31:00+00:00,ASTL,10.279999732971191,10.279999732971191,10.279999732971191,10.279999732971191,10.279999732971191,278.0
2024-10-31 13:31:00+00:00,BCPC,168.36000061035156,168.36000061035156,168.36000061035156,168.36000061035156,168.36000061035156,266.0
2024-10-31 13:31:00+00:00,CENX,17.719999313354492,17.719999313354492,17.729999542236328,17.719999313354492,17.729999542236328,528.0
2024-10-31 13:31:00+00:00,CNEY,0.4880000054836273,0.4880000054836273,0.4880000054836273,0.4880000054836273,0.4880000054836273,1506.0
2024-10-31 13:31:00+00:00,CRKN,0.932200014591217,0.932200014591217,0.932200014591217,0.932200014591217,0.932200014591217,100.0
2024-10-31 13:31:00+00:00,GEVO,2.365000009536743,2.365000009536743,2.365999937057495,2.3550000190734863,2.365999937057495,58072.0
2024-10-31 13:31:00+00:00,GPRE,13.100000381469727,13.100000381469727,13.100000381469727,13.100000381469727,13.100000381469727,223.0
2024-10-31 13:31:00+00:00,GSM,4.170000076293945,4.170000076293945,4.179900169372559,4.170000076293945,4.175000190734863,1500.0
2024-10-31 13:31:00+00:00,HDSN,7.570000171661377,7.570000171661377,7.574999809265137,7.570000171661377,7.574999809265137,7319.0
2024-10-31 13:31:00+00:00,HYMC,2.430000066757202,2.430000066757202,2.430000066757202,2.430000066757202,2.430000066757202,143.0
2024-10-31 13:31:00+00:00,LWLG,3.234999895095825,3.234999895095825,3.234999895095825,3.234999895095825,3.234999895095825,201.0
2024-10-31 13:31:00+00:00,METC,10.170000076293945,10.170000076293945,10.170000076293945,10.170000076293945,10.170000076293945,511.0
2024-10-31 13:31:00+00:00,ORGN,1.399999976158142,1.399999976158142,1.399999976158142,1.3949999809265137,1.3949999809265137,630.0
2024-10-31 13:31:00+00:00,PAAS,23.280000686645508,23.280000686645508,23.280000686645508,23.264999389648438,23.264999389648438,6689.0
2024-10-31 13:31:00+00:00,SGML,13.675000190734863,13.675000190734863,13.675000190734863,13.670100212097168,13.670100212097168,1813.0
2024-10-31 13:31:00+00:00,SSRM,6.150000095367432,6.150000095367432,6.150000095367432,6.139999866485596,6.139999866485596,10342.0
2024-10-31 13:31:00+00:00,STLD,132.0449981689453,132.0449981689453,132.0449981689453,132.0449981689453,132.0449981689453,263.0
2024-10-31 13:31:00+00:00,USLM,114.20999908447266,114.20999908447266,114.20999908447266,114.20999908447266,114.20999908447266,371.0
2024-10-31 13:31:00+00:00,WDFC,263.67999267578125,263.67999267578125,263.67999267578125,263.67999267578125,263.67999267578125,1079.0
2024-10-31 13:32:00+00:00,BCPC,168.3249969482422,168.3249969482422,168.3249969482422,168.3249969482422,168.3249969482422,780.0
2024-10-31 13:32:00+00:00,BIOX,6.769999980926514,6.769999980926514,6.769999980926514,6.769999980926514,6.769999980926514,297.0
2024-10-31 13:32:00+00:00,CENX,17.729999542236328,17.729999542236328,17.729999542236328,17.719999313354492,17.719999313354492,1223.0
2024-10-31 13:32:00+00:00,CRKN,0.932200014591217,0.932200014591217,0.932200014591217,0.932200014591217,0.932200014591217,4920.0
2024-10-31 13:32:00+00:00,GEVO,2.365000009536743,2.365000009536743,2.365999937057495,2.360100030899048,2.365999937057495,12512.0
2024-10-31 13:32:00+00:00,GPRE,13.09000015258789,13.09000015258789,13.100000381469727,13.09000015258789,13.095499992370605,1635.0
2024-10-31 13:32:00+00:00,GSM,4.175000190734863,4.175000190734863,4.175000190734863,4.175000190734863,4.175000190734863,1330.0
2024-10-31 13:32:00+00:00,GURE,0.6650999784469604,0.6650999784469604,0.6650999784469604,0.6650999784469604,0.6650999784469604,1101.0
2024-10-31 13:32:00+00:00,HDSN,7.570000171661377,7.570000171661377,7.585000038146973,7.570000171661377,7.585000038146973,1660.0
2024-10-31 13:32:00+00:00,KALU,75.16999816894531,75.16999816894531,75.16999816894531,75.16999816894531,75.16999816894531,547.0
2024-10-31 13:32:00+00:00,LITM,0.3822999894618988,0.3822999894618988,0.3887999951839447,0.3822999894618988,0.3887999951839447,5930.0
2024-10-31 13:32:00+00:00,LWLG,3.2225000858306885,3.2225000858306885,3.2300000190734863,3.2200000286102295,3.2300000190734863,1532.0
2024-10-31 13:32:00+00:00,MEOH,39.09000015258789,39.09000015258789,39.09000015258789,39.09000015258789,39.09000015258789,238.0
2024-10-31 13:32:00+00:00,MERC,6.519999980926514,6.519999980926514,6.519999980926514,6.519999980926514,6.519999980926514,438.0
2024-10-31 13:32:00+00:00,METC,10.168999671936035,10.168999671936035,10.168999671936035,10.15999984741211,10.15999984741211,894.0
2024-10-31 13:32:00+00:00,PAAS,23.270000457763672,23.270000457763672,23.270000457763672,23.260000228881836,23.270000457763672,2767.0
2024-10-31 13:32:00+00:00,PLL,13.074999809265137,13.074999809265137,13.074999809265137,13.074999809265137,13.074999809265137,248.0
2024-10-31 13:32:00+00:00,RGLD,146.27000427246094,146.27000427246094,146.27000427246094,146.27000427246094,146.27000427246094,307.0
2024-10-31 13:32:00+00:00,SSRM,6.144999980926514,6.144999980926514,6.150000095367432,6.144999980926514,6.144999980926514,3809.0
2024-10-31 13:32:00+00:00,STLD,131.93499755859375,131.93499755859375,132.02999877929688,131.93499755859375,132.02999877929688,3564.0
2024-10-31 13:32:00+00:00,UFPI,123.62999725341797,123.62999725341797,123.62999725341797,123.62999725341797,123.62999725341797,426.0
2024-10-31 13:32:00+00:00,USAP,43.94499969482422,43.94499969482422,43.94499969482422,43.94499969482422,43.94499969482422,300.0
2024-10-31 13:32:00+00:00,USAU,6.119999885559082,6.119999885559082,6.119999885559082,6.099999904632568,6.099999904632568,2314.0
2024-10-31 13:33:00+00:00,BCPC,168.375,168.375,168.375,168.375,168.375,1180.0
2024-10-31 13:33:00+00:00,CENX,17.729999542236328,17.729999542236328,17.729999542236328,17.729999542236328,17.729999542236328,366.0
2024-10-31 13:33:00+00:00,CRKN,0.932200014591217,0.932200014591217,0.9430999755859375,0.932200014591217,0.9430999755859375,435.0
2024-10-31 13:33:00+00:00,GEVO,2.3610000610351562,2.3610000610351562,2.367500066757202,2.359999895095825,2.359999895095825,717.0
2024-10-31 13:33:00+00:00,GPRE,13.085000038146973,13.085000038146973,13.085000038146973,13.085000038146973,13.085000038146973,369.0
2024-10-31 13:33:00+00:00,GSM,4.170000076293945,4.170000076293945,4.175000190734863,4.170000076293945,4.175000190734863,555.0
2024-10-31 13:33:00+00:00,GURE,0.6654999852180481,0.6654999852180481,0.6654999852180481,0.6650000214576721,0.6650000214576721,881.0
2024-10-31 13:33:00+00:00,HUDI,2.0339999198913574,2.0339999198913574,2.0339999198913574,2.0250000953674316,2.0250000953674316,203.0
2024-10-31 13:33:00+00:00,HYMC,2.430000066757202,2.430000066757202,2.430000066757202,2.430000066757202,2.430000066757202,1575.0
2024-10-31 13:33:00+00:00,KALU,74.95999908447266,74.95999908447266,74.9800033569336,74.95999908447266,74.9800033569336,622.0
2024-10-31 13:33:00+00:00,MERC,6.519999980926514,6.519999980926514,6.519999980926514,6.519999980926514,6.519999980926514,298.0
2024-10-31 13:33:00+00:00,PAAS,23.299999237060547,23.299999237060547,23.30500030517578,23.270000457763672,23.270000457763672,9639.0
2024-10-31 13:33:00+00:00,PLL,13.050000190734863,13.050000190734863,13.050000190734863,13.050000190734863,13.050000190734863,192.0
2024-10-31 13:33:00+00:00,SGML,13.670000076293945,13.670000076293945,13.680000305175781,13.65999984741211,13.65999984741211,1163.0
2024-10-31 13:33:00+00:00,SSRM,6.144999980926514,6.144999980926514,6.144999980926514,6.144999980926514,6.144999980926514,2793.0
2024-10-31 13:33:00+00:00,STLD,131.93499755859375,131.93499755859375,131.93499755859375,131.89999389648438,131.89999389648438,489.0
2024-10-31 13:33:00+00:00,UFPI,123.48999786376953,123.48999786376953,123.48999786376953,123.48999786376953,123.48999786376953,830.0
2024-10-31 13:33:00+00:00,USAP,43.989898681640625,43.989898681640625,43.989898681640625,43.989898681640625,43.989898681640625,306.0
2024-10-31 13:33:00+00:00,USAU,6.123600006103516,6.123600006103516,6.123600006103516,6.123600006103516,6.123600006103516,1030.0
2024-10-31 13:34:00+00:00,ASTL,10.279999732971191,10.279999732971191,10.279999732971191,10.279999732971191,10.279999732971191,581.0
2024-10-31 13:34:00+00:00,CNEY,0.49549999833106995,0.49549999833106995,0.49549999833106995,0.49549999833106995,0.49549999833106995,105.0
2024-10-31 13:34:00+00:00,GURE,0.6654999852180481,0.6654999852180481,0.6654999852180481,0.6654999852180481,0.6654999852180481,0.0
2024-10-31 13:34:00+00:00,IONR,7.800000190734863,7.800000190734863,7.800000190734863,7.800000190734863,7.800000190734863,1016.0
2024-10-31 13:34:00+00:00,LITM,0.3822999894618988,0.3822999894618988,0.3822999894618988,0.3822999894618988,0.3822999894618988,0.0
2024-10-31 13:34:00+00:00,MEOH,39.09000015258789,39.09000015258789,39.09000015258789,39.09000015258789,39.09000015258789,481.0
2024-10-31 13:34:00+00:00,METC,10.15999984741211,10.15999984741211,10.15999984741211,10.15999984741211,10.15999984741211,1007.0
2024-10-31 13:34:00+00:00,ORGN,1.3949999809265137,1.3949999809265137,1.399999976158142,1.3949999809265137,1.3949999809265137,11663.0
2024-10-31 13:34:00+00:00,PAAS,23.309999465942383,23.309999465942383,23.31999969482422,23.30500030517578,23.31999969482422,4234.0
2024-10-31 13:34:00+00:00,PLL,13.050000190734863,13.050000190734863,13.050000190734863,13.050000190734863,13.050000190734863,181.0
2024-10-31 13:34:00+00:00,SGML,13.670000076293945,13.670000076293945,13.670000076293945,13.670000076293945,13.670000076293945,190.0
2024-10-31 13:34:00+00:00,SSRM,6.144999980926514,6.144999980926514,6.150000095367432,6.144999980926514,6.150000095367432,4575.0
2024-10-31 13:34:00+00:00,STLD,131.89999389648438,131.89999389648438,131.93499755859375,131.75999450683594,131.93499755859375,4457.0
2024-10-31 13:34:00+00:00,USAP,43.95000076293945,43.95000076293945,43.95000076293945,43.95000076293945,43.95000076293945,1022.0
2024-10-31 13:34:00+00:00,USAU,6.1020002365112305,6.1020002365112305,6.1020002365112305,6.1020002365112305,6.1020002365112305,1234.0
2024-10-31 13:34:00+00:00,USLM,113.95880126953125,113.95880126953125,113.95880126953125,113.95880126953125,113.95880126953125,151.0
2024-10-31 13:35:00+00:00,ASTL,10.274999618530273,10.274999618530273,10.274999618530273,10.274999618530273,10.274999618530273,134.0
2024-10-31 13:35:00+00:00,CENX,17.729999542236328,17.729999542236328,17.729999542236328,17.729999542236328,17.729999542236328,211.0
2024-10-31 13:35:00+00:00,GEVO,2.365000009536743,2.365000009536743,2.365000009536743,2.365000009536743,2.365000009536743,2109.0
2024-10-31 13:35:00+00:00,GPRE,13.005000114440918,13.005000114440918,13.09000015258789,13.005000114440918,13.09000015258789,14015.0
2024-10-31 13:35:00+00:00,GSM,4.175000190734863,4.175000190734863,4.175000190734863,4.175000190734863,4.175000190734863,126.0
2024-10-31 13:35:00+00:00,LWLG,3.2249999046325684,3.2249999046325684,3.2249999046325684,3.2249999046325684,3.2249999046325684,123.0
2024-10-31 13:35:00+00:00,MERC,6.519999980926514,6.519999980926514,6.519999980926514,6.519999980926514,6.519999980926514,717.0
2024-10-31 13:35:00+00:00,ORGN,1.3949999809265137,1.3949999809265137,1.3949999809265137,1.3949999809265137,1.3949999809265137,0.0
2024-10-31 13:35:00+00:00,PAAS,23.309999465942383,23.309999465942383,23.31999969482422,23.309999465942383,23.31999969482422,4916.0
2024-10-31 13:35:00+00:00,PLL,13.039899826049805,13.039899826049805,13.050000190734863,13.039899826049805,13.050000190734863,561.0
2024-10-31 13:35:00+00:00,PPTA,10.029000282287598,10.029000282287598,10.029000282287598,10.029000282287598,10.029000282287598,1302.0
2024-10-31 13:35:00+00:00,RGLD,146.36000061035156,146.36000061035156,146.36000061035156,146.26499938964844,146.26499938964844,597.0
2024-10-31 13:35:00+00:00,SNES,2.8350000381469727,2.8350000381469727,2.8350000381469727,2.8350000381469727,2.8350000381469727,600.0
2024-10-31 13:35:00+00:00,SSRM,6.144999980926514,6.144999980926514,6.150000095367432,6.144999980926514,6.150000095367432,2304.0
2024-10-31 13:35:00+00:00,UFPI,123.37999725341797,123.37999725341797,123.37999725341797,123.37999725341797,123.37999725341797,863.0
2024-10-31 13:36:00+00:00,ASTL,10.270000457763672,10.270000457763672,10.270000457763672,10.270000457763672,10.270000457763672,101.0
2024-10-31 13:36:00+00:00,CENX,17.729999542236328,17.729999542236328,17.739999771118164,17.729999542236328,17.739999771118164,1058.0
2024-10-31 13:36:00+00:00,CRKN,0.9361000061035156,0.9361000061035156,0.9361000061035156,0.9361000061035156,0.9361000061035156,501.0
2024-10-31 13:36:00+00:00,GEVO,2.3550000190734863,2.3550000190734863,2.359999895095825,2.3550000190734863,2.359999895095825,16849.0
2024-10-31 13:36:00+00:00,GPRE,13.0,13.0,13.010000228881836,12.989999771118164,13.010000228881836,4988.0
2024-10-31 13:36:00+00:00,GSM,4.175000190734863,4.175000190734863,4.175000190734863,4.175000190734863,4.175000190734863,260.0
2024-10-31 13:36:00+00:00,HYMC,2.4200000762939453,2.4200000762939453,2.4200000762939453,2.4200000762939453,2.4200000762939453,1146.0
2024-10-31 13:36:00+00:00,LITM,0.3822999894618988,0.3822999894618988,0.3822999894618988,0.3822999894618988,0.3822999894618988,180.0
2024-10-31 13:36:00+00:00,PAAS,23.299999237060547,23.299999237060547,23.309999465942383,23.292800903320312,23.309999465942383,5535.0
2024-10-31 13:36:00+00:00,RGLD,146.27000427246094,146.27000427246094,146.27000427246094,146.27000427246094,146.27000427246094,784.0
2024-10-31 13:36:00+00:00,SNES,2.8399999141693115,2.8399999141693115,2.8399999141693115,2.8399999141693115,2.8399999141693115,100.0
2024-10-31 13:36:00+00:00,SSRM,6.150000095367432,6.150000095367432,6.150000095367432,6.150000095367432,6.150000095367432,409.0
2024-10-31 13:36:00+00:00,STLD,131.77999877929688,131.77999877929688,131.77999877929688,131.77999877929688,131.77999877929688,269.0
2024-10-31 13:37:00+00:00,ASTL,10.260000228881836,10.260000228881836,10.260000228881836,10.260000228881836,10.260000228881836,492.0
2024-10-31 13:37:00+00:00,BIOX,6.75,6.75,6.760000228881836,6.75,6.760000228881836,7813.0
2024-10-31 13:37:00+00:00,CENX,17.725000381469727,17.725000381469727,17.725000381469727,17.725000381469727,17.725000381469727,501.0
2024-10-31 13:37:00+00:00,CRKN,0.9361000061035156,0.9361000061035156,0.9399999976158142,0.9361000061035156,0.9399999976158142,1310.0
2024-10-31 13:37:00+00:00,GEVO,2.3550000190734863,2.3550000190734863,2.357100009918213,2.3499999046325684,2.357100009918213,1754.0
2024-10-31 13:37:00+00:00,GSM,4.170000076293945,4.170000076293945,4.170000076293945,4.170000076293945,4.170000076293945,223.0
2024-10-31 13:37:00+00:00,IPX,22.045000076293945,22.045000076293945,22.045000076293945,22.045000076293945,22.045000076293945,0.0
2024-10-31 13:37:00+00:00,LWLG,3.2200000286102295,3.2200000286102295,3.2200000286102295,3.2200000286102295,3.2200000286102295,303.0
2024-10-31 13:37:00+00:00,MEOH,39.14250183105469,39.14250183105469,39.14250183105469,39.14250183105469,39.14250183105469,1485.0
2024-10-31 13:37:00+00:00,ORGN,1.3949999809265137,1.3949999809265137,1.3949999809265137,1.3949999809265137,1.3949999809265137,1028.0
2024-10-31 13:37:00+00:00,PAAS,23.295000076293945,23.295000076293945,23.299999237060547,23.290000915527344,23.299999237060547,1186.0
2024-10-31 13:37:00+00:00,PLL,13.050000190734863,13.050000190734863,13.0600004196167,13.050000190734863,13.0600004196167,545.0
2024-10-31 13:37:00+00:00,SGML,13.640000343322754,13.640000343322754,13.65999984741211,13.640000343322754,13.65999984741211,1699.0
2024-10-31 13:37:00+00:00,SNES,2.8499999046325684,2.8499999046325684,2.8499999046325684,2.8499999046325684,2.8499999046325684,122.0
2024-10-31 13:37:00+00:00,SSRM,6.135000228881836,6.135000228881836,6.144999980926514,6.135000228881836,6.144999980926514,10752.0
2024-10-31 13:37:00+00:00,STLD,131.69180297851562,131.69180297851562,131.69180297851562,131.69180297851562,131.69180297851562,210.0
2024-10-31 13:37:00+00:00,USLM,114.0,114.0,114.0,114.0,114.0,223.0
2024-10-31 13:38:00+00:00,ASTL,10.25,10.25,10.25,10.244999885559082,10.25,900.0
2024-10-31 13:38:00+00:00,CRKN,0.932200014591217,0.932200014591217,0.932200014591217,0.932200014591217,0.932200014591217,200.0
2024-10-31 13:38:00+00:00,GEVO,2.3450000286102295,2.3450000286102295,2.3550000190734863,2.342400074005127,2.3499999046325684,51739.0
2024-10-31 13:38:00+00:00,GPRE,13.0,13.0,13.0,13.0,13.0,1244.0
2024-10-31 13:38:00+00:00,GSM,4.175000190734863,4.175000190734863,4.175000190734863,4.175000190734863,4.175000190734863,242.0
2024-10-31 13:38:00+00:00,HYMC,2.4298999309539795,2.4298999309539795,2.430000066757202,2.4298999309539795,2.430000066757202,4500.0
2024-10-31 13:38:00+00:00,KALU,75.31999969482422,75.31999969482422,75.44000244140625,75.02999877929688,75.04000091552734,8195.0
2024-10-31 13:38:00+00:00,LITM,0.3799999952316284,0.3799999952316284,0.3822999894618988,0.3799999952316284,0.3822999894618988,19156.0
2024-10-31 13:38:00+00:00,PAAS,23.28499984741211,23.28499984741211,23.295000076293945,23.28499984741211,23.295000076293945,3211.0
2024-10-31 13:38:00+00:00,SGML,13.631199836730957,13.631199836730957,13.631199836730957,13.631199836730957,13.631199836730957,144.0
2024-10-31 13:38:00+00:00,SSRM,6.135000228881836,6.135000228881836,6.135000228881836,6.135000228881836,6.135000228881836,632.0
2024-10-31 13:38:00+00:00,USLM,113.75,113.75,113.75,113.75,113.75,2498.0
2024-10-31 13:39:00+00:00,ACNT,9.350000381469727,9.350000381469727,9.350000381469727,9.34000015258789,9.350000381469727,580.0
2024-10-31 13:39:00+00:00,ALTO,1.7699999809265137,1.7699999809265137,1.7699999809265137,1.7699999809265137,1.7699999809265137,200.0
2024-10-31 13:39:00+00:00,ASTL,10.255000114440918,10.255000114440918,10.255000114440918,10.255000114440918,10.255000114440918,735.0
2024-10-31 13:39:00+00:00,CENX,17.725000381469727,17.725000381469727,17.725000381469727,17.725000381469727,17.725000381469727,513.0
2024-10-31 13:39:00+00:00,CRKN,0.9399999976158142,0.9399999976158142,0.9399999976158142,0.9399999976158142,0.9399999976158142,50.0
2024-10-31 13:39:00+00:00,GEVO,2.3399999141693115,2.3399999141693115,2.3457999229431152,2.3399999141693115,2.3450000286102295,1202.0
2024-10-31 13:39:00+00:00,GPRE,12.949999809265137,12.949999809265137,13.0,12.949999809265137,13.0,2730.0
2024-10-31 13:39:00+00:00,GSM,4.164999961853027,4.164999961853027,4.175000190734863,4.164999961853027,4.175000190734863,7573.0
2024-10-31 13:39:00+00:00,GURE,0.6654999852180481,0.6654999852180481,0.6654999852180481,0.6654999852180481,0.6654999852180481,154.0
2024-10-31 13:39:00+00:00,HWKN,112.12000274658203,112.12000274658203,112.12000274658203,112.12000274658203,112.12000274658203,2179.0
2024-10-31 13:39:00+00:00,LGO,2.463399887084961,2.463399887084961,2.463399887084961,2.463399887084961,2.463399887084961,0.0
2024-10-31 13:39:00+00:00,MERC,6.514999866485596,6.514999866485596,6.514999866485596,6.514999866485596,6.514999866485596,137.0
2024-10-31 13:39:00+00:00,METC,10.170000076293945,10.170000076293945,10.170000076293945,10.15999984741211,10.15999984741211,809.0
2024-10-31 13:39:00+00:00,PAAS,23.290000915527344,23.290000915527344,23.295000076293945,23.280000686645508,23.280000686645508,2951.0
2024-10-31 13:39:00+00:00,RGLD,146.1909942626953,146.1909942626953,146.27999877929688,146.1909942626953,146.27499389648438,865.0
2024-10-31 13:39:00+00:00,SGML,13.630000114440918,13.630000114440918,13.642900466918945,13.630000114440918,13.642900466918945,965.0
2024-10-31 13:39:00+00:00,SSRM,6.134699821472168,6.134699821472168,6.135000228881836,6.130000114440918,6.135000228881836,6787.0
2024-10-31 13:39:00+00:00,STLD,131.72999572753906,131.72999572753906,131.77499389648438,131.66000366210938,131.77499389648438,2979.0
2024-10-31 13:39:00+00:00,TMC,0.9776999950408936,0.9776999950408936,0.9776999950408936,0.9776999950408936,0.9776999950408936,1400.0
2024-10-31 13:39:00+00:00,ZEUS,36.13999938964844,36.13999938964844,36.19499969482422,36.13999938964844,36.19499969482422,802.0
2024-10-31 13:40:00+00:00,ALTO,1.774999976158142,1.774999976158142,1.774999976158142,1.774999976158142,1.774999976158142,100.0
2024-10-31 13:40:00+00:00,BCPC,168.60499572753906,168.60499572753906,168.60499572753906,168.60499572753906,168.60499572753906,315.0
2024-10-31 13:40:00+00:00,CENX,17.760000228881836,17.760000228881836,17.760000228881836,17.725000381469727,17.725000381469727,1574.0
2024-10-31 13:40:00+00:00,CNEY,0.4880000054836273,0.4880000054836273,0.4880000054836273,0.4880000054836273,0.4880000054836273,8445.0
2024-10-31 13:40:00+00:00,GEVO,2.3410000801086426,2.3410000801086426,2.3480000495910645,2.3410000801086426,2.3452000617980957,16014.0
2024-10-31 13:40:00+00:00,GPRE,12.899999618530273,12.899999618530273,12.933600425720215,12.859999656677246,12.933600425720215,2766.0
2024-10-31 13:40:00+00:00,GURE,0.5550000071525574,0.5550000071525574,0.6470000147819519,0.5550000071525574,0.6470000147819519,25503.0
2024-10-31 13:40:00+00:00,HDSN,7.565000057220459,7.565000057220459,7.565000057220459,7.565000057220459,7.565000057220459,956.0
2024-10-31 13:40:00+00:00,HYMC,2.440000057220459,2.440000057220459,2.440000057220459,2.440000057220459,2.440000057220459,0.0
2024-10-31 13:40:00+00:00,LWLG,3.2249999046325684,3.2249999046325684,3.2249999046325684,3.2249999046325684,3.2249999046325684,668.0
2024-10-31 13:40:00+00:00,PAAS,23.31999969482422,23.31999969482422,23.325000762939453,23.290000915527344,23.295000076293945,4900.0
2024-10-31 13:40:00+00:00,PLL,13.029999732971191,13.029999732971191,13.029999732971191,13.029999732971191,13.029999732971191,558.0
2024-10-31 13:40:00+00:00,PPTA,10.020000457763672,10.020000457763672,10.020000457763672,10.020000457763672,10.020000457763672,198.0
2024-10-31 13:40:00+00:00,RGLD,146.2550048828125,146.2550048828125,146.2550048828125,146.2550048828125,146.2550048828125,311.0
2024-10-31 13:40:00+00:00,SGML,13.630000114440918,13.630000114440918,13.630000114440918,13.619999885559082,13.619999885559082,730.0
2024-10-31 13:40:00+00:00,SSRM,6.135000228881836,6.135000228881836,6.135000228881836,6.130000114440918,6.130000114440918,846.0
2024-10-31 13:40:00+00:00,STLD,131.59390258789062,131.59390258789062,131.6824951171875,131.57000732421875,131.63999938964844,6141.0
2024-10-31 13:40:00+00:00,YTEN,0.6000999808311462,0.6000999808311462,0.6000999808311462,0.6000999808311462,0.6000999808311462,100.0
2024-10-31 13:41:00+00:00,BIOX,6.75,6.75,6.75,6.75,6.75,307.0
2024-10-31 13:41:00+00:00,GEVO,2.3399999141693115,2.3399999141693115,2.3450000286102295,2.3350000381469727,2.3450000286102295,109736.0
2024-10-31 13:41:00+00:00,GPRE,12.90999984741211,12.90999984741211,12.90999984741211,12.90999984741211,12.90999984741211,1516.0
2024-10-31 13:41:00+00:00,GURE,0.6000000238418579,0.6000000238418579,0.6000000238418579,0.6000000238418579,0.6000000238418579,5819.0
2024-10-31 13:41:00+00:00,HDSN,7.559999942779541,7.559999942779541,7.559999942779541,7.559999942779541,7.559999942779541,643.0
2024-10-31 13:41:00+00:00,IPX,21.976999282836914,21.976999282836914,21.976999282836914,21.976999282836914,21.976999282836914,234.0
2024-10-31 13:41:00+00:00,MERC,6.519999980926514,6.519999980926514,6.519999980926514,6.519999980926514,6.519999980926514,1194.0
2024-10-31 13:41:00+00:00,METC,10.15999984741211,10.15999984741211,10.15999984741211,10.15999984741211,10.15999984741211,317.0
2024-10-31 13:41:00+00:00,NTIC,12.890000343322754,12.890000343322754,12.890000343322754,12.890000343322754,12.890000343322754,374.0
2024-10-31 13:41:00+00:00,PAAS,23.31999969482422,23.31999969482422,23.31999969482422,23.309999465942383,23.309999465942383,239.0
2024-10-31 13:41:00+00:00,PLL,13.055000305175781,13.055000305175781,13.055000305175781,13.055000305175781,13.055000305175781,370.0
2024-10-31 13:41:00+00:00,RGLD,146.1999969482422,146.1999969482422,146.2100067138672,146.1999969482422,146.2100067138672,919.0
2024-10-31 13:41:00+00:00,SGML,13.640000343322754,13.640000343322754,13.640000343322754,13.619999885559082,13.619999885559082,1753.0
2024-10-31 13:41:00+00:00,SSRM,6.130000114440918,6.130000114440918,6.130000114440918,6.130000114440918,6.130000114440918,1296.0
2024-10-31 13:41:00+00:00,STLD,131.67999267578125,131.67999267578125,131.67999267578125,131.5399932861328,131.57000732421875,3507.0
2024-10-31 13:42:00+00:00,ALTO,1.774999976158142,1.774999976158142,1.774999976158142,1.774999976158142,1.774999976158142,100.0
2024-10-31 13:42:00+00:00,BIOX,6.75,6.75,6.75,6.75,6.75,308.0
2024-10-31 13:42:00+00:00,CNEY,0.5099999904632568,0.5099999904632568,0.5099999904632568,0.5099999904632568,0.5099999904632568,0.0
2024-10-31 13:42:00+00:00,CRKN,0.9399999976158142,0.9399999976158142,0.9399999976158142,0.9399999976158142,0.9399999976158142,200.0
2024-10-31 13:42:00+00:00,GEVO,2.3450000286102295,2.3450000286102295,2.3477001190185547,2.342400074005127,2.342400074005127,5974.0
2024-10-31 13:42:00+00:00,GPRE,12.914999961853027,12.914999961853027,12.914999961853027,12.893699645996094,12.901700019836426,1613.0
2024-10-31 13:42:00+00:00,HDSN,7.559999942779541,7.559999942779541,7.570000171661377,7.559899806976318,7.559899806976318,2896.0
2024-10-31 13:42:00+00:00,KALU,75.3499984741211,75.3499984741211,75.3499984741211,75.3499984741211,75.3499984741211,110.0
2024-10-31 13:42:00+00:00,LITM,0.384799987077713,0.384799987077713,0.384799987077713,0.375,0.375,1160.0
2024-10-31 13:42:00+00:00,ORGN,1.3949999809265137,1.3949999809265137,1.3949999809265137,1.3949999809265137,1.3949999809265137,326.0
2024-10-31 13:42:00+00:00,PAAS,23.309999465942383,23.309999465942383,23.31999969482422,23.309999465942383,23.31999969482422,1378.0
2024-10-31 13:42:00+00:00,SSRM,6.130000114440918,6.130000114440918,6.130000114440918,6.130000114440918,6.130000114440918,504.0
2024-10-31 13:42:00+00:00,STLD,131.8000030517578,131.8000030517578,131.8000030517578,131.72999572753906,131.72999572753906,1295.0
2024-10-31 13:42:00+00:00,TMC,0.9751999974250793,0.9751999974250793,0.9751999974250793,0.973800003528595,0.973800003528595,317.0
2024-10-31 13:42:00+00:00,UFPI,123.36000061035156,123.36000061035156,123.36000061035156,123.36000061035156,123.36000061035156,2800.0
2024-10-31 13:42:00+00:00,USLM,114.05999755859375,114.05999755859375,114.05999755859375,114.05999755859375,114.05999755859375,200.0
2024-10-31 13:43:00+00:00,ALTO,1.7699999809265137,1.7699999809265137,1.7699999809265137,1.7699999809265137,1.7699999809265137,104.0
2024-10-31 13:43:00+00:00,ASTL,10.255000114440918,10.255000114440918,10.255000114440918,10.255000114440918,10.255000114440918,1255.0
2024-10-31 13:43:00+00:00,BIOX,6.755000114440918,6.755000114440918,6.760000228881836,6.75,6.760000228881836,2533.0
2024-10-31 13:43:00+00:00,GEVO,2.3450000286102295,2.3450000286102295,2.349900007247925,2.3450000286102295,2.349900007247925,571.0
2024-10-31 13:43:00+00:00,GPRE,12.829999923706055,12.829999923706055,12.904999732971191,12.819999694824219,12.904999732971191,9209.0
2024-10-31 13:43:00+00:00,HDSN,7.564000129699707,7.564000129699707,7.564000129699707,7.564000129699707,7.564000129699707,1974.0
2024-10-31 13:43:00+00:00,HYMC,2.430000066757202,2.430000066757202,2.430000066757202,2.430000066757202,2.430000066757202,292.0
2024-10-31 13:43:00+00:00,LWLG,3.2249999046325684,3.2249999046325684,3.2249999046325684,3.2249999046325684,3.2249999046325684,467.0
2024-10-31 13:43:00+00:00,MERC,6.519999980926514,6.519999980926514,6.519999980926514,6.494999885559082,6.519999980926514,9612.0
2024-10-31 13:43:00+00:00,METC,10.170000076293945,10.170000076293945,10.170000076293945,10.170000076293945,10.170000076293945,863.0
2024-10-31 13:43:00+00:00,ORGN,1.3949999809265137,1.3949999809265137,1.3949999809265137,1.3949999809265137,1.3949999809265137,667.0
2024-10-31 13:43:00+00:00,PAAS,23.280000686645508,23.280000686645508,23.315000534057617,23.274999618530273,23.315000534057617,7322.0
2024-10-31 13:43:00+00:00,PLL,13.020000457763672,13.020000457763672,13.039999961853027,13.010000228881836,13.039999961853027,2797.0
2024-10-31 13:43:00+00:00,SSRM,6.125,6.125,6.130000114440918,6.125,6.130000114440918,7989.0
2024-10-31 13:43:00+00:00,STLD,131.8000030517578,131.8000030517578,131.8155059814453,131.8000030517578,131.8155059814453,887.0
2024-10-31 13:43:00+00:00,TMC,0.975600004196167,0.975600004196167,0.975600004196167,0.975600004196167,0.975600004196167,888.0
2024-10-31 13:43:00+00:00,USLM,114.0,114.0,114.0,114.0,114.0,2265.0
2024-10-31 13:44:00+00:00,BIOX,6.75,6.75,6.75,6.75,6.75,910.0
2024-10-31 13:44:00+00:00,CENX,17.719999313354492,17.719999313354492,17.739999771118164,17.719999313354492,17.739999771118164,6316.0
2024-10-31 13:44:00+00:00,CNEY,0.5099999904632568,0.5099999904632568,0.5099999904632568,0.5099999904632568,0.5099999904632568,100.0
2024-10-31 13:44:00+00:00,CRKN,0.9322999715805054,0.9322999715805054,0.9322999715805054,0.9322999715805054,0.9322999715805054,100.0
2024-10-31 13:44:00+00:00,FEAM,0.4699999988079071,0.4699999988079071,0.4699999988079071,0.4699999988079071,0.4699999988079071,294.0
2024-10-31 13:44:00+00:00,GEVO,2.3499999046325684,2.3499999046325684,2.3499999046325684,2.3399999141693115,2.3450000286102295,10837.0
2024-10-31 13:44:00+00:00,GPRE,12.800000190734863,12.800000190734863,12.8100004196167,12.789999961853027,12.8100004196167,2645.0
2024-10-31 13:44:00+00:00,GSM,4.159999847412109,4.159999847412109,4.159999847412109,4.159999847412109,4.159999847412109,1358.0
2024-10-31 13:44:00+00:00,HDSN,7.570000171661377,7.570000171661377,7.570000171661377,7.570000171661377,7.570000171661377,0.0
2024-10-31 13:44:00+00:00,IOSP,109.1449966430664,109.1449966430664,109.1449966430664,109.1449966430664,109.1449966430664,225.0
2024-10-31 13:44:00+00:00,KALU,75.22000122070312,75.22000122070312,75.22000122070312,75.22000122070312,75.22000122070312,298.0
2024-10-31 13:44:00+00:00,PAAS,23.290000915527344,23.290000915527344,23.298799514770508,23.28499984741211,23.28499984741211,930.0
2024-10-31 13:44:00+00:00,PLL,13.020000457763672,13.020000457763672,13.020000457763672,13.020000457763672,13.020000457763672,592.0
2024-10-31 13:44:00+00:00,PPTA,10.020000457763672,10.020000457763672,10.020000457763672,10.020000457763672,10.020000457763672,200.0
2024-10-31 13:44:00+00:00,RGLD,146.1199951171875,146.1199951171875,146.1199951171875,146.1199951171875,146.1199951171875,621.0
2024-10-31 13:44:00+00:00,SNES,2.8499999046325684,2.8499999046325684,2.8499999046325684,2.8499999046325684,2.8499999046325684,974.0
2024-10-31 13:44:00+00:00,TMC,0.9750000238418579,0.9750000238418579,0.9750000238418579,0.9733999967575073,0.9733999967575073,245.0
2024-10-31 13:45:00+00:00,AREC,0.991100013256073,0.991100013256073,0.991100013256073,0.9900000095367432,0.9900000095367432,3665.0
2024-10-31 13:45:00+00:00,CNEY,0.4880000054836273,0.4880000054836273,0.4880000054836273,0.4880000054836273,0.4880000054836273,8676.0
2024-10-31 13:45:00+00:00,GEVO,2.3350000381469727,2.3350000381469727,2.3454999923706055,2.3350000381469727,2.3415000438690186,36341.0
2024-10-31 13:45:00+00:00,GPRE,12.800000190734863,12.800000190734863,12.800000190734863,12.789999961853027,12.789999961853027,441.0
2024-10-31 13:45:00+00:00,GURE,0.6000000238418579,0.6000000238418579,0.6327999830245972,0.6000000238418579,0.6104999780654907,1100.0
2024-10-31 13:45:00+00:00,HDSN,7.570000171661377,7.570000171661377,7.579999923706055,7.570000171661377,7.570000171661377,1090.0
2024-10-31 13:45:00+00:00,HYMCW,0.01080000028014183,0.01080000028014183,0.01080000028014183,0.010599999688565731,0.010599999688565731,1589.0
2024-10-31 13:45:00+00:00,LWLG,3.2249999046325684,3.2249999046325684,3.2249999046325684,3.2249999046325684,3.2249999046325684,167.0
2024-10-31 13:45:00+00:00,METC,10.15999984741211,10.15999984741211,10.164999961853027,10.15999984741211,10.15999984741211,1025.0
2024-10-31 13:45:00+00:00,PAAS,23.290000915527344,23.290000915527344,23.299999237060547,23.290000915527344,23.295000076293945,3081.0
2024-10-31 13:45:00+00:00,PLL,13.0600004196167,13.0600004196167,13.0600004196167,13.050000190734863,13.050000190734863,476.0
2024-10-31 13:45:00+00:00,PPTA,10.029999732971191,10.029999732971191,10.029999732971191,10.029999732971191,10.029999732971191,224.0
2024-10-31 13:45:00+00:00,SGML,13.620100021362305,13.620100021362305,13.621999740600586,13.620100021362305,13.621999740600586,1510.0
2024-10-31 13:45:00+00:00,SMID,34.28499984741211,34.28499984741211,34.28499984741211,34.28499984741211,34.28499984741211,236.0
2024-10-31 13:45:00+00:00,SSRM,6.129899978637695,6.129899978637695,6.129899978637695,6.119999885559082,6.129000186920166,3490.0
2024-10-31 13:45:00+00:00,STLD,131.89999389648438,131.89999389648438,131.89999389648438,131.80450439453125,131.82000732421875,2193.0
2024-10-31 13:45:00+00:00,ZEUS,36.14500045776367,36.14500045776367,36.14500045776367,36.14500045776367,36.14500045776367,2858.0
2024-10-31 13:46:00+00:00,ACNT,9.385000228881836,9.385000228881836,9.385000228881836,9.385000228881836,9.385000228881836,350.0
2024-10-31 13:46:00+00:00,CENX,17.709999084472656,17.709999084472656,17.709999084472656,17.709999084472656,17.709999084472656,1030.0
2024-10-31 13:46:00+00:00,CNEY,0.5099999904632568,0.5099999904632568,0.5099999904632568,0.5099999904632568,0.5099999904632568,0.0
2024-10-31 13:46:00+00:00,CRKN,0.9399999976158142,0.9399999976158142,0.9399999976158142,0.9399999976158142,0.9399999976158142,100.0
2024-10-31 13:46:00+00:00,GEVO,2.3350000381469727,2.3350000381469727,2.3399999141693115,2.3350000381469727,2.3399999141693115,12552.0
2024-10-31 13:46:00+00:00,GPRE,12.800000190734863,12.800000190734863,12.8100004196167,12.800000190734863,12.8100004196167,658.0
2024-10-31 13:46:00+00:00,IOSP,109.14399719238281,109.14399719238281,109.14399719238281,109.14399719238281,109.14399719238281,643.0
2024-10-31 13:46:00+00:00,LITM,0.375,0.375,0.375,0.375,0.375,40.0
2024-10-31 13:46:00+00:00,METC,10.149999618530273,10.149999618530273,10.15999984741211,10.149999618530273,10.15999984741211,2187.0
2024-10-31 13:46:00+00:00,ORGN,1.3949999809265137,1.3949999809265137,1.3949999809265137,1.3949999809265137,1.3949999809265137,2338.0
2024-10-31 13:46:00+00:00,PAAS,23.260000228881836,23.260000228881836,23.290000915527344,23.260000228881836,23.290000915527344,1687.0
2024-10-31 13:46:00+00:00,PPTA,10.029999732971191,10.029999732971191,10.029999732971191,10.029999732971191,10.029999732971191,607.0
2024-10-31 13:46:00+00:00,RGLD,145.94000244140625,145.94000244140625,146.07000732421875,145.94000244140625,146.07000732421875,441.0
2024-10-31 13:46:00+00:00,STLD,131.7996063232422,131.7996063232422,131.7996063232422,131.7996063232422,131.7996063232422,413.0
2024-10-31 13:47:00+00:00,ASTL,10.25,10.25,10.255000114440918,10.25,10.255000114440918,470.0
2024-10-31 13:47:00+00:00,CENX,17.700000762939453,17.700000762939453,17.700000762939453,17.700000762939453,17.700000762939453,946.0
2024-10-31 13:47:00+00:00,CRKN,0.9399999976158142,0.9399999976158142,0.9399999976158142,0.932200014591217,0.9361000061035156,2400.0
2024-10-31 13:47:00+00:00,GEVO,2.3399999141693115,2.3399999141693115,2.3399999141693115,2.339900016784668,2.3399999141693115,895.0
2024-10-31 13:47:00+00:00,GPRE,12.789999961853027,12.789999961853027,12.800000190734863,12.779999732971191,12.800000190734863,1399.0
2024-10-31 13:47:00+00:00,GSM,4.159999847412109,4.159999847412109,4.161200046539307,4.159999847412109,4.161200046539307,271.0
2024-10-31 13:47:00+00:00,GURE,0.6200000047683716,0.6200000047683716,0.6200000047683716,0.6200000047683716,0.6200000047683716,1700.0
2024-10-31 13:47:00+00:00,HDSN,7.579999923706055,7.579999923706055,7.579999923706055,7.579999923706055,7.579999923706055,444.0
2024-10-31 13:47:00+00:00,LWLG,3.2149999141693115,3.2149999141693115,3.2149999141693115,3.2149999141693115,3.2149999141693115,262.0
2024-10-31 13:47:00+00:00,METC,10.140000343322754,10.140000343322754,10.140000343322754,10.140000343322754,10.140000343322754,997.0
2024-10-31 13:47:00+00:00,PAAS,23.22010040283203,23.22010040283203,23.2549991607666,23.22010040283203,23.2549991607666,3072.0
2024-10-31 13:47:00+00:00,PLL,13.029999732971191,13.029999732971191,13.029999732971191,13.029999732971191,13.029999732971191,1081.0
2024-10-31 13:47:00+00:00,RGLD,146.02999877929688,146.02999877929688,146.02999877929688,145.92999267578125,145.92999267578125,491.0
2024-10-31 13:47:00+00:00,SGML,13.609999656677246,13.609999656677246,13.609999656677246,13.609999656677246,13.609999656677246,1082.0
2024-10-31 13:47:00+00:00,SSRM,6.114999771118164,6.114999771118164,6.119999885559082,6.114999771118164,6.119999885559082,3045.0
2024-10-31 13:47:00+00:00,STLD,131.8350067138672,131.8350067138672,131.8699951171875,131.80999755859375,131.80999755859375,859.0
2024-10-31 13:47:00+00:00,USAP,43.900001525878906,43.900001525878906,43.90999984741211,43.900001525878906,43.90909957885742,5474.0
2024-10-31 13:47:00+00:00,USAU,6.099999904632568,6.099999904632568,6.099999904632568,6.099999904632568,6.099999904632568,202.0
2024-10-31 13:48:00+00:00,BCPC,168.625,168.625,168.625,168.625,168.625,521.0
2024-10-31 13:48:00+00:00,BIOX,6.75,6.75,6.75,6.75,6.75,274.0
2024-10-31 13:48:00+00:00,CNEY,0.5099999904632568,0.5099999904632568,0.5099999904632568,0.5099999904632568,0.5099999904632568,100.0
2024-10-31 13:48:00+00:00,CRKN,0.932200014591217,0.932200014591217,0.932200014591217,0.932200014591217,0.932200014591217,900.0
2024-10-31 13:48:00+00:00,GEVO,2.3203001022338867,2.3203001022338867,2.3350000381469727,2.319999933242798,2.3350000381469727,48360.0
2024-10-31 13:48:00+00:00,GPRE,12.69849967956543,12.69849967956543,12.835000038146973,12.69849967956543,12.800000190734863,24890.0
2024-10-31 13:48:00+00:00,GSM,4.161200046539307,4.161200046539307,4.164999961853027,4.161200046539307,4.164999961853027,1479.0
2024-10-31 13:48:00+00:00,HYMC,2.424999952316284,2.424999952316284,2.424999952316284,2.4200000762939453,2.4200000762939453,2400.0
2024-10-31 13:48:00+00:00,LWLG,3.2100000381469727,3.2100000381469727,3.2100000381469727,3.2100000381469727,3.2100000381469727,315.0
2024-10-31 13:48:00+00:00,MERC,6.519999980926514,6.519999980926514,6.525000095367432,6.519999980926514,6.519999980926514,2044.0
2024-10-31 13:48:00+00:00,PAAS,23.219999313354492,23.219999313354492,23.225000381469727,23.209999084472656,23.225000381469727,1983.0
2024-10-31 13:48:00+00:00,PPTA,10.020000457763672,10.020000457763672,10.020000457763672,10.020000457763672,10.020000457763672,930.0
2024-10-31 13:48:00+00:00,RGLD,146.02999877929688,146.02999877929688,146.02999877929688,146.02999877929688,146.02999877929688,2403.0
2024-10-31 13:48:00+00:00,SGML,13.619999885559082,13.619999885559082,13.619999885559082,13.600000381469727,13.600000381469727,4315.0
2024-10-31 13:48:00+00:00,STLD,131.77499389648438,131.77499389648438,131.86790466308594,131.76499938964844,131.76499938964844,673.0
2024-10-31 13:48:00+00:00,TMC,0.9746999740600586,0.9746999740600586,0.9746999740600586,0.9746999740600586,0.9746999740600586,200.0
2024-10-31 13:48:00+00:00,USAP,43.939998626708984,43.939998626708984,43.939998626708984,43.939998626708984,43.939998626708984,308.0
2024-10-31 13:48:00+00:00,USAU,6.107800006866455,6.107800006866455,6.107800006866455,6.107800006866455,6.107800006866455,466.0
2024-10-31 13:49:00+00:00,CENX,17.704999923706055,17.704999923706055,17.704999923706055,17.704999923706055,17.704999923706055,1908.0
2024-10-31 13:49:00+00:00,GEVO,2.3299999237060547,2.3299999237060547,2.3299999237060547,2.3299999237060547,2.3299999237060547,141.0
2024-10-31 13:49:00+00:00,GPRE,12.6899995803833,12.6899995803833,12.739999771118164,12.6899995803833,12.739999771118164,953.0
2024-10-31 13:49:00+00:00,GSM,4.159999847412109,4.159999847412109,4.170000076293945,4.159999847412109,4.170000076293945,885.0
2024-10-31 13:49:00+00:00,LWLG,3.2200000286102295,3.2200000286102295,3.2200000286102295,3.2200000286102295,3.2200000286102295,715.0
2024-10-31 13:49:00+00:00,MEOH,39.040000915527344,39.040000915527344,39.040000915527344,39.040000915527344,39.040000915527344,1238.0
2024-10-31 13:49:00+00:00,MERC,6.519999980926514,6.519999980926514,6.519999980926514,6.519999980926514,6.519999980926514,254.0
2024-10-31 13:49:00+00:00,PAAS,23.250099182128906,23.250099182128906,23.250099182128906,23.229999542236328,23.229999542236328,3854.0
2024-10-31 13:49:00+00:00,SGML,13.630000114440918,13.630000114440918,13.630000114440918,13.630000114440918,13.630000114440918,827.0
2024-10-31 13:49:00+00:00,SSRM,6.110000133514404,6.110000133514404,6.114999771118164,6.110000133514404,6.114999771118164,3286.0
2024-10-31 13:49:00+00:00,STLD,131.8699951171875,131.8699951171875,131.8699951171875,131.86000061035156,131.86000061035156,1193.0
2024-10-31 13:49:00+00:00,USAP,43.93000030517578,43.93000030517578,43.93000030517578,43.93000030517578,43.93000030517578,481.0
2024-10-31 13:49:00+00:00,USLM,114.22720336914062,114.22720336914062,114.22720336914062,114.22720336914062,114.22720336914062,1121.0
2024-10-31 13:50:00+00:00,AREC,0.9934999942779541,0.9934999942779541,0.9934999942779541,0.9882000088691711,0.9902999997138977,6526.0
2024-10-31 13:50:00+00:00,ASTL,10.260000228881836,10.260000228881836,10.260000228881836,10.260000228881836,10.260000228881836,1547.0
2024-10-31 13:50:00+00:00,CRKN,0.9361000061035156,0.9361000061035156,0.9361000061035156,0.9361000061035156,0.9361000061035156,0.0
2024-10-31 13:50:00+00:00,GEVO,2.3350000381469727,2.3350000381469727,2.3350000381469727,2.3350000381469727,2.3350000381469727,28407.0
2024-10-31 13:50:00+00:00,GPRE,12.738499641418457,12.738499641418457,12.738499641418457,12.738499641418457,12.738499641418457,24331.0
2024-10-31 13:50:00+00:00,GURE,0.6352999806404114,0.6352999806404114,0.6352999806404114,0.6352999806404114,0.6352999806404114,4300.0
2024-10-31 13:50:00+00:00,HDSN,7.574999809265137,7.574999809265137,7.574999809265137,7.574999809265137,7.574999809265137,1566.0
2024-10-31 13:50:00+00:00,HYMC,2.430000066757202,2.430000066757202,2.430000066757202,2.430000066757202,2.430000066757202,242.0
2024-10-31 13:50:00+00:00,KALU,75.22000122070312,75.22000122070312,75.22000122070312,75.22000122070312,75.22000122070312,236.0
2024-10-31 13:50:00+00:00,LGO,2.450000047683716,2.450000047683716,2.450000047683716,2.450000047683716,2.450000047683716,811.0
2024-10-31 13:50:00+00:00,MERC,6.489999771118164,6.489999771118164,6.510000228881836,6.480000019073486,6.510000228881836,2182.0
2024-10-31 13:50:00+00:00,METC,10.119999885559082,10.119999885559082,10.119999885559082,10.119999885559082,10.119999885559082,1045.0
2024-10-31 13:50:00+00:00,PAAS,23.243200302124023,23.243200302124023,23.25,23.243200302124023,23.25,2477.0
2024-10-31 13:50:00+00:00,PLL,13.038200378417969,13.038200378417969,13.038200378417969,13.010000228881836,13.010000228881836,1684.0
2024-10-31 13:50:00+00:00,SSRM,6.114999771118164,6.114999771118164,6.114999771118164,6.114999771118164,6.114999771118164,885.0
2024-10-31 13:50:00+00:00,STLD,131.83999633789062,131.83999633789062,131.83999633789062,131.83999633789062,131.83999633789062,435.0
2024-10-31 13:51:00+00:00,ALTO,1.784999966621399,1.784999966621399,1.784999966621399,1.7799999713897705,1.7799999713897705,18264.0
2024-10-31 13:51:00+00:00,BIOX,6.75,6.75,6.75,6.75,6.75,3214.0
2024-10-31 13:51:00+00:00,CNEY,0.5063999891281128,0.5063999891281128,0.5063999891281128,0.5063999891281128,0.5063999891281128,1000.0
2024-10-31 13:51:00+00:00,CRKN,0.9322999715805054,0.9322999715805054,0.9322999715805054,0.9322999715805054,0.9322999715805054,100.0
2024-10-31 13:51:00+00:00,GEVO,2.325000047683716,2.325000047683716,2.3399999141693115,2.325000047683716,2.3373000621795654,17103.0
2024-10-31 13:51:00+00:00,GPRE,12.729999542236328,12.729999542236328,12.770000457763672,12.710000038146973,12.770000457763672,3458.0
2024-10-31 13:51:00+00:00,GURE,0.6352999806404114,0.6352999806404114,0.6352999806404114,0.6352999806404114,0.6352999806404114,652.0
2024-10-31 13:51:00+00:00,HYMC,2.4200000762939453,2.4200000762939453,2.4200000762939453,2.4200000762939453,2.4200000762939453,1331.0
2024-10-31 13:51:00+00:00,LITM,0.375,0.375,0.375,0.375,0.375,370.0
2024-10-31 13:51:00+00:00,ORGN,1.3949999809265137,1.3949999809265137,1.3949999809265137,1.3949999809265137,1.3949999809265137,480.0
2024-10-31 13:51:00+00:00,PAAS,23.229999542236328,23.229999542236328,23.239999771118164,23.229999542236328,23.239999771118164,1787.0
2024-10-31 13:51:00+00:00,SGML,13.640000343322754,13.640000343322754,13.645000457763672,13.640000343322754,13.645000457763672,424.0
2024-10-31 13:51:00+00:00,SNES,2.825000047683716,2.825000047683716,2.825000047683716,2.825000047683716,2.825000047683716,0.0
2024-10-31 13:51:00+00:00,STLD,131.75999450683594,131.75999450683594,131.77000427246094,131.72000122070312,131.77000427246094,1675.0
2024-10-31 13:51:00+00:00,TMC,0.9747999906539917,0.9747999906539917,0.9747999906539917,0.9747999906539917,0.9747999906539917,3711.0
2024-10-31 13:52:00+00:00,BIOX,6.75,6.75,6.757999897003174,6.75,6.757999897003174,960.0
2024-10-31 13:52:00+00:00,CENX,17.700000762939453,17.700000762939453,17.700000762939453,17.700000762939453,17.700000762939453,405.0
2024-10-31 13:52:00+00:00,CNEY,0.5099999904632568,0.5099999904632568,0.5099999904632568,0.5099999904632568,0.5099999904632568,0.0
2024-10-31 13:52:00+00:00,CRKN,0.9399999976158142,0.9399999976158142,0.9399999976158142,0.9399999976158142,0.9399999976158142,100.0
2024-10-31 13:52:00+00:00,GEVO,2.321899890899658,2.321899890899658,2.329900026321411,2.321899890899658,2.325000047683716,2472.0
2024-10-31 13:52:00+00:00,KALU,75.40499877929688,75.40499877929688,75.40499877929688,75.40499877929688,75.40499877929688,160.0
2024-10-31 13:52:00+00:00,LGO,2.440000057220459,2.440000057220459,2.440000057220459,2.440000057220459,2.440000057220459,200.0
2024-10-31 13:52:00+00:00,MEOH,39.060001373291016,39.060001373291016,39.060001373291016,39.04999923706055,39.04999923706055,1091.0
2024-10-31 13:52:00+00:00,MERC,6.494999885559082,6.494999885559082,6.494999885559082,6.494999885559082,6.494999885559082,388.0
2024-10-31 13:52:00+00:00,METC,10.130000114440918,10.130000114440918,10.130000114440918,10.130000114440918,10.130000114440918,1341.0
2024-10-31 13:52:00+00:00,PAAS,23.260000228881836,23.260000228881836,23.270000457763672,23.235000610351562,23.235000610351562,3878.0
2024-10-31 13:52:00+00:00,PLL,13.039999961853027,13.039999961853027,13.039999961853027,13.0,13.020000457763672,5800.0
2024-10-31 13:52:00+00:00,SEED,2.5787999629974365,2.5787999629974365,2.5787999629974365,2.559999942779541,2.559999942779541,946.0
2024-10-31 13:52:00+00:00,SGML,13.680000305175781,13.680000305175781,13.680000305175781,13.65999984741211,13.65999984741211,872.0
2024-10-31 13:52:00+00:00,SSRM,6.114999771118164,6.114999771118164,6.114999771118164,6.114999771118164,6.114999771118164,1007.0
2024-10-31 13:52:00+00:00,STLD,131.77000427246094,131.77000427246094,131.7949981689453,131.75999450683594,131.75999450683594,931.0
2024-10-31 13:52:00+00:00,USAP,43.952598571777344,43.952598571777344,43.952598571777344,43.952598571777344,43.952598571777344,577.0
2024-10-31 13:53:00+00:00,ACNT,9.385000228881836,9.385000228881836,9.385000228881836,9.385000228881836,9.385000228881836,157.0
2024-10-31 13:53:00+00:00,ALTO,1.784999966621399,1.784999966621399,1.7898999452590942,1.784999966621399,1.7898999452590942,2818.0
2024-10-31 13:53:00+00:00,BCPC,168.68499755859375,168.68499755859375,168.68499755859375,168.68499755859375,168.68499755859375,154.0
2024-10-31 13:53:00+00:00,CENX,17.700000762939453,17.700000762939453,17.700000762939453,17.700000762939453,17.700000762939453,1666.0
2024-10-31 13:53:00+00:00,CNEY,0.5098999738693237,0.5098999738693237,0.5098999738693237,0.5098999738693237,0.5098999738693237,1948.0
2024-10-31 13:53:00+00:00,CRKN,0.9323999881744385,0.9323999881744385,0.9323999881744385,0.9323999881744385,0.9323999881744385,150.0
2024-10-31 13:53:00+00:00,GEVO,2.325000047683716,2.325000047683716,2.329699993133545,2.3201000690460205,2.325000047683716,33812.0
2024-10-31 13:53:00+00:00,GPRE,12.699999809265137,12.699999809265137,12.699999809265137,12.699999809265137,12.699999809265137,126.0
2024-10-31 13:53:00+00:00,GSM,4.164999961853027,4.164999961853027,4.164999961853027,4.164999961853027,4.164999961853027,450.0
2024-10-31 13:53:00+00:00,HDSN,7.574999809265137,7.574999809265137,7.574999809265137,7.574999809265137,7.574999809265137,627.0
2024-10-31 13:53:00+00:00,LGO,2.434999942779541,2.434999942779541,2.434999942779541,2.434999942779541,2.434999942779541,249.0
2024-10-31 13:53:00+00:00,LITM,0.375,0.375,0.375,0.375,0.375,2793.0
2024-10-31 13:53:00+00:00,MEOH,39.17300033569336,39.17300033569336,39.17300033569336,39.150001525878906,39.150001525878906,409.0
2024-10-31 13:53:00+00:00,PAAS,23.270000457763672,23.270000457763672,23.270000457763672,23.260000228881836,23.260000228881836,1583.0
2024-10-31 13:53:00+00:00,PPTA,10.03499984741211,10.03499984741211,10.03499984741211,10.024999618530273,10.024999618530273,282.0
2024-10-31 13:53:00+00:00,RGLD,146.05250549316406,146.05250549316406,146.14999389648438,146.05250549316406,146.1199951171875,2870.0
2024-10-31 13:53:00+00:00,SGML,13.675000190734863,13.675000190734863,13.675000190734863,13.675000190734863,13.675000190734863,305.0
2024-10-31 13:53:00+00:00,SSRM,6.125,6.125,6.125,6.119999885559082,6.119999885559082,7138.0
2024-10-31 13:53:00+00:00,STLD,131.8300018310547,131.8300018310547,131.8300018310547,131.8300018310547,131.8300018310547,611.0
2024-10-31 13:54:00+00:00,ASTL,10.25,10.25,10.25,10.25,10.25,1002.0
2024-10-31 13:54:00+00:00,BCPC,168.67999267578125,168.67999267578125,168.67999267578125,168.67999267578125,168.67999267578125,849.0
2024-10-31 13:54:00+00:00,BIOX,6.75,6.75,6.75,6.75,6.75,304.0
2024-10-31 13:54:00+00:00,CNEY,0.5099999904632568,0.5099999904632568,0.5099999904632568,0.5099999904632568,0.5099999904632568,0.0
2024-10-31 13:54:00+00:00,CRKN,0.9399999976158142,0.9399999976158142,0.9399999976158142,0.9399999976158142,0.9399999976158142,75.0
2024-10-31 13:54:00+00:00,GEVO,2.319999933242798,2.319999933242798,2.328700065612793,2.319999933242798,2.319999933242798,9099.0
2024-10-31 13:54:00+00:00,GPRE,12.71500015258789,12.71500015258789,12.720000267028809,12.694999694824219,12.699999809265137,2302.0
2024-10-31 13:54:00+00:00,GSM,4.170000076293945,4.170000076293945,4.170000076293945,4.170000076293945,4.170000076293945,3815.0
2024-10-31 13:54:00+00:00,KALU,75.40499877929688,75.40499877929688,75.40499877929688,75.40499877929688,75.40499877929688,576.0
2024-10-31 13:54:00+00:00,LGO,2.430000066757202,2.430000066757202,2.430000066757202,2.430000066757202,2.430000066757202,5941.0
2024-10-31 13:54:00+00:00,LWLG,3.2200000286102295,3.2200000286102295,3.2200000286102295,3.2200000286102295,3.2200000286102295,136.0
2024-10-31 13:54:00+00:00,MEOH,39.14500045776367,39.14500045776367,39.14500045776367,39.14500045776367,39.14500045776367,419.0
2024-10-31 13:54:00+00:00,MERC,6.5,6.5,6.5,6.5,6.5,1757.0
2024-10-31 13:54:00+00:00,ORGN,1.3949999809265137,1.3949999809265137,1.3949999809265137,1.3910000324249268,1.3910000324249268,818.0
2024-10-31 13:54:00+00:00,PAAS,23.264999389648438,23.264999389648438,23.270000457763672,23.260000228881836,23.269100189208984,3496.0
2024-10-31 13:54:00+00:00,PLL,13.020000457763672,13.020000457763672,13.020000457763672,13.020000457763672,13.020000457763672,129.0
2024-10-31 13:54:00+00:00,STLD,131.8000030517578,131.8000030517578,131.8800048828125,131.8000030517578,131.8800048828125,495.0
2024-10-31 13:55:00+00:00,ALTO,1.7899999618530273,1.7899999618530273,1.7949999570846558,1.784999966621399,1.7899999618530273,26150.0
2024-10-31 13:55:00+00:00,CNEY,0.5099999904632568,0.5099999904632568,0.5099999904632568,0.5099999904632568,0.5099999904632568,100.0
2024-10-31 13:55:00+00:00,CRKN,0.9322999715805054,0.9322999715805054,0.9322999715805054,0.9322999715805054,0.9322999715805054,556.0
2024-10-31 13:55:00+00:00,GEVO,2.327399969100952,2.327399969100952,2.329900026321411,2.325000047683716,2.325000047683716,732.0
2024-10-31 13:55:00+00:00,GPRE,12.720000267028809,12.720000267028809,12.720000267028809,12.720000267028809,12.720000267028809,1734.0
2024-10-31 13:55:00+00:00,GSM,4.175000190734863,4.175000190734863,4.179999828338623,4.175000190734863,4.179999828338623,329.0
2024-10-31 13:55:00+00:00,GURE,0.6320000290870667,0.6320000290870667,0.6320000290870667,0.6320000290870667,0.6320000290870667,1686.0
2024-10-31 13:55:00+00:00,IONR,7.800099849700928,7.800099849700928,7.800099849700928,7.800099849700928,7.800099849700928,428.0
2024-10-31 13:55:00+00:00,LGO,2.4100000858306885,2.4100000858306885,2.4100000858306885,2.4100000858306885,2.4100000858306885,5252.0
2024-10-31 13:55:00+00:00,LWLG,3.2249999046325684,3.2249999046325684,3.2249999046325684,3.2249999046325684,3.2249999046325684,277.0
2024-10-31 13:55:00+00:00,METC,10.135000228881836,10.135000228881836,10.135000228881836,10.135000228881836,10.135000228881836,800.0
2024-10-31 13:55:00+00:00,ORGN,1.3949999809265137,1.3949999809265137,1.3949999809265137,1.3949999809265137,1.3949999809265137,296.0
2024-10-31 13:55:00+00:00,PAAS,23.2549991607666,23.2549991607666,23.260000228881836,23.2450008392334,23.260000228881836,5337.0
2024-10-31 13:55:00+00:00,PLL,13.050000190734863,13.050000190734863,13.050000190734863,13.050000190734863,13.050000190734863,249.0
2024-10-31 13:55:00+00:00,PPTA,10.03969955444336,10.03969955444336,10.03969955444336,10.03969955444336,10.03969955444336,996.0
2024-10-31 13:55:00+00:00,SGML,13.699999809265137,13.699999809265137,13.699999809265137,13.680000305175781,13.680000305175781,5598.0
2024-10-31 13:55:00+00:00,STLD,131.7899932861328,131.7899932861328,131.7899932861328,131.7899932861328,131.7899932861328,219.0
2024-10-31 13:56:00+00:00,ALTO,1.7899999618530273,1.7899999618530273,1.7899999618530273,1.784999966621399,1.784999966621399,1147.0
2024-10-31 13:56:00+00:00,CENX,17.700000762939453,17.700000762939453,17.700000762939453,17.700000762939453,17.700000762939453,1284.0
2024-10-31 13:56:00+00:00,CRKN,0.9399999976158142,0.9399999976158142,0.9399999976158142,0.9399999976158142,0.9399999976158142,0.0
2024-10-31 13:56:00+00:00,GEVO,2.325000047683716,2.325000047683716,2.325000047683716,2.319999933242798,2.319999933242798,13302.0
2024-10-31 13:56:00+00:00,GPRE,12.651399612426758,12.651399612426758,12.711999893188477,12.649999618530273,12.710000038146973,8727.0
2024-10-31 13:56:00+00:00,GSM,4.175000190734863,4.175000190734863,4.175000190734863,4.175000190734863,4.175000190734863,1815.0
2024-10-31 13:56:00+00:00,PAAS,23.260000228881836,23.260000228881836,23.260000228881836,23.25,23.2549991607666,3039.0
2024-10-31 13:56:00+00:00,PLL,13.079999923706055,13.079999923706055,13.079999923706055,13.037500381469727,13.037500381469727,3579.0
2024-10-31 13:56:00+00:00,SGML,13.675000190734863,13.675000190734863,13.6899995803833,13.650300025939941,13.670000076293945,5667.0
2024-10-31 13:56:00+00:00,SSRM,6.127500057220459,6.127500057220459,6.127500057220459,6.125999927520752,6.125999927520752,3669.0
2024-10-31 13:57:00+00:00,BIOX,6.75,6.75,6.75,6.75,6.75,102.0
2024-10-31 13:57:00+00:00,CNEY,0.5099999904632568,0.5099999904632568,0.5099999904632568,0.5099999904632568,0.5099999904632568,100.0
2024-10-31 13:57:00+00:00,CRKN,0.9399999976158142,0.9399999976158142,0.9399999976158142,0.9399999976158142,0.9399999976158142,200.0
2024-10-31 13:57:00+00:00,FEAM,0.4699999988079071,0.4699999988079071,0.4699999988079071,0.4699999988079071,0.4699999988079071,297.0
2024-10-31 13:57:00+00:00,GEVO,2.319999933242798,2.319999933242798,2.322999954223633,2.305000066757202,2.322999954223633,205868.0
2024-10-31 13:57:00+00:00,GPRE,12.609999656677246,12.609999656677246,12.640000343322754,12.600099563598633,12.609999656677246,7033.0
2024-10-31 13:57:00+00:00,HYMC,2.4107000827789307,2.4107000827789307,2.4107000827789307,2.4107000827789307,2.4107000827789307,108.0
2024-10-31 13:57:00+00:00,KALU,75.33999633789062,75.33999633789062,75.33999633789062,75.33999633789062,75.33999633789062,254.0
2024-10-31 13:57:00+00:00,LITM,0.375,0.375,0.375,0.375,0.375,393.0
2024-10-31 13:57:00+00:00,LWLG,3.2249999046325684,3.2249999046325684,3.2249999046325684,3.2200000286102295,3.2200000286102295,407.0
2024-10-31 13:57:00+00:00,PAAS,23.270000457763672,23.270000457763672,23.270000457763672,23.260000228881836,23.264999389648438,2183.0
2024-10-31 13:57:00+00:00,PLL,13.010000228881836,13.010000228881836,13.0600004196167,13.010000228881836,13.0600004196167,898.0
2024-10-31 13:57:00+00:00,SNES,2.8299999237060547,2.8299999237060547,2.8299999237060547,2.801100015640259,2.801100015640259,701.0
2024-10-31 13:57:00+00:00,STLD,131.77999877929688,131.77999877929688,131.77999877929688,131.77999877929688,131.77999877929688,807.0
2024-10-31 13:58:00+00:00,ALTO,1.784999966621399,1.784999966621399,1.784999966621399,1.784999966621399,1.784999966621399,100.0
2024-10-31 13:58:00+00:00,BCPC,169.27999877929688,169.27999877929688,169.27999877929688,169.27999877929688,169.27999877929688,574.0
2024-10-31 13:58:00+00:00,BIOX,6.75,6.75,6.75,6.75,6.75,343.0
2024-10-31 13:58:00+00:00,CENX,17.729999542236328,17.729999542236328,17.729999542236328,17.729999542236328,17.729999542236328,295.0
2024-10-31 13:58:00+00:00,CRKN,0.9322999715805054,0.9322999715805054,0.9322999715805054,0.932200014591217,0.9322999715805054,3792.0
2024-10-31 13:58:00+00:00,GEVO,2.319999933242798,2.319999933242798,2.319999933242798,2.309999942779541,2.319999933242798,51432.0
2024-10-31 13:58:00+00:00,GPRE,12.59000015258789,12.59000015258789,12.595000267028809,12.579999923706055,12.59000015258789,2105.0
2024-10-31 13:58:00+00:00,GSM,4.170100212097168,4.170100212097168,4.170100212097168,4.170100212097168,4.170100212097168,965.0
2024-10-31 13:58:00+00:00,HDSN,7.579999923706055,7.579999923706055,7.579999923706055,7.579999923706055,7.579999923706055,989.0
2024-10-31 13:58:00+00:00,LWLG,3.2200000286102295,3.2200000286102295,3.2200000286102295,3.2200000286102295,3.2200000286102295,200.0
2024-10-31 13:58:00+00:00,METC,10.145000457763672,10.145000457763672,10.145000457763672,10.140000343322754,10.140000343322754,987.0
2024-10-31 13:58:00+00:00,PAAS,23.280000686645508,23.280000686645508,23.280000686645508,23.270000457763672,23.270000457763672,3248.0
2024-10-31 13:58:00+00:00,PLL,13.010000228881836,13.010000228881836,13.029999732971191,13.010000228881836,13.029999732971191,605.0
2024-10-31 13:58:00+00:00,RGLD,146.22000122070312,146.22000122070312,146.22000122070312,146.21060180664062,146.21060180664062,1526.0
2024-10-31 13:58:00+00:00,SGML,13.675000190734863,13.675000190734863,13.675000190734863,13.675000190734863,13.675000190734863,585.0
2024-10-31 13:58:00+00:00,SSRM,6.125,6.125,6.130000114440918,6.125,6.125,5911.0
2024-10-31 13:58:00+00:00,STLD,131.8699951171875,131.8699951171875,131.8699951171875,131.83749389648438,131.83749389648438,502.0
2024-10-31 13:58:00+00:00,TMC,0.9767000079154968,0.9767000079154968,0.9767000079154968,0.9767000079154968,0.9767000079154968,851.0
2024-10-31 13:58:00+00:00,USAP,43.95000076293945,43.95000076293945,43.95000076293945,43.95000076293945,43.95000076293945,200.0
2024-10-31 13:58:00+00:00,WDFC,264.260009765625,264.260009765625,264.260009765625,264.260009765625,264.260009765625,994.0
2024-10-31 13:59:00+00:00,ALTO,1.7884999513626099,1.7884999513626099,1.7884999513626099,1.784999966621399,1.784999966621399,1250.0
2024-10-31 13:59:00+00:00,BIOX,6.75,6.75,6.755000114440918,6.75,6.75,976.0
2024-10-31 13:59:00+00:00,CENX,17.735000610351562,17.735000610351562,17.735000610351562,17.735000610351562,17.735000610351562,200.0
2024-10-31 13:59:00+00:00,CNEY,0.5099999904632568,0.5099999904632568,0.5099999904632568,0.5099999904632568,0.5099999904632568,100.0
2024-10-31 13:59:00+00:00,GEVO,2.325000047683716,2.325000047683716,2.325000047683716,2.315000057220459,2.319999933242798,49669.0
2024-10-31 13:59:00+00:00,GPRE,12.584500312805176,12.584500312805176,12.600000381469727,12.584500312805176,12.600000381469727,3626.0
2024-10-31 13:59:00+00:00,GSM,4.175000190734863,4.175000190734863,4.175000190734863,4.175000190734863,4.175000190734863,359.0
2024-10-31 13:59:00+00:00,HDSN,7.606100082397461,7.606100082397461,7.606100082397461,7.599999904632568,7.599999904632568,1735.0
2024-10-31 13:59:00+00:00,HYMC,2.4200000762939453,2.4200000762939453,2.4200000762939453,2.4200000762939453,2.4200000762939453,352.0
2024-10-31 13:59:00+00:00,KALU,75.41999816894531,75.41999816894531,75.41999816894531,75.40499877929688,75.40499877929688,529.0
2024-10-31 13:59:00+00:00,LWLG,3.2200000286102295,3.2200000286102295,3.2200000286102295,3.2200000286102295,3.2200000286102295,947.0
2024-10-31 13:59:00+00:00,MEOH,39.16999816894531,39.16999816894531,39.16999816894531,39.16999816894531,39.16999816894531,630.0
2024-10-31 13:59:00+00:00,MERC,6.485000133514404,6.485000133514404,6.485000133514404,6.485000133514404,6.485000133514404,182.0
2024-10-31 13:59:00+00:00,ORGN,1.3949999809265137,1.3949999809265137,1.3949999809265137,1.3949999809265137,1.3949999809265137,296.0
2024-10-31 13:59:00+00:00,PAAS,23.290000915527344,23.290000915527344,23.295000076293945,23.280000686645508,23.28499984741211,1920.0
2024-10-31 13:59:00+00:00,SSRM,6.125,6.125,6.130000114440918,6.125,6.125,994.0
2024-10-31 13:59:00+00:00,USAP,43.95000076293945,43.95000076293945,43.95000076293945,43.95000076293945,43.95000076293945,40.0
2024-10-31 13:59:00+00:00,USAU,6.150000095367432,6.150000095367432,6.150000095367432,6.110000133514404,6.110000133514404,4205.0
2024-10-31 13:59:00+00:00,WDFC,263.9700012207031,263.9700012207031,263.9700012207031,263.9700012207031,263.9700012207031,377.0
2024-10-31 14:00:00+00:00,BCPC,169.27999877929688,169.27999877929688,169.31500244140625,169.27999877929688,169.31500244140625,882.0
2024-10-31 14:00:00+00:00,BIOX,6.755000114440918,6.755000114440918,6.755000114440918,6.755000114440918,6.755000114440918,177.0
2024-10-31 14:00:00+00:00,CENX,17.739999771118164,17.739999771118164,17.739999771118164,17.735000610351562,17.735000610351562,992.0
2024-10-31 14:00:00+00:00,GEVO,2.319999933242798,2.319999933242798,2.3252999782562256,2.319999933242798,2.322000026702881,4721.0
2024-10-31 14:00:00+00:00,GPRE,12.579999923706055,12.579999923706055,12.579999923706055,12.569999694824219,12.579999923706055,3593.0
2024-10-31 14:00:00+00:00,GSM,4.175000190734863,4.175000190734863,4.179999828338623,4.175000190734863,4.179999828338623,480.0
2024-10-31 14:00:00+00:00,HDSN,7.599999904632568,7.599999904632568,7.610000133514404,7.599999904632568,7.610000133514404,2355.0
2024-10-31 14:00:00+00:00,MEOH,39.153499603271484,39.153499603271484,39.153499603271484,39.153499603271484,39.153499603271484,209.0
2024-10-31 14:00:00+00:00,MERC,6.480000019073486,6.480000019073486,6.480000019073486,6.480000019073486,6.480000019073486,1992.0
2024-10-31 14:00:00+00:00,PAAS,23.264999389648438,23.264999389648438,23.28499984741211,23.260000228881836,23.28499984741211,3134.0
2024-10-31 14:00:00+00:00,PLL,13.029999732971191,13.029999732971191,13.029999732971191,13.010100364685059,13.010100364685059,2196.0
2024-10-31 14:00:00+00:00,PPTA,10.015000343322754,10.015000343322754,10.015000343322754,10.015000343322754,10.015000343322754,1233.0
2024-10-31 14:00:00+00:00,SGML,13.710000038146973,13.710000038146973,13.710000038146973,13.699999809265137,13.699999809265137,934.0
2024-10-31 14:00:00+00:00,SNES,2.842099905014038,2.842099905014038,2.842099905014038,2.842099905014038,2.842099905014038,434.0
2024-10-31 14:00:00+00:00,SSRM,6.125,6.125,6.125,6.125,6.125,2874.0
2024-10-31 14:00:00+00:00,STLD,131.79409790039062,131.79409790039062,131.79409790039062,131.79409790039062,131.79409790039062,829.0
2024-10-31 14:00:00+00:00,USAP,43.9900016784668,43.9900016784668,43.9900016784668,43.9900016784668,43.9900016784668,650.0
2024-10-31 14:00:00+00:00,WDFC,263.6499938964844,263.6499938964844,263.6499938964844,263.6499938964844,263.6499938964844,162.0
2024-10-31 14:01:00+00:00,ALTO,1.784999966621399,1.784999966621399,1.784999966621399,1.784999966621399,1.784999966621399,1606.0
2024-10-31 14:01:00+00:00,BCPC,169.1750030517578,169.1750030517578,169.1750030517578,169.1750030517578,169.1750030517578,761.0
2024-10-31 14:01:00+00:00,CENX,17.739999771118164,17.739999771118164,17.739999771118164,17.729999542236328,17.739999771118164,413.0
2024-10-31 14:01:00+00:00,CNEY,0.5099999904632568,0.5099999904632568,0.5099999904632568,0.5099999904632568,0.5099999904632568,100.0
2024-10-31 14:01:00+00:00,CRKN,0.9322999715805054,0.9322999715805054,0.9322999715805054,0.9322999715805054,0.9322999715805054,101.0
2024-10-31 14:01:00+00:00,GEVO,2.325000047683716,2.325000047683716,2.325000047683716,2.319999933242798,2.319999933242798,3702.0
2024-10-31 14:01:00+00:00,GPRE,12.609999656677246,12.609999656677246,12.609999656677246,12.5600004196167,12.5649995803833,7741.0
2024-10-31 14:01:00+00:00,GSM,4.175000190734863,4.175000190734863,4.179999828338623,4.175000190734863,4.179999828338623,1287.0
2024-10-31 14:01:00+00:00,HDSN,7.605000019073486,7.605000019073486,7.605000019073486,7.605000019073486,7.605000019073486,240.0
2024-10-31 14:01:00+00:00,LWLG,3.2200000286102295,3.2200000286102295,3.2300000190734863,3.2200000286102295,3.2300000190734863,6928.0
2024-10-31 14:01:00+00:00,MEOH,39.13999938964844,39.13999938964844,39.13999938964844,39.13999938964844,39.13999938964844,556.0
2024-10-31 14:01:00+00:00,METC,10.149999618530273,10.149999618530273,10.149999618530273,10.149999618530273,10.149999618530273,534.0
2024-10-31 14:01:00+00:00,PAAS,23.280000686645508,23.280000686645508,23.280000686645508,23.270000457763672,23.270000457763672,1374.0
2024-10-31 14:01:00+00:00,SGML,13.720000267028809,13.720000267028809,13.720000267028809,13.699999809265137,13.699999809265137,1418.0
2024-10-31 14:01:00+00:00,SSRM,6.119999885559082,6.119999885559082,6.130000114440918,6.119999885559082,6.130000114440918,1553.0
2024-10-31 14:01:00+00:00,TMC,0.9765999913215637,0.9765999913215637,0.9765999913215637,0.9765999913215637,0.9765999913215637,2118.0
2024-10-31 14:01:00+00:00,USAP,43.959999084472656,43.959999084472656,43.959999084472656,43.959999084472656,43.959999084472656,432.0
2024-10-31 14:02:00+00:00,ALTO,1.7899999618530273,1.7899999618530273,1.7899999618530273,1.7899999618530273,1.7899999618530273,2049.0
2024-10-31 14:02:00+00:00,ASTL,10.25,10.25,10.25,10.239999771118164,10.25,2156.0
2024-10-31 14:02:00+00:00,CENX,17.739999771118164,17.739999771118164,17.75,17.729999542236328,17.739999771118164,1272.0
2024-10-31 14:02:00+00:00,CRKN,0.9361000061035156,0.9361000061035156,0.9361000061035156,0.9361000061035156,0.9361000061035156,300.0
2024-10-31 14:02:00+00:00,GEVO,2.325000047683716,2.325000047683716,2.325000047683716,2.323699951171875,2.323699951171875,3083.0
2024-10-31 14:02:00+00:00,GPRE,12.579999923706055,12.579999923706055,12.609999656677246,12.579999923706055,12.609999656677246,1358.0
2024-10-31 14:02:00+00:00,GSM,4.174799919128418,4.174799919128418,4.179999828338623,4.174799919128418,4.179999828338623,326.0
2024-10-31 14:02:00+00:00,GURE,0.6234999895095825,0.6234999895095825,0.6234999895095825,0.6234999895095825,0.6234999895095825,1122.0
2024-10-31 14:02:00+00:00,HDSN,7.590000152587891,7.590000152587891,7.599999904632568,7.590000152587891,7.599999904632568,585.0
2024-10-31 14:02:00+00:00,KALU,75.19000244140625,75.19000244140625,75.33999633789062,75.19000244140625,75.33999633789062,1489.0
2024-10-31 14:02:00+00:00,LITM,0.37709999084472656,0.37709999084472656,0.37709999084472656,0.37709999084472656,0.37709999084472656,660.0
2024-10-31 14:02:00+00:00,LWLG,3.2200000286102295,3.2200000286102295,3.2200000286102295,3.2200000286102295,3.2200000286102295,620.0
2024-10-31 14:02:00+00:00,MEOH,39.11000061035156,39.11000061035156,39.11000061035156,39.11000061035156,39.11000061035156,811.0
2024-10-31 14:02:00+00:00,MERC,6.489999771118164,6.489999771118164,6.489999771118164,6.489999771118164,6.489999771118164,215.0
2024-10-31 14:02:00+00:00,METC,10.15999984741211,10.15999984741211,10.15999984741211,10.15999984741211,10.15999984741211,269.0
2024-10-31 14:02:00+00:00,PAAS,23.2549991607666,23.2549991607666,23.280000686645508,23.2549991607666,23.280000686645508,1718.0
2024-10-31 14:02:00+00:00,PLL,13.036800384521484,13.036800384521484,13.036800384521484,13.029999732971191,13.029999732971191,719.0
2024-10-31 14:02:00+00:00,PPTA,10.029999732971191,10.029999732971191,10.029999732971191,10.029999732971191,10.029999732971191,684.0
2024-10-31 14:02:00+00:00,RGLD,146.3800048828125,146.3800048828125,146.3800048828125,146.36000061035156,146.36000061035156,1075.0
2024-10-31 14:02:00+00:00,STLD,131.89999389648438,131.89999389648438,131.89999389648438,131.8800048828125,131.8800048828125,2709.0
2024-10-31 14:02:00+00:00,TMC,0.9769999980926514,0.9769999980926514,0.9769999980926514,0.9769999980926514,0.9769999980926514,163.0
2024-10-31 14:02:00+00:00,UFPI,123.33999633789062,123.33999633789062,123.33999633789062,123.33999633789062,123.33999633789062,1474.0
2024-10-31 14:03:00+00:00,CENX,17.71500015258789,17.71500015258789,17.729999542236328,17.71500015258789,17.729999542236328,2721.0
2024-10-31 14:03:00+00:00,CNEY,0.5099999904632568,0.5099999904632568,0.5099999904632568,0.5099999904632568,0.5099999904632568,100.0
2024-10-31 14:03:00+00:00,GEVO,2.325000047683716,2.325000047683716,2.3276000022888184,2.325000047683716,2.3276000022888184,2189.0
2024-10-31 14:03:00+00:00,GPRE,12.59000015258789,12.59000015258789,12.595000267028809,12.59000015258789,12.595000267028809,814.0
2024-10-31 14:03:00+00:00,GSM,4.179999828338623,4.179999828338623,4.179999828338623,4.179999828338623,4.179999828338623,356.0
2024-10-31 14:03:00+00:00,HDSN,7.590000152587891,7.590000152587891,7.590000152587891,7.590000152587891,7.590000152587891,1511.0
2024-10-31 14:03:00+00:00,KALU,75.13999938964844,75.13999938964844,75.13999938964844,75.13999938964844,75.13999938964844,527.0
2024-10-31 14:03:00+00:00,METC,10.15999984741211,10.15999984741211,10.15999984741211,10.15999984741211,10.15999984741211,358.0
2024-10-31 14:03:00+00:00,ORGN,1.3949999809265137,1.3949999809265137,1.3949999809265137,1.3949999809265137,1.3949999809265137,576.0
2024-10-31 14:03:00+00:00,PAAS,23.263200759887695,23.263200759887695,23.270000457763672,23.260000228881836,23.260000228881836,3755.0
2024-10-31 14:03:00+00:00,PPTA,10.04010009765625,10.04010009765625,10.0600004196167,10.04010009765625,10.0600004196167,1638.0
2024-10-31 14:03:00+00:00,STLD,131.91000366210938,131.91000366210938,131.94000244140625,131.91000366210938,131.92999267578125,1105.0
2024-10-31 14:03:00+00:00,USAU,6.131899833679199,6.131899833679199,6.131899833679199,6.131899833679199,6.131899833679199,101.0
2024-10-31 14:04:00+00:00,CENX,17.71500015258789,17.71500015258789,17.729999542236328,17.71500015258789,17.729999542236328,843.0
2024-10-31 14:04:00+00:00,CRKN,0.9322999715805054,0.9322999715805054,0.9330999851226807,0.9320999979972839,0.9330999851226807,861.0
2024-10-31 14:04:00+00:00,GEVO,2.325000047683716,2.325000047683716,2.325000047683716,2.319999933242798,2.325000047683716,2693.0
2024-10-31 14:04:00+00:00,HWKN,111.61000061035156,111.61000061035156,111.61000061035156,111.61000061035156,111.61000061035156,233.0
2024-10-31 14:04:00+00:00,HYMC,2.4284000396728516,2.4284000396728516,2.4284000396728516,2.4284000396728516,2.4284000396728516,1000.0
2024-10-31 14:04:00+00:00,LITM,0.375,0.375,0.37599998712539673,0.375,0.37599998712539673,15705.0
2024-10-31 14:04:00+00:00,METC,10.149999618530273,10.149999618530273,10.149999618530273,10.149999618530273,10.149999618530273,1672.0
2024-10-31 14:04:00+00:00,PAAS,23.270000457763672,23.270000457763672,23.274999618530273,23.264999389648438,23.264999389648438,2228.0
2024-10-31 14:04:00+00:00,PLL,13.020000457763672,13.020000457763672,13.020000457763672,13.020000457763672,13.020000457763672,112.0
2024-10-31 14:04:00+00:00,SSRM,6.130000114440918,6.130000114440918,6.130000114440918,6.130000114440918,6.130000114440918,644.0
2024-10-31 14:04:00+00:00,STLD,132.02000427246094,132.02000427246094,132.02000427246094,132.02000427246094,132.02000427246094,429.0
2024-10-31 14:05:00+00:00,ASTL,10.270000457763672,10.270000457763672,10.270000457763672,10.25,10.270000457763672,7028.0
2024-10-31 14:05:00+00:00,BIOX,6.755000114440918,6.755000114440918,6.757999897003174,6.755000114440918,6.757999897003174,910.0
2024-10-31 14:05:00+00:00,CENX,17.709999084472656,17.709999084472656,17.719999313354492,17.709999084472656,17.719999313354492,1017.0
2024-10-31 14:05:00+00:00,CNEY,0.5099999904632568,0.5099999904632568,0.5099999904632568,0.5099999904632568,0.5099999904632568,2000.0
2024-10-31 14:05:00+00:00,GEVO,2.325000047683716,2.325000047683716,2.325000047683716,2.325000047683716,2.325000047683716,536.0
2024-10-31 14:05:00+00:00,GPRE,12.579999923706055,12.579999923706055,12.609999656677246,12.579999923706055,12.595000267028809,4179.0
2024-10-31 14:05:00+00:00,HWKN,111.79000091552734,111.79000091552734,111.79000091552734,111.79000091552734,111.79000091552734,178.0
2024-10-31 14:05:00+00:00,HYMC,2.430000066757202,2.430000066757202,2.430000066757202,2.430000066757202,2.430000066757202,0.0
2024-10-31 14:05:00+00:00,LOOP,1.3722000122070312,1.3722000122070312,1.3722000122070312,1.3722000122070312,1.3722000122070312,266.0
2024-10-31 14:05:00+00:00,METC,10.149999618530273,10.149999618530273,10.149999618530273,10.149999618530273,10.149999618530273,854.0
2024-10-31 14:05:00+00:00,PAAS,23.280000686645508,23.280000686645508,23.28499984741211,23.270000457763672,23.270000457763672,7270.0
2024-10-31 14:05:00+00:00,PLL,13.050000190734863,13.050000190734863,13.050000190734863,13.050000190734863,13.050000190734863,337.0
2024-10-31 14:05:00+00:00,SSRM,6.119999885559082,6.119999885559082,6.130000114440918,6.119999885559082,6.130000114440918,993.0
2024-10-31 14:05:00+00:00,STLD,132.02000427246094,132.02000427246094,132.1199951171875,131.9600067138672,132.05999755859375,3644.0
2024-10-31 14:05:00+00:00,USLM,114.19000244140625,114.19000244140625,114.19000244140625,114.19000244140625,114.19000244140625,203.0
2024-10-31 14:06:00+00:00,CENX,17.709999084472656,17.709999084472656,17.709999084472656,17.709999084472656,17.709999084472656,710.0
2024-10-31 14:06:00+00:00,CRKN,0.9222000241279602,0.9222000241279602,0.9320999979972839,0.9222000241279602,0.9320999979972839,6216.0
2024-10-31 14:06:00+00:00,GEVO,2.325000047683716,2.325000047683716,2.325000047683716,2.319999933242798,2.319999933242798,1200.0
2024-10-31 14:06:00+00:00,GPRE,12.569999694824219,12.569999694824219,12.569999694824219,12.5600004196167,12.5600004196167,894.0
2024-10-31 14:06:00+00:00,GURE,0.6234999895095825,0.6234999895095825,0.6320000290870667,0.6234999895095825,0.6320000290870667,5011.0
2024-10-31 14:06:00+00:00,KALU,75.13999938964844,75.13999938964844,75.13999938964844,75.13999938964844,75.13999938964844,170.0
2024-10-31 14:06:00+00:00,MERC,6.485000133514404,6.485000133514404,6.485000133514404,6.485000133514404,6.485000133514404,612.0
2024-10-31 14:06:00+00:00,ORGN,1.3949999809265137,1.3949999809265137,1.3949999809265137,1.3949999809265137,1.3949999809265137,203.0
2024-10-31 14:06:00+00:00,PAAS,23.270000457763672,23.270000457763672,23.280000686645508,23.270000457763672,23.274999618530273,621.0
2024-10-31 14:06:00+00:00,PLL,13.050000190734863,13.050000190734863,13.050000190734863,13.050000190734863,13.050000190734863,257.0
2024-10-31 14:06:00+00:00,SSRM,6.125,6.125,6.129700183868408,6.125,6.129700183868408,4469.0
2024-10-31 14:06:00+00:00,STLD,131.9199981689453,131.9199981689453,131.9499969482422,131.9199981689453,131.9499969482422,798.0
2024-10-31 14:07:00+00:00,CENX,17.719200134277344,17.719200134277344,17.719200134277344,17.719200134277344,17.719200134277344,594.0
2024-10-31 14:07:00+00:00,CNEY,0.5099999904632568,0.5099999904632568,0.5099999904632568,0.5099999904632568,0.5099999904632568,0.0
2024-10-31 14:07:00+00:00,CRKN,0.9200999736785889,0.9200999736785889,0.9200999736785889,0.9200999736785889,0.9200999736785889,4192.0
2024-10-31 14:07:00+00:00,GEVO,2.325000047683716,2.325000047683716,2.325000047683716,2.3203001022338867,2.322000026702881,815.0
2024-10-31 14:07:00+00:00,GPRE,12.59000015258789,12.59000015258789,12.59000015258789,12.59000015258789,12.59000015258789,171.0
2024-10-31 14:07:00+00:00,GSM,4.175000190734863,4.175000190734863,4.175000190734863,4.170000076293945,4.170000076293945,606.0
2024-10-31 14:07:00+00:00,HWKN,111.61000061035156,111.61000061035156,111.61000061035156,111.61000061035156,111.61000061035156,972.0
2024-10-31 14:07:00+00:00,ORGN,1.3949999809265137,1.3949999809265137,1.3949999809265137,1.3949999809265137,1.3949999809265137,353.0
2024-10-31 14:07:00+00:00,PAAS,23.274999618530273,23.274999618530273,23.280000686645508,23.270000457763672,23.274999618530273,2213.0
2024-10-31 14:07:00+00:00,PLL,12.979999542236328,12.979999542236328,13.030099868774414,12.979999542236328,13.030099868774414,1286.0
2024-10-31 14:07:00+00:00,PPTA,10.064200401306152,10.064200401306152,10.064200401306152,10.050000190734863,10.050000190734863,2360.0
2024-10-31 14:07:00+00:00,SGML,13.6899995803833,13.6899995803833,13.696000099182129,13.6899995803833,13.696000099182129,638.0
2024-10-31 14:07:00+00:00,SSRM,6.130000114440918,6.130000114440918,6.130000114440918,6.130000114440918,6.130000114440918,195.0
2024-10-31 14:07:00+00:00,STLD,131.89999389648438,131.89999389648438,131.9600067138672,131.89999389648438,131.9600067138672,645.0
2024-10-31 14:07:00+00:00,UFPI,123.44999694824219,123.44999694824219,123.44999694824219,123.44999694824219,123.44999694824219,753.0
2024-10-31 14:07:00+00:00,WDFC,264.1099853515625,264.1099853515625,264.1099853515625,264.1099853515625,264.1099853515625,166.0
2024-10-31 14:08:00+00:00,ALTO,1.784999966621399,1.784999966621399,1.784999966621399,1.784999966621399,1.784999966621399,111.0
2024-10-31 14:08:00+00:00,ASTL,10.274999618530273,10.274999618530273,10.274999618530273,10.274999618530273,10.274999618530273,775.0
2024-10-31 14:08:00+00:00,BCPC,169.19000244140625,169.19000244140625,169.24000549316406,169.07000732421875,169.13009643554688,1571.0
2024-10-31 14:08:00+00:00,CENX,17.71500015258789,17.71500015258789,17.71969985961914,17.71500015258789,17.71969985961914,1045.0
2024-10-31 14:08:00+00:00,GEVO,2.3285000324249268,2.3285000324249268,2.3285000324249268,2.319999933242798,2.328399896621704,3467.0
2024-10-31 14:08:00+00:00,GPRE,12.569999694824219,12.569999694824219,12.569999694824219,12.569999694824219,12.569999694824219,395.0
2024-10-31 14:08:00+00:00,HDSN,7.599999904632568,7.599999904632568,7.599999904632568,7.599899768829346,7.599999904632568,2518.0
2024-10-31 14:08:00+00:00,MERC,6.480000019073486,6.480000019073486,6.480000019073486,6.480000019073486,6.480000019073486,5467.0
2024-10-31 14:08:00+00:00,PAAS,23.260000228881836,23.260000228881836,23.274999618530273,23.2549991607666,23.270000457763672,6578.0
2024-10-31 14:08:00+00:00,RKDA,4.119999885559082,4.119999885559082,4.119999885559082,3.950000047683716,4.059999942779541,2112.0
2024-10-31 14:08:00+00:00,SSRM,6.130000114440918,6.130000114440918,6.130000114440918,6.125,6.125,781.0
2024-10-31 14:08:00+00:00,STLD,131.88999938964844,131.88999938964844,131.88999938964844,131.79269409179688,131.79269409179688,1740.0
2024-10-31 14:08:00+00:00,TMC,0.9761000275611877,0.9761000275611877,0.9761999845504761,0.9761000275611877,0.9761999845504761,1684.0
2024-10-31 14:08:00+00:00,USLM,114.19000244140625,114.19000244140625,114.19000244140625,114.19000244140625,114.19000244140625,118.0
2024-10-31 14:09:00+00:00,CENX,17.700000762939453,17.700000762939453,17.700000762939453,17.700000762939453,17.700000762939453,426.0
2024-10-31 14:09:00+00:00,CNEY,0.5099999904632568,0.5099999904632568,0.5099999904632568,0.5099999904632568,0.5099999904632568,100.0
2024-10-31 14:09:00+00:00,CRKN,0.9251999855041504,0.9251999855041504,0.9251999855041504,0.9251999855041504,0.9251999855041504,284.0
2024-10-31 14:09:00+00:00,GEVO,2.319999933242798,2.319999933242798,2.3299999237060547,2.319999933242798,2.325000047683716,9376.0
2024-10-31 14:09:00+00:00,GPRE,12.569999694824219,12.569999694824219,12.569999694824219,12.569999694824219,12.569999694824219,243.0
2024-10-31 14:09:00+00:00,GSM,4.175000190734863,4.175000190734863,4.179999828338623,4.170000076293945,4.179999828338623,2278.0
2024-10-31 14:09:00+00:00,HWKN,111.47000122070312,111.47000122070312,111.56500244140625,111.47000122070312,111.56500244140625,2114.0
2024-10-31 14:09:00+00:00,HYMC,2.4498000144958496,2.4498000144958496,2.4498000144958496,2.4498000144958496,2.4498000144958496,252.0
2024-10-31 14:09:00+00:00,ORGN,1.3949999809265137,1.3949999809265137,1.3949999809265137,1.3949999809265137,1.3949999809265137,598.0
2024-10-31 14:09:00+00:00,PAAS,23.2549991607666,23.2549991607666,23.264999389648438,23.2549991607666,23.264999389648438,3108.0
2024-10-31 14:09:00+00:00,PLL,13.010000228881836,13.010000228881836,13.010000228881836,12.970000267028809,12.970000267028809,373.0
2024-10-31 14:09:00+00:00,PPTA,10.050000190734863,10.050000190734863,10.050000190734863,10.050000190734863,10.050000190734863,200.0
2024-10-31 14:09:00+00:00,SGML,13.680000305175781,13.680000305175781,13.6899995803833,13.680000305175781,13.6899995803833,2651.0
2024-10-31 14:09:00+00:00,SSRM,6.119999885559082,6.119999885559082,6.130000114440918,6.119999885559082,6.125,1732.0
2024-10-31 14:09:00+00:00,TMC,0.9768999814987183,0.9768999814987183,0.9768999814987183,0.9765999913215637,0.9765999913215637,1560.0
2024-10-31 14:10:00+00:00,BIOX,6.755000114440918,6.755000114440918,6.755000114440918,6.755000114440918,6.755000114440918,0.0
2024-10-31 14:10:00+00:00,CENX,17.700000762939453,17.700000762939453,17.700000762939453,17.700000762939453,17.700000762939453,339.0
2024-10-31 14:10:00+00:00,FEAM,0.47099998593330383,0.47099998593330383,0.47099998593330383,0.47099998593330383,0.47099998593330383,369.0
2024-10-31 14:10:00+00:00,GEVO,2.3243000507354736,2.3243000507354736,2.3289999961853027,2.319999933242798,2.3289999961853027,7721.0
2024-10-31 14:10:00+00:00,GPRE,12.584400177001953,12.584400177001953,12.584400177001953,12.569999694824219,12.569999694824219,898.0
2024-10-31 14:10:00+00:00,HYMC,2.4398000240325928,2.4398000240325928,2.4398000240325928,2.4398000240325928,2.4398000240325928,379.0
2024-10-31 14:10:00+00:00,LWLG,3.2200000286102295,3.2200000286102295,3.2200000286102295,3.2149999141693115,3.2149999141693115,1802.0
2024-10-31 14:10:00+00:00,MERC,6.480000019073486,6.480000019073486,6.480000019073486,6.480000019073486,6.480000019073486,383.0
2024-10-31 14:10:00+00:00,METC,10.159000396728516,10.159000396728516,10.159000396728516,10.159000396728516,10.159000396728516,266.0
2024-10-31 14:10:00+00:00,PAAS,23.270000457763672,23.270000457763672,23.274999618530273,23.2549991607666,23.2549991607666,3557.0
2024-10-31 14:10:00+00:00,PLL,13.039999961853027,13.039999961853027,13.039999961853027,13.010000228881836,13.010000228881836,551.0
2024-10-31 14:10:00+00:00,PPTA,10.050000190734863,10.050000190734863,10.050000190734863,10.050000190734863,10.050000190734863,581.0
2024-10-31 14:10:00+00:00,SGML,13.680000305175781,13.680000305175781,13.6899995803833,13.680000305175781,13.6899995803833,542.0
2024-10-31 14:10:00+00:00,STLD,131.77999877929688,131.77999877929688,131.85499572753906,131.77999877929688,131.85499572753906,614.0
2024-10-31 14:10:00+00:00,USLM,114.19000244140625,114.19000244140625,114.19000244140625,114.19000244140625,114.19000244140625,1471.0
2024-10-31 14:10:00+00:00,WDFC,263.6300048828125,263.6300048828125,263.6300048828125,263.6300048828125,263.6300048828125,1612.0
2024-10-31 14:11:00+00:00,ASTL,10.270000457763672,10.270000457763672,10.270000457763672,10.270000457763672,10.270000457763672,2658.0
2024-10-31 14:11:00+00:00,BCPC,169.3300018310547,169.3300018310547,169.3300018310547,169.3300018310547,169.3300018310547,331.0
2024-10-31 14:11:00+00:00,CENX,17.700000762939453,17.700000762939453,17.700000762939453,17.700000762939453,17.700000762939453,455.0
2024-10-31 14:11:00+00:00,CNEY,0.5099999904632568,0.5099999904632568,0.5099999904632568,0.5099999904632568,0.5099999904632568,5.0
2024-10-31 14:11:00+00:00,GEVO,2.325000047683716,2.325000047683716,2.329699993133545,2.321500062942505,2.325000047683716,17448.0
2024-10-31 14:11:00+00:00,IPX,21.920000076293945,21.920000076293945,21.920000076293945,21.920000076293945,21.920000076293945,123.0
2024-10-31 14:11:00+00:00,KALU,75.4800033569336,75.4800033569336,75.4800033569336,75.4800033569336,75.4800033569336,2325.0
2024-10-31 14:11:00+00:00,LITM,0.375,0.375,0.375,0.375,0.375,80.0
2024-10-31 14:11:00+00:00,METC,10.149999618530273,10.149999618530273,10.149999618530273,10.149999618530273,10.149999618530273,943.0
2024-10-31 14:11:00+00:00,PAAS,23.274999618530273,23.274999618530273,23.28499984741211,23.264999389648438,23.264999389648438,4657.0
2024-10-31 14:11:00+00:00,PLL,13.041999816894531,13.041999816894531,13.041999816894531,13.041999816894531,13.041999816894531,309.0
2024-10-31 14:11:00+00:00,SGML,13.6899995803833,13.6899995803833,13.6899995803833,13.6899995803833,13.6899995803833,311.0
2024-10-31 14:11:00+00:00,SSRM,6.119999885559082,6.119999885559082,6.130000114440918,6.119999885559082,6.130000114440918,811.0
2024-10-31 14:11:00+00:00,STLD,131.84410095214844,131.84410095214844,131.84410095214844,131.84410095214844,131.84410095214844,554.0
2024-10-31 14:11:00+00:00,USAP,43.959999084472656,43.959999084472656,43.959999084472656,43.959999084472656,43.959999084472656,179.0
2024-10-31 14:12:00+00:00,ALTO,1.781000018119812,1.781000018119812,1.781000018119812,1.781000018119812,1.781000018119812,439.0
2024-10-31 14:12:00+00:00,CENX,17.69499969482422,17.69499969482422,17.69499969482422,17.69499969482422,17.69499969482422,488.0
2024-10-31 14:12:00+00:00,GEVO,2.3213999271392822,2.3213999271392822,2.325000047683716,2.3213999271392822,2.325000047683716,11569.0
2024-10-31 14:12:00+00:00,GPRE,12.569999694824219,12.569999694824219,12.569999694824219,12.569999694824219,12.569999694824219,3361.0
2024-10-31 14:12:00+00:00,HDSN,7.605000019073486,7.605000019073486,7.605000019073486,7.605000019073486,7.605000019073486,213.0
2024-10-31 14:12:00+00:00,MEOH,39.13999938964844,39.13999938964844,39.150001525878906,39.13999938964844,39.13999938964844,1014.0
2024-10-31 14:12:00+00:00,METC,10.140000343322754,10.140000343322754,10.15999984741211,10.140000343322754,10.15999984741211,3034.0
2024-10-31 14:12:00+00:00,ORGN,1.3949999809265137,1.3949999809265137,1.3949999809265137,1.3949999809265137,1.3949999809265137,110.0
2024-10-31 14:12:00+00:00,PAAS,23.260000228881836,23.260000228881836,23.274999618530273,23.260000228881836,23.274999618530273,4089.0
2024-10-31 14:12:00+00:00,SSRM,6.130000114440918,6.130000114440918,6.130000114440918,6.130000114440918,6.130000114440918,462.0
2024-10-31 14:12:00+00:00,STLD,131.92999267578125,131.92999267578125,131.92999267578125,131.84500122070312,131.84500122070312,3252.0
2024-10-31 14:12:00+00:00,USAP,43.9474983215332,43.9474983215332,43.9474983215332,43.9474983215332,43.9474983215332,230.0
2024-10-31 14:13:00+00:00,CENX,17.690000534057617,17.690000534057617,17.690000534057617,17.690000534057617,17.690000534057617,991.0
2024-10-31 14:13:00+00:00,CNEY,0.5099999904632568,0.5099999904632568,0.5099999904632568,0.5098999738693237,0.5098999738693237,236.0
2024-10-31 14:13:00+00:00,GEVO,2.315000057220459,2.315000057220459,2.325000047683716,2.309999942779541,2.325000047683716,98080.0
2024-10-31 14:13:00+00:00,GPRE,12.529999732971191,12.529999732971191,12.5600004196167,12.510000228881836,12.5600004196167,6936.0
2024-10-31 14:13:00+00:00,GSM,4.164999961853027,4.164999961853027,4.170000076293945,4.164999961853027,4.170000076293945,7037.0
2024-10-31 14:13:00+00:00,HDSN,7.605000019073486,7.605000019073486,7.605000019073486,7.605000019073486,7.605000019073486,367.0
2024-10-31 14:13:00+00:00,MERC,6.489999771118164,6.489999771118164,6.489999771118164,6.480000019073486,6.480000019073486,1596.0
2024-10-31 14:13:00+00:00,METC,10.130000114440918,10.130000114440918,10.130000114440918,10.130000114440918,10.130000114440918,646.0
2024-10-31 14:13:00+00:00,PAAS,23.2450008392334,23.2450008392334,23.260000228881836,23.239999771118164,23.260000228881836,2242.0
2024-10-31 14:13:00+00:00,PLL,13.031599998474121,13.031599998474121,13.031599998474121,13.031599998474121,13.031599998474121,112.0
2024-10-31 14:13:00+00:00,RGLD,146.4199981689453,146.4199981689453,146.4199981689453,146.41000366210938,146.41000366210938,1291.0
2024-10-31 14:13:00+00:00,SGML,13.6899995803833,13.6899995803833,13.6899995803833,13.6899995803833,13.6899995803833,253.0
2024-10-31 14:13:00+00:00,SSRM,6.119999885559082,6.119999885559082,6.125,6.119999885559082,6.125,909.0
2024-10-31 14:13:00+00:00,STLD,131.91000366210938,131.91000366210938,131.9499969482422,131.89999389648438,131.89999389648438,2761.0
2024-10-31 14:14:00+00:00,ASTL,10.28499984741211,10.28499984741211,10.28499984741211,10.28499984741211,10.28499984741211,547.0
2024-10-31 14:14:00+00:00,BIOX,6.755000114440918,6.755000114440918,6.755000114440918,6.755000114440918,6.755000114440918,301.0
2024-10-31 14:14:00+00:00,CENX,17.690000534057617,17.690000534057617,17.690000534057617,17.690000534057617,17.690000534057617,1272.0
2024-10-31 14:14:00+00:00,GEVO,2.311500072479248,2.311500072479248,2.319200038909912,2.309999942779541,2.309999942779541,11815.0
2024-10-31 14:14:00+00:00,GSM,4.159999847412109,4.159999847412109,4.159999847412109,4.159999847412109,4.159999847412109,107.0
2024-10-31 14:14:00+00:00,HDSN,7.605000019073486,7.605000019073486,7.605000019073486,7.605000019073486,7.605000019073486,252.0
2024-10-31 14:14:00+00:00,KALU,75.13999938964844,75.13999938964844,75.13999938964844,75.13999938964844,75.13999938964844,243.0
2024-10-31 14:14:00+00:00,MEOH,39.15999984741211,39.15999984741211,39.15999984741211,39.15999984741211,39.15999984741211,238.0
2024-10-31 14:14:00+00:00,ORGN,1.3949999809265137,1.3949999809265137,1.3949999809265137,1.3949999809265137,1.3949999809265137,126.0
2024-10-31 14:14:00+00:00,PAAS,23.229999542236328,23.229999542236328,23.2450008392334,23.209999084472656,23.2450008392334,24812.0
2024-10-31 14:14:00+00:00,PLL,13.069999694824219,13.069999694824219,13.069999694824219,13.029999732971191,13.029999732971191,1601.0
2024-10-31 14:14:00+00:00,PPTA,10.0600004196167,10.0600004196167,10.0600004196167,10.0600004196167,10.0600004196167,504.0
2024-10-31 14:14:00+00:00,SSRM,6.125,6.125,6.125,6.125,6.125,1317.0
2024-10-31 14:14:00+00:00,STLD,131.85000610351562,131.85000610351562,131.85000610351562,131.85000610351562,131.85000610351562,1340.0
2024-10-31 14:14:00+00:00,TMC,0.9767000079154968,0.9767000079154968,0.9769999980926514,0.9764999747276306,0.9764999747276306,5683.0
2024-10-31 14:14:00+00:00,UFPI,123.30999755859375,123.30999755859375,123.30999755859375,123.30999755859375,123.30999755859375,1319.0
2024-10-31 14:15:00+00:00,ALTO,1.781999945640564,1.781999945640564,1.7899999618530273,1.781999945640564,1.7899999618530273,209.0
2024-10-31 14:15:00+00:00,CNEY,0.49000000953674316,0.49000000953674316,0.5099999904632568,0.49000000953674316,0.5099999904632568,348.0
2024-10-31 14:15:00+00:00,GEVO,2.315000057220459,2.315000057220459,2.319999933242798,2.3113999366760254,2.3129000663757324,42116.0
2024-10-31 14:15:00+00:00,METC,10.130000114440918,10.130000114440918,10.130000114440918,10.130000114440918,10.130000114440918,668.0
2024-10-31 14:15:00+00:00,ORGN,1.3899999856948853,1.3899999856948853,1.3899999856948853,1.3899999856948853,1.3899999856948853,518.0
2024-10-31 14:15:00+00:00,PAAS,23.25,23.25,23.253700256347656,23.225000381469727,23.225000381469727,5339.0
2024-10-31 14:15:00+00:00,PLL,13.09000015258789,13.09000015258789,13.09000015258789,13.09000015258789,13.09000015258789,585.0
2024-10-31 14:15:00+00:00,RGLD,146.4199981689453,146.4199981689453,146.4199981689453,146.4199981689453,146.4199981689453,147.0
2024-10-31 14:15:00+00:00,SSRM,6.130000114440918,6.130000114440918,6.130000114440918,6.130000114440918,6.130000114440918,874.0
2024-10-31 14:15:00+00:00,STLD,131.75,131.75,131.8000030517578,131.75,131.8000030517578,1132.0
2024-10-31 14:15:00+00:00,USAU,6.1194000244140625,6.1194000244140625,6.1194000244140625,6.1194000244140625,6.1194000244140625,359.0
2024-10-31 14:16:00+00:00,ALTO,1.7847000360488892,1.7847000360488892,1.7847000360488892,1.7847000360488892,1.7847000360488892,288.0
2024-10-31 14:16:00+00:00,CRKN,0.9301999807357788,0.9301999807357788,0.9301999807357788,0.9301999807357788,0.9301999807357788,135.0
2024-10-31 14:16:00+00:00,GEVO,2.319999933242798,2.319999933242798,2.319999933242798,2.309999942779541,2.319999933242798,17074.0
2024-10-31 14:16:00+00:00,GPRE,12.539999961853027,12.539999961853027,12.539999961853027,12.539999961853027,12.539999961853027,1855.0
2024-10-31 14:16:00+00:00,GSM,4.170000076293945,4.170000076293945,4.170000076293945,4.159999847412109,4.159999847412109,1425.0
2024-10-31 14:16:00+00:00,HYMC,2.440000057220459,2.440000057220459,2.440000057220459,2.440000057220459,2.440000057220459,204.0
2024-10-31 14:16:00+00:00,IPX,21.860000610351562,21.860000610351562,21.860000610351562,21.860000610351562,21.860000610351562,520.0
2024-10-31 14:16:00+00:00,MERC,6.5,6.5,6.5,6.5,6.5,1883.0
2024-10-31 14:16:00+00:00,ORGN,1.3949999809265137,1.3949999809265137,1.3949999809265137,1.3949999809265137,1.3949999809265137,1074.0
2024-10-31 14:16:00+00:00,PAAS,23.257999420166016,23.257999420166016,23.257999420166016,23.2450008392334,23.2450008392334,2398.0
2024-10-31 14:16:00+00:00,RGLD,146.4600067138672,146.4600067138672,146.4600067138672,146.4199981689453,146.4199981689453,350.0
2024-10-31 14:16:00+00:00,SGML,13.6899995803833,13.6899995803833,13.6899995803833,13.6899995803833,13.6899995803833,1022.0
2024-10-31 14:16:00+00:00,SSRM,6.125,6.125,6.125,6.125,6.125,1171.0
2024-10-31 14:16:00+00:00,STLD,131.72999572753906,131.72999572753906,131.72999572753906,131.72999572753906,131.72999572753906,205.0
2024-10-31 14:16:00+00:00,USAP,43.959999084472656,43.959999084472656,43.959999084472656,43.959999084472656,43.959999084472656,151.0
2024-10-31 14:17:00+00:00,ALTO,1.784999966621399,1.784999966621399,1.784999966621399,1.784999966621399,1.784999966621399,882.0
2024-10-31 14:17:00+00:00,ASTL,10.274999618530273,10.274999618530273,10.279999732971191,10.274999618530273,10.279999732971191,791.0
2024-10-31 14:17:00+00:00,BCPC,169.17999267578125,169.17999267578125,169.17999267578125,169.17999267578125,169.17999267578125,435.0
2024-10-31 14:17:00+00:00,CENX,17.690000534057617,17.690000534057617,17.690000534057617,17.690000534057617,17.690000534057617,732.0
2024-10-31 14:17:00+00:00,CNEY,0.5099999904632568,0.5099999904632568,0.5099999904632568,0.5099999904632568,0.5099999904632568,548.0
2024-10-31 14:17:00+00:00,GEVO,2.309999942779541,2.309999942779541,2.319999933242798,2.309999942779541,2.315000057220459,14092.0
2024-10-31 14:17:00+00:00,GPRE,12.550000190734863,12.550000190734863,12.550000190734863,12.550000190734863,12.550000190734863,955.0
2024-10-31 14:17:00+00:00,GSM,4.159999847412109,4.159999847412109,4.159999847412109,4.159999847412109,4.159999847412109,455.0
2024-10-31 14:17:00+00:00,GURE,0.6320000290870667,0.6320000290870667,0.6320000290870667,0.6320000290870667,0.6320000290870667,900.0
2024-10-31 14:17:00+00:00,HDSN,7.590000152587891,7.590000152587891,7.599999904632568,7.590000152587891,7.599999904632568,1132.0
2024-10-31 14:17:00+00:00,KALU,75.12999725341797,75.12999725341797,75.12999725341797,75.12999725341797,75.12999725341797,430.0
2024-10-31 14:17:00+00:00,LWLG,3.2100000381469727,3.2100000381469727,3.2100000381469727,3.2100000381469727,3.2100000381469727,352.0
2024-10-31 14:17:00+00:00,MEOH,39.119998931884766,39.119998931884766,39.119998931884766,39.119998931884766,39.119998931884766,642.0
2024-10-31 14:17:00+00:00,PAAS,23.2450008392334,23.2450008392334,23.260000228881836,23.2450008392334,23.260000228881836,4206.0
2024-10-31 14:17:00+00:00,STLD,131.73500061035156,131.73500061035156,131.73500061035156,131.73500061035156,131.73500061035156,558.0
2024-10-31 14:17:00+00:00,ZEUS,36.119998931884766,36.119998931884766,36.119998931884766,36.119998931884766,36.119998931884766,903.0
2024-10-31 14:18:00+00:00,ASTL,10.274999618530273,10.274999618530273,10.274999618530273,10.274999618530273,10.274999618530273,374.0
2024-10-31 14:18:00+00:00,BIOX,6.755000114440918,6.755000114440918,6.755000114440918,6.755000114440918,6.755000114440918,8.0
2024-10-31 14:18:00+00:00,CNEY,0.5098999738693237,0.5098999738693237,0.5098999738693237,0.5098999738693237,0.5098999738693237,7.0
2024-10-31 14:18:00+00:00,CRKN,0.9251000285148621,0.9251000285148621,0.9251000285148621,0.9251000285148621,0.9251000285148621,815.0
2024-10-31 14:18:00+00:00,GEVO,2.305000066757202,2.305000066757202,2.315000057220459,2.301800012588501,2.315000057220459,54577.0
2024-10-31 14:18:00+00:00,GPRE,12.529999732971191,12.529999732971191,12.550000190734863,12.529999732971191,12.539999961853027,4655.0
2024-10-31 14:18:00+00:00,GSM,4.164999961853027,4.164999961853027,4.164999961853027,4.159999847412109,4.159999847412109,640.0
2024-10-31 14:18:00+00:00,HYMC,2.440000057220459,2.440000057220459,2.440000057220459,2.440000057220459,2.440000057220459,398.0
2024-10-31 14:18:00+00:00,KALU,75.12000274658203,75.12000274658203,75.12000274658203,75.12000274658203,75.12000274658203,851.0
2024-10-31 14:18:00+00:00,LWLG,3.2149999141693115,3.2149999141693115,3.2149999141693115,3.2149999141693115,3.2149999141693115,302.0
2024-10-31 14:18:00+00:00,PAAS,23.239999771118164,23.239999771118164,23.2450008392334,23.239999771118164,23.2450008392334,1311.0
2024-10-31 14:18:00+00:00,PPTA,10.045000076293945,10.045000076293945,10.045000076293945,10.045000076293945,10.045000076293945,531.0
2024-10-31 14:18:00+00:00,RGLD,146.4600067138672,146.4600067138672,146.4600067138672,146.4600067138672,146.4600067138672,1333.0
2024-10-31 14:18:00+00:00,SSRM,6.125,6.125,6.125,6.125,6.125,440.0
2024-10-31 14:18:00+00:00,STLD,131.69000244140625,131.69000244140625,131.69000244140625,131.6699981689453,131.6699981689453,476.0
2024-10-31 14:18:00+00:00,USAP,43.90999984741211,43.90999984741211,43.90999984741211,43.90999984741211,43.90999984741211,1494.0
2024-10-31 14:19:00+00:00,ALTO,1.7899999618530273,1.7899999618530273,1.7899999618530273,1.784999966621399,1.784999966621399,1598.0
2024-10-31 14:19:00+00:00,ASTL,10.274999618530273,10.274999618530273,10.274999618530273,10.274999618530273,10.274999618530273,1061.0
2024-10-31 14:19:00+00:00,BCPC,169.1750030517578,169.1750030517578,169.1750030517578,169.1750030517578,169.1750030517578,158.0
2024-10-31 14:19:00+00:00,CNEY,0.5099999904632568,0.5099999904632568,0.5099999904632568,0.5099999904632568,0.5099999904632568,200.0
2024-10-31 14:19:00+00:00,CRKN,0.9175999760627747,0.9175999760627747,0.9200999736785889,0.9175999760627747,0.9200999736785889,8636.0
2024-10-31 14:19:00+00:00,GEVO,2.315000057220459,2.315000057220459,2.319999933242798,2.300100088119507,2.305000066757202,42932.0
2024-10-31 14:19:00+00:00,GPRE,12.524999618530273,12.524999618530273,12.524999618530273,12.520000457763672,12.520000457763672,1079.0
2024-10-31 14:19:00+00:00,IPX,21.7549991607666,21.7549991607666,21.760000228881836,21.75,21.75,1132.0
2024-10-31 14:19:00+00:00,KALU,75.08999633789062,75.08999633789062,75.08999633789062,75.08999633789062,75.08999633789062,295.0
2024-10-31 14:19:00+00:00,LGO,2.4047000408172607,2.4047000408172607,2.4047000408172607,2.4047000408172607,2.4047000408172607,800.0
2024-10-31 14:19:00+00:00,LWLG,3.2100000381469727,3.2100000381469727,3.2100000381469727,3.2100000381469727,3.2100000381469727,1036.0
2024-10-31 14:19:00+00:00,METC,10.130000114440918,10.130000114440918,10.130000114440918,10.130000114440918,10.130000114440918,426.0
2024-10-31 14:19:00+00:00,PAAS,23.229999542236328,23.229999542236328,23.240400314331055,23.225000381469727,23.239999771118164,4188.0
2024-10-31 14:19:00+00:00,PLL,13.050000190734863,13.050000190734863,13.050000190734863,13.050000190734863,13.050000190734863,384.0
2024-10-31 14:19:00+00:00,RETO,1.1200000047683716,1.1200000047683716,1.1200000047683716,1.1200000047683716,1.1200000047683716,210.0
2024-10-31 14:19:00+00:00,SGML,13.6899995803833,13.6899995803833,13.6899995803833,13.680000305175781,13.680000305175781,562.0
2024-10-31 14:19:00+00:00,SSRM,6.114999771118164,6.114999771118164,6.125,6.110000133514404,6.125,9647.0
2024-10-31 14:20:00+00:00,ALTO,1.784999966621399,1.784999966621399,1.784999966621399,1.784999966621399,1.784999966621399,411.0
2024-10-31 14:20:00+00:00,CNEY,0.5099999904632568,0.5099999904632568,0.5099999904632568,0.5099999904632568,0.5099999904632568,100.0
2024-10-31 14:20:00+00:00,FEAM,0.48510000109672546,0.48510000109672546,0.48510000109672546,0.48510000109672546,0.48510000109672546,768.0
2024-10-31 14:20:00+00:00,GEVO,2.3199000358581543,2.3199000358581543,2.319999933242798,2.3127999305725098,2.315000057220459,8463.0
2024-10-31 14:20:00+00:00,GPRE,12.529999732971191,12.529999732971191,12.529999732971191,12.529999732971191,12.529999732971191,1913.0
2024-10-31 14:20:00+00:00,GSM,4.159999847412109,4.159999847412109,4.159999847412109,4.159999847412109,4.159999847412109,856.0
2024-10-31 14:20:00+00:00,GURE,0.6320000290870667,0.6320000290870667,0.6320000290870667,0.6265000104904175,0.6312999725341797,400.0
2024-10-31 14:20:00+00:00,MEOH,39.11000061035156,39.11000061035156,39.11000061035156,39.09000015258789,39.11000061035156,1355.0
2024-10-31 14:20:00+00:00,MERC,6.494999885559082,6.494999885559082,6.494999885559082,6.494999885559082,6.494999885559082,103.0
2024-10-31 14:20:00+00:00,METC,10.140000343322754,10.140000343322754,10.140000343322754,10.140000343322754,10.140000343322754,1723.0
2024-10-31 14:20:00+00:00,PAAS,23.264999389648438,23.264999389648438,23.264999389648438,23.229999542236328,23.229999542236328,3255.0
2024-10-31 14:20:00+00:00,RGLD,146.57000732421875,146.57000732421875,146.57000732421875,146.4600067138672,146.4600067138672,1468.0
2024-10-31 14:20:00+00:00,SGML,13.609999656677246,13.609999656677246,13.729999542236328,13.60200023651123,13.699999809265137,10956.0
2024-10-31 14:20:00+00:00,STLD,131.77000427246094,131.77000427246094,131.77000427246094,131.77000427246094,131.77000427246094,1019.0
2024-10-31 14:21:00+00:00,ALTO,1.7799999713897705,1.7799999713897705,1.784999966621399,1.7799999713897705,1.784999966621399,695.0
2024-10-31 14:21:00+00:00,BIOX,6.755000114440918,6.755000114440918,6.755000114440918,6.755000114440918,6.755000114440918,300.0
2024-10-31 14:21:00+00:00,CENX,17.68000030517578,17.68000030517578,17.690000534057617,17.68000030517578,17.690000534057617,1198.0
2024-10-31 14:21:00+00:00,CRKN,0.9175999760627747,0.9175999760627747,0.9175999760627747,0.9175999760627747,0.9175999760627747,903.0
2024-10-31 14:21:00+00:00,GEVO,2.315000057220459,2.315000057220459,2.315000057220459,2.309999942779541,2.315000057220459,5775.0
2024-10-31 14:21:00+00:00,GPRE,12.581100463867188,12.581100463867188,12.59000015258789,12.550000190734863,12.550000190734863,5975.0
2024-10-31 14:21:00+00:00,GSM,4.179999828338623,4.179999828338623,4.179999828338623,4.170000076293945,4.170000076293945,4164.0
2024-10-31 14:21:00+00:00,KALU,75.09500122070312,75.09500122070312,75.09500122070312,75.08999633789062,75.08999633789062,1345.0
2024-10-31 14:21:00+00:00,LGO,2.4000000953674316,2.4000000953674316,2.4000000953674316,2.4000000953674316,2.4000000953674316,0.0
2024-10-31 14:21:00+00:00,LWLG,3.2049999237060547,3.2049999237060547,3.2049999237060547,3.2049999237060547,3.2049999237060547,200.0
2024-10-31 14:21:00+00:00,MERC,6.494999885559082,6.494999885559082,6.494999885559082,6.494999885559082,6.494999885559082,1002.0
2024-10-31 14:21:00+00:00,METC,10.145000457763672,10.145000457763672,10.145000457763672,10.119999885559082,10.119999885559082,1541.0
2024-10-31 14:21:00+00:00,PAAS,23.260000228881836,23.260000228881836,23.274999618530273,23.260000228881836,23.270000457763672,3443.0
2024-10-31 14:21:00+00:00,PPTA,10.039999961853027,10.039999961853027,10.039999961853027,10.039999961853027,10.039999961853027,838.0
2024-10-31 14:21:00+00:00,RGLD,146.4499969482422,146.4499969482422,146.50999450683594,146.4499969482422,146.50999450683594,1262.0
2024-10-31 14:21:00+00:00,SGML,13.630000114440918,13.630000114440918,13.649999618530273,13.609999656677246,13.640000343322754,5297.0
2024-10-31 14:21:00+00:00,SSRM,6.119999885559082,6.119999885559082,6.119999885559082,6.119999885559082,6.119999885559082,2801.0
2024-10-31 14:21:00+00:00,STLD,131.7100067138672,131.7100067138672,131.78750610351562,131.7100067138672,131.77000427246094,1357.0
2024-10-31 14:22:00+00:00,ALTO,1.784999966621399,1.784999966621399,1.784999966621399,1.784999966621399,1.784999966621399,718.0
2024-10-31 14:22:00+00:00,CENX,17.68000030517578,17.68000030517578,17.68000030517578,17.68000030517578,17.68000030517578,848.0
2024-10-31 14:22:00+00:00,CNEY,0.5099999904632568,0.5099999904632568,0.5099999904632568,0.5099999904632568,0.5099999904632568,100.0
2024-10-31 14:22:00+00:00,GEVO,2.315000057220459,2.315000057220459,2.315000057220459,2.315000057220459,2.315000057220459,1889.0
2024-10-31 14:22:00+00:00,GPRE,12.550000190734863,12.550000190734863,12.579999923706055,12.539999961853027,12.5600004196167,13375.0
2024-10-31 14:22:00+00:00,HWKN,110.72000122070312,110.72000122070312,110.72000122070312,110.72000122070312,110.72000122070312,740.0
2024-10-31 14:22:00+00:00,HYMC,2.430000066757202,2.430000066757202,2.4398999214172363,2.4298999309539795,2.4298999309539795,409.0
2024-10-31 14:22:00+00:00,KALU,75.1500015258789,75.1500015258789,75.1500015258789,75.1500015258789,75.1500015258789,157.0
2024-10-31 14:22:00+00:00,METC,10.149999618530273,10.149999618530273,10.149999618530273,10.149999618530273,10.149999618530273,558.0
2024-10-31 14:22:00+00:00,ORGN,1.3949999809265137,1.3949999809265137,1.3949999809265137,1.3949999809265137,1.3949999809265137,117.0
2024-10-31 14:22:00+00:00,PAAS,23.229999542236328,23.229999542236328,23.2549991607666,23.219999313354492,23.25,7452.0
2024-10-31 14:22:00+00:00,SGML,13.6225004196167,13.6225004196167,13.630000114440918,13.619999885559082,13.630000114440918,1558.0
2024-10-31 14:22:00+00:00,SSRM,6.114999771118164,6.114999771118164,6.120100021362305,6.114999771118164,6.120100021362305,7558.0
2024-10-31 14:22:00+00:00,STLD,131.6999969482422,131.6999969482422,131.7100067138672,131.6999969482422,131.6999969482422,1049.0
2024-10-31 14:22:00+00:00,ZEUS,36.084999084472656,36.084999084472656,36.185001373291016,36.029998779296875,36.16999816894531,3024.0
2024-10-31 14:23:00+00:00,ALTO,1.784999966621399,1.784999966621399,1.784999966621399,1.784999966621399,1.784999966621399,0.0
2024-10-31 14:23:00+00:00,ASTL,10.270000457763672,10.270000457763672,10.270000457763672,10.270000457763672,10.270000457763672,344.0
2024-10-31 14:23:00+00:00,BCPC,169.1750030517578,169.1750030517578,169.1750030517578,169.1750030517578,169.1750030517578,160.0
2024-10-31 14:23:00+00:00,CENX,17.68000030517578,17.68000030517578,17.68000030517578,17.674999237060547,17.674999237060547,880.0
2024-10-31 14:23:00+00:00,CNEY,0.4880000054836273,0.4880000054836273,0.49900001287460327,0.4880000054836273,0.49900001287460327,1400.0
2024-10-31 14:23:00+00:00,GEVO,2.315000057220459,2.315000057220459,2.315000057220459,2.315000057220459,2.315000057220459,2454.0
2024-10-31 14:23:00+00:00,GPRE,12.479999542236328,12.479999542236328,12.510000228881836,12.479999542236328,12.510000228881836,9169.0
2024-10-31 14:23:00+00:00,GSM,4.175000190734863,4.175000190734863,4.175000190734863,4.175000190734863,4.175000190734863,1274.0
2024-10-31 14:23:00+00:00,GURE,0.6320000290870667,0.6320000290870667,0.6320000290870667,0.6320000290870667,0.6320000290870667,1240.0
2024-10-31 14:23:00+00:00,LWLG,3.2100000381469727,3.2100000381469727,3.2100000381469727,3.2100000381469727,3.2100000381469727,26000.0
2024-10-31 14:23:00+00:00,METC,10.149999618530273,10.149999618530273,10.149999618530273,10.145999908447266,10.145999908447266,1332.0
2024-10-31 14:23:00+00:00,ORGN,1.3949999809265137,1.3949999809265137,1.3949999809265137,1.3949999809265137,1.3949999809265137,200.0
2024-10-31 14:23:00+00:00,PAAS,23.239999771118164,23.239999771118164,23.2549991607666,23.235000610351562,23.235000610351562,24784.0
2024-10-31 14:23:00+00:00,PLL,13.039999961853027,13.039999961853027,13.039999961853027,13.039999961853027,13.039999961853027,181.0
2024-10-31 14:23:00+00:00,RGLD,146.60000610351562,146.60000610351562,146.60000610351562,146.60000610351562,146.60000610351562,237.0
2024-10-31 14:24:00+00:00,ALTO,1.8108999729156494,1.8108999729156494,1.8108999729156494,1.784999966621399,1.784999966621399,12603.0
2024-10-31 14:24:00+00:00,ASTL,10.270000457763672,10.270000457763672,10.270000457763672,10.270000457763672,10.270000457763672,177.0
2024-10-31 14:24:00+00:00,BIOX,6.75,6.75,6.755000114440918,6.75,6.755000114440918,916.0
2024-10-31 14:24:00+00:00,CNEY,0.5099999904632568,0.5099999904632568,0.5099999904632568,0.5099999904632568,0.5099999904632568,0.0
2024-10-31 14:24:00+00:00,CRKN,0.9150999784469604,0.9150999784469604,0.9150999784469604,0.9150999784469604,0.9150999784469604,316.0
2024-10-31 14:24:00+00:00,FEAM,0.47099998593330383,0.47099998593330383,0.47099998593330383,0.47099998593330383,0.47099998593330383,156.0
2024-10-31 14:24:00+00:00,GEVO,2.299999952316284,2.299999952316284,2.309999942779541,2.299999952316284,2.309999942779541,82278.0
2024-10-31 14:24:00+00:00,GPRE,12.510000228881836,12.510000228881836,12.510000228881836,12.484999656677246,12.484999656677246,3384.0
2024-10-31 14:24:00+00:00,LWLG,3.2149999141693115,3.2149999141693115,3.2149999141693115,3.2049999237060547,3.2049999237060547,0.0
2024-10-31 14:24:00+00:00,MEOH,39.08000183105469,39.08000183105469,39.08000183105469,39.08000183105469,39.08000183105469,200.0
2024-10-31 14:24:00+00:00,ORGN,1.3995000123977661,1.3995000123977661,1.3995000123977661,1.3949999809265137,1.3949999809265137,570.0
2024-10-31 14:24:00+00:00,PAAS,23.25,23.25,23.260000228881836,23.25,23.25,4608.0
2024-10-31 14:24:00+00:00,PLL,13.020000457763672,13.020000457763672,13.039999961853027,13.020000457763672,13.039999961853027,349.0
2024-10-31 14:24:00+00:00,SSRM,6.114999771118164,6.114999771118164,6.114999771118164,6.114999771118164,6.114999771118164,161.0
2024-10-31 14:24:00+00:00,STLD,131.7100067138672,131.7100067138672,131.7100067138672,131.7100067138672,131.7100067138672,433.0
2024-10-31 14:25:00+00:00,ALTO,1.8049999475479126,1.8049999475479126,1.8199000358581543,1.8049999475479126,1.8199000358581543,11552.0
2024-10-31 14:25:00+00:00,AREC,0.9954000115394592,0.9954000115394592,0.9954000115394592,0.9954000115394592,0.9954000115394592,114.0
2024-10-31 14:25:00+00:00,ASTL,10.260000228881836,10.260000228881836,10.260000228881836,10.260000228881836,10.260000228881836,460.0
2024-10-31 14:25:00+00:00,BIOX,6.755000114440918,6.755000114440918,6.755000114440918,6.755000114440918,6.755000114440918,268.0
2024-10-31 14:25:00+00:00,GEVO,2.315000057220459,2.315000057220459,2.3180999755859375,2.305000066757202,2.305000066757202,52205.0
2024-10-31 14:25:00+00:00,GPRE,12.524999618530273,12.524999618530273,12.524999618530273,12.510000228881836,12.510000228881836,4393.0
2024-10-31 14:25:00+00:00,GSM,4.175000190734863,4.175000190734863,4.175000190734863,4.175000190734863,4.175000190734863,1170.0
2024-10-31 14:25:00+00:00,HDSN,7.599999904632568,7.599999904632568,7.599999904632568,7.59499979019165,7.599999904632568,1247.0
2024-10-31 14:25:00+00:00,LITM,0.375,0.375,0.375,0.375,0.375,1063.0
2024-10-31 14:25:00+00:00,LWLG,3.2149999141693115,3.2149999141693115,3.2149999141693115,3.2149999141693115,3.2149999141693115,111.0
2024-10-31 14:25:00+00:00,MEOH,39.060001373291016,39.060001373291016,39.060001373291016,39.060001373291016,39.060001373291016,39.0
2024-10-31 14:25:00+00:00,MERC,6.5,6.5,6.5,6.5,6.5,862.0
2024-10-31 14:25:00+00:00,METC,10.154999732971191,10.154999732971191,10.154999732971191,10.154999732971191,10.154999732971191,234.0
2024-10-31 14:25:00+00:00,ORGN,1.399999976158142,1.399999976158142,1.399999976158142,1.399999976158142,1.399999976158142,117.0
2024-10-31 14:25:00+00:00,PAAS,23.235000610351562,23.235000610351562,23.2450008392334,23.235000610351562,23.239999771118164,3323.0
2024-10-31 14:25:00+00:00,RGLD,146.58999633789062,146.58999633789062,146.58999633789062,146.58999633789062,146.58999633789062,154.0
2024-10-31 14:25:00+00:00,SSRM,6.110000133514404,6.110000133514404,6.110000133514404,6.110000133514404,6.110000133514404,408.0
2024-10-31 14:25:00+00:00,STLD,131.73500061035156,131.73500061035156,131.75999450683594,131.73500061035156,131.75999450683594,2572.0
2024-10-31 14:25:00+00:00,ZEUS,36.0,36.0,36.0,36.0,36.0,1047.0
2024-10-31 14:26:00+00:00,ALTO,1.8049999475479126,1.8049999475479126,1.8049999475479126,1.8049999475479126,1.8049999475479126,0.0
2024-10-31 14:26:00+00:00,ASTL,10.270000457763672,10.270000457763672,10.270000457763672,10.270000457763672,10.270000457763672,150.0
2024-10-31 14:26:00+00:00,BCPC,169.17999267578125,169.17999267578125,169.17999267578125,169.17999267578125,169.17999267578125,256.0
2024-10-31 14:26:00+00:00,BIOX,6.744999885559082,6.744999885559082,6.75,6.744999885559082,6.75,2570.0
2024-10-31 14:26:00+00:00,CENX,17.684999465942383,17.684999465942383,17.684999465942383,17.684999465942383,17.684999465942383,536.0
2024-10-31 14:26:00+00:00,CNEY,0.49900001287460327,0.49900001287460327,0.5099999904632568,0.49000000953674316,0.5099999904632568,2073.0
2024-10-31 14:26:00+00:00,GEVO,2.315000057220459,2.315000057220459,2.319999933242798,2.309999942779541,2.319999933242798,3866.0
2024-10-31 14:26:00+00:00,GPRE,12.520000457763672,12.520000457763672,12.522000312805176,12.510000228881836,12.510000228881836,4298.0
2024-10-31 14:26:00+00:00,GSM,4.170000076293945,4.170000076293945,4.175000190734863,4.170000076293945,4.170000076293945,1892.0
2024-10-31 14:26:00+00:00,HDSN,7.586999893188477,7.586999893188477,7.599999904632568,7.586999893188477,7.599999904632568,2110.0
2024-10-31 14:26:00+00:00,IOSP,109.06999969482422,109.06999969482422,109.06999969482422,109.06999969482422,109.06999969482422,161.0
2024-10-31 14:26:00+00:00,KALU,75.15499877929688,75.15499877929688,75.15499877929688,75.15499877929688,75.15499877929688,1178.0
2024-10-31 14:26:00+00:00,LWLG,3.2149999141693115,3.2149999141693115,3.2149999141693115,3.2149999141693115,3.2149999141693115,2395.0
2024-10-31 14:26:00+00:00,MEOH,39.060001373291016,39.060001373291016,39.060001373291016,39.060001373291016,39.060001373291016,500.0
2024-10-31 14:26:00+00:00,METC,10.186200141906738,10.186200141906738,10.186200141906738,10.15999984741211,10.15999984741211,2573.0
2024-10-31 14:26:00+00:00,ORGN,1.3949999809265137,1.3949999809265137,1.3949999809265137,1.3949999809265137,1.3949999809265137,109.0
2024-10-31 14:26:00+00:00,PAAS,23.225000381469727,23.225000381469727,23.229999542236328,23.219999313354492,23.229999542236328,3395.0
2024-10-31 14:26:00+00:00,RETO,1.1299999952316284,1.1299999952316284,1.1299999952316284,1.1299999952316284,1.1299999952316284,124.0
2024-10-31 14:26:00+00:00,RGLD,146.52000427246094,146.52000427246094,146.52000427246094,146.52000427246094,146.52000427246094,1005.0
2024-10-31 14:26:00+00:00,SSRM,6.110000133514404,6.110000133514404,6.110099792480469,6.110000133514404,6.110099792480469,2342.0
2024-10-31 14:26:00+00:00,STLD,131.7449951171875,131.7449951171875,131.75999450683594,131.6999969482422,131.72999572753906,2025.0
2024-10-31 14:26:00+00:00,TMC,0.9775000214576721,0.9775000214576721,0.9779000282287598,0.9771000146865845,0.9779000282287598,8907.0
2024-10-31 14:26:00+00:00,UFPI,123.26000213623047,123.26000213623047,123.26000213623047,123.26000213623047,123.26000213623047,2523.0
2024-10-31 14:26:00+00:00,USAU,6.130000114440918,6.130000114440918,6.130000114440918,6.130000114440918,6.130000114440918,328.0
2024-10-31 14:27:00+00:00,ALTO,1.8049999475479126,1.8049999475479126,1.8049999475479126,1.8049999475479126,1.8049999475479126,2009.0
2024-10-31 14:27:00+00:00,AREC,0.9800000190734863,0.9800000190734863,0.9850000143051147,0.9800000190734863,0.9850000143051147,311.0
2024-10-31 14:27:00+00:00,ASTL,10.270000457763672,10.270000457763672,10.270000457763672,10.265000343322754,10.265000343322754,1092.0
2024-10-31 14:27:00+00:00,BCPC,169.17999267578125,169.17999267578125,169.17999267578125,169.17999267578125,169.17999267578125,126.0
2024-10-31 14:27:00+00:00,CENX,17.670000076293945,17.670000076293945,17.68000030517578,17.670000076293945,17.68000030517578,2332.0
2024-10-31 14:27:00+00:00,GEVO,2.309999942779541,2.309999942779541,2.319999933242798,2.309999942779541,2.319999933242798,3471.0
2024-10-31 14:27:00+00:00,GSM,4.164999961853027,4.164999961853027,4.170000076293945,4.164999961853027,4.170000076293945,8123.0
2024-10-31 14:27:00+00:00,GURE,0.6320000290870667,0.6320000290870667,0.6320000290870667,0.6320000290870667,0.6320000290870667,1278.0
2024-10-31 14:27:00+00:00,HDSN,7.585000038146973,7.585000038146973,7.585000038146973,7.579999923706055,7.579999923706055,510.0
2024-10-31 14:27:00+00:00,HWKN,110.2699966430664,110.2699966430664,110.4749984741211,110.2699966430664,110.4749984741211,2138.0
2024-10-31 14:27:00+00:00,METC,10.199999809265137,10.199999809265137,10.199999809265137,10.199999809265137,10.199999809265137,181.0
2024-10-31 14:27:00+00:00,ORGN,1.3949999809265137,1.3949999809265137,1.3949999809265137,1.3949999809265137,1.3949999809265137,217.0
2024-10-31 14:27:00+00:00,PAAS,23.204999923706055,23.204999923706055,23.229999542236328,23.204999923706055,23.229999542236328,10012.0
2024-10-31 14:27:00+00:00,PLL,13.029999732971191,13.029999732971191,13.029999732971191,13.010000228881836,13.010000228881836,677.0
2024-10-31 14:27:00+00:00,RGLD,146.57000732421875,146.57000732421875,146.57000732421875,146.57000732421875,146.57000732421875,189.0
2024-10-31 14:27:00+00:00,SGML,13.611599922180176,13.611599922180176,13.611599922180176,13.611599922180176,13.611599922180176,702.0
2024-10-31 14:27:00+00:00,SSRM,6.114999771118164,6.114999771118164,6.114999771118164,6.114999771118164,6.114999771118164,171.0
2024-10-31 14:27:00+00:00,STLD,131.72000122070312,131.72000122070312,131.72000122070312,131.6999969482422,131.6999969482422,440.0
2024-10-31 14:27:00+00:00,UFPI,123.16999816894531,123.16999816894531,123.16999816894531,123.16999816894531,123.16999816894531,611.0
2024-10-31 14:28:00+00:00,AREC,0.9847999811172485,0.9847999811172485,0.9847999811172485,0.9847999811172485,0.9847999811172485,1063.0
2024-10-31 14:28:00+00:00,BCPC,169.17999267578125,169.17999267578125,169.17999267578125,169.17999267578125,169.17999267578125,433.0
2024-10-31 14:28:00+00:00,CENX,17.665000915527344,17.665000915527344,17.665000915527344,17.665000915527344,17.665000915527344,610.0
2024-10-31 14:28:00+00:00,CNEY,0.5099999904632568,0.5099999904632568,0.5099999904632568,0.5099999904632568,0.5099999904632568,0.0
2024-10-31 14:28:00+00:00,GEVO,2.315999984741211,2.315999984741211,2.319999933242798,2.313999891281128,2.315000057220459,9330.0
2024-10-31 14:28:00+00:00,GPRE,12.550000190734863,12.550000190734863,12.550000190734863,12.520000457763672,12.529999732971191,2550.0
2024-10-31 14:28:00+00:00,GSM,4.159999847412109,4.159999847412109,4.159999847412109,4.159999847412109,4.159999847412109,114.0
2024-10-31 14:28:00+00:00,HDSN,7.579999923706055,7.579999923706055,7.579999923706055,7.579999923706055,7.579999923706055,1222.0
2024-10-31 14:28:00+00:00,LWLG,3.2149999141693115,3.2149999141693115,3.2149999141693115,3.2149999141693115,3.2149999141693115,280.0
2024-10-31 14:28:00+00:00,MEOH,39.05500030517578,39.05500030517578,39.05500030517578,39.04999923706055,39.04999923706055,310.0
2024-10-31 14:28:00+00:00,METC,10.199999809265137,10.199999809265137,10.199999809265137,10.199999809265137,10.199999809265137,1274.0
2024-10-31 14:28:00+00:00,ORGN,1.3949999809265137,1.3949999809265137,1.3949999809265137,1.3899999856948853,1.3949999809265137,2678.0
2024-10-31 14:28:00+00:00,PAAS,23.219999313354492,23.219999313354492,23.229999542236328,23.200000762939453,23.204999923706055,39248.0
2024-10-31 14:28:00+00:00,PLL,13.023599624633789,13.023599624633789,13.023599624633789,13.010000228881836,13.010000228881836,515.0
2024-10-31 14:28:00+00:00,PPTA,10.050000190734863,10.050000190734863,10.050000190734863,10.050000190734863,10.050000190734863,327.0
2024-10-31 14:28:00+00:00,RGLD,146.5399932861328,146.5399932861328,146.5399932861328,146.5399932861328,146.5399932861328,330.0
2024-10-31 14:28:00+00:00,SGML,13.609999656677246,13.609999656677246,13.609999656677246,13.609999656677246,13.609999656677246,1884.0
2024-10-31 14:28:00+00:00,SSRM,6.119999885559082,6.119999885559082,6.119999885559082,6.119999885559082,6.119999885559082,1001.0
2024-10-31 14:28:00+00:00,STLD,131.7449951171875,131.7449951171875,131.77999877929688,131.7449951171875,131.7449951171875,3837.0
2024-10-31 14:29:00+00:00,ALTO,1.8049999475479126,1.8049999475479126,1.8049999475479126,1.7999999523162842,1.7999999523162842,265.0
2024-10-31 14:29:00+00:00,BCPC,168.97000122070312,168.97000122070312,169.14999389648438,168.97000122070312,169.14999389648438,1260.0
2024-10-31 14:29:00+00:00,CENX,17.68000030517578,17.68000030517578,17.68000030517578,17.66069984436035,17.66360092163086,2983.0
2024-10-31 14:29:00+00:00,CRKN,0.9150000214576721,0.9150000214576721,0.9150000214576721,0.9150000214576721,0.9150000214576721,1952.0
2024-10-31 14:29:00+00:00,GEVO,2.3178999423980713,2.3178999423980713,2.3178999423980713,2.315000057220459,2.315000057220459,4032.0
2024-10-31 14:29:00+00:00,GPRE,12.53499984741211,12.53499984741211,12.539999961853027,12.53499984741211,12.539999961853027,2324.0
2024-10-31 14:29:00+00:00,GSM,4.175000190734863,4.175000190734863,4.175000190734863,4.170000076293945,4.170000076293945,19216.0
2024-10-31 14:29:00+00:00,LITM,0.37540000677108765,0.37540000677108765,0.37540000677108765,0.37540000677108765,0.37540000677108765,1472.0
2024-10-31 14:29:00+00:00,METC,10.210000038146973,10.210000038146973,10.210000038146973,10.210000038146973,10.210000038146973,235.0
2024-10-31 14:29:00+00:00,PAAS,23.209999084472656,23.209999084472656,23.219999313354492,23.209999084472656,23.209999084472656,8167.0
2024-10-31 14:29:00+00:00,PLL,13.029999732971191,13.029999732971191,13.029999732971191,13.010000228881836,13.010000228881836,2288.0
2024-10-31 14:29:00+00:00,PPTA,10.050000190734863,10.050000190734863,10.050000190734863,10.050000190734863,10.050000190734863,1165.0
2024-10-31 14:29:00+00:00,SSRM,6.110000133514404,6.110000133514404,6.114999771118164,6.110000133514404,6.114999771118164,873.0
2024-10-31 14:29:00+00:00,STLD,131.7899932861328,131.7899932861328,131.7899932861328,131.7449951171875,131.7449951171875,2209.0
2024-10-31 14:30:00+00:00,ASTL,10.274999618530273,10.274999618530273,10.274999618530273,10.270000457763672,10.270000457763672,1728.0
2024-10-31 14:30:00+00:00,CNEY,0.5099999904632568,0.5099999904632568,0.5099999904632568,0.5099999904632568,0.5099999904632568,100.0
2024-10-31 14:30:00+00:00,CRKN,0.9235000014305115,0.9235000014305115,0.9235000014305115,0.9235000014305115,0.9235000014305115,200.0
2024-10-31 14:30:00+00:00,GEVO,2.319999933242798,2.319999933242798,2.319999933242798,2.315000057220459,2.3199000358581543,4861.0
2024-10-31 14:30:00+00:00,GPRE,12.529999732971191,12.529999732971191,12.529999732971191,12.524999618530273,12.529999732971191,2037.0
2024-10-31 14:30:00+00:00,GSM,4.175000190734863,4.175000190734863,4.175000190734863,4.175000190734863,4.175000190734863,986.0
2024-10-31 14:30:00+00:00,HDSN,7.599999904632568,7.599999904632568,7.599999904632568,7.579800128936768,7.579800128936768,3598.0
2024-10-31 14:30:00+00:00,HWKN,110.95999908447266,110.95999908447266,110.95999908447266,110.66999816894531,110.66999816894531,1418.0
2024-10-31 14:30:00+00:00,HYMC,2.430000066757202,2.430000066757202,2.430000066757202,2.430000066757202,2.430000066757202,214.0
2024-10-31 14:30:00+00:00,IOSP,109.05999755859375,109.05999755859375,109.05999755859375,109.05999755859375,109.05999755859375,236.0
2024-10-31 14:30:00+00:00,MEOH,39.060001373291016,39.060001373291016,39.060001373291016,39.060001373291016,39.060001373291016,418.0
2024-10-31 14:30:00+00:00,MERC,6.5,6.5,6.5,6.5,6.5,1001.0
2024-10-31 14:30:00+00:00,METC,10.1899995803833,10.1899995803833,10.210000038146973,10.1899995803833,10.210000038146973,3269.0
2024-10-31 14:30:00+00:00,NTIC,12.890000343322754,12.890000343322754,12.890000343322754,12.890000343322754,12.890000343322754,1014.0
2024-10-31 14:30:00+00:00,ORGN,1.3949999809265137,1.3949999809265137,1.3949999809265137,1.3949999809265137,1.3949999809265137,303.0
2024-10-31 14:30:00+00:00,PAAS,23.200000762939453,23.200000762939453,23.209999084472656,23.190000534057617,23.209999084472656,3566.0
2024-10-31 14:30:00+00:00,SGML,13.600000381469727,13.600000381469727,13.600000381469727,13.600000381469727,13.600000381469727,331.0
2024-10-31 14:30:00+00:00,SSRM,6.114999771118164,6.114999771118164,6.114999771118164,6.110000133514404,6.110000133514404,829.0
2024-10-31 14:30:00+00:00,STLD,131.7449951171875,131.7449951171875,131.7449951171875,131.7449951171875,131.7449951171875,1330.0
2024-10-31 14:30:00+00:00,UFPI,123.3499984741211,123.3499984741211,123.3499984741211,123.25,123.25,1972.0
2024-10-31 14:31:00+00:00,AREC,0.9847999811172485,0.9847999811172485,0.9847999811172485,0.9847999811172485,0.9847999811172485,810.0
2024-10-31 14:31:00+00:00,CNEY,0.5099999904632568,0.5099999904632568,0.5099999904632568,0.5099999904632568,0.5099999904632568,100.0
2024-10-31 14:31:00+00:00,GEVO,2.319700002670288,2.319700002670288,2.3197999000549316,2.312000036239624,2.315000057220459,3697.0
2024-10-31 14:31:00+00:00,GPRE,12.539999961853027,12.539999961853027,12.550000190734863,12.539999961853027,12.550000190734863,1906.0
2024-10-31 14:31:00+00:00,GSM,4.175000190734863,4.175000190734863,4.175000190734863,4.175000190734863,4.175000190734863,685.0
2024-10-31 14:31:00+00:00,IOSP,109.05999755859375,109.05999755859375,109.05999755859375,109.05999755859375,109.05999755859375,649.0
2024-10-31 14:31:00+00:00,LGO,2.390199899673462,2.390199899673462,2.390199899673462,2.390199899673462,2.390199899673462,1423.0
2024-10-31 14:31:00+00:00,MEOH,39.040000915527344,39.040000915527344,39.060001373291016,39.040000915527344,39.060001373291016,300.0
2024-10-31 14:31:00+00:00,MERC,6.489999771118164,6.489999771118164,6.489999771118164,6.489999771118164,6.489999771118164,1452.0
2024-10-31 14:31:00+00:00,PAAS,23.19499969482422,23.19499969482422,23.200000762939453,23.190000534057617,23.200000762939453,5237.0
2024-10-31 14:31:00+00:00,RGLD,146.52999877929688,146.52999877929688,146.52999877929688,146.4499969482422,146.4499969482422,426.0
2024-10-31 14:31:00+00:00,SSRM,6.110000133514404,6.110000133514404,6.110000133514404,6.110000133514404,6.110000133514404,197.0
2024-10-31 14:31:00+00:00,STLD,131.77000427246094,131.77000427246094,131.82000732421875,131.6999969482422,131.7899932861328,7005.0
2024-10-31 14:32:00+00:00,CENX,17.68000030517578,17.68000030517578,17.68000030517578,17.68000030517578,17.68000030517578,712.0
2024-10-31 14:32:00+00:00,CRKN,0.9235000014305115,0.9235000014305115,0.9235000014305115,0.9235000014305115,0.9235000014305115,1005.0
2024-10-31 14:32:00+00:00,FEAM,0.47099998593330383,0.47099998593330383,0.47099998593330383,0.47099998593330383,0.47099998593330383,659.0
2024-10-31 14:32:00+00:00,GEVO,2.309999942779541,2.309999942779541,2.315000057220459,2.309999942779541,2.315000057220459,3851.0
2024-10-31 14:32:00+00:00,GPRE,12.539999961853027,12.539999961853027,12.539999961853027,12.529999732971191,12.529999732971191,1071.0
2024-10-31 14:32:00+00:00,HDSN,7.599899768829346,7.599899768829346,7.599899768829346,7.590000152587891,7.590000152587891,1483.0
2024-10-31 14:32:00+00:00,HWKN,110.47010040283203,110.47010040283203,110.47010040283203,110.47010040283203,110.47010040283203,903.0
2024-10-31 14:32:00+00:00,LGO,2.369999885559082,2.369999885559082,2.390000104904175,2.369999885559082,2.390000104904175,13593.0
2024-10-31 14:32:00+00:00,LWLG,3.218400001525879,3.218400001525879,3.218400001525879,3.218400001525879,3.218400001525879,1392.0
2024-10-31 14:32:00+00:00,MEOH,39.08000183105469,39.08000183105469,39.08000183105469,39.040000915527344,39.040000915527344,1265.0
2024-10-31 14:32:00+00:00,MERC,6.5,6.5,6.5,6.5,6.5,531.0
2024-10-31 14:32:00+00:00,METC,10.1899995803833,10.1899995803833,10.1899995803833,10.1899995803833,10.1899995803833,225.0
2024-10-31 14:32:00+00:00,PAAS,23.190000534057617,23.190000534057617,23.19499969482422,23.190000534057617,23.190000534057617,1633.0
2024-10-31 14:32:00+00:00,RETO,1.1299999952316284,1.1299999952316284,1.1299999952316284,1.1299999952316284,1.1299999952316284,169.0
2024-10-31 14:32:00+00:00,SGML,13.609999656677246,13.609999656677246,13.609999656677246,13.609999656677246,13.609999656677246,433.0
2024-10-31 14:32:00+00:00,SSRM,6.105000019073486,6.105000019073486,6.110000133514404,6.105000019073486,6.110000133514404,10013.0
2024-10-31 14:32:00+00:00,STLD,131.75999450683594,131.75999450683594,131.75999450683594,131.72000122070312,131.72000122070312,568.0
2024-10-31 14:32:00+00:00,USLM,113.95999908447266,113.95999908447266,113.95999908447266,113.95999908447266,113.95999908447266,360.0
2024-10-31 14:33:00+00:00,ALTO,1.809999942779541,1.809999942779541,1.809999942779541,1.8049999475479126,1.8049999475479126,438.0
2024-10-31 14:33:00+00:00,CENX,17.674999237060547,17.674999237060547,17.674999237060547,17.670000076293945,17.670000076293945,4187.0
2024-10-31 14:33:00+00:00,CNEY,0.5099999904632568,0.5099999904632568,0.5099999904632568,0.5099999904632568,0.5099999904632568,100.0
2024-10-31 14:33:00+00:00,GEVO,2.325000047683716,2.325000047683716,2.325000047683716,2.315000057220459,2.315000057220459,65406.0
2024-10-31 14:33:00+00:00,GPRE,12.5600004196167,12.5600004196167,12.5600004196167,12.5600004196167,12.5600004196167,1304.0
2024-10-31 14:33:00+00:00,GSM,4.175000190734863,4.175000190734863,4.179999828338623,4.175000190734863,4.175000190734863,1867.0
2024-10-31 14:33:00+00:00,LGO,2.380000114440918,2.380000114440918,2.380000114440918,2.380000114440918,2.380000114440918,0.0
2024-10-31 14:33:00+00:00,LWLG,3.2049999237060547,3.2049999237060547,3.2049999237060547,3.2049999237060547,3.2049999237060547,218.0
2024-10-31 14:33:00+00:00,MEOH,39.130001068115234,39.130001068115234,39.130001068115234,39.08000183105469,39.08000183105469,874.0
2024-10-31 14:33:00+00:00,METC,10.210000038146973,10.210000038146973,10.210000038146973,10.194999694824219,10.194999694824219,2121.0
2024-10-31 14:33:00+00:00,PAAS,23.290000915527344,23.290000915527344,23.299999237060547,23.190000534057617,23.190000534057617,59091.0
2024-10-31 14:33:00+00:00,PPTA,10.069999694824219,10.069999694824219,10.069999694824219,10.050000190734863,10.050000190734863,1560.0
2024-10-31 14:33:00+00:00,RGLD,147.0,147.0,147.0,146.60000610351562,146.60000610351562,1957.0
2024-10-31 14:33:00+00:00,SGML,13.619999885559082,13.619999885559082,13.619999885559082,13.60200023651123,13.60200023651123,2922.0
2024-10-31 14:33:00+00:00,SSRM,6.144999980926514,6.144999980926514,6.144999980926514,6.110000133514404,6.110000133514404,20035.0
2024-10-31 14:33:00+00:00,STLD,131.63499450683594,131.63499450683594,131.6999969482422,131.61500549316406,131.69000244140625,4288.0
2024-10-31 14:34:00+00:00,ACNT,9.385000228881836,9.385000228881836,9.385000228881836,9.385000228881836,9.385000228881836,235.0
2024-10-31 14:34:00+00:00,BCPC,169.00999450683594,169.00999450683594,169.00999450683594,169.00999450683594,169.00999450683594,453.0
2024-10-31 14:34:00+00:00,BIOX,6.755000114440918,6.755000114440918,6.755000114440918,6.755000114440918,6.755000114440918,300.0
2024-10-31 14:34:00+00:00,CENX,17.670000076293945,17.670000076293945,17.670000076293945,17.670000076293945,17.670000076293945,2526.0
2024-10-31 14:34:00+00:00,GEVO,2.325000047683716,2.325000047683716,2.325000047683716,2.319999933242798,2.325000047683716,16087.0
2024-10-31 14:34:00+00:00,GPRE,12.539999961853027,12.539999961853027,12.555999755859375,12.539999961853027,12.550000190734863,3799.0
2024-10-31 14:34:00+00:00,GSM,4.190000057220459,4.190000057220459,4.190000057220459,4.175000190734863,4.175000190734863,7658.0
2024-10-31 14:34:00+00:00,GURE,0.6159999966621399,0.6159999966621399,0.6320000290870667,0.6159999966621399,0.6320000290870667,390.0
2024-10-31 14:34:00+00:00,HDSN,7.590000152587891,7.590000152587891,7.59499979019165,7.590000152587891,7.590000152587891,675.0
2024-10-31 14:34:00+00:00,IONR,7.800099849700928,7.800099849700928,7.800099849700928,7.800099849700928,7.800099849700928,624.0
2024-10-31 14:34:00+00:00,LWLG,3.2100000381469727,3.2100000381469727,3.2100000381469727,3.2100000381469727,3.2100000381469727,327.0
2024-10-31 14:34:00+00:00,MERC,6.489999771118164,6.489999771118164,6.489999771118164,6.489999771118164,6.489999771118164,679.0
2024-10-31 14:34:00+00:00,METC,10.25,10.25,10.25,10.234999656677246,10.234999656677246,305.0
2024-10-31 14:34:00+00:00,PAAS,23.31999969482422,23.31999969482422,23.31999969482422,23.290000915527344,23.290000915527344,11858.0
2024-10-31 14:34:00+00:00,PPTA,10.109999656677246,10.109999656677246,10.109999656677246,10.109999656677246,10.109999656677246,262.0
2024-10-31 14:34:00+00:00,RGLD,146.9250030517578,146.9250030517578,147.0,146.9250030517578,147.0,1803.0
2024-10-31 14:34:00+00:00,SGML,13.640000343322754,13.640000343322754,13.640000343322754,13.635000228881836,13.635000228881836,246.0
2024-10-31 14:34:00+00:00,SNES,2.8499999046325684,2.8499999046325684,2.8499999046325684,2.8499999046325684,2.8499999046325684,210.0
2024-10-31 14:34:00+00:00,SSRM,6.159999847412109,6.159999847412109,6.159999847412109,6.150000095367432,6.150000095367432,10345.0
2024-10-31 14:34:00+00:00,STLD,131.46499633789062,131.46499633789062,131.55999755859375,131.39999389648438,131.55999755859375,2077.0
2024-10-31 14:35:00+00:00,ALTO,1.815000057220459,1.815000057220459,1.815000057220459,1.8049999475479126,1.8049999475479126,9561.0
2024-10-31 14:35:00+00:00,ASTL,10.270000457763672,10.270000457763672,10.270000457763672,10.270000457763672,10.270000457763672,1055.0
2024-10-31 14:35:00+00:00,CNEY,0.5098999738693237,0.5098999738693237,0.5098999738693237,0.4880000054836273,0.4880000054836273,300.0
2024-10-31 14:35:00+00:00,CRKN,0.9235000014305115,0.9235000014305115,0.9235000014305115,0.9235000014305115,0.9235000014305115,246.0
2024-10-31 14:35:00+00:00,GEVO,2.325000047683716,2.325000047683716,2.3299999237060547,2.325000047683716,2.3299999237060547,9947.0
2024-10-31 14:35:00+00:00,GPRE,12.5600004196167,12.5600004196167,12.5600004196167,12.5600004196167,12.5600004196167,151.0
2024-10-31 14:35:00+00:00,GSM,4.184999942779541,4.184999942779541,4.184999942779541,4.184999942779541,4.184999942779541,548.0
2024-10-31 14:35:00+00:00,GURE,0.6001999974250793,0.6001999974250793,0.6320000290870667,0.6001999974250793,0.6320000290870667,5333.0
2024-10-31 14:35:00+00:00,HYMC,2.439300060272217,2.439300060272217,2.439300060272217,2.439300060272217,2.439300060272217,520.0
2024-10-31 14:35:00+00:00,IONR,7.800000190734863,7.800000190734863,7.820000171661377,7.800000190734863,7.800000190734863,1868.0
2024-10-31 14:35:00+00:00,MEOH,39.15999984741211,39.15999984741211,39.15999984741211,39.13999938964844,39.13999938964844,2014.0
2024-10-31 14:35:00+00:00,MERC,6.480000019073486,6.480000019073486,6.480000019073486,6.46999979019165,6.480000019073486,5835.0
2024-10-31 14:35:00+00:00,METC,10.260000228881836,10.260000228881836,10.260000228881836,10.260000228881836,10.260000228881836,1923.0
2024-10-31 14:35:00+00:00,ORGN,1.3949999809265137,1.3949999809265137,1.3949999809265137,1.3949999809265137,1.3949999809265137,212.0
2024-10-31 14:35:00+00:00,PAAS,23.3435001373291,23.3435001373291,23.360000610351562,23.309999465942383,23.309999465942383,36299.0
2024-10-31 14:35:00+00:00,SGML,13.649999618530273,13.649999618530273,13.649999618530273,13.649999618530273,13.649999618530273,412.0
2024-10-31 14:35:00+00:00,SSRM,6.157100200653076,6.157100200653076,6.159999847412109,6.15500020980835,6.15500020980835,6374.0
2024-10-31 14:35:00+00:00,STLD,131.5399932861328,131.5399932861328,131.57000732421875,131.5399932861328,131.57000732421875,1452.0
2024-10-31 14:35:00+00:00,TMC,0.9779999852180481,0.9779999852180481,0.9779999852180481,0.9779999852180481,0.9779999852180481,4275.0
2024-10-31 14:35:00+00:00,USLM,114.0199966430664,114.0199966430664,114.0199966430664,113.9800033569336,113.9800033569336,810.0
2024-10-31 14:36:00+00:00,CRKN,0.9150999784469604,0.9150999784469604,0.9150999784469604,0.9150999784469604,0.9150999784469604,702.0
2024-10-31 14:36:00+00:00,GEVO,2.3276000022888184,2.3276000022888184,2.3299999237060547,2.325000047683716,2.325000047683716,8864.0
2024-10-31 14:36:00+00:00,GPRE,12.609999656677246,12.609999656677246,12.609999656677246,12.569999694824219,12.569999694824219,4261.0
2024-10-31 14:36:00+00:00,GSM,4.190000057220459,4.190000057220459,4.190000057220459,4.179999828338623,4.179999828338623,976.0
2024-10-31 14:36:00+00:00,GURE,0.616100013256073,0.616100013256073,0.616100013256073,0.6000999808311462,0.616100013256073,0.0
2024-10-31 14:36:00+00:00,HDSN,7.599999904632568,7.599999904632568,7.599999904632568,7.599999904632568,7.599999904632568,402.0
2024-10-31 14:36:00+00:00,HYMC,2.440000057220459,2.440000057220459,2.440000057220459,2.4391000270843506,2.4391000270843506,314.0
2024-10-31 14:36:00+00:00,KALU,75.12999725341797,75.12999725341797,75.12999725341797,74.98999786376953,74.98999786376953,288.0
2024-10-31 14:36:00+00:00,LGO,2.390000104904175,2.390000104904175,2.390000104904175,2.390000104904175,2.390000104904175,502.0
2024-10-31 14:36:00+00:00,MEOH,39.189998626708984,39.189998626708984,39.20000076293945,39.18000030517578,39.18000030517578,1713.0
2024-10-31 14:36:00+00:00,MERC,6.489999771118164,6.489999771118164,6.489999771118164,6.480000019073486,6.480000019073486,2562.0
2024-10-31 14:36:00+00:00,PAAS,23.350000381469727,23.350000381469727,23.3799991607666,23.350000381469727,23.350000381469727,9327.0
2024-10-31 14:36:00+00:00,PLL,13.0649995803833,13.0649995803833,13.0649995803833,13.0649995803833,13.0649995803833,294.0
2024-10-31 14:36:00+00:00,SGML,13.6899995803833,13.6899995803833,13.6899995803833,13.65999984741211,13.65999984741211,926.0
2024-10-31 14:36:00+00:00,SSRM,6.164999961853027,6.164999961853027,6.164999961853027,6.1641998291015625,6.164999961853027,3595.0
2024-10-31 14:36:00+00:00,USAU,6.130000114440918,6.130000114440918,6.130000114440918,6.130000114440918,6.130000114440918,231.0
2024-10-31 14:37:00+00:00,ASTL,10.265000343322754,10.265000343322754,10.265000343322754,10.265000343322754,10.265000343322754,733.0
2024-10-31 14:37:00+00:00,BIOX,6.754799842834473,6.754799842834473,6.754799842834473,6.754799842834473,6.754799842834473,96.0
2024-10-31 14:37:00+00:00,CENX,17.690000534057617,17.690000534057617,17.690000534057617,17.68000030517578,17.68000030517578,869.0
2024-10-31 14:37:00+00:00,CNEY,0.5098999738693237,0.5098999738693237,0.5098999738693237,0.5098999738693237,0.5098999738693237,100.0
2024-10-31 14:37:00+00:00,GEVO,2.319999933242798,2.319999933242798,2.325000047683716,2.315000057220459,2.325000047683716,32136.0
2024-10-31 14:37:00+00:00,GPRE,12.649999618530273,12.649999618530273,12.649999618530273,12.604999542236328,12.604999542236328,2120.0
2024-10-31 14:37:00+00:00,GURE,0.6000999808311462,0.6000999808311462,0.6000999808311462,0.6000999808311462,0.6000999808311462,300.0
2024-10-31 14:37:00+00:00,HUDI,2.0399999618530273,2.0399999618530273,2.0399999618530273,2.0399999618530273,2.0399999618530273,165.0
2024-10-31 14:37:00+00:00,HYMC,2.440000057220459,2.440000057220459,2.440000057220459,2.440000057220459,2.440000057220459,548.0
2024-10-31 14:37:00+00:00,ORGN,1.3949999809265137,1.3949999809265137,1.3949999809265137,1.3949999809265137,1.3949999809265137,153.0
2024-10-31 14:37:00+00:00,PAAS,23.375,23.375,23.389999389648438,23.354999542236328,23.354999542236328,4204.0
2024-10-31 14:37:00+00:00,PLL,13.0649995803833,13.0649995803833,13.09000015258789,13.0649995803833,13.09000015258789,1471.0
2024-10-31 14:37:00+00:00,PPTA,10.119999885559082,10.119999885559082,10.119999885559082,10.100000381469727,10.100000381469727,2036.0
2024-10-31 14:37:00+00:00,SGML,13.6899995803833,13.6899995803833,13.6899995803833,13.6850004196167,13.6850004196167,945.0
2024-10-31 14:37:00+00:00,SSRM,6.179999828338623,6.179999828338623,6.179999828338623,6.169899940490723,6.169899940490723,7271.0
2024-10-31 14:37:00+00:00,STLD,131.6699981689453,131.6699981689453,131.6699981689453,131.6699981689453,131.6699981689453,1640.0
2024-10-31 14:37:00+00:00,TMC,0.9775999784469604,0.9775999784469604,0.9775999784469604,0.9775999784469604,0.9775999784469604,31230.0
2024-10-31 14:37:00+00:00,USAU,6.130000114440918,6.130000114440918,6.130000114440918,6.130000114440918,6.130000114440918,692.0
2024-10-31 14:37:00+00:00,ZEUS,36.03499984741211,36.03499984741211,36.03499984741211,36.03499984741211,36.03499984741211,969.0
2024-10-31 14:38:00+00:00,ALTO,1.815000057220459,1.815000057220459,1.8199000358581543,1.815000057220459,1.8199000358581543,5752.0
2024-10-31 14:38:00+00:00,CENX,17.68000030517578,17.68000030517578,17.68000030517578,17.670000076293945,17.670000076293945,922.0
2024-10-31 14:38:00+00:00,CNEY,0.49900001287460327,0.49900001287460327,0.49900001287460327,0.49900001287460327,0.49900001287460327,702.0
2024-10-31 14:38:00+00:00,GEVO,2.3299999237060547,2.3299999237060547,2.3299999237060547,2.319999933242798,2.319999933242798,36821.0
2024-10-31 14:38:00+00:00,GPRE,12.65999984741211,12.65999984741211,12.65999984741211,12.65999984741211,12.65999984741211,575.0
2024-10-31 14:38:00+00:00,GSM,4.184999942779541,4.184999942779541,4.190000057220459,4.184999942779541,4.190000057220459,2614.0
2024-10-31 14:38:00+00:00,GURE,0.6001999974250793,0.6001999974250793,0.6320000290870667,0.6001999974250793,0.6320000290870667,1640.0
2024-10-31 14:38:00+00:00,HDSN,7.599999904632568,7.599999904632568,7.599999904632568,7.599999904632568,7.599999904632568,1128.0
2024-10-31 14:38:00+00:00,HWKN,110.98999786376953,110.98999786376953,110.98999786376953,110.98999786376953,110.98999786376953,878.0
2024-10-31 14:38:00+00:00,IOSP,108.90499877929688,108.90499877929688,108.90499877929688,108.90499877929688,108.90499877929688,136.0
2024-10-31 14:38:00+00:00,KALU,75.0,75.0,75.0,75.0,75.0,310.0
2024-10-31 14:38:00+00:00,LITM,0.37540000677108765,0.37540000677108765,0.37540000677108765,0.37540000677108765,0.37540000677108765,1275.0
2024-10-31 14:38:00+00:00,MEOH,39.22999954223633,39.22999954223633,39.22999954223633,39.22999954223633,39.22999954223633,953.0
2024-10-31 14:38:00+00:00,PAAS,23.364999771118164,23.364999771118164,23.3799991607666,23.360000610351562,23.3799991607666,2399.0
2024-10-31 14:38:00+00:00,PLL,13.020000457763672,13.020000457763672,13.0600004196167,13.020000457763672,13.0600004196167,1463.0
2024-10-31 14:38:00+00:00,PPTA,10.11400032043457,10.11400032043457,10.11400032043457,10.11400032043457,10.11400032043457,2002.0
2024-10-31 14:38:00+00:00,SSRM,6.170000076293945,6.170000076293945,6.170000076293945,6.170000076293945,6.170000076293945,9873.0
2024-10-31 14:38:00+00:00,STLD,131.68499755859375,131.68499755859375,131.68499755859375,131.61749267578125,131.61749267578125,1855.0
2024-10-31 14:38:00+00:00,USAP,43.959999084472656,43.959999084472656,43.959999084472656,43.959999084472656,43.959999084472656,354.0
2024-10-31 14:39:00+00:00,ALTO,1.815000057220459,1.815000057220459,1.815000057220459,1.8115999698638916,1.8115999698638916,1167.0
2024-10-31 14:39:00+00:00,AREC,0.9873999953269958,0.9873999953269958,0.9873999953269958,0.9846000075340271,0.9846000075340271,2908.0
2024-10-31 14:39:00+00:00,CENX,17.68000030517578,17.68000030517578,17.68000030517578,17.68000030517578,17.68000030517578,435.0
2024-10-31 14:39:00+00:00,CNEY,0.5099999904632568,0.5099999904632568,0.5099999904632568,0.5099999904632568,0.5099999904632568,0.0
2024-10-31 14:39:00+00:00,GEVO,2.3350000381469727,2.3350000381469727,2.3350000381469727,2.3304998874664307,2.3350000381469727,1545.0
2024-10-31 14:39:00+00:00,GPRE,12.65999984741211,12.65999984741211,12.6850004196167,12.65999984741211,12.670000076293945,1789.0
2024-10-31 14:39:00+00:00,GSM,4.184999942779541,4.184999942779541,4.184999942779541,4.184999942779541,4.184999942779541,844.0
2024-10-31 14:39:00+00:00,GURE,0.616100013256073,0.616100013256073,0.616100013256073,0.616100013256073,0.616100013256073,0.0
2024-10-31 14:39:00+00:00,HDSN,7.61899995803833,7.61899995803833,7.61899995803833,7.61899995803833,7.61899995803833,202.0
2024-10-31 14:39:00+00:00,LWLG,3.200000047683716,3.200000047683716,3.200000047683716,3.200000047683716,3.200000047683716,584.0
2024-10-31 14:39:00+00:00,ORGN,1.3949999809265137,1.3949999809265137,1.3949999809265137,1.3949999809265137,1.3949999809265137,521.0
2024-10-31 14:39:00+00:00,PAAS,23.34000015258789,23.34000015258789,23.364999771118164,23.34000015258789,23.364999771118164,3706.0
2024-10-31 14:39:00+00:00,PPTA,10.125,10.125,10.125,10.125,10.125,0.0
2024-10-31 14:39:00+00:00,SSRM,6.164999961853027,6.164999961853027,6.164999961853027,6.164999961853027,6.164999961853027,1073.0
2024-10-31 14:39:00+00:00,TMC,0.9778000116348267,0.9778000116348267,0.9778000116348267,0.9778000116348267,0.9778000116348267,2271.0
2024-10-31 14:39:00+00:00,USAP,43.95500183105469,43.95500183105469,43.95500183105469,43.95500183105469,43.95500183105469,134.0
2024-10-31 14:40:00+00:00,ASTL,10.265000343322754,10.265000343322754,10.265000343322754,10.265000343322754,10.265000343322754,391.0
2024-10-31 14:40:00+00:00,BIOX,6.757500171661377,6.757500171661377,6.757500171661377,6.757500171661377,6.757500171661377,200.0
2024-10-31 14:40:00+00:00,CENX,17.709999084472656,17.709999084472656,17.71500015258789,17.690000534057617,17.690000534057617,1418.0
2024-10-31 14:40:00+00:00,CNEY,0.4880000054836273,0.4880000054836273,0.4880000054836273,0.4880000054836273,0.4880000054836273,200.0
2024-10-31 14:40:00+00:00,CRKN,0.9229000210762024,0.9229000210762024,0.929099977016449,0.9229000210762024,0.929099977016449,1016.0
2024-10-31 14:40:00+00:00,GEVO,2.3394999504089355,2.3394999504089355,2.3399999141693115,2.339099884033203,2.339900016784668,19905.0
2024-10-31 14:40:00+00:00,GPRE,12.6850004196167,12.6850004196167,12.6850004196167,12.670000076293945,12.670000076293945,2319.0
2024-10-31 14:40:00+00:00,GSM,4.184999942779541,4.184999942779541,4.184999942779541,4.184999942779541,4.184999942779541,1528.0
2024-10-31 14:40:00+00:00,HDSN,7.610300064086914,7.610300064086914,7.610300064086914,7.610300064086914,7.610300064086914,1645.0
2024-10-31 14:40:00+00:00,HWKN,111.13999938964844,111.13999938964844,111.33999633789062,111.13999938964844,111.33999633789062,2313.0
2024-10-31 14:40:00+00:00,KALU,74.93000030517578,74.93000030517578,75.01000213623047,74.93000030517578,74.94999694824219,710.0
2024-10-31 14:40:00+00:00,MERC,6.5,6.5,6.5,6.5,6.5,1665.0
2024-10-31 14:40:00+00:00,METC,10.270000457763672,10.270000457763672,10.28499984741211,10.270000457763672,10.279999732971191,3438.0
2024-10-31 14:40:00+00:00,PAAS,23.344999313354492,23.344999313354492,23.350099563598633,23.34000015258789,23.350000381469727,8897.0
2024-10-31 14:40:00+00:00,PPTA,10.12440013885498,10.12440013885498,10.12440013885498,10.12440013885498,10.12440013885498,940.0
2024-10-31 14:40:00+00:00,RGLD,147.02999877929688,147.02999877929688,147.02999877929688,147.02999877929688,147.02999877929688,474.0
2024-10-31 14:40:00+00:00,STLD,131.7050018310547,131.7050018310547,131.7050018310547,131.7050018310547,131.7050018310547,633.0
2024-10-31 14:41:00+00:00,ALTO,1.815000057220459,1.815000057220459,1.815000057220459,1.815000057220459,1.815000057220459,298.0
2024-10-31 14:41:00+00:00,ASTL,10.260000228881836,10.260000228881836,10.260000228881836,10.260000228881836,10.260000228881836,448.0
2024-10-31 14:41:00+00:00,BIOX,6.755000114440918,6.755000114440918,6.755000114440918,6.755000114440918,6.755000114440918,200.0
2024-10-31 14:41:00+00:00,CENX,17.684999465942383,17.684999465942383,17.700000762939453,17.684999465942383,17.700000762939453,2965.0
2024-10-31 14:41:00+00:00,CNEY,0.5099999904632568,0.5099999904632568,0.5099999904632568,0.49559998512268066,0.49559998512268066,1100.0
2024-10-31 14:41:00+00:00,GEVO,2.3399999141693115,2.3399999141693115,2.3399999141693115,2.3350000381469727,2.3399999141693115,3027.0
2024-10-31 14:41:00+00:00,GPRE,12.619999885559082,12.619999885559082,12.680000305175781,12.614999771118164,12.680000305175781,15158.0
2024-10-31 14:41:00+00:00,HDSN,7.614999771118164,7.614999771118164,7.614999771118164,7.614999771118164,7.614999771118164,161.0
2024-10-31 14:41:00+00:00,KALU,74.91000366210938,74.91000366210938,74.91000366210938,74.91000366210938,74.91000366210938,762.0
2024-10-31 14:41:00+00:00,MEOH,39.279998779296875,39.279998779296875,39.279998779296875,39.26499938964844,39.26499938964844,5811.0
2024-10-31 14:41:00+00:00,MERC,6.510000228881836,6.510000228881836,6.510000228881836,6.505000114440918,6.505000114440918,1516.0
2024-10-31 14:41:00+00:00,METC,10.270000457763672,10.270000457763672,10.270000457763672,10.270000457763672,10.270000457763672,1547.0
2024-10-31 14:41:00+00:00,PAAS,23.329999923706055,23.329999923706055,23.344999313354492,23.325000762939453,23.344999313354492,3546.0
2024-10-31 14:41:00+00:00,PLL,13.029999732971191,13.029999732971191,13.029999732971191,13.029999732971191,13.029999732971191,200.0
2024-10-31 14:41:00+00:00,RGLD,147.0749969482422,147.0749969482422,147.0749969482422,147.0749969482422,147.0749969482422,42.0
2024-10-31 14:41:00+00:00,SGML,13.645000457763672,13.645000457763672,13.645000457763672,13.640000343322754,13.645000457763672,2439.0
2024-10-31 14:41:00+00:00,SSRM,6.144999980926514,6.144999980926514,6.159999847412109,6.144999980926514,6.159999847412109,7051.0
2024-10-31 14:42:00+00:00,ALTO,1.7999999523162842,1.7999999523162842,1.809999942779541,1.7999999523162842,1.809999942779541,1269.0
2024-10-31 14:42:00+00:00,ASTL,10.260000228881836,10.260000228881836,10.260000228881836,10.260000228881836,10.260000228881836,897.0
2024-10-31 14:42:00+00:00,CENX,17.68000030517578,17.68000030517578,17.68000030517578,17.68000030517578,17.68000030517578,200.0
2024-10-31 14:42:00+00:00,CRKN,0.9229000210762024,0.9229000210762024,0.9229000210762024,0.9229000210762024,0.9229000210762024,3600.0
2024-10-31 14:42:00+00:00,GEVO,2.3399999141693115,2.3399999141693115,2.3399999141693115,2.3350000381469727,2.3350000381469727,10655.0
2024-10-31 14:42:00+00:00,GSM,4.184999942779541,4.184999942779541,4.184999942779541,4.184999942779541,4.184999942779541,676.0
2024-10-31 14:42:00+00:00,GURE,0.6309999823570251,0.6309999823570251,0.6320000290870667,0.6309999823570251,0.6320000290870667,900.0
2024-10-31 14:42:00+00:00,HDSN,7.618000030517578,7.618000030517578,7.618000030517578,7.618000030517578,7.618000030517578,826.0
2024-10-31 14:42:00+00:00,MEOH,39.26499938964844,39.26499938964844,39.26499938964844,39.26499938964844,39.26499938964844,200.0
2024-10-31 14:42:00+00:00,MERC,6.519999980926514,6.519999980926514,6.519999980926514,6.519999980926514,6.519999980926514,766.0
2024-10-31 14:42:00+00:00,PAAS,23.30500030517578,23.30500030517578,23.315000534057617,23.299999237060547,23.309999465942383,4961.0
2024-10-31 14:42:00+00:00,PLL,13.03499984741211,13.03499984741211,13.03499984741211,13.034000396728516,13.034000396728516,914.0
2024-10-31 14:42:00+00:00,RGLD,146.94000244140625,146.94000244140625,146.97000122070312,146.94000244140625,146.97000122070312,1233.0
2024-10-31 14:42:00+00:00,SGML,13.630000114440918,13.630000114440918,13.645000457763672,13.630000114440918,13.645000457763672,6199.0
2024-10-31 14:42:00+00:00,SSRM,6.144999980926514,6.144999980926514,6.144999980926514,6.144999980926514,6.144999980926514,1044.0
2024-10-31 14:42:00+00:00,UFPI,122.95999908447266,122.95999908447266,122.95999908447266,122.95999908447266,122.95999908447266,879.0
2024-10-31 14:42:00+00:00,USAP,43.90999984741211,43.90999984741211,43.90999984741211,43.90999984741211,43.90999984741211,976.0
2024-10-31 14:42:00+00:00,WDFC,264.4700012207031,264.4700012207031,264.4700012207031,264.4700012207031,264.4700012207031,1489.0
2024-10-31 14:43:00+00:00,BIOX,6.755000114440918,6.755000114440918,6.755000114440918,6.755000114440918,6.755000114440918,100.0
2024-10-31 14:43:00+00:00,CENX,17.68000030517578,17.68000030517578,17.68000030517578,17.68000030517578,17.68000030517578,416.0
2024-10-31 14:43:00+00:00,CNEY,0.5098999738693237,0.5098999738693237,0.5099999904632568,0.5098999738693237,0.5099999904632568,2000.0
2024-10-31 14:43:00+00:00,FEAM,0.4699999988079071,0.4699999988079071,0.4699999988079071,0.4699999988079071,0.4699999988079071,599.0
2024-10-31 14:43:00+00:00,GEVO,2.3350000381469727,2.3350000381469727,2.3394999504089355,2.3350000381469727,2.3387999534606934,4779.0
2024-10-31 14:43:00+00:00,GPRE,12.5649995803833,12.5649995803833,12.600000381469727,12.5649995803833,12.600000381469727,909.0
2024-10-31 14:43:00+00:00,GSM,4.184999942779541,4.184999942779541,4.189899921417236,4.184999942779541,4.189899921417236,1477.0
2024-10-31 14:43:00+00:00,HDSN,7.619999885559082,7.619999885559082,7.619999885559082,7.619999885559082,7.619999885559082,323.0
2024-10-31 14:43:00+00:00,HWKN,110.51000213623047,110.51000213623047,110.51000213623047,110.51000213623047,110.51000213623047,441.0
2024-10-31 14:43:00+00:00,LWLG,3.2049999237060547,3.2049999237060547,3.2049999237060547,3.2049999237060547,3.2049999237060547,149.0
2024-10-31 14:43:00+00:00,MEOH,39.255001068115234,39.255001068115234,39.26499938964844,39.2400016784668,39.26499938964844,2014.0
2024-10-31 14:43:00+00:00,METC,10.260000228881836,10.260000228881836,10.260000228881836,10.260000228881836,10.260000228881836,1491.0
2024-10-31 14:43:00+00:00,PAAS,23.290000915527344,23.290000915527344,23.30500030517578,23.274999618530273,23.30500030517578,5167.0
2024-10-31 14:43:00+00:00,PLL,13.024499893188477,13.024499893188477,13.024499893188477,13.024499893188477,13.024499893188477,627.0
2024-10-31 14:43:00+00:00,SSRM,6.139999866485596,6.139999866485596,6.144999980926514,6.139999866485596,6.144999980926514,1714.0
2024-10-31 14:43:00+00:00,STLD,131.6699981689453,131.6699981689453,131.6699981689453,131.66000366210938,131.6699981689453,1787.0
2024-10-31 14:43:00+00:00,USAU,6.139999866485596,6.139999866485596,6.139999866485596,6.139999866485596,6.139999866485596,251.0
2024-10-31 14:43:00+00:00,YTEN,0.9908999800682068,0.9908999800682068,0.9908999800682068,0.9908999800682068,0.9908999800682068,100.0
2024-10-31 14:44:00+00:00,ALTO,1.8000999689102173,1.8000999689102173,1.809999942779541,1.8000999689102173,1.8000999689102173,7396.0
2024-10-31 14:44:00+00:00,ASTL,10.260000228881836,10.260000228881836,10.260000228881836,10.260000228881836,10.260000228881836,1404.0
2024-10-31 14:44:00+00:00,CENX,17.690000534057617,17.690000534057617,17.690000534057617,17.68000030517578,17.68000030517578,1236.0
2024-10-31 14:44:00+00:00,CRKN,0.9233999848365784,0.9233999848365784,0.9300000071525574,0.9200000166893005,0.9200000166893005,1112.0
2024-10-31 14:44:00+00:00,GEVO,2.3399999141693115,2.3399999141693115,2.3399999141693115,2.3350000381469727,2.3350000381469727,4477.0
2024-10-31 14:44:00+00:00,GPRE,12.569999694824219,12.569999694824219,12.569999694824219,12.569999694824219,12.569999694824219,954.0
2024-10-31 14:44:00+00:00,HDSN,7.625,7.625,7.625,7.61899995803833,7.61899995803833,516.0
2024-10-31 14:44:00+00:00,IOSP,108.91500091552734,108.91500091552734,108.91500091552734,108.91500091552734,108.91500091552734,1043.0
2024-10-31 14:44:00+00:00,LGO,2.405600070953369,2.405600070953369,2.405600070953369,2.390000104904175,2.390000104904175,4909.0
2024-10-31 14:44:00+00:00,LWLG,3.2049999237060547,3.2049999237060547,3.2049999237060547,3.2049999237060547,3.2049999237060547,604.0
2024-10-31 14:44:00+00:00,MEOH,39.290000915527344,39.290000915527344,39.29999923706055,39.2599983215332,39.2599983215332,8450.0
2024-10-31 14:44:00+00:00,ORGN,1.3949999809265137,1.3949999809265137,1.3949999809265137,1.3949999809265137,1.3949999809265137,278.0
2024-10-31 14:44:00+00:00,PAAS,23.30940055847168,23.30940055847168,23.309999465942383,23.290000915527344,23.295000076293945,10974.0
2024-10-31 14:44:00+00:00,SSRM,6.144999980926514,6.144999980926514,6.144999980926514,6.144999980926514,6.144999980926514,403.0
2024-10-31 14:44:00+00:00,STLD,131.83999633789062,131.83999633789062,131.83999633789062,131.6999969482422,131.6999969482422,3649.0
2024-10-31 14:44:00+00:00,TMC,0.9776999950408936,0.9776999950408936,0.9778000116348267,0.9776999950408936,0.9778000116348267,1598.0
2024-10-31 14:44:00+00:00,USAP,43.939998626708984,43.939998626708984,43.939998626708984,43.92879867553711,43.92879867553711,326.0
2024-10-31 14:45:00+00:00,BIOX,6.755000114440918,6.755000114440918,6.755000114440918,6.755000114440918,6.755000114440918,10.0
2024-10-31 14:45:00+00:00,CENX,17.709999084472656,17.709999084472656,17.709999084472656,17.709999084472656,17.709999084472656,489.0
2024-10-31 14:45:00+00:00,CNEY,0.49000000953674316,0.49000000953674316,0.5099999904632568,0.49000000953674316,0.5099999904632568,1900.0
2024-10-31 14:45:00+00:00,GEVO,2.3350000381469727,2.3350000381469727,2.3399999141693115,2.3350000381469727,2.3394999504089355,682.0
2024-10-31 14:45:00+00:00,GPRE,12.5600004196167,12.5600004196167,12.5600004196167,12.5600004196167,12.5600004196167,1117.0
2024-10-31 14:45:00+00:00,HDSN,7.619999885559082,7.619999885559082,7.625,7.619999885559082,7.625,791.0
2024-10-31 14:45:00+00:00,HWKN,110.18000030517578,110.18000030517578,110.18000030517578,110.18000030517578,110.18000030517578,1057.0
2024-10-31 14:45:00+00:00,HYMC,2.450000047683716,2.450000047683716,2.450000047683716,2.450000047683716,2.450000047683716,245.0
2024-10-31 14:45:00+00:00,KALU,74.98500061035156,74.98500061035156,74.98500061035156,74.94000244140625,74.94000244140625,1043.0
2024-10-31 14:45:00+00:00,LITM,0.37869998812675476,0.37869998812675476,0.37869998812675476,0.37869998812675476,0.37869998812675476,202.0
2024-10-31 14:45:00+00:00,LOOP,1.3727999925613403,1.3727999925613403,1.3727999925613403,1.3727999925613403,1.3727999925613403,279.0
2024-10-31 14:45:00+00:00,MERC,6.519999980926514,6.519999980926514,6.519999980926514,6.519999980926514,6.519999980926514,352.0
2024-10-31 14:45:00+00:00,ORGN,1.3949999809265137,1.3949999809265137,1.3949999809265137,1.3949999809265137,1.3949999809265137,2679.0
2024-10-31 14:45:00+00:00,PAAS,23.309999465942383,23.309999465942383,23.31999969482422,23.299999237060547,23.299999237060547,5041.0
2024-10-31 14:45:00+00:00,PPTA,10.085000038146973,10.085000038146973,10.085000038146973,10.085000038146973,10.085000038146973,300.0
2024-10-31 14:45:00+00:00,SSRM,6.139999866485596,6.139999866485596,6.148900032043457,6.139999866485596,6.144999980926514,4868.0
2024-10-31 14:45:00+00:00,STLD,131.85000610351562,131.85000610351562,131.85000610351562,131.85000610351562,131.85000610351562,901.0
2024-10-31 14:45:00+00:00,TMC,0.9700000286102295,0.9700000286102295,0.9769999980926514,0.9700000286102295,0.9769999980926514,30468.0
2024-10-31 14:45:00+00:00,UFPI,122.69999694824219,122.69999694824219,122.69999694824219,122.69999694824219,122.69999694824219,832.0
2024-10-31 14:45:00+00:00,USAP,43.970001220703125,43.970001220703125,43.970001220703125,43.970001220703125,43.970001220703125,288.0
2024-10-31 14:45:00+00:00,USLM,114.2249984741211,114.2249984741211,114.26000213623047,114.2249984741211,114.26000213623047,574.0
2024-10-31 14:46:00+00:00,ALTO,1.8049999475479126,1.8049999475479126,1.8049999475479126,1.8049999475479126,1.8049999475479126,300.0
2024-10-31 14:46:00+00:00,CNEY,0.4880000054836273,0.4880000054836273,0.5099999904632568,0.4880000054836273,0.49900001287460327,4082.0
2024-10-31 14:46:00+00:00,GEVO,2.3399999141693115,2.3399999141693115,2.3399999141693115,2.3350000381469727,2.3350000381469727,15822.0
2024-10-31 14:46:00+00:00,GPRE,12.520000457763672,12.520000457763672,12.579999923706055,12.520000457763672,12.579999923706055,6120.0
2024-10-31 14:46:00+00:00,GSM,4.190000057220459,4.190000057220459,4.190000057220459,4.184999942779541,4.184999942779541,489.0
2024-10-31 14:46:00+00:00,GURE,0.6100000143051147,0.6100000143051147,0.6200000047683716,0.6100000143051147,0.6200000047683716,1317.0
2024-10-31 14:46:00+00:00,HDSN,7.614999771118164,7.614999771118164,7.614999771118164,7.614999771118164,7.614999771118164,264.0
2024-10-31 14:46:00+00:00,HWKN,109.20999908447266,109.20999908447266,109.5999984741211,109.20999908447266,109.5999984741211,2628.0
2024-10-31 14:46:00+00:00,MEOH,39.31999969482422,39.31999969482422,39.31999969482422,39.31999969482422,39.31999969482422,379.0
2024-10-31 14:46:00+00:00,PAAS,23.299999237060547,23.299999237060547,23.309999465942383,23.295000076293945,23.299999237060547,2317.0
2024-10-31 14:46:00+00:00,PPTA,10.09000015258789,10.09000015258789,10.09000015258789,10.09000015258789,10.09000015258789,311.0
2024-10-31 14:46:00+00:00,RETO,1.1299999952316284,1.1299999952316284,1.1299999952316284,1.1299999952316284,1.1299999952316284,112.0
2024-10-31 14:46:00+00:00,SGML,13.649999618530273,13.649999618530273,13.649999618530273,13.649999618530273,13.649999618530273,124.0
2024-10-31 14:46:00+00:00,SSRM,6.144999980926514,6.144999980926514,6.144999980926514,6.144999980926514,6.144999980926514,2808.0
2024-10-31 14:46:00+00:00,STLD,131.75999450683594,131.75999450683594,131.77999877929688,131.75,131.77999877929688,1423.0
2024-10-31 14:46:00+00:00,TMC,0.9776999950408936,0.9776999950408936,0.9776999950408936,0.9776999950408936,0.9776999950408936,233.0
2024-10-31 14:46:00+00:00,ZEUS,36.0,36.0,36.0,36.0,36.0,736.0
2024-10-31 14:47:00+00:00,ALTO,1.7999999523162842,1.7999999523162842,1.7999999523162842,1.7999999523162842,1.7999999523162842,6071.0
2024-10-31 14:47:00+00:00,BCPC,169.02000427246094,169.02000427246094,169.02000427246094,169.02000427246094,169.02000427246094,745.0
2024-10-31 14:47:00+00:00,BIOX,6.760000228881836,6.760000228881836,6.760000228881836,6.760000228881836,6.760000228881836,593.0
2024-10-31 14:47:00+00:00,CENX,17.709999084472656,17.709999084472656,17.709999084472656,17.709999084472656,17.709999084472656,1943.0
2024-10-31 14:47:00+00:00,CNEY,0.49000000953674316,0.49000000953674316,0.5098999738693237,0.49000000953674316,0.5098999738693237,7280.0
2024-10-31 14:47:00+00:00,GEVO,2.337899923324585,2.337899923324585,2.337899923324585,2.3308000564575195,2.3308000564575195,2136.0
2024-10-31 14:47:00+00:00,GPRE,12.494999885559082,12.494999885559082,12.529999732971191,12.494999885559082,12.529999732971191,3485.0
2024-10-31 14:47:00+00:00,HWKN,108.73999786376953,108.73999786376953,108.9000015258789,108.73999786376953,108.9000015258789,1374.0
2024-10-31 14:47:00+00:00,HYMC,2.4300999641418457,2.4300999641418457,2.4300999641418457,2.4300999641418457,2.4300999641418457,240.0
2024-10-31 14:47:00+00:00,LWLG,3.200000047683716,3.200000047683716,3.200000047683716,3.200000047683716,3.200000047683716,229.0
2024-10-31 14:47:00+00:00,MEOH,39.32500076293945,39.32500076293945,39.32500076293945,39.32500076293945,39.32500076293945,416.0
2024-10-31 14:47:00+00:00,MERC,6.519999980926514,6.519999980926514,6.519999980926514,6.519999980926514,6.519999980926514,681.0
2024-10-31 14:47:00+00:00,METC,10.258500099182129,10.258500099182129,10.258500099182129,10.258500099182129,10.258500099182129,814.0
2024-10-31 14:47:00+00:00,PAAS,23.334999084472656,23.334999084472656,23.34000015258789,23.309999465942383,23.309999465942383,9358.0
2024-10-31 14:47:00+00:00,PPTA,10.09000015258789,10.09000015258789,10.100000381469727,10.09000015258789,10.100000381469727,446.0
2024-10-31 14:47:00+00:00,RKDA,4.014999866485596,4.014999866485596,4.014999866485596,4.014999866485596,4.014999866485596,1071.0
2024-10-31 14:47:00+00:00,SSRM,6.159999847412109,6.159999847412109,6.159999847412109,6.144999980926514,6.1493000984191895,7343.0
2024-10-31 14:47:00+00:00,STLD,131.77000427246094,131.77000427246094,131.77999877929688,131.77000427246094,131.77999877929688,946.0
2024-10-31 14:48:00+00:00,ALTO,1.7899999618530273,1.7899999618530273,1.7999999523162842,1.7899999618530273,1.7999999523162842,2684.0
2024-10-31 14:48:00+00:00,CENX,17.709999084472656,17.709999084472656,17.709999084472656,17.709999084472656,17.709999084472656,336.0
2024-10-31 14:48:00+00:00,CNEY,0.5098999738693237,0.5098999738693237,0.5098999738693237,0.5098999738693237,0.5098999738693237,11628.0
2024-10-31 14:48:00+00:00,CRKN,0.9312999844551086,0.9312999844551086,0.9312999844551086,0.9312999844551086,0.9312999844551086,1596.0
2024-10-31 14:48:00+00:00,GEVO,2.3299999237060547,2.3299999237060547,2.3350000381469727,2.3299999237060547,2.3350000381469727,10277.0
2024-10-31 14:48:00+00:00,GPRE,12.470000267028809,12.470000267028809,12.473999977111816,12.460000038146973,12.470000267028809,5153.0
2024-10-31 14:48:00+00:00,GSM,4.190000057220459,4.190000057220459,4.190000057220459,4.184999942779541,4.190000057220459,2452.0
2024-10-31 14:48:00+00:00,GURE,0.6100000143051147,0.6100000143051147,0.6100000143051147,0.6100000143051147,0.6100000143051147,400.0
2024-10-31 14:48:00+00:00,HDSN,7.639999866485596,7.639999866485596,7.639999866485596,7.619999885559082,7.619999885559082,2311.0
2024-10-31 14:48:00+00:00,KALU,74.98500061035156,74.98500061035156,74.98500061035156,74.98500061035156,74.98500061035156,105.0
2024-10-31 14:48:00+00:00,LWLG,3.2049999237060547,3.2049999237060547,3.2049999237060547,3.2049999237060547,3.2049999237060547,163.0
2024-10-31 14:48:00+00:00,MERC,6.53000020980835,6.53000020980835,6.53000020980835,6.53000020980835,6.53000020980835,2872.0
2024-10-31 14:48:00+00:00,METC,10.260000228881836,10.260000228881836,10.260000228881836,10.244999885559082,10.25,3457.0
2024-10-31 14:48:00+00:00,ORGN,1.3949999809265137,1.3949999809265137,1.3991999626159668,1.3949999809265137,1.3991999626159668,6259.0
2024-10-31 14:48:00+00:00,PAAS,23.34000015258789,23.34000015258789,23.344999313354492,23.334999084472656,23.334999084472656,2582.0
2024-10-31 14:48:00+00:00,PLL,13.010000228881836,13.010000228881836,13.020000457763672,13.010000228881836,13.020000457763672,2239.0
2024-10-31 14:48:00+00:00,PPTA,10.109999656677246,10.109999656677246,10.109999656677246,10.109999656677246,10.109999656677246,234.0
2024-10-31 14:48:00+00:00,RGLD,147.0749969482422,147.0749969482422,147.1300048828125,147.0749969482422,147.1300048828125,1190.0
2024-10-31 14:48:00+00:00,SGML,13.640000343322754,13.640000343322754,13.649999618530273,13.640000343322754,13.649999618530273,613.0
2024-10-31 14:48:00+00:00,SSRM,6.159999847412109,6.159999847412109,6.159999847412109,6.151199817657471,6.159999847412109,2797.0
2024-10-31 14:48:00+00:00,STLD,131.9600067138672,131.9600067138672,131.9600067138672,131.8300018310547,131.8300018310547,2674.0
2024-10-31 14:48:00+00:00,USAP,43.939998626708984,43.939998626708984,43.939998626708984,43.939998626708984,43.939998626708984,200.0
2024-10-31 14:48:00+00:00,USLM,113.9800033569336,113.9800033569336,114.4000015258789,113.95999908447266,114.4000015258789,1707.0
2024-10-31 14:49:00+00:00,ALTO,1.7899999618530273,1.7899999618530273,1.7899999618530273,1.7899999618530273,1.7899999618530273,622.0
2024-10-31 14:49:00+00:00,ASTL,10.260000228881836,10.260000228881836,10.260000228881836,10.260000228881836,10.260000228881836,639.0
2024-10-31 14:49:00+00:00,BIOX,6.755000114440918,6.755000114440918,6.755000114440918,6.755000114440918,6.755000114440918,300.0
2024-10-31 14:49:00+00:00,CENX,17.709999084472656,17.709999084472656,17.709999084472656,17.709999084472656,17.709999084472656,580.0
2024-10-31 14:49:00+00:00,CNEY,0.5098999738693237,0.5098999738693237,0.5098999738693237,0.5098999738693237,0.5098999738693237,6652.0
2024-10-31 14:49:00+00:00,GEVO,2.325000047683716,2.325000047683716,2.3399999141693115,2.3201000690460205,2.3399999141693115,60358.0
2024-10-31 14:49:00+00:00,GPRE,12.430000305175781,12.430000305175781,12.4399995803833,12.430000305175781,12.4399995803833,2641.0
2024-10-31 14:49:00+00:00,GSM,4.184999942779541,4.184999942779541,4.184999942779541,4.184999942779541,4.184999942779541,711.0
2024-10-31 14:49:00+00:00,GURE,0.6100000143051147,0.6100000143051147,0.6100000143051147,0.6100000143051147,0.6100000143051147,500.0
2024-10-31 14:49:00+00:00,HDSN,7.630000114440918,7.630000114440918,7.644999980926514,7.630000114440918,7.644999980926514,1593.0
2024-10-31 14:49:00+00:00,KALU,74.91000366210938,74.91000366210938,74.98249816894531,74.91000366210938,74.98249816894531,1200.0
2024-10-31 14:49:00+00:00,LWLG,3.2049999237060547,3.2049999237060547,3.2049999237060547,3.2049999237060547,3.2049999237060547,2008.0
2024-10-31 14:49:00+00:00,METC,10.260000228881836,10.260000228881836,10.260000228881836,10.260000228881836,10.260000228881836,71.0
2024-10-31 14:49:00+00:00,PAAS,23.329999923706055,23.329999923706055,23.344999313354492,23.329999923706055,23.34000015258789,3396.0
2024-10-31 14:49:00+00:00,PPTA,10.119999885559082,10.119999885559082,10.119999885559082,10.119999885559082,10.119999885559082,233.0
2024-10-31 14:49:00+00:00,SSRM,6.159999847412109,6.159999847412109,6.159999847412109,6.159999847412109,6.159999847412109,470.0
2024-10-31 14:49:00+00:00,STLD,131.8800048828125,131.8800048828125,131.8800048828125,131.8800048828125,131.8800048828125,893.0
2024-10-31 14:49:00+00:00,USAP,43.939998626708984,43.939998626708984,43.939998626708984,43.939998626708984,43.939998626708984,152.0
2024-10-31 14:50:00+00:00,BCPC,168.89999389648438,168.89999389648438,168.89999389648438,168.64999389648438,168.64999389648438,879.0
2024-10-31 14:50:00+00:00,CENX,17.709999084472656,17.709999084472656,17.71500015258789,17.709999084472656,17.71500015258789,802.0
2024-10-31 14:50:00+00:00,CNEY,0.5098999738693237,0.5098999738693237,0.5098999738693237,0.5098999738693237,0.5098999738693237,0.0
2024-10-31 14:50:00+00:00,CRKN,0.9399999976158142,0.9399999976158142,0.9399999976158142,0.9399999976158142,0.9399999976158142,723.0
2024-10-31 14:50:00+00:00,GEVO,2.325000047683716,2.325000047683716,2.325000047683716,2.319999933242798,2.325000047683716,5618.0
2024-10-31 14:50:00+00:00,GPRE,12.40999984741211,12.40999984741211,12.432000160217285,12.40999984741211,12.430000305175781,1559.0
2024-10-31 14:50:00+00:00,GSM,4.184999942779541,4.184999942779541,4.184999942779541,4.184999942779541,4.184999942779541,629.0
2024-10-31 14:50:00+00:00,HDSN,7.630000114440918,7.630000114440918,7.630000114440918,7.630000114440918,7.630000114440918,1482.0
2024-10-31 14:50:00+00:00,HYMC,2.450000047683716,2.450000047683716,2.450000047683716,2.450000047683716,2.450000047683716,356.0
2024-10-31 14:50:00+00:00,KALU,74.7300033569336,74.7300033569336,74.7300033569336,74.70999908447266,74.70999908447266,439.0
2024-10-31 14:50:00+00:00,LITM,0.375,0.375,0.375,0.375,0.375,565.0
2024-10-31 14:50:00+00:00,LWLG,3.2100000381469727,3.2100000381469727,3.2100000381469727,3.2100000381469727,3.2100000381469727,0.0
2024-10-31 14:50:00+00:00,METC,10.260000228881836,10.260000228881836,10.260000228881836,10.260000228881836,10.260000228881836,448.0
2024-10-31 14:50:00+00:00,PAAS,23.325000762939453,23.325000762939453,23.344999313354492,23.325000762939453,23.334999084472656,4527.0
2024-10-31 14:50:00+00:00,SGML,13.609999656677246,13.609999656677246,13.649999618530273,13.609999656677246,13.649999618530273,2429.0
2024-10-31 14:50:00+00:00,SSRM,6.144999980926514,6.144999980926514,6.150100231170654,6.144999980926514,6.150000095367432,10263.0
2024-10-31 14:50:00+00:00,STLD,131.86000061035156,131.86000061035156,131.86000061035156,131.86000061035156,131.86000061035156,251.0
2024-10-31 14:50:00+00:00,TMC,0.9776999950408936,0.9776999950408936,0.9776999950408936,0.9776999950408936,0.9776999950408936,110.0
2024-10-31 14:50:00+00:00,UFPI,122.54000091552734,122.54000091552734,122.54000091552734,122.54000091552734,122.54000091552734,131.0
2024-10-31 14:50:00+00:00,USAP,43.97999954223633,43.97999954223633,43.97999954223633,43.97999954223633,43.97999954223633,204.0
2024-10-31 14:50:00+00:00,USAU,6.170000076293945,6.170000076293945,6.170000076293945,6.144999980926514,6.144999980926514,2604.0
2024-10-31 14:51:00+00:00,ASTL,10.239999771118164,10.239999771118164,10.239999771118164,10.239999771118164,10.239999771118164,377.0
2024-10-31 14:51:00+00:00,BCPC,168.75999450683594,168.75999450683594,168.75999450683594,168.7550048828125,168.7550048828125,1223.0
2024-10-31 14:51:00+00:00,GEVO,2.3189001083374023,2.3189001083374023,2.322499990463257,2.309999942779541,2.319999933242798,21155.0
2024-10-31 14:51:00+00:00,GPRE,12.460000038146973,12.460000038146973,12.460000038146973,12.40999984741211,12.40999984741211,5476.0
2024-10-31 14:51:00+00:00,GURE,0.6176000237464905,0.6176000237464905,0.6176000237464905,0.6176000237464905,0.6176000237464905,0.0
2024-10-31 14:51:00+00:00,LITM,0.375,0.375,0.375,0.375,0.375,200.0
2024-10-31 14:51:00+00:00,LWLG,3.200000047683716,3.200000047683716,3.200000047683716,3.200000047683716,3.200000047683716,214.0
2024-10-31 14:51:00+00:00,MEOH,39.279998779296875,39.279998779296875,39.34000015258789,39.279998779296875,39.34000015258789,6370.0
2024-10-31 14:51:00+00:00,MERC,6.53000020980835,6.53000020980835,6.53000020980835,6.53000020980835,6.53000020980835,1211.0
2024-10-31 14:51:00+00:00,METC,10.260000228881836,10.260000228881836,10.260000228881836,10.260000228881836,10.260000228881836,512.0
2024-10-31 14:51:00+00:00,PAAS,23.31999969482422,23.31999969482422,23.325000762939453,23.315000534057617,23.31999969482422,5255.0
2024-10-31 14:51:00+00:00,PLL,13.0,13.0,13.029999732971191,13.0,13.029999732971191,1496.0
2024-10-31 14:51:00+00:00,PPTA,10.104999542236328,10.104999542236328,10.104999542236328,10.104999542236328,10.104999542236328,132.0
2024-10-31 14:51:00+00:00,SGML,13.539999961853027,13.539999961853027,13.59000015258789,13.531399726867676,13.59000015258789,2657.0
2024-10-31 14:51:00+00:00,SSRM,6.144999980926514,6.144999980926514,6.144999980926514,6.144999980926514,6.144999980926514,829.0
2024-10-31 14:51:00+00:00,STLD,131.81500244140625,131.81500244140625,131.81500244140625,131.81500244140625,131.81500244140625,479.0
2024-10-31 14:51:00+00:00,UFPI,122.5199966430664,122.5199966430664,122.5199966430664,122.5199966430664,122.5199966430664,363.0
2024-10-31 14:51:00+00:00,USAP,43.900001525878906,43.900001525878906,43.939998626708984,43.900001525878906,43.939998626708984,300.0
2024-10-31 14:51:00+00:00,USLM,113.94999694824219,113.94999694824219,113.94999694824219,113.94999694824219,113.94999694824219,350.0
2024-10-31 14:52:00+00:00,ASTL,10.255000114440918,10.255000114440918,10.260000228881836,10.25,10.25,3262.0
2024-10-31 14:52:00+00:00,CENX,17.707399368286133,17.707399368286133,17.709999084472656,17.707399368286133,17.709999084472656,575.0
2024-10-31 14:52:00+00:00,CNEY,0.4880000054836273,0.4880000054836273,0.49900001287460327,0.4880000054836273,0.49900001287460327,12300.0
2024-10-31 14:52:00+00:00,CRKN,0.9399999976158142,0.9399999976158142,0.9399999976158142,0.9399999976158142,0.9399999976158142,225.0
2024-10-31 14:52:00+00:00,GEVO,2.315000057220459,2.315000057220459,2.31850004196167,2.315000057220459,2.315000057220459,1514.0
2024-10-31 14:52:00+00:00,GPRE,12.460000038146973,12.460000038146973,12.460000038146973,12.460000038146973,12.460000038146973,482.0
2024-10-31 14:52:00+00:00,GURE,0.6176000237464905,0.6176000237464905,0.6176000237464905,0.6176000237464905,0.6176000237464905,200.0
2024-10-31 14:52:00+00:00,HDSN,7.650000095367432,7.650000095367432,7.650000095367432,7.639999866485596,7.639999866485596,1506.0
2024-10-31 14:52:00+00:00,HWKN,108.72000122070312,108.72000122070312,108.7699966430664,108.72000122070312,108.7699966430664,1798.0
2024-10-31 14:52:00+00:00,KALU,74.75,74.75,74.84500122070312,74.75,74.84500122070312,424.0
2024-10-31 14:52:00+00:00,LITM,0.375,0.375,0.375,0.375,0.375,200.0
2024-10-31 14:52:00+00:00,LWLG,3.19320011138916,3.19320011138916,3.2049999237060547,3.19320011138916,3.2049999237060547,4583.0
2024-10-31 14:52:00+00:00,MEOH,39.27000045776367,39.27000045776367,39.27000045776367,39.27000045776367,39.27000045776367,229.0
2024-10-31 14:52:00+00:00,ORGN,1.3949999809265137,1.3949999809265137,1.3949999809265137,1.3949999809265137,1.3949999809265137,341.0
2024-10-31 14:52:00+00:00,PAAS,23.34000015258789,23.34000015258789,23.34000015258789,23.325000762939453,23.329999923706055,2826.0
2024-10-31 14:52:00+00:00,PLL,13.005000114440918,13.005000114440918,13.005000114440918,13.005000114440918,13.005000114440918,8.0
2024-10-31 14:52:00+00:00,RETO,1.1299999952316284,1.1299999952316284,1.1299999952316284,1.1299999952316284,1.1299999952316284,200.0
2024-10-31 14:52:00+00:00,SGML,13.550000190734863,13.550000190734863,13.550000190734863,13.550000190734863,13.550000190734863,308.0
2024-10-31 14:52:00+00:00,STLD,131.81500244140625,131.81500244140625,131.81500244140625,131.81500244140625,131.81500244140625,475.0
2024-10-31 14:52:00+00:00,USAP,43.970001220703125,43.970001220703125,43.970001220703125,43.970001220703125,43.970001220703125,545.0
2024-10-31 14:52:00+00:00,USLM,114.22000122070312,114.22000122070312,114.22000122070312,114.22000122070312,114.22000122070312,381.0
2024-10-31 14:53:00+00:00,ALTO,1.7799999713897705,1.7799999713897705,1.7899999618530273,1.7799999713897705,1.7899999618530273,1755.0
2024-10-31 14:53:00+00:00,BIOX,6.755000114440918,6.755000114440918,6.760000228881836,6.755000114440918,6.755000114440918,1895.0
2024-10-31 14:53:00+00:00,CENX,17.709999084472656,17.709999084472656,17.709999084472656,17.709999084472656,17.709999084472656,510.0
2024-10-31 14:53:00+00:00,CNEY,0.5098999738693237,0.5098999738693237,0.5098999738693237,0.5098999738693237,0.5098999738693237,8100.0
2024-10-31 14:53:00+00:00,CRKN,0.9399999976158142,0.9399999976158142,0.9399999976158142,0.9399999976158142,0.9399999976158142,200.0
2024-10-31 14:53:00+00:00,GEVO,2.319000005722046,2.319000005722046,2.319000005722046,2.311199903488159,2.311800003051758,5328.0
2024-10-31 14:53:00+00:00,GPRE,12.479999542236328,12.479999542236328,12.48799991607666,12.479999542236328,12.479999542236328,2582.0
2024-10-31 14:53:00+00:00,GSM,4.190000057220459,4.190000057220459,4.190000057220459,4.190000057220459,4.190000057220459,1198.0
2024-10-31 14:53:00+00:00,GURE,0.6176000237464905,0.6176000237464905,0.6176000237464905,0.6176000237464905,0.6176000237464905,603.0
2024-10-31 14:53:00+00:00,KALU,74.84500122070312,74.84500122070312,74.91400146484375,74.75,74.75,2800.0
2024-10-31 14:53:00+00:00,LITM,0.375,0.375,0.375,0.375,0.375,400.0
2024-10-31 14:53:00+00:00,LWLG,3.1900999546051025,3.1900999546051025,3.1900999546051025,3.1900999546051025,3.1900999546051025,821.0
2024-10-31 14:53:00+00:00,MERC,6.53000020980835,6.53000020980835,6.53000020980835,6.53000020980835,6.53000020980835,300.0
2024-10-31 14:53:00+00:00,METC,10.270000457763672,10.270000457763672,10.270000457763672,10.270000457763672,10.270000457763672,416.0
2024-10-31 14:53:00+00:00,ORGN,1.3949999809265137,1.3949999809265137,1.3949999809265137,1.3949999809265137,1.3949999809265137,242.0
2024-10-31 14:53:00+00:00,PAAS,23.350000381469727,23.350000381469727,23.350000381469727,23.334999084472656,23.34000015258789,4287.0
2024-10-31 14:53:00+00:00,PLL,13.0,13.0,13.0,13.0,13.0,101.0
2024-10-31 14:53:00+00:00,RGLD,147.07000732421875,147.07000732421875,147.07000732421875,147.07000732421875,147.07000732421875,627.0
2024-10-31 14:53:00+00:00,SGML,13.529999732971191,13.529999732971191,13.529999732971191,13.529999732971191,13.529999732971191,161.0
2024-10-31 14:53:00+00:00,SMID,33.52000045776367,33.52000045776367,33.529998779296875,33.52000045776367,33.52000045776367,1071.0
2024-10-31 14:53:00+00:00,SSRM,6.144999980926514,6.144999980926514,6.144999980926514,6.139999866485596,6.139999866485596,300.0
2024-10-31 14:53:00+00:00,STLD,131.75999450683594,131.75999450683594,131.75999450683594,131.75999450683594,131.75999450683594,2122.0
2024-10-31 14:53:00+00:00,TMC,0.9749000072479248,0.9749000072479248,0.9749000072479248,0.9749000072479248,0.9749000072479248,10472.0
2024-10-31 14:53:00+00:00,UFPI,122.68000030517578,122.68000030517578,122.68000030517578,122.68000030517578,122.68000030517578,1359.0
2024-10-31 14:54:00+00:00,ASTL,10.25,10.25,10.25,10.25,10.25,473.0
2024-10-31 14:54:00+00:00,BIOX,6.75,6.75,6.75,6.75,6.75,327.0
2024-10-31 14:54:00+00:00,CENX,17.725000381469727,17.725000381469727,17.725000381469727,17.725000381469727,17.725000381469727,469.0
2024-10-31 14:54:00+00:00,CNEY,0.5099999904632568,0.5099999904632568,0.5099999904632568,0.5099999904632568,0.5099999904632568,15198.0
2024-10-31 14:54:00+00:00,GEVO,2.3160998821258545,2.3160998821258545,2.319999933242798,2.309999942779541,2.315000057220459,13135.0
2024-10-31 14:54:00+00:00,GPRE,12.479999542236328,12.479999542236328,12.479999542236328,12.479999542236328,12.479999542236328,1543.0
2024-10-31 14:54:00+00:00,GSM,4.184999942779541,4.184999942779541,4.184999942779541,4.184999942779541,4.184999942779541,1096.0
2024-10-31 14:54:00+00:00,KALU,74.84500122070312,74.84500122070312,74.84500122070312,74.84500122070312,74.84500122070312,1454.0
2024-10-31 14:54:00+00:00,LITM,0.3785000145435333,0.3785000145435333,0.37860000133514404,0.3785000145435333,0.37860000133514404,4800.0
2024-10-31 14:54:00+00:00,MEOH,39.26499938964844,39.26499938964844,39.26499938964844,39.26499938964844,39.26499938964844,240.0
2024-10-31 14:54:00+00:00,METC,10.270000457763672,10.270000457763672,10.270000457763672,10.260000228881836,10.260000228881836,604.0
2024-10-31 14:54:00+00:00,PAAS,23.354999542236328,23.354999542236328,23.354999542236328,23.334999084472656,23.34000015258789,4399.0
2024-10-31 14:54:00+00:00,PPTA,10.119999885559082,10.119999885559082,10.119999885559082,10.119999885559082,10.119999885559082,764.0
2024-10-31 14:54:00+00:00,SGML,13.59000015258789,13.59000015258789,13.619999885559082,13.529999732971191,13.529999732971191,4876.0
2024-10-31 14:54:00+00:00,SSRM,6.144999980926514,6.144999980926514,6.144999980926514,6.144999980926514,6.144999980926514,740.0
2024-10-31 14:54:00+00:00,STLD,131.8699951171875,131.8699951171875,131.8699951171875,131.8699951171875,131.8699951171875,571.0
2024-10-31 14:54:00+00:00,USLM,114.2300033569336,114.2300033569336,114.2300033569336,114.2300033569336,114.2300033569336,221.0
2024-10-31 14:55:00+00:00,ASTL,10.25,10.25,10.25,10.25,10.25,485.0
2024-10-31 14:55:00+00:00,BCPC,168.83999633789062,168.83999633789062,168.83999633789062,168.71359252929688,168.71359252929688,548.0
2024-10-31 14:55:00+00:00,BIOX,6.75,6.75,6.75,6.75,6.75,602.0
2024-10-31 14:55:00+00:00,CENX,17.725000381469727,17.725000381469727,17.729999542236328,17.725000381469727,17.725000381469727,480.0
2024-10-31 14:55:00+00:00,CNEY,0.5099999904632568,0.5099999904632568,0.5099999904632568,0.49000000953674316,0.49000000953674316,23770.0
2024-10-31 14:55:00+00:00,CRKN,0.9359999895095825,0.9359999895095825,0.9399999976158142,0.9359999895095825,0.9399999976158142,827.0
2024-10-31 14:55:00+00:00,GEVO,2.315000057220459,2.315000057220459,2.319999933242798,2.309999942779541,2.318000078201294,50239.0
2024-10-31 14:55:00+00:00,GPRE,12.5,12.5,12.5,12.484999656677246,12.484999656677246,2337.0
2024-10-31 14:55:00+00:00,GSM,4.184999942779541,4.184999942779541,4.190000057220459,4.184999942779541,4.190000057220459,699.0
2024-10-31 14:55:00+00:00,HDSN,7.644999980926514,7.644999980926514,7.644999980926514,7.644999980926514,7.644999980926514,373.0
2024-10-31 14:55:00+00:00,HWKN,108.69999694824219,108.69999694824219,108.69999694824219,108.69999694824219,108.69999694824219,279.0
2024-10-31 14:55:00+00:00,HYMC,2.450000047683716,2.450000047683716,2.450000047683716,2.450000047683716,2.450000047683716,110.0
2024-10-31 14:55:00+00:00,IPX,21.760000228881836,21.760000228881836,21.760000228881836,21.760000228881836,21.760000228881836,200.0
2024-10-31 14:55:00+00:00,KALU,74.95999908447266,74.95999908447266,74.95999908447266,74.95999908447266,74.95999908447266,1329.0
2024-10-31 14:55:00+00:00,MERC,6.534999847412109,6.534999847412109,6.534999847412109,6.534999847412109,6.534999847412109,552.0
2024-10-31 14:55:00+00:00,METC,10.270000457763672,10.270000457763672,10.279999732971191,10.270000457763672,10.279999732971191,4288.0
2024-10-31 14:55:00+00:00,ORGN,1.399999976158142,1.399999976158142,1.399999976158142,1.3949999809265137,1.3949999809265137,664.0
2024-10-31 14:55:00+00:00,PAAS,23.375,23.375,23.375,23.350000381469727,23.350000381469727,1608.0
2024-10-31 14:55:00+00:00,PLL,13.029999732971191,13.029999732971191,13.029999732971191,13.029999732971191,13.029999732971191,1076.0
2024-10-31 14:55:00+00:00,PPTA,10.140000343322754,10.140000343322754,10.140000343322754,10.140000343322754,10.140000343322754,700.0
2024-10-31 14:55:00+00:00,RGLD,147.15499877929688,147.15499877929688,147.15499877929688,147.15499877929688,147.15499877929688,784.0
2024-10-31 14:55:00+00:00,SSRM,6.159999847412109,6.159999847412109,6.159999847412109,6.144800186157227,6.144800186157227,6822.0
2024-10-31 14:55:00+00:00,STLD,131.85000610351562,131.85000610351562,131.8800048828125,131.85000610351562,131.8800048828125,355.0
2024-10-31 14:55:00+00:00,USAU,6.144999980926514,6.144999980926514,6.144999980926514,6.144999980926514,6.144999980926514,176.0
2024-10-31 14:55:00+00:00,ZEUS,36.04999923706055,36.04999923706055,36.04999923706055,35.97999954223633,36.0,1812.0
2024-10-31 14:56:00+00:00,ALTO,1.781999945640564,1.781999945640564,1.781999945640564,1.781999945640564,1.781999945640564,219.0
2024-10-31 14:56:00+00:00,BIOX,6.75,6.75,6.75,6.75,6.75,250.0
2024-10-31 14:56:00+00:00,CENX,17.739999771118164,17.739999771118164,17.739999771118164,17.729900360107422,17.729999542236328,1549.0
2024-10-31 14:56:00+00:00,CNEY,0.5098999738693237,0.5098999738693237,0.5099999904632568,0.49639999866485596,0.49639999866485596,33624.0
2024-10-31 14:56:00+00:00,CRKN,0.9399999976158142,0.9399999976158142,0.9399999976158142,0.9399999976158142,0.9399999976158142,200.0
2024-10-31 14:56:00+00:00,GEVO,2.3124001026153564,2.3124001026153564,2.3183999061584473,2.3124001026153564,2.315000057220459,3863.0
2024-10-31 14:56:00+00:00,GPRE,12.5,12.5,12.510000228881836,12.5,12.510000228881836,3532.0
2024-10-31 14:56:00+00:00,HWKN,109.11000061035156,109.11000061035156,109.11000061035156,108.5999984741211,108.5999984741211,917.0
2024-10-31 14:56:00+00:00,HYMC,2.450000047683716,2.450000047683716,2.450000047683716,2.450000047683716,2.450000047683716,991.0
2024-10-31 14:56:00+00:00,MEOH,39.255001068115234,39.255001068115234,39.2599983215332,39.255001068115234,39.2599983215332,258.0
2024-10-31 14:56:00+00:00,MERC,6.535699844360352,6.535699844360352,6.535699844360352,6.535699844360352,6.535699844360352,800.0
2024-10-31 14:56:00+00:00,METC,10.279999732971191,10.279999732971191,10.279999732971191,10.279999732971191,10.279999732971191,116.0
2024-10-31 14:56:00+00:00,ORGN,1.3949999809265137,1.3949999809265137,1.399999976158142,1.3949999809265137,1.3949999809265137,5353.0
2024-10-31 14:56:00+00:00,PAAS,23.3799991607666,23.3799991607666,23.385000228881836,23.375,23.385000228881836,3117.0
2024-10-31 14:56:00+00:00,PLL,13.022299766540527,13.022299766540527,13.039999961853027,13.010000228881836,13.010000228881836,1923.0
2024-10-31 14:56:00+00:00,SGML,13.574999809265137,13.574999809265137,13.574999809265137,13.569999694824219,13.569999694824219,1299.0
2024-10-31 14:56:00+00:00,SSRM,6.15500020980835,6.15500020980835,6.159999847412109,6.15500020980835,6.15500020980835,2051.0
2024-10-31 14:56:00+00:00,STLD,131.97000122070312,131.97000122070312,131.97000122070312,131.77999877929688,131.77999877929688,1108.0
2024-10-31 14:56:00+00:00,TMC,0.9776999950408936,0.9776999950408936,0.9776999950408936,0.9776999950408936,0.9776999950408936,500.0
2024-10-31 14:56:00+00:00,ZEUS,36.130001068115234,36.130001068115234,36.130001068115234,36.130001068115234,36.130001068115234,299.0
2024-10-31 14:57:00+00:00,BIOX,6.760000228881836,6.760000228881836,6.760000228881836,6.760000228881836,6.760000228881836,0.0
2024-10-31 14:57:00+00:00,CENX,17.739999771118164,17.739999771118164,17.75,17.739999771118164,17.739999771118164,694.0
2024-10-31 14:57:00+00:00,CNEY,0.5152000188827515,0.5152000188827515,0.5152000188827515,0.4880000054836273,0.5099999904632568,140597.0
2024-10-31 14:57:00+00:00,CRKN,0.9399999976158142,0.9399999976158142,0.9399999976158142,0.9319999814033508,0.9319999814033508,1147.0
2024-10-31 14:57:00+00:00,GEVO,2.325000047683716,2.325000047683716,2.325000047683716,2.315000057220459,2.315000057220459,26622.0
2024-10-31 14:57:00+00:00,GPRE,12.494999885559082,12.494999885559082,12.5,12.494999885559082,12.5,4201.0
2024-10-31 14:57:00+00:00,GSM,4.190000057220459,4.190000057220459,4.190000057220459,4.190000057220459,4.190000057220459,2412.0
2024-10-31 14:57:00+00:00,HDSN,7.639999866485596,7.639999866485596,7.639999866485596,7.639999866485596,7.639999866485596,614.0
2024-10-31 14:57:00+00:00,LWLG,3.190000057220459,3.190000057220459,3.194999933242798,3.190000057220459,3.194999933242798,2843.0
2024-10-31 14:57:00+00:00,METC,10.279999732971191,10.279999732971191,10.279999732971191,10.279999732971191,10.279999732971191,1537.0
2024-10-31 14:57:00+00:00,ORGN,1.3949999809265137,1.3949999809265137,1.3949999809265137,1.3899999856948853,1.3899999856948853,6210.0
2024-10-31 14:57:00+00:00,PAAS,23.385000228881836,23.385000228881836,23.385000228881836,23.385000228881836,23.385000228881836,612.0
2024-10-31 14:57:00+00:00,SSRM,6.159999847412109,6.159999847412109,6.159999847412109,6.15500020980835,6.15500020980835,1013.0
2024-10-31 14:57:00+00:00,STLD,131.89999389648438,131.89999389648438,131.97999572753906,131.89999389648438,131.97999572753906,825.0
2024-10-31 14:57:00+00:00,UFPI,122.7699966430664,122.7699966430664,122.7699966430664,122.7699966430664,122.7699966430664,279.0
2024-10-31 14:58:00+00:00,ALTO,1.7799999713897705,1.7799999713897705,1.7799999713897705,1.7799999713897705,1.7799999713897705,129.0
2024-10-31 14:58:00+00:00,ASTL,10.255000114440918,10.255000114440918,10.255000114440918,10.255000114440918,10.255000114440918,810.0
2024-10-31 14:58:00+00:00,BIOX,6.750400066375732,6.750400066375732,6.750400066375732,6.750400066375732,6.750400066375732,253.0
2024-10-31 14:58:00+00:00,CENX,17.760000228881836,17.760000228881836,17.760000228881836,17.75,17.75,1412.0
2024-10-31 14:58:00+00:00,GEVO,2.320499897003174,2.320499897003174,2.320499897003174,2.320499897003174,2.320499897003174,1615.0
2024-10-31 14:58:00+00:00,GPRE,12.494999885559082,12.494999885559082,12.494999885559082,12.489999771118164,12.494999885559082,1307.0
2024-10-31 14:58:00+00:00,GSM,4.190000057220459,4.190000057220459,4.190000057220459,4.190000057220459,4.190000057220459,1770.0
2024-10-31 14:58:00+00:00,GURE,0.6176000237464905,0.6176000237464905,0.6176000237464905,0.6176000237464905,0.6176000237464905,1000.0
2024-10-31 14:58:00+00:00,HDSN,7.639999866485596,7.639999866485596,7.639999866485596,7.639999866485596,7.639999866485596,956.0
2024-10-31 14:58:00+00:00,HWKN,109.05500030517578,109.05500030517578,109.05500030517578,109.05500030517578,109.05500030517578,169.0
2024-10-31 14:58:00+00:00,LITM,0.37860000133514404,0.37860000133514404,0.37929999828338623,0.37860000133514404,0.37929999828338623,800.0
2024-10-31 14:58:00+00:00,MEOH,39.25,39.25,39.2599983215332,39.25,39.2599983215332,854.0
2024-10-31 14:58:00+00:00,METC,10.239999771118164,10.239999771118164,10.274999618530273,10.239999771118164,10.270000457763672,3965.0
2024-10-31 14:58:00+00:00,ORGN,1.3940000534057617,1.3940000534057617,1.3949999809265137,1.3940000534057617,1.3949999809265137,700.0
2024-10-31 14:58:00+00:00,PAAS,23.360000610351562,23.360000610351562,23.385000228881836,23.350000381469727,23.385000228881836,5663.0
2024-10-31 14:58:00+00:00,RGLD,147.3699951171875,147.3699951171875,147.3699951171875,147.33999633789062,147.33999633789062,997.0
2024-10-31 14:58:00+00:00,SSRM,6.15500020980835,6.15500020980835,6.159999847412109,6.150000095367432,6.159999847412109,1265.0
2024-10-31 14:58:00+00:00,STLD,131.91000366210938,131.91000366210938,132.00999450683594,131.91000366210938,132.00999450683594,838.0
2024-10-31 14:58:00+00:00,UFPI,122.70999908447266,122.70999908447266,122.70999908447266,122.70999908447266,122.70999908447266,1302.0
2024-10-31 14:58:00+00:00,USLM,114.2300033569336,114.2300033569336,114.2300033569336,114.2300033569336,114.2300033569336,922.0
2024-10-31 14:59:00+00:00,CENX,17.757600784301758,17.757600784301758,17.757600784301758,17.757600784301758,17.757600784301758,825.0
2024-10-31 14:59:00+00:00,CNEY,0.5274999737739563,0.5274999737739563,0.5274999737739563,0.5274999737739563,0.5274999737739563,32422.0
2024-10-31 14:59:00+00:00,CRKN,0.9399999976158142,0.9399999976158142,0.9399999976158142,0.9399999976158142,0.9399999976158142,100.0
2024-10-31 14:59:00+00:00,GEVO,2.3299999237060547,2.3299999237060547,2.3299999237060547,2.325000047683716,2.325000047683716,3622.0
2024-10-31 14:59:00+00:00,GPRE,12.510000228881836,12.510000228881836,12.519700050354004,12.494999885559082,12.494999885559082,4528.0
2024-10-31 14:59:00+00:00,GSM,4.190000057220459,4.190000057220459,4.190000057220459,4.181099891662598,4.181099891662598,2065.0
2024-10-31 14:59:00+00:00,HDSN,7.633999824523926,7.633999824523926,7.639999866485596,7.633999824523926,7.639999866485596,2721.0
2024-10-31 14:59:00+00:00,METC,10.260000228881836,10.260000228881836,10.260000228881836,10.25,10.25,418.0
2024-10-31 14:59:00+00:00,PAAS,23.389999389648438,23.389999389648438,23.389999389648438,23.360000610351562,23.360000610351562,5418.0
2024-10-31 14:59:00+00:00,RETO,1.1200000047683716,1.1200000047683716,1.1200000047683716,1.1200000047683716,1.1200000047683716,111.0
2024-10-31 14:59:00+00:00,RGLD,147.3699951171875,147.3699951171875,147.3699951171875,147.3699951171875,147.3699951171875,1063.0
2024-10-31 14:59:00+00:00,SGML,13.569999694824219,13.569999694824219,13.600000381469727,13.569999694824219,13.569999694824219,867.0
2024-10-31 14:59:00+00:00,SSRM,6.150000095367432,6.150000095367432,6.159999847412109,6.150000095367432,6.15500020980835,6410.0
2024-10-31 14:59:00+00:00,STLD,131.97999572753906,131.97999572753906,131.97999572753906,131.97999572753906,131.97999572753906,186.0
2024-10-31 14:59:00+00:00,TMC,0.9779999852180481,0.9779999852180481,0.9779999852180481,0.9775999784469604,0.9775999784469604,14845.0
2024-10-31 14:59:00+00:00,USAP,43.970001220703125,43.970001220703125,43.970001220703125,43.970001220703125,43.970001220703125,199.0
2024-10-31 15:00:00+00:00,ASTL,10.244999885559082,10.244999885559082,10.244999885559082,10.244999885559082,10.244999885559082,1012.0
2024-10-31 15:00:00+00:00,CNEY,0.5324000120162964,0.5324000120162964,0.5389999747276306,0.5299999713897705,0.531499981880188,56282.0
2024-10-31 15:00:00+00:00,CRKN,0.9399999976158142,0.9399999976158142,0.9399999976158142,0.9399999976158142,0.9399999976158142,81.0
2024-10-31 15:00:00+00:00,GEVO,2.325000047683716,2.325000047683716,2.325000047683716,2.325000047683716,2.325000047683716,1788.0
2024-10-31 15:00:00+00:00,GPRE,12.527400016784668,12.527400016784668,12.527400016784668,12.510000228881836,12.520000457763672,3658.0
2024-10-31 15:00:00+00:00,GSM,4.190000057220459,4.190000057220459,4.190000057220459,4.184999942779541,4.184999942779541,640.0
2024-10-31 15:00:00+00:00,HWKN,109.3499984741211,109.3499984741211,109.3499984741211,109.30000305175781,109.30000305175781,539.0
2024-10-31 15:00:00+00:00,LITM,0.37860000133514404,0.37860000133514404,0.37860000133514404,0.37860000133514404,0.37860000133514404,600.0
2024-10-31 15:00:00+00:00,LWLG,3.194999933242798,3.194999933242798,3.194999933242798,3.194999933242798,3.194999933242798,810.0
2024-10-31 15:00:00+00:00,MEOH,39.255001068115234,39.255001068115234,39.27000045776367,39.25,39.27000045776367,1094.0
2024-10-31 15:00:00+00:00,MERC,6.539999961853027,6.539999961853027,6.539999961853027,6.539999961853027,6.539999961853027,371.0
2024-10-31 15:00:00+00:00,METC,10.270000457763672,10.270000457763672,10.270000457763672,10.260000228881836,10.260000228881836,944.0
2024-10-31 15:00:00+00:00,ORGN,1.3949999809265137,1.3949999809265137,1.3949999809265137,1.3949999809265137,1.3949999809265137,165.0
2024-10-31 15:00:00+00:00,PAAS,23.40999984741211,23.40999984741211,23.40999984741211,23.389999389648438,23.389999389648438,8430.0
2024-10-31 15:00:00+00:00,SSRM,6.150000095367432,6.150000095367432,6.150000095367432,6.150000095367432,6.150000095367432,1641.0
2024-10-31 15:00:00+00:00,TMC,0.9850000143051147,0.9850000143051147,0.9850000143051147,0.9781000018119812,0.9781000018119812,32572.0
2024-10-31 15:00:00+00:00,USAP,44.0,44.0,44.0,44.0,44.0,466.0
2024-10-31 15:01:00+00:00,ALTO,1.7899999618530273,1.7899999618530273,1.7899999618530273,1.7899999618530273,1.7899999618530273,219.0
2024-10-31 15:01:00+00:00,AREC,0.9898999929428101,0.9898999929428101,0.9898999929428101,0.9898999929428101,0.9898999929428101,410.0
2024-10-31 15:01:00+00:00,ASTL,10.25,10.25,10.25,10.25,10.25,202.0
2024-10-31 15:01:00+00:00,BIOX,6.75,6.75,6.75,6.75,6.75,104.0
2024-10-31 15:01:00+00:00,CENX,17.780000686645508,17.780000686645508,17.780000686645508,17.780000686645508,17.780000686645508,297.0
2024-10-31 15:01:00+00:00,CNEY,0.5389999747276306,0.5389999747276306,0.5389999747276306,0.5320000052452087,0.5378999710083008,8556.0
2024-10-31 15:01:00+00:00,CRKN,0.9359999895095825,0.9359999895095825,0.9359999895095825,0.9359999895095825,0.9359999895095825,1000.0
2024-10-31 15:01:00+00:00,GEVO,2.325000047683716,2.325000047683716,2.3299999237060547,2.319999933242798,2.3299999237060547,4431.0
2024-10-31 15:01:00+00:00,GPRE,12.520000457763672,12.520000457763672,12.534000396728516,12.520000457763672,12.520000457763672,4861.0
2024-10-31 15:01:00+00:00,GSM,4.184999942779541,4.184999942779541,4.184999942779541,4.184999942779541,4.184999942779541,393.0
2024-10-31 15:01:00+00:00,GURE,0.6176000237464905,0.6176000237464905,0.6176000237464905,0.6176000237464905,0.6176000237464905,1000.0
2024-10-31 15:01:00+00:00,HUDI,2.0250000953674316,2.0250000953674316,2.0250000953674316,2.0250000953674316,2.0250000953674316,101.0
2024-10-31 15:01:00+00:00,HWKN,109.48999786376953,109.48999786376953,109.73999786376953,108.80000305175781,108.80000305175781,3158.0
2024-10-31 15:01:00+00:00,LWLG,3.194999933242798,3.194999933242798,3.194999933242798,3.194999933242798,3.194999933242798,360.0
2024-10-31 15:01:00+00:00,METC,10.26550006866455,10.26550006866455,10.26550006866455,10.265000343322754,10.265000343322754,439.0
2024-10-31 15:01:00+00:00,ORGN,1.399899959564209,1.399899959564209,1.399899959564209,1.399899959564209,1.399899959564209,228.0
2024-10-31 15:01:00+00:00,PAAS,23.415000915527344,23.415000915527344,23.415000915527344,23.405000686645508,23.40999984741211,3767.0
2024-10-31 15:01:00+00:00,PLL,13.059900283813477,13.059900283813477,13.059900283813477,13.059900283813477,13.059900283813477,200.0
2024-10-31 15:01:00+00:00,PPTA,10.170000076293945,10.170000076293945,10.170000076293945,10.170000076293945,10.170000076293945,362.0
2024-10-31 15:01:00+00:00,SGML,13.595000267028809,13.595000267028809,13.595000267028809,13.587499618530273,13.587499618530273,621.0
2024-10-31 15:01:00+00:00,STLD,131.9149932861328,131.9149932861328,131.92999267578125,131.85000610351562,131.92999267578125,1896.0
2024-10-31 15:01:00+00:00,USAP,43.96500015258789,43.96500015258789,43.96500015258789,43.939998626708984,43.959999084472656,1072.0
2024-10-31 15:02:00+00:00,ASTL,10.239999771118164,10.239999771118164,10.239999771118164,10.239999771118164,10.239999771118164,931.0
2024-10-31 15:02:00+00:00,BCPC,168.80999755859375,168.80999755859375,168.80999755859375,168.80999755859375,168.80999755859375,344.0
2024-10-31 15:02:00+00:00,CENX,17.770000457763672,17.770000457763672,17.780000686645508,17.764999389648438,17.780000686645508,1894.0
2024-10-31 15:02:00+00:00,CNEY,0.546500027179718,0.546500027179718,0.550000011920929,0.5339999794960022,0.5339999794960022,17916.0
2024-10-31 15:02:00+00:00,CRKN,0.9399999976158142,0.9399999976158142,0.9399999976158142,0.9399999976158142,0.9399999976158142,0.0
2024-10-31 15:02:00+00:00,GEVO,2.3208000659942627,2.3208000659942627,2.325000047683716,2.3208000659942627,2.325000047683716,3268.0
2024-10-31 15:02:00+00:00,GPRE,12.510000228881836,12.510000228881836,12.510000228881836,12.5,12.510000228881836,3868.0
2024-10-31 15:02:00+00:00,GSM,4.184999942779541,4.184999942779541,4.190000057220459,4.184999942779541,4.190000057220459,1277.0
2024-10-31 15:02:00+00:00,KALU,74.80999755859375,74.80999755859375,74.80999755859375,74.80999755859375,74.80999755859375,110.0
2024-10-31 15:02:00+00:00,MEOH,39.2400016784668,39.2400016784668,39.2400016784668,39.22999954223633,39.2400016784668,1756.0
2024-10-31 15:02:00+00:00,MERC,6.53000020980835,6.53000020980835,6.53000020980835,6.53000020980835,6.53000020980835,2000.0
2024-10-31 15:02:00+00:00,ORGN,1.3949999809265137,1.3949999809265137,1.3949999809265137,1.3949999809265137,1.3949999809265137,193.0
2024-10-31 15:02:00+00:00,PAAS,23.405000686645508,23.405000686645508,23.415000915527344,23.405000686645508,23.40999984741211,2303.0
2024-10-31 15:02:00+00:00,PLL,13.039999961853027,13.039999961853027,13.039999961853027,13.039999961853027,13.039999961853027,1222.0
2024-10-31 15:02:00+00:00,PPTA,10.15999984741211,10.15999984741211,10.15999984741211,10.15999984741211,10.15999984741211,1643.0
2024-10-31 15:02:00+00:00,SGML,13.5600004196167,13.5600004196167,13.569999694824219,13.5600004196167,13.569999694824219,1509.0
2024-10-31 15:02:00+00:00,SSRM,6.159999847412109,6.159999847412109,6.159999847412109,6.150000095367432,6.15500020980835,2219.0
2024-10-31 15:02:00+00:00,STLD,131.88999938964844,131.88999938964844,131.90499877929688,131.88999938964844,131.90499877929688,449.0
2024-10-31 15:02:00+00:00,UFPI,122.69000244140625,122.69000244140625,122.69000244140625,122.69000244140625,122.69000244140625,270.0
2024-10-31 15:02:00+00:00,USLM,114.30000305175781,114.30000305175781,114.30000305175781,114.30000305175781,114.30000305175781,586.0
2024-10-31 15:02:00+00:00,ZEUS,36.18119812011719,36.18119812011719,36.18119812011719,36.18119812011719,36.18119812011719,825.0
2024-10-31 15:03:00+00:00,ALTO,1.7799999713897705,1.7799999713897705,1.7799999713897705,1.7799999713897705,1.7799999713897705,403.0
2024-10-31 15:03:00+00:00,ASTL,10.239999771118164,10.239999771118164,10.239999771118164,10.239999771118164,10.239999771118164,793.0
2024-10-31 15:03:00+00:00,CENX,17.774999618530273,17.774999618530273,17.774999618530273,17.770000457763672,17.770000457763672,1216.0
2024-10-31 15:03:00+00:00,CNEY,0.5550000071525574,0.5550000071525574,0.5600000023841858,0.546500027179718,0.5490000247955322,38942.0
2024-10-31 15:03:00+00:00,CRKN,0.9399999976158142,0.9399999976158142,0.9399999976158142,0.9399999976158142,0.9399999976158142,100.0
2024-10-31 15:03:00+00:00,GEVO,2.325000047683716,2.325000047683716,2.325000047683716,2.325000047683716,2.325000047683716,2775.0
2024-10-31 15:03:00+00:00,GPRE,12.510000228881836,12.510000228881836,12.515000343322754,12.505000114440918,12.505000114440918,1386.0
2024-10-31 15:03:00+00:00,GSM,4.184999942779541,4.184999942779541,4.184999942779541,4.184999942779541,4.184999942779541,709.0
2024-10-31 15:03:00+00:00,KALU,74.8499984741211,74.8499984741211,74.8499984741211,74.8499984741211,74.8499984741211,224.0
2024-10-31 15:03:00+00:00,LITM,0.37929999828338623,0.37929999828338623,0.37929999828338623,0.37929999828338623,0.37929999828338623,610.0
2024-10-31 15:03:00+00:00,LWLG,3.194999933242798,3.194999933242798,3.194999933242798,3.194999933242798,3.194999933242798,200.0
2024-10-31 15:03:00+00:00,MEOH,39.27000045776367,39.27000045776367,39.27000045776367,39.22999954223633,39.23500061035156,1305.0
2024-10-31 15:03:00+00:00,MERC,6.534999847412109,6.534999847412109,6.534999847412109,6.534999847412109,6.534999847412109,518.0
2024-10-31 15:03:00+00:00,METC,10.265000343322754,10.265000343322754,10.265000343322754,10.265000343322754,10.265000343322754,305.0
2024-10-31 15:03:00+00:00,ORGN,1.3949999809265137,1.3949999809265137,1.3949999809265137,1.3949999809265137,1.3949999809265137,200.0
2024-10-31 15:03:00+00:00,PAAS,23.40999984741211,23.40999984741211,23.40999984741211,23.375,23.399999618530273,11903.0
2024-10-31 15:03:00+00:00,PLL,13.020000457763672,13.020000457763672,13.020000457763672,13.020000457763672,13.020000457763672,551.0
2024-10-31 15:03:00+00:00,SGML,13.579999923706055,13.579999923706055,13.579999923706055,13.539999961853027,13.539999961853027,3629.0
2024-10-31 15:03:00+00:00,SSRM,6.15500020980835,6.15500020980835,6.15500020980835,6.15500020980835,6.15500020980835,883.0
2024-10-31 15:03:00+00:00,STLD,131.85000610351562,131.85000610351562,131.85000610351562,131.85000610351562,131.85000610351562,297.0
2024-10-31 15:03:00+00:00,UFPI,122.79000091552734,122.79000091552734,122.79000091552734,122.79000091552734,122.79000091552734,1079.0
2024-10-31 15:04:00+00:00,ALTO,1.784999966621399,1.784999966621399,1.784999966621399,1.784999966621399,1.784999966621399,109.0
2024-10-31 15:04:00+00:00,ASTL,10.225000381469727,10.225000381469727,10.225000381469727,10.225000381469727,10.225000381469727,7396.0
2024-10-31 15:04:00+00:00,CNEY,0.5472999811172485,0.5472999811172485,0.5575000047683716,0.5472999811172485,0.550000011920929,56949.0
2024-10-31 15:04:00+00:00,CRKN,0.9399999976158142,0.9399999976158142,0.9399999976158142,0.9399999976158142,0.9399999976158142,105.0
2024-10-31 15:04:00+00:00,GEVO,2.325000047683716,2.325000047683716,2.3299999237060547,2.325000047683716,2.3299999237060547,3843.0
2024-10-31 15:04:00+00:00,GPRE,12.501999855041504,12.501999855041504,12.510000228881836,12.5,12.510000228881836,2972.0
2024-10-31 15:04:00+00:00,GSM,4.179999828338623,4.179999828338623,4.179999828338623,4.179999828338623,4.179999828338623,394.0
2024-10-31 15:04:00+00:00,GURE,0.6176000237464905,0.6176000237464905,0.6176000237464905,0.6176000237464905,0.6176000237464905,243.0
2024-10-31 15:04:00+00:00,HDSN,7.650000095367432,7.650000095367432,7.650000095367432,7.650000095367432,7.650000095367432,253.0
2024-10-31 15:04:00+00:00,LWLG,3.194999933242798,3.194999933242798,3.194999933242798,3.194999933242798,3.194999933242798,118.0
2024-10-31 15:04:00+00:00,MEOH,39.29499816894531,39.29499816894531,39.29499816894531,39.279998779296875,39.279998779296875,884.0
2024-10-31 15:04:00+00:00,METC,10.270000457763672,10.270000457763672,10.270000457763672,10.264699935913086,10.269000053405762,2130.0
2024-10-31 15:04:00+00:00,ORGN,1.3949999809265137,1.3949999809265137,1.3995000123977661,1.3949999809265137,1.3949999809265137,377.0
2024-10-31 15:04:00+00:00,PAAS,23.43000030517578,23.43000030517578,23.43000030517578,23.40999984741211,23.40999984741211,4640.0
2024-10-31 15:04:00+00:00,RGLD,147.59500122070312,147.59500122070312,147.59500122070312,147.47999572753906,147.47999572753906,1122.0
2024-10-31 15:04:00+00:00,SGML,13.550000190734863,13.550000190734863,13.567500114440918,13.550000190734863,13.550000190734863,835.0
2024-10-31 15:04:00+00:00,SSRM,6.159999847412109,6.159999847412109,6.159999847412109,6.159999847412109,6.159999847412109,748.0
2024-10-31 15:04:00+00:00,STLD,131.90499877929688,131.90499877929688,131.90499877929688,131.85000610351562,131.85000610351562,1376.0
2024-10-31 15:04:00+00:00,TMC,0.9851999878883362,0.9851999878883362,0.986299991607666,0.9851999878883362,0.9861999750137329,16431.0
2024-10-31 15:04:00+00:00,ZEUS,36.09000015258789,36.09000015258789,36.09000015258789,36.09000015258789,36.09000015258789,758.0
2024-10-31 15:05:00+00:00,ALTO,1.7899999618530273,1.7899999618530273,1.7899999618530273,1.781999945640564,1.781999945640564,315.0
2024-10-31 15:05:00+00:00,ASTL,10.229999542236328,10.229999542236328,10.229999542236328,10.21500015258789,10.21500015258789,2298.0
2024-10-31 15:05:00+00:00,BCPC,168.86000061035156,168.86000061035156,168.86000061035156,168.86000061035156,168.86000061035156,169.0
2024-10-31 15:05:00+00:00,CNEY,0.5404999852180481,0.5404999852180481,0.550000011920929,0.5400999784469604,0.550000011920929,9112.0
2024-10-31 15:05:00+00:00,FEAM,0.4699999988079071,0.4699999988079071,0.4699999988079071,0.4699999988079071,0.4699999988079071,326.0
2024-10-31 15:05:00+00:00,GEVO,2.325000047683716,2.325000047683716,2.325000047683716,2.325000047683716,2.325000047683716,200.0
2024-10-31 15:05:00+00:00,GPRE,12.505000114440918,12.505000114440918,12.510000228881836,12.494999885559082,12.505000114440918,4581.0
2024-10-31 15:05:00+00:00,HDSN,7.650000095367432,7.650000095367432,7.650000095367432,7.650000095367432,7.650000095367432,311.0
2024-10-31 15:05:00+00:00,KALU,74.90499877929688,74.90499877929688,74.90499877929688,74.90499877929688,74.90499877929688,494.0
2024-10-31 15:05:00+00:00,LGO,2.3949999809265137,2.3949999809265137,2.3949999809265137,2.3949999809265137,2.3949999809265137,1201.0
2024-10-31 15:05:00+00:00,LWLG,3.194999933242798,3.194999933242798,3.194999933242798,3.194999933242798,3.194999933242798,306.0
2024-10-31 15:05:00+00:00,MEOH,39.27000045776367,39.27000045776367,39.27000045776367,39.27000045776367,39.27000045776367,113.0
2024-10-31 15:05:00+00:00,METC,10.270000457763672,10.270000457763672,10.270000457763672,10.270000457763672,10.270000457763672,714.0
2024-10-31 15:05:00+00:00,ORGN,1.3949999809265137,1.3949999809265137,1.3949999809265137,1.3949999809265137,1.3949999809265137,1919.0
2024-10-31 15:05:00+00:00,PAAS,23.420000076293945,23.420000076293945,23.430099487304688,23.420000076293945,23.43000030517578,3300.0
2024-10-31 15:05:00+00:00,PLL,13.039999961853027,13.039999961853027,13.039999961853027,13.039999961853027,13.039999961853027,700.0
2024-10-31 15:05:00+00:00,RETO,1.1299999952316284,1.1299999952316284,1.1299999952316284,1.1299999952316284,1.1299999952316284,110.0
2024-10-31 15:05:00+00:00,RGLD,147.59500122070312,147.59500122070312,147.59500122070312,147.5,147.5,1526.0
2024-10-31 15:05:00+00:00,SGML,13.574999809265137,13.574999809265137,13.579999923706055,13.574999809265137,13.579999923706055,652.0
2024-10-31 15:05:00+00:00,SSRM,6.159999847412109,6.159999847412109,6.159999847412109,6.159999847412109,6.159999847412109,1397.0
2024-10-31 15:05:00+00:00,STLD,131.77999877929688,131.77999877929688,131.86500549316406,131.77999877929688,131.8300018310547,1332.0
2024-10-31 15:05:00+00:00,USAU,6.139999866485596,6.139999866485596,6.139999866485596,6.139999866485596,6.139999866485596,208.0
2024-10-31 15:05:00+00:00,USLM,114.31500244140625,114.31500244140625,114.31500244140625,114.31500244140625,114.31500244140625,1101.0
2024-10-31 15:05:00+00:00,WDFC,263.6700134277344,263.6700134277344,263.6700134277344,263.6700134277344,263.6700134277344,633.0
2024-10-31 15:06:00+00:00,ALTO,1.7949999570846558,1.7949999570846558,1.7999999523162842,1.7898999452590942,1.7898999452590942,8692.0
2024-10-31 15:06:00+00:00,BIOX,6.75,6.75,6.75,6.75,6.75,302.0
2024-10-31 15:06:00+00:00,CENX,17.78499984741211,17.78499984741211,17.78499984741211,17.78499984741211,17.78499984741211,310.0
2024-10-31 15:06:00+00:00,CNEY,0.550000011920929,0.550000011920929,0.550000011920929,0.5404999852180481,0.5453000068664551,25331.0
2024-10-31 15:06:00+00:00,CRKN,0.9399999976158142,0.9399999976158142,0.9399999976158142,0.9399999976158142,0.9399999976158142,648.0
2024-10-31 15:06:00+00:00,GEVO,2.328000068664551,2.328000068664551,2.328000068664551,2.319999933242798,2.325000047683716,4292.0
2024-10-31 15:06:00+00:00,GPRE,12.510000228881836,12.510000228881836,12.539999961853027,12.510000228881836,12.510000228881836,7672.0
2024-10-31 15:06:00+00:00,GSM,4.190000057220459,4.190000057220459,4.190000057220459,4.184999942779541,4.190000057220459,1244.0
2024-10-31 15:06:00+00:00,HDSN,7.650000095367432,7.650000095367432,7.650000095367432,7.650000095367432,7.650000095367432,1385.0
2024-10-31 15:06:00+00:00,LITM,0.3801000118255615,0.3801000118255615,0.3801000118255615,0.3799000084400177,0.3799000084400177,2920.0
2024-10-31 15:06:00+00:00,MEOH,39.27000045776367,39.27000045776367,39.27000045776367,39.27000045776367,39.27000045776367,374.0
2024-10-31 15:06:00+00:00,MERC,6.534999847412109,6.534999847412109,6.534999847412109,6.534999847412109,6.534999847412109,198.0
2024-10-31 15:06:00+00:00,METC,10.270000457763672,10.270000457763672,10.270000457763672,10.270000457763672,10.270000457763672,316.0
2024-10-31 15:06:00+00:00,ORGN,1.3949999809265137,1.3949999809265137,1.3949999809265137,1.3949999809265137,1.3949999809265137,597.0
2024-10-31 15:06:00+00:00,PAAS,23.434999465942383,23.434999465942383,23.440000534057617,23.43000030517578,23.43000030517578,2062.0
2024-10-31 15:06:00+00:00,SGML,13.600000381469727,13.600000381469727,13.600000381469727,13.600000381469727,13.600000381469727,532.0
2024-10-31 15:06:00+00:00,SSRM,6.159999847412109,6.159999847412109,6.159999847412109,6.15500020980835,6.159900188446045,4417.0
2024-10-31 15:06:00+00:00,STLD,131.77999877929688,131.77999877929688,131.77999877929688,131.77999877929688,131.77999877929688,609.0
2024-10-31 15:06:00+00:00,TMC,0.989300012588501,0.989300012588501,0.989300012588501,0.989300012588501,0.989300012588501,400.0
2024-10-31 15:07:00+00:00,AREC,0.996999979019165,0.996999979019165,0.996999979019165,0.9948999881744385,0.9948999881744385,5823.0
2024-10-31 15:07:00+00:00,ASTL,10.244999885559082,10.244999885559082,10.244999885559082,10.244999885559082,10.244999885559082,353.0
2024-10-31 15:07:00+00:00,CENX,17.78499984741211,17.78499984741211,17.790000915527344,17.780000686645508,17.78499984741211,1917.0
2024-10-31 15:07:00+00:00,CNEY,0.550000011920929,0.550000011920929,0.550000011920929,0.5410000085830688,0.5490000247955322,3900.0
2024-10-31 15:07:00+00:00,CRKN,0.9449999928474426,0.9449999928474426,0.9449999928474426,0.932200014591217,0.932200014591217,1146.0
2024-10-31 15:07:00+00:00,GEVO,2.325000047683716,2.325000047683716,2.325500011444092,2.325000047683716,2.325000047683716,1916.0
2024-10-31 15:07:00+00:00,GPRE,12.529999732971191,12.529999732971191,12.529999732971191,12.510000228881836,12.510000228881836,4753.0
2024-10-31 15:07:00+00:00,GSM,4.184999942779541,4.184999942779541,4.190000057220459,4.179999828338623,4.190000057220459,718.0
2024-10-31 15:07:00+00:00,GURE,0.6100999712944031,0.6100999712944031,0.6100999712944031,0.6100999712944031,0.6100999712944031,300.0
2024-10-31 15:07:00+00:00,HWKN,109.98999786376953,109.98999786376953,109.98999786376953,109.98999786376953,109.98999786376953,472.0
2024-10-31 15:07:00+00:00,LWLG,3.194999933242798,3.194999933242798,3.194999933242798,3.191499948501587,3.191499948501587,1673.0
2024-10-31 15:07:00+00:00,MEOH,39.279998779296875,39.279998779296875,39.279998779296875,39.279998779296875,39.279998779296875,128.0
2024-10-31 15:07:00+00:00,MERC,6.534999847412109,6.534999847412109,6.534999847412109,6.534999847412109,6.534999847412109,507.0
2024-10-31 15:07:00+00:00,METC,10.270000457763672,10.270000457763672,10.270000457763672,10.265000343322754,10.265000343322754,1929.0
2024-10-31 15:07:00+00:00,PAAS,23.424999237060547,23.424999237060547,23.440000534057617,23.424999237060547,23.434999465942383,4080.0
2024-10-31 15:07:00+00:00,PLL,13.050000190734863,13.050000190734863,13.050000190734863,13.050000190734863,13.050000190734863,1159.0
2024-10-31 15:07:00+00:00,PPTA,10.180000305175781,10.180000305175781,10.180000305175781,10.180000305175781,10.180000305175781,250.0
2024-10-31 15:07:00+00:00,SGML,13.5,13.5,13.585000038146973,13.489999771118164,13.585000038146973,10531.0
2024-10-31 15:07:00+00:00,STLD,131.77999877929688,131.77999877929688,131.77999877929688,131.77999877929688,131.77999877929688,119.0
2024-10-31 15:07:00+00:00,USLM,114.49500274658203,114.49500274658203,114.49500274658203,114.49500274658203,114.49500274658203,542.0
2024-10-31 15:08:00+00:00,AREC,0.996999979019165,0.996999979019165,0.996999979019165,0.996999979019165,0.996999979019165,101.0
2024-10-31 15:08:00+00:00,ASTL,10.25,10.25,10.25,10.244999885559082,10.244999885559082,982.0
2024-10-31 15:08:00+00:00,BIOX,6.739999771118164,6.739999771118164,6.739999771118164,6.739999771118164,6.739999771118164,207.0
2024-10-31 15:08:00+00:00,CENX,17.770000457763672,17.770000457763672,17.774999618530273,17.760000228881836,17.774999618530273,3586.0
2024-10-31 15:08:00+00:00,CNEY,0.5472000241279602,0.5472000241279602,0.550000011920929,0.5472000241279602,0.550000011920929,5160.0
2024-10-31 15:08:00+00:00,CRKN,0.9449999928474426,0.9449999928474426,0.9449999928474426,0.9449999928474426,0.9449999928474426,200.0
2024-10-31 15:08:00+00:00,GEVO,2.325000047683716,2.325000047683716,2.325000047683716,2.319999933242798,2.325000047683716,5637.0
2024-10-31 15:08:00+00:00,GPRE,12.555000305175781,12.555000305175781,12.565199851989746,12.529999732971191,12.529999732971191,7701.0
2024-10-31 15:08:00+00:00,GURE,0.675000011920929,0.675000011920929,0.675000011920929,0.675000011920929,0.675000011920929,100.0
2024-10-31 15:08:00+00:00,HDSN,7.644999980926514,7.644999980926514,7.644999980926514,7.640900135040283,7.644999980926514,1323.0
2024-10-31 15:08:00+00:00,IPX,21.799999237060547,21.799999237060547,21.800100326538086,21.799999237060547,21.800100326538086,500.0
2024-10-31 15:08:00+00:00,LITM,0.3799000084400177,0.3799000084400177,0.38029998540878296,0.3799000084400177,0.38029998540878296,1585.0
2024-10-31 15:08:00+00:00,MEOH,39.28499984741211,39.28499984741211,39.29999923706055,39.279998779296875,39.279998779296875,3798.0
2024-10-31 15:08:00+00:00,MERC,6.539999961853027,6.539999961853027,6.539999961853027,6.539999961853027,6.539999961853027,2342.0
2024-10-31 15:08:00+00:00,PAAS,23.44499969482422,23.44499969482422,23.44499969482422,23.43000030517578,23.43000030517578,13111.0
2024-10-31 15:08:00+00:00,PLL,13.09000015258789,13.09000015258789,13.100000381469727,13.079999923706055,13.079999923706055,3597.0
2024-10-31 15:08:00+00:00,PPTA,10.1899995803833,10.1899995803833,10.1899995803833,10.180000305175781,10.180000305175781,682.0
2024-10-31 15:08:00+00:00,RGLD,147.52999877929688,147.52999877929688,147.52999877929688,147.52999877929688,147.52999877929688,703.0
2024-10-31 15:08:00+00:00,SGML,13.510000228881836,13.510000228881836,13.510000228881836,13.46500015258789,13.479999542236328,4872.0
2024-10-31 15:08:00+00:00,SSRM,6.15500020980835,6.15500020980835,6.15500020980835,6.15500020980835,6.15500020980835,1348.0
2024-10-31 15:08:00+00:00,STLD,132.0,132.0,132.0,131.81500244140625,131.81500244140625,2707.0
2024-10-31 15:08:00+00:00,TMC,0.9850999712944031,0.9850999712944031,0.9872999787330627,0.9850999712944031,0.9850999712944031,14400.0
2024-10-31 15:08:00+00:00,USAP,43.9734992980957,43.9734992980957,43.9900016784668,43.9734992980957,43.9900016784668,723.0
2024-10-31 15:08:00+00:00,USLM,114.5,114.5,114.5,114.5,114.5,440.0
2024-10-31 15:09:00+00:00,ALTO,1.7949999570846558,1.7949999570846558,1.7949999570846558,1.7949999570846558,1.7949999570846558,313.0
2024-10-31 15:09:00+00:00,AREC,0.996999979019165,0.996999979019165,0.996999979019165,0.996999979019165,0.996999979019165,106.0
2024-10-31 15:09:00+00:00,ASTL,10.335000038146973,10.335000038146973,10.335000038146973,10.260000228881836,10.300000190734863,12590.0
2024-10-31 15:09:00+00:00,BIOX,6.730000019073486,6.730000019073486,6.730000019073486,6.730000019073486,6.730000019073486,716.0
2024-10-31 15:09:00+00:00,CENX,17.78499984741211,17.78499984741211,17.78499984741211,17.78499984741211,17.78499984741211,234.0
2024-10-31 15:09:00+00:00,CNEY,0.5679000020027161,0.5679000020027161,0.5679000020027161,0.5401999950408936,0.5403000116348267,21802.0
2024-10-31 15:09:00+00:00,GEVO,2.325000047683716,2.325000047683716,2.3299999237060547,2.325000047683716,2.3299999237060547,3531.0
2024-10-31 15:09:00+00:00,GPRE,12.510000228881836,12.510000228881836,12.539999961853027,12.510000228881836,12.539999961853027,4552.0
2024-10-31 15:09:00+00:00,GSM,4.184999942779541,4.184999942779541,4.184999942779541,4.184999942779541,4.184999942779541,766.0
2024-10-31 15:09:00+00:00,HWKN,110.0,110.0,110.0,110.0,110.0,145.0
2024-10-31 15:09:00+00:00,KALU,74.90499877929688,74.90499877929688,74.90499877929688,74.90499877929688,74.90499877929688,985.0
2024-10-31 15:09:00+00:00,LWLG,3.194999933242798,3.194999933242798,3.194999933242798,3.194999933242798,3.194999933242798,373.0
2024-10-31 15:09:00+00:00,MERC,6.545000076293945,6.545000076293945,6.545000076293945,6.545000076293945,6.545000076293945,230.0
2024-10-31 15:09:00+00:00,METC,10.279999732971191,10.279999732971191,10.279999732971191,10.279999732971191,10.279999732971191,573.0
2024-10-31 15:09:00+00:00,PAAS,23.440000534057617,23.440000534057617,23.450000762939453,23.43000030517578,23.43000030517578,3360.0
2024-10-31 15:09:00+00:00,PLL,13.09000015258789,13.09000015258789,13.09000015258789,13.09000015258789,13.09000015258789,786.0
2024-10-31 15:09:00+00:00,RGLD,147.55999755859375,147.55999755859375,147.60000610351562,147.55999755859375,147.58999633789062,1873.0
2024-10-31 15:09:00+00:00,SGML,13.510000228881836,13.510000228881836,13.510000228881836,13.510000228881836,13.510000228881836,1171.0
2024-10-31 15:09:00+00:00,SMID,34.2400016784668,34.2400016784668,34.2400016784668,34.2400016784668,34.2400016784668,306.0
2024-10-31 15:09:00+00:00,SSRM,6.159999847412109,6.159999847412109,6.159999847412109,6.150000095367432,6.150000095367432,2915.0
2024-10-31 15:09:00+00:00,STLD,132.01499938964844,132.01499938964844,132.01499938964844,131.99000549316406,131.99000549316406,1136.0
2024-10-31 15:10:00+00:00,ASTL,10.34000015258789,10.34000015258789,10.34000015258789,10.34000015258789,10.34000015258789,803.0
2024-10-31 15:10:00+00:00,BIOX,6.71999979019165,6.71999979019165,6.721199989318848,6.71999979019165,6.721199989318848,468.0
2024-10-31 15:10:00+00:00,CENX,17.790000915527344,17.790000915527344,17.790000915527344,17.78499984741211,17.790000915527344,2296.0
2024-10-31 15:10:00+00:00,CNEY,0.5539000034332275,0.5539000034332275,0.5690000057220459,0.5539000034332275,0.5539000034332275,30394.0
2024-10-31 15:10:00+00:00,CRKN,0.9440000057220459,0.9440000057220459,0.9440000057220459,0.9440000057220459,0.9440000057220459,70.0
2024-10-31 15:10:00+00:00,GEVO,2.325000047683716,2.325000047683716,2.3299999237060547,2.321000099182129,2.321000099182129,2567.0
2024-10-31 15:10:00+00:00,GPRE,12.609999656677246,12.609999656677246,12.630000114440918,12.520000457763672,12.520000457763672,8881.0
2024-10-31 15:10:00+00:00,GSM,4.195000171661377,4.195000171661377,4.210000038146973,4.190000057220459,4.190000057220459,59171.0
2024-10-31 15:10:00+00:00,HWKN,109.87999725341797,109.87999725341797,109.87999725341797,109.6500015258789,109.83999633789062,1160.0
2024-10-31 15:10:00+00:00,LGO,2.38319993019104,2.38319993019104,2.38319993019104,2.38319993019104,2.38319993019104,1800.0
2024-10-31 15:10:00+00:00,LWLG,3.190000057220459,3.190000057220459,3.190000057220459,3.190000057220459,3.190000057220459,528.0
2024-10-31 15:10:00+00:00,MEOH,39.290000915527344,39.290000915527344,39.290000915527344,39.290000915527344,39.290000915527344,225.0
2024-10-31 15:10:00+00:00,ORGN,1.3949999809265137,1.3949999809265137,1.3949999809265137,1.3899999856948853,1.3899999856948853,1040.0
2024-10-31 15:10:00+00:00,PAAS,23.440099716186523,23.440099716186523,23.450000762939453,23.440000534057617,23.444000244140625,5031.0
2024-10-31 15:10:00+00:00,SSRM,6.164999961853027,6.164999961853027,6.164999961853027,6.159900188446045,6.159999847412109,7452.0
2024-10-31 15:10:00+00:00,STLD,131.97999572753906,131.97999572753906,131.97999572753906,131.97999572753906,131.97999572753906,132.0
2024-10-31 15:10:00+00:00,TMC,0.989300012588501,0.989300012588501,0.989300012588501,0.989300012588501,0.989300012588501,0.0
2024-10-31 15:11:00+00:00,ASTL,10.345000267028809,10.345000267028809,10.345000267028809,10.329999923706055,10.335000038146973,1483.0
2024-10-31 15:11:00+00:00,BCPC,168.77000427246094,168.77000427246094,168.77000427246094,168.66749572753906,168.71499633789062,1409.0
2024-10-31 15:11:00+00:00,CNEY,0.5550000071525574,0.5550000071525574,0.5630999803543091,0.5550000071525574,0.5559999942779541,19342.0
2024-10-31 15:11:00+00:00,CRKN,0.9430000185966492,0.9430000185966492,0.9430000185966492,0.9430000185966492,0.9430000185966492,230.0
2024-10-31 15:11:00+00:00,GEVO,2.3350000381469727,2.3350000381469727,2.3350000381469727,2.325000047683716,2.325000047683716,40800.0
2024-10-31 15:11:00+00:00,GPRE,12.625,12.625,12.625,12.625,12.625,178.0
2024-10-31 15:11:00+00:00,GSM,4.195000171661377,4.195000171661377,4.195000171661377,4.195000171661377,4.195000171661377,1593.0
2024-10-31 15:11:00+00:00,GURE,0.66839998960495,0.66839998960495,0.6710000038146973,0.6309999823570251,0.6309999823570251,1792.0
2024-10-31 15:11:00+00:00,HDSN,7.639999866485596,7.639999866485596,7.639999866485596,7.639999866485596,7.639999866485596,2055.0
2024-10-31 15:11:00+00:00,IOSP,108.88999938964844,108.88999938964844,108.88999938964844,108.88999938964844,108.88999938964844,138.0
2024-10-31 15:11:00+00:00,LWLG,3.194999933242798,3.194999933242798,3.194999933242798,3.194999933242798,3.194999933242798,1363.0
2024-10-31 15:11:00+00:00,MEOH,39.275001525878906,39.275001525878906,39.279998779296875,39.27000045776367,39.279998779296875,1706.0
2024-10-31 15:11:00+00:00,MERC,6.547999858856201,6.547999858856201,6.547999858856201,6.547999858856201,6.547999858856201,1187.0
2024-10-31 15:11:00+00:00,METC,10.279999732971191,10.279999732971191,10.289999961853027,10.279999732971191,10.289999961853027,1521.0
2024-10-31 15:11:00+00:00,ORGN,1.3949999809265137,1.3949999809265137,1.399999976158142,1.3949999809265137,1.399999976158142,347.0
2024-10-31 15:11:00+00:00,PAAS,23.440000534057617,23.440000534057617,23.440000534057617,23.434999465942383,23.440000534057617,8736.0
2024-10-31 15:11:00+00:00,PLL,13.09000015258789,13.09000015258789,13.09000015258789,13.09000015258789,13.09000015258789,124.0
2024-10-31 15:11:00+00:00,PPTA,10.180000305175781,10.180000305175781,10.180000305175781,10.180000305175781,10.180000305175781,187.0
2024-10-31 15:11:00+00:00,RETO,1.125,1.125,1.125,1.125,1.125,301.0
2024-10-31 15:11:00+00:00,RGLD,147.27999877929688,147.27999877929688,147.41000366210938,147.27999877929688,147.38999938964844,1562.0
2024-10-31 15:11:00+00:00,SGML,13.520000457763672,13.520000457763672,13.529999732971191,13.520000457763672,13.529999732971191,493.0
2024-10-31 15:11:00+00:00,SMID,34.19670104980469,34.19670104980469,34.19670104980469,34.19670104980469,34.19670104980469,719.0
2024-10-31 15:11:00+00:00,SSRM,6.159999847412109,6.159999847412109,6.159999847412109,6.15500020980835,6.159999847412109,10367.0
2024-10-31 15:11:00+00:00,STLD,131.94000244140625,131.94000244140625,131.94000244140625,131.94000244140625,131.94000244140625,987.0
2024-10-31 15:11:00+00:00,TMC,0.9872000217437744,0.9872000217437744,0.9872000217437744,0.9872000217437744,0.9872000217437744,196.0
2024-10-31 15:11:00+00:00,UFPI,122.8499984741211,122.8499984741211,122.8499984741211,122.8499984741211,122.8499984741211,1150.0
2024-10-31 15:11:00+00:00,ZEUS,36.13999938964844,36.13999938964844,36.13999938964844,36.13999938964844,36.13999938964844,483.0
2024-10-31 15:12:00+00:00,ASTL,10.345000267028809,10.345000267028809,10.345000267028809,10.345000267028809,10.345000267028809,1425.0
2024-10-31 15:12:00+00:00,BIOX,6.724999904632568,6.724999904632568,6.724999904632568,6.724999904632568,6.724999904632568,144.0
2024-10-31 15:12:00+00:00,CENX,17.780000686645508,17.780000686645508,17.780000686645508,17.780000686645508,17.780000686645508,620.0
2024-10-31 15:12:00+00:00,CNEY,0.5619999766349792,0.5619999766349792,0.5619999766349792,0.5619000196456909,0.5619999766349792,0.0
2024-10-31 15:12:00+00:00,CRKN,0.9399999976158142,0.9399999976158142,0.9399999976158142,0.9399999976158142,0.9399999976158142,135.0
2024-10-31 15:12:00+00:00,GEVO,2.3350000381469727,2.3350000381469727,2.3399999141693115,2.3299999237060547,2.3301000595092773,64666.0
2024-10-31 15:12:00+00:00,GPRE,12.575699806213379,12.575699806213379,12.625,12.574999809265137,12.61970043182373,4642.0
2024-10-31 15:12:00+00:00,GSM,4.195000171661377,4.195000171661377,4.195000171661377,4.195000171661377,4.195000171661377,648.0
2024-10-31 15:12:00+00:00,HDSN,7.639999866485596,7.639999866485596,7.639999866485596,7.639999866485596,7.639999866485596,201.0
2024-10-31 15:12:00+00:00,HWKN,109.59500122070312,109.59500122070312,109.80729675292969,109.45999908447266,109.80729675292969,2019.0
2024-10-31 15:12:00+00:00,LGO,2.390000104904175,2.390000104904175,2.390000104904175,2.390000104904175,2.390000104904175,0.0
2024-10-31 15:12:00+00:00,METC,10.28499984741211,10.28499984741211,10.289999961853027,10.28380012512207,10.28499984741211,3001.0
2024-10-31 15:12:00+00:00,PAAS,23.40999984741211,23.40999984741211,23.43000030517578,23.40999984741211,23.43000030517578,2511.0
2024-10-31 15:12:00+00:00,PLL,13.10990047454834,13.10990047454834,13.10990047454834,13.10990047454834,13.10990047454834,435.0
2024-10-31 15:12:00+00:00,PPTA,10.180000305175781,10.180000305175781,10.180000305175781,10.180000305175781,10.180000305175781,314.0
2024-10-31 15:12:00+00:00,RETO,1.1299999952316284,1.1299999952316284,1.1299999952316284,1.125,1.125,376.0
2024-10-31 15:12:00+00:00,RGLD,147.25999450683594,147.25999450683594,147.27000427246094,147.25999450683594,147.27000427246094,1474.0
2024-10-31 15:12:00+00:00,SGML,13.520000457763672,13.520000457763672,13.529999732971191,13.520000457763672,13.520000457763672,1302.0
2024-10-31 15:12:00+00:00,SSRM,6.15500020980835,6.15500020980835,6.159999847412109,6.150100231170654,6.158999919891357,2006.0
2024-10-31 15:12:00+00:00,STLD,131.86000061035156,131.86000061035156,131.8699951171875,131.83999633789062,131.86000061035156,2213.0
2024-10-31 15:12:00+00:00,ZEUS,36.099998474121094,36.099998474121094,36.099998474121094,36.099998474121094,36.099998474121094,742.0
2024-10-31 15:13:00+00:00,ALTO,1.7918000221252441,1.7918000221252441,1.7918000221252441,1.7918000221252441,1.7918000221252441,4693.0
2024-10-31 15:13:00+00:00,ASTL,10.354999542236328,10.354999542236328,10.354999542236328,10.350000381469727,10.350000381469727,1178.0
2024-10-31 15:13:00+00:00,BIOX,6.735000133514404,6.735000133514404,6.735000133514404,6.729899883270264,6.729899883270264,910.0
2024-10-31 15:13:00+00:00,CNEY,0.5814999938011169,0.5814999938011169,0.6200000047683716,0.5600000023841858,0.5619999766349792,71872.0
2024-10-31 15:13:00+00:00,CRKN,0.9398999810218811,0.9398999810218811,0.9398999810218811,0.9398999810218811,0.9398999810218811,10062.0
2024-10-31 15:13:00+00:00,GEVO,2.3350000381469727,2.3350000381469727,2.3350000381469727,2.3350000381469727,2.3350000381469727,608.0
2024-10-31 15:13:00+00:00,GPRE,12.59000015258789,12.59000015258789,12.59000015258789,12.59000015258789,12.59000015258789,1114.0
2024-10-31 15:13:00+00:00,HDSN,7.635000228881836,7.635000228881836,7.635000228881836,7.635000228881836,7.635000228881836,409.0
2024-10-31 15:13:00+00:00,HWKN,109.42630004882812,109.42630004882812,109.42630004882812,109.42630004882812,109.42630004882812,378.0
2024-10-31 15:13:00+00:00,IOSP,108.80999755859375,108.80999755859375,108.80999755859375,108.80000305175781,108.80000305175781,913.0
2024-10-31 15:13:00+00:00,MERC,6.550000190734863,6.550000190734863,6.550000190734863,6.550000190734863,6.550000190734863,188.0
2024-10-31 15:13:00+00:00,ORGN,1.3990999460220337,1.3990999460220337,1.3990999460220337,1.3990999460220337,1.3990999460220337,1091.0
2024-10-31 15:13:00+00:00,PAAS,23.421600341796875,23.421600341796875,23.421600341796875,23.40999984741211,23.40999984741211,6305.0
2024-10-31 15:13:00+00:00,PLL,13.09000015258789,13.09000015258789,13.09000015258789,13.09000015258789,13.09000015258789,210.0
2024-10-31 15:13:00+00:00,SGML,13.550000190734863,13.550000190734863,13.550000190734863,13.520000457763672,13.520000457763672,1851.0
2024-10-31 15:13:00+00:00,SSRM,6.15500020980835,6.15500020980835,6.159999847412109,6.15500020980835,6.15500020980835,1123.0
2024-10-31 15:13:00+00:00,STLD,131.7899932861328,131.7899932861328,131.8300018310547,131.77999877929688,131.77999877929688,1382.0
2024-10-31 15:13:00+00:00,TMC,0.989300012588501,0.989300012588501,0.989300012588501,0.989300012588501,0.989300012588501,371.0
2024-10-31 15:13:00+00:00,WDFC,263.3999938964844,263.3999938964844,263.3999938964844,263.3999938964844,263.3999938964844,413.0
2024-10-31 15:14:00+00:00,ASTL,10.359999656677246,10.359999656677246,10.359999656677246,10.359999656677246,10.359999656677246,301.0
2024-10-31 15:14:00+00:00,CENX,17.790000915527344,17.790000915527344,17.790000915527344,17.790000915527344,17.790000915527344,911.0
2024-10-31 15:14:00+00:00,CNEY,0.5961999893188477,0.5961999893188477,0.6200000047683716,0.5800999999046326,0.5800999999046326,113049.0
2024-10-31 15:14:00+00:00,CRKN,0.9330999851226807,0.9330999851226807,0.9330999851226807,0.9330999851226807,0.9330999851226807,315.0
2024-10-31 15:14:00+00:00,ELBM,0.515999972820282,0.515999972820282,0.515999972820282,0.5040000081062317,0.5040000081062317,782.0
2024-10-31 15:14:00+00:00,GEVO,2.3550000190734863,2.3550000190734863,2.357800006866455,2.337399959564209,2.337399959564209,75521.0
2024-10-31 15:14:00+00:00,GPRE,12.600000381469727,12.600000381469727,12.600000381469727,12.579999923706055,12.579999923706055,3603.0
2024-10-31 15:14:00+00:00,GSM,4.190000057220459,4.190000057220459,4.195000171661377,4.190000057220459,4.190000057220459,2249.0
2024-10-31 15:14:00+00:00,HDSN,7.639999866485596,7.639999866485596,7.639999866485596,7.639999866485596,7.639999866485596,1164.0
2024-10-31 15:14:00+00:00,LWLG,3.194999933242798,3.194999933242798,3.194999933242798,3.194999933242798,3.194999933242798,274.0
2024-10-31 15:14:00+00:00,MEOH,39.275001525878906,39.275001525878906,39.275001525878906,39.275001525878906,39.275001525878906,307.0
2024-10-31 15:14:00+00:00,MERC,6.545000076293945,6.545000076293945,6.545000076293945,6.545000076293945,6.545000076293945,815.0
2024-10-31 15:14:00+00:00,METC,10.300000190734863,10.300000190734863,10.300000190734863,10.289999961853027,10.289999961853027,814.0
2024-10-31 15:14:00+00:00,PAAS,23.450000762939453,23.450000762939453,23.450000762939453,23.420000076293945,23.420000076293945,1443.0
2024-10-31 15:14:00+00:00,PLL,13.095000267028809,13.095000267028809,13.095000267028809,13.095000267028809,13.095000267028809,253.0
2024-10-31 15:14:00+00:00,SNES,2.7799999713897705,2.7799999713897705,2.799999952316284,2.7799999713897705,2.799999952316284,1627.0
2024-10-31 15:14:00+00:00,SSRM,6.160099983215332,6.160099983215332,6.164999961853027,6.15939998626709,6.15939998626709,6582.0
2024-10-31 15:14:00+00:00,STLD,131.86000061035156,131.86000061035156,131.92999267578125,131.86000061035156,131.92999267578125,941.0
2024-10-31 15:15:00+00:00,ASTL,10.380000114440918,10.380000114440918,10.380000114440918,10.364999771118164,10.369999885559082,2391.0
2024-10-31 15:15:00+00:00,BCPC,168.82000732421875,168.82000732421875,168.97000122070312,168.82000732421875,168.97000122070312,678.0
2024-10-31 15:15:00+00:00,CENX,17.81999969482422,17.81999969482422,17.81999969482422,17.809999465942383,17.809999465942383,949.0
2024-10-31 15:15:00+00:00,CNEY,0.6399999856948853,0.6399999856948853,0.6399999856948853,0.5853000283241272,0.6100000143051147,97960.0
2024-10-31 15:15:00+00:00,GEVO,2.3550000190734863,2.3550000190734863,2.3550000190734863,2.3499999046325684,2.3550000190734863,5968.0
2024-10-31 15:15:00+00:00,GPRE,12.59000015258789,12.59000015258789,12.619999885559082,12.59000015258789,12.619999885559082,6011.0
2024-10-31 15:15:00+00:00,GSM,4.190000057220459,4.190000057220459,4.190000057220459,4.190000057220459,4.190000057220459,1347.0
2024-10-31 15:15:00+00:00,HDSN,7.670000076293945,7.670000076293945,7.670000076293945,7.650000095367432,7.650000095367432,1668.0
2024-10-31 15:15:00+00:00,HWKN,109.44000244140625,109.44000244140625,109.44000244140625,109.44000244140625,109.44000244140625,500.0
2024-10-31 15:15:00+00:00,LWLG,3.200000047683716,3.200000047683716,3.200000047683716,3.194999933242798,3.194999933242798,496.0
2024-10-31 15:15:00+00:00,MEOH,39.275001525878906,39.275001525878906,39.275001525878906,39.275001525878906,39.275001525878906,425.0
2024-10-31 15:15:00+00:00,MERC,6.539999961853027,6.539999961853027,6.545000076293945,6.539999961853027,6.545000076293945,3042.0
2024-10-31 15:15:00+00:00,METC,10.300000190734863,10.300000190734863,10.3100004196167,10.300000190734863,10.300000190734863,3974.0
2024-10-31 15:15:00+00:00,ORGN,1.3949999809265137,1.3949999809265137,1.3949999809265137,1.3949999809265137,1.3949999809265137,132.0
2024-10-31 15:15:00+00:00,PAAS,23.440000534057617,23.440000534057617,23.44499969482422,23.43899917602539,23.44499969482422,4614.0
2024-10-31 15:15:00+00:00,PLL,13.079999923706055,13.079999923706055,13.079999923706055,13.079999923706055,13.079999923706055,309.0
2024-10-31 15:15:00+00:00,PPTA,10.1899995803833,10.1899995803833,10.1899995803833,10.1899995803833,10.1899995803833,248.0
2024-10-31 15:15:00+00:00,RGLD,147.27499389648438,147.27499389648438,147.27499389648438,147.27499389648438,147.27499389648438,649.0
2024-10-31 15:15:00+00:00,SSRM,6.170000076293945,6.170000076293945,6.170000076293945,6.164999961853027,6.164999961853027,965.0
2024-10-31 15:15:00+00:00,STLD,131.9250030517578,131.9250030517578,131.99000549316406,131.91000366210938,131.9600067138672,2114.0
2024-10-31 15:15:00+00:00,TMC,0.989300012588501,0.989300012588501,0.989300012588501,0.989300012588501,0.989300012588501,459.0
2024-10-31 15:15:00+00:00,USLM,114.49079895019531,114.49079895019531,114.49079895019531,114.49079895019531,114.49079895019531,271.0
2024-10-31 15:16:00+00:00,ASTL,10.385000228881836,10.385000228881836,10.385000228881836,10.385000228881836,10.385000228881836,584.0
2024-10-31 15:16:00+00:00,BIOX,6.735000133514404,6.735000133514404,6.735000133514404,6.735000133514404,6.735000133514404,115.0
2024-10-31 15:16:00+00:00,CENX,17.795000076293945,17.795000076293945,17.81999969482422,17.795000076293945,17.81999969482422,2382.0
2024-10-31 15:16:00+00:00,CNEY,0.6244999766349792,0.6244999766349792,0.6499999761581421,0.6189000010490417,0.6480000019073486,151543.0
2024-10-31 15:16:00+00:00,CRKN,0.9399999976158142,0.9399999976158142,0.9399999976158142,0.9399999976158142,0.9399999976158142,230.0
2024-10-31 15:16:00+00:00,GEVO,2.3550000190734863,2.3550000190734863,2.3554999828338623,2.3550000190734863,2.3550000190734863,1393.0
2024-10-31 15:16:00+00:00,GPRE,12.609999656677246,12.609999656677246,12.609999656677246,12.600000381469727,12.600000381469727,1560.0
2024-10-31 15:16:00+00:00,GSM,4.195000171661377,4.195000171661377,4.199999809265137,4.184999942779541,4.190000057220459,20458.0
2024-10-31 15:16:00+00:00,HDSN,7.659999847412109,7.659999847412109,7.664999961853027,7.659999847412109,7.664999961853027,3941.0
2024-10-31 15:16:00+00:00,HYMC,2.4600000381469727,2.4600000381469727,2.4600000381469727,2.4600000381469727,2.4600000381469727,429.0
2024-10-31 15:16:00+00:00,LGO,2.390000104904175,2.390000104904175,2.390000104904175,2.390000104904175,2.390000104904175,1035.0
2024-10-31 15:16:00+00:00,LITM,0.375,0.375,0.375,0.375,0.375,751.0
2024-10-31 15:16:00+00:00,MEOH,39.26499938964844,39.26499938964844,39.26499938964844,39.2599983215332,39.2599983215332,1103.0
2024-10-31 15:16:00+00:00,MERC,6.559999942779541,6.559999942779541,6.559999942779541,6.534999847412109,6.539999961853027,4158.0
2024-10-31 15:16:00+00:00,METC,10.26099967956543,10.26099967956543,10.300000190734863,10.26099967956543,10.300000190734863,4393.0
2024-10-31 15:16:00+00:00,ORGN,1.3949999809265137,1.3949999809265137,1.3949999809265137,1.3949999809265137,1.3949999809265137,1711.0
2024-10-31 15:16:00+00:00,PAAS,23.424999237060547,23.424999237060547,23.430099487304688,23.424999237060547,23.430099487304688,2049.0
2024-10-31 15:16:00+00:00,PLL,13.140000343322754,13.140000343322754,13.140000343322754,13.095000267028809,13.100000381469727,3686.0
2024-10-31 15:16:00+00:00,SGML,13.529999732971191,13.529999732971191,13.529999732971191,13.529999732971191,13.529999732971191,892.0
2024-10-31 15:16:00+00:00,SSRM,6.170000076293945,6.170000076293945,6.170000076293945,6.170000076293945,6.170000076293945,916.0
2024-10-31 15:16:00+00:00,STLD,131.74000549316406,131.74000549316406,131.85000610351562,131.74000549316406,131.85000610351562,2180.0
2024-10-31 15:17:00+00:00,ASTL,10.380000114440918,10.380000114440918,10.380000114440918,10.369999885559082,10.369999885559082,1478.0
2024-10-31 15:17:00+00:00,CENX,17.78499984741211,17.78499984741211,17.795000076293945,17.78499984741211,17.790000915527344,1873.0
2024-10-31 15:17:00+00:00,CNEY,0.6302000284194946,0.6302000284194946,0.6349999904632568,0.6190000176429749,0.6244999766349792,119555.0
2024-10-31 15:17:00+00:00,CRKN,0.9440000057220459,0.9440000057220459,0.9440000057220459,0.9440000057220459,0.9440000057220459,200.0
2024-10-31 15:17:00+00:00,FEAM,0.4699999988079071,0.4699999988079071,0.4699999988079071,0.4699999988079071,0.4699999988079071,302.0
2024-10-31 15:17:00+00:00,GEVO,2.3550000190734863,2.3550000190734863,2.3587000370025635,2.3499999046325684,2.3550000190734863,7866.0
2024-10-31 15:17:00+00:00,GPRE,12.593999862670898,12.593999862670898,12.593999862670898,12.59000015258789,12.59000015258789,1837.0
2024-10-31 15:17:00+00:00,GSM,4.190000057220459,4.190000057220459,4.190000057220459,4.190000057220459,4.190000057220459,664.0
2024-10-31 15:17:00+00:00,HWKN,109.43000030517578,109.43000030517578,109.43000030517578,109.23500061035156,109.3499984741211,2142.0
2024-10-31 15:17:00+00:00,LWLG,3.2049999237060547,3.2049999237060547,3.2049999237060547,3.200000047683716,3.200000047683716,3908.0
2024-10-31 15:17:00+00:00,MEOH,39.25,39.25,39.25,39.25,39.25,435.0
2024-10-31 15:17:00+00:00,MERC,6.559999942779541,6.559999942779541,6.559999942779541,6.559999942779541,6.559999942779541,961.0
2024-10-31 15:17:00+00:00,ORGN,1.3949999809265137,1.3949999809265137,1.399899959564209,1.3899999856948853,1.399899959564209,4098.0
2024-10-31 15:17:00+00:00,PAAS,23.43000030517578,23.43000030517578,23.43000030517578,23.420000076293945,23.420000076293945,2174.0
2024-10-31 15:17:00+00:00,PLL,13.130000114440918,13.130000114440918,13.130000114440918,13.130000114440918,13.130000114440918,380.0
2024-10-31 15:17:00+00:00,PPTA,10.1899995803833,10.1899995803833,10.1899995803833,10.1899995803833,10.1899995803833,208.0
2024-10-31 15:17:00+00:00,SGML,13.520000457763672,13.520000457763672,13.520000457763672,13.520000457763672,13.520000457763672,1723.0
2024-10-31 15:17:00+00:00,SSRM,6.164999961853027,6.164999961853027,6.164999961853027,6.159999847412109,6.159999847412109,920.0
2024-10-31 15:17:00+00:00,STLD,131.6300048828125,131.6300048828125,131.6300048828125,131.6300048828125,131.6300048828125,693.0
2024-10-31 15:18:00+00:00,CENX,17.780000686645508,17.780000686645508,17.780000686645508,17.764999389648438,17.780000686645508,2812.0
2024-10-31 15:18:00+00:00,CNEY,0.6603000164031982,0.6603000164031982,0.6779999732971191,0.6399999856948853,0.6495000123977661,283036.0
2024-10-31 15:18:00+00:00,GEVO,2.3550000190734863,2.3550000190734863,2.359999895095825,2.3503000736236572,2.3550000190734863,13920.0
2024-10-31 15:18:00+00:00,GPRE,12.604999542236328,12.604999542236328,12.609999656677246,12.59000015258789,12.59000015258789,4298.0
2024-10-31 15:18:00+00:00,GSM,4.190000057220459,4.190000057220459,4.190000057220459,4.190000057220459,4.190000057220459,433.0
2024-10-31 15:18:00+00:00,LITM,0.375,0.375,0.3750999867916107,0.375,0.375,1209.0
2024-10-31 15:18:00+00:00,LWLG,3.2049999237060547,3.2049999237060547,3.2049999237060547,3.2049999237060547,3.2049999237060547,486.0
2024-10-31 15:18:00+00:00,MEOH,39.209999084472656,39.209999084472656,39.220001220703125,39.209999084472656,39.209999084472656,945.0
2024-10-31 15:18:00+00:00,METC,10.260000228881836,10.260000228881836,10.260000228881836,10.260000228881836,10.260000228881836,537.0
2024-10-31 15:18:00+00:00,PAAS,23.40999984741211,23.40999984741211,23.420000076293945,23.40999984741211,23.420000076293945,3660.0
2024-10-31 15:18:00+00:00,PLL,13.109999656677246,13.109999656677246,13.109999656677246,13.109999656677246,13.109999656677246,576.0
2024-10-31 15:18:00+00:00,PPTA,10.1899995803833,10.1899995803833,10.1899995803833,10.1899995803833,10.1899995803833,186.0
2024-10-31 15:18:00+00:00,SGML,13.529999732971191,13.529999732971191,13.529999732971191,13.529999732971191,13.529999732971191,1589.0
2024-10-31 15:18:00+00:00,SSRM,6.168799877166748,6.168799877166748,6.168799877166748,6.168799877166748,6.168799877166748,486.0
2024-10-31 15:18:00+00:00,STLD,131.5399932861328,131.5399932861328,131.6300048828125,131.5399932861328,131.6300048828125,857.0
2024-10-31 15:18:00+00:00,UFPI,122.7249984741211,122.7249984741211,122.7300033569336,122.7249984741211,122.7300033569336,3679.0
2024-10-31 15:18:00+00:00,USAP,43.97999954223633,43.97999954223633,43.97999954223633,43.97999954223633,43.97999954223633,323.0
2024-10-31 15:18:00+00:00,USLM,114.72989654541016,114.72989654541016,114.72989654541016,114.72989654541016,114.72989654541016,1106.0
2024-10-31 15:18:00+00:00,ZEUS,36.060001373291016,36.060001373291016,36.060001373291016,36.04999923706055,36.04999923706055,1833.0
2024-10-31 15:19:00+00:00,ASTL,10.390000343322754,10.390000343322754,10.390000343322754,10.385000228881836,10.385000228881836,856.0
2024-10-31 15:19:00+00:00,CENX,17.764999389648438,17.764999389648438,17.764999389648438,17.764999389648438,17.764999389648438,234.0
2024-10-31 15:19:00+00:00,CNEY,0.6169999837875366,0.6169999837875366,0.661899983882904,0.6169999837875366,0.6603000164031982,150081.0
2024-10-31 15:19:00+00:00,CRKN,0.9438999891281128,0.9438999891281128,0.9440000057220459,0.9438999891281128,0.9440000057220459,372.0
2024-10-31 15:19:00+00:00,GEVO,2.350600004196167,2.350600004196167,2.358299970626831,2.350600004196167,2.3550000190734863,4508.0
2024-10-31 15:19:00+00:00,GPRE,12.600000381469727,12.600000381469727,12.609999656677246,12.600000381469727,12.600000381469727,3260.0
2024-10-31 15:19:00+00:00,GSM,4.195000171661377,4.195000171661377,4.195000171661377,4.190000057220459,4.190000057220459,1394.0
2024-10-31 15:19:00+00:00,HWKN,108.98999786376953,108.98999786376953,109.0,108.98999786376953,109.0,2391.0
2024-10-31 15:19:00+00:00,HYMC,2.4600000381469727,2.4600000381469727,2.4600000381469727,2.4600000381469727,2.4600000381469727,414.0
2024-10-31 15:19:00+00:00,IONR,7.820000171661377,7.820000171661377,7.829999923706055,7.820000171661377,7.820000171661377,1053.0
2024-10-31 15:19:00+00:00,IPX,21.809999465942383,21.809999465942383,21.809999465942383,21.809999465942383,21.809999465942383,558.0
2024-10-31 15:19:00+00:00,LWLG,3.200000047683716,3.200000047683716,3.2100000381469727,3.200000047683716,3.2100000381469727,1921.0
2024-10-31 15:19:00+00:00,METC,10.25,10.25,10.25,10.25,10.25,521.0
2024-10-31 15:19:00+00:00,ORGN,1.3949999809265137,1.3949999809265137,1.3949999809265137,1.3949999809265137,1.3949999809265137,2054.0
2024-10-31 15:19:00+00:00,PAAS,23.399999618530273,23.399999618530273,23.40999984741211,23.385000228881836,23.40999984741211,4094.0
2024-10-31 15:19:00+00:00,PLL,13.109999656677246,13.109999656677246,13.109999656677246,13.109999656677246,13.109999656677246,4112.0
2024-10-31 15:19:00+00:00,PPTA,10.180000305175781,10.180000305175781,10.1899995803833,10.180000305175781,10.1899995803833,931.0
2024-10-31 15:19:00+00:00,RGLD,147.02499389648438,147.02499389648438,147.19000244140625,147.02499389648438,147.19000244140625,2423.0
2024-10-31 15:19:00+00:00,SGML,13.510000228881836,13.510000228881836,13.529999732971191,13.510000228881836,13.529999732971191,3258.0
2024-10-31 15:19:00+00:00,SSRM,6.15500020980835,6.15500020980835,6.159999847412109,6.15500020980835,6.159999847412109,7886.0
2024-10-31 15:19:00+00:00,STLD,131.5399932861328,131.5399932861328,131.6300048828125,131.5399932861328,131.5500030517578,1385.0
2024-10-31 15:20:00+00:00,ACNT,9.385000228881836,9.385000228881836,9.385000228881836,9.385000228881836,9.385000228881836,205.0
2024-10-31 15:20:00+00:00,ALTO,1.7910000085830688,1.7910000085830688,1.7949999570846558,1.7910000085830688,1.7949999570846558,400.0
2024-10-31 15:20:00+00:00,ASTL,10.380000114440918,10.380000114440918,10.380000114440918,10.380000114440918,10.380000114440918,661.0
2024-10-31 15:20:00+00:00,CENX,17.760000228881836,17.760000228881836,17.770000457763672,17.760000228881836,17.770000457763672,1084.0
2024-10-31 15:20:00+00:00,CNEY,0.6366000175476074,0.6366000175476074,0.6366000175476074,0.6168000102043152,0.6169999837875366,41526.0
2024-10-31 15:20:00+00:00,CRKN,0.9440000057220459,0.9440000057220459,0.9440000057220459,0.9440000057220459,0.9440000057220459,14.0
2024-10-31 15:20:00+00:00,GEVO,2.359999895095825,2.359999895095825,2.369999885559082,2.3550000190734863,2.3550000190734863,75399.0
2024-10-31 15:20:00+00:00,GPRE,12.609999656677246,12.609999656677246,12.619999885559082,12.609999656677246,12.609999656677246,2983.0
2024-10-31 15:20:00+00:00,GSM,4.195000171661377,4.195000171661377,4.195000171661377,4.190000057220459,4.190000057220459,910.0
2024-10-31 15:20:00+00:00,HWKN,108.62999725341797,108.62999725341797,108.80999755859375,108.62999725341797,108.80999755859375,2154.0
2024-10-31 15:20:00+00:00,HYMC,2.4700000286102295,2.4700000286102295,2.4700000286102295,2.4700000286102295,2.4700000286102295,200.0
2024-10-31 15:20:00+00:00,KALU,74.94999694824219,74.94999694824219,74.94999694824219,74.94999694824219,74.94999694824219,162.0
2024-10-31 15:20:00+00:00,LWLG,3.2049999237060547,3.2049999237060547,3.2049999237060547,3.2049999237060547,3.2049999237060547,0.0
2024-10-31 15:20:00+00:00,MEOH,39.20500183105469,39.20500183105469,39.209999084472656,39.20500183105469,39.209999084472656,831.0
2024-10-31 15:20:00+00:00,MERC,6.567699909210205,6.567699909210205,6.570000171661377,6.567699909210205,6.570000171661377,364.0
2024-10-31 15:20:00+00:00,METC,10.260000228881836,10.260000228881836,10.260000228881836,10.239999771118164,10.239999771118164,1488.0
2024-10-31 15:20:00+00:00,PAAS,23.415000915527344,23.415000915527344,23.415000915527344,23.399999618530273,23.399999618530273,3763.0
2024-10-31 15:20:00+00:00,PLL,13.119999885559082,13.119999885559082,13.138400077819824,13.119999885559082,13.138400077819824,357.0
2024-10-31 15:20:00+00:00,RGLD,147.0800018310547,147.0800018310547,147.0800018310547,147.0800018310547,147.0800018310547,431.0
2024-10-31 15:20:00+00:00,STLD,131.61500549316406,131.61500549316406,131.6199951171875,131.61500549316406,131.61500549316406,717.0
2024-10-31 15:20:00+00:00,USAP,44.02000045776367,44.02000045776367,44.02000045776367,44.02000045776367,44.02000045776367,200.0
2024-10-31 15:20:00+00:00,USLM,114.58000183105469,114.58000183105469,114.58000183105469,114.58000183105469,114.58000183105469,1333.0
2024-10-31 15:21:00+00:00,AREC,0.9990000128746033,0.9990000128746033,0.9990000128746033,0.996399998664856,0.996399998664856,273.0
2024-10-31 15:21:00+00:00,ASTL,10.414999961853027,10.414999961853027,10.414999961853027,10.385000228881836,10.390000343322754,3704.0
2024-10-31 15:21:00+00:00,BIOX,6.739999771118164,6.739999771118164,6.739999771118164,6.739999771118164,6.739999771118164,200.0
2024-10-31 15:21:00+00:00,CENX,17.770000457763672,17.770000457763672,17.770000457763672,17.770000457763672,17.770000457763672,981.0
2024-10-31 15:21:00+00:00,CNEY,0.629800021648407,0.629800021648407,0.6399999856948853,0.6150000095367432,0.6365000009536743,141530.0
2024-10-31 15:21:00+00:00,CRKN,0.9440000057220459,0.9440000057220459,0.9440000057220459,0.9345999956130981,0.9345999956130981,191.0
2024-10-31 15:21:00+00:00,GEVO,2.369999885559082,2.369999885559082,2.369999885559082,2.365000009536743,2.369999885559082,1387.0
2024-10-31 15:21:00+00:00,GPRE,12.625,12.625,12.625,12.609999656677246,12.609999656677246,2516.0
2024-10-31 15:21:00+00:00,GSM,4.190000057220459,4.190000057220459,4.195000171661377,4.190000057220459,4.195000171661377,1106.0
2024-10-31 15:21:00+00:00,HWKN,108.40499877929688,108.40499877929688,108.47000122070312,108.40499877929688,108.47000122070312,1629.0
2024-10-31 15:21:00+00:00,KALU,74.88500213623047,74.88500213623047,74.88500213623047,74.88500213623047,74.88500213623047,363.0
2024-10-31 15:21:00+00:00,LGO,2.3798999786376953,2.3798999786376953,2.3798999786376953,2.3798999786376953,2.3798999786376953,118.0
2024-10-31 15:21:00+00:00,MEOH,39.21689987182617,39.21689987182617,39.25,39.21689987182617,39.220001220703125,1843.0
2024-10-31 15:21:00+00:00,MERC,6.579999923706055,6.579999923706055,6.579999923706055,6.570000171661377,6.570000171661377,1381.0
2024-10-31 15:21:00+00:00,METC,10.265000343322754,10.265000343322754,10.265000343322754,10.265000343322754,10.265000343322754,987.0
2024-10-31 15:21:00+00:00,ORGN,1.3899999856948853,1.3899999856948853,1.3899999856948853,1.3899999856948853,1.3899999856948853,775.0
2024-10-31 15:21:00+00:00,PAAS,23.40999984741211,23.40999984741211,23.415000915527344,23.405000686645508,23.415000915527344,2488.0
2024-10-31 15:21:00+00:00,PLL,13.119999885559082,13.119999885559082,13.119999885559082,13.119999885559082,13.119999885559082,212.0
2024-10-31 15:21:00+00:00,RGLD,147.0178985595703,147.0178985595703,147.0178985595703,147.0178985595703,147.0178985595703,1805.0
2024-10-31 15:21:00+00:00,SGML,13.505000114440918,13.505000114440918,13.505000114440918,13.505000114440918,13.505000114440918,847.0
2024-10-31 15:21:00+00:00,SSRM,6.159999847412109,6.159999847412109,6.159999847412109,6.150000095367432,6.1519999504089355,882.0
2024-10-31 15:21:00+00:00,STLD,131.77000427246094,131.77000427246094,131.77999877929688,131.6300048828125,131.67999267578125,3071.0
2024-10-31 15:21:00+00:00,TMC,0.989300012588501,0.989300012588501,0.989300012588501,0.989300012588501,0.989300012588501,208.0
2024-10-31 15:21:00+00:00,USAU,6.146200180053711,6.146200180053711,6.146200180053711,6.146200180053711,6.146200180053711,112.0
2024-10-31 15:21:00+00:00,USLM,114.55000305175781,114.55000305175781,114.55000305175781,114.55000305175781,114.55000305175781,237.0
2024-10-31 15:22:00+00:00,ALTO,1.7949999570846558,1.7949999570846558,1.7999999523162842,1.7949999570846558,1.7999999523162842,1561.0
2024-10-31 15:22:00+00:00,AREC,1.0099999904632568,1.0099999904632568,1.0099999904632568,0.9952999949455261,0.9952999949455261,2110.0
2024-10-31 15:22:00+00:00,ASTL,10.399999618530273,10.399999618530273,10.420000076293945,10.385000228881836,10.420000076293945,7750.0
2024-10-31 15:22:00+00:00,BCPC,168.8249969482422,168.8249969482422,168.8249969482422,168.8249969482422,168.8249969482422,483.0
2024-10-31 15:22:00+00:00,BIOX,6.739999771118164,6.739999771118164,6.739999771118164,6.739999771118164,6.739999771118164,100.0
2024-10-31 15:22:00+00:00,CENX,17.770000457763672,17.770000457763672,17.770000457763672,17.770000457763672,17.770000457763672,1477.0
2024-10-31 15:22:00+00:00,CNEY,0.6265000104904175,0.6265000104904175,0.6298999786376953,0.6150000095367432,0.625,50808.0
2024-10-31 15:22:00+00:00,CRKN,0.9440000057220459,0.9440000057220459,0.9440000057220459,0.9440000057220459,0.9440000057220459,800.0
2024-10-31 15:22:00+00:00,GEVO,2.369999885559082,2.369999885559082,2.369999885559082,2.365000009536743,2.365000009536743,2722.0
2024-10-31 15:22:00+00:00,GPRE,12.630000114440918,12.630000114440918,12.640000343322754,12.630000114440918,12.630000114440918,1910.0
2024-10-31 15:22:00+00:00,GSM,4.195000171661377,4.195000171661377,4.195000171661377,4.190000057220459,4.195000171661377,1420.0
2024-10-31 15:22:00+00:00,LWLG,3.2049999237060547,3.2049999237060547,3.2091000080108643,3.2049999237060547,3.2091000080108643,1237.0
2024-10-31 15:22:00+00:00,MEOH,39.22999954223633,39.22999954223633,39.22999954223633,39.22999954223633,39.22999954223633,15.0
2024-10-31 15:22:00+00:00,MERC,6.579999923706055,6.579999923706055,6.579999923706055,6.579999923706055,6.579999923706055,567.0
2024-10-31 15:22:00+00:00,PAAS,23.399999618530273,23.399999618530273,23.40999984741211,23.399999618530273,23.40999984741211,3178.0
2024-10-31 15:22:00+00:00,PLL,13.100000381469727,13.100000381469727,13.119999885559082,13.100000381469727,13.119999885559082,426.0
2024-10-31 15:22:00+00:00,PPTA,10.1899995803833,10.1899995803833,10.1899995803833,10.1899995803833,10.1899995803833,625.0
2024-10-31 15:22:00+00:00,SGML,13.505000114440918,13.505000114440918,13.505000114440918,13.505000114440918,13.505000114440918,341.0
2024-10-31 15:22:00+00:00,SSRM,6.15500020980835,6.15500020980835,6.15500020980835,6.150000095367432,6.150000095367432,1800.0
2024-10-31 15:22:00+00:00,STLD,131.67999267578125,131.67999267578125,131.75,131.67999267578125,131.6999969482422,1123.0
2024-10-31 15:22:00+00:00,TMC,0.989300012588501,0.989300012588501,0.989300012588501,0.989300012588501,0.989300012588501,3090.0
2024-10-31 15:22:00+00:00,USLM,114.5,114.5,114.55000305175781,114.5,114.55000305175781,283.0
2024-10-31 15:23:00+00:00,ALTO,1.7899999618530273,1.7899999618530273,1.7899999618530273,1.7899999618530273,1.7899999618530273,129.0
2024-10-31 15:23:00+00:00,AREC,1.0098999738693237,1.0098999738693237,1.0098999738693237,1.0026999711990356,1.0026999711990356,146.0
2024-10-31 15:23:00+00:00,ASTL,10.404999732971191,10.404999732971191,10.404999732971191,10.404999732971191,10.404999732971191,597.0
2024-10-31 15:23:00+00:00,CNEY,0.6363000273704529,0.6363000273704529,0.6399999856948853,0.6150000095367432,0.6190000176429749,128807.0
2024-10-31 15:23:00+00:00,CRKN,0.9345999956130981,0.9345999956130981,0.9345999956130981,0.9345999956130981,0.9345999956130981,1900.0
2024-10-31 15:23:00+00:00,GEVO,2.369999885559082,2.369999885559082,2.369999885559082,2.365000009536743,2.365000009536743,25092.0
2024-10-31 15:23:00+00:00,GPRE,12.59000015258789,12.59000015258789,12.630000114440918,12.585000038146973,12.630000114440918,6256.0
2024-10-31 15:23:00+00:00,GSM,4.190000057220459,4.190000057220459,4.199999809265137,4.190000057220459,4.190000057220459,1936.0
2024-10-31 15:23:00+00:00,HDSN,7.669000148773193,7.669000148773193,7.669000148773193,7.659999847412109,7.659999847412109,1911.0
2024-10-31 15:23:00+00:00,IONR,7.900000095367432,7.900000095367432,7.900000095367432,7.900000095367432,7.900000095367432,302.0
2024-10-31 15:23:00+00:00,LWLG,3.2049999237060547,3.2049999237060547,3.2100000381469727,3.2049999237060547,3.2093000411987305,1489.0
2024-10-31 15:23:00+00:00,MEOH,39.2400016784668,39.2400016784668,39.2400016784668,39.2400016784668,39.2400016784668,200.0
2024-10-31 15:23:00+00:00,MERC,6.590000152587891,6.590000152587891,6.590000152587891,6.590000152587891,6.590000152587891,579.0
2024-10-31 15:23:00+00:00,METC,10.265000343322754,10.265000343322754,10.270000457763672,10.265000343322754,10.270000457763672,707.0
2024-10-31 15:23:00+00:00,ORGN,1.3949999809265137,1.3949999809265137,1.3949999809265137,1.3949999809265137,1.3949999809265137,550.0
2024-10-31 15:23:00+00:00,PAAS,23.420000076293945,23.420000076293945,23.420000076293945,23.402799606323242,23.402799606323242,3860.0
2024-10-31 15:23:00+00:00,PLL,13.09000015258789,13.09000015258789,13.104999542236328,13.09000015258789,13.104999542236328,1015.0
2024-10-31 15:23:00+00:00,RGLD,146.99000549316406,146.99000549316406,146.99000549316406,146.99000549316406,146.99000549316406,262.0
2024-10-31 15:23:00+00:00,SGML,13.505000114440918,13.505000114440918,13.505000114440918,13.505000114440918,13.505000114440918,767.0
2024-10-31 15:23:00+00:00,SSRM,6.15500020980835,6.15500020980835,6.159999847412109,6.150000095367432,6.150000095367432,5372.0
2024-10-31 15:23:00+00:00,STLD,131.71499633789062,131.71499633789062,131.71499633789062,131.6699981689453,131.6699981689453,1419.0
2024-10-31 15:23:00+00:00,USAU,6.1697001457214355,6.1697001457214355,6.1697001457214355,6.1697001457214355,6.1697001457214355,1303.0
2024-10-31 15:23:00+00:00,USLM,114.69999694824219,114.69999694824219,114.69999694824219,114.69999694824219,114.69999694824219,357.0
2024-10-31 15:23:00+00:00,WDFC,263.4649963378906,263.4649963378906,263.4649963378906,263.4649963378906,263.4649963378906,491.0
2024-10-31 15:24:00+00:00,AREC,1.0099999904632568,1.0099999904632568,1.0099999904632568,1.0099999904632568,1.0099999904632568,0.0
2024-10-31 15:24:00+00:00,ASTL,10.404999732971191,10.404999732971191,10.40999984741211,10.404999732971191,10.40999984741211,1812.0
2024-10-31 15:24:00+00:00,CNEY,0.6499000191688538,0.6499000191688538,0.6499999761581421,0.6150000095367432,0.6363000273704529,224104.0
2024-10-31 15:24:00+00:00,CRKN,0.9440000057220459,0.9440000057220459,0.9440000057220459,0.9440000057220459,0.9440000057220459,0.0
2024-10-31 15:24:00+00:00,GEVO,2.365000009536743,2.365000009536743,2.369999885559082,2.359999895095825,2.365000009536743,14140.0
2024-10-31 15:24:00+00:00,GSM,4.195000171661377,4.195000171661377,4.195000171661377,4.195000171661377,4.195000171661377,1200.0
2024-10-31 15:24:00+00:00,GURE,0.675000011920929,0.675000011920929,0.675000011920929,0.6665999889373779,0.666700005531311,9092.0
2024-10-31 15:24:00+00:00,HDSN,7.65500020980835,7.65500020980835,7.664999961853027,7.65500020980835,7.659999847412109,2102.0
2024-10-31 15:24:00+00:00,HUDI,2.0399999618530273,2.0399999618530273,2.0399999618530273,2.0350000858306885,2.0350000858306885,1353.0
2024-10-31 15:24:00+00:00,KALU,75.19999694824219,75.19999694824219,75.19999694824219,74.9000015258789,74.9000015258789,3982.0
2024-10-31 15:24:00+00:00,LITM,0.375,0.375,0.375,0.375,0.375,2100.0
2024-10-31 15:24:00+00:00,MEOH,39.2400016784668,39.2400016784668,39.2400016784668,39.2400016784668,39.2400016784668,588.0
2024-10-31 15:24:00+00:00,MERC,6.579999923706055,6.579999923706055,6.590000152587891,6.579999923706055,6.590000152587891,2697.0
2024-10-31 15:24:00+00:00,METC,10.270000457763672,10.270000457763672,10.270000457763672,10.270000457763672,10.270000457763672,739.0
2024-10-31 15:24:00+00:00,PAAS,23.440000534057617,23.440000534057617,23.440000534057617,23.415000915527344,23.420000076293945,6881.0
2024-10-31 15:24:00+00:00,PPTA,10.1850004196167,10.1850004196167,10.1850004196167,10.1850004196167,10.1850004196167,125.0
2024-10-31 15:24:00+00:00,RGLD,147.0800018310547,147.0800018310547,147.0800018310547,147.0800018310547,147.0800018310547,691.0
2024-10-31 15:24:00+00:00,SSRM,6.15500020980835,6.15500020980835,6.15500020980835,6.15500020980835,6.15500020980835,341.0
2024-10-31 15:24:00+00:00,STLD,131.83999633789062,131.83999633789062,131.83999633789062,131.7899932861328,131.802001953125,3083.0
2024-10-31 15:24:00+00:00,TMC,0.9884999990463257,0.9884999990463257,0.9884999990463257,0.9884999990463257,0.9884999990463257,3708.0
2024-10-31 15:24:00+00:00,UFPI,122.96499633789062,122.96499633789062,122.96499633789062,122.96499633789062,122.96499633789062,577.0
2024-10-31 15:25:00+00:00,ALTO,1.7899999618530273,1.7899999618530273,1.7899999618530273,1.7899999618530273,1.7899999618530273,337.0
2024-10-31 15:25:00+00:00,BCPC,168.93499755859375,168.93499755859375,168.93499755859375,168.6999969482422,168.6999969482422,2505.0
2024-10-31 15:25:00+00:00,CENX,17.790000915527344,17.790000915527344,17.790000915527344,17.780000686645508,17.780000686645508,1522.0
2024-10-31 15:25:00+00:00,CNEY,0.6600000262260437,0.6600000262260437,0.6700000166893005,0.6498000025749207,0.6498000025749207,323665.0
2024-10-31 15:25:00+00:00,CRKN,0.9440000057220459,0.9440000057220459,0.9440000057220459,0.9440000057220459,0.9440000057220459,200.0
2024-10-31 15:25:00+00:00,GEVO,2.365000009536743,2.365000009536743,2.369999885559082,2.365000009536743,2.369999885559082,3615.0
2024-10-31 15:25:00+00:00,GPRE,12.532899856567383,12.532899856567383,12.532899856567383,12.532899856567383,12.532899856567383,838.0
2024-10-31 15:25:00+00:00,GSM,4.195000171661377,4.195000171661377,4.199999809265137,4.195000171661377,4.199999809265137,994.0
2024-10-31 15:25:00+00:00,GURE,0.6899999976158142,0.6899999976158142,0.6899999976158142,0.6899999976158142,0.6899999976158142,3195.0
2024-10-31 15:25:00+00:00,HDSN,7.65500020980835,7.65500020980835,7.65500020980835,7.650000095367432,7.650000095367432,1947.0
2024-10-31 15:25:00+00:00,HWKN,108.19999694824219,108.19999694824219,108.19999694824219,108.19999694824219,108.19999694824219,1020.0
2024-10-31 15:25:00+00:00,HYMC,2.4649999141693115,2.4649999141693115,2.4649999141693115,2.4649999141693115,2.4649999141693115,300.0
2024-10-31 15:25:00+00:00,KALU,75.05000305175781,75.05000305175781,75.16999816894531,75.05000305175781,75.12999725341797,1688.0
2024-10-31 15:25:00+00:00,METC,10.244999885559082,10.244999885559082,10.274999618530273,10.244999885559082,10.274999618530273,3999.0
2024-10-31 15:25:00+00:00,PAAS,23.440000534057617,23.440000534057617,23.44499969482422,23.440000534057617,23.44499969482422,2269.0
2024-10-31 15:25:00+00:00,PPTA,10.189599990844727,10.189599990844727,10.189599990844727,10.189599990844727,10.189599990844727,216.0
2024-10-31 15:25:00+00:00,RETO,1.1200000047683716,1.1200000047683716,1.1299999952316284,1.1200000047683716,1.1299999952316284,301.0
2024-10-31 15:25:00+00:00,RGLD,147.08999633789062,147.08999633789062,147.08999633789062,147.02000427246094,147.02000427246094,526.0
2024-10-31 15:25:00+00:00,SSRM,6.150000095367432,6.150000095367432,6.15500020980835,6.150000095367432,6.15500020980835,1236.0
2024-10-31 15:25:00+00:00,STLD,131.72000122070312,131.72000122070312,131.72000122070312,131.72000122070312,131.72000122070312,1314.0
2024-10-31 15:25:00+00:00,TMC,0.9876999855041504,0.9876999855041504,0.9890000224113464,0.9876999855041504,0.9890000224113464,1167.0
2024-10-31 15:25:00+00:00,UFPI,122.94499969482422,122.94499969482422,122.94499969482422,122.94499969482422,122.94499969482422,923.0
2024-10-31 15:25:00+00:00,USLM,114.52999877929688,114.52999877929688,114.52999877929688,114.52999877929688,114.52999877929688,424.0
2024-10-31 15:25:00+00:00,ZEUS,36.099998474121094,36.099998474121094,36.150001525878906,36.05500030517578,36.05500030517578,6488.0
2024-10-31 15:26:00+00:00,AREC,1.0099999904632568,1.0099999904632568,1.0099999904632568,1.0099999904632568,1.0099999904632568,100.0
2024-10-31 15:26:00+00:00,ASTL,10.399999618530273,10.399999618530273,10.399999618530273,10.399999618530273,10.399999618530273,1649.0
2024-10-31 15:26:00+00:00,BCPC,168.83999633789062,168.83999633789062,168.83999633789062,168.83999633789062,168.83999633789062,590.0
2024-10-31 15:26:00+00:00,BIOX,6.715000152587891,6.715000152587891,6.739999771118164,6.715000152587891,6.739999771118164,7065.0
2024-10-31 15:26:00+00:00,CENX,17.790000915527344,17.790000915527344,17.790000915527344,17.780000686645508,17.780000686645508,1052.0
2024-10-31 15:26:00+00:00,CNEY,0.6600000262260437,0.6600000262260437,0.6621999740600586,0.6399999856948853,0.6498000025749207,104392.0
2024-10-31 15:26:00+00:00,CRKN,0.9440000057220459,0.9440000057220459,0.9440000057220459,0.939300000667572,0.939300000667572,200.0
2024-10-31 15:26:00+00:00,GEVO,2.365000009536743,2.365000009536743,2.369999885559082,2.365000009536743,2.365000009536743,13987.0
2024-10-31 15:26:00+00:00,GPRE,12.5,12.5,12.529999732971191,12.479999542236328,12.529999732971191,10292.0
2024-10-31 15:26:00+00:00,GSM,4.195000171661377,4.195000171661377,4.199999809265137,4.195000171661377,4.199999809265137,960.0
2024-10-31 15:26:00+00:00,HDSN,7.650000095367432,7.650000095367432,7.65500020980835,7.650000095367432,7.65500020980835,1304.0
2024-10-31 15:26:00+00:00,HWKN,108.62999725341797,108.62999725341797,108.62999725341797,108.08999633789062,108.08999633789062,2459.0
2024-10-31 15:26:00+00:00,HYMC,2.460099935531616,2.460099935531616,2.4700000286102295,2.4600000381469727,2.4653000831604004,3697.0
2024-10-31 15:26:00+00:00,MEOH,39.220001220703125,39.220001220703125,39.23500061035156,39.209999084472656,39.23500061035156,1421.0
2024-10-31 15:26:00+00:00,MERC,6.550000190734863,6.550000190734863,6.579999923706055,6.550000190734863,6.579999923706055,3192.0
2024-10-31 15:26:00+00:00,METC,10.25529956817627,10.25529956817627,10.260000228881836,10.25,10.25,643.0
2024-10-31 15:26:00+00:00,PAAS,23.405000686645508,23.405000686645508,23.43000030517578,23.405000686645508,23.43000030517578,5905.0
2024-10-31 15:26:00+00:00,PLL,13.109999656677246,13.109999656677246,13.109999656677246,13.109999656677246,13.109999656677246,210.0
2024-10-31 15:26:00+00:00,PPTA,10.199999809265137,10.199999809265137,10.199999809265137,10.199999809265137,10.199999809265137,849.0
2024-10-31 15:26:00+00:00,RGLD,147.0,147.0,147.00999450683594,147.0,147.00999450683594,879.0
2024-10-31 15:26:00+00:00,SGML,13.489999771118164,13.489999771118164,13.5,13.46500015258789,13.489999771118164,4633.0
2024-10-31 15:26:00+00:00,SSRM,6.1579999923706055,6.1579999923706055,6.1579999923706055,6.1579999923706055,6.1579999923706055,817.0
2024-10-31 15:26:00+00:00,STLD,131.72000122070312,131.72000122070312,131.72000122070312,131.72000122070312,131.72000122070312,892.0
2024-10-31 15:26:00+00:00,UFPI,122.94499969482422,122.94499969482422,122.94499969482422,122.86000061035156,122.86000061035156,1040.0
2024-10-31 15:27:00+00:00,ASTL,10.395000457763672,10.395000457763672,10.404999732971191,10.395000457763672,10.404999732971191,1993.0
2024-10-31 15:27:00+00:00,BCPC,168.72500610351562,168.72500610351562,168.72500610351562,168.6999969482422,168.6999969482422,984.0
2024-10-31 15:27:00+00:00,CENX,17.78499984741211,17.78499984741211,17.78499984741211,17.78499984741211,17.78499984741211,1092.0
2024-10-31 15:27:00+00:00,CNEY,0.6798999905586243,0.6798999905586243,0.699999988079071,0.6506999731063843,0.6601999998092651,323276.0
2024-10-31 15:27:00+00:00,GEVO,2.3550000190734863,2.3550000190734863,2.365000009536743,2.350100040435791,2.365000009536743,30069.0
2024-10-31 15:27:00+00:00,GPRE,12.494999885559082,12.494999885559082,12.494999885559082,12.494999885559082,12.494999885559082,795.0
2024-10-31 15:27:00+00:00,GSM,4.195000171661377,4.195000171661377,4.195000171661377,4.195000171661377,4.195000171661377,962.0
2024-10-31 15:27:00+00:00,HDSN,7.65500020980835,7.65500020980835,7.65500020980835,7.65500020980835,7.65500020980835,469.0
2024-10-31 15:27:00+00:00,HWKN,108.58999633789062,108.58999633789062,108.58999633789062,108.58999633789062,108.58999633789062,564.0
2024-10-31 15:27:00+00:00,LWLG,3.2049999237060547,3.2049999237060547,3.2049999237060547,3.2049999237060547,3.2049999237060547,330.0
2024-10-31 15:27:00+00:00,MEOH,39.19499969482422,39.19499969482422,39.19499969482422,39.189998626708984,39.189998626708984,988.0
2024-10-31 15:27:00+00:00,METC,10.255000114440918,10.255000114440918,10.255000114440918,10.254899978637695,10.254899978637695,713.0
2024-10-31 15:27:00+00:00,PAAS,23.415000915527344,23.415000915527344,23.420000076293945,23.40999984741211,23.40999984741211,3345.0
2024-10-31 15:27:00+00:00,PLL,13.0600004196167,13.0600004196167,13.09000015258789,13.0600004196167,13.09000015258789,1493.0
2024-10-31 15:27:00+00:00,PPTA,10.210000038146973,10.210000038146973,10.210000038146973,10.210000038146973,10.210000038146973,231.0
2024-10-31 15:27:00+00:00,RGLD,147.05999755859375,147.05999755859375,147.05999755859375,146.97000122070312,146.97000122070312,533.0
2024-10-31 15:27:00+00:00,SGML,13.569999694824219,13.569999694824219,13.569999694824219,13.489999771118164,13.489999771118164,3373.0
2024-10-31 15:27:00+00:00,SSRM,6.15500020980835,6.15500020980835,6.15500020980835,6.150000095367432,6.150000095367432,668.0
2024-10-31 15:27:00+00:00,STLD,131.58999633789062,131.58999633789062,131.64500427246094,131.58999633789062,131.63999938964844,981.0
2024-10-31 15:27:00+00:00,UFPI,122.94000244140625,122.94000244140625,122.94000244140625,122.94000244140625,122.94000244140625,1196.0
2024-10-31 15:27:00+00:00,USAP,43.94139862060547,43.94139862060547,43.94139862060547,43.94139862060547,43.94139862060547,451.0
2024-10-31 15:28:00+00:00,AREC,1.0098999738693237,1.0098999738693237,1.0098999738693237,1.0098999738693237,1.0098999738693237,1900.0
2024-10-31 15:28:00+00:00,ASTL,10.395000457763672,10.395000457763672,10.395000457763672,10.395000457763672,10.395000457763672,602.0
2024-10-31 15:28:00+00:00,CENX,17.770000457763672,17.770000457763672,17.780000686645508,17.770000457763672,17.780000686645508,3838.0
2024-10-31 15:28:00+00:00,CNEY,0.6692000031471252,0.6692000031471252,0.6899999976158142,0.6651999950408936,0.6800000071525574,175835.0
2024-10-31 15:28:00+00:00,CRKN,0.9440000057220459,0.9440000057220459,0.9440000057220459,0.9440000057220459,0.9440000057220459,300.0
2024-10-31 15:28:00+00:00,FEAM,0.4699999988079071,0.4699999988079071,0.4699999988079071,0.4699999988079071,0.4699999988079071,348.0
2024-10-31 15:28:00+00:00,GEVO,2.3550000190734863,2.3550000190734863,2.3575000762939453,2.3550000190734863,2.3550000190734863,13135.0
2024-10-31 15:28:00+00:00,GSM,4.195000171661377,4.195000171661377,4.195000171661377,4.195000171661377,4.195000171661377,341.0
2024-10-31 15:28:00+00:00,HDSN,7.659999847412109,7.659999847412109,7.659999847412109,7.649799823760986,7.650000095367432,10754.0
2024-10-31 15:28:00+00:00,HWKN,108.56500244140625,108.56500244140625,108.56500244140625,108.14009857177734,108.14009857177734,673.0
2024-10-31 15:28:00+00:00,IOSP,108.77999877929688,108.77999877929688,108.80000305175781,108.77999877929688,108.80000305175781,437.0
2024-10-31 15:28:00+00:00,LWLG,3.200000047683716,3.200000047683716,3.200000047683716,3.200000047683716,3.200000047683716,1024.0
2024-10-31 15:28:00+00:00,METC,10.25,10.25,10.25,10.25,10.25,841.0
2024-10-31 15:28:00+00:00,ORGN,1.3949999809265137,1.3949999809265137,1.3949999809265137,1.3949999809265137,1.3949999809265137,1392.0
2024-10-31 15:28:00+00:00,PAAS,23.399999618530273,23.399999618530273,23.40999984741211,23.399999618530273,23.40999984741211,1459.0
2024-10-31 15:28:00+00:00,PPTA,10.210000038146973,10.210000038146973,10.210000038146973,10.210000038146973,10.210000038146973,223.0
2024-10-31 15:28:00+00:00,RETO,1.1105999946594238,1.1105999946594238,1.1105999946594238,1.110200047492981,1.110200047492981,981.0
2024-10-31 15:28:00+00:00,RGLD,146.85000610351562,146.85000610351562,146.92999267578125,146.85000610351562,146.92999267578125,665.0
2024-10-31 15:28:00+00:00,SGML,13.604999542236328,13.604999542236328,13.654999732971191,13.555000305175781,13.555000305175781,43521.0
2024-10-31 15:28:00+00:00,SSRM,6.150000095367432,6.150000095367432,6.15500020980835,6.150000095367432,6.15500020980835,1899.0
2024-10-31 15:28:00+00:00,STLD,131.5449981689453,131.5449981689453,131.5449981689453,131.49000549316406,131.49000549316406,977.0
2024-10-31 15:28:00+00:00,USAP,43.900001525878906,43.900001525878906,43.96500015258789,43.900001525878906,43.939998626708984,5312.0
2024-10-31 15:29:00+00:00,ALTO,1.7949999570846558,1.7949999570846558,1.7949999570846558,1.7949999570846558,1.7949999570846558,327.0
2024-10-31 15:29:00+00:00,AREC,1.0099999904632568,1.0099999904632568,1.0099999904632568,1.0099999904632568,1.0099999904632568,0.0
2024-10-31 15:29:00+00:00,ASTL,10.395000457763672,10.395000457763672,10.399999618530273,10.395000457763672,10.395000457763672,1467.0
2024-10-31 15:29:00+00:00,CENX,17.764999389648438,17.764999389648438,17.764999389648438,17.764999389648438,17.764999389648438,298.0
2024-10-31 15:29:00+00:00,CNEY,0.6607000231742859,0.6607000231742859,0.6787999868392944,0.6586999893188477,0.6710000038146973,113823.0
2024-10-31 15:29:00+00:00,CRKN,0.9399999976158142,0.9399999976158142,0.9399999976158142,0.9373000264167786,0.9373000264167786,1967.0
2024-10-31 15:29:00+00:00,GEVO,2.3450000286102295,2.3450000286102295,2.3550000190734863,2.3450000286102295,2.3499999046325684,46285.0
2024-10-31 15:29:00+00:00,GPRE,12.494999885559082,12.494999885559082,12.494999885559082,12.494999885559082,12.494999885559082,1522.0
2024-10-31 15:29:00+00:00,GSM,4.199999809265137,4.199999809265137,4.199999809265137,4.195000171661377,4.195000171661377,2178.0
2024-10-31 15:29:00+00:00,GURE,0.6547999978065491,0.6547999978065491,0.6547999978065491,0.6547999978065491,0.6547999978065491,0.0
2024-10-31 15:29:00+00:00,MERC,6.550000190734863,6.550000190734863,6.554999828338623,6.539999961853027,6.554999828338623,2506.0
2024-10-31 15:29:00+00:00,METC,10.239999771118164,10.239999771118164,10.239999771118164,10.229999542236328,10.239999771118164,2916.0
2024-10-31 15:29:00+00:00,PAAS,23.395000457763672,23.395000457763672,23.40999984741211,23.395000457763672,23.405000686645508,7434.0
2024-10-31 15:29:00+00:00,PLL,13.074999809265137,13.074999809265137,13.074999809265137,13.074999809265137,13.074999809265137,564.0
2024-10-31 15:29:00+00:00,PPTA,10.210000038146973,10.210000038146973,10.210000038146973,10.210000038146973,10.210000038146973,506.0
2024-10-31 15:29:00+00:00,RGLD,146.8699951171875,146.8699951171875,146.8699951171875,146.8699951171875,146.8699951171875,1174.0
2024-10-31 15:29:00+00:00,SGML,13.585000038146973,13.585000038146973,13.604999542236328,13.585000038146973,13.604999542236328,594.0
2024-10-31 15:29:00+00:00,SNES,2.779900074005127,2.779900074005127,2.7799999713897705,2.779900074005127,2.7799999713897705,1046.0
2024-10-31 15:29:00+00:00,SSRM,6.150000095367432,6.150000095367432,6.15500020980835,6.150000095367432,6.15500020980835,3756.0
2024-10-31 15:29:00+00:00,STLD,131.5500030517578,131.5500030517578,131.5500030517578,131.49000549316406,131.49000549316406,969.0
2024-10-31 15:29:00+00:00,USAP,43.900001525878906,43.900001525878906,43.90060043334961,43.900001525878906,43.90060043334961,1117.0
2024-10-31 15:29:00+00:00,USLM,114.71990203857422,114.71990203857422,114.71990203857422,114.71990203857422,114.71990203857422,1061.0
2024-10-31 15:30:00+00:00,ALTO,1.7949999570846558,1.7949999570846558,1.7949999570846558,1.7949999570846558,1.7949999570846558,136.0
2024-10-31 15:30:00+00:00,ASTL,10.395000457763672,10.395000457763672,10.399999618530273,10.369999885559082,10.399999618530273,3619.0
2024-10-31 15:30:00+00:00,BCPC,168.47000122070312,168.47000122070312,168.47000122070312,168.4499969482422,168.4499969482422,1963.0
2024-10-31 15:30:00+00:00,BIOX,6.699999809265137,6.699999809265137,6.729899883270264,6.699999809265137,6.729899883270264,2415.0
2024-10-31 15:30:00+00:00,CENX,17.75,17.75,17.770000457763672,17.75,17.770000457763672,2992.0
2024-10-31 15:30:00+00:00,CNEY,0.6299999952316284,0.6299999952316284,0.6694999933242798,0.6200000047683716,0.6694999933242798,186575.0
2024-10-31 15:30:00+00:00,CRKN,0.9438999891281128,0.9438999891281128,0.9438999891281128,0.9438999891281128,0.9438999891281128,200.0
2024-10-31 15:30:00+00:00,GEVO,2.3450000286102295,2.3450000286102295,2.3494999408721924,2.3399999141693115,2.3494999408721924,1869.0
2024-10-31 15:30:00+00:00,GPRE,12.420000076293945,12.420000076293945,12.515000343322754,12.420000076293945,12.510000228881836,17605.0
2024-10-31 15:30:00+00:00,HDSN,7.658999919891357,7.658999919891357,7.658999919891357,7.658999919891357,7.658999919891357,710.0
2024-10-31 15:30:00+00:00,HWKN,109.05999755859375,109.05999755859375,109.05999755859375,108.9800033569336,108.9800033569336,857.0
2024-10-31 15:30:00+00:00,IONR,7.849999904632568,7.849999904632568,7.909999847412109,7.849999904632568,7.909999847412109,872.0
2024-10-31 15:30:00+00:00,KALU,75.04499816894531,75.04499816894531,75.04499816894531,75.04499816894531,75.04499816894531,151.0
2024-10-31 15:30:00+00:00,LWLG,3.200000047683716,3.200000047683716,3.200000047683716,3.200000047683716,3.200000047683716,233.0
2024-10-31 15:30:00+00:00,MEOH,39.18000030517578,39.18000030517578,39.18000030517578,39.18000030517578,39.18000030517578,713.0
2024-10-31 15:30:00+00:00,METC,10.225000381469727,10.225000381469727,10.225000381469727,10.225000381469727,10.225000381469727,1554.0
2024-10-31 15:30:00+00:00,PAAS,23.3700008392334,23.3700008392334,23.399999618530273,23.350000381469727,23.399999618530273,10053.0
2024-10-31 15:30:00+00:00,PPTA,10.210000038146973,10.210000038146973,10.210000038146973,10.199999809265137,10.199999809265137,762.0
2024-10-31 15:30:00+00:00,RGLD,146.6699981689453,146.6699981689453,146.85000610351562,146.6699981689453,146.85000610351562,2032.0
2024-10-31 15:30:00+00:00,SSRM,6.150000095367432,6.150000095367432,6.15500020980835,6.150000095367432,6.150000095367432,4474.0
2024-10-31 15:30:00+00:00,STLD,131.3699951171875,131.3699951171875,131.4600067138672,131.3699951171875,131.4600067138672,2514.0
2024-10-31 15:30:00+00:00,TMC,0.9900000095367432,0.9900000095367432,0.9900000095367432,0.989300012588501,0.989300012588501,448.0
2024-10-31 15:30:00+00:00,UFPI,122.97000122070312,122.97000122070312,122.97000122070312,122.97000122070312,122.97000122070312,302.0
2024-10-31 15:31:00+00:00,ALTO,1.7899999618530273,1.7899999618530273,1.7899999618530273,1.7899999618530273,1.7899999618530273,158.0
2024-10-31 15:31:00+00:00,AREC,1.0099999904632568,1.0099999904632568,1.0099999904632568,1.0099999904632568,1.0099999904632568,100.0
2024-10-31 15:31:00+00:00,ASTL,10.420000076293945,10.420000076293945,10.420000076293945,10.399999618530273,10.399999618530273,2974.0
2024-10-31 15:31:00+00:00,CENX,17.739999771118164,17.739999771118164,17.739999771118164,17.729999542236328,17.739999771118164,1377.0
2024-10-31 15:31:00+00:00,CNEY,0.6261000037193298,0.6261000037193298,0.6399999856948853,0.6200000047683716,0.625,218558.0
2024-10-31 15:31:00+00:00,CRKN,0.9438999891281128,0.9438999891281128,0.9438999891281128,0.9438999891281128,0.9438999891281128,100.0
2024-10-31 15:31:00+00:00,GEVO,2.3550000190734863,2.3550000190734863,2.359999895095825,2.3450000286102295,2.3450000286102295,14515.0
2024-10-31 15:31:00+00:00,GPRE,12.444999694824219,12.444999694824219,12.460000038146973,12.359999656677246,12.399999618530273,32992.0
2024-10-31 15:31:00+00:00,GSM,4.199999809265137,4.199999809265137,4.199999809265137,4.199999809265137,4.199999809265137,1557.0
2024-10-31 15:31:00+00:00,GURE,0.6908000111579895,0.6908000111579895,0.6908000111579895,0.6908000111579895,0.6908000111579895,372.0
2024-10-31 15:31:00+00:00,HWKN,109.07499694824219,109.07499694824219,109.07499694824219,109.07499694824219,109.07499694824219,359.0
2024-10-31 15:31:00+00:00,LWLG,3.190000057220459,3.190000057220459,3.190000057220459,3.190000057220459,3.190000057220459,338.0
2024-10-31 15:31:00+00:00,ORGN,1.3904999494552612,1.3904999494552612,1.3904999494552612,1.3904999494552612,1.3904999494552612,674.0
2024-10-31 15:31:00+00:00,PAAS,23.375,23.375,23.385000228881836,23.360000610351562,23.360000610351562,11962.0
2024-10-31 15:31:00+00:00,PLL,13.079999923706055,13.079999923706055,13.079999923706055,13.079999923706055,13.079999923706055,612.0
2024-10-31 15:31:00+00:00,PPTA,10.180000305175781,10.180000305175781,10.199999809265137,10.180000305175781,10.199999809265137,1551.0
2024-10-31 15:31:00+00:00,RGLD,146.67999267578125,146.67999267578125,146.67999267578125,146.67999267578125,146.67999267578125,136.0
2024-10-31 15:31:00+00:00,SGML,13.579999923706055,13.579999923706055,13.604999542236328,13.579999923706055,13.604999542236328,644.0
2024-10-31 15:31:00+00:00,SSRM,6.150000095367432,6.150000095367432,6.15500020980835,6.150000095367432,6.150000095367432,8823.0
2024-10-31 15:31:00+00:00,STLD,131.3800048828125,131.3800048828125,131.3800048828125,131.35000610351562,131.36000061035156,928.0
2024-10-31 15:32:00+00:00,ALTO,1.7899999618530273,1.7899999618530273,1.7899999618530273,1.7899999618530273,1.7899999618530273,147.0
2024-10-31 15:32:00+00:00,BIOX,6.704999923706055,6.704999923706055,6.704999923706055,6.704999923706055,6.704999923706055,2269.0
2024-10-31 15:32:00+00:00,CENX,17.735000610351562,17.735000610351562,17.735000610351562,17.735000610351562,17.735000610351562,389.0
2024-10-31 15:32:00+00:00,CNEY,0.6266000270843506,0.6266000270843506,0.6389999985694885,0.6200000047683716,0.6237000226974487,86916.0
2024-10-31 15:32:00+00:00,CRKN,0.9438999891281128,0.9438999891281128,0.9438999891281128,0.9438999891281128,0.9438999891281128,100.0
2024-10-31 15:32:00+00:00,FEAM,0.4699999988079071,0.4699999988079071,0.4699999988079071,0.4699999988079071,0.4699999988079071,1575.0
2024-10-31 15:32:00+00:00,GEVO,2.3550000190734863,2.3550000190734863,2.3550000190734863,2.3550000190734863,2.3550000190734863,2410.0
2024-10-31 15:32:00+00:00,GPRE,12.4399995803833,12.4399995803833,12.449999809265137,12.4399995803833,12.449999809265137,3991.0
2024-10-31 15:32:00+00:00,HWKN,108.87000274658203,108.87000274658203,109.02999877929688,108.87000274658203,108.91999816894531,2210.0
2024-10-31 15:32:00+00:00,KALU,75.02999877929688,75.02999877929688,75.02999877929688,75.02999877929688,75.02999877929688,656.0
2024-10-31 15:32:00+00:00,LITM,0.375,0.375,0.375,0.375,0.375,2357.0
2024-10-31 15:32:00+00:00,LWLG,3.194999933242798,3.194999933242798,3.194999933242798,3.190000057220459,3.190000057220459,1591.0
2024-10-31 15:32:00+00:00,MEOH,39.16999816894531,39.16999816894531,39.16999816894531,39.16999816894531,39.16999816894531,169.0
2024-10-31 15:32:00+00:00,PAAS,23.360000610351562,23.360000610351562,23.375,23.360000610351562,23.375,2712.0
2024-10-31 15:32:00+00:00,PPTA,10.180000305175781,10.180000305175781,10.1899995803833,10.180000305175781,10.1899995803833,1842.0
2024-10-31 15:32:00+00:00,RETO,1.1200000047683716,1.1200000047683716,1.1200000047683716,1.1200000047683716,1.1200000047683716,0.0
2024-10-31 15:32:00+00:00,RGLD,146.6699981689453,146.6699981689453,146.6699981689453,146.6699981689453,146.6699981689453,441.0
2024-10-31 15:32:00+00:00,SGML,13.572600364685059,13.572600364685059,13.579999923706055,13.569999694824219,13.579999923706055,1850.0
2024-10-31 15:32:00+00:00,SSRM,6.150000095367432,6.150000095367432,6.15500020980835,6.150000095367432,6.15500020980835,820.0
2024-10-31 15:32:00+00:00,STLD,131.30999755859375,131.30999755859375,131.42999267578125,131.30999755859375,131.39999389648438,4369.0
2024-10-31 15:32:00+00:00,TMC,0.9898999929428101,0.9898999929428101,0.9898999929428101,0.9898999929428101,0.9898999929428101,11483.0
2024-10-31 15:32:00+00:00,UFPI,122.97000122070312,122.97000122070312,122.97000122070312,122.97000122070312,122.97000122070312,1940.0
2024-10-31 15:32:00+00:00,USAP,43.90999984741211,43.90999984741211,43.90999984741211,43.900001525878906,43.900001525878906,909.0
2024-10-31 15:32:00+00:00,WDFC,263.1300048828125,263.1300048828125,263.1300048828125,263.1300048828125,263.1300048828125,447.0
2024-10-31 15:33:00+00:00,ALTO,1.7899999618530273,1.7899999618530273,1.7899999618530273,1.7899999618530273,1.7899999618530273,134.0
2024-10-31 15:33:00+00:00,AREC,1.0033999681472778,1.0033999681472778,1.0099999904632568,1.0033999681472778,1.0099999904632568,3456.0
2024-10-31 15:33:00+00:00,ASTL,10.414999961853027,10.414999961853027,10.420000076293945,10.414999961853027,10.420000076293945,1447.0
2024-10-31 15:33:00+00:00,BIOX,6.704999923706055,6.704999923706055,6.704999923706055,6.704999923706055,6.704999923706055,451.0
2024-10-31 15:33:00+00:00,CENX,17.735000610351562,17.735000610351562,17.735000610351562,17.729999542236328,17.729999542236328,893.0
2024-10-31 15:33:00+00:00,CNEY,0.6299999952316284,0.6299999952316284,0.6299999952316284,0.6227999925613403,0.6227999925613403,69080.0
2024-10-31 15:33:00+00:00,CRKN,0.9438999891281128,0.9438999891281128,0.9438999891281128,0.9438999891281128,0.9438999891281128,100.0
2024-10-31 15:33:00+00:00,FEAM,0.4699999988079071,0.4699999988079071,0.4699999988079071,0.4699999988079071,0.4699999988079071,353.0
2024-10-31 15:33:00+00:00,GEVO,2.3550000190734863,2.3550000190734863,2.357800006866455,2.3499999046325684,2.357800006866455,3440.0
2024-10-31 15:33:00+00:00,GPRE,12.420000076293945,12.420000076293945,12.460000038146973,12.420000076293945,12.449999809265137,5875.0
2024-10-31 15:33:00+00:00,HDSN,7.670000076293945,7.670000076293945,7.670000076293945,7.659999847412109,7.659999847412109,1575.0
2024-10-31 15:33:00+00:00,LITM,0.38179999589920044,0.38179999589920044,0.38179999589920044,0.38179999589920044,0.38179999589920044,0.0
2024-10-31 15:33:00+00:00,LWLG,3.194999933242798,3.194999933242798,3.194999933242798,3.194999933242798,3.194999933242798,571.0
2024-10-31 15:33:00+00:00,MEOH,39.16999816894531,39.16999816894531,39.16999816894531,39.15999984741211,39.15999984741211,1312.0
2024-10-31 15:33:00+00:00,METC,10.225000381469727,10.225000381469727,10.229999542236328,10.225000381469727,10.229999542236328,952.0
2024-10-31 15:33:00+00:00,PAAS,23.354999542236328,23.354999542236328,23.3700008392334,23.354999542236328,23.360000610351562,5171.0
2024-10-31 15:33:00+00:00,PLL,13.085000038146973,13.085000038146973,13.085000038146973,13.085000038146973,13.085000038146973,717.0
2024-10-31 15:33:00+00:00,RGLD,146.66529846191406,146.66529846191406,146.66529846191406,146.66529846191406,146.66529846191406,749.0
2024-10-31 15:33:00+00:00,SGML,13.5600004196167,13.5600004196167,13.585000038146973,13.5600004196167,13.585000038146973,2160.0
2024-10-31 15:33:00+00:00,SSRM,6.139999866485596,6.139999866485596,6.150000095367432,6.139999866485596,6.150000095367432,6257.0
2024-10-31 15:33:00+00:00,STLD,131.3249969482422,131.3249969482422,131.3249969482422,131.27000427246094,131.27000427246094,750.0
2024-10-31 15:34:00+00:00,AREC,1.0099999904632568,1.0099999904632568,1.0099999904632568,0.9954000115394592,0.9954000115394592,0.0
2024-10-31 15:34:00+00:00,ASTL,10.414999961853027,10.414999961853027,10.420000076293945,10.414999961853027,10.420000076293945,2072.0
2024-10-31 15:34:00+00:00,CENX,17.735000610351562,17.735000610351562,17.738000869750977,17.735000610351562,17.738000869750977,1298.0
2024-10-31 15:34:00+00:00,CNEY,0.6029999852180481,0.6029999852180481,0.6299999952316284,0.5855000019073486,0.6261000037193298,124019.0
2024-10-31 15:34:00+00:00,CRKN,0.9438999891281128,0.9438999891281128,0.9438999891281128,0.9438999891281128,0.9438999891281128,28.0
2024-10-31 15:34:00+00:00,GEVO,2.3550000190734863,2.3550000190734863,2.3550000190734863,2.3550000190734863,2.3550000190734863,2101.0
2024-10-31 15:34:00+00:00,GPRE,12.460000038146973,12.460000038146973,12.460000038146973,12.4350004196167,12.4350004196167,2379.0
2024-10-31 15:34:00+00:00,GSM,4.204999923706055,4.204999923706055,4.204999923706055,4.199999809265137,4.199999809265137,22281.0
2024-10-31 15:34:00+00:00,HDSN,7.679999828338623,7.679999828338623,7.684999942779541,7.679999828338623,7.684999942779541,1512.0
2024-10-31 15:34:00+00:00,HWKN,108.4000015258789,108.4000015258789,108.62000274658203,108.30000305175781,108.62000274658203,2670.0
2024-10-31 15:34:00+00:00,KALU,75.0250015258789,75.0250015258789,75.0250015258789,75.0250015258789,75.0250015258789,430.0
2024-10-31 15:34:00+00:00,LGO,2.3499999046325684,2.3499999046325684,2.359999895095825,2.3499999046325684,2.359999895095825,238.0
2024-10-31 15:34:00+00:00,MERC,6.539999961853027,6.539999961853027,6.539999961853027,6.539999961853027,6.539999961853027,550.0
2024-10-31 15:34:00+00:00,METC,10.229999542236328,10.229999542236328,10.229999542236328,10.229999542236328,10.229999542236328,768.0
2024-10-31 15:34:00+00:00,ORGN,1.3949999809265137,1.3949999809265137,1.3949999809265137,1.3949999809265137,1.3949999809265137,977.0
2024-10-31 15:34:00+00:00,PAAS,23.350000381469727,23.350000381469727,23.350000381469727,23.342899322509766,23.350000381469727,7641.0
2024-10-31 15:34:00+00:00,PPTA,10.180000305175781,10.180000305175781,10.180000305175781,10.180000305175781,10.180000305175781,622.0
2024-10-31 15:34:00+00:00,SGML,13.5600004196167,13.5600004196167,13.5600004196167,13.550000190734863,13.555000305175781,2970.0
2024-10-31 15:34:00+00:00,SSRM,6.144999980926514,6.144999980926514,6.144999980926514,6.139999866485596,6.139999866485596,1960.0
2024-10-31 15:34:00+00:00,STLD,131.28500366210938,131.28500366210938,131.33999633789062,131.27499389648438,131.33999633789062,2308.0
2024-10-31 15:35:00+00:00,ALTO,1.798699975013733,1.798699975013733,1.798699975013733,1.798699975013733,1.798699975013733,371.0
2024-10-31 15:35:00+00:00,ASTL,10.414999961853027,10.414999961853027,10.420000076293945,10.399999618530273,10.420000076293945,3706.0
2024-10-31 15:35:00+00:00,CENX,17.766000747680664,17.766000747680664,17.76799964904785,17.735000610351562,17.735000610351562,2216.0
2024-10-31 15:35:00+00:00,CNEY,0.5827000141143799,0.5827000141143799,0.602400004863739,0.5755000114440918,0.6014999747276306,167510.0
2024-10-31 15:35:00+00:00,GEVO,2.350100040435791,2.350100040435791,2.359999895095825,2.3499999046325684,2.3550000190734863,9930.0
2024-10-31 15:35:00+00:00,GPRE,12.4399995803833,12.4399995803833,12.460000038146973,12.4399995803833,12.460000038146973,3811.0
2024-10-31 15:35:00+00:00,GSM,4.204999923706055,4.204999923706055,4.204999923706055,4.204999923706055,4.204999923706055,1233.0
2024-10-31 15:35:00+00:00,HDSN,7.679999828338623,7.679999828338623,7.679999828338623,7.679999828338623,7.679999828338623,158.0
2024-10-31 15:35:00+00:00,IOSP,108.80000305175781,108.80000305175781,108.80000305175781,108.80000305175781,108.80000305175781,820.0
2024-10-31 15:35:00+00:00,KALU,74.94100189208984,74.94100189208984,74.94100189208984,74.94100189208984,74.94100189208984,305.0
2024-10-31 15:35:00+00:00,LGO,2.3499999046325684,2.3499999046325684,2.3499999046325684,2.3499999046325684,2.3499999046325684,601.0
2024-10-31 15:35:00+00:00,LWLG,3.194999933242798,3.194999933242798,3.194999933242798,3.194999933242798,3.194999933242798,562.0
2024-10-31 15:35:00+00:00,MEOH,39.16999816894531,39.16999816894531,39.16999816894531,39.16999816894531,39.16999816894531,1035.0
2024-10-31 15:35:00+00:00,METC,10.239999771118164,10.239999771118164,10.239999771118164,10.239999771118164,10.239999771118164,611.0
2024-10-31 15:35:00+00:00,PAAS,23.350000381469727,23.350000381469727,23.360000610351562,23.34000015258789,23.350000381469727,15053.0
2024-10-31 15:35:00+00:00,PPTA,10.1899995803833,10.1899995803833,10.1899995803833,10.1899995803833,10.1899995803833,290.0
2024-10-31 15:35:00+00:00,SGML,13.5600004196167,13.5600004196167,13.5600004196167,13.5600004196167,13.5600004196167,500.0
2024-10-31 15:35:00+00:00,SSRM,6.130000114440918,6.130000114440918,6.139999866485596,6.130000114440918,6.139999866485596,6408.0
2024-10-31 15:35:00+00:00,STLD,131.3300018310547,131.3300018310547,131.3300018310547,131.2949981689453,131.2949981689453,5466.0
2024-10-31 15:35:00+00:00,UFPI,122.81999969482422,122.81999969482422,122.875,122.81999969482422,122.87000274658203,1239.0
2024-10-31 15:35:00+00:00,USAP,43.91999816894531,43.91999816894531,43.91999816894531,43.90999984741211,43.90999984741211,938.0
2024-10-31 15:36:00+00:00,ALTO,1.7899999618530273,1.7899999618530273,1.7899999618530273,1.7899999618530273,1.7899999618530273,127.0
2024-10-31 15:36:00+00:00,AREC,1.0099999904632568,1.0099999904632568,1.0099999904632568,1.0099999904632568,1.0099999904632568,6.0
2024-10-31 15:36:00+00:00,ASTL,10.40999984741211,10.40999984741211,10.414999961853027,10.399999618530273,10.414999961853027,7828.0
2024-10-31 15:36:00+00:00,BIOX,6.704999923706055,6.704999923706055,6.704999923706055,6.704999923706055,6.704999923706055,300.0
2024-10-31 15:36:00+00:00,CENX,17.760000228881836,17.760000228881836,17.760000228881836,17.760000228881836,17.760000228881836,703.0
2024-10-31 15:36:00+00:00,CNEY,0.5776000022888184,0.5776000022888184,0.5899999737739563,0.5770000219345093,0.5834000110626221,66526.0
2024-10-31 15:36:00+00:00,CRKN,0.9347000122070312,0.9347000122070312,0.9438999891281128,0.9347000122070312,0.9347000122070312,5088.0
2024-10-31 15:36:00+00:00,GEVO,2.3450000286102295,2.3450000286102295,2.3499999046325684,2.3450000286102295,2.3499999046325684,35145.0
2024-10-31 15:36:00+00:00,GPRE,12.390000343322754,12.390000343322754,12.4399995803833,12.380000114440918,12.4399995803833,47174.0
2024-10-31 15:36:00+00:00,GSM,4.204999923706055,4.204999923706055,4.204999923706055,4.204999923706055,4.204999923706055,3504.0
2024-10-31 15:36:00+00:00,HDSN,7.679999828338623,7.679999828338623,7.679999828338623,7.675000190734863,7.675000190734863,758.0
2024-10-31 15:36:00+00:00,HWKN,107.98999786376953,107.98999786376953,107.98999786376953,107.93000030517578,107.93000030517578,1316.0
2024-10-31 15:36:00+00:00,MEOH,39.16999816894531,39.16999816894531,39.16999816894531,39.16999816894531,39.16999816894531,308.0
2024-10-31 15:36:00+00:00,MERC,6.53000020980835,6.53000020980835,6.539999961853027,6.53000020980835,6.539999961853027,1775.0
2024-10-31 15:36:00+00:00,METC,10.234999656677246,10.234999656677246,10.239999771118164,10.229999542236328,10.239999771118164,3443.0
2024-10-31 15:36:00+00:00,ORGN,1.3949999809265137,1.3949999809265137,1.3949999809265137,1.3949999809265137,1.3949999809265137,2120.0
2024-10-31 15:36:00+00:00,PAAS,23.340099334716797,23.340099334716797,23.344999313354492,23.334999084472656,23.344999313354492,9690.0
2024-10-31 15:36:00+00:00,PLL,13.09000015258789,13.09000015258789,13.09000015258789,13.085000038146973,13.085000038146973,519.0
2024-10-31 15:36:00+00:00,PPTA,10.1899995803833,10.1899995803833,10.1899995803833,10.180000305175781,10.180000305175781,254.0
2024-10-31 15:36:00+00:00,RGLD,146.68499755859375,146.68499755859375,146.68499755859375,146.68499755859375,146.68499755859375,878.0
2024-10-31 15:36:00+00:00,SGML,13.555000305175781,13.555000305175781,13.5600004196167,13.555000305175781,13.555000305175781,773.0
2024-10-31 15:36:00+00:00,STLD,131.2100067138672,131.2100067138672,131.24000549316406,131.16000366210938,131.24000549316406,820.0
2024-10-31 15:36:00+00:00,UFPI,122.7300033569336,122.7300033569336,122.7300033569336,122.7300033569336,122.7300033569336,770.0
2024-10-31 15:36:00+00:00,WDFC,263.239990234375,263.239990234375,263.239990234375,263.239990234375,263.239990234375,766.0
2024-10-31 15:37:00+00:00,ALTO,1.7920000553131104,1.7920000553131104,1.798699975013733,1.7920000553131104,1.7949999570846558,605.0
2024-10-31 15:37:00+00:00,AREC,1.0099999904632568,1.0099999904632568,1.0099999904632568,1.0099999904632568,1.0099999904632568,2200.0
2024-10-31 15:37:00+00:00,ASTL,10.420000076293945,10.420000076293945,10.420000076293945,10.40999984741211,10.40999984741211,2573.0
2024-10-31 15:37:00+00:00,BIOX,6.760000228881836,6.760000228881836,6.760000228881836,6.710000038146973,6.710000038146973,4109.0
2024-10-31 15:37:00+00:00,CENX,17.7450008392334,17.7450008392334,17.76799964904785,17.7450008392334,17.760000228881836,2114.0
2024-10-31 15:37:00+00:00,CNEY,0.5699999928474426,0.5699999928474426,0.5776000022888184,0.5600000023841858,0.5776000022888184,129852.0
2024-10-31 15:37:00+00:00,CRKN,0.9440000057220459,0.9440000057220459,0.9440000057220459,0.9440000057220459,0.9440000057220459,200.0
2024-10-31 15:37:00+00:00,GEVO,2.3487000465393066,2.3487000465393066,2.3487000465393066,2.3417999744415283,2.3450000286102295,6629.0
2024-10-31 15:37:00+00:00,GPRE,12.399999618530273,12.399999618530273,12.399999618530273,12.380000114440918,12.399999618530273,17647.0
2024-10-31 15:37:00+00:00,GSM,4.204999923706055,4.204999923706055,4.204999923706055,4.199999809265137,4.204999923706055,1563.0
2024-10-31 15:37:00+00:00,GURE,0.6754000186920166,0.6754000186920166,0.6754000186920166,0.6754000186920166,0.6754000186920166,200.0
2024-10-31 15:37:00+00:00,HDSN,7.679999828338623,7.679999828338623,7.684999942779541,7.679999828338623,7.684999942779541,1530.0
2024-10-31 15:37:00+00:00,IONR,7.900000095367432,7.900000095367432,7.900000095367432,7.900000095367432,7.900000095367432,113.0
2024-10-31 15:37:00+00:00,LGO,2.380000114440918,2.380000114440918,2.380000114440918,2.3598999977111816,2.3598999977111816,3738.0
2024-10-31 15:37:00+00:00,LITM,0.375,0.375,0.3785000145435333,0.375,0.375,803.0
2024-10-31 15:37:00+00:00,MEOH,39.125,39.125,39.150001525878906,39.125,39.150001525878906,1458.0
2024-10-31 15:37:00+00:00,METC,10.234999656677246,10.234999656677246,10.234999656677246,10.234999656677246,10.234999656677246,710.0
2024-10-31 15:37:00+00:00,PAAS,23.344999313354492,23.344999313354492,23.350000381469727,23.329999923706055,23.344999313354492,6609.0
2024-10-31 15:37:00+00:00,PLL,13.085000038146973,13.085000038146973,13.085000038146973,13.085000038146973,13.085000038146973,2386.0
2024-10-31 15:37:00+00:00,PPTA,10.1899995803833,10.1899995803833,10.1899995803833,10.180000305175781,10.1899995803833,4041.0
2024-10-31 15:37:00+00:00,RETO,1.1200000047683716,1.1200000047683716,1.1200000047683716,1.1200000047683716,1.1200000047683716,1284.0
2024-10-31 15:37:00+00:00,SGML,13.550000190734863,13.550000190734863,13.5600004196167,13.550000190734863,13.555000305175781,5857.0
2024-10-31 15:37:00+00:00,SSRM,6.135000228881836,6.135000228881836,6.135000228881836,6.130000114440918,6.130000114440918,1818.0
2024-10-31 15:37:00+00:00,STLD,131.14999389648438,131.14999389648438,131.24000549316406,131.14999389648438,131.24000549316406,1941.0
2024-10-31 15:37:00+00:00,USAP,43.900001525878906,43.900001525878906,43.915000915527344,43.900001525878906,43.915000915527344,2401.0
2024-10-31 15:38:00+00:00,ALTO,1.7899999618530273,1.7899999618530273,1.7899999618530273,1.7899999618530273,1.7899999618530273,122.0
2024-10-31 15:38:00+00:00,AREC,1.0099999904632568,1.0099999904632568,1.0099999904632568,1.0099999904632568,1.0099999904632568,1003.0
2024-10-31 15:38:00+00:00,ASTL,10.40999984741211,10.40999984741211,10.425000190734863,10.40999984741211,10.420000076293945,5418.0
2024-10-31 15:38:00+00:00,BIOX,6.75,6.75,6.760000228881836,6.75,6.760000228881836,594.0
2024-10-31 15:38:00+00:00,CENX,17.75,17.75,17.760000228881836,17.75,17.760000228881836,2294.0
2024-10-31 15:38:00+00:00,CNEY,0.5699999928474426,0.5699999928474426,0.5699999928474426,0.560699999332428,0.5698999762535095,84584.0
2024-10-31 15:38:00+00:00,CRKN,0.9379000067710876,0.9379000067710876,0.9379000067710876,0.9377999901771545,0.9377999901771545,854.0
2024-10-31 15:38:00+00:00,FEAM,0.4810999929904938,0.4810999929904938,0.4810999929904938,0.4810999929904938,0.4810999929904938,1622.0
2024-10-31 15:38:00+00:00,GEVO,2.3499999046325684,2.3499999046325684,2.3499999046325684,2.3350000381469727,2.3450000286102295,55693.0
2024-10-31 15:38:00+00:00,GPRE,12.390000343322754,12.390000343322754,12.399999618530273,12.390000343322754,12.395000457763672,3288.0
2024-10-31 15:38:00+00:00,GSM,4.199999809265137,4.199999809265137,4.204999923706055,4.199999809265137,4.199999809265137,1371.0
2024-10-31 15:38:00+00:00,GURE,0.6754000186920166,0.6754000186920166,0.6754000186920166,0.6754000186920166,0.6754000186920166,124.0
2024-10-31 15:38:00+00:00,HWKN,107.7300033569336,107.7300033569336,107.7300033569336,107.7300033569336,107.7300033569336,720.0
2024-10-31 15:38:00+00:00,HYMC,2.450000047683716,2.450000047683716,2.450000047683716,2.450000047683716,2.450000047683716,349.0
2024-10-31 15:38:00+00:00,LITM,0.375,0.375,0.375,0.375,0.375,1000.0
2024-10-31 15:38:00+00:00,LOOP,1.350100040435791,1.350100040435791,1.350100040435791,1.350100040435791,1.350100040435791,4237.0
2024-10-31 15:38:00+00:00,LWLG,3.194999933242798,3.194999933242798,3.194999933242798,3.190000057220459,3.190000057220459,358.0
2024-10-31 15:38:00+00:00,MEOH,39.125,39.125,39.125,39.125,39.125,699.0
2024-10-31 15:38:00+00:00,METC,10.234999656677246,10.234999656677246,10.234999656677246,10.234999656677246,10.234999656677246,733.0
2024-10-31 15:38:00+00:00,ORGN,1.3949999809265137,1.3949999809265137,1.3949999809265137,1.3949999809265137,1.3949999809265137,624.0
2024-10-31 15:38:00+00:00,PAAS,23.364999771118164,23.364999771118164,23.364999771118164,23.344999313354492,23.350000381469727,13880.0
2024-10-31 15:38:00+00:00,RGLD,146.60000610351562,146.60000610351562,146.6300048828125,146.60000610351562,146.6300048828125,1424.0
2024-10-31 15:38:00+00:00,SSRM,6.130000114440918,6.130000114440918,6.134699821472168,6.130000114440918,6.134699821472168,1543.0
2024-10-31 15:38:00+00:00,STLD,131.11000061035156,131.11000061035156,131.16000366210938,131.11000061035156,131.16000366210938,2201.0
2024-10-31 15:38:00+00:00,TMC,0.9873999953269958,0.9873999953269958,0.9873999953269958,0.9873999953269958,0.9873999953269958,1041.0
2024-10-31 15:38:00+00:00,UFPI,122.6500015258789,122.6500015258789,122.6500015258789,122.63999938964844,122.63999938964844,2571.0
2024-10-31 15:38:00+00:00,USAP,43.880001068115234,43.880001068115234,43.880001068115234,43.869998931884766,43.869998931884766,414.0
2024-10-31 15:38:00+00:00,WDFC,263.3399963378906,263.3399963378906,263.3399963378906,263.3399963378906,263.3399963378906,1089.0
2024-10-31 15:38:00+00:00,ZEUS,36.02000045776367,36.02000045776367,36.040000915527344,36.02000045776367,36.040000915527344,532.0
2024-10-31 15:39:00+00:00,ALTO,1.7949999570846558,1.7949999570846558,1.7999999523162842,1.7949999570846558,1.7999999523162842,760.0
2024-10-31 15:39:00+00:00,CENX,17.7450008392334,17.7450008392334,17.7450008392334,17.7450008392334,17.7450008392334,775.0
2024-10-31 15:39:00+00:00,CNEY,0.5799000263214111,0.5799000263214111,0.5799999833106995,0.5654000043869019,0.5654000043869019,78800.0
2024-10-31 15:39:00+00:00,CRKN,0.9398999810218811,0.9398999810218811,0.9449999928474426,0.9398999810218811,0.9449999928474426,2203.0
2024-10-31 15:39:00+00:00,FEAM,0.4641999900341034,0.4641999900341034,0.4641999900341034,0.4641999900341034,0.4641999900341034,338.0
2024-10-31 15:39:00+00:00,GEVO,2.3450000286102295,2.3450000286102295,2.3450000286102295,2.3450000286102295,2.3450000286102295,1530.0
2024-10-31 15:39:00+00:00,GPRE,12.40999984741211,12.40999984741211,12.4399995803833,12.390000343322754,12.390000343322754,13593.0
2024-10-31 15:39:00+00:00,GSM,4.199999809265137,4.199999809265137,4.204999923706055,4.199999809265137,4.199999809265137,1651.0
2024-10-31 15:39:00+00:00,GURE,0.6600000262260437,0.6600000262260437,0.6600000262260437,0.6600000262260437,0.6600000262260437,3600.0
2024-10-31 15:39:00+00:00,HDSN,7.679999828338623,7.679999828338623,7.679999828338623,7.679999828338623,7.679999828338623,965.0
2024-10-31 15:39:00+00:00,HWKN,107.8499984741211,107.8499984741211,107.8499984741211,107.84500122070312,107.8499984741211,1888.0
2024-10-31 15:39:00+00:00,IPX,21.799999237060547,21.799999237060547,21.799999237060547,21.799999237060547,21.799999237060547,349.0
2024-10-31 15:39:00+00:00,KALU,74.94999694824219,74.94999694824219,74.94999694824219,74.94999694824219,74.94999694824219,211.0
2024-10-31 15:39:00+00:00,LGO,2.4000000953674316,2.4000000953674316,2.4000000953674316,2.4000000953674316,2.4000000953674316,207.0
2024-10-31 15:39:00+00:00,LITM,0.3720000088214874,0.3720000088214874,0.375,0.3720000088214874,0.375,540.0
2024-10-31 15:39:00+00:00,LOOP,1.3550000190734863,1.3550000190734863,1.3700000047683716,1.350000023841858,1.3700000047683716,3763.0
2024-10-31 15:39:00+00:00,LWLG,3.194999933242798,3.194999933242798,3.194999933242798,3.194999933242798,3.194999933242798,309.0
2024-10-31 15:39:00+00:00,MEOH,39.14500045776367,39.14500045776367,39.154998779296875,39.1349983215332,39.150001525878906,1932.0
2024-10-31 15:39:00+00:00,METC,10.25,10.25,10.25,10.234999656677246,10.234999656677246,1828.0
2024-10-31 15:39:00+00:00,ORGN,1.3899999856948853,1.3899999856948853,1.3899999856948853,1.3899999856948853,1.3899999856948853,553.0
2024-10-31 15:39:00+00:00,PAAS,23.375,23.375,23.375,23.364999771118164,23.364999771118164,4006.0
2024-10-31 15:39:00+00:00,PPTA,10.220000267028809,10.220000267028809,10.220000267028809,10.220000267028809,10.220000267028809,622.0
2024-10-31 15:39:00+00:00,SGML,13.545000076293945,13.545000076293945,13.5600004196167,13.545000076293945,13.5600004196167,1478.0
2024-10-31 15:39:00+00:00,SSRM,6.135000228881836,6.135000228881836,6.135000228881836,6.130000114440918,6.130000114440918,831.0
2024-10-31 15:39:00+00:00,STLD,131.0,131.0,131.00999450683594,131.0,131.00999450683594,730.0
2024-10-31 15:39:00+00:00,TMC,0.9850999712944031,0.9850999712944031,0.9873999953269958,0.9850999712944031,0.9850999712944031,2593.0
2024-10-31 15:39:00+00:00,USLM,114.4800033569336,114.4800033569336,114.54499816894531,114.4800033569336,114.54499816894531,741.0
2024-10-31 15:39:00+00:00,ZEUS,36.0099983215332,36.0099983215332,36.02000045776367,36.0099983215332,36.02000045776367,1704.0
2024-10-31 15:40:00+00:00,ALTO,1.7949999570846558,1.7949999570846558,1.7949999570846558,1.7949999570846558,1.7949999570846558,5287.0
2024-10-31 15:40:00+00:00,AREC,1.0099999904632568,1.0099999904632568,1.0099999904632568,1.0099999904632568,1.0099999904632568,106.0
2024-10-31 15:40:00+00:00,ASTL,10.40999984741211,10.40999984741211,10.40999984741211,10.40999984741211,10.40999984741211,750.0
2024-10-31 15:40:00+00:00,BIOX,6.75,6.75,6.75,6.75,6.75,606.0
2024-10-31 15:40:00+00:00,CENX,17.747600555419922,17.747600555419922,17.75,17.74090003967285,17.7450008392334,1456.0
2024-10-31 15:40:00+00:00,CNEY,0.5788999795913696,0.5788999795913696,0.5799999833106995,0.5697000026702881,0.5769000053405762,68202.0
2024-10-31 15:40:00+00:00,GEVO,2.3450000286102295,2.3450000286102295,2.3499999046325684,2.3427999019622803,2.3427999019622803,7625.0
2024-10-31 15:40:00+00:00,GPRE,12.375,12.375,12.399999618530273,12.369999885559082,12.390000343322754,11307.0
2024-10-31 15:40:00+00:00,GSM,4.199999809265137,4.199999809265137,4.210000038146973,4.199999809265137,4.199999809265137,1451.0
2024-10-31 15:40:00+00:00,GURE,0.6693000197410583,0.6693000197410583,0.6693000197410583,0.6693000197410583,0.6693000197410583,0.0
2024-10-31 15:40:00+00:00,HDSN,7.670000076293945,7.670000076293945,7.670000076293945,7.670000076293945,7.670000076293945,3085.0
2024-10-31 15:40:00+00:00,HWKN,107.8499984741211,107.8499984741211,108.05500030517578,107.8499984741211,107.97000122070312,2746.0
2024-10-31 15:40:00+00:00,IPX,21.844999313354492,21.844999313354492,21.844999313354492,21.844999313354492,21.844999313354492,100.0
2024-10-31 15:40:00+00:00,LITM,0.3720000088214874,0.3720000088214874,0.3720000088214874,0.3720000088214874,0.3720000088214874,300.0
2024-10-31 15:40:00+00:00,LWLG,3.200000047683716,3.200000047683716,3.2100000381469727,3.200000047683716,3.200000047683716,4089.0
2024-10-31 15:40:00+00:00,MERC,6.525000095367432,6.525000095367432,6.525000095367432,6.525000095367432,6.525000095367432,979.0
2024-10-31 15:40:00+00:00,METC,10.244999885559082,10.244999885559082,10.25,10.244999885559082,10.25,2992.0
2024-10-31 15:40:00+00:00,PAAS,23.385000228881836,23.385000228881836,23.399999618530273,23.375,23.3799991607666,11629.0
2024-10-31 15:40:00+00:00,RGLD,146.61000061035156,146.61000061035156,146.8800048828125,146.60000610351562,146.66000366210938,17401.0
2024-10-31 15:40:00+00:00,SGML,13.630000114440918,13.630000114440918,13.630000114440918,13.550000190734863,13.550000190734863,3431.0
2024-10-31 15:40:00+00:00,SNES,2.809999942779541,2.809999942779541,2.809999942779541,2.809999942779541,2.809999942779541,100.0
2024-10-31 15:40:00+00:00,SSRM,6.144999980926514,6.144999980926514,6.150000095367432,6.135000228881836,6.135000228881836,10329.0
2024-10-31 15:40:00+00:00,STLD,131.02999877929688,131.02999877929688,131.0500030517578,131.0,131.02999877929688,3644.0
2024-10-31 15:40:00+00:00,TMC,0.9872999787330627,0.9872999787330627,0.9872999787330627,0.9872999787330627,0.9872999787330627,1100.0
2024-10-31 15:40:00+00:00,USAP,43.880001068115234,43.880001068115234,43.880001068115234,43.880001068115234,43.880001068115234,512.0
2024-10-31 15:40:00+00:00,USLM,114.19000244140625,114.19000244140625,114.4000015258789,114.11000061035156,114.37000274658203,6250.0
2024-10-31 15:41:00+00:00,AREC,1.0099999904632568,1.0099999904632568,1.0099999904632568,1.0,1.0,203.0
2024-10-31 15:41:00+00:00,ASTL,10.40999984741211,10.40999984741211,10.414999961853027,10.40999984741211,10.414999961853027,6251.0
2024-10-31 15:41:00+00:00,BCPC,168.3300018310547,168.3300018310547,168.3300018310547,168.3300018310547,168.3300018310547,417.0
2024-10-31 15:41:00+00:00,BIOX,6.75,6.75,6.75,6.75,6.75,1319.0
2024-10-31 15:41:00+00:00,CENX,17.809999465942383,17.809999465942383,17.81999969482422,17.7450008392334,17.7450008392334,5550.0
2024-10-31 15:41:00+00:00,CNEY,0.5600000023841858,0.5600000023841858,0.5701000094413757,0.5600000023841858,0.5701000094413757,39311.0
2024-10-31 15:41:00+00:00,CRKN,0.9498000144958496,0.9498000144958496,0.9498000144958496,0.9498000144958496,0.9498000144958496,200.0
2024-10-31 15:41:00+00:00,GEVO,2.3499999046325684,2.3499999046325684,2.3499999046325684,2.344899892807007,2.344899892807007,4537.0
2024-10-31 15:41:00+00:00,GPRE,12.279999732971191,12.279999732971191,12.369999885559082,12.279999732971191,12.369999885559082,19653.0
2024-10-31 15:41:00+00:00,GSM,4.204999923706055,4.204999923706055,4.210000038146973,4.204999923706055,4.204999923706055,1188.0
2024-10-31 15:41:00+00:00,GURE,0.6672000288963318,0.6672000288963318,0.6672000288963318,0.6672000288963318,0.6672000288963318,200.0
2024-10-31 15:41:00+00:00,KALU,75.0250015258789,75.0250015258789,75.0250015258789,75.0250015258789,75.0250015258789,533.0
2024-10-31 15:41:00+00:00,LITM,0.37700000405311584,0.37700000405311584,0.37700000405311584,0.37700000405311584,0.37700000405311584,2000.0
2024-10-31 15:41:00+00:00,MEOH,39.22999954223633,39.22999954223633,39.22999954223633,39.189998626708984,39.189998626708984,1847.0
2024-10-31 15:41:00+00:00,PAAS,23.364999771118164,23.364999771118164,23.385000228881836,23.364999771118164,23.3799991607666,8417.0
2024-10-31 15:41:00+00:00,RGLD,146.5,146.5,146.60000610351562,146.5,146.58999633789062,1389.0
2024-10-31 15:41:00+00:00,SGML,13.630000114440918,13.630000114440918,13.630000114440918,13.630000114440918,13.630000114440918,1364.0
2024-10-31 15:41:00+00:00,SSRM,6.144999980926514,6.144999980926514,6.144999980926514,6.144999980926514,6.144999980926514,1175.0
2024-10-31 15:41:00+00:00,STLD,131.02999877929688,131.02999877929688,131.0800018310547,131.0,131.02999877929688,10490.0
2024-10-31 15:41:00+00:00,TMC,0.9890000224113464,0.9890000224113464,0.9890000224113464,0.9890000224113464,0.9890000224113464,709.0
2024-10-31 15:41:00+00:00,UFPI,122.9800033569336,122.9800033569336,122.9800033569336,122.75,122.75,1540.0
2024-10-31 15:41:00+00:00,ZEUS,36.060001373291016,36.060001373291016,36.060001373291016,36.060001373291016,36.060001373291016,2266.0
2024-10-31 15:42:00+00:00,ALTO,1.7949999570846558,1.7949999570846558,1.7949999570846558,1.7949999570846558,1.7949999570846558,453.0
2024-10-31 15:42:00+00:00,ASTL,10.414999961853027,10.414999961853027,10.414999961853027,10.40999984741211,10.40999984741211,2436.0
2024-10-31 15:42:00+00:00,BCPC,168.39999389648438,168.39999389648438,168.39999389648438,168.39999389648438,168.39999389648438,202.0
2024-10-31 15:42:00+00:00,CENX,17.795000076293945,17.795000076293945,17.825000762939453,17.795000076293945,17.825000762939453,2620.0
2024-10-31 15:42:00+00:00,CNEY,0.5292999744415283,0.5292999744415283,0.5619999766349792,0.5292999744415283,0.5600000023841858,83447.0
2024-10-31 15:42:00+00:00,CRKN,0.949999988079071,0.949999988079071,0.949999988079071,0.9498000144958496,0.9498000144958496,433.0
2024-10-31 15:42:00+00:00,GEVO,2.3450000286102295,2.3450000286102295,2.3499999046325684,2.3450000286102295,2.347899913787842,6485.0
2024-10-31 15:42:00+00:00,GPRE,12.28499984741211,12.28499984741211,12.289999961853027,12.28499984741211,12.289999961853027,1701.0
2024-10-31 15:42:00+00:00,GSM,4.204999923706055,4.204999923706055,4.204999923706055,4.204999923706055,4.204999923706055,467.0
2024-10-31 15:42:00+00:00,GURE,0.6908000111579895,0.6908000111579895,0.6908000111579895,0.6908000111579895,0.6908000111579895,200.0
2024-10-31 15:42:00+00:00,KALU,74.91000366210938,74.91000366210938,74.94999694824219,74.91000366210938,74.94999694824219,2184.0
2024-10-31 15:42:00+00:00,MERC,6.519999980926514,6.519999980926514,6.525000095367432,6.519999980926514,6.525000095367432,2379.0
2024-10-31 15:42:00+00:00,ORGN,1.3949999809265137,1.3949999809265137,1.399899959564209,1.3907999992370605,1.3907999992370605,14200.0
2024-10-31 15:42:00+00:00,PAAS,23.350000381469727,23.350000381469727,23.360000610351562,23.350000381469727,23.360000610351562,2847.0
2024-10-31 15:42:00+00:00,PLL,13.069999694824219,13.069999694824219,13.085000038146973,13.069999694824219,13.085000038146973,440.0
2024-10-31 15:42:00+00:00,PPTA,10.199999809265137,10.199999809265137,10.210000038146973,10.199999809265137,10.210000038146973,2202.0
2024-10-31 15:42:00+00:00,RGLD,146.4499969482422,146.4499969482422,146.58999633789062,146.4499969482422,146.58999633789062,3053.0
2024-10-31 15:42:00+00:00,SGML,13.65999984741211,13.65999984741211,13.65999984741211,13.609999656677246,13.609999656677246,2170.0
2024-10-31 15:42:00+00:00,SSRM,6.144999980926514,6.144999980926514,6.144999980926514,6.144999980926514,6.144999980926514,1356.0
2024-10-31 15:42:00+00:00,STLD,131.0,131.0,131.0399932861328,131.0,131.03500366210938,1683.0
2024-10-31 15:42:00+00:00,UFPI,123.05000305175781,123.05000305175781,123.05000305175781,123.05000305175781,123.05000305175781,916.0
2024-10-31 15:42:00+00:00,USAP,43.869998931884766,43.869998931884766,43.869998931884766,43.869998931884766,43.869998931884766,588.0
2024-10-31 15:43:00+00:00,ALTO,1.7999000549316406,1.7999000549316406,1.7999000549316406,1.7949999570846558,1.7949999570846558,678.0
2024-10-31 15:43:00+00:00,AREC,1.0056999921798706,1.0056999921798706,1.0099999904632568,1.0049999952316284,1.0099999904632568,1231.0
2024-10-31 15:43:00+00:00,CENX,17.78499984741211,17.78499984741211,17.795000076293945,17.774999618530273,17.795000076293945,4211.0
2024-10-31 15:43:00+00:00,CNEY,0.5400000214576721,0.5400000214576721,0.5400000214576721,0.5266000032424927,0.5266000032424927,25585.0
2024-10-31 15:43:00+00:00,CRKN,0.949999988079071,0.949999988079071,0.949999988079071,0.949999988079071,0.949999988079071,100.0
2024-10-31 15:43:00+00:00,GEVO,2.3450000286102295,2.3450000286102295,2.3468000888824463,2.3408000469207764,2.3408000469207764,6308.0
2024-10-31 15:43:00+00:00,GPRE,12.3100004196167,12.3100004196167,12.319999694824219,12.28499984741211,12.289999961853027,5773.0
2024-10-31 15:43:00+00:00,GSM,4.204999923706055,4.204999923706055,4.210000038146973,4.204999923706055,4.204999923706055,5288.0
2024-10-31 15:43:00+00:00,GURE,0.6610000133514404,0.6610000133514404,0.6610000133514404,0.6610000133514404,0.6610000133514404,0.0
2024-10-31 15:43:00+00:00,HDSN,7.670000076293945,7.670000076293945,7.670000076293945,7.670000076293945,7.670000076293945,641.0
2024-10-31 15:43:00+00:00,HWKN,107.8499984741211,107.8499984741211,108.0,107.62999725341797,107.62999725341797,3328.0
2024-10-31 15:43:00+00:00,IONR,7.820000171661377,7.820000171661377,7.820000171661377,7.820000171661377,7.820000171661377,1164.0
2024-10-31 15:43:00+00:00,LGO,2.4000000953674316,2.4000000953674316,2.4000000953674316,2.4000000953674316,2.4000000953674316,5422.0
2024-10-31 15:43:00+00:00,LOOP,1.3200000524520874,1.3200000524520874,1.3200000524520874,1.3200000524520874,1.3200000524520874,102.0
2024-10-31 15:43:00+00:00,MERC,6.514999866485596,6.514999866485596,6.514999866485596,6.514999866485596,6.514999866485596,187.0
2024-10-31 15:43:00+00:00,METC,10.255000114440918,10.255000114440918,10.255000114440918,10.25,10.25,2631.0
2024-10-31 15:43:00+00:00,ORGN,1.399999976158142,1.399999976158142,1.399999976158142,1.399999976158142,1.399999976158142,472.0
2024-10-31 15:43:00+00:00,PAAS,23.3799991607666,23.3799991607666,23.3799991607666,23.360000610351562,23.360000610351562,13564.0
2024-10-31 15:43:00+00:00,PLL,13.164999961853027,13.164999961853027,13.180000305175781,13.09000015258789,13.100000381469727,9833.0
2024-10-31 15:43:00+00:00,PPTA,10.210000038146973,10.210000038146973,10.210000038146973,10.210000038146973,10.210000038146973,232.0
2024-10-31 15:43:00+00:00,RGLD,146.35000610351562,146.35000610351562,146.4499969482422,146.35000610351562,146.3800048828125,1546.0
2024-10-31 15:43:00+00:00,SGML,13.699999809265137,13.699999809265137,13.699999809265137,13.65999984741211,13.65999984741211,2022.0
2024-10-31 15:43:00+00:00,SSRM,6.150000095367432,6.150000095367432,6.150000095367432,6.144999980926514,6.144999980926514,1398.0
2024-10-31 15:43:00+00:00,STLD,131.07000732421875,131.07000732421875,131.08999633789062,131.0399932861328,131.07000732421875,7479.0
2024-10-31 15:43:00+00:00,UFPI,123.01000213623047,123.01000213623047,123.01000213623047,123.01000213623047,123.01000213623047,684.0
2024-10-31 15:44:00+00:00,ALTO,1.798699975013733,1.798699975013733,1.798699975013733,1.7920000553131104,1.7920000553131104,424.0
2024-10-31 15:44:00+00:00,AREC,1.0099999904632568,1.0099999904632568,1.0099999904632568,1.0049999952316284,1.0099999904632568,4628.0
2024-10-31 15:44:00+00:00,ASTL,10.420000076293945,10.420000076293945,10.425000190734863,10.420000076293945,10.420000076293945,2594.0
2024-10-31 15:44:00+00:00,BCPC,168.5399932861328,168.5399932861328,168.57000732421875,168.4199981689453,168.4199981689453,889.0
2024-10-31 15:44:00+00:00,CENX,17.809999465942383,17.809999465942383,17.809999465942383,17.795000076293945,17.795000076293945,836.0
2024-10-31 15:44:00+00:00,CNEY,0.5576000213623047,0.5576000213623047,0.5590000152587891,0.5450000166893005,0.5450000166893005,10340.0
2024-10-31 15:44:00+00:00,CRKN,0.9498999714851379,0.9498999714851379,0.9498999714851379,0.9498999714851379,0.9498999714851379,103.0
2024-10-31 15:44:00+00:00,GEVO,2.3350000381469727,2.3350000381469727,2.3499999046325684,2.3299999237060547,2.3499999046325684,34240.0
2024-10-31 15:44:00+00:00,GPRE,12.260000228881836,12.260000228881836,12.329999923706055,12.260000228881836,12.319999694824219,8537.0
2024-10-31 15:44:00+00:00,GSM,4.204999923706055,4.204999923706055,4.210000038146973,4.204999923706055,4.204999923706055,2024.0
2024-10-31 15:44:00+00:00,HDSN,7.670000076293945,7.670000076293945,7.670000076293945,7.664999961853027,7.664999961853027,1108.0
2024-10-31 15:44:00+00:00,LWLG,3.200000047683716,3.200000047683716,3.200000047683716,3.200000047683716,3.200000047683716,560.0
2024-10-31 15:44:00+00:00,MEOH,39.20000076293945,39.20000076293945,39.20500183105469,39.20000076293945,39.20500183105469,584.0
2024-10-31 15:44:00+00:00,MERC,6.514999866485596,6.514999866485596,6.514999866485596,6.514999866485596,6.514999866485596,900.0
2024-10-31 15:44:00+00:00,METC,10.25,10.25,10.25,10.239999771118164,10.25,3202.0
2024-10-31 15:44:00+00:00,PAAS,23.3799991607666,23.3799991607666,23.395000457763672,23.3799991607666,23.389999389648438,6014.0
2024-10-31 15:44:00+00:00,PLL,13.194999694824219,13.194999694824219,13.199999809265137,13.15999984741211,13.15999984741211,2347.0
2024-10-31 15:44:00+00:00,PPTA,10.204999923706055,10.204999923706055,10.210000038146973,10.204999923706055,10.204999923706055,1018.0
2024-10-31 15:44:00+00:00,RGLD,146.60000610351562,146.60000610351562,146.60000610351562,146.52000427246094,146.58999633789062,2492.0
2024-10-31 15:44:00+00:00,SGML,13.680000305175781,13.680000305175781,13.699999809265137,13.680000305175781,13.680000305175781,1753.0
2024-10-31 15:44:00+00:00,SSRM,6.150000095367432,6.150000095367432,6.150000095367432,6.144999980926514,6.150000095367432,1403.0
2024-10-31 15:44:00+00:00,STLD,131.05499267578125,131.05499267578125,131.13999938964844,131.05499267578125,131.11000061035156,3094.0
2024-10-31 15:44:00+00:00,UFPI,123.02249908447266,123.02249908447266,123.02249908447266,123.02249908447266,123.02249908447266,1037.0
2024-10-31 15:45:00+00:00,ALTO,1.7949999570846558,1.7949999570846558,1.7949999570846558,1.7899999618530273,1.7899999618530273,542.0
2024-10-31 15:45:00+00:00,AREC,1.0149999856948853,1.0149999856948853,1.0149999856948853,1.0149999856948853,1.0149999856948853,200.0
2024-10-31 15:45:00+00:00,ASTL,10.420000076293945,10.420000076293945,10.425000190734863,10.40999984741211,10.414999961853027,6733.0
2024-10-31 15:45:00+00:00,BCPC,168.4499969482422,168.4499969482422,168.4499969482422,168.35000610351562,168.35000610351562,884.0
2024-10-31 15:45:00+00:00,BIOX,6.739999771118164,6.739999771118164,6.739999771118164,6.739999771118164,6.739999771118164,301.0
2024-10-31 15:45:00+00:00,CENX,17.809600830078125,17.809600830078125,17.809999465942383,17.799999237060547,17.80500030517578,1300.0
2024-10-31 15:45:00+00:00,CNEY,0.5564000010490417,0.5564000010490417,0.5564000010490417,0.5400000214576721,0.5454999804496765,11761.0
2024-10-31 15:45:00+00:00,CRKN,0.9498999714851379,0.9498999714851379,0.9498999714851379,0.9498999714851379,0.9498999714851379,100.0
2024-10-31 15:45:00+00:00,GEVO,2.3450000286102295,2.3450000286102295,2.3450000286102295,2.3320000171661377,2.3350000381469727,67245.0
2024-10-31 15:45:00+00:00,GPRE,12.270000457763672,12.270000457763672,12.279999732971191,12.260000228881836,12.260000228881836,4159.0
2024-10-31 15:45:00+00:00,GSM,4.204999923706055,4.204999923706055,4.204999923706055,4.199999809265137,4.204999923706055,2770.0
2024-10-31 15:45:00+00:00,HDSN,7.659999847412109,7.659999847412109,7.669000148773193,7.659999847412109,7.669000148773193,3562.0
2024-10-31 15:45:00+00:00,HWKN,107.44499969482422,107.44499969482422,107.83499908447266,107.44499969482422,107.83499908447266,1821.0
2024-10-31 15:45:00+00:00,IOSP,108.69000244140625,108.69000244140625,108.69000244140625,108.66999816894531,108.66999816894531,1528.0
2024-10-31 15:45:00+00:00,IPX,21.7549991607666,21.7549991607666,21.7549991607666,21.7549991607666,21.7549991607666,957.0
2024-10-31 15:45:00+00:00,LOOP,1.3200000524520874,1.3200000524520874,1.3200000524520874,1.3200000524520874,1.3200000524520874,204.0
2024-10-31 15:45:00+00:00,MEOH,39.19499969482422,39.19499969482422,39.19499969482422,39.19499969482422,39.19499969482422,804.0
2024-10-31 15:45:00+00:00,MERC,6.510000228881836,6.510000228881836,6.510000228881836,6.505000114440918,6.510000228881836,1912.0
2024-10-31 15:45:00+00:00,METC,10.25,10.25,10.25,10.25,10.25,264.0
2024-10-31 15:45:00+00:00,PAAS,23.375,23.375,23.3799991607666,23.364999771118164,23.3799991607666,26434.0
2024-10-31 15:45:00+00:00,PLL,13.1899995803833,13.1899995803833,13.1899995803833,13.170000076293945,13.1899995803833,5132.0
2024-10-31 15:45:00+00:00,PPTA,10.229999542236328,10.229999542236328,10.229999542236328,10.199999809265137,10.204999923706055,3585.0
2024-10-31 15:45:00+00:00,RETO,1.1299999952316284,1.1299999952316284,1.1299999952316284,1.1299999952316284,1.1299999952316284,0.0
2024-10-31 15:45:00+00:00,RGLD,146.52499389648438,146.52499389648438,146.52499389648438,146.52499389648438,146.52499389648438,619.0
2024-10-31 15:45:00+00:00,RKDA,3.8166000843048096,3.8166000843048096,3.8166000843048096,3.8166000843048096,3.8166000843048096,463.0
2024-10-31 15:45:00+00:00,SGML,13.680000305175781,13.680000305175781,13.699999809265137,13.680000305175781,13.680000305175781,1476.0
2024-10-31 15:45:00+00:00,SSRM,6.150000095367432,6.150000095367432,6.150000095367432,6.139999866485596,6.150000095367432,3468.0
2024-10-31 15:45:00+00:00,STLD,131.10000610351562,131.10000610351562,131.1300048828125,131.05999755859375,131.05999755859375,4199.0
2024-10-31 15:45:00+00:00,USAP,43.85100173950195,43.85100173950195,43.869998931884766,43.85100173950195,43.869998931884766,435.0
2024-10-31 15:45:00+00:00,WDFC,263.364990234375,263.364990234375,263.364990234375,263.364990234375,263.364990234375,328.0
2024-10-31 15:46:00+00:00,ALTO,1.7949999570846558,1.7949999570846558,1.7949999570846558,1.7949999570846558,1.7949999570846558,841.0
2024-10-31 15:46:00+00:00,AREC,1.0149999856948853,1.0149999856948853,1.0149999856948853,1.0149999856948853,1.0149999856948853,204.0
2024-10-31 15:46:00+00:00,ASTL,10.399999618530273,10.399999618530273,10.414999961853027,10.399999618530273,10.414999961853027,5442.0
2024-10-31 15:46:00+00:00,BIOX,6.75,6.75,6.75,6.744999885559082,6.744999885559082,300.0
2024-10-31 15:46:00+00:00,CENX,17.809999465942383,17.809999465942383,17.809999465942383,17.80500030517578,17.80500030517578,2553.0
2024-10-31 15:46:00+00:00,CNEY,0.550000011920929,0.550000011920929,0.550000011920929,0.5350000262260437,0.5498999953269958,5520.0
2024-10-31 15:46:00+00:00,CRKN,0.9498999714851379,0.9498999714851379,0.9498999714851379,0.9498999714851379,0.9498999714851379,150.0
2024-10-31 15:46:00+00:00,GEVO,2.3450000286102295,2.3450000286102295,2.3450000286102295,2.3399999141693115,2.3450000286102295,5893.0
2024-10-31 15:46:00+00:00,GPRE,12.239999771118164,12.239999771118164,12.279999732971191,12.220000267028809,12.265000343322754,15618.0
2024-10-31 15:46:00+00:00,GSM,4.199999809265137,4.199999809265137,4.204999923706055,4.199999809265137,4.201200008392334,2990.0
2024-10-31 15:46:00+00:00,IPX,21.764999389648438,21.764999389648438,21.764999389648438,21.764999389648438,21.764999389648438,139.0
2024-10-31 15:46:00+00:00,LITM,0.3725000023841858,0.3725000023841858,0.3725000023841858,0.3725000023841858,0.3725000023841858,1800.0
2024-10-31 15:46:00+00:00,LWLG,3.200000047683716,3.200000047683716,3.200000047683716,3.200000047683716,3.200000047683716,409.0
2024-10-31 15:46:00+00:00,MEOH,39.189998626708984,39.189998626708984,39.189998626708984,39.189998626708984,39.189998626708984,856.0
2024-10-31 15:46:00+00:00,MERC,6.514999866485596,6.514999866485596,6.514999866485596,6.514999866485596,6.514999866485596,1195.0
2024-10-31 15:46:00+00:00,METC,10.234999656677246,10.234999656677246,10.25,10.234999656677246,10.25,4176.0
2024-10-31 15:46:00+00:00,ORGN,1.3949999809265137,1.3949999809265137,1.3949999809265137,1.3949999809265137,1.3949999809265137,883.0
2024-10-31 15:46:00+00:00,PAAS,23.3799991607666,23.3799991607666,23.3799991607666,23.3700008392334,23.375,1384.0
2024-10-31 15:46:00+00:00,PLL,13.18019962310791,13.18019962310791,13.1899995803833,13.170000076293945,13.170000076293945,10917.0
2024-10-31 15:46:00+00:00,RGLD,146.4600067138672,146.4600067138672,146.52499389648438,146.4600067138672,146.52499389648438,2130.0
2024-10-31 15:46:00+00:00,SGML,13.675000190734863,13.675000190734863,13.680000305175781,13.675000190734863,13.680000305175781,1476.0
2024-10-31 15:46:00+00:00,SMID,34.599998474121094,34.599998474121094,34.599998474121094,34.599998474121094,34.599998474121094,1596.0
2024-10-31 15:46:00+00:00,SNES,2.9000000953674316,2.9000000953674316,2.9000000953674316,2.9000000953674316,2.9000000953674316,23.0
2024-10-31 15:46:00+00:00,SSRM,6.144999980926514,6.144999980926514,6.144999980926514,6.144999980926514,6.144999980926514,1525.0
2024-10-31 15:46:00+00:00,STLD,131.0449981689453,131.0449981689453,131.0850067138672,131.0449981689453,131.05999755859375,1519.0
2024-10-31 15:46:00+00:00,TMC,0.9860000014305115,0.9860000014305115,0.9860000014305115,0.9860000014305115,0.9860000014305115,786.0
2024-10-31 15:47:00+00:00,AREC,1.0099999904632568,1.0099999904632568,1.0099999904632568,1.0099999904632568,1.0099999904632568,100.0
2024-10-31 15:47:00+00:00,ASTL,10.40999984741211,10.40999984741211,10.40999984741211,10.399999618530273,10.399999618530273,1320.0
2024-10-31 15:47:00+00:00,BIOX,6.75,6.75,6.75,6.75,6.75,100.0
2024-10-31 15:47:00+00:00,CENX,17.81999969482422,17.81999969482422,17.81999969482422,17.815000534057617,17.815000534057617,1319.0
2024-10-31 15:47:00+00:00,CNEY,0.5360000133514404,0.5360000133514404,0.550000011920929,0.5360000133514404,0.550000011920929,5638.0
2024-10-31 15:47:00+00:00,CRKN,0.9498999714851379,0.9498999714851379,0.9498999714851379,0.9348999857902527,0.9348999857902527,623.0
2024-10-31 15:47:00+00:00,GEVO,2.3350000381469727,2.3350000381469727,2.3450000286102295,2.3299999237060547,2.3399999141693115,59224.0
2024-10-31 15:47:00+00:00,GPRE,12.229999542236328,12.229999542236328,12.25,12.229999542236328,12.239999771118164,7119.0
2024-10-31 15:47:00+00:00,GSM,4.204999923706055,4.204999923706055,4.204999923706055,4.199999809265137,4.204999923706055,4984.0
2024-10-31 15:47:00+00:00,HDSN,7.659999847412109,7.659999847412109,7.670000076293945,7.659999847412109,7.664999961853027,1207.0
2024-10-31 15:47:00+00:00,HYMC,2.450000047683716,2.450000047683716,2.450000047683716,2.450000047683716,2.450000047683716,209.0
2024-10-31 15:47:00+00:00,IOSP,108.66999816894531,108.66999816894531,108.66999816894531,108.66999816894531,108.66999816894531,236.0
2024-10-31 15:47:00+00:00,KALU,75.01499938964844,75.01499938964844,75.01499938964844,74.99500274658203,74.99500274658203,853.0
2024-10-31 15:47:00+00:00,LGO,2.4100000858306885,2.4100000858306885,2.4100000858306885,2.4000000953674316,2.4000000953674316,18755.0
2024-10-31 15:47:00+00:00,LOOP,1.3200000524520874,1.3200000524520874,1.3200000524520874,1.3200000524520874,1.3200000524520874,103.0
2024-10-31 15:47:00+00:00,LWLG,3.1910998821258545,3.1910998821258545,3.194999933242798,3.1910998821258545,3.194999933242798,371.0
2024-10-31 15:47:00+00:00,MEOH,39.18000030517578,39.18000030517578,39.18000030517578,39.18000030517578,39.18000030517578,650.0
2024-10-31 15:47:00+00:00,METC,10.249799728393555,10.249799728393555,10.249799728393555,10.239999771118164,10.239999771118164,1385.0
2024-10-31 15:47:00+00:00,PAAS,23.375,23.375,23.385000228881836,23.372499465942383,23.375,9511.0
2024-10-31 15:47:00+00:00,PLL,13.140000343322754,13.140000343322754,13.180000305175781,13.130000114440918,13.180000305175781,2123.0
2024-10-31 15:47:00+00:00,PPTA,10.225000381469727,10.225000381469727,10.225000381469727,10.225000381469727,10.225000381469727,855.0
2024-10-31 15:47:00+00:00,RGLD,146.49339294433594,146.49339294433594,146.49339294433594,146.49339294433594,146.49339294433594,696.0
2024-10-31 15:47:00+00:00,SGML,13.699999809265137,13.699999809265137,13.704999923706055,13.6899995803833,13.6899995803833,5496.0
2024-10-31 15:47:00+00:00,SSRM,6.144999980926514,6.144999980926514,6.150000095367432,6.144999980926514,6.150000095367432,4744.0
2024-10-31 15:47:00+00:00,STLD,131.0800018310547,131.0800018310547,131.1300048828125,131.0449981689453,131.0449981689453,7419.0
2024-10-31 15:47:00+00:00,TMC,0.987500011920929,0.987500011920929,0.987500011920929,0.987500011920929,0.987500011920929,400.0
2024-10-31 15:47:00+00:00,UFPI,122.96499633789062,122.96499633789062,122.96499633789062,122.88999938964844,122.88999938964844,3340.0
2024-10-31 15:47:00+00:00,USAP,43.85100173950195,43.85100173950195,43.85100173950195,43.85100173950195,43.85100173950195,310.0
2024-10-31 15:47:00+00:00,ZEUS,36.060001373291016,36.060001373291016,36.060001373291016,36.040000915527344,36.040000915527344,326.0
2024-10-31 15:48:00+00:00,ALTO,1.798699975013733,1.798699975013733,1.7999000549316406,1.7949999570846558,1.798699975013733,1213.0
2024-10-31 15:48:00+00:00,AREC,1.0149999856948853,1.0149999856948853,1.0149999856948853,1.0149999856948853,1.0149999856948853,4.0
2024-10-31 15:48:00+00:00,ASTL,10.40999984741211,10.40999984741211,10.425000190734863,10.40999984741211,10.40999984741211,35010.0
2024-10-31 15:48:00+00:00,BCPC,168.58999633789062,168.58999633789062,168.58999633789062,168.58999633789062,168.58999633789062,1354.0
2024-10-31 15:48:00+00:00,BIOX,6.755000114440918,6.755000114440918,6.755000114440918,6.755000114440918,6.755000114440918,102.0
2024-10-31 15:48:00+00:00,CENX,17.81999969482422,17.81999969482422,17.81999969482422,17.809999465942383,17.809999465942383,1454.0
2024-10-31 15:48:00+00:00,CNEY,0.5396000146865845,0.5396000146865845,0.5468999743461609,0.5396000146865845,0.5400000214576721,53766.0
2024-10-31 15:48:00+00:00,CRKN,0.9490000009536743,0.9490000009536743,0.9490000009536743,0.9490000009536743,0.9490000009536743,1100.0
2024-10-31 15:48:00+00:00,FEAM,0.4810999929904938,0.4810999929904938,0.4810999929904938,0.4641999900341034,0.4641999900341034,279.0
2024-10-31 15:48:00+00:00,GEVO,2.3350000381469727,2.3350000381469727,2.3399999141693115,2.3301000595092773,2.3350000381469727,20377.0
2024-10-31 15:48:00+00:00,GPRE,12.28499984741211,12.28499984741211,12.289999961853027,12.239999771118164,12.239999771118164,7727.0
2024-10-31 15:48:00+00:00,GSM,4.199999809265137,4.199999809265137,4.204999923706055,4.199999809265137,4.199999809265137,1020.0
2024-10-31 15:48:00+00:00,HWKN,107.55500030517578,107.55500030517578,107.7699966430664,107.5,107.5,2071.0
2024-10-31 15:48:00+00:00,IOSP,108.66999816894531,108.66999816894531,108.68000030517578,108.66999816894531,108.68000030517578,797.0
2024-10-31 15:48:00+00:00,KALU,74.97000122070312,74.97000122070312,74.97000122070312,74.97000122070312,74.97000122070312,1883.0
2024-10-31 15:48:00+00:00,LOOP,1.3200000524520874,1.3200000524520874,1.3688000440597534,1.3200000524520874,1.3688000440597534,1326.0
2024-10-31 15:48:00+00:00,LWLG,3.194999933242798,3.194999933242798,3.194999933242798,3.194999933242798,3.194999933242798,731.0
2024-10-31 15:48:00+00:00,MEOH,39.220001220703125,39.220001220703125,39.220001220703125,39.209999084472656,39.209999084472656,1507.0
2024-10-31 15:48:00+00:00,METC,10.25,10.25,10.25,10.25,10.25,1247.0
2024-10-31 15:48:00+00:00,ORGN,1.3949999809265137,1.3949999809265137,1.3949999809265137,1.3949999809265137,1.3949999809265137,283.0
2024-10-31 15:48:00+00:00,PAAS,23.385000228881836,23.385000228881836,23.389999389648438,23.3700008392334,23.375,13233.0
2024-10-31 15:48:00+00:00,PLL,13.100000381469727,13.100000381469727,13.100000381469727,13.079999923706055,13.094499588012695,1351.0
2024-10-31 15:48:00+00:00,RGLD,146.44000244140625,146.44000244140625,146.4600067138672,146.44000244140625,146.4600067138672,1176.0
2024-10-31 15:48:00+00:00,RKDA,3.860100030899048,3.860100030899048,3.899899959564209,3.860100030899048,3.899899959564209,13991.0
2024-10-31 15:48:00+00:00,SGML,13.670000076293945,13.670000076293945,13.699999809265137,13.670000076293945,13.699999809265137,2785.0
2024-10-31 15:48:00+00:00,SSRM,6.150000095367432,6.150000095367432,6.150000095367432,6.144999980926514,6.144999980926514,3282.0
2024-10-31 15:48:00+00:00,STLD,131.19000244140625,131.19000244140625,131.19000244140625,131.10000610351562,131.10000610351562,5457.0
2024-10-31 15:48:00+00:00,TMC,0.9887999892234802,0.9887999892234802,0.9887999892234802,0.9887999892234802,0.9887999892234802,122.0
2024-10-31 15:48:00+00:00,UFPI,123.0,123.0,123.01000213623047,123.0,123.01000213623047,2172.0
2024-10-31 15:48:00+00:00,USAP,43.869998931884766,43.869998931884766,43.869998931884766,43.869998931884766,43.869998931884766,801.0
2024-10-31 15:48:00+00:00,WDFC,263.3554992675781,263.3554992675781,263.3554992675781,263.3554992675781,263.3554992675781,136.0
2024-10-31 15:48:00+00:00,ZEUS,36.060001373291016,36.060001373291016,36.060001373291016,36.040000915527344,36.040000915527344,2013.0
2024-10-31 15:49:00+00:00,ACNT,9.385000228881836,9.385000228881836,9.385000228881836,9.385000228881836,9.385000228881836,600.0
2024-10-31 15:49:00+00:00,ALTO,1.7949999570846558,1.7949999570846558,1.798699975013733,1.7949999570846558,1.798699975013733,3495.0
2024-10-31 15:49:00+00:00,AREC,1.0199999809265137,1.0199999809265137,1.0199999809265137,1.0199999809265137,1.0199999809265137,2112.0
2024-10-31 15:49:00+00:00,ASTL,10.420000076293945,10.420000076293945,10.425000190734863,10.414999961853027,10.420000076293945,4432.0
2024-10-31 15:49:00+00:00,BCPC,168.69500732421875,168.69500732421875,168.69500732421875,168.63999938964844,168.63999938964844,723.0
2024-10-31 15:49:00+00:00,BIOX,6.755000114440918,6.755000114440918,6.755000114440918,6.755000114440918,6.755000114440918,200.0
2024-10-31 15:49:00+00:00,CENX,17.799999237060547,17.799999237060547,17.81999969482422,17.799999237060547,17.815000534057617,4647.0
2024-10-31 15:49:00+00:00,CNEY,0.5460000038146973,0.5460000038146973,0.5515000224113464,0.5360000133514404,0.5360000133514404,2980.0
2024-10-31 15:49:00+00:00,FEAM,0.49300000071525574,0.49300000071525574,0.49300000071525574,0.49300000071525574,0.49300000071525574,179.0
2024-10-31 15:49:00+00:00,GEVO,2.3399999141693115,2.3399999141693115,2.3399999141693115,2.3350000381469727,2.3399999141693115,9717.0
2024-10-31 15:49:00+00:00,GPRE,12.300000190734863,12.300000190734863,12.3100004196167,12.279999732971191,12.28499984741211,6260.0
2024-10-31 15:49:00+00:00,GSM,4.204999923706055,4.204999923706055,4.210000038146973,4.199999809265137,4.210000038146973,1382.0
2024-10-31 15:49:00+00:00,HDSN,7.670000076293945,7.670000076293945,7.670000076293945,7.670000076293945,7.670000076293945,1048.0
2024-10-31 15:49:00+00:00,HWKN,107.55500030517578,107.55500030517578,107.55500030517578,107.55500030517578,107.55500030517578,485.0
2024-10-31 15:49:00+00:00,HYMC,2.440000057220459,2.440000057220459,2.440000057220459,2.440000057220459,2.440000057220459,221.0
2024-10-31 15:49:00+00:00,MEOH,39.244998931884766,39.244998931884766,39.244998931884766,39.244998931884766,39.244998931884766,813.0
2024-10-31 15:49:00+00:00,MERC,6.534999847412109,6.534999847412109,6.539999961853027,6.519999980926514,6.519999980926514,7287.0
2024-10-31 15:49:00+00:00,METC,10.25,10.25,10.25,10.25,10.25,1202.0
2024-10-31 15:49:00+00:00,ORGN,1.3899999856948853,1.3899999856948853,1.3980000019073486,1.3899999856948853,1.3980000019073486,904.0
2024-10-31 15:49:00+00:00,PAAS,23.40999984741211,23.40999984741211,23.41990089416504,23.385000228881836,23.385000228881836,37255.0
2024-10-31 15:49:00+00:00,PLL,13.109999656677246,13.109999656677246,13.109999656677246,13.109999656677246,13.109999656677246,550.0
2024-10-31 15:49:00+00:00,PPTA,10.239999771118164,10.239999771118164,10.239999771118164,10.229999542236328,10.229999542236328,2116.0
2024-10-31 15:49:00+00:00,RGLD,146.41000366210938,146.41000366210938,146.5699005126953,146.3699951171875,146.3699951171875,2915.0
2024-10-31 15:49:00+00:00,SGML,13.680000305175781,13.680000305175781,13.680000305175781,13.680000305175781,13.680000305175781,1192.0
2024-10-31 15:49:00+00:00,SSRM,6.144999980926514,6.144999980926514,6.150000095367432,6.144999980926514,6.144999980926514,2257.0
2024-10-31 15:49:00+00:00,STLD,131.1300048828125,131.1300048828125,131.22999572753906,131.1300048828125,131.1699981689453,7360.0
2024-10-31 15:49:00+00:00,TMC,0.9854999780654907,0.9854999780654907,0.9854999780654907,0.9854000210762024,0.9854000210762024,1039.0
2024-10-31 15:49:00+00:00,WDFC,263.1199951171875,263.1199951171875,263.3699951171875,263.0400085449219,263.3699951171875,2465.0
2024-10-31 15:50:00+00:00,ALTO,1.7899999618530273,1.7899999618530273,1.7899999618530273,1.7899999618530273,1.7899999618530273,571.0
2024-10-31 15:50:00+00:00,ASTL,10.420000076293945,10.420000076293945,10.430000305175781,10.399999618530273,10.40999984741211,27303.0
2024-10-31 15:50:00+00:00,BCPC,168.60000610351562,168.60000610351562,168.60000610351562,168.60000610351562,168.60000610351562,1258.0
2024-10-31 15:50:00+00:00,BIOX,6.760000228881836,6.760000228881836,6.760000228881836,6.760000228881836,6.760000228881836,235.0
2024-10-31 15:50:00+00:00,CENX,17.799999237060547,17.799999237060547,17.809999465942383,17.799999237060547,17.809999465942383,1788.0
2024-10-31 15:50:00+00:00,CNEY,0.5569999814033508,0.5569999814033508,0.5569999814033508,0.5460000038146973,0.5460000038146973,15666.0
2024-10-31 15:50:00+00:00,CRKN,0.949999988079071,0.949999988079071,0.949999988079071,0.9423999786376953,0.9423999786376953,678.0
2024-10-31 15:50:00+00:00,GEVO,2.3350000381469727,2.3350000381469727,2.3450000286102295,2.3350000381469727,2.3450000286102295,89951.0
2024-10-31 15:50:00+00:00,GPRE,12.3100004196167,12.3100004196167,12.329000473022461,12.274999618530273,12.289999961853027,16087.0
2024-10-31 15:50:00+00:00,GSM,4.201099872589111,4.201099872589111,4.210000038146973,4.201099872589111,4.204999923706055,7427.0
2024-10-31 15:50:00+00:00,GURE,0.6906999945640564,0.6906999945640564,0.6906999945640564,0.6906999945640564,0.6906999945640564,943.0
2024-10-31 15:50:00+00:00,HDSN,7.660099983215332,7.660099983215332,7.670000076293945,7.660099983215332,7.669899940490723,1752.0
2024-10-31 15:50:00+00:00,IPX,21.75,21.75,21.760000228881836,21.75,21.760000228881836,1654.0
2024-10-31 15:50:00+00:00,KALU,74.87000274658203,74.87000274658203,74.94999694824219,74.66000366210938,74.94999694824219,4811.0
2024-10-31 15:50:00+00:00,LWLG,3.184999942779541,3.184999942779541,3.194999933242798,3.184999942779541,3.194999933242798,4288.0
2024-10-31 15:50:00+00:00,MEOH,39.400001525878906,39.400001525878906,39.41999816894531,39.2599983215332,39.2599983215332,11180.0
2024-10-31 15:50:00+00:00,MERC,6.53000020980835,6.53000020980835,6.534999847412109,6.53000020980835,6.53000020980835,2857.0
2024-10-31 15:50:00+00:00,METC,10.260000228881836,10.260000228881836,10.265000343322754,10.25,10.265000343322754,4720.0
2024-10-31 15:50:00+00:00,ORGN,1.3899999856948853,1.3899999856948853,1.3949999809265137,1.3899999856948853,1.3949999809265137,1087.0
2024-10-31 15:50:00+00:00,PAAS,23.395000457763672,23.395000457763672,23.405000686645508,23.360000610351562,23.399999618530273,31326.0
2024-10-31 15:50:00+00:00,PLL,13.119999885559082,13.119999885559082,13.119999885559082,13.079999923706055,13.100000381469727,2769.0
2024-10-31 15:50:00+00:00,PPTA,10.289999961853027,10.289999961853027,10.289999961853027,10.25,10.25,1837.0
2024-10-31 15:50:00+00:00,RETO,1.1200000047683716,1.1200000047683716,1.1200000047683716,1.1200000047683716,1.1200000047683716,100.0
2024-10-31 15:50:00+00:00,RGLD,146.06500244140625,146.06500244140625,146.1699981689453,146.06500244140625,146.14500427246094,4087.0
2024-10-31 15:50:00+00:00,SGML,13.6899995803833,13.6899995803833,13.699999809265137,13.680000305175781,13.680000305175781,4276.0
2024-10-31 15:50:00+00:00,SSRM,6.164999961853027,6.164999961853027,6.170000076293945,6.150000095367432,6.150000095367432,21523.0
2024-10-31 15:50:00+00:00,STLD,130.98500061035156,130.98500061035156,131.11000061035156,130.98500061035156,131.10000610351562,4706.0
2024-10-31 15:50:00+00:00,UFPI,122.95999908447266,122.95999908447266,123.04000091552734,122.91999816894531,122.91999816894531,2424.0
2024-10-31 15:50:00+00:00,USLM,113.6500015258789,113.6500015258789,113.7699966430664,113.58999633789062,113.7699966430664,1906.0
2024-10-31 15:50:00+00:00,ZEUS,35.95000076293945,35.95000076293945,35.95000076293945,35.93000030517578,35.93000030517578,894.0
2024-10-31 15:51:00+00:00,ALTO,1.7899999618530273,1.7899999618530273,1.7899999618530273,1.7899999618530273,1.7899999618530273,227.0
2024-10-31 15:51:00+00:00,ASTL,10.40999984741211,10.40999984741211,10.420000076293945,10.40999984741211,10.420000076293945,9826.0
2024-10-31 15:51:00+00:00,BCPC,168.55999755859375,168.55999755859375,168.55999755859375,168.5399932861328,168.5399932861328,538.0
2024-10-31 15:51:00+00:00,BIOX,6.739999771118164,6.739999771118164,6.760000228881836,6.739999771118164,6.760000228881836,3137.0
2024-10-31 15:51:00+00:00,CENX,17.790000915527344,17.790000915527344,17.794300079345703,17.78499984741211,17.794300079345703,4293.0
2024-10-31 15:51:00+00:00,CNEY,0.5565999746322632,0.5565999746322632,0.5600000023841858,0.5533000230789185,0.557699978351593,4396.0
2024-10-31 15:51:00+00:00,CRKN,0.949999988079071,0.949999988079071,0.949999988079071,0.949999988079071,0.949999988079071,300.0
2024-10-31 15:51:00+00:00,GEVO,2.3499999046325684,2.3499999046325684,2.3499999046325684,2.3350000381469727,2.3350000381469727,55662.0
2024-10-31 15:51:00+00:00,GPRE,12.300000190734863,12.300000190734863,12.3100004196167,12.289999961853027,12.3100004196167,15891.0
2024-10-31 15:51:00+00:00,GSM,4.204999923706055,4.204999923706055,4.210000038146973,4.199999809265137,4.210000038146973,5155.0
2024-10-31 15:51:00+00:00,HDSN,7.670000076293945,7.670000076293945,7.670000076293945,7.666100025177002,7.666100025177002,1889.0
2024-10-31 15:51:00+00:00,HWKN,107.21499633789062,107.21499633789062,107.5250015258789,107.16000366210938,107.5,3119.0
2024-10-31 15:51:00+00:00,HYMC,2.449700117111206,2.449700117111206,2.449700117111206,2.434999942779541,2.434999942779541,310.0
2024-10-31 15:51:00+00:00,IOSP,108.61499786376953,108.61499786376953,108.61499786376953,108.61499786376953,108.61499786376953,1025.0
2024-10-31 15:51:00+00:00,KALU,74.68000030517578,74.68000030517578,74.68000030517578,74.68000030517578,74.68000030517578,245.0
2024-10-31 15:51:00+00:00,LITM,0.3720000088214874,0.3720000088214874,0.3720000088214874,0.3720000088214874,0.3720000088214874,4769.0
2024-10-31 15:51:00+00:00,LWLG,3.190000057220459,3.190000057220459,3.190000057220459,3.184999942779541,3.184999942779541,352.0
2024-10-31 15:51:00+00:00,MEOH,39.415000915527344,39.415000915527344,39.415000915527344,39.38999938964844,39.38999938964844,1535.0
2024-10-31 15:51:00+00:00,MERC,6.537899971008301,6.537899971008301,6.539999961853027,6.53000020980835,6.53000020980835,4498.0
2024-10-31 15:51:00+00:00,METC,10.255000114440918,10.255000114440918,10.255000114440918,10.25,10.255000114440918,2251.0
2024-10-31 15:51:00+00:00,PAAS,23.405000686645508,23.405000686645508,23.420000076293945,23.389999389648438,23.389999389648438,17220.0
2024-10-31 15:51:00+00:00,PPTA,10.289999961853027,10.289999961853027,10.300000190734863,10.270000457763672,10.270000457763672,970.0
2024-10-31 15:51:00+00:00,RGLD,146.19000244140625,146.19000244140625,146.19000244140625,146.08999633789062,146.08999633789062,1770.0
2024-10-31 15:51:00+00:00,SGML,13.729999542236328,13.729999542236328,13.770000457763672,13.6899995803833,13.6899995803833,59059.0
2024-10-31 15:51:00+00:00,SSRM,6.170000076293945,6.170000076293945,6.170000076293945,6.161399841308594,6.164999961853027,9574.0
2024-10-31 15:51:00+00:00,STLD,130.91000366210938,130.91000366210938,130.97000122070312,130.88999938964844,130.9550018310547,5128.0
2024-10-31 15:51:00+00:00,TMC,0.9850999712944031,0.9850999712944031,0.9887999892234802,0.9850999712944031,0.9887999892234802,2550.0
2024-10-31 15:51:00+00:00,UFPI,122.94000244140625,122.94000244140625,122.96499633789062,122.88999938964844,122.96499633789062,2897.0
2024-10-31 15:51:00+00:00,USLM,113.44999694824219,113.44999694824219,113.66999816894531,113.44999694824219,113.66999816894531,975.0
2024-10-31 15:51:00+00:00,ZEUS,35.959999084472656,35.959999084472656,35.959999084472656,35.959999084472656,35.959999084472656,1786.0
2024-10-31 15:52:00+00:00,ALTO,1.7999999523162842,1.7999999523162842,1.7999999523162842,1.7989000082015991,1.7999000549316406,2067.0
2024-10-31 15:52:00+00:00,ASTL,10.420000076293945,10.420000076293945,10.420000076293945,10.40999984741211,10.40999984741211,4390.0
2024-10-31 15:52:00+00:00,BCPC,167.9949951171875,167.9949951171875,168.3300018310547,167.9949951171875,168.3300018310547,1773.0
2024-10-31 15:52:00+00:00,BIOX,6.71999979019165,6.71999979019165,6.739999771118164,6.71999979019165,6.739999771118164,907.0
2024-10-31 15:52:00+00:00,CENX,17.790000915527344,17.790000915527344,17.790000915527344,17.78499984741211,17.78499984741211,1330.0
2024-10-31 15:52:00+00:00,CNEY,0.5550000071525574,0.5550000071525574,0.5600000023841858,0.5533000230789185,0.5598999857902527,22480.0
2024-10-31 15:52:00+00:00,CRKN,0.949999988079071,0.949999988079071,0.949999988079071,0.949999988079071,0.949999988079071,586.0
2024-10-31 15:52:00+00:00,GEVO,2.3450000286102295,2.3450000286102295,2.349900007247925,2.3399999141693115,2.3450000286102295,11806.0
2024-10-31 15:52:00+00:00,GPRE,12.270000457763672,12.270000457763672,12.291999816894531,12.270000457763672,12.289999961853027,8272.0
2024-10-31 15:52:00+00:00,GSM,4.204999923706055,4.204999923706055,4.210000038146973,4.204999923706055,4.210000038146973,2631.0
2024-10-31 15:52:00+00:00,GURE,0.675000011920929,0.675000011920929,0.675000011920929,0.675000011920929,0.675000011920929,402.0
2024-10-31 15:52:00+00:00,HDSN,7.670000076293945,7.670000076293945,7.670000076293945,7.664999961853027,7.664999961853027,1190.0
2024-10-31 15:52:00+00:00,HWKN,107.11000061035156,107.11000061035156,107.23819732666016,107.11000061035156,107.16999816894531,1250.0
2024-10-31 15:52:00+00:00,HYMC,2.420099973678589,2.420099973678589,2.420099973678589,2.420099973678589,2.420099973678589,1138.0
2024-10-31 15:52:00+00:00,IONR,7.78000020980835,7.78000020980835,7.78000020980835,7.78000020980835,7.78000020980835,945.0
2024-10-31 15:52:00+00:00,KALU,74.6449966430664,74.6449966430664,74.6449966430664,74.6449966430664,74.6449966430664,1219.0
2024-10-31 15:52:00+00:00,LOOP,1.3200000524520874,1.3200000524520874,1.3200000524520874,1.3200000524520874,1.3200000524520874,212.0
2024-10-31 15:52:00+00:00,LWLG,3.184999942779541,3.184999942779541,3.184999942779541,3.180000066757202,3.180000066757202,3295.0
2024-10-31 15:52:00+00:00,MEOH,39.349998474121094,39.349998474121094,39.380001068115234,39.349998474121094,39.380001068115234,4267.0
2024-10-31 15:52:00+00:00,MERC,6.534999847412109,6.534999847412109,6.566999912261963,6.521599769592285,6.53000020980835,13853.0
2024-10-31 15:52:00+00:00,METC,10.25,10.25,10.274999618530273,10.25,10.255000114440918,8329.0
2024-10-31 15:52:00+00:00,ORGN,1.3949999809265137,1.3949999809265137,1.3949999809265137,1.3949999809265137,1.3949999809265137,141.0
2024-10-31 15:52:00+00:00,PAAS,23.405000686645508,23.405000686645508,23.40999984741211,23.375,23.404600143432617,31425.0
2024-10-31 15:52:00+00:00,PLL,13.09000015258789,13.09000015258789,13.10770034790039,13.09000015258789,13.10770034790039,3713.0
2024-10-31 15:52:00+00:00,PPTA,10.279999732971191,10.279999732971191,10.279999732971191,10.279999732971191,10.279999732971191,987.0
2024-10-31 15:52:00+00:00,RETO,1.1200000047683716,1.1200000047683716,1.1200000047683716,1.1200000047683716,1.1200000047683716,223.0
2024-10-31 15:52:00+00:00,RGLD,146.24000549316406,146.24000549316406,146.24000549316406,146.1199951171875,146.1199951171875,4766.0
2024-10-31 15:52:00+00:00,RKDA,3.859999895095825,3.859999895095825,3.890000104904175,3.859999895095825,3.890000104904175,1525.0
2024-10-31 15:52:00+00:00,SGML,13.739999771118164,13.739999771118164,13.760000228881836,13.739999771118164,13.760000228881836,3273.0
2024-10-31 15:52:00+00:00,SSRM,6.164999961853027,6.164999961853027,6.170000076293945,6.164999961853027,6.170000076293945,8009.0
2024-10-31 15:52:00+00:00,STLD,130.7949981689453,130.7949981689453,130.89999389648438,130.72000122070312,130.86000061035156,13245.0
2024-10-31 15:52:00+00:00,UFPI,122.79000091552734,122.79000091552734,122.91000366210938,122.79000091552734,122.91000366210938,3024.0
2024-10-31 15:52:00+00:00,USAP,43.87810134887695,43.87810134887695,43.87810134887695,43.849998474121094,43.875,1712.0
2024-10-31 15:52:00+00:00,USLM,113.42500305175781,113.42500305175781,113.42500305175781,113.33999633789062,113.37000274658203,812.0
2024-10-31 15:52:00+00:00,WDFC,262.9200134277344,262.9200134277344,262.9200134277344,262.9200134277344,262.9200134277344,379.0
2024-10-31 15:53:00+00:00,ALTO,1.7949999570846558,1.7949999570846558,1.798699975013733,1.7949999570846558,1.798699975013733,1002.0
2024-10-31 15:53:00+00:00,ASTL,10.40999984741211,10.40999984741211,10.420000076293945,10.40999984741211,10.40999984741211,7919.0
2024-10-31 15:53:00+00:00,CENX,17.770000457763672,17.770000457763672,17.79800033569336,17.770000457763672,17.790000915527344,4903.0
2024-10-31 15:53:00+00:00,CNEY,0.5465999841690063,0.5465999841690063,0.5533000230789185,0.5465999841690063,0.5533000230789185,15624.0
2024-10-31 15:53:00+00:00,CRKN,0.949999988079071,0.949999988079071,0.949999988079071,0.949999988079071,0.949999988079071,342.0
2024-10-31 15:53:00+00:00,GEVO,2.3422999382019043,2.3422999382019043,2.349900007247925,2.342099905014038,2.3450000286102295,5291.0
2024-10-31 15:53:00+00:00,GPRE,12.234999656677246,12.234999656677246,12.270000457763672,12.229999542236328,12.270000457763672,16679.0
2024-10-31 15:53:00+00:00,GSM,4.210000038146973,4.210000038146973,4.210000038146973,4.199999809265137,4.210000038146973,3653.0
2024-10-31 15:53:00+00:00,HDSN,7.650000095367432,7.650000095367432,7.670000076293945,7.64900016784668,7.670000076293945,6163.0
2024-10-31 15:53:00+00:00,HWKN,106.66999816894531,106.66999816894531,106.66999816894531,106.66999816894531,106.66999816894531,490.0
2024-10-31 15:53:00+00:00,HYMC,2.449899911880493,2.449899911880493,2.449899911880493,2.449899911880493,2.449899911880493,288.0
2024-10-31 15:53:00+00:00,IPX,21.700000762939453,21.700000762939453,21.700000762939453,21.700000762939453,21.700000762939453,598.0
2024-10-31 15:53:00+00:00,KALU,74.5,74.5,74.5999984741211,74.5,74.5999984741211,821.0
2024-10-31 15:53:00+00:00,LGO,2.408600091934204,2.408600091934204,2.4100000858306885,2.3980000019073486,2.3980000019073486,2189.0
2024-10-31 15:53:00+00:00,LWLG,3.184999942779541,3.184999942779541,3.184999942779541,3.184999942779541,3.184999942779541,519.0
2024-10-31 15:53:00+00:00,MEOH,39.33000183105469,39.33000183105469,39.33000183105469,39.33000183105469,39.33000183105469,1320.0
2024-10-31 15:53:00+00:00,MERC,6.534999847412109,6.534999847412109,6.534999847412109,6.534999847412109,6.534999847412109,580.0
2024-10-31 15:53:00+00:00,METC,10.229999542236328,10.229999542236328,10.239999771118164,10.220999717712402,10.239999771118164,3188.0
2024-10-31 15:53:00+00:00,ORGN,1.3949999809265137,1.3949999809265137,1.3949999809265137,1.3899999856948853,1.3899999856948853,4437.0
2024-10-31 15:53:00+00:00,PAAS,23.375,23.375,23.399999618530273,23.3700008392334,23.399999618530273,12651.0
2024-10-31 15:53:00+00:00,PLL,13.079999923706055,13.079999923706055,13.099900245666504,13.079999923706055,13.087499618530273,1961.0
2024-10-31 15:53:00+00:00,PPTA,10.28499984741211,10.28499984741211,10.289999961853027,10.270000457763672,10.270000457763672,1254.0
2024-10-31 15:53:00+00:00,RGLD,146.3800048828125,146.3800048828125,146.50999450683594,146.35000610351562,146.35000610351562,5657.0
2024-10-31 15:53:00+00:00,SGML,13.710000038146973,13.710000038146973,13.770000457763672,13.710000038146973,13.749899864196777,9202.0
2024-10-31 15:53:00+00:00,SSRM,6.164999961853027,6.164999961853027,6.170000076293945,6.159999847412109,6.170000076293945,4544.0
2024-10-31 15:53:00+00:00,STLD,130.72500610351562,130.72500610351562,130.75,130.66000366210938,130.75,16291.0
2024-10-31 15:53:00+00:00,TMC,0.9850000143051147,0.9850000143051147,0.9854000210762024,0.9850000143051147,0.9854000210762024,10483.0
2024-10-31 15:53:00+00:00,UFPI,122.7699966430664,122.7699966430664,122.7699966430664,122.76000213623047,122.76000213623047,1520.0
2024-10-31 15:53:00+00:00,USLM,113.33999633789062,113.33999633789062,113.33999633789062,113.19000244140625,113.19000244140625,1080.0
2024-10-31 15:53:00+00:00,WDFC,262.739990234375,262.739990234375,262.739990234375,262.739990234375,262.739990234375,274.0
2024-10-31 15:54:00+00:00,ALTO,1.7920000553131104,1.7920000553131104,1.7949999570846558,1.7920000553131104,1.7949999570846558,5465.0
2024-10-31 15:54:00+00:00,ASTL,10.404999732971191,10.404999732971191,10.414999961853027,10.404999732971191,10.40999984741211,4556.0
2024-10-31 15:54:00+00:00,BCPC,168.22999572753906,168.22999572753906,168.22999572753906,168.22999572753906,168.22999572753906,918.0
2024-10-31 15:54:00+00:00,BIOX,6.71999979019165,6.71999979019165,6.71999979019165,6.710000038146973,6.71999979019165,991.0
2024-10-31 15:54:00+00:00,CENX,17.7549991607666,17.7549991607666,17.780000686645508,17.7549991607666,17.770000457763672,5729.0
2024-10-31 15:54:00+00:00,CNEY,0.5465999841690063,0.5465999841690063,0.5489000082015991,0.5465999841690063,0.5465999841690063,10853.0
2024-10-31 15:54:00+00:00,CRKN,0.9359999895095825,0.9359999895095825,0.949999988079071,0.9359999895095825,0.949999988079071,502.0
2024-10-31 15:54:00+00:00,FEAM,0.4641999900341034,0.4641999900341034,0.4641999900341034,0.4641999900341034,0.4641999900341034,327.0
2024-10-31 15:54:00+00:00,GEVO,2.325000047683716,2.325000047683716,2.3485000133514404,2.325000047683716,2.3450000286102295,129953.0
2024-10-31 15:54:00+00:00,GPRE,12.260000228881836,12.260000228881836,12.260000228881836,12.210000038146973,12.239999771118164,27355.0
2024-10-31 15:54:00+00:00,GSM,4.210000038146973,4.210000038146973,4.210000038146973,4.204999923706055,4.210000038146973,11155.0
2024-10-31 15:54:00+00:00,HDSN,7.65500020980835,7.65500020980835,7.656000137329102,7.65500020980835,7.656000137329102,1359.0
2024-10-31 15:54:00+00:00,HWKN,106.66000366210938,106.66000366210938,106.66000366210938,106.33000183105469,106.37000274658203,1649.0
2024-10-31 15:54:00+00:00,IOSP,107.86000061035156,107.86000061035156,108.16000366210938,107.86000061035156,108.16000366210938,1215.0
2024-10-31 15:54:00+00:00,KALU,74.41000366210938,74.41000366210938,74.55500030517578,74.3949966430664,74.52999877929688,3413.0
2024-10-31 15:54:00+00:00,LGO,2.440000057220459,2.440000057220459,2.440000057220459,2.408600091934204,2.4089999198913574,4406.0
2024-10-31 15:54:00+00:00,LITM,0.3720000088214874,0.3720000088214874,0.3720000088214874,0.3720000088214874,0.3720000088214874,9296.0
2024-10-31 15:54:00+00:00,LOOP,1.3200000524520874,1.3200000524520874,1.3200000524520874,1.3200000524520874,1.3200000524520874,380.0
2024-10-31 15:54:00+00:00,LWLG,3.170099973678589,3.170099973678589,3.184999942779541,3.170099973678589,3.180000066757202,4522.0
2024-10-31 15:54:00+00:00,MEOH,39.317501068115234,39.317501068115234,39.317501068115234,39.314998626708984,39.314998626708984,2974.0
2024-10-31 15:54:00+00:00,MERC,6.534999847412109,6.534999847412109,6.539999961853027,6.534999847412109,6.539999961853027,2191.0
2024-10-31 15:54:00+00:00,METC,10.229999542236328,10.229999542236328,10.229999542236328,10.229999542236328,10.229999542236328,957.0
2024-10-31 15:54:00+00:00,PAAS,23.364999771118164,23.364999771118164,23.3799991607666,23.360000610351562,23.3700008392334,18912.0
2024-10-31 15:54:00+00:00,PLL,13.130000114440918,13.130000114440918,13.149999618530273,13.085000038146973,13.09000015258789,5279.0
2024-10-31 15:54:00+00:00,PPTA,10.289999961853027,10.289999961853027,10.289999961853027,10.289999961853027,10.289999961853027,1478.0
2024-10-31 15:54:00+00:00,RGLD,146.3000030517578,146.3000030517578,146.47999572753906,146.3000030517578,146.38999938964844,8768.0
2024-10-31 15:54:00+00:00,RKDA,3.859999895095825,3.859999895095825,3.859999895095825,3.859999895095825,3.859999895095825,932.0
2024-10-31 15:54:00+00:00,SGML,13.75,13.75,13.75,13.704999923706055,13.704999923706055,6836.0
2024-10-31 15:54:00+00:00,SSRM,6.15500020980835,6.15500020980835,6.164999961853027,6.139999866485596,6.159999847412109,93018.0
2024-10-31 15:54:00+00:00,STLD,130.74000549316406,130.74000549316406,130.7949981689453,130.52999877929688,130.75999450683594,28635.0
2024-10-31 15:54:00+00:00,UFPI,122.5,122.5,122.87000274658203,122.5,122.80999755859375,5102.0
2024-10-31 15:54:00+00:00,USAP,43.810001373291016,43.810001373291016,43.81999969482422,43.810001373291016,43.81999969482422,1319.0
2024-10-31 15:54:00+00:00,USAU,6.130099773406982,6.130099773406982,6.130099773406982,6.130099773406982,6.130099773406982,3418.0
2024-10-31 15:54:00+00:00,USLM,112.9000015258789,112.9000015258789,113.47000122070312,112.9000015258789,113.47000122070312,3723.0
2024-10-31 15:54:00+00:00,WDFC,262.57000732421875,262.57000732421875,262.7099914550781,262.57000732421875,262.7099914550781,1854.0
2024-10-31 15:55:00+00:00,ALTO,1.7999000549316406,1.7999000549316406,1.7999999523162842,1.7949999570846558,1.7949999570846558,1160.0
2024-10-31 15:55:00+00:00,ASTL,10.385000228881836,10.385000228881836,10.40999984741211,10.385000228881836,10.399999618530273,8450.0
2024-10-31 15:55:00+00:00,BIOX,6.710000038146973,6.710000038146973,6.71999979019165,6.710000038146973,6.71999979019165,1377.0
2024-10-31 15:55:00+00:00,CENX,17.729999542236328,17.729999542236328,17.75,17.729999542236328,17.75,3342.0
2024-10-31 15:55:00+00:00,CNEY,0.5498999953269958,0.5498999953269958,0.5498999953269958,0.5465999841690063,0.5467000007629395,15906.0
2024-10-31 15:55:00+00:00,GEVO,2.325000047683716,2.325000047683716,2.3350000381469727,2.319999933242798,2.3299999237060547,130132.0
2024-10-31 15:55:00+00:00,GPRE,12.255000114440918,12.255000114440918,12.260000228881836,12.220000267028809,12.260000228881836,19504.0
2024-10-31 15:55:00+00:00,GSM,4.204999923706055,4.204999923706055,4.210000038146973,4.199999809265137,4.210000038146973,17523.0
2024-10-31 15:55:00+00:00,GURE,0.6898999810218811,0.6898999810218811,0.6898999810218811,0.6898999810218811,0.6898999810218811,238.0
2024-10-31 15:55:00+00:00,HDSN,7.65500020980835,7.65500020980835,7.659999847412109,7.650000095367432,7.65500020980835,4526.0
2024-10-31 15:55:00+00:00,HWKN,106.67510223388672,106.67510223388672,106.67510223388672,106.67510223388672,106.67510223388672,565.0
2024-10-31 15:55:00+00:00,IOSP,107.80000305175781,107.80000305175781,107.86000061035156,107.80000305175781,107.86000061035156,2008.0
2024-10-31 15:55:00+00:00,KALU,74.2300033569336,74.2300033569336,74.27999877929688,74.10099792480469,74.2699966430664,7292.0
2024-10-31 15:55:00+00:00,LGO,2.450000047683716,2.450000047683716,2.450000047683716,2.440000057220459,2.440000057220459,3161.0
2024-10-31 15:55:00+00:00,LWLG,3.1700000762939453,3.1700000762939453,3.174999952316284,3.1700000762939453,3.1700000762939453,1740.0
2024-10-31 15:55:00+00:00,MEOH,39.22999954223633,39.22999954223633,39.29999923706055,39.18000030517578,39.290000915527344,9879.0
2024-10-31 15:55:00+00:00,MERC,6.53000020980835,6.53000020980835,6.534999847412109,6.53000020980835,6.53000020980835,3964.0
2024-10-31 15:55:00+00:00,METC,10.199999809265137,10.199999809265137,10.229999542236328,10.199999809265137,10.229999542236328,4906.0
2024-10-31 15:55:00+00:00,ORGN,1.399999976158142,1.399999976158142,1.399999976158142,1.3949999809265137,1.3949999809265137,949.0
2024-10-31 15:55:00+00:00,PAAS,23.360000610351562,23.360000610351562,23.360000610351562,23.31999969482422,23.360000610351562,47353.0
2024-10-31 15:55:00+00:00,PPTA,10.270000457763672,10.270000457763672,10.279999732971191,10.260000228881836,10.260000228881836,2559.0
2024-10-31 15:55:00+00:00,RGLD,146.1750030517578,146.1750030517578,146.39999389648438,146.10000610351562,146.2899932861328,3337.0
2024-10-31 15:55:00+00:00,RKDA,3.8478000164031982,3.8478000164031982,3.8478000164031982,3.8478000164031982,3.8478000164031982,591.0
2024-10-31 15:55:00+00:00,SGML,13.65999984741211,13.65999984741211,13.734999656677246,13.654999732971191,13.734999656677246,10035.0
2024-10-31 15:55:00+00:00,SSRM,6.175000190734863,6.175000190734863,6.179999828338623,6.158999919891357,6.179999828338623,83033.0
2024-10-31 15:55:00+00:00,STLD,130.8300018310547,130.8300018310547,130.8300018310547,130.66000366210938,130.7050018310547,16254.0
2024-10-31 15:55:00+00:00,TMC,0.9853000044822693,0.9853000044822693,0.9853000044822693,0.9853000044822693,0.9853000044822693,301.0
2024-10-31 15:55:00+00:00,UFPI,122.79000091552734,122.79000091552734,122.83000183105469,122.5999984741211,122.5999984741211,4585.0
2024-10-31 15:55:00+00:00,USAP,43.790000915527344,43.790000915527344,43.790000915527344,43.790000915527344,43.790000915527344,866.0
2024-10-31 15:55:00+00:00,USLM,112.68000030517578,112.68000030517578,112.68000030517578,112.62999725341797,112.63999938964844,875.0
2024-10-31 15:55:00+00:00,ZEUS,35.959999084472656,35.959999084472656,35.959999084472656,35.939998626708984,35.939998626708984,1503.0
2024-10-31 15:56:00+00:00,ALTO,1.7899999618530273,1.7899999618530273,1.7999999523162842,1.7899999618530273,1.7899999618530273,4832.0
2024-10-31 15:56:00+00:00,ASTL,10.385000228881836,10.385000228881836,10.385000228881836,10.380000114440918,10.380000114440918,7702.0
2024-10-31 15:56:00+00:00,BCPC,167.75,167.75,167.75,167.75,167.75,908.0
2024-10-31 15:56:00+00:00,BIOX,6.715000152587891,6.715000152587891,6.715000152587891,6.715000152587891,6.715000152587891,296.0
2024-10-31 15:56:00+00:00,CENX,17.719999313354492,17.719999313354492,17.735000610351562,17.709999084472656,17.735000610351562,8289.0
2024-10-31 15:56:00+00:00,CNEY,0.5299999713897705,0.5299999713897705,0.5465999841690063,0.5299999713897705,0.5465999841690063,102922.0
2024-10-31 15:56:00+00:00,CRKN,0.949999988079071,0.949999988079071,0.949999988079071,0.9466999769210815,0.949999988079071,2999.0
2024-10-31 15:56:00+00:00,FEAM,0.4641999900341034,0.4641999900341034,0.4641999900341034,0.4641999900341034,0.4641999900341034,143.0
2024-10-31 15:56:00+00:00,GEVO,2.315000057220459,2.315000057220459,2.3273000717163086,2.315000057220459,2.325000047683716,139309.0
2024-10-31 15:56:00+00:00,GPRE,12.220000267028809,12.220000267028809,12.251999855041504,12.21500015258789,12.25,29000.0
2024-10-31 15:56:00+00:00,GSM,4.195000171661377,4.195000171661377,4.210000038146973,4.190000057220459,4.210000038146973,43320.0
2024-10-31 15:56:00+00:00,GURE,0.6898000240325928,0.6898000240325928,0.6898000240325928,0.6898000240325928,0.6898000240325928,221.0
2024-10-31 15:56:00+00:00,HDSN,7.650000095367432,7.650000095367432,7.65500020980835,7.650000095367432,7.65500020980835,4523.0
2024-10-31 15:56:00+00:00,HWKN,106.45999908447266,106.45999908447266,106.5,106.45999908447266,106.5,2500.0
2024-10-31 15:56:00+00:00,HYMC,2.4000000953674316,2.4000000953674316,2.42549991607666,2.4000000953674316,2.42549991607666,1754.0
2024-10-31 15:56:00+00:00,IONR,7.559999942779541,7.559999942779541,7.670000076293945,7.559999942779541,7.670000076293945,789.0
2024-10-31 15:56:00+00:00,IOSP,108.03500366210938,108.03500366210938,108.03500366210938,107.98999786376953,107.98999786376953,1174.0
2024-10-31 15:56:00+00:00,KALU,74.24500274658203,74.24500274658203,74.24500274658203,74.1500015258789,74.1500015258789,869.0
2024-10-31 15:56:00+00:00,LGO,2.4700000286102295,2.4700000286102295,2.4700000286102295,2.4579999446868896,2.4579999446868896,2565.0
2024-10-31 15:56:00+00:00,LITM,0.3720000088214874,0.3720000088214874,0.3720000088214874,0.3720000088214874,0.3720000088214874,2926.0
2024-10-31 15:56:00+00:00,LWLG,3.174999952316284,3.174999952316284,3.174999952316284,3.1700000762939453,3.174999952316284,2841.0
2024-10-31 15:56:00+00:00,MEOH,39.22999954223633,39.22999954223633,39.22999954223633,39.22999954223633,39.22999954223633,1874.0
2024-10-31 15:56:00+00:00,MERC,6.525000095367432,6.525000095367432,6.525000095367432,6.514999866485596,6.525000095367432,10677.0
2024-10-31 15:56:00+00:00,METC,10.199999809265137,10.199999809265137,10.210000038146973,10.199999809265137,10.208999633789062,5586.0
2024-10-31 15:56:00+00:00,ORGN,1.3949999809265137,1.3949999809265137,1.3949999809265137,1.3949999809265137,1.3949999809265137,167.0
2024-10-31 15:56:00+00:00,PAAS,23.325000762939453,23.325000762939453,23.35740089416504,23.325000762939453,23.354999542236328,23451.0
2024-10-31 15:56:00+00:00,PLL,13.137999534606934,13.137999534606934,13.137999534606934,13.09000015258789,13.125,7053.0
2024-10-31 15:56:00+00:00,RGLD,146.22999572753906,146.22999572753906,146.41000366210938,146.1750030517578,146.1750030517578,9050.0
2024-10-31 15:56:00+00:00,SGML,13.65999984741211,13.65999984741211,13.680000305175781,13.649999618530273,13.680000305175781,5547.0
2024-10-31 15:56:00+00:00,SNES,2.809999942779541,2.809999942779541,2.809999942779541,2.809999942779541,2.809999942779541,156.0
2024-10-31 15:56:00+00:00,SSRM,6.164999961853027,6.164999961853027,6.179999828338623,6.159999847412109,6.175000190734863,34241.0
2024-10-31 15:56:00+00:00,STLD,130.74000549316406,130.74000549316406,130.83999633789062,130.72999572753906,130.81500244140625,21068.0
2024-10-31 15:56:00+00:00,TMC,0.9889000058174133,0.9889000058174133,0.9889000058174133,0.9889000058174133,0.9889000058174133,1073.0
2024-10-31 15:56:00+00:00,UFPI,122.66000366210938,122.66000366210938,122.78500366210938,122.66000366210938,122.78500366210938,1394.0
2024-10-31 15:56:00+00:00,USAP,43.79999923706055,43.79999923706055,43.79999923706055,43.79999923706055,43.79999923706055,295.0
2024-10-31 15:56:00+00:00,USLM,112.73999786376953,112.73999786376953,112.73999786376953,112.73999786376953,112.73999786376953,471.0
2024-10-31 15:56:00+00:00,WDFC,262.29998779296875,262.29998779296875,262.510009765625,262.29998779296875,262.510009765625,936.0
2024-10-31 15:56:00+00:00,ZEUS,35.93000030517578,35.93000030517578,35.939998626708984,35.93000030517578,35.939998626708984,1059.0
2024-10-31 15:57:00+00:00,ACNT,9.3774995803833,9.3774995803833,9.3774995803833,9.3774995803833,9.3774995803833,134.0
2024-10-31 15:57:00+00:00,ALTO,1.784999966621399,1.784999966621399,1.784999966621399,1.784999966621399,1.784999966621399,1758.0
2024-10-31 15:57:00+00:00,AREC,1.024999976158142,1.024999976158142,1.024999976158142,1.024999976158142,1.024999976158142,505.0
2024-10-31 15:57:00+00:00,ASTL,10.390000343322754,10.390000343322754,10.390000343322754,10.380000114440918,10.385000228881836,6274.0
2024-10-31 15:57:00+00:00,BIOX,6.71999979019165,6.71999979019165,6.71999979019165,6.71999979019165,6.71999979019165,238.0
2024-10-31 15:57:00+00:00,CENX,17.71500015258789,17.71500015258789,17.719999313354492,17.704999923706055,17.719999313354492,6332.0
2024-10-31 15:57:00+00:00,CNEY,0.5325999855995178,0.5325999855995178,0.5400000214576721,0.5249999761581421,0.5299999713897705,47963.0
2024-10-31 15:57:00+00:00,CRKN,0.9593999981880188,0.9593999981880188,0.9593999981880188,0.9563999772071838,0.9563999772071838,667.0
2024-10-31 15:57:00+00:00,GEVO,2.3299999237060547,2.3299999237060547,2.3399999141693115,2.325000047683716,2.325000047683716,91928.0
2024-10-31 15:57:00+00:00,GPRE,12.21500015258789,12.21500015258789,12.229999542236328,12.21500015258789,12.21500015258789,21193.0
2024-10-31 15:57:00+00:00,GSM,4.199999809265137,4.199999809265137,4.199999809265137,4.195000171661377,4.195000171661377,8704.0
2024-10-31 15:57:00+00:00,GURE,0.6898999810218811,0.6898999810218811,0.6898999810218811,0.6898999810218811,0.6898999810218811,163.0
2024-10-31 15:57:00+00:00,HDSN,7.65500020980835,7.65500020980835,7.659999847412109,7.65500020980835,7.6579999923706055,3253.0
2024-10-31 15:57:00+00:00,HWKN,106.81999969482422,106.81999969482422,106.81999969482422,106.52999877929688,106.52999877929688,4122.0
2024-10-31 15:57:00+00:00,HYMC,2.4198999404907227,2.4198999404907227,2.4198999404907227,2.4198999404907227,2.4198999404907227,137.0
2024-10-31 15:57:00+00:00,IOSP,108.0999984741211,108.0999984741211,108.0999984741211,108.0999984741211,108.0999984741211,1123.0
2024-10-31 15:57:00+00:00,IPX,21.649999618530273,21.649999618530273,21.649999618530273,21.649999618530273,21.649999618530273,700.0
2024-10-31 15:57:00+00:00,KALU,74.18000030517578,74.18000030517578,74.18000030517578,74.13999938964844,74.13999938964844,2190.0
2024-10-31 15:57:00+00:00,LGO,2.4532999992370605,2.4532999992370605,2.4700000286102295,2.4532999992370605,2.4700000286102295,4418.0
2024-10-31 15:57:00+00:00,LITM,0.3700999915599823,0.3700999915599823,0.3720000088214874,0.3700999915599823,0.3720000088214874,3088.0
2024-10-31 15:57:00+00:00,LWLG,3.1700000762939453,3.1700000762939453,3.177500009536743,3.1700000762939453,3.174999952316284,8339.0
2024-10-31 15:57:00+00:00,MEOH,39.2400016784668,39.2400016784668,39.2400016784668,39.22999954223633,39.22999954223633,2533.0
2024-10-31 15:57:00+00:00,MERC,6.53000020980835,6.53000020980835,6.53000020980835,6.53000020980835,6.53000020980835,671.0
2024-10-31 15:57:00+00:00,METC,10.194999694824219,10.194999694824219,10.194999694824219,10.1899995803833,10.194999694824219,4749.0
2024-10-31 15:57:00+00:00,ORGN,1.3949999809265137,1.3949999809265137,1.3949999809265137,1.3949999809265137,1.3949999809265137,1842.0
2024-10-31 15:57:00+00:00,PAAS,23.354999542236328,23.354999542236328,23.360000610351562,23.31999969482422,23.325000762939453,39053.0
2024-10-31 15:57:00+00:00,PLL,13.15999984741211,13.15999984741211,13.170000076293945,13.13010025024414,13.13010025024414,6555.0
2024-10-31 15:57:00+00:00,PPTA,10.239999771118164,10.239999771118164,10.260000228881836,10.239999771118164,10.25,1108.0
2024-10-31 15:57:00+00:00,RGLD,146.27000427246094,146.27000427246094,146.2899932861328,146.16000366210938,146.2899932861328,5387.0
2024-10-31 15:57:00+00:00,SGML,13.59000015258789,13.59000015258789,13.65999984741211,13.59000015258789,13.649999618530273,15791.0
2024-10-31 15:57:00+00:00,SSRM,6.164999961853027,6.164999961853027,6.164999961853027,6.159999847412109,6.159999847412109,9066.0
2024-10-31 15:57:00+00:00,STLD,130.82000732421875,130.82000732421875,130.8249969482422,130.72999572753906,130.74000549316406,24085.0
2024-10-31 15:57:00+00:00,TMC,0.9853000044822693,0.9853000044822693,0.9853000044822693,0.9853000044822693,0.9853000044822693,716.0
2024-10-31 15:57:00+00:00,UFPI,122.7300033569336,122.7300033569336,122.75,122.67500305175781,122.70999908447266,2630.0
2024-10-31 15:57:00+00:00,USAP,43.779998779296875,43.779998779296875,43.810001373291016,43.779998779296875,43.810001373291016,1134.0
2024-10-31 15:57:00+00:00,USLM,112.82499694824219,112.82499694824219,112.82499694824219,112.7699966430664,112.7699966430664,1155.0
2024-10-31 15:57:00+00:00,ZEUS,35.970001220703125,35.970001220703125,35.970001220703125,35.959999084472656,35.959999084472656,890.0
2024-10-31 15:58:00+00:00,AREC,1.0199999809265137,1.0199999809265137,1.0199999809265137,1.0199999809265137,1.0199999809265137,101.0
2024-10-31 15:58:00+00:00,ASTL,10.385000228881836,10.385000228881836,10.399999618530273,10.385000228881836,10.390000343322754,13385.0
2024-10-31 15:58:00+00:00,BCPC,167.6199951171875,167.6199951171875,167.63999938964844,167.6199951171875,167.63999938964844,1617.0
2024-10-31 15:58:00+00:00,BIOX,6.71999979019165,6.71999979019165,6.71999979019165,6.71999979019165,6.71999979019165,948.0
2024-10-31 15:58:00+00:00,CENX,17.69499969482422,17.69499969482422,17.71500015258789,17.69499969482422,17.71500015258789,9236.0
2024-10-31 15:58:00+00:00,CNEY,0.5429999828338623,0.5429999828338623,0.5587000250816345,0.5329999923706055,0.5400000214576721,15183.0
2024-10-31 15:58:00+00:00,CRKN,0.9593999981880188,0.9593999981880188,0.9593999981880188,0.9593999981880188,0.9593999981880188,916.0
2024-10-31 15:58:00+00:00,GEVO,2.3450000286102295,2.3450000286102295,2.3550000190734863,2.3326001167297363,2.3326001167297363,216197.0
2024-10-31 15:58:00+00:00,GPRE,12.229999542236328,12.229999542236328,12.229999542236328,12.210000038146973,12.21500015258789,19894.0
2024-10-31 15:58:00+00:00,GSM,4.199999809265137,4.199999809265137,4.204999923706055,4.195000171661377,4.199999809265137,46980.0
2024-10-31 15:58:00+00:00,HDSN,7.670000076293945,7.670000076293945,7.670000076293945,7.659999847412109,7.659999847412109,8739.0
2024-10-31 15:58:00+00:00,HWKN,106.95999908447266,106.95999908447266,106.95999908447266,106.95999908447266,106.95999908447266,225.0
2024-10-31 15:58:00+00:00,HYMC,2.4049999713897705,2.4049999713897705,2.4100000858306885,2.4000000953674316,2.4100000858306885,1713.0
2024-10-31 15:58:00+00:00,IOSP,108.0,108.0,108.0,107.93000030517578,108.0,1863.0
2024-10-31 15:58:00+00:00,KALU,74.16000366210938,74.16000366210938,74.26000213623047,74.1500015258789,74.16999816894531,2251.0
2024-10-31 15:58:00+00:00,LITM,0.3686000108718872,0.3686000108718872,0.3700000047683716,0.3684999942779541,0.3700000047683716,2648.0
2024-10-31 15:58:00+00:00,LWLG,3.174999952316284,3.174999952316284,3.1770999431610107,3.1700000762939453,3.1700000762939453,2428.0
2024-10-31 15:58:00+00:00,MEOH,39.220001220703125,39.220001220703125,39.25,39.220001220703125,39.2400016784668,6369.0
2024-10-31 15:58:00+00:00,MERC,6.525000095367432,6.525000095367432,6.539999961853027,6.525000095367432,6.525000095367432,10002.0
2024-10-31 15:58:00+00:00,METC,10.194999694824219,10.194999694824219,10.220000267028809,10.1899995803833,10.194999694824219,10395.0
2024-10-31 15:58:00+00:00,PAAS,23.350000381469727,23.350000381469727,23.360000610351562,23.334999084472656,23.354999542236328,58881.0
2024-10-31 15:58:00+00:00,PLL,13.119999885559082,13.119999885559082,13.15999984741211,13.119999885559082,13.15999984741211,3375.0
2024-10-31 15:58:00+00:00,PPTA,10.239999771118164,10.239999771118164,10.259099960327148,10.239999771118164,10.259099960327148,4211.0
2024-10-31 15:58:00+00:00,RGLD,146.08999633789062,146.08999633789062,146.22500610351562,146.0500030517578,146.22500610351562,8408.0
2024-10-31 15:58:00+00:00,RKDA,3.859999895095825,3.859999895095825,3.859999895095825,3.859999895095825,3.859999895095825,105.0
2024-10-31 15:58:00+00:00,SGML,13.619999885559082,13.619999885559082,13.630000114440918,13.577500343322754,13.577500343322754,13887.0
2024-10-31 15:58:00+00:00,SNES,2.754499912261963,2.754499912261963,2.819999933242798,2.754499912261963,2.819999933242798,2606.0
2024-10-31 15:58:00+00:00,SSRM,6.164999961853027,6.164999961853027,6.170000076293945,6.15500020980835,6.164999961853027,55077.0
2024-10-31 15:58:00+00:00,STLD,130.60000610351562,130.60000610351562,130.83999633789062,130.55999755859375,130.82000732421875,26180.0
2024-10-31 15:58:00+00:00,TMC,0.9889000058174133,0.9889000058174133,0.9889000058174133,0.9866999983787537,0.9889000058174133,6204.0
2024-10-31 15:58:00+00:00,UFPI,122.7300033569336,122.7300033569336,122.7699966430664,122.7249984741211,122.7249984741211,2998.0
2024-10-31 15:58:00+00:00,USAP,43.79999923706055,43.79999923706055,43.79999923706055,43.79999923706055,43.79999923706055,759.0
2024-10-31 15:58:00+00:00,USAU,6.142399787902832,6.142399787902832,6.142399787902832,6.142399787902832,6.142399787902832,172.0
2024-10-31 15:58:00+00:00,USLM,112.97000122070312,112.97000122070312,112.97000122070312,112.9000015258789,112.9000015258789,1555.0
2024-10-31 15:58:00+00:00,WDFC,262.42999267578125,262.42999267578125,262.42999267578125,262.30999755859375,262.3999938964844,2161.0
2024-10-31 15:58:00+00:00,ZEUS,35.93000030517578,35.93000030517578,35.959999084472656,35.93000030517578,35.959999084472656,539.0
2024-10-31 15:59:00+00:00,ACNT,9.479999542236328,9.479999542236328,9.479999542236328,9.404999732971191,9.404999732971191,2719.0
2024-10-31 15:59:00+00:00,ALTO,1.7890000343322754,1.7890000343322754,1.7899999618530273,1.7799999713897705,1.7799999713897705,4283.0
2024-10-31 15:59:00+00:00,AREC,1.0399999618530273,1.0399999618530273,1.0399999618530273,1.024999976158142,1.024999976158142,10146.0
2024-10-31 15:59:00+00:00,ASTL,10.359999656677246,10.359999656677246,10.380000114440918,10.354999542236328,10.380000114440918,21920.0
2024-10-31 15:59:00+00:00,BCPC,167.50999450683594,167.50999450683594,167.5500030517578,167.4499969482422,167.5500030517578,2898.0
2024-10-31 15:59:00+00:00,BIOX,6.71999979019165,6.71999979019165,6.724999904632568,6.710000038146973,6.71999979019165,4842.0
2024-10-31 15:59:00+00:00,CENX,17.649999618530273,17.649999618530273,17.704999923706055,17.649999618530273,17.69499969482422,19785.0
2024-10-31 15:59:00+00:00,CNEY,0.5544000267982483,0.5544000267982483,0.5564000010490417,0.5414999723434448,0.5429999828338623,22763.0
2024-10-31 15:59:00+00:00,CRKN,0.9592999815940857,0.9592999815940857,0.9593999981880188,0.9556999802589417,0.9593999981880188,1911.0
2024-10-31 15:59:00+00:00,FEAM,0.4641999900341034,0.4641999900341034,0.4641999900341034,0.4641999900341034,0.4641999900341034,1095.0
2024-10-31 15:59:00+00:00,GEVO,2.3399999141693115,2.3399999141693115,2.3499999046325684,2.3399999141693115,2.3450000286102295,204800.0
2024-10-31 15:59:00+00:00,GPRE,12.220000267028809,12.220000267028809,12.229999542236328,12.1899995803833,12.225000381469727,57218.0
2024-10-31 15:59:00+00:00,GSM,4.199999809265137,4.199999809265137,4.204999923706055,4.190000057220459,4.204999923706055,70034.0
2024-10-31 15:59:00+00:00,GURE,0.6898999810218811,0.6898999810218811,0.6898999810218811,0.6898999810218811,0.6898999810218811,1272.0
2024-10-31 15:59:00+00:00,HDSN,7.659999847412109,7.659999847412109,7.670000076293945,7.659999847412109,7.664999961853027,14163.0
2024-10-31 15:59:00+00:00,HUDI,2.0299999713897705,2.0299999713897705,2.0299999713897705,2.0299999713897705,2.0299999713897705,1543.0
2024-10-31 15:59:00+00:00,HWKN,106.83999633789062,106.83999633789062,107.0999984741211,106.83999633789062,106.87000274658203,4584.0
2024-10-31 15:59:00+00:00,HYMC,2.4100000858306885,2.4100000858306885,2.4149999618530273,2.4100000858306885,2.4100000858306885,1915.0
2024-10-31 15:59:00+00:00,IOSP,107.77999877929688,107.77999877929688,107.93000030517578,107.77999877929688,107.91999816894531,5775.0
2024-10-31 15:59:00+00:00,IPX,21.739999771118164,21.739999771118164,21.739999771118164,21.649999618530273,21.65999984741211,1693.0
2024-10-31 15:59:00+00:00,KALU,74.27999877929688,74.27999877929688,74.33999633789062,74.22000122070312,74.22000122070312,6740.0
2024-10-31 15:59:00+00:00,LGO,2.444999933242798,2.444999933242798,2.4590001106262207,2.444999933242798,2.4549999237060547,0.0
2024-10-31 15:59:00+00:00,LITM,0.3684999942779541,0.3684999942779541,0.3817000091075897,0.3684999942779541,0.3686000108718872,3046.0
2024-10-31 15:59:00+00:00,LWLG,3.1500000953674316,3.1500000953674316,3.180000066757202,3.1500000953674316,3.177500009536743,19141.0
2024-10-31 15:59:00+00:00,MEOH,39.165000915527344,39.165000915527344,39.209999084472656,39.165000915527344,39.189998626708984,6176.0
2024-10-31 15:59:00+00:00,MERC,6.525000095367432,6.525000095367432,6.550000190734863,6.525000095367432,6.525000095367432,22698.0
2024-10-31 15:59:00+00:00,METC,10.149999618530273,10.149999618530273,10.194999694824219,10.140000343322754,10.194999694824219,17331.0
2024-10-31 15:59:00+00:00,NTIC,12.720000267028809,12.720000267028809,12.720000267028809,12.720000267028809,12.720000267028809,447.0
2024-10-31 15:59:00+00:00,ORGN,1.3899999856948853,1.3899999856948853,1.399999976158142,1.3899999856948853,1.3899999856948853,14123.0
2024-10-31 15:59:00+00:00,PAAS,23.399999618530273,23.399999618530273,23.405000686645508,23.354999542236328,23.354999542236328,162165.0
2024-10-31 15:59:00+00:00,PLL,13.100000381469727,13.100000381469727,13.130000114440918,13.09000015258789,13.12600040435791,10016.0
2024-10-31 15:59:00+00:00,PPTA,10.229999542236328,10.229999542236328,10.270000457763672,10.229999542236328,10.25,7335.0
2024-10-31 15:59:00+00:00,RETO,1.1200000047683716,1.1200000047683716,1.1200000047683716,1.1100000143051147,1.1100000143051147,524.0
2024-10-31 15:59:00+00:00,RGLD,145.99000549316406,145.99000549316406,146.10000610351562,145.88999938964844,146.10000610351562,16311.0
2024-10-31 15:59:00+00:00,RKDA,3.8499999046325684,3.8499999046325684,3.8512001037597656,3.8499999046325684,3.8512001037597656,821.0
2024-10-31 15:59:00+00:00,SEED,2.5399999618530273,2.5399999618530273,2.5699000358581543,2.5399999618530273,2.5699000358581543,1589.0
2024-10-31 15:59:00+00:00,SGML,13.579999923706055,13.579999923706055,13.640000343322754,13.579999923706055,13.619999885559082,17399.0
2024-10-31 15:59:00+00:00,SNES,2.799999952316284,2.799999952316284,2.799999952316284,2.799999952316284,2.799999952316284,243.0
2024-10-31 15:59:00+00:00,SSRM,6.170000076293945,6.170000076293945,6.170000076293945,6.159999847412109,6.164999961853027,85708.0
2024-10-31 15:59:00+00:00,STLD,130.47999572753906,130.47999572753906,130.60499572753906,130.4199981689453,130.60000610351562,49391.0
2024-10-31 15:59:00+00:00,TMC,0.9889000058174133,0.9889000058174133,0.9889000058174133,0.9889000058174133,0.9889000058174133,881.0
2024-10-31 15:59:00+00:00,UFPI,122.29000091552734,122.29000091552734,122.75499725341797,122.2699966430664,122.7300033569336,7921.0
2024-10-31 15:59:00+00:00,USAP,43.79999923706055,43.79999923706055,43.79999923706055,43.7599983215332,43.78499984741211,5847.0
2024-10-31 15:59:00+00:00,USAU,6.150000095367432,6.150000095367432,6.150000095367432,6.150000095367432,6.150000095367432,624.0
2024-10-31 15:59:00+00:00,USLM,112.77999877929688,112.77999877929688,112.95999908447266,112.77999877929688,112.91999816894531,2167.0
2024-10-31 15:59:00+00:00,WDFC,262.2799987792969,262.2799987792969,262.2799987792969,262.260009765625,262.260009765625,1346.0
2024-10-31 15:59:00+00:00,ZEUS,35.900001525878906,35.900001525878906,35.97370147705078,35.900001525878906,35.97370147705078,4204.0
