Datetime,Ticker,Adj Close,Close,High,Low,Open,Volume
2024-08-21 09:30:00,ALTO,1.4299999475479126,1.4299999475479126,1.4299999475479126,1.4299999475479126,1.4299999475479126,0.0
2024-08-21 09:30:00,AREC,0.5454999804496765,0.5454999804496765,0.5454999804496765,0.5454999804496765,0.5454999804496765,6541.0
2024-08-21 09:30:00,ASTL,9.579999923706055,9.579999923706055,9.579999923706055,9.579999923706055,9.579999923706055,0.0
2024-08-21 09:30:00,CENX,14.930000305175781,14.930000305175781,14.930000305175781,14.930000305175781,14.930000305175781,21646.0
2024-08-21 09:30:00,CNEY,0.33899998664855957,0.33899998664855957,0.33899998664855957,0.33899998664855957,0.33899998664855957,3486.0
2024-08-21 09:30:00,ELBM,0.5090000033378601,0.5090000033378601,0.5090000033378601,0.5090000033378601,0.5090000033378601,27423.0
2024-08-21 09:30:00,FEAM,0.8799999952316284,0.8799999952316284,0.8799999952316284,0.8799999952316284,0.8799999952316284,772.0
2024-08-21 09:30:00,GEVO,0.7732999920845032,0.7732999920845032,0.7732999920845032,0.7605000138282776,0.7605000138282776,19183.0
2024-08-21 09:30:00,GPRE,13.579999923706055,13.579999923706055,13.600000381469727,13.579999923706055,13.600000381469727,6204.0
2024-08-21 09:30:00,GSM,4.480000019073486,4.480000019073486,4.480000019073486,4.449999809265137,4.449999809265137,0.0
2024-08-21 09:30:00,HDSN,8.033599853515625,8.033599853515625,8.033599853515625,8.029999732971191,8.029999732971191,3466.0
2024-08-21 09:30:00,HWKN,118.99500274658203,118.99500274658203,119.0999984741211,118.99500274658203,119.0999984741211,1686.0
2024-08-21 09:30:00,HYMC,2.5199999809265137,2.5199999809265137,2.5199999809265137,2.5199999809265137,2.5199999809265137,7225.0
2024-08-21 09:30:00,HYMCL,0.024900000542402267,0.024900000542402267,0.024900000542402267,0.024900000542402267,0.024900000542402267,0.0
2024-08-21 09:30:00,IOSP,110.25,110.25,110.25,110.25,110.25,1275.0
2024-08-21 09:30:00,IPX,14.010000228881836,14.010000228881836,14.010000228881836,14.010000228881836,14.010000228881836,0.0
2024-08-21 09:30:00,KALU,70.8499984741211,70.8499984741211,70.8499984741211,70.8499984741211,70.8499984741211,0.0
2024-08-21 09:30:00,LITM,0.44600000977516174,0.44600000977516174,0.44600000977516174,0.44600000977516174,0.44600000977516174,3385.0
2024-08-21 09:30:00,LOOP,1.2999999523162842,1.2999999523162842,1.2999999523162842,1.2999999523162842,1.2999999523162842,0.0
2024-08-21 09:30:00,LWLG,2.569999933242798,2.569999933242798,2.569999933242798,2.569999933242798,2.569999933242798,36414.0
2024-08-21 09:30:00,MEOH,44.849998474121094,44.849998474121094,44.849998474121094,44.849998474121094,44.849998474121094,0.0
2024-08-21 09:30:00,MERC,6.179999828338623,6.179999828338623,6.179999828338623,6.179999828338623,6.179999828338623,0.0
2024-08-21 09:30:00,METC,11.899999618530273,11.899999618530273,11.899999618530273,11.899999618530273,11.899999618530273,4705.0
2024-08-21 09:30:00,ORGN,1.559999942779541,1.559999942779541,1.5700000524520874,1.559999942779541,1.5700000524520874,30064.0
2024-08-21 09:30:00,PAAS,21.399999618530273,21.399999618530273,21.450000762939453,21.309999465942383,21.360000610351562,75583.0
2024-08-21 09:30:00,PLL,8.470000267028809,8.470000267028809,8.470000267028809,8.350000381469727,8.350000381469727,4399.0
2024-08-21 09:30:00,PPTA,9.139699935913086,9.139699935913086,9.1899995803833,9.130000114440918,9.170000076293945,30309.0
2024-08-21 09:30:00,RETO,1.0199999809265137,1.0199999809265137,1.0199999809265137,1.0199999809265137,1.0199999809265137,440.0
2024-08-21 09:30:00,RGLD,139.49000549316406,139.49000549316406,139.49000549316406,139.49000549316406,139.49000549316406,3338.0
2024-08-21 09:30:00,SGML,10.609999656677246,10.609999656677246,10.609999656677246,10.420000076293945,10.420000076293945,6081.0
2024-08-21 09:30:00,SMID,34.494300842285156,34.494300842285156,34.494300842285156,33.86000061035156,33.86000061035156,0.0
2024-08-21 09:30:00,SSRM,5.463399887084961,5.463399887084961,5.5,5.463399887084961,5.489999771118164,57120.0
2024-08-21 09:30:00,STLD,117.37000274658203,117.37000274658203,117.54000091552734,117.36000061035156,117.54000091552734,9753.0
2024-08-21 09:30:00,TMC,1.0399999618530273,1.0399999618530273,1.0499999523162842,1.0399999618530273,1.0499999523162842,36448.0
2024-08-21 09:30:00,UFPI,119.77999877929688,119.77999877929688,119.77999877929688,119.77999877929688,119.77999877929688,2550.0
2024-08-21 09:30:00,USAP,40.349998474121094,40.349998474121094,40.349998474121094,40.099998474121094,40.099998474121094,2506.0
2024-08-21 09:30:00,USAU,5.5,5.5,5.5,5.5,5.5,2079.0
2024-08-21 09:30:00,ZEUS,40.720001220703125,40.720001220703125,40.720001220703125,40.720001220703125,40.720001220703125,806.0
2024-08-21 09:31:00,AREC,0.5698999762535095,0.5698999762535095,0.5698999762535095,0.5698999762535095,0.5698999762535095,3004.0
2024-08-21 09:31:00,CENX,14.982099533081055,14.982099533081055,15.005000114440918,14.982099533081055,14.989999771118164,4465.0
2024-08-21 09:31:00,CNEY,0.3386000096797943,0.3386000096797943,0.3386000096797943,0.3386000096797943,0.3386000096797943,1930.0
2024-08-21 09:31:00,ELBM,0.5073999762535095,0.5073999762535095,0.5090000033378601,0.5073999762535095,0.5090000033378601,8030.0
2024-08-21 09:31:00,LWLG,2.569999933242798,2.569999933242798,2.569999933242798,2.569999933242798,2.569999933242798,606.0
2024-08-21 09:31:00,MERC,6.230000019073486,6.230000019073486,6.230000019073486,6.230000019073486,6.230000019073486,166.0
2024-08-21 09:31:00,METC,11.960000038146973,11.960000038146973,11.979999542236328,11.960000038146973,11.979999542236328,418.0
2024-08-21 09:31:00,ORGN,1.4600000381469727,1.4600000381469727,1.5099999904632568,1.4600000381469727,1.5099999904632568,122383.0
2024-08-21 09:31:00,PAAS,21.375,21.375,21.420400619506836,21.360000610351562,21.389999389648438,16710.0
2024-08-21 09:31:00,PLL,8.5,8.5,8.510000228881836,8.5,8.508299827575684,1820.0
2024-08-21 09:31:00,PPTA,9.0,9.0,9.100099563598633,9.0,9.100099563598633,5515.0
2024-08-21 09:31:00,SGML,10.539999961853027,10.539999961853027,10.600000381469727,10.539999961853027,10.600000381469727,6205.0
2024-08-21 09:31:00,SSRM,5.429999828338623,5.429999828338623,5.449999809265137,5.429999828338623,5.449999809265137,8714.0
2024-08-21 09:31:00,TMC,1.0399999618530273,1.0399999618530273,1.0448999404907227,1.0399999618530273,1.0448999404907227,330.0
2024-08-21 09:32:00,ASTL,9.668000221252441,9.668000221252441,9.668000221252441,9.668000221252441,9.668000221252441,6000.0
2024-08-21 09:32:00,CENX,14.930000305175781,14.930000305175781,14.980899810791016,14.880000114440918,14.980899810791016,4085.0
2024-08-21 09:32:00,ELBM,0.5151000022888184,0.5151000022888184,0.5151000022888184,0.5099999904632568,0.5099999904632568,2503.0
2024-08-21 09:32:00,GEVO,0.7699999809265137,0.7699999809265137,0.77920001745224,0.7699999809265137,0.77920001745224,3744.0
2024-08-21 09:32:00,GSM,4.451000213623047,4.451000213623047,4.451000213623047,4.449999809265137,4.449999809265137,375.0
2024-08-21 09:32:00,HUDI,2.2076001167297363,2.2076001167297363,2.2076001167297363,2.2004001140594482,2.2004001140594482,0.0
2024-08-21 09:32:00,HYMC,2.515000104904175,2.515000104904175,2.515000104904175,2.515000104904175,2.515000104904175,1013.0
2024-08-21 09:32:00,LWLG,2.565000057220459,2.565000057220459,2.5799999237060547,2.549999952316284,2.5799999237060547,5402.0
2024-08-21 09:32:00,METC,12.029999732971191,12.029999732971191,12.09000015258789,11.970000267028809,11.970000267028809,4264.0
2024-08-21 09:32:00,ORGN,1.4900000095367432,1.4900000095367432,1.5,1.4700000286102295,1.4800000190734863,7659.0
2024-08-21 09:32:00,PAAS,21.31999969482422,21.31999969482422,21.3799991607666,21.299999237060547,21.360000610351562,6913.0
2024-08-21 09:32:00,PLL,8.279999732971191,8.279999732971191,8.40999984741211,8.279999732971191,8.40999984741211,3327.0
2024-08-21 09:32:00,PPTA,8.885899543762207,8.885899543762207,8.90999984741211,8.880000114440918,8.90999984741211,7326.0
2024-08-21 09:32:00,RGLD,138.82009887695312,138.82009887695312,138.82009887695312,138.82009887695312,138.82009887695312,530.0
2024-08-21 09:32:00,SGML,10.539999961853027,10.539999961853027,10.585000038146973,10.539999961853027,10.585000038146973,1166.0
2024-08-21 09:32:00,SSRM,5.418900012969971,5.418900012969971,5.440000057220459,5.418900012969971,5.429999828338623,5198.0
2024-08-21 09:32:00,STLD,117.45500183105469,117.45500183105469,117.45500183105469,117.45500183105469,117.45500183105469,154.0
2024-08-21 09:32:00,TMC,1.030900001525879,1.030900001525879,1.030900001525879,1.030900001525879,1.030900001525879,118.0
2024-08-21 09:33:00,CENX,14.875399589538574,14.875399589538574,14.930000305175781,14.875399589538574,14.930000305175781,411.0
2024-08-21 09:33:00,CNEY,0.3199999928474426,0.3199999928474426,0.33000001311302185,0.3199999928474426,0.33000001311302185,11547.0
2024-08-21 09:33:00,ELBM,0.5139999985694885,0.5139999985694885,0.5139999985694885,0.5139999985694885,0.5139999985694885,617.0
2024-08-21 09:33:00,GEVO,0.7700999975204468,0.7700999975204468,0.7700999975204468,0.7700999975204468,0.7700999975204468,879.0
2024-08-21 09:33:00,HDSN,8.0600004196167,8.0600004196167,8.069999694824219,8.050000190734863,8.050000190734863,843.0
2024-08-21 09:33:00,LWLG,2.555000066757202,2.555000066757202,2.569999933242798,2.549999952316284,2.549999952316284,2220.0
2024-08-21 09:33:00,METC,12.059700012207031,12.059700012207031,12.059700012207031,12.059700012207031,12.059700012207031,625.0
2024-08-21 09:33:00,ORGN,1.4900000095367432,1.4900000095367432,1.4900000095367432,1.4800000190734863,1.4800000190734863,4829.0
2024-08-21 09:33:00,PAAS,21.350000381469727,21.350000381469727,21.350000381469727,21.299999237060547,21.31999969482422,3780.0
2024-08-21 09:33:00,PLL,8.279999732971191,8.279999732971191,8.279999732971191,8.279999732971191,8.279999732971191,200.0
2024-08-21 09:33:00,RGLD,138.60000610351562,138.60000610351562,138.60000610351562,138.60000610351562,138.60000610351562,614.0
2024-08-21 09:33:00,SGML,10.574999809265137,10.574999809265137,10.574999809265137,10.574999809265137,10.574999809265137,516.0
2024-08-21 09:33:00,SSRM,5.380000114440918,5.380000114440918,5.409999847412109,5.380000114440918,5.40500020980835,22992.0
2024-08-21 09:33:00,STLD,117.62999725341797,117.62999725341797,117.62999725341797,117.26000213623047,117.4175033569336,1589.0
2024-08-21 09:33:00,USAP,40.130001068115234,40.130001068115234,40.130001068115234,40.130001068115234,40.130001068115234,306.0
2024-08-21 09:34:00,CENX,14.869999885559082,14.869999885559082,14.899999618530273,14.869999885559082,14.899999618530273,858.0
2024-08-21 09:34:00,CRKN,1.7799999713897705,1.7799999713897705,1.7799999713897705,1.7799999713897705,1.7799999713897705,4598.0
2024-08-21 09:34:00,ELBM,0.5149000287055969,0.5149000287055969,0.5149999856948853,0.5149000287055969,0.5149999856948853,4350.0
2024-08-21 09:34:00,GEVO,0.7677000164985657,0.7677000164985657,0.770799994468689,0.7627000212669373,0.7699999809265137,7616.0
2024-08-21 09:34:00,HDSN,8.050000190734863,8.050000190734863,8.0600004196167,8.050000190734863,8.0600004196167,704.0
2024-08-21 09:34:00,LITM,0.44600000977516174,0.44600000977516174,0.44600000977516174,0.44600000977516174,0.44600000977516174,250.0
2024-08-21 09:34:00,LWLG,2.5450000762939453,2.5450000762939453,2.5450000762939453,2.5399999618530273,2.5399999618530273,2003.0
2024-08-21 09:34:00,METC,12.095000267028809,12.095000267028809,12.109999656677246,12.0,12.029999732971191,10895.0
2024-08-21 09:34:00,ORGN,1.465000033378601,1.465000033378601,1.4800000190734863,1.451300024986267,1.4800000190734863,41261.0
2024-08-21 09:34:00,PAAS,21.350000381469727,21.350000381469727,21.350000381469727,21.31999969482422,21.350000381469727,2043.0
2024-08-21 09:34:00,PLL,8.34000015258789,8.34000015258789,8.34000015258789,8.300000190734863,8.34000015258789,958.0
2024-08-21 09:34:00,PPTA,8.819999694824219,8.819999694824219,8.930000305175781,8.819999694824219,8.930000305175781,2300.0
2024-08-21 09:34:00,SGML,10.800000190734863,10.800000190734863,10.800000190734863,10.57450008392334,10.574999809265137,7289.0
2024-08-21 09:34:00,SSRM,5.360000133514404,5.360000133514404,5.380000114440918,5.349999904632568,5.375,19208.0
2024-08-21 09:35:00,ASTL,9.59000015258789,9.59000015258789,9.619999885559082,9.59000015258789,9.619999885559082,0.0
2024-08-21 09:35:00,CENX,14.859999656677246,14.859999656677246,14.869999885559082,14.840700149536133,14.850000381469727,1797.0
2024-08-21 09:35:00,CRKN,1.7799999713897705,1.7799999713897705,1.7799999713897705,1.7799999713897705,1.7799999713897705,501.0
2024-08-21 09:35:00,GEVO,0.762499988079071,0.762499988079071,0.762499988079071,0.762499988079071,0.762499988079071,400.0
2024-08-21 09:35:00,GSM,4.458099842071533,4.458099842071533,4.458099842071533,4.458099842071533,4.458099842071533,272.0
2024-08-21 09:35:00,IPX,15.5,15.5,15.5,15.5,15.5,229.0
2024-08-21 09:35:00,LITM,0.44749999046325684,0.44749999046325684,0.44749999046325684,0.44749999046325684,0.44749999046325684,200.0
2024-08-21 09:35:00,LWLG,2.5399999618530273,2.5399999618530273,2.5399999618530273,2.5399999618530273,2.5399999618530273,2.0
2024-08-21 09:35:00,MEOH,44.720001220703125,44.720001220703125,44.72999954223633,44.720001220703125,44.72999954223633,505.0
2024-08-21 09:35:00,METC,12.062199592590332,12.062199592590332,12.100000381469727,12.062199592590332,12.095000267028809,320.0
2024-08-21 09:35:00,ORGN,1.4800000190734863,1.4800000190734863,1.4800000190734863,1.4611999988555908,1.465000033378601,31569.0
2024-08-21 09:35:00,PAAS,21.40999984741211,21.40999984741211,21.40999984741211,21.350000381469727,21.350000381469727,4486.0
2024-08-21 09:35:00,PLL,8.470000267028809,8.470000267028809,8.470000267028809,8.359999656677246,8.359999656677246,1386.0
2024-08-21 09:35:00,PPTA,8.930000305175781,8.930000305175781,8.930000305175781,8.930000305175781,8.930000305175781,0.0
2024-08-21 09:35:00,SGML,10.699999809265137,10.699999809265137,10.699999809265137,10.699999809265137,10.699999809265137,578.0
2024-08-21 09:35:00,SSRM,5.360000133514404,5.360000133514404,5.360000133514404,5.349999904632568,5.360000133514404,6870.0
2024-08-21 09:35:00,STLD,118.06500244140625,118.06500244140625,118.12000274658203,118.06500244140625,118.12000274658203,666.0
2024-08-21 09:35:00,TMC,1.0295000076293945,1.0295000076293945,1.0306999683380127,1.0295000076293945,1.0306999683380127,2070.0
2024-08-21 09:36:00,CENX,14.913200378417969,14.913200378417969,14.913200378417969,14.859999656677246,14.859999656677246,2173.0
2024-08-21 09:36:00,ELBM,0.5142999887466431,0.5142999887466431,0.5142999887466431,0.5142999887466431,0.5142999887466431,0.0
2024-08-21 09:36:00,GEVO,0.7599999904632568,0.7599999904632568,0.7599999904632568,0.7599999904632568,0.7599999904632568,7916.0
2024-08-21 09:36:00,GPRE,13.595000267028809,13.595000267028809,13.595000267028809,13.595000267028809,13.595000267028809,247.0
2024-08-21 09:36:00,HDSN,8.0,8.0,8.010000228881836,8.0,8.010000228881836,414.0
2024-08-21 09:36:00,LWLG,2.559999942779541,2.559999942779541,2.569999933242798,2.5399999618530273,2.5399999618530273,7019.0
2024-08-21 09:36:00,MEOH,44.765499114990234,44.765499114990234,44.765499114990234,44.765499114990234,44.765499114990234,355.0
2024-08-21 09:36:00,METC,12.3100004196167,12.3100004196167,12.3100004196167,12.100000381469727,12.100000381469727,6047.0
2024-08-21 09:36:00,ORGN,1.4850000143051147,1.4850000143051147,1.4900000095367432,1.4700000286102295,1.4701000452041626,7504.0
2024-08-21 09:36:00,PAAS,21.439899444580078,21.439899444580078,21.439899444580078,21.40999984741211,21.41010093688965,5059.0
2024-08-21 09:36:00,PLL,8.444999694824219,8.444999694824219,8.460000038146973,8.420000076293945,8.420000076293945,1996.0
2024-08-21 09:36:00,SSRM,5.360000133514404,5.360000133514404,5.360000133514404,5.355000019073486,5.355000019073486,4188.0
2024-08-21 09:36:00,STLD,118.04000091552734,118.04000091552734,118.07499694824219,118.04000091552734,118.07499694824219,755.0
2024-08-21 09:36:00,TMC,1.0399999618530273,1.0399999618530273,1.0399999618530273,1.0399999618530273,1.0399999618530273,1691.0
2024-08-21 09:37:00,ACNT,10.0,10.0,10.0,10.0,10.0,0.0
2024-08-21 09:37:00,CENX,14.899999618530273,14.899999618530273,14.92959976196289,14.870100021362305,14.92959976196289,992.0
2024-08-21 09:37:00,HYMC,2.509999990463257,2.509999990463257,2.509999990463257,2.509999990463257,2.509999990463257,966.0
2024-08-21 09:37:00,LITM,0.4401000142097473,0.4401000142097473,0.4410000145435333,0.4401000142097473,0.4410000145435333,5505.0
2024-08-21 09:37:00,METC,12.329999923706055,12.329999923706055,12.350000381469727,12.239999771118164,12.239999771118164,2798.0
2024-08-21 09:37:00,ORGN,1.4900000095367432,1.4900000095367432,1.4900000095367432,1.4800000190734863,1.4850000143051147,14605.0
2024-08-21 09:37:00,PAAS,21.34000015258789,21.34000015258789,21.440000534057617,21.34000015258789,21.43000030517578,3102.0
2024-08-21 09:37:00,PLL,8.489999771118164,8.489999771118164,8.489999771118164,8.479999542236328,8.479999542236328,731.0
2024-08-21 09:37:00,SSRM,5.330900192260742,5.330900192260742,5.369999885559082,5.330900192260742,5.369999885559082,789.0
2024-08-21 09:37:00,STLD,118.04000091552734,118.04000091552734,118.04000091552734,117.88999938964844,118.00499725341797,8422.0
2024-08-21 09:38:00,ASTL,9.520000457763672,9.520000457763672,9.5600004196167,9.5,9.550000190734863,13244.0
2024-08-21 09:38:00,CENX,14.880000114440918,14.880000114440918,14.899999618530273,14.84000015258789,14.899999618530273,3328.0
2024-08-21 09:38:00,CRKN,1.7860000133514404,1.7860000133514404,1.7860000133514404,1.7860000133514404,1.7860000133514404,204.0
2024-08-21 09:38:00,ELBM,0.5142999887466431,0.5142999887466431,0.5142999887466431,0.5142999887466431,0.5142999887466431,18906.0
2024-08-21 09:38:00,LITM,0.4399999976158142,0.4399999976158142,0.4399999976158142,0.4399999976158142,0.4399999976158142,0.0
2024-08-21 09:38:00,LWLG,2.5350000858306885,2.5350000858306885,2.5399999618530273,2.5350000858306885,2.5399999618530273,1036.0
2024-08-21 09:38:00,MEOH,44.709999084472656,44.709999084472656,44.720001220703125,44.709999084472656,44.720001220703125,1227.0
2024-08-21 09:38:00,METC,12.369999885559082,12.369999885559082,12.380000114440918,12.369999885559082,12.380000114440918,402.0
2024-08-21 09:38:00,ORGN,1.4950000047683716,1.4950000047683716,1.5,1.4850000143051147,1.4850000143051147,8002.0
2024-08-21 09:38:00,PAAS,21.31999969482422,21.31999969482422,21.34000015258789,21.30069923400879,21.34000015258789,2517.0
2024-08-21 09:38:00,PLL,8.470000267028809,8.470000267028809,8.510000228881836,8.460000038146973,8.5,2079.0
2024-08-21 09:38:00,SGML,10.664999961853027,10.664999961853027,10.664999961853027,10.664999961853027,10.664999961853027,223.0
2024-08-21 09:38:00,SSRM,5.329999923706055,5.329999923706055,5.329999923706055,5.329999923706055,5.329999923706055,1942.0
2024-08-21 09:38:00,STLD,117.92500305175781,117.92500305175781,117.94000244140625,117.73999786376953,117.94000244140625,6613.0
2024-08-21 09:39:00,ASTL,9.550000190734863,9.550000190734863,9.550000190734863,9.550000190734863,9.550000190734863,1467.0
2024-08-21 09:39:00,BCPC,166.8699951171875,166.8699951171875,166.8699951171875,166.8699951171875,166.8699951171875,902.0
2024-08-21 09:39:00,CENX,14.949899673461914,14.949899673461914,14.949999809265137,14.920000076293945,14.920000076293945,1047.0
2024-08-21 09:39:00,CRKN,1.7999999523162842,1.7999999523162842,1.7999999523162842,1.7999999523162842,1.7999999523162842,100.0
2024-08-21 09:39:00,GEVO,0.7639999985694885,0.7639999985694885,0.7653999924659729,0.7639999985694885,0.7653999924659729,11556.0
2024-08-21 09:39:00,GPRE,13.625,13.625,13.640000343322754,13.625,13.640000343322754,620.0
2024-08-21 09:39:00,GSM,4.46999979019165,4.46999979019165,4.46999979019165,4.46999979019165,4.46999979019165,563.0
2024-08-21 09:39:00,LWLG,2.5299999713897705,2.5299999713897705,2.5299999713897705,2.5299999713897705,2.5299999713897705,212.0
2024-08-21 09:39:00,METC,12.385000228881836,12.385000228881836,12.385000228881836,12.385000228881836,12.385000228881836,468.0
2024-08-21 09:39:00,ORGN,1.499500036239624,1.499500036239624,1.5,1.4950000047683716,1.499500036239624,13219.0
2024-08-21 09:39:00,PAAS,21.360000610351562,21.360000610351562,21.397600173950195,21.325000762939453,21.325000762939453,4020.0
2024-08-21 09:39:00,PLL,8.430000305175781,8.430000305175781,8.430000305175781,8.420000076293945,8.420000076293945,2101.0
2024-08-21 09:39:00,PPTA,8.9350004196167,8.9350004196167,8.9350004196167,8.9350004196167,8.9350004196167,1700.0
2024-08-21 09:39:00,SGML,10.850000381469727,10.850000381469727,10.850000381469727,10.720000267028809,10.720000267028809,42026.0
2024-08-21 09:39:00,SSRM,5.329999923706055,5.329999923706055,5.335000038146973,5.329999923706055,5.329999923706055,8073.0
2024-08-21 09:39:00,STLD,118.00499725341797,118.00499725341797,118.05000305175781,117.7699966430664,117.93000030517578,4483.0
2024-08-21 09:39:00,TMC,1.0449999570846558,1.0449999570846558,1.0449999570846558,1.0449999570846558,1.0449999570846558,341.0
2024-08-21 09:40:00,CENX,14.90060043334961,14.90060043334961,14.999699592590332,14.90060043334961,14.970000267028809,3109.0
2024-08-21 09:40:00,CRKN,1.7999000549316406,1.7999000549316406,1.7999000549316406,1.7999000549316406,1.7999000549316406,299.0
2024-08-21 09:40:00,GEVO,0.7599999904632568,0.7599999904632568,0.7639999985694885,0.7599999904632568,0.7639999985694885,0.0
2024-08-21 09:40:00,GPRE,13.579999923706055,13.579999923706055,13.579999923706055,13.579999923706055,13.579999923706055,314.0
2024-08-21 09:40:00,GSM,4.46999979019165,4.46999979019165,4.46999979019165,4.46999979019165,4.46999979019165,200.0
2024-08-21 09:40:00,HDSN,7.980000019073486,7.980000019073486,7.980000019073486,7.980000019073486,7.980000019073486,435.0
2024-08-21 09:40:00,HWKN,120.1500015258789,120.1500015258789,120.1500015258789,120.1500015258789,120.1500015258789,168.0
2024-08-21 09:40:00,HYMC,2.5250000953674316,2.5250000953674316,2.5250000953674316,2.509999990463257,2.509999990463257,458.0
2024-08-21 09:40:00,IPX,15.430000305175781,15.430000305175781,15.430000305175781,15.430000305175781,15.430000305175781,101.0
2024-08-21 09:40:00,LWLG,2.5250000953674316,2.5250000953674316,2.5299999713897705,2.5199999809265137,2.5299999713897705,2172.0
2024-08-21 09:40:00,MEOH,44.64500045776367,44.64500045776367,44.65999984741211,44.61000061035156,44.63999938964844,801.0
2024-08-21 09:40:00,METC,12.4399995803833,12.4399995803833,12.4399995803833,12.430000305175781,12.430000305175781,790.0
2024-08-21 09:40:00,ORGN,1.5199999809265137,1.5199999809265137,1.5199999809265137,1.4917999505996704,1.4950000047683716,12801.0
2024-08-21 09:40:00,PAAS,21.309999465942383,21.309999465942383,21.34000015258789,21.309999465942383,21.34000015258789,1685.0
2024-08-21 09:40:00,PLL,8.399999618530273,8.399999618530273,8.399999618530273,8.390000343322754,8.390000343322754,912.0
2024-08-21 09:40:00,SGML,10.859999656677246,10.859999656677246,10.920000076293945,10.850000381469727,10.890000343322754,11288.0
2024-08-21 09:40:00,SSRM,5.329999923706055,5.329999923706055,5.329999923706055,5.329999923706055,5.329999923706055,3676.0
2024-08-21 09:40:00,TMC,1.0399999618530273,1.0399999618530273,1.0399999618530273,1.0389000177383423,1.0399999618530273,4004.0
2024-08-21 09:40:00,USAP,39.84000015258789,39.84000015258789,39.84000015258789,39.84000015258789,39.84000015258789,716.0
2024-08-21 09:41:00,CENX,14.890000343322754,14.890000343322754,14.920000076293945,14.890000343322754,14.918399810791016,1250.0
2024-08-21 09:41:00,GEVO,0.7591000199317932,0.7591000199317932,0.7591000199317932,0.7526000142097473,0.7588000297546387,2372.0
2024-08-21 09:41:00,GPRE,13.664999961853027,13.664999961853027,13.680000305175781,13.65999984741211,13.65999984741211,1270.0
2024-08-21 09:41:00,GSM,4.464799880981445,4.464799880981445,4.464799880981445,4.464799880981445,4.464799880981445,100.0
2024-08-21 09:41:00,LITM,0.4300999939441681,0.4300999939441681,0.4300999939441681,0.4300999939441681,0.4300999939441681,127.0
2024-08-21 09:41:00,LWLG,2.528899908065796,2.528899908065796,2.528899908065796,2.5250000953674316,2.5250000953674316,999.0
2024-08-21 09:41:00,MEOH,44.599998474121094,44.599998474121094,44.599998474121094,44.599998474121094,44.599998474121094,504.0
2024-08-21 09:41:00,MERC,6.139999866485596,6.139999866485596,6.139999866485596,6.139999866485596,6.139999866485596,239.0
2024-08-21 09:41:00,METC,12.489999771118164,12.489999771118164,12.489999771118164,12.449999809265137,12.449999809265137,527.0
2024-08-21 09:41:00,ORGN,1.5,1.5,1.5149999856948853,1.5,1.5099999904632568,5863.0
2024-08-21 09:41:00,PAAS,21.309999465942383,21.309999465942383,21.315000534057617,21.30660057067871,21.309999465942383,3643.0
2024-08-21 09:41:00,PLL,8.319999694824219,8.319999694824219,8.420000076293945,8.319999694824219,8.399999618530273,3601.0
2024-08-21 09:41:00,PPTA,8.975000381469727,8.975000381469727,8.975000381469727,8.975000381469727,8.975000381469727,112.0
2024-08-21 09:41:00,RETO,1.0,1.0,1.0,0.9900000095367432,0.9900000095367432,1937.0
2024-08-21 09:41:00,SEED,2.315200090408325,2.315200090408325,2.315200090408325,2.315200090408325,2.315200090408325,0.0
2024-08-21 09:41:00,SGML,10.933300018310547,10.933300018310547,10.979999542236328,10.84000015258789,10.864999771118164,6379.0
2024-08-21 09:41:00,SSRM,5.324999809265137,5.324999809265137,5.339900016784668,5.320000171661377,5.320000171661377,5838.0
2024-08-21 09:41:00,STLD,117.69000244140625,117.69000244140625,117.73999786376953,117.55000305175781,117.72000122070312,5201.0
2024-08-21 09:41:00,TMC,1.0389000177383423,1.0389000177383423,1.0389000177383423,1.0389000177383423,1.0389000177383423,182.0
2024-08-21 09:42:00,CENX,14.890000343322754,14.890000343322754,14.90999984741211,14.890000343322754,14.90999984741211,929.0
2024-08-21 09:42:00,ELBM,0.5072000026702881,0.5072000026702881,0.5072000026702881,0.5072000026702881,0.5072000026702881,0.0
2024-08-21 09:42:00,GEVO,0.7501999735832214,0.7501999735832214,0.7551000118255615,0.7501999735832214,0.7549999952316284,4507.0
2024-08-21 09:42:00,GPRE,13.670000076293945,13.670000076293945,13.670000076293945,13.640000343322754,13.649999618530273,1502.0
2024-08-21 09:42:00,GSM,4.465000152587891,4.465000152587891,4.465000152587891,4.465000152587891,4.465000152587891,130.0
2024-08-21 09:42:00,HYMC,2.509999990463257,2.509999990463257,2.509999990463257,2.509999990463257,2.509999990463257,8362.0
2024-08-21 09:42:00,KALU,69.9717025756836,69.9717025756836,69.9717025756836,69.9717025756836,69.9717025756836,350.0
2024-08-21 09:42:00,MEOH,44.51499938964844,44.51499938964844,44.51499938964844,44.51499938964844,44.51499938964844,7899.0
2024-08-21 09:42:00,MERC,6.170000076293945,6.170000076293945,6.170000076293945,6.170000076293945,6.170000076293945,170.0
2024-08-21 09:42:00,METC,12.4399995803833,12.4399995803833,12.46500015258789,12.430000305175781,12.46500015258789,3697.0
2024-08-21 09:42:00,ORGN,1.5,1.5,1.5099999904632568,1.5,1.5049999952316284,8699.0
2024-08-21 09:42:00,PAAS,21.270000457763672,21.270000457763672,21.315000534057617,21.270000457763672,21.315000534057617,9299.0
2024-08-21 09:42:00,PLL,8.3100004196167,8.3100004196167,8.3100004196167,8.3100004196167,8.3100004196167,134.0
2024-08-21 09:42:00,SEED,2.299999952316284,2.299999952316284,2.299999952316284,2.299999952316284,2.299999952316284,141.0
2024-08-21 09:42:00,SGML,10.930000305175781,10.930000305175781,11.0,10.899999618530273,10.949999809265137,9680.0
2024-08-21 09:42:00,SSRM,5.320000171661377,5.320000171661377,5.320000171661377,5.320000171661377,5.320000171661377,2747.0
2024-08-21 09:43:00,ALTO,1.420199990272522,1.420199990272522,1.420199990272522,1.420199990272522,1.420199990272522,270.0
2024-08-21 09:43:00,ASTL,9.555000305175781,9.555000305175781,9.555000305175781,9.550000190734863,9.550000190734863,2345.0
2024-08-21 09:43:00,CENX,14.890000343322754,14.890000343322754,14.939900398254395,14.890000343322754,14.939900398254395,4506.0
2024-08-21 09:43:00,GPRE,13.675000190734863,13.675000190734863,13.680000305175781,13.670000076293945,13.680000305175781,1923.0
2024-08-21 09:43:00,GSM,4.465000152587891,4.465000152587891,4.465000152587891,4.465000152587891,4.465000152587891,475.0
2024-08-21 09:43:00,HDSN,7.989999771118164,7.989999771118164,7.989999771118164,7.989999771118164,7.989999771118164,102.0
2024-08-21 09:43:00,LITM,0.4300999939441681,0.4300999939441681,0.4300999939441681,0.4300999939441681,0.4300999939441681,200.0
2024-08-21 09:43:00,LWLG,2.5250000953674316,2.5250000953674316,2.5299999713897705,2.5199999809265137,2.5199999809265137,2317.0
2024-08-21 09:43:00,METC,12.420000076293945,12.420000076293945,12.479999542236328,12.395000457763672,12.4399995803833,16113.0
2024-08-21 09:43:00,ORGN,1.4907000064849854,1.4907000064849854,1.4907000064849854,1.4800000190734863,1.4800000190734863,3292.0
2024-08-21 09:43:00,PAAS,21.270000457763672,21.270000457763672,21.270000457763672,21.240100860595703,21.240100860595703,2499.0
2024-08-21 09:43:00,PLL,8.399999618530273,8.399999618530273,8.399999618530273,8.329999923706055,8.329999923706055,1279.0
2024-08-21 09:43:00,PPTA,8.9350004196167,8.9350004196167,8.9350004196167,8.910099983215332,8.910099983215332,3717.0
2024-08-21 09:43:00,RGLD,138.52499389648438,138.52499389648438,138.52499389648438,138.52499389648438,138.52499389648438,177.0
2024-08-21 09:43:00,SGML,10.944999694824219,10.944999694824219,10.956000328063965,10.930000305175781,10.956000328063965,2556.0
2024-08-21 09:43:00,SSRM,5.309999942779541,5.309999942779541,5.310999870300293,5.309999942779541,5.309999942779541,3223.0
2024-08-21 09:43:00,STLD,117.84500122070312,117.84500122070312,117.84500122070312,117.73999786376953,117.80999755859375,8662.0
2024-08-21 09:44:00,BCPC,168.52999877929688,168.52999877929688,168.52999877929688,168.52999877929688,168.52999877929688,908.0
2024-08-21 09:44:00,CENX,14.970000267028809,14.970000267028809,14.970000267028809,14.892000198364258,14.920000076293945,1875.0
2024-08-21 09:44:00,CRKN,1.7799999713897705,1.7799999713897705,1.7999000549316406,1.7799999713897705,1.7999000549316406,760.0
2024-08-21 09:44:00,GEVO,0.7502999901771545,0.7502999901771545,0.7505000233650208,0.7502999901771545,0.7505000233650208,1828.0
2024-08-21 09:44:00,HDSN,7.974999904632568,7.974999904632568,7.974999904632568,7.974999904632568,7.974999904632568,312.0
2024-08-21 09:44:00,HYMCL,0.024700000882148743,0.024700000882148743,0.024700000882148743,0.024700000882148743,0.024700000882148743,3377.0
2024-08-21 09:44:00,LITM,0.4300000071525574,0.4300000071525574,0.4300000071525574,0.4300000071525574,0.4300000071525574,6273.0
2024-08-21 09:44:00,LWLG,2.5450000762939453,2.5450000762939453,2.5450000762939453,2.5250000953674316,2.5250000953674316,6089.0
2024-08-21 09:44:00,METC,12.380000114440918,12.380000114440918,12.420000076293945,12.380000114440918,12.414999961853027,4172.0
2024-08-21 09:44:00,ORGN,1.4800000190734863,1.4800000190734863,1.4950000047683716,1.4800000190734863,1.4900000095367432,0.0
2024-08-21 09:44:00,PAAS,21.239999771118164,21.239999771118164,21.270000457763672,21.229999542236328,21.25,18395.0
2024-08-21 09:44:00,PLL,8.430000305175781,8.430000305175781,8.489999771118164,8.40999984741211,8.40999984741211,8663.0
2024-08-21 09:44:00,PPTA,8.920000076293945,8.920000076293945,8.920000076293945,8.920000076293945,8.920000076293945,0.0
2024-08-21 09:44:00,RGLD,138.52000427246094,138.52000427246094,138.52000427246094,138.52000427246094,138.52000427246094,1024.0
2024-08-21 09:44:00,SGML,10.979900360107422,10.979900360107422,10.979900360107422,10.911499977111816,10.972999572753906,979.0
2024-08-21 09:44:00,SSRM,5.309999942779541,5.309999942779541,5.309999942779541,5.309999942779541,5.309999942779541,1695.0
2024-08-21 09:44:00,STLD,117.79499816894531,117.79499816894531,117.91000366210938,117.75,117.80000305175781,5744.0
2024-08-21 09:44:00,TMC,1.0307999849319458,1.0307999849319458,1.0399999618530273,1.0307999849319458,1.0399999618530273,5321.0
2024-08-21 09:45:00,AREC,0.5540000200271606,0.5540000200271606,0.554099977016449,0.5540000200271606,0.554099977016449,1442.0
2024-08-21 09:45:00,ASTL,9.59000015258789,9.59000015258789,9.59000015258789,9.5600004196167,9.5600004196167,1073.0
2024-08-21 09:45:00,CENX,14.963199615478516,14.963199615478516,14.989999771118164,14.949999809265137,14.949999809265137,2195.0
2024-08-21 09:45:00,GEVO,0.7502999901771545,0.7502999901771545,0.7506999969482422,0.7502999901771545,0.7506999969482422,1221.0
2024-08-21 09:45:00,HWKN,119.38999938964844,119.38999938964844,119.38999938964844,119.38999938964844,119.38999938964844,590.0
2024-08-21 09:45:00,HYMC,2.4800000190734863,2.4800000190734863,2.4800000190734863,2.4800000190734863,2.4800000190734863,442.0
2024-08-21 09:45:00,HYMCL,0.024700000882148743,0.024700000882148743,0.024700000882148743,0.024700000882148743,0.024700000882148743,300.0
2024-08-21 09:45:00,LWLG,2.549099922180176,2.549099922180176,2.549099922180176,2.549099922180176,2.549099922180176,221.0
2024-08-21 09:45:00,MEOH,44.560001373291016,44.560001373291016,44.56999969482422,44.560001373291016,44.56999969482422,622.0
2024-08-21 09:45:00,METC,12.399999618530273,12.399999618530273,12.399999618530273,12.369999885559082,12.390000343322754,2310.0
2024-08-21 09:45:00,ORGN,1.4900000095367432,1.4900000095367432,1.5,1.4850000143051147,1.4900000095367432,3694.0
2024-08-21 09:45:00,PAAS,21.260000228881836,21.260000228881836,21.26959991455078,21.260000228881836,21.260000228881836,3180.0
2024-08-21 09:45:00,SGML,10.921799659729004,10.921799659729004,10.921799659729004,10.921799659729004,10.921799659729004,152.0
2024-08-21 09:45:00,SSRM,5.304999828338623,5.304999828338623,5.314599990844727,5.304999828338623,5.309999942779541,4529.0
2024-08-21 09:45:00,STLD,117.93499755859375,117.93499755859375,117.94000244140625,117.83999633789062,117.86499786376953,4978.0
2024-08-21 09:45:00,TMC,1.0299999713897705,1.0299999713897705,1.0299999713897705,1.0299999713897705,1.0299999713897705,5746.0
2024-08-21 09:46:00,ASTL,9.609999656677246,9.609999656677246,9.609999656677246,9.609999656677246,9.609999656677246,404.0
2024-08-21 09:46:00,CENX,14.949999809265137,14.949999809265137,14.960000038146973,14.949999809265137,14.960000038146973,57.0
2024-08-21 09:46:00,MEOH,44.4900016784668,44.4900016784668,44.4900016784668,44.4900016784668,44.4900016784668,429.0
2024-08-21 09:46:00,METC,12.449999809265137,12.449999809265137,12.449999809265137,12.425000190734863,12.425000190734863,972.0
2024-08-21 09:46:00,ORGN,1.475000023841858,1.475000023841858,1.5,1.4700000286102295,1.5,29021.0
2024-08-21 09:46:00,PAAS,21.225000381469727,21.225000381469727,21.25,21.209999084472656,21.240999221801758,2486.0
2024-08-21 09:46:00,PLL,8.380000114440918,8.380000114440918,8.40999984741211,8.380000114440918,8.40999984741211,265.0
2024-08-21 09:46:00,PPTA,9.029899597167969,9.029899597167969,9.029899597167969,9.029899597167969,9.029899597167969,800.0
2024-08-21 09:46:00,SGML,11.015000343322754,11.015000343322754,11.039999961853027,10.920000076293945,10.920000076293945,8432.0
2024-08-21 09:46:00,SSRM,5.295000076293945,5.295000076293945,5.300000190734863,5.295000076293945,5.300000190734863,2584.0
2024-08-21 09:46:00,STLD,118.06999969482422,118.06999969482422,118.06999969482422,118.06999969482422,118.06999969482422,1273.0
2024-08-21 09:46:00,ZEUS,40.36000061035156,40.36000061035156,40.36000061035156,40.36000061035156,40.36000061035156,972.0
2024-08-21 09:47:00,ALTO,1.4299999475479126,1.4299999475479126,1.4397000074386597,1.4249999523162842,1.4397000074386597,7051.0
2024-08-21 09:47:00,AREC,0.554099977016449,0.554099977016449,0.554099977016449,0.5540000200271606,0.5540000200271606,1059.0
2024-08-21 09:47:00,ASTL,9.602899551391602,9.602899551391602,9.602899551391602,9.602899551391602,9.602899551391602,1510.0
2024-08-21 09:47:00,CENX,14.91670036315918,14.91670036315918,14.949899673461914,14.91670036315918,14.949899673461914,747.0
2024-08-21 09:47:00,ELBM,0.5102999806404114,0.5102999806404114,0.5102999806404114,0.5102999806404114,0.5102999806404114,1115.0
2024-08-21 09:47:00,GEVO,0.7574999928474426,0.7574999928474426,0.7574999928474426,0.7505999803543091,0.7505999803543091,718.0
2024-08-21 09:47:00,LWLG,2.5399999618530273,2.5399999618530273,2.5399999618530273,2.5399999618530273,2.5399999618530273,200.0
2024-08-21 09:47:00,MEOH,44.470001220703125,44.470001220703125,44.470001220703125,44.45000076293945,44.45000076293945,777.0
2024-08-21 09:47:00,METC,12.420000076293945,12.420000076293945,12.460000038146973,12.420000076293945,12.4399995803833,2381.0
2024-08-21 09:47:00,ORGN,1.475000023841858,1.475000023841858,1.475000023841858,1.475000023841858,1.475000023841858,2410.0
2024-08-21 09:47:00,PAAS,21.20050048828125,21.20050048828125,21.229900360107422,21.20050048828125,21.219999313354492,2223.0
2024-08-21 09:47:00,SGML,10.989999771118164,10.989999771118164,11.020000457763672,10.979999542236328,11.020000457763672,1351.0
2024-08-21 09:47:00,SSRM,5.284999847412109,5.284999847412109,5.295000076293945,5.2820000648498535,5.295000076293945,12781.0
2024-08-21 09:47:00,STLD,118.06999969482422,118.06999969482422,118.06999969482422,117.91999816894531,117.91999816894531,707.0
2024-08-21 09:47:00,TMC,1.0299999713897705,1.0299999713897705,1.0299999713897705,1.0299999713897705,1.0299999713897705,263.0
2024-08-21 09:48:00,ASTL,9.609999656677246,9.609999656677246,9.609999656677246,9.609999656677246,9.609999656677246,409.0
2024-08-21 09:48:00,CENX,14.904999732971191,14.904999732971191,14.906499862670898,14.904999732971191,14.906499862670898,925.0
2024-08-21 09:48:00,GEVO,0.7590000033378601,0.7590000033378601,0.7590000033378601,0.754800021648407,0.754800021648407,461.0
2024-08-21 09:48:00,LWLG,2.5450000762939453,2.5450000762939453,2.5450000762939453,2.5399999618530273,2.5399999618530273,209.0
2024-08-21 09:48:00,MEOH,44.529998779296875,44.529998779296875,44.529998779296875,44.5,44.5,821.0
2024-08-21 09:48:00,METC,12.460000038146973,12.460000038146973,12.475000381469727,12.420000076293945,12.423999786376953,7594.0
2024-08-21 09:48:00,ORGN,1.4299999475479126,1.4299999475479126,1.475000023841858,1.4299999475479126,1.475000023841858,42519.0
2024-08-21 09:48:00,PAAS,21.189899444580078,21.189899444580078,21.25,21.170000076293945,21.219999313354492,6460.0
2024-08-21 09:48:00,PLL,8.404999732971191,8.404999732971191,8.420000076293945,8.380000114440918,8.420000076293945,742.0
2024-08-21 09:48:00,SGML,11.010000228881836,11.010000228881836,11.029000282287598,10.979999542236328,10.979999542236328,10091.0
2024-08-21 09:48:00,SSRM,5.260000228881836,5.260000228881836,5.28000020980835,5.260000228881836,5.28000020980835,1732.0
2024-08-21 09:48:00,STLD,118.02999877929688,118.02999877929688,118.02999877929688,117.87999725341797,117.9000015258789,2869.0
2024-08-21 09:48:00,TMC,1.034999966621399,1.034999966621399,1.034999966621399,1.034999966621399,1.034999966621399,998.0
2024-08-21 09:49:00,CENX,14.880000114440918,14.880000114440918,14.880000114440918,14.880000114440918,14.880000114440918,518.0
2024-08-21 09:49:00,GEVO,0.7505999803543091,0.7505999803543091,0.7505999803543091,0.7505999803543091,0.7505999803543091,102.0
2024-08-21 09:49:00,GPRE,13.704999923706055,13.704999923706055,13.704999923706055,13.704999923706055,13.704999923706055,207.0
2024-08-21 09:49:00,HYMC,2.4800000190734863,2.4800000190734863,2.4800000190734863,2.4800000190734863,2.4800000190734863,273.0
2024-08-21 09:49:00,IOSP,110.33000183105469,110.33000183105469,110.33000183105469,110.33000183105469,110.33000183105469,320.0
2024-08-21 09:49:00,LWLG,2.5399999618530273,2.5399999618530273,2.5399999618530273,2.5399999618530273,2.5399999618530273,316.0
2024-08-21 09:49:00,METC,12.520000457763672,12.520000457763672,12.539999961853027,12.449999809265137,12.460000038146973,9827.0
2024-08-21 09:49:00,ORGN,1.419800043106079,1.419800043106079,1.440000057220459,1.409999966621399,1.440000057220459,37416.0
2024-08-21 09:49:00,PAAS,21.190000534057617,21.190000534057617,21.190099716186523,21.190000534057617,21.190000534057617,1149.0
2024-08-21 09:49:00,RGLD,138.44850158691406,138.44850158691406,138.44850158691406,138.44850158691406,138.44850158691406,521.0
2024-08-21 09:49:00,SGML,11.020000457763672,11.020000457763672,11.020000457763672,11.020000457763672,11.020000457763672,401.0
2024-08-21 09:49:00,SSRM,5.269999980926514,5.269999980926514,5.279900074005127,5.269999980926514,5.279900074005127,1989.0
2024-08-21 09:50:00,ACNT,10.0,10.0,10.020000457763672,10.0,10.020000457763672,578.0
2024-08-21 09:50:00,ALTO,1.4299999475479126,1.4299999475479126,1.4299999475479126,1.4299999475479126,1.4299999475479126,8924.0
2024-08-21 09:50:00,ASTL,9.65999984741211,9.65999984741211,9.65999984741211,9.619999885559082,9.630000114440918,2023.0
2024-08-21 09:50:00,CENX,14.930000305175781,14.930000305175781,14.930000305175781,14.880000114440918,14.880000114440918,8732.0
2024-08-21 09:50:00,CRKN,1.784999966621399,1.784999966621399,1.784999966621399,1.784999966621399,1.784999966621399,1876.0
2024-08-21 09:50:00,ELBM,0.5149999856948853,0.5149999856948853,0.5149999856948853,0.5149999856948853,0.5149999856948853,1511.0
2024-08-21 09:50:00,GPRE,13.704999923706055,13.704999923706055,13.704999923706055,13.704999923706055,13.704999923706055,237.0
2024-08-21 09:50:00,GSM,4.460299968719482,4.460299968719482,4.460299968719482,4.460299968719482,4.460299968719482,222.0
2024-08-21 09:50:00,HDSN,7.9899001121521,7.9899001121521,7.9899001121521,7.9899001121521,7.9899001121521,305.0
2024-08-21 09:50:00,HYMC,2.4749999046325684,2.4749999046325684,2.4800000190734863,2.4749999046325684,2.4800000190734863,1135.0
2024-08-21 09:50:00,LWLG,2.5399999618530273,2.5399999618530273,2.5492000579833984,2.5399999618530273,2.5492000579833984,510.0
2024-08-21 09:50:00,MERC,6.170000076293945,6.170000076293945,6.170000076293945,6.170000076293945,6.170000076293945,994.0
2024-08-21 09:50:00,METC,12.46500015258789,12.46500015258789,12.505000114440918,12.46500015258789,12.5,2146.0
2024-08-21 09:50:00,ORGN,1.4399000406265259,1.4399000406265259,1.4399000406265259,1.409999966621399,1.4119999408721924,46673.0
2024-08-21 09:50:00,PAAS,21.170000076293945,21.170000076293945,21.170000076293945,21.170000076293945,21.170000076293945,731.0
2024-08-21 09:50:00,PLL,8.380000114440918,8.380000114440918,8.380000114440918,8.380000114440918,8.380000114440918,459.0
2024-08-21 09:50:00,RGLD,138.36000061035156,138.36000061035156,138.6199951171875,138.36000061035156,138.6199951171875,3836.0
2024-08-21 09:50:00,SGML,11.020000457763672,11.020000457763672,11.020000457763672,11.020000457763672,11.020000457763672,439.0
2024-08-21 09:50:00,SSRM,5.268799781799316,5.268799781799316,5.268799781799316,5.268799781799316,5.268799781799316,1225.0
2024-08-21 09:50:00,STLD,117.94999694824219,117.94999694824219,117.9800033569336,117.94999694824219,117.9800033569336,475.0
2024-08-21 09:51:00,CENX,14.890000343322754,14.890000343322754,14.931599617004395,14.890000343322754,14.920000076293945,1084.0
2024-08-21 09:51:00,ELBM,0.5289000272750854,0.5289000272750854,0.5289000272750854,0.5289000272750854,0.5289000272750854,3055.0
2024-08-21 09:51:00,GEVO,0.758899986743927,0.758899986743927,0.7590000033378601,0.7505000233650208,0.7505000233650208,13704.0
2024-08-21 09:51:00,GPRE,13.619999885559082,13.619999885559082,13.670000076293945,13.619999885559082,13.670000076293945,5249.0
2024-08-21 09:51:00,GSM,4.460000038146973,4.460000038146973,4.460000038146973,4.460000038146973,4.460000038146973,688.0
2024-08-21 09:51:00,LWLG,2.549999952316284,2.549999952316284,2.549999952316284,2.5450000762939453,2.5450000762939453,1518.0
2024-08-21 09:51:00,METC,12.449999809265137,12.449999809265137,12.489999771118164,12.449999809265137,12.479999542236328,6462.0
2024-08-21 09:51:00,ORGN,1.4450000524520874,1.4450000524520874,1.4500000476837158,1.4299999475479126,1.430299997329712,17213.0
2024-08-21 09:51:00,PAAS,21.059999465942383,21.059999465942383,21.149999618530273,21.059999465942383,21.149999618530273,13471.0
2024-08-21 09:51:00,SGML,11.022500038146973,11.022500038146973,11.050000190734863,11.020000457763672,11.020000457763672,3881.0
2024-08-21 09:51:00,SSRM,5.224999904632568,5.224999904632568,5.260000228881836,5.21999979019165,5.260000228881836,12451.0
2024-08-21 09:51:00,STLD,117.75,117.75,118.02999877929688,117.75,118.02999877929688,6499.0
2024-08-21 09:51:00,TMC,1.024999976158142,1.024999976158142,1.0299999713897705,1.024999976158142,1.0299999713897705,2013.0
2024-08-21 09:52:00,CENX,14.880000114440918,14.880000114440918,14.890000343322754,14.880000114440918,14.880000114440918,2623.0
2024-08-21 09:52:00,GEVO,0.7505000233650208,0.7505000233650208,0.7544999718666077,0.7505000233650208,0.7544999718666077,233.0
2024-08-21 09:52:00,GPRE,13.579999923706055,13.579999923706055,13.579999923706055,13.579999923706055,13.579999923706055,631.0
2024-08-21 09:52:00,HYMC,2.489799976348877,2.489799976348877,2.489799976348877,2.4749999046325684,2.4749999046325684,1698.0
2024-08-21 09:52:00,LWLG,2.555000066757202,2.555000066757202,2.559999942779541,2.555000066757202,2.559999942779541,808.0
2024-08-21 09:52:00,METC,12.460000038146973,12.460000038146973,12.460000038146973,12.430000305175781,12.449999809265137,3287.0
2024-08-21 09:52:00,ORGN,1.4450000524520874,1.4450000524520874,1.4500000476837158,1.440000057220459,1.4450000524520874,2945.0
2024-08-21 09:52:00,PAAS,21.09000015258789,21.09000015258789,21.09000015258789,21.05820083618164,21.05820083618164,6091.0
2024-08-21 09:52:00,PLL,8.329999923706055,8.329999923706055,8.379899978637695,8.329999923706055,8.379899978637695,6082.0
2024-08-21 09:52:00,PPTA,8.869999885559082,8.869999885559082,8.925000190734863,8.869999885559082,8.925000190734863,231.0
2024-08-21 09:52:00,SGML,11.013999938964844,11.013999938964844,11.03499984741211,11.013999938964844,11.03499984741211,380.0
2024-08-21 09:52:00,SSRM,5.21999979019165,5.21999979019165,5.230000019073486,5.21999979019165,5.21999979019165,4286.0
2024-08-21 09:52:00,STLD,117.55999755859375,117.55999755859375,117.55999755859375,117.55999755859375,117.55999755859375,565.0
2024-08-21 09:52:00,TMC,1.029099941253662,1.029099941253662,1.029099941253662,1.029099941253662,1.029099941253662,680.0
2024-08-21 09:53:00,ASTL,9.654999732971191,9.654999732971191,9.654999732971191,9.654999732971191,9.654999732971191,201.0
2024-08-21 09:53:00,CENX,14.864999771118164,14.864999771118164,14.880000114440918,14.800000190734863,14.880000114440918,7729.0
2024-08-21 09:53:00,GPRE,13.569999694824219,13.569999694824219,13.569999694824219,13.569999694824219,13.569999694824219,269.0
2024-08-21 09:53:00,HWKN,118.91999816894531,118.91999816894531,118.91999816894531,118.91999816894531,118.91999816894531,712.0
2024-08-21 09:53:00,HYMCL,0.024700000882148743,0.024700000882148743,0.024700000882148743,0.024700000882148743,0.024700000882148743,1494.0
2024-08-21 09:53:00,KALU,70.33999633789062,70.33999633789062,70.51000213623047,70.33999633789062,70.51000213623047,890.0
2024-08-21 09:53:00,LWLG,2.569999933242798,2.569999933242798,2.569999933242798,2.569999933242798,2.569999933242798,477.0
2024-08-21 09:53:00,MEOH,44.459999084472656,44.459999084472656,44.459999084472656,44.459999084472656,44.459999084472656,753.0
2024-08-21 09:53:00,MERC,6.188399791717529,6.188399791717529,6.188399791717529,6.188399791717529,6.188399791717529,342.0
2024-08-21 09:53:00,METC,12.390399932861328,12.390399932861328,12.4399995803833,12.390399932861328,12.4399995803833,3296.0
2024-08-21 09:53:00,ORGN,1.429800033569336,1.429800033569336,1.4499000310897827,1.4249999523162842,1.4499000310897827,10094.0
2024-08-21 09:53:00,PAAS,21.1200008392334,21.1200008392334,21.1200008392334,21.06999969482422,21.079999923706055,4279.0
2024-08-21 09:53:00,PPTA,8.844900131225586,8.844900131225586,8.844900131225586,8.844900131225586,8.844900131225586,999.0
2024-08-21 09:53:00,SGML,11.039999961853027,11.039999961853027,11.039999961853027,11.029999732971191,11.03499984741211,662.0
2024-08-21 09:53:00,SSRM,5.25,5.25,5.255000114440918,5.21999979019165,5.220300197601318,19282.0
2024-08-21 09:53:00,STLD,117.56999969482422,117.56999969482422,117.83000183105469,117.56999969482422,117.69999694824219,4877.0
2024-08-21 09:54:00,CENX,14.880000114440918,14.880000114440918,14.880000114440918,14.880000114440918,14.880000114440918,5364.0
2024-08-21 09:54:00,GEVO,0.7505000233650208,0.7505000233650208,0.7505000233650208,0.7505000233650208,0.7505000233650208,594.0
2024-08-21 09:54:00,GPRE,13.555000305175781,13.555000305175781,13.555000305175781,13.550000190734863,13.550000190734863,725.0
2024-08-21 09:54:00,LWLG,2.5799999237060547,2.5799999237060547,2.5850000381469727,2.579699993133545,2.579699993133545,9816.0
2024-08-21 09:54:00,MERC,6.184999942779541,6.184999942779541,6.195000171661377,6.179999828338623,6.179999828338623,9115.0
2024-08-21 09:54:00,METC,12.319999694824219,12.319999694824219,12.399999618530273,12.319999694824219,12.399999618530273,11840.0
2024-08-21 09:54:00,ORGN,1.4299999475479126,1.4299999475479126,1.440000057220459,1.4299999475479126,1.4299999475479126,6641.0
2024-08-21 09:54:00,PAAS,21.139999389648438,21.139999389648438,21.149999618530273,21.114999771118164,21.1200008392334,4151.0
2024-08-21 09:54:00,SGML,11.079999923706055,11.079999923706055,11.079999923706055,11.039999961853027,11.050000190734863,2380.0
2024-08-21 09:54:00,SSRM,5.25,5.25,5.25,5.244999885559082,5.244999885559082,20605.0
2024-08-21 09:54:00,TMC,1.0206999778747559,1.0206999778747559,1.0206999778747559,1.0206999778747559,1.0206999778747559,2882.0
2024-08-21 09:54:00,USAP,39.709999084472656,39.709999084472656,39.709999084472656,39.650001525878906,39.650001525878906,964.0
2024-08-21 09:55:00,CENX,14.899999618530273,14.899999618530273,14.899999618530273,14.899999618530273,14.899999618530273,1497.0
2024-08-21 09:55:00,CRKN,1.7899999618530273,1.7899999618530273,1.7899999618530273,1.7899999618530273,1.7899999618530273,200.0
2024-08-21 09:55:00,GEVO,0.7585999965667725,0.7585999965667725,0.7585999965667725,0.7511000037193298,0.7511000037193298,295.0
2024-08-21 09:55:00,GSM,4.449999809265137,4.449999809265137,4.449999809265137,4.449999809265137,4.449999809265137,465.0
2024-08-21 09:55:00,HDSN,7.989999771118164,7.989999771118164,7.989999771118164,7.989999771118164,7.989999771118164,202.0
2024-08-21 09:55:00,LWLG,2.575000047683716,2.575000047683716,2.5799999237060547,2.575000047683716,2.5799999237060547,627.0
2024-08-21 09:55:00,METC,12.300000190734863,12.300000190734863,12.324999809265137,12.300000190734863,12.324999809265137,2684.0
2024-08-21 09:55:00,ORGN,1.4285999536514282,1.4285999536514282,1.4299999475479126,1.4205000400543213,1.4299999475479126,7893.0
2024-08-21 09:55:00,PAAS,21.139999389648438,21.139999389648438,21.15999984741211,21.110000610351562,21.148000717163086,17380.0
2024-08-21 09:55:00,PLL,8.390000343322754,8.390000343322754,8.390000343322754,8.390000343322754,8.390000343322754,435.0
2024-08-21 09:55:00,PPTA,8.880000114440918,8.880000114440918,8.880000114440918,8.880000114440918,8.880000114440918,2003.0
2024-08-21 09:55:00,SGML,11.0649995803833,11.0649995803833,11.09000015258789,11.050000190734863,11.050000190734863,4069.0
2024-08-21 09:55:00,SSRM,5.255000114440918,5.255000114440918,5.255000114440918,5.25,5.25,3648.0
2024-08-21 09:55:00,STLD,117.69999694824219,117.69999694824219,117.80500030517578,117.69999694824219,117.7300033569336,1404.0
2024-08-21 09:55:00,UFPI,119.86000061035156,119.86000061035156,119.86000061035156,119.79000091552734,119.79000091552734,2414.0
2024-08-21 09:56:00,ASTL,9.640000343322754,9.640000343322754,9.664999961853027,9.640000343322754,9.664999961853027,5343.0
2024-08-21 09:56:00,CRKN,1.7899999618530273,1.7899999618530273,1.7899999618530273,1.7899999618530273,1.7899999618530273,192.0
2024-08-21 09:56:00,GEVO,0.7587000131607056,0.7587000131607056,0.7587000131607056,0.7587000131607056,0.7587000131607056,708.0
2024-08-21 09:56:00,GSM,4.440000057220459,4.440000057220459,4.449999809265137,4.440000057220459,4.449999809265137,2784.0
2024-08-21 09:56:00,HDSN,7.989999771118164,7.989999771118164,7.989999771118164,7.989999771118164,7.989999771118164,431.0
2024-08-21 09:56:00,IPX,15.329999923706055,15.329999923706055,15.329999923706055,15.329999923706055,15.329999923706055,114.0
2024-08-21 09:56:00,LWLG,2.575000047683716,2.575000047683716,2.575000047683716,2.575000047683716,2.575000047683716,2228.0
2024-08-21 09:56:00,METC,12.307000160217285,12.307000160217285,12.3100004196167,12.279999732971191,12.3100004196167,2336.0
2024-08-21 09:56:00,ORGN,1.4299999475479126,1.4299999475479126,1.4299999475479126,1.409999966621399,1.4249999523162842,44138.0
2024-08-21 09:56:00,PAAS,21.139999389648438,21.139999389648438,21.139999389648438,21.1200008392334,21.1299991607666,2731.0
2024-08-21 09:56:00,PPTA,8.859999656677246,8.859999656677246,8.880000114440918,8.844799995422363,8.880000114440918,2042.0
2024-08-21 09:56:00,RGLD,138.8000030517578,138.8000030517578,138.8000030517578,138.8000030517578,138.8000030517578,798.0
2024-08-21 09:56:00,SGML,11.0649995803833,11.0649995803833,11.079999923706055,11.0649995803833,11.079999923706055,719.0
2024-08-21 09:56:00,SSRM,5.255000114440918,5.255000114440918,5.255000114440918,5.255000114440918,5.255000114440918,1202.0
2024-08-21 09:56:00,STLD,117.69999694824219,117.69999694824219,117.90989685058594,117.69999694824219,117.81999969482422,2322.0
2024-08-21 09:56:00,TMC,1.0210000276565552,1.0210000276565552,1.0210000276565552,1.0210000276565552,1.0210000276565552,850.0
2024-08-21 09:57:00,CENX,14.930000305175781,14.930000305175781,14.930000305175781,14.930000305175781,14.930000305175781,509.0
2024-08-21 09:57:00,ELBM,0.5202999711036682,0.5202999711036682,0.5202999711036682,0.5202999711036682,0.5202999711036682,1577.0
2024-08-21 09:57:00,GEVO,0.754800021648407,0.754800021648407,0.754800021648407,0.7509999871253967,0.7509999871253967,1848.0
2024-08-21 09:57:00,GPRE,13.5600004196167,13.5600004196167,13.5600004196167,13.5600004196167,13.5600004196167,172.0
2024-08-21 09:57:00,HDSN,7.980000019073486,7.980000019073486,7.989999771118164,7.980000019073486,7.989999771118164,974.0
2024-08-21 09:57:00,HYMC,2.4600000381469727,2.4600000381469727,2.4600000381469727,2.4600000381469727,2.4600000381469727,200.0
2024-08-21 09:57:00,MEOH,44.59000015258789,44.59000015258789,44.59000015258789,44.540000915527344,44.540000915527344,1642.0
2024-08-21 09:57:00,ORGN,1.4299999475479126,1.4299999475479126,1.4450000524520874,1.4299999475479126,1.434999942779541,3929.0
2024-08-21 09:57:00,PAAS,21.139999389648438,21.139999389648438,21.189699172973633,21.1299991607666,21.15999984741211,4346.0
2024-08-21 09:57:00,PLL,8.430000305175781,8.430000305175781,8.430000305175781,8.419899940490723,8.419899940490723,2960.0
2024-08-21 09:57:00,PPTA,8.84000015258789,8.84000015258789,8.843999862670898,8.84000015258789,8.843999862670898,1475.0
2024-08-21 09:57:00,SGML,11.109999656677246,11.109999656677246,11.109999656677246,11.0649995803833,11.0649995803833,4087.0
2024-08-21 09:57:00,SSRM,5.260000228881836,5.260000228881836,5.260000228881836,5.255000114440918,5.255000114440918,4064.0
2024-08-21 09:57:00,STLD,117.80000305175781,117.80000305175781,117.80000305175781,117.80000305175781,117.80000305175781,643.0
2024-08-21 09:58:00,CENX,14.875,14.875,14.880000114440918,14.875,14.880000114440918,1025.0
2024-08-21 09:58:00,CRKN,1.784999966621399,1.784999966621399,1.784999966621399,1.784999966621399,1.784999966621399,200.0
2024-08-21 09:58:00,GEVO,0.7567999958992004,0.7567999958992004,0.7587000131607056,0.7567999958992004,0.7587000131607056,21979.0
2024-08-21 09:58:00,GPRE,13.5600004196167,13.5600004196167,13.5600004196167,13.5600004196167,13.5600004196167,516.0
2024-08-21 09:58:00,GSM,4.434999942779541,4.434999942779541,4.434999942779541,4.434999942779541,4.434999942779541,200.0
2024-08-21 09:58:00,HYMC,2.4800000190734863,2.4800000190734863,2.4800000190734863,2.4749999046325684,2.4749999046325684,373.0
2024-08-21 09:58:00,IOSP,109.8550033569336,109.8550033569336,109.8550033569336,109.8550033569336,109.8550033569336,2557.0
2024-08-21 09:58:00,KALU,70.08999633789062,70.08999633789062,70.08999633789062,70.08999633789062,70.08999633789062,488.0
2024-08-21 09:58:00,LOOP,1.3295999765396118,1.3295999765396118,1.3300000429153442,1.3066999912261963,1.3158999681472778,16204.0
2024-08-21 09:58:00,LWLG,2.59060001373291,2.59060001373291,2.59060001373291,2.59060001373291,2.59060001373291,145.0
2024-08-21 09:58:00,MERC,6.190000057220459,6.190000057220459,6.199999809265137,6.190000057220459,6.199999809265137,1440.0
2024-08-21 09:58:00,METC,12.324999809265137,12.324999809265137,12.324999809265137,12.270000457763672,12.289999961853027,1753.0
2024-08-21 09:58:00,ORGN,1.438599944114685,1.438599944114685,1.4500000476837158,1.438599944114685,1.4500000476837158,496.0
2024-08-21 09:58:00,PAAS,21.165000915527344,21.165000915527344,21.174999237060547,21.139999389648438,21.139999389648438,6646.0
2024-08-21 09:58:00,PLL,8.40999984741211,8.40999984741211,8.40999984741211,8.40999984741211,8.40999984741211,909.0
2024-08-21 09:58:00,RGLD,138.875,138.875,138.875,138.875,138.875,2116.0
2024-08-21 09:58:00,SGML,11.09000015258789,11.09000015258789,11.140000343322754,11.09000015258789,11.109999656677246,19207.0
2024-08-21 09:58:00,SSRM,5.260000228881836,5.260000228881836,5.260000228881836,5.255000114440918,5.260000228881836,6699.0
2024-08-21 09:58:00,STLD,117.69499969482422,117.69499969482422,117.69999694824219,117.69499969482422,117.69999694824219,3143.0
2024-08-21 09:58:00,USAP,39.54999923706055,39.54999923706055,39.54999923706055,39.54999923706055,39.54999923706055,144.0
2024-08-21 09:59:00,ALTO,1.4299999475479126,1.4299999475479126,1.4299999475479126,1.4299999475479126,1.4299999475479126,1632.0
2024-08-21 09:59:00,CENX,14.84000015258789,14.84000015258789,14.84000015258789,14.84000015258789,14.84000015258789,293.0
2024-08-21 09:59:00,GEVO,0.7505000233650208,0.7505000233650208,0.7505000233650208,0.7486000061035156,0.75,40305.0
2024-08-21 09:59:00,GPRE,13.5600004196167,13.5600004196167,13.5600004196167,13.5600004196167,13.5600004196167,656.0
2024-08-21 09:59:00,HDSN,8.0,8.0,8.0,8.0,8.0,200.0
2024-08-21 09:59:00,HYMC,2.4749999046325684,2.4749999046325684,2.4749999046325684,2.4749999046325684,2.4749999046325684,247.0
2024-08-21 09:59:00,IONR,3.490000009536743,3.490000009536743,3.490000009536743,3.490000009536743,3.490000009536743,321.0
2024-08-21 09:59:00,ORGN,1.3899999856948853,1.3899999856948853,1.440000057220459,1.3899999856948853,1.440000057220459,27776.0
2024-08-21 09:59:00,PAAS,21.190000534057617,21.190000534057617,21.200000762939453,21.170000076293945,21.170000076293945,2007.0
2024-08-21 09:59:00,PLL,8.420000076293945,8.420000076293945,8.420000076293945,8.420000076293945,8.420000076293945,1200.0
2024-08-21 09:59:00,SEED,2.299999952316284,2.299999952316284,2.299999952316284,2.299999952316284,2.299999952316284,1377.0
2024-08-21 09:59:00,SGML,11.043800354003906,11.043800354003906,11.140000343322754,11.043800354003906,11.140000343322754,2776.0
2024-08-21 09:59:00,SMID,32.830101013183594,32.830101013183594,33.8849983215332,32.830101013183594,33.8849983215332,1011.0
2024-08-21 09:59:00,SSRM,5.255000114440918,5.255000114440918,5.255000114440918,5.25,5.255000114440918,24780.0
2024-08-21 09:59:00,STLD,117.61000061035156,117.61000061035156,117.61000061035156,117.61000061035156,117.61000061035156,1554.0
2024-08-21 09:59:00,TMC,1.0199999809265137,1.0199999809265137,1.0199999809265137,1.0199999809265137,1.0199999809265137,6808.0
2024-08-21 09:59:00,USAP,39.400001525878906,39.400001525878906,39.43000030517578,39.400001525878906,39.43000030517578,422.0
2024-08-21 09:59:00,ZKIN,0.48649999499320984,0.48649999499320984,0.48649999499320984,0.48649999499320984,0.48649999499320984,3230.0
2024-08-21 10:00:00,ALTO,1.4299999475479126,1.4299999475479126,1.4299999475479126,1.4299999475479126,1.4299999475479126,0.0
2024-08-21 10:00:00,ASTL,9.6899995803833,9.6899995803833,9.6899995803833,9.625,9.625,12519.0
2024-08-21 10:00:00,CENX,14.824999809265137,14.824999809265137,14.864999771118164,14.820500373840332,14.850000381469727,2987.0
2024-08-21 10:00:00,CRKN,1.8701000213623047,1.8701000213623047,1.8799999952316284,1.7899999618530273,1.7899999618530273,73209.0
2024-08-21 10:00:00,GEVO,0.746999979019165,0.746999979019165,0.7486000061035156,0.746999979019165,0.7486000061035156,16229.0
2024-08-21 10:00:00,GPRE,13.625,13.625,13.625,13.59000015258789,13.59000015258789,2774.0
2024-08-21 10:00:00,GSM,4.434999942779541,4.434999942779541,4.434999942779541,4.429999828338623,4.429999828338623,1538.0
2024-08-21 10:00:00,HDSN,8.0,8.0,8.0,8.0,8.0,454.0
2024-08-21 10:00:00,LGO,1.8799999952316284,1.8799999952316284,1.8799999952316284,1.8799999952316284,1.8799999952316284,0.0
2024-08-21 10:00:00,LWLG,2.5903000831604004,2.5903000831604004,2.5903000831604004,2.5799999237060547,2.5799999237060547,1685.0
2024-08-21 10:00:00,MEOH,44.54999923706055,44.54999923706055,44.54999923706055,44.54999923706055,44.54999923706055,628.0
2024-08-21 10:00:00,METC,12.380000114440918,12.380000114440918,12.380000114440918,12.32919979095459,12.32919979095459,2317.0
2024-08-21 10:00:00,ORGN,1.399999976158142,1.399999976158142,1.4199999570846558,1.3899999856948853,1.399999976158142,69394.0
2024-08-21 10:00:00,PAAS,21.200000762939453,21.200000762939453,21.21500015258789,21.139999389648438,21.190000534057617,32235.0
2024-08-21 10:00:00,PLL,8.420000076293945,8.420000076293945,8.420000076293945,8.395000457763672,8.399999618530273,3669.0
2024-08-21 10:00:00,PPTA,8.8100004196167,8.8100004196167,8.8100004196167,8.8100004196167,8.8100004196167,2025.0
2024-08-21 10:00:00,RGLD,138.8699951171875,138.8699951171875,138.8699951171875,138.8699951171875,138.8699951171875,424.0
2024-08-21 10:00:00,SGML,11.03499984741211,11.03499984741211,11.039999961853027,11.03499984741211,11.039999961853027,559.0
2024-08-21 10:00:00,SMID,34.30070114135742,34.30070114135742,34.30070114135742,34.30070114135742,34.30070114135742,152.0
2024-08-21 10:00:00,SSRM,5.260000228881836,5.260000228881836,5.264999866485596,5.255000114440918,5.255000114440918,3835.0
2024-08-21 10:00:00,STLD,117.72000122070312,117.72000122070312,117.75250244140625,117.51000213623047,117.51000213623047,5149.0
2024-08-21 10:00:00,ZEUS,40.89500045776367,40.89500045776367,40.89500045776367,40.89500045776367,40.89500045776367,301.0
2024-08-21 10:01:00,ASTL,9.699999809265137,9.699999809265137,9.699999809265137,9.699999809265137,9.699999809265137,665.0
2024-08-21 10:01:00,CENX,14.8100004196167,14.8100004196167,14.8100004196167,14.8100004196167,14.8100004196167,280.0
2024-08-21 10:01:00,CRKN,1.8209999799728394,1.8209999799728394,1.8792999982833862,1.8209999799728394,1.8600000143051147,42095.0
2024-08-21 10:01:00,FEAM,0.9298999905586243,0.9298999905586243,0.9298999905586243,0.902999997138977,0.902999997138977,732.0
2024-08-21 10:01:00,GEVO,0.7468000054359436,0.7468000054359436,0.7468000054359436,0.7466999888420105,0.7468000054359436,2442.0
2024-08-21 10:01:00,GSM,4.429999828338623,4.429999828338623,4.440100193023682,4.429999828338623,4.434999942779541,2623.0
2024-08-21 10:01:00,HDSN,8.0,8.0,8.010000228881836,8.0,8.010000228881836,744.0
2024-08-21 10:01:00,HYMC,2.4749999046325684,2.4749999046325684,2.4749999046325684,2.4749999046325684,2.4749999046325684,1049.0
2024-08-21 10:01:00,IOSP,109.91999816894531,109.91999816894531,109.91999816894531,109.91999816894531,109.91999816894531,337.0
2024-08-21 10:01:00,LWLG,2.5950000286102295,2.5950000286102295,2.5950000286102295,2.5899999141693115,2.5899999141693115,2511.0
2024-08-21 10:01:00,MEOH,44.5099983215332,44.5099983215332,44.5099983215332,44.5099983215332,44.5099983215332,641.0
2024-08-21 10:01:00,MERC,6.164999961853027,6.164999961853027,6.164999961853027,6.164999961853027,6.164999961853027,512.0
2024-08-21 10:01:00,METC,12.369999885559082,12.369999885559082,12.385000228881836,12.369999885559082,12.385000228881836,3457.0
2024-08-21 10:01:00,ORGN,1.409999966621399,1.409999966621399,1.409999966621399,1.399999976158142,1.399999976158142,2388.0
2024-08-21 10:01:00,PAAS,21.170000076293945,21.170000076293945,21.200000762939453,21.165000915527344,21.170000076293945,10901.0
2024-08-21 10:01:00,PPTA,8.789999961853027,8.789999961853027,8.789999961853027,8.789999961853027,8.789999961853027,553.0
2024-08-21 10:01:00,SGML,11.050000190734863,11.050000190734863,11.050000190734863,11.050000190734863,11.050000190734863,911.0
2024-08-21 10:01:00,SSRM,5.239999771118164,5.239999771118164,5.25,5.239999771118164,5.25,14674.0
2024-08-21 10:01:00,STLD,117.66000366210938,117.66000366210938,117.66000366210938,117.66000366210938,117.66000366210938,3194.0
2024-08-21 10:01:00,TMC,1.024999976158142,1.024999976158142,1.024999976158142,1.024999976158142,1.024999976158142,967.0
2024-08-21 10:01:00,USAP,39.38999938964844,39.38999938964844,39.38999938964844,39.38999938964844,39.38999938964844,280.0
2024-08-21 10:01:00,ZEUS,40.900001525878906,40.900001525878906,40.900001525878906,40.900001525878906,40.900001525878906,103.0
2024-08-21 10:02:00,ASTL,9.6899995803833,9.6899995803833,9.6899995803833,9.670000076293945,9.670000076293945,418.0
2024-08-21 10:02:00,CENX,14.819999694824219,14.819999694824219,14.819999694824219,14.789999961853027,14.819899559020996,4332.0
2024-08-21 10:02:00,CRKN,1.8299000263214111,1.8299000263214111,1.840000033378601,1.7999999523162842,1.8200000524520874,30528.0
2024-08-21 10:02:00,GEVO,0.7454000115394592,0.7454000115394592,0.7454000115394592,0.745199978351593,0.745199978351593,10868.0
2024-08-21 10:02:00,GPRE,13.625,13.625,13.625,13.625,13.625,389.0
2024-08-21 10:02:00,GSM,4.440000057220459,4.440000057220459,4.440000057220459,4.440000057220459,4.440000057220459,878.0
2024-08-21 10:02:00,HYMC,2.460099935531616,2.460099935531616,2.460099935531616,2.4600000381469727,2.4600000381469727,1311.0
2024-08-21 10:02:00,HYMCW,0.013000000268220901,0.013000000268220901,0.013000000268220901,0.013000000268220901,0.013000000268220901,0.0
2024-08-21 10:02:00,IOSP,109.69000244140625,109.69000244140625,109.69000244140625,109.69000244140625,109.69000244140625,477.0
2024-08-21 10:02:00,LGO,1.8700000047683716,1.8700000047683716,1.8700000047683716,1.8700000047683716,1.8700000047683716,305.0
2024-08-21 10:02:00,LWLG,2.5899999141693115,2.5899999141693115,2.5950000286102295,2.5899999141693115,2.5899999141693115,1406.0
2024-08-21 10:02:00,METC,12.449999809265137,12.449999809265137,12.449999809265137,12.414999961853027,12.414999961853027,934.0
2024-08-21 10:02:00,ORGN,1.3899999856948853,1.3899999856948853,1.409999966621399,1.3899999856948853,1.3899999856948853,3987.0
2024-08-21 10:02:00,PAAS,21.155000686645508,21.155000686645508,21.200000762939453,21.139999389648438,21.179899215698242,5895.0
2024-08-21 10:02:00,PLL,8.390000343322754,8.390000343322754,8.390000343322754,8.369999885559082,8.375,1141.0
2024-08-21 10:02:00,PPTA,8.799400329589844,8.799400329589844,8.799400329589844,8.770700454711914,8.770700454711914,2448.0
2024-08-21 10:02:00,SGML,11.079999923706055,11.079999923706055,11.079999923706055,11.074999809265137,11.074999809265137,501.0
2024-08-21 10:02:00,SSRM,5.230000019073486,5.230000019073486,5.255000114440918,5.230000019073486,5.231100082397461,14518.0
2024-08-21 10:02:00,STLD,117.66999816894531,117.66999816894531,117.81999969482422,117.66999816894531,117.7300033569336,3863.0
2024-08-21 10:02:00,TMC,1.0299999713897705,1.0299999713897705,1.0299999713897705,1.0299999713897705,1.0299999713897705,172.0
2024-08-21 10:03:00,ALTO,1.4299999475479126,1.4299999475479126,1.4299999475479126,1.4299999475479126,1.4299999475479126,200.0
2024-08-21 10:03:00,ASTL,9.710000038146973,9.710000038146973,9.710000038146973,9.6899995803833,9.6899995803833,486.0
2024-08-21 10:03:00,CENX,14.85099983215332,14.85099983215332,14.85099983215332,14.8100004196167,14.819999694824219,1406.0
2024-08-21 10:03:00,CRKN,1.8250000476837158,1.8250000476837158,1.8250000476837158,1.7999999523162842,1.818600058555603,12194.0
2024-08-21 10:03:00,ELBM,0.5080000162124634,0.5080000162124634,0.5080000162124634,0.5080000162124634,0.5080000162124634,5044.0
2024-08-21 10:03:00,GPRE,13.640000343322754,13.640000343322754,13.65999984741211,13.640000343322754,13.649999618530273,1340.0
2024-08-21 10:03:00,HDSN,8.0,8.0,8.0,8.0,8.0,559.0
2024-08-21 10:03:00,HUDI,2.180000066757202,2.180000066757202,2.180000066757202,2.180000066757202,2.180000066757202,1900.0
2024-08-21 10:03:00,HYMC,2.4600000381469727,2.4600000381469727,2.4600000381469727,2.4600000381469727,2.4600000381469727,355.0
2024-08-21 10:03:00,MERC,6.170000076293945,6.170000076293945,6.170000076293945,6.170000076293945,6.170000076293945,645.0
2024-08-21 10:03:00,METC,12.520000457763672,12.520000457763672,12.520000457763672,12.449999809265137,12.449999809265137,3826.0
2024-08-21 10:03:00,ORGN,1.3812999725341797,1.3812999725341797,1.399999976158142,1.3803999423980713,1.399999976158142,9883.0
2024-08-21 10:03:00,PAAS,21.19499969482422,21.19499969482422,21.19499969482422,21.155000686645508,21.170000076293945,4801.0
2024-08-21 10:03:00,PPTA,8.85200023651123,8.85200023651123,8.859999656677246,8.8100004196167,8.8149995803833,5593.0
2024-08-21 10:03:00,SGML,11.0649995803833,11.0649995803833,11.079999923706055,11.0649995803833,11.079999923706055,10626.0
2024-08-21 10:03:00,SSRM,5.244999885559082,5.244999885559082,5.244999885559082,5.240099906921387,5.240099906921387,2555.0
2024-08-21 10:03:00,STLD,117.73999786376953,117.73999786376953,117.80000305175781,117.66999816894531,117.80000305175781,4481.0
2024-08-21 10:03:00,USAU,5.480000019073486,5.480000019073486,5.480000019073486,5.480000019073486,5.480000019073486,291.0
2024-08-21 10:04:00,ASTL,9.710000038146973,9.710000038146973,9.710000038146973,9.710000038146973,9.710000038146973,373.0
2024-08-21 10:04:00,CENX,14.84000015258789,14.84000015258789,14.84000015258789,14.830100059509277,14.830100059509277,575.0
2024-08-21 10:04:00,CRKN,1.809999942779541,1.809999942779541,1.809999942779541,1.809999942779541,1.809999942779541,1208.0
2024-08-21 10:04:00,FEAM,0.8999999761581421,0.8999999761581421,0.8999999761581421,0.8999999761581421,0.8999999761581421,146.0
2024-08-21 10:04:00,GEVO,0.745199978351593,0.745199978351593,0.745199978351593,0.745199978351593,0.745199978351593,6003.0
2024-08-21 10:04:00,GPRE,13.675000190734863,13.675000190734863,13.675000190734863,13.670000076293945,13.670000076293945,454.0
2024-08-21 10:04:00,HYMC,2.4700000286102295,2.4700000286102295,2.4700000286102295,2.469899892807007,2.469899892807007,930.0
2024-08-21 10:04:00,LWLG,2.5999999046325684,2.5999999046325684,2.5999999046325684,2.5999999046325684,2.5999999046325684,4107.0
2024-08-21 10:04:00,METC,12.479999542236328,12.479999542236328,12.51550006866455,12.479999542236328,12.490099906921387,11240.0
2024-08-21 10:04:00,ORGN,1.409999966621399,1.409999966621399,1.409999966621399,1.3849999904632568,1.3895000219345093,9592.0
2024-08-21 10:04:00,PAAS,21.209999084472656,21.209999084472656,21.209999084472656,21.184999465942383,21.190000534057617,2164.0
2024-08-21 10:04:00,PLL,8.430000305175781,8.430000305175781,8.430000305175781,8.40999984741211,8.40999984741211,1195.0
2024-08-21 10:04:00,PPTA,8.84000015258789,8.84000015258789,8.890000343322754,8.82800006866455,8.854999542236328,6201.0
2024-08-21 10:04:00,SGML,11.0600004196167,11.0600004196167,11.0600004196167,11.0600004196167,11.0600004196167,500.0
2024-08-21 10:04:00,SSRM,5.25,5.25,5.25,5.25,5.25,347.0
2024-08-21 10:04:00,STLD,117.56999969482422,117.56999969482422,117.73999786376953,117.56999969482422,117.73999786376953,2589.0
2024-08-21 10:04:00,TMC,1.0299999713897705,1.0299999713897705,1.0299999713897705,1.0299999713897705,1.0299999713897705,2685.0
2024-08-21 10:04:00,USAP,39.40999984741211,39.40999984741211,39.40999984741211,39.099998474121094,39.099998474121094,1039.0
2024-08-21 10:05:00,ASTL,9.699999809265137,9.699999809265137,9.710000038146973,9.699999809265137,9.710000038146973,326.0
2024-08-21 10:05:00,CENX,14.859999656677246,14.859999656677246,14.869999885559082,14.84000015258789,14.84000015258789,1602.0
2024-08-21 10:05:00,CRKN,1.809999942779541,1.809999942779541,1.8115999698638916,1.7999999523162842,1.809999942779541,9325.0
2024-08-21 10:05:00,FEAM,0.8809999823570251,0.8809999823570251,0.8809999823570251,0.8809999823570251,0.8809999823570251,105.0
2024-08-21 10:05:00,GEVO,0.7465999722480774,0.7465999722480774,0.7477999925613403,0.7451000213623047,0.7451000213623047,10578.0
2024-08-21 10:05:00,GPRE,13.680000305175781,13.680000305175781,13.680000305175781,13.680000305175781,13.680000305175781,200.0
2024-08-21 10:05:00,GSM,4.445000171661377,4.445000171661377,4.445000171661377,4.434999942779541,4.440000057220459,3392.0
2024-08-21 10:05:00,HDSN,7.994999885559082,7.994999885559082,8.0,7.994999885559082,7.995299816131592,1151.0
2024-08-21 10:05:00,HYMC,2.4600000381469727,2.4600000381469727,2.4600000381469727,2.4600000381469727,2.4600000381469727,742.0
2024-08-21 10:05:00,IOSP,109.51000213623047,109.51000213623047,109.56999969482422,109.51000213623047,109.56999969482422,1259.0
2024-08-21 10:05:00,LGO,1.8550000190734863,1.8550000190734863,1.8600000143051147,1.850000023841858,1.850000023841858,506.0
2024-08-21 10:05:00,LWLG,2.5999999046325684,2.5999999046325684,2.6050000190734863,2.5999999046325684,2.6050000190734863,500.0
2024-08-21 10:05:00,METC,12.4399995803833,12.4399995803833,12.449999809265137,12.430000305175781,12.449999809265137,1681.0
2024-08-21 10:05:00,ORGN,1.4009000062942505,1.4009000062942505,1.4199999570846558,1.399999976158142,1.4199999570846558,11275.0
2024-08-21 10:05:00,PAAS,21.264999389648438,21.264999389648438,21.280000686645508,21.219999313354492,21.219999313354492,5263.0
2024-08-21 10:05:00,PPTA,8.791799545288086,8.791799545288086,8.850000381469727,8.791799545288086,8.850000381469727,1647.0
2024-08-21 10:05:00,SGML,11.055000305175781,11.055000305175781,11.09000015258789,11.039999961853027,11.079999923706055,9531.0
2024-08-21 10:05:00,SSRM,5.244999885559082,5.244999885559082,5.25,5.244999885559082,5.244999885559082,1752.0
2024-08-21 10:05:00,STLD,117.45999908447266,117.45999908447266,117.56999969482422,117.33499908447266,117.56999969482422,3008.0
2024-08-21 10:05:00,TMC,1.0379999876022339,1.0379999876022339,1.0379999876022339,1.0299999713897705,1.0299999713897705,1034.0
2024-08-21 10:05:00,ZEUS,40.85499954223633,40.85499954223633,40.85499954223633,40.85499954223633,40.85499954223633,624.0
2024-08-21 10:06:00,ASTL,9.729999542236328,9.729999542236328,9.739999771118164,9.709699630737305,9.709699630737305,4579.0
2024-08-21 10:06:00,CENX,14.819999694824219,14.819999694824219,14.857999801635742,14.819999694824219,14.857999801635742,2113.0
2024-08-21 10:06:00,ELBM,0.5199999809265137,0.5199999809265137,0.5199999809265137,0.5199999809265137,0.5199999809265137,136.0
2024-08-21 10:06:00,GEVO,0.7440000176429749,0.7440000176429749,0.745199978351593,0.7440000176429749,0.745199978351593,13385.0
2024-08-21 10:06:00,GPRE,13.680000305175781,13.680000305175781,13.680000305175781,13.680000305175781,13.680000305175781,202.0
2024-08-21 10:06:00,GSM,4.440000057220459,4.440000057220459,4.440000057220459,4.440000057220459,4.440000057220459,900.0
2024-08-21 10:06:00,IOSP,109.44000244140625,109.44000244140625,109.44000244140625,109.44000244140625,109.44000244140625,292.0
2024-08-21 10:06:00,KALU,70.29000091552734,70.29000091552734,70.29000091552734,70.29000091552734,70.29000091552734,120.0
2024-08-21 10:06:00,LWLG,2.5950000286102295,2.5950000286102295,2.5999999046325684,2.5899999141693115,2.5999999046325684,955.0
2024-08-21 10:06:00,MEOH,44.400001525878906,44.400001525878906,44.40999984741211,44.400001525878906,44.40999984741211,630.0
2024-08-21 10:06:00,MERC,6.159999847412109,6.159999847412109,6.159999847412109,6.159999847412109,6.159999847412109,404.0
2024-08-21 10:06:00,METC,12.414999961853027,12.414999961853027,12.420000076293945,12.40999984741211,12.420000076293945,1413.0
2024-08-21 10:06:00,ORGN,1.4098999500274658,1.4098999500274658,1.409999966621399,1.399999976158142,1.4049999713897705,3085.0
2024-08-21 10:06:00,PAAS,21.2549991607666,21.2549991607666,21.28499984741211,21.2450008392334,21.274999618530273,4538.0
2024-08-21 10:06:00,PLL,8.399999618530273,8.399999618530273,8.420000076293945,8.399999618530273,8.416000366210938,907.0
2024-08-21 10:06:00,RGLD,138.6699981689453,138.6699981689453,138.6699981689453,138.6699981689453,138.6699981689453,943.0
2024-08-21 10:06:00,SGML,11.0,11.0,11.050000190734863,11.0,11.050000190734863,6129.0
2024-08-21 10:06:00,SSRM,5.239999771118164,5.239999771118164,5.239999771118164,5.239999771118164,5.239999771118164,200.0
2024-08-21 10:06:00,STLD,117.41000366210938,117.41000366210938,117.57769775390625,117.41000366210938,117.54000091552734,1305.0
2024-08-21 10:07:00,ALTO,1.4299999475479126,1.4299999475479126,1.4299999475479126,1.4299999475479126,1.4299999475479126,437.0
2024-08-21 10:07:00,ASTL,9.720000267028809,9.720000267028809,9.720000267028809,9.710000038146973,9.710000038146973,1040.0
2024-08-21 10:07:00,CENX,14.8100004196167,14.8100004196167,14.810999870300293,14.795000076293945,14.8100004196167,1865.0
2024-08-21 10:07:00,GEVO,0.7401000261306763,0.7401000261306763,0.7429999709129333,0.7360000014305115,0.7429999709129333,61138.0
2024-08-21 10:07:00,GPRE,13.6899995803833,13.6899995803833,13.6899995803833,13.670000076293945,13.670000076293945,1555.0
2024-08-21 10:07:00,GSM,4.434999942779541,4.434999942779541,4.434999942779541,4.434999942779541,4.434999942779541,348.0
2024-08-21 10:07:00,HDSN,7.994999885559082,7.994999885559082,7.994999885559082,7.994999885559082,7.994999885559082,162.0
2024-08-21 10:07:00,IPX,15.329999923706055,15.329999923706055,15.329999923706055,15.329999923706055,15.329999923706055,200.0
2024-08-21 10:07:00,LITM,0.4212000072002411,0.4212000072002411,0.4320000112056732,0.4212000072002411,0.4320000112056732,4842.0
2024-08-21 10:07:00,LWLG,2.5850000381469727,2.5850000381469727,2.5899999141693115,2.5850000381469727,2.5899999141693115,818.0
2024-08-21 10:07:00,METC,12.384699821472168,12.384699821472168,12.390000343322754,12.380000114440918,12.390000343322754,1426.0
2024-08-21 10:07:00,ORGN,1.409999966621399,1.409999966621399,1.409999966621399,1.399999976158142,1.4049999713897705,3165.0
2024-08-21 10:07:00,PAAS,21.200000762939453,21.200000762939453,21.260000228881836,21.200000762939453,21.260000228881836,2920.0
2024-08-21 10:07:00,RETO,0.9800999760627747,0.9800999760627747,0.9800999760627747,0.9800999760627747,0.9800999760627747,111.0
2024-08-21 10:07:00,SGML,10.970000267028809,10.970000267028809,11.010000228881836,10.960000038146973,10.994999885559082,5502.0
2024-08-21 10:07:00,SSRM,5.235000133514404,5.235000133514404,5.258399963378906,5.230000019073486,5.239999771118164,21864.0
2024-08-21 10:07:00,STLD,117.4800033569336,117.4800033569336,117.4800033569336,117.41000366210938,117.41000366210938,1083.0
2024-08-21 10:07:00,TMC,1.0391000509262085,1.0391000509262085,1.0391000509262085,1.0391000509262085,1.0391000509262085,990.0
2024-08-21 10:08:00,ALTO,1.4299999475479126,1.4299999475479126,1.4299999475479126,1.4299999475479126,1.4299999475479126,411.0
2024-08-21 10:08:00,AREC,0.5421000123023987,0.5421000123023987,0.5540000200271606,0.5421000123023987,0.5540000200271606,8001.0
2024-08-21 10:08:00,ASTL,9.710000038146973,9.710000038146973,9.729999542236328,9.699999809265137,9.720000267028809,3961.0
2024-08-21 10:08:00,CENX,14.800000190734863,14.800000190734863,14.800000190734863,14.800000190734863,14.800000190734863,387.0
2024-08-21 10:08:00,CRKN,1.8250000476837158,1.8250000476837158,1.8299000263214111,1.8250000476837158,1.8299000263214111,6904.0
2024-08-21 10:08:00,GEVO,0.7379999756813049,0.7379999756813049,0.7384999990463257,0.7347999811172485,0.7347999811172485,74269.0
2024-08-21 10:08:00,GPRE,13.680000305175781,13.680000305175781,13.680000305175781,13.680000305175781,13.680000305175781,300.0
2024-08-21 10:08:00,HDSN,7.994999885559082,7.994999885559082,7.994999885559082,7.994999885559082,7.994999885559082,200.0
2024-08-21 10:08:00,HWKN,119.68499755859375,119.68499755859375,119.68499755859375,119.63500213623047,119.63500213623047,822.0
2024-08-21 10:08:00,LWLG,2.5850000381469727,2.5850000381469727,2.5850000381469727,2.5850000381469727,2.5850000381469727,367.0
2024-08-21 10:08:00,MEOH,44.3849983215332,44.3849983215332,44.3849983215332,44.3849983215332,44.3849983215332,713.0
2024-08-21 10:08:00,MERC,6.110000133514404,6.110000133514404,6.110000133514404,6.110000133514404,6.110000133514404,107.0
2024-08-21 10:08:00,METC,12.420000076293945,12.420000076293945,12.420000076293945,12.390000343322754,12.390000343322754,671.0
2024-08-21 10:08:00,ORGN,1.3899999856948853,1.3899999856948853,1.403499960899353,1.3899999856948853,1.403499960899353,9555.0
2024-08-21 10:08:00,PAAS,21.184999465942383,21.184999465942383,21.190000534057617,21.15999984741211,21.190000534057617,9614.0
2024-08-21 10:08:00,PLL,8.359999656677246,8.359999656677246,8.359999656677246,8.359999656677246,8.359999656677246,627.0
2024-08-21 10:08:00,SGML,10.970000267028809,10.970000267028809,10.970000267028809,10.970000267028809,10.970000267028809,474.0
2024-08-21 10:08:00,SSRM,5.244999885559082,5.244999885559082,5.25,5.235000133514404,5.235000133514404,7374.0
2024-08-21 10:08:00,TMC,1.034999966621399,1.034999966621399,1.034999966621399,1.034999966621399,1.034999966621399,847.0
2024-08-21 10:09:00,AREC,0.5479999780654907,0.5479999780654907,0.5479999780654907,0.5479999780654907,0.5479999780654907,9124.0
2024-08-21 10:09:00,ASTL,9.704999923706055,9.704999923706055,9.710000038146973,9.699999809265137,9.704999923706055,3979.0
2024-08-21 10:09:00,CENX,14.819999694824219,14.819999694824219,14.819999694824219,14.819999694824219,14.819999694824219,861.0
2024-08-21 10:09:00,GEVO,0.7422999739646912,0.7422999739646912,0.7422999739646912,0.738099992275238,0.738099992275238,300.0
2024-08-21 10:09:00,GSM,4.429999828338623,4.429999828338623,4.434999942779541,4.429999828338623,4.434999942779541,3861.0
2024-08-21 10:09:00,HDSN,8.0,8.0,8.0,8.0,8.0,3671.0
2024-08-21 10:09:00,IOSP,109.73999786376953,109.73999786376953,109.73999786376953,109.73999786376953,109.73999786376953,887.0
2024-08-21 10:09:00,KALU,69.86009979248047,69.86009979248047,69.86009979248047,69.86009979248047,69.86009979248047,810.0
2024-08-21 10:09:00,LWLG,2.5899999141693115,2.5899999141693115,2.599100112915039,2.5899999141693115,2.5899999141693115,997.0
2024-08-21 10:09:00,MERC,6.110099792480469,6.110099792480469,6.110099792480469,6.110099792480469,6.110099792480469,898.0
2024-08-21 10:09:00,METC,12.449999809265137,12.449999809265137,12.460000038146973,12.449999809265137,12.449999809265137,1217.0
2024-08-21 10:09:00,ORGN,1.3899999856948853,1.3899999856948853,1.3903000354766846,1.3805999755859375,1.3899999856948853,21115.0
2024-08-21 10:09:00,PAAS,21.209999084472656,21.209999084472656,21.209999084472656,21.18000030517578,21.18000030517578,15571.0
2024-08-21 10:09:00,PPTA,8.800000190734863,8.800000190734863,8.800000190734863,8.800000190734863,8.800000190734863,2450.0
2024-08-21 10:09:00,SGML,10.930000305175781,10.930000305175781,10.949999809265137,10.930000305175781,10.949999809265137,1152.0
2024-08-21 10:09:00,SSRM,5.255000114440918,5.255000114440918,5.258900165557861,5.244999885559082,5.244999885559082,9025.0
2024-08-21 10:09:00,STLD,117.5,117.5,117.5,117.41000366210938,117.41000366210938,1097.0
2024-08-21 10:09:00,USAP,39.63999938964844,39.63999938964844,39.63999938964844,39.5,39.5,1234.0
2024-08-21 10:10:00,ASTL,9.699999809265137,9.699999809265137,9.704999923706055,9.680000305175781,9.704999923706055,2157.0
2024-08-21 10:10:00,GEVO,0.7422999739646912,0.7422999739646912,0.7422999739646912,0.7422999739646912,0.7422999739646912,1214.0
2024-08-21 10:10:00,GPRE,13.6850004196167,13.6850004196167,13.6850004196167,13.6850004196167,13.6850004196167,394.0
2024-08-21 10:10:00,GSM,4.434999942779541,4.434999942779541,4.434999942779541,4.434999942779541,4.434999942779541,305.0
2024-08-21 10:10:00,HDSN,8.039999961853027,8.039999961853027,8.039999961853027,8.039999961853027,8.039999961853027,119.0
2024-08-21 10:10:00,LWLG,2.5999999046325684,2.5999999046325684,2.5999999046325684,2.599100112915039,2.599100112915039,2193.0
2024-08-21 10:10:00,MEOH,44.41999816894531,44.41999816894531,44.41999816894531,44.41999816894531,44.41999816894531,1012.0
2024-08-21 10:10:00,NTIC,12.470000267028809,12.470000267028809,12.539999961853027,12.470000267028809,12.539999961853027,0.0
2024-08-21 10:10:00,ORGN,1.399999976158142,1.399999976158142,1.399999976158142,1.3899999856948853,1.3899999856948853,1711.0
2024-08-21 10:10:00,PAAS,21.21500015258789,21.21500015258789,21.239999771118164,21.210100173950195,21.239999771118164,3619.0
2024-08-21 10:10:00,PLL,8.40999984741211,8.40999984741211,8.40999984741211,8.377699851989746,8.377699851989746,662.0
2024-08-21 10:10:00,PPTA,8.793999671936035,8.793999671936035,8.793999671936035,8.793999671936035,8.793999671936035,938.0
2024-08-21 10:10:00,RGLD,138.7100067138672,138.7100067138672,138.7100067138672,138.60000610351562,138.60000610351562,234.0
2024-08-21 10:10:00,SGML,10.96500015258789,10.96500015258789,10.970000267028809,10.96500015258789,10.96500015258789,2398.0
2024-08-21 10:10:00,SSRM,5.255000114440918,5.255000114440918,5.255000114440918,5.255000114440918,5.255000114440918,3516.0
2024-08-21 10:10:00,STLD,117.69999694824219,117.69999694824219,117.79000091552734,117.69999694824219,117.79000091552734,970.0
2024-08-21 10:10:00,TMC,1.034999966621399,1.034999966621399,1.034999966621399,1.034999966621399,1.034999966621399,50000.0
2024-08-21 10:11:00,ASTL,9.6899995803833,9.6899995803833,9.694999694824219,9.6899995803833,9.6899995803833,417.0
2024-08-21 10:11:00,CENX,14.819999694824219,14.819999694824219,14.84000015258789,14.8149995803833,14.84000015258789,2404.0
2024-08-21 10:11:00,CRKN,1.8109999895095825,1.8109999895095825,1.8109999895095825,1.8109999895095825,1.8109999895095825,2003.0
2024-08-21 10:11:00,GEVO,0.7493000030517578,0.7493000030517578,0.7493000030517578,0.7422999739646912,0.7422999739646912,1158.0
2024-08-21 10:11:00,GPRE,13.6850004196167,13.6850004196167,13.6850004196167,13.6850004196167,13.6850004196167,434.0
2024-08-21 10:11:00,GSM,4.429999828338623,4.429999828338623,4.429999828338623,4.429999828338623,4.429999828338623,200.0
2024-08-21 10:11:00,HDSN,8.039999961853027,8.039999961853027,8.039999961853027,8.039999961853027,8.039999961853027,535.0
2024-08-21 10:11:00,HWKN,119.9041976928711,119.9041976928711,119.9041976928711,119.9041976928711,119.9041976928711,1440.0
2024-08-21 10:11:00,LGO,1.8300000429153442,1.8300000429153442,1.840000033378601,1.8200000524520874,1.840000033378601,7374.0
2024-08-21 10:11:00,LWLG,2.5999999046325684,2.5999999046325684,2.5999999046325684,2.5999999046325684,2.5999999046325684,200.0
2024-08-21 10:11:00,METC,12.399999618530273,12.399999618530273,12.46500015258789,12.399999618530273,12.430100440979004,3594.0
2024-08-21 10:11:00,ORGN,1.3949999809265137,1.3949999809265137,1.399999976158142,1.3904999494552612,1.3909000158309937,3150.0
2024-08-21 10:11:00,PAAS,21.209999084472656,21.209999084472656,21.219999313354492,21.2007999420166,21.2007999420166,2771.0
2024-08-21 10:11:00,PLL,8.4350004196167,8.4350004196167,8.4399995803833,8.430000305175781,8.430000305175781,1726.0
2024-08-21 10:11:00,SGML,11.0,11.0,11.0,10.96500015258789,10.96500015258789,3022.0
2024-08-21 10:11:00,SSRM,5.260000228881836,5.260000228881836,5.269400119781494,5.255000114440918,5.259900093078613,12110.0
2024-08-21 10:11:00,STLD,117.56999969482422,117.56999969482422,117.58999633789062,117.44999694824219,117.52999877929688,2840.0
2024-08-21 10:11:00,TMC,1.034999966621399,1.034999966621399,1.034999966621399,1.031000018119812,1.031000018119812,0.0
2024-08-21 10:12:00,ALTO,1.4299999475479126,1.4299999475479126,1.4299999475479126,1.4299999475479126,1.4299999475479126,237.0
2024-08-21 10:12:00,ASTL,9.680000305175781,9.680000305175781,9.6850004196167,9.680000305175781,9.6850004196167,774.0
2024-08-21 10:12:00,CRKN,1.8100999593734741,1.8100999593734741,1.8100999593734741,1.8100999593734741,1.8100999593734741,5082.0
2024-08-21 10:12:00,GEVO,0.7437000274658203,0.7437000274658203,0.7437000274658203,0.7432000041007996,0.7432000041007996,10200.0
2024-08-21 10:12:00,GPRE,13.675000190734863,13.675000190734863,13.6899995803833,13.640000343322754,13.680000305175781,7527.0
2024-08-21 10:12:00,HYMCL,0.02459999918937683,0.02459999918937683,0.02459999918937683,0.02459999918937683,0.02459999918937683,3801.0
2024-08-21 10:12:00,LGO,1.7999999523162842,1.7999999523162842,1.815000057220459,1.7999999523162842,1.815000057220459,10006.0
2024-08-21 10:12:00,LWLG,2.609999895095825,2.609999895095825,2.609999895095825,2.609999895095825,2.609999895095825,284.0
2024-08-21 10:12:00,MEOH,44.494998931884766,44.494998931884766,44.5099983215332,44.48500061035156,44.4900016784668,1218.0
2024-08-21 10:12:00,ORGN,1.3980000019073486,1.3980000019073486,1.399999976158142,1.3849999904632568,1.3995000123977661,18545.0
2024-08-21 10:12:00,PAAS,21.239999771118164,21.239999771118164,21.239999771118164,21.200000762939453,21.20009994506836,5209.0
2024-08-21 10:12:00,PLL,8.4399995803833,8.4399995803833,8.4399995803833,8.4399995803833,8.4399995803833,105.0
2024-08-21 10:12:00,PPTA,8.80090045928955,8.80090045928955,8.80090045928955,8.80090045928955,8.80090045928955,403.0
2024-08-21 10:12:00,RGLD,138.88499450683594,138.88499450683594,138.88499450683594,138.88499450683594,138.88499450683594,939.0
2024-08-21 10:12:00,SGML,10.960000038146973,10.960000038146973,11.0,10.949999809265137,10.975000381469727,7325.0
2024-08-21 10:12:00,SSRM,5.275000095367432,5.275000095367432,5.275000095367432,5.260000228881836,5.260000228881836,7000.0
2024-08-21 10:12:00,STLD,117.41000366210938,117.41000366210938,117.43000030517578,117.41000366210938,117.43000030517578,167.0
2024-08-21 10:13:00,ASTL,9.6899995803833,9.6899995803833,9.6899995803833,9.6850004196167,9.6850004196167,616.0
2024-08-21 10:13:00,CENX,14.800000190734863,14.800000190734863,14.800999641418457,14.789999961853027,14.789999961853027,1981.0
2024-08-21 10:13:00,CRKN,1.8250000476837158,1.8250000476837158,1.8250000476837158,1.8250000476837158,1.8250000476837158,124.0
2024-08-21 10:13:00,ELBM,0.5099999904632568,0.5099999904632568,0.5099999904632568,0.5099999904632568,0.5099999904632568,1035.0
2024-08-21 10:13:00,GEVO,0.7414000034332275,0.7414000034332275,0.7433000206947327,0.7400000095367432,0.7433000206947327,12534.0
2024-08-21 10:13:00,GSM,4.434999942779541,4.434999942779541,4.440000057220459,4.429999828338623,4.434999942779541,10241.0
2024-08-21 10:13:00,HWKN,120.23999786376953,120.23999786376953,120.23999786376953,120.23999786376953,120.23999786376953,1072.0
2024-08-21 10:13:00,LWLG,2.609999895095825,2.609999895095825,2.615000009536743,2.609999895095825,2.609999895095825,1486.0
2024-08-21 10:13:00,MERC,6.110000133514404,6.110000133514404,6.110000133514404,6.110000133514404,6.110000133514404,348.0
2024-08-21 10:13:00,METC,12.399999618530273,12.399999618530273,12.399999618530273,12.399999618530273,12.399999618530273,309.0
2024-08-21 10:13:00,ORGN,1.3911999464035034,1.3911999464035034,1.3949999809265137,1.3911999464035034,1.3949999809265137,4284.0
2024-08-21 10:13:00,PAAS,21.239999771118164,21.239999771118164,21.270000457763672,21.219999313354492,21.219999313354492,25767.0
2024-08-21 10:13:00,PLL,8.422300338745117,8.422300338745117,8.422300338745117,8.422300338745117,8.422300338745117,5217.0
2024-08-21 10:13:00,PPTA,8.805000305175781,8.805000305175781,8.805000305175781,8.805000305175781,8.805000305175781,326.0
2024-08-21 10:13:00,SGML,10.979999542236328,10.979999542236328,10.989999771118164,10.961999893188477,10.979999542236328,3864.0
2024-08-21 10:13:00,SSRM,5.284999847412109,5.284999847412109,5.284999847412109,5.279699802398682,5.279699802398682,7238.0
2024-08-21 10:13:00,STLD,117.41999816894531,117.41999816894531,117.41999816894531,117.41999816894531,117.41999816894531,462.0
2024-08-21 10:13:00,USAP,39.54499816894531,39.54499816894531,39.54499816894531,39.54499816894531,39.54499816894531,4300.0
2024-08-21 10:13:00,USAU,5.420000076293945,5.420000076293945,5.420000076293945,5.420000076293945,5.420000076293945,193.0
2024-08-21 10:14:00,ALTO,1.4299999475479126,1.4299999475479126,1.4299999475479126,1.4299999475479126,1.4299999475479126,278.0
2024-08-21 10:14:00,ASTL,9.704999923706055,9.704999923706055,9.720000267028809,9.699999809265137,9.699999809265137,1449.0
2024-08-21 10:14:00,CENX,14.78499984741211,14.78499984741211,14.789999961853027,14.770000457763672,14.789999961853027,2901.0
2024-08-21 10:14:00,GPRE,13.649999618530273,13.649999618530273,13.680000305175781,13.649999618530273,13.680000305175781,1016.0
2024-08-21 10:14:00,GSM,4.434999942779541,4.434999942779541,4.434999942779541,4.434999942779541,4.434999942779541,486.0
2024-08-21 10:14:00,HDSN,8.029999732971191,8.029999732971191,8.0600004196167,8.029999732971191,8.0600004196167,913.0
2024-08-21 10:14:00,KALU,70.22000122070312,70.22000122070312,70.22000122070312,70.22000122070312,70.22000122070312,214.0
2024-08-21 10:14:00,LWLG,2.6050000190734863,2.6050000190734863,2.6050000190734863,2.6050000190734863,2.6050000190734863,122.0
2024-08-21 10:14:00,MERC,6.090000152587891,6.090000152587891,6.090000152587891,6.090000152587891,6.090000152587891,405.0
2024-08-21 10:14:00,METC,12.414999961853027,12.414999961853027,12.420000076293945,12.414999961853027,12.420000076293945,1222.0
2024-08-21 10:14:00,NTIC,12.460000038146973,12.460000038146973,12.460000038146973,12.460000038146973,12.460000038146973,733.0
2024-08-21 10:14:00,ORGN,1.3949999809265137,1.3949999809265137,1.3949999809265137,1.3899999856948853,1.3899999856948853,1741.0
2024-08-21 10:14:00,PAAS,21.23870086669922,21.23870086669922,21.269899368286133,21.235000610351562,21.239999771118164,6726.0
2024-08-21 10:14:00,PLL,8.430000305175781,8.430000305175781,8.444999694824219,8.420000076293945,8.444999694824219,1060.0
2024-08-21 10:14:00,PPTA,8.8100004196167,8.8100004196167,8.8100004196167,8.8100004196167,8.8100004196167,549.0
2024-08-21 10:14:00,SGML,10.960000038146973,10.960000038146973,10.979999542236328,10.960000038146973,10.979999542236328,5362.0
2024-08-21 10:14:00,SSRM,5.284999847412109,5.284999847412109,5.284999847412109,5.28000020980835,5.284999847412109,1885.0
2024-08-21 10:14:00,STLD,117.19499969482422,117.19499969482422,117.44999694824219,117.19000244140625,117.44999694824219,1636.0
2024-08-21 10:14:00,USAP,39.29999923706055,39.29999923706055,39.400001525878906,39.29999923706055,39.400001525878906,4669.0
2024-08-21 10:14:00,WDFC,250.6699981689453,250.6699981689453,250.6699981689453,250.6699981689453,250.6699981689453,0.0
2024-08-21 10:14:00,ZEUS,40.79999923706055,40.79999923706055,40.79999923706055,40.79999923706055,40.79999923706055,238.0
2024-08-21 10:15:00,ALTO,1.4249999523162842,1.4249999523162842,1.4299999475479126,1.4249999523162842,1.4299999475479126,1253.0
2024-08-21 10:15:00,CENX,14.71500015258789,14.71500015258789,14.78499984741211,14.71500015258789,14.78499984741211,2973.0
2024-08-21 10:15:00,CRKN,1.8250000476837158,1.8250000476837158,1.8299000263214111,1.8250000476837158,1.8299000263214111,1061.0
2024-08-21 10:15:00,GEVO,0.7427999973297119,0.7427999973297119,0.7427999973297119,0.7427999973297119,0.7427999973297119,139.0
2024-08-21 10:15:00,GPRE,13.649999618530273,13.649999618530273,13.649999618530273,13.649999618530273,13.649999618530273,463.0
2024-08-21 10:15:00,GSM,4.425000190734863,4.425000190734863,4.4390997886657715,4.425000190734863,4.4390997886657715,4826.0
2024-08-21 10:15:00,HWKN,120.35099792480469,120.35099792480469,120.35099792480469,120.20500183105469,120.20500183105469,1562.0
2024-08-21 10:15:00,HYMC,2.4600000381469727,2.4600000381469727,2.4600000381469727,2.4600000381469727,2.4600000381469727,1000.0
2024-08-21 10:15:00,IOSP,109.75,109.75,109.75,109.75,109.75,115.0
2024-08-21 10:15:00,LOOP,1.3700000047683716,1.3700000047683716,1.3700000047683716,1.3700000047683716,1.3700000047683716,500.0
2024-08-21 10:15:00,LWLG,2.5899999141693115,2.5899999141693115,2.5999999046325684,2.5899999141693115,2.5999999046325684,1737.0
2024-08-21 10:15:00,MERC,6.110000133514404,6.110000133514404,6.110000133514404,6.099999904632568,6.099999904632568,1393.0
2024-08-21 10:15:00,METC,12.375,12.375,12.380000114440918,12.350000381469727,12.380000114440918,1167.0
2024-08-21 10:15:00,ORGN,1.3977999687194824,1.3977999687194824,1.399999976158142,1.3949999809265137,1.3949999809265137,4633.0
2024-08-21 10:15:00,PAAS,21.25,21.25,21.25,21.219999313354492,21.239999771118164,3019.0
2024-08-21 10:15:00,PLL,8.395000457763672,8.395000457763672,8.395000457763672,8.390000343322754,8.390000343322754,512.0
2024-08-21 10:15:00,SGML,10.960000038146973,10.960000038146973,10.960000038146973,10.960000038146973,10.960000038146973,403.0
2024-08-21 10:15:00,SNES,4.449900150299072,4.449900150299072,4.449900150299072,4.449900150299072,4.449900150299072,2195.0
2024-08-21 10:15:00,SSRM,5.275000095367432,5.275000095367432,5.275000095367432,5.269999980926514,5.275000095367432,3802.0
2024-08-21 10:15:00,STLD,117.05000305175781,117.05000305175781,117.18499755859375,117.05000305175781,117.06500244140625,1201.0
2024-08-21 10:15:00,ZEUS,40.8650016784668,40.8650016784668,40.8650016784668,40.8650016784668,40.8650016784668,1259.0
2024-08-21 10:16:00,ALTO,1.4249999523162842,1.4249999523162842,1.4249999523162842,1.4249999523162842,1.4249999523162842,1175.0
2024-08-21 10:16:00,ASTL,9.649999618530273,9.649999618530273,9.704999923706055,9.649999618530273,9.704999923706055,1072.0
2024-08-21 10:16:00,CENX,14.724699974060059,14.724699974060059,14.724699974060059,14.682000160217285,14.682000160217285,2362.0
2024-08-21 10:16:00,GEVO,0.7454000115394592,0.7454000115394592,0.7454000115394592,0.7430999875068665,0.7430999875068665,607.0
2024-08-21 10:16:00,GPRE,13.640000343322754,13.640000343322754,13.640000343322754,13.640000343322754,13.640000343322754,152.0
2024-08-21 10:16:00,GSM,4.425000190734863,4.425000190734863,4.429999828338623,4.425000190734863,4.429999828338623,2425.0
2024-08-21 10:16:00,HYMC,2.4500999450683594,2.4500999450683594,2.4500999450683594,2.450000047683716,2.450000047683716,333.0
2024-08-21 10:16:00,HYMCL,0.024000000208616257,0.024000000208616257,0.024000000208616257,0.024000000208616257,0.024000000208616257,201.0
2024-08-21 10:16:00,LWLG,2.5899999141693115,2.5899999141693115,2.5899999141693115,2.5899999141693115,2.5899999141693115,20.0
2024-08-21 10:16:00,ORGN,1.3949999809265137,1.3949999809265137,1.399999976158142,1.3949999809265137,1.399999976158142,367.0
2024-08-21 10:16:00,PAAS,21.220300674438477,21.220300674438477,21.220300674438477,21.219999313354492,21.219999313354492,12253.0
2024-08-21 10:16:00,PPTA,8.771699905395508,8.771699905395508,8.771699905395508,8.771699905395508,8.771699905395508,250.0
2024-08-21 10:16:00,SGML,10.960000038146973,10.960000038146973,10.960000038146973,10.960000038146973,10.960000038146973,277.0
2024-08-21 10:16:00,SNES,4.520500183105469,4.520500183105469,4.630199909210205,4.5,4.630099773406982,3213.0
2024-08-21 10:16:00,SSRM,5.28000020980835,5.28000020980835,5.300000190734863,5.275000095367432,5.275000095367432,36330.0
2024-08-21 10:17:00,ALTO,1.4249999523162842,1.4249999523162842,1.4249999523162842,1.4249999523162842,1.4249999523162842,4461.0
2024-08-21 10:17:00,ASTL,9.649999618530273,9.649999618530273,9.65999984741211,9.649999618530273,9.65999984741211,320.0
2024-08-21 10:17:00,CENX,14.704999923706055,14.704999923706055,14.710000038146973,14.699999809265137,14.699999809265137,3024.0
2024-08-21 10:17:00,CRKN,1.8300000429153442,1.8300000429153442,1.8300000429153442,1.8293999433517456,1.8293999433517456,699.0
2024-08-21 10:17:00,GEVO,0.7452999949455261,0.7452999949455261,0.7452999949455261,0.7400000095367432,0.7400000095367432,450.0
2024-08-21 10:17:00,GPRE,13.635000228881836,13.635000228881836,13.645000457763672,13.630000114440918,13.630000114440918,3364.0
2024-08-21 10:17:00,GSM,4.429999828338623,4.429999828338623,4.434999942779541,4.425000190734863,4.429999828338623,20374.0
2024-08-21 10:17:00,IOSP,109.69999694824219,109.69999694824219,109.69999694824219,109.69999694824219,109.69999694824219,258.0
2024-08-21 10:17:00,LWLG,2.5899999141693115,2.5899999141693115,2.5899999141693115,2.5899999141693115,2.5899999141693115,200.0
2024-08-21 10:17:00,MERC,6.114999771118164,6.114999771118164,6.119999885559082,6.114999771118164,6.119999885559082,247.0
2024-08-21 10:17:00,METC,12.289999961853027,12.289999961853027,12.399999618530273,12.289999961853027,12.375,4620.0
2024-08-21 10:17:00,ORGN,1.3899999856948853,1.3899999856948853,1.399999976158142,1.3899999856948853,1.3995000123977661,4562.0
2024-08-21 10:17:00,PAAS,21.235000610351562,21.235000610351562,21.235000610351562,21.229999542236328,21.229999542236328,1970.0
2024-08-21 10:17:00,PLL,8.390000343322754,8.390000343322754,8.4350004196167,8.390000343322754,8.420000076293945,5128.0
2024-08-21 10:17:00,SGML,10.960000038146973,10.960000038146973,10.960000038146973,10.960000038146973,10.960000038146973,596.0
2024-08-21 10:17:00,SSRM,5.2982001304626465,5.2982001304626465,5.2982001304626465,5.284999847412109,5.284999847412109,11815.0
2024-08-21 10:17:00,STLD,117.24500274658203,117.24500274658203,117.24500274658203,117.24500274658203,117.24500274658203,402.0
2024-08-21 10:18:00,ALTO,1.4249999523162842,1.4249999523162842,1.4249999523162842,1.4249999523162842,1.4249999523162842,34781.0
2024-08-21 10:18:00,ASTL,9.670000076293945,9.670000076293945,9.699999809265137,9.670000076293945,9.670000076293945,5174.0
2024-08-21 10:18:00,GEVO,0.7454000115394592,0.7454000115394592,0.7454000115394592,0.7400000095367432,0.7400000095367432,13112.0
2024-08-21 10:18:00,GPRE,13.640000343322754,13.640000343322754,13.649999618530273,13.640000343322754,13.649999618530273,424.0
2024-08-21 10:18:00,GSM,4.425000190734863,4.425000190734863,4.425000190734863,4.425000190734863,4.425000190734863,1011.0
2024-08-21 10:18:00,LWLG,2.5950000286102295,2.5950000286102295,2.5950000286102295,2.5950000286102295,2.5950000286102295,12.0
2024-08-21 10:18:00,METC,12.324999809265137,12.324999809265137,12.324999809265137,12.289999961853027,12.289999961853027,2180.0
2024-08-21 10:18:00,ORGN,1.399999976158142,1.399999976158142,1.399999976158142,1.3949999809265137,1.3949999809265137,6603.0
2024-08-21 10:18:00,PAAS,21.239999771118164,21.239999771118164,21.260000228881836,21.219999313354492,21.260000228881836,1722.0
2024-08-21 10:18:00,PLL,8.380000114440918,8.380000114440918,8.380000114440918,8.36050033569336,8.36050033569336,2315.0
2024-08-21 10:18:00,PPTA,8.784600257873535,8.784600257873535,8.789999961853027,8.770000457763672,8.789999961853027,1455.0
2024-08-21 10:18:00,SGML,10.925000190734863,10.925000190734863,10.960000038146973,10.862000465393066,10.957900047302246,15813.0
2024-08-21 10:18:00,SSRM,5.309999942779541,5.309999942779541,5.309999942779541,5.295000076293945,5.295000076293945,4855.0
2024-08-21 10:18:00,STLD,117.26000213623047,117.26000213623047,117.26000213623047,117.26000213623047,117.26000213623047,138.0
2024-08-21 10:19:00,ASTL,9.680000305175781,9.680000305175781,9.680000305175781,9.680000305175781,9.680000305175781,2671.0
2024-08-21 10:19:00,CENX,14.720000267028809,14.720000267028809,14.720000267028809,14.704999923706055,14.704999923706055,843.0
2024-08-21 10:19:00,CRKN,1.8289999961853027,1.8289999961853027,1.8289999961853027,1.8289999961853027,1.8289999961853027,1600.0
2024-08-21 10:19:00,GEVO,0.7454000115394592,0.7454000115394592,0.7454000115394592,0.7454000115394592,0.7454000115394592,200.0
2024-08-21 10:19:00,GPRE,13.649999618530273,13.649999618530273,13.649999618530273,13.649999618530273,13.649999618530273,125.0
2024-08-21 10:19:00,IPX,15.079999923706055,15.079999923706055,15.369999885559082,15.079999923706055,15.369999885559082,251.0
2024-08-21 10:19:00,LWLG,2.609999895095825,2.609999895095825,2.609999895095825,2.5999999046325684,2.5999999046325684,1079.0
2024-08-21 10:19:00,MEOH,44.56999969482422,44.56999969482422,44.56999969482422,44.56999969482422,44.56999969482422,590.0
2024-08-21 10:19:00,MERC,6.130000114440918,6.130000114440918,6.130000114440918,6.130000114440918,6.130000114440918,872.0
2024-08-21 10:19:00,METC,12.306099891662598,12.306099891662598,12.319999694824219,12.303400039672852,12.303400039672852,1385.0
2024-08-21 10:19:00,ORGN,1.3949999809265137,1.3949999809265137,1.3949999809265137,1.3949999809265137,1.3949999809265137,250.0
2024-08-21 10:19:00,PAAS,21.264999389648438,21.264999389648438,21.264999389648438,21.2450008392334,21.2450008392334,618.0
2024-08-21 10:19:00,PLL,8.369999885559082,8.369999885559082,8.375,8.369999885559082,8.369999885559082,3194.0
2024-08-21 10:19:00,SGML,10.925000190734863,10.925000190734863,10.925000190734863,10.925000190734863,10.925000190734863,493.0
2024-08-21 10:19:00,SSRM,5.304999828338623,5.304999828338623,5.304999828338623,5.300000190734863,5.304999828338623,9212.0
2024-08-21 10:19:00,STLD,117.1500015258789,117.1500015258789,117.37999725341797,117.1500015258789,117.37999725341797,515.0
2024-08-21 10:19:00,UFPI,118.91500091552734,118.91500091552734,118.91500091552734,118.91500091552734,118.91500091552734,177.0
2024-08-21 10:19:00,USAP,39.28499984741211,39.28499984741211,39.28499984741211,39.28499984741211,39.28499984741211,1598.0
2024-08-21 10:20:00,ASTL,9.700300216674805,9.700300216674805,9.700300216674805,9.680000305175781,9.680000305175781,4951.0
2024-08-21 10:20:00,CENX,14.720000267028809,14.720000267028809,14.725000381469727,14.720000267028809,14.725000381469727,702.0
2024-08-21 10:20:00,CRKN,1.8049999475479126,1.8049999475479126,1.8049999475479126,1.8049999475479126,1.8049999475479126,703.0
2024-08-21 10:20:00,GEVO,0.7427999973297119,0.7427999973297119,0.7454000115394592,0.7404000163078308,0.7404000163078308,3257.0
2024-08-21 10:20:00,GSM,4.425000190734863,4.425000190734863,4.425000190734863,4.414999961853027,4.420000076293945,26302.0
2024-08-21 10:20:00,HDSN,8.029999732971191,8.029999732971191,8.039999961853027,8.029999732971191,8.039999961853027,626.0
2024-08-21 10:20:00,HWKN,119.98999786376953,119.98999786376953,119.98999786376953,119.98999786376953,119.98999786376953,939.0
2024-08-21 10:20:00,KALU,70.2699966430664,70.2699966430664,70.36000061035156,70.2699966430664,70.36000061035156,456.0
2024-08-21 10:20:00,LWLG,2.5999999046325684,2.5999999046325684,2.609999895095825,2.5999999046325684,2.609999895095825,2024.0
2024-08-21 10:20:00,MERC,6.130000114440918,6.130000114440918,6.130000114440918,6.130000114440918,6.130000114440918,44.0
2024-08-21 10:20:00,METC,12.319999694824219,12.319999694824219,12.319999694824219,12.305000305175781,12.319999694824219,1059.0
2024-08-21 10:20:00,ORGN,1.3949999809265137,1.3949999809265137,1.3949999809265137,1.3949999809265137,1.3949999809265137,1979.0
2024-08-21 10:20:00,PAAS,21.2549991607666,21.2549991607666,21.260000228881836,21.239999771118164,21.25,2986.0
2024-08-21 10:20:00,PLL,8.380000114440918,8.380000114440918,8.380000114440918,8.380000114440918,8.380000114440918,409.0
2024-08-21 10:20:00,PPTA,8.8149995803833,8.8149995803833,8.8149995803833,8.800200462341309,8.800200462341309,2112.0
2024-08-21 10:20:00,SGML,10.925000190734863,10.925000190734863,10.925000190734863,10.890000343322754,10.925000190734863,654.0
2024-08-21 10:20:00,SSRM,5.300000190734863,5.300000190734863,5.304999828338623,5.300000190734863,5.304999828338623,4688.0
2024-08-21 10:20:00,STLD,117.41000366210938,117.41000366210938,117.44000244140625,117.31999969482422,117.31999969482422,1639.0
2024-08-21 10:20:00,USAP,39.41999816894531,39.41999816894531,39.43000030517578,39.40999984741211,39.40999984741211,979.0
2024-08-21 10:21:00,ALTO,1.4249999523162842,1.4249999523162842,1.4249999523162842,1.4249999523162842,1.4249999523162842,425.0
2024-08-21 10:21:00,ASTL,9.699999809265137,9.699999809265137,9.699999809265137,9.699999809265137,9.699999809265137,454.0
2024-08-21 10:21:00,BCPC,167.41000366210938,167.41000366210938,167.41000366210938,167.41000366210938,167.41000366210938,209.0
2024-08-21 10:21:00,CENX,14.720000267028809,14.720000267028809,14.725000381469727,14.720000267028809,14.725000381469727,687.0
2024-08-21 10:21:00,FEAM,0.8999999761581421,0.8999999761581421,0.8999999761581421,0.8999999761581421,0.8999999761581421,260.0
2024-08-21 10:21:00,GEVO,0.7427999973297119,0.7427999973297119,0.7427999973297119,0.7404999732971191,0.7404999732971191,548.0
2024-08-21 10:21:00,GPRE,13.6899995803833,13.6899995803833,13.6899995803833,13.635000228881836,13.640000343322754,4720.0
2024-08-21 10:21:00,HYMC,2.450000047683716,2.450000047683716,2.450000047683716,2.450000047683716,2.450000047683716,769.0
2024-08-21 10:21:00,KALU,70.27999877929688,70.27999877929688,70.27999877929688,70.27999877929688,70.27999877929688,334.0
2024-08-21 10:21:00,LWLG,2.5999999046325684,2.5999999046325684,2.5999999046325684,2.5999999046325684,2.5999999046325684,200.0
2024-08-21 10:21:00,MERC,6.110000133514404,6.110000133514404,6.119999885559082,6.110000133514404,6.119999885559082,412.0
2024-08-21 10:21:00,METC,12.303199768066406,12.303199768066406,12.319999694824219,12.303199768066406,12.319999694824219,1546.0
2024-08-21 10:21:00,ORGN,1.3949999809265137,1.3949999809265137,1.3949999809265137,1.3904999494552612,1.3904999494552612,5638.0
2024-08-21 10:21:00,PAAS,21.219999313354492,21.219999313354492,21.270000457763672,21.219999313354492,21.2544002532959,1981.0
2024-08-21 10:21:00,PLL,8.369999885559082,8.369999885559082,8.369999885559082,8.369999885559082,8.369999885559082,353.0
2024-08-21 10:21:00,PPTA,8.819999694824219,8.819999694824219,8.819999694824219,8.819999694824219,8.819999694824219,121.0
2024-08-21 10:21:00,RGLD,139.173095703125,139.173095703125,139.173095703125,139.173095703125,139.173095703125,1447.0
2024-08-21 10:21:00,SGML,10.930000305175781,10.930000305175781,10.930000305175781,10.930000305175781,10.930000305175781,635.0
2024-08-21 10:21:00,SSRM,5.295000076293945,5.295000076293945,5.295000076293945,5.289999961853027,5.289999961853027,6546.0
2024-08-21 10:21:00,STLD,117.30000305175781,117.30000305175781,117.48999786376953,117.29000091552734,117.4800033569336,3157.0
2024-08-21 10:21:00,UFPI,118.61830139160156,118.61830139160156,118.61830139160156,118.61830139160156,118.61830139160156,199.0
2024-08-21 10:21:00,USAP,39.404998779296875,39.404998779296875,39.404998779296875,39.404998779296875,39.404998779296875,693.0
2024-08-21 10:21:00,USLM,77.3843994140625,77.3843994140625,77.3843994140625,77.3843994140625,77.3843994140625,3027.0
2024-08-21 10:22:00,ASTL,9.710000038146973,9.710000038146973,9.710000038146973,9.699999809265137,9.699999809265137,864.0
2024-08-21 10:22:00,CENX,14.739999771118164,14.739999771118164,14.739999771118164,14.710000038146973,14.710000038146973,1222.0
2024-08-21 10:22:00,ELBM,0.519599974155426,0.519599974155426,0.519599974155426,0.519599974155426,0.519599974155426,1842.0
2024-08-21 10:22:00,GEVO,0.7427999973297119,0.7427999973297119,0.7427999973297119,0.7427999973297119,0.7427999973297119,1357.0
2024-08-21 10:22:00,GSM,4.420000076293945,4.420000076293945,4.425000190734863,4.420000076293945,4.425000190734863,1581.0
2024-08-21 10:22:00,GURE,1.0618000030517578,1.0618000030517578,1.0618000030517578,1.0618000030517578,1.0618000030517578,0.0
2024-08-21 10:22:00,IOSP,108.9800033569336,108.9800033569336,108.9800033569336,108.9800033569336,108.9800033569336,2191.0
2024-08-21 10:22:00,KALU,70.51000213623047,70.51000213623047,70.55999755859375,70.41999816894531,70.4800033569336,585.0
2024-08-21 10:22:00,LWLG,2.6050000190734863,2.6050000190734863,2.609999895095825,2.5999999046325684,2.5999999046325684,4739.0
2024-08-21 10:22:00,METC,12.3100004196167,12.3100004196167,12.3100004196167,12.3100004196167,12.3100004196167,833.0
2024-08-21 10:22:00,ORGN,1.399999976158142,1.399999976158142,1.399999976158142,1.399999976158142,1.399999976158142,200.0
2024-08-21 10:22:00,PAAS,21.229999542236328,21.229999542236328,21.229999542236328,21.219999313354492,21.219999313354492,1906.0
2024-08-21 10:22:00,SGML,10.930000305175781,10.930000305175781,10.930000305175781,10.930000305175781,10.930000305175781,237.0
2024-08-21 10:22:00,SSRM,5.284999847412109,5.284999847412109,5.295000076293945,5.284999847412109,5.295000076293945,6112.0
2024-08-21 10:22:00,STLD,117.20999908447266,117.20999908447266,117.32499694824219,117.20999908447266,117.20999908447266,492.0
2024-08-21 10:22:00,UFPI,118.51000213623047,118.51000213623047,118.51000213623047,118.51000213623047,118.51000213623047,1006.0
2024-08-21 10:22:00,USAP,39.44499969482422,39.44499969482422,39.54999923706055,39.349998474121094,39.349998474121094,3479.0
2024-08-21 10:23:00,AREC,0.5410000085830688,0.5410000085830688,0.5410000085830688,0.5410000085830688,0.5410000085830688,459.0
2024-08-21 10:23:00,ASTL,9.720000267028809,9.720000267028809,9.720000267028809,9.699999809265137,9.699999809265137,1111.0
2024-08-21 10:23:00,CENX,14.696000099182129,14.696000099182129,14.739999771118164,14.694999694824219,14.739999771118164,4624.0
2024-08-21 10:23:00,GSM,4.420000076293945,4.420000076293945,4.420000076293945,4.420000076293945,4.420000076293945,1572.0
2024-08-21 10:23:00,HWKN,119.98500061035156,119.98500061035156,119.98500061035156,119.98500061035156,119.98500061035156,1260.0
2024-08-21 10:23:00,LWLG,2.6050000190734863,2.6050000190734863,2.6050000190734863,2.5999999046325684,2.6050000190734863,720.0
2024-08-21 10:23:00,ORGN,1.409999966621399,1.409999966621399,1.4149999618530273,1.3949999809265137,1.3949999809265137,42301.0
2024-08-21 10:23:00,PAAS,21.219999313354492,21.219999313354492,21.235000610351562,21.219999313354492,21.229999542236328,993.0
2024-08-21 10:23:00,PLL,8.390000343322754,8.390000343322754,8.390000343322754,8.390000343322754,8.390000343322754,265.0
2024-08-21 10:23:00,PPTA,8.779999732971191,8.779999732971191,8.8100004196167,8.779999732971191,8.8100004196167,986.0
2024-08-21 10:23:00,RGLD,139.0050048828125,139.0050048828125,139.0050048828125,139.0050048828125,139.0050048828125,361.0
2024-08-21 10:23:00,SGML,10.944999694824219,10.944999694824219,10.949999809265137,10.930000305175781,10.930000305175781,1170.0
2024-08-21 10:23:00,SSRM,5.284999847412109,5.284999847412109,5.284999847412109,5.280900001525879,5.284999847412109,3363.0
2024-08-21 10:23:00,STLD,117.28500366210938,117.28500366210938,117.28500366210938,117.28500366210938,117.28500366210938,469.0
2024-08-21 10:23:00,USAP,39.44499969482422,39.44499969482422,39.44499969482422,39.44499969482422,39.44499969482422,633.0
2024-08-21 10:24:00,ASTL,9.725000381469727,9.725000381469727,9.725000381469727,9.725000381469727,9.725000381469727,200.0
2024-08-21 10:24:00,CENX,14.720000267028809,14.720000267028809,14.720000267028809,14.710000038146973,14.720000267028809,582.0
2024-08-21 10:24:00,GPRE,13.850000381469727,13.850000381469727,13.899999618530273,13.6899995803833,13.6899995803833,45931.0
2024-08-21 10:24:00,GSM,4.420000076293945,4.420000076293945,4.420000076293945,4.420000076293945,4.420000076293945,200.0
2024-08-21 10:24:00,HDSN,8.050000190734863,8.050000190734863,8.050000190734863,8.050000190734863,8.050000190734863,317.0
2024-08-21 10:24:00,HYMC,2.4700000286102295,2.4700000286102295,2.4700000286102295,2.4200000762939453,2.4502999782562256,15241.0
2024-08-21 10:24:00,IOSP,109.53500366210938,109.53500366210938,109.53500366210938,109.53500366210938,109.53500366210938,2313.0
2024-08-21 10:24:00,LGO,1.7999999523162842,1.7999999523162842,1.7999999523162842,1.7999999523162842,1.7999999523162842,2898.0
2024-08-21 10:24:00,LITM,0.4250999987125397,0.4250999987125397,0.4250999987125397,0.4250999987125397,0.4250999987125397,4033.0
2024-08-21 10:24:00,LWLG,2.6050000190734863,2.6050000190734863,2.6050000190734863,2.6050000190734863,2.6050000190734863,320.0
2024-08-21 10:24:00,METC,12.279999732971191,12.279999732971191,12.291000366210938,12.279999732971191,12.291000366210938,4935.0
2024-08-21 10:24:00,ORGN,1.4242000579833984,1.4242000579833984,1.4242000579833984,1.4199999570846558,1.4199999570846558,4495.0
2024-08-21 10:24:00,PAAS,21.239999771118164,21.239999771118164,21.2549991607666,21.229999542236328,21.229999542236328,2028.0
2024-08-21 10:24:00,PLL,8.4399995803833,8.4399995803833,8.4399995803833,8.380000114440918,8.380000114440918,5073.0
2024-08-21 10:24:00,SGML,10.930000305175781,10.930000305175781,10.979999542236328,10.930000305175781,10.979999542236328,5718.0
2024-08-21 10:24:00,SSRM,5.284999847412109,5.284999847412109,5.284999847412109,5.28000020980835,5.284999847412109,3796.0
2024-08-21 10:25:00,ASTL,9.720000267028809,9.720000267028809,9.720000267028809,9.720000267028809,9.720000267028809,75.0
2024-08-21 10:25:00,CENX,14.720000267028809,14.720000267028809,14.720000267028809,14.71500015258789,14.71500015258789,627.0
2024-08-21 10:25:00,CRKN,1.8199000358581543,1.8199000358581543,1.8199000358581543,1.7999000549316406,1.7999999523162842,10447.0
2024-08-21 10:25:00,GEVO,0.7426999807357788,0.7426999807357788,0.7426999807357788,0.7426999807357788,0.7426999807357788,210.0
2024-08-21 10:25:00,GPRE,13.854999542236328,13.854999542236328,13.859999656677246,13.845000267028809,13.845000267028809,1108.0
2024-08-21 10:25:00,GSM,4.425000190734863,4.425000190734863,4.425000190734863,4.420000076293945,4.420000076293945,1092.0
2024-08-21 10:25:00,HDSN,8.050000190734863,8.050000190734863,8.050000190734863,8.050000190734863,8.050000190734863,464.0
2024-08-21 10:25:00,HYMC,2.4149999618530273,2.4149999618530273,2.4149999618530273,2.4149999618530273,2.4149999618530273,1000.0
2024-08-21 10:25:00,LWLG,2.6050000190734863,2.6050000190734863,2.6050000190734863,2.6050000190734863,2.6050000190734863,200.0
2024-08-21 10:25:00,MERC,6.105000019073486,6.105000019073486,6.105000019073486,6.105000019073486,6.105000019073486,273.0
2024-08-21 10:25:00,ORGN,1.4550000429153442,1.4550000429153442,1.4700000286102295,1.4249999523162842,1.4249999523162842,112043.0
2024-08-21 10:25:00,PAAS,21.219999313354492,21.219999313354492,21.2450008392334,21.200000762939453,21.2450008392334,27012.0
2024-08-21 10:25:00,PLL,8.434599876403809,8.434599876403809,8.434599876403809,8.434599876403809,8.434599876403809,729.0
2024-08-21 10:25:00,SGML,10.9350004196167,10.9350004196167,10.970000267028809,10.920000076293945,10.96500015258789,5966.0
2024-08-21 10:25:00,SSRM,5.28849983215332,5.28849983215332,5.28849983215332,5.2845001220703125,5.284999847412109,2133.0
2024-08-21 10:25:00,STLD,117.28500366210938,117.28500366210938,117.36000061035156,117.28500366210938,117.36000061035156,1118.0
2024-08-21 10:26:00,ASTL,9.729999542236328,9.729999542236328,9.729999542236328,9.729999542236328,9.729999542236328,347.0
2024-08-21 10:26:00,CENX,14.739999771118164,14.739999771118164,14.739999771118164,14.71049976348877,14.720999717712402,2629.0
2024-08-21 10:26:00,CRKN,1.7999999523162842,1.7999999523162842,1.809999942779541,1.7999999523162842,1.809999942779541,517.0
2024-08-21 10:26:00,GEVO,0.7452999949455261,0.7452999949455261,0.7452999949455261,0.7452999949455261,0.7452999949455261,233.0
2024-08-21 10:26:00,GPRE,13.90999984741211,13.90999984741211,13.90999984741211,13.829999923706055,13.829999923706055,3028.0
2024-08-21 10:26:00,GSM,4.420000076293945,4.420000076293945,4.425000190734863,4.420000076293945,4.420000076293945,421.0
2024-08-21 10:26:00,HYMC,2.4291999340057373,2.4291999340057373,2.430000066757202,2.4291999340057373,2.430000066757202,1489.0
2024-08-21 10:26:00,KALU,70.47000122070312,70.47000122070312,70.68000030517578,70.47000122070312,70.68000030517578,2286.0
2024-08-21 10:26:00,LGO,1.8600000143051147,1.8600000143051147,1.8600000143051147,1.8200000524520874,1.8200000524520874,0.0
2024-08-21 10:26:00,LITM,0.42500001192092896,0.42500001192092896,0.42500001192092896,0.42500001192092896,0.42500001192092896,340.0
2024-08-21 10:26:00,LWLG,2.615000009536743,2.615000009536743,2.615000009536743,2.6050000190734863,2.6050000190734863,2758.0
2024-08-21 10:26:00,MEOH,44.564998626708984,44.564998626708984,44.564998626708984,44.564998626708984,44.564998626708984,1308.0
2024-08-21 10:26:00,MERC,6.099999904632568,6.099999904632568,6.099999904632568,6.099999904632568,6.099999904632568,636.0
2024-08-21 10:26:00,METC,12.289999961853027,12.289999961853027,12.319999694824219,12.270000457763672,12.270000457763672,2287.0
2024-08-21 10:26:00,ORGN,1.5099999904632568,1.5099999904632568,1.5700000524520874,1.4400999546051025,1.4550000429153442,118574.0
2024-08-21 10:26:00,PAAS,21.229999542236328,21.229999542236328,21.229999542236328,21.219999313354492,21.219999313354492,2905.0
2024-08-21 10:26:00,PLL,8.430000305175781,8.430000305175781,8.4399995803833,8.430000305175781,8.4399995803833,508.0
2024-08-21 10:26:00,SGML,10.944999694824219,10.944999694824219,10.944999694824219,10.944999694824219,10.944999694824219,109.0
2024-08-21 10:26:00,SSRM,5.284999847412109,5.284999847412109,5.284999847412109,5.284999847412109,5.284999847412109,1736.0
2024-08-21 10:26:00,UFPI,119.2300033569336,119.2300033569336,119.2300033569336,119.01000213623047,119.01000213623047,602.0
2024-08-21 10:26:00,USAP,39.31999969482422,39.31999969482422,39.31999969482422,39.31999969482422,39.31999969482422,372.0
2024-08-21 10:27:00,ASTL,9.720000267028809,9.720000267028809,9.734999656677246,9.720000267028809,9.734999656677246,1714.0
2024-08-21 10:27:00,CENX,14.739999771118164,14.739999771118164,14.748900413513184,14.739999771118164,14.748900413513184,1425.0
2024-08-21 10:27:00,ELBM,0.5195000171661377,0.5195000171661377,0.5195000171661377,0.5195000171661377,0.5195000171661377,1600.0
2024-08-21 10:27:00,GEVO,0.7432000041007996,0.7432000041007996,0.7432000041007996,0.7432000041007996,0.7432000041007996,200.0
2024-08-21 10:27:00,GPRE,13.920000076293945,13.920000076293945,13.920000076293945,13.920000076293945,13.920000076293945,165.0
2024-08-21 10:27:00,GSM,4.420000076293945,4.420000076293945,4.420000076293945,4.420000076293945,4.420000076293945,410.0
2024-08-21 10:27:00,HDSN,8.079999923706055,8.079999923706055,8.079999923706055,8.079999923706055,8.079999923706055,282.0
2024-08-21 10:27:00,HYMCL,0.024000000208616257,0.024000000208616257,0.024000000208616257,0.024000000208616257,0.024000000208616257,2000.0
2024-08-21 10:27:00,LWLG,2.615000009536743,2.615000009536743,2.615000009536743,2.615000009536743,2.615000009536743,200.0
2024-08-21 10:27:00,MERC,6.119999885559082,6.119999885559082,6.119999885559082,6.119999885559082,6.119999885559082,418.0
2024-08-21 10:27:00,METC,12.3149995803833,12.3149995803833,12.3149995803833,12.3149995803833,12.3149995803833,145.0
2024-08-21 10:27:00,ORGN,1.5399999618530273,1.5399999618530273,1.5399999618530273,1.524999976158142,1.5399999618530273,12674.0
2024-08-21 10:27:00,PAAS,21.229999542236328,21.229999542236328,21.235000610351562,21.219999313354492,21.219999313354492,1870.0
2024-08-21 10:27:00,PLL,8.470000267028809,8.470000267028809,8.470000267028809,8.4399995803833,8.449999809265137,3309.0
2024-08-21 10:27:00,RGLD,139.1999969482422,139.1999969482422,139.1999969482422,139.11000061035156,139.11000061035156,1194.0
2024-08-21 10:27:00,SGML,10.970000267028809,10.970000267028809,10.970000267028809,10.9399995803833,10.945099830627441,1974.0
2024-08-21 10:27:00,SSRM,5.289999961853027,5.289999961853027,5.289999961853027,5.28000020980835,5.28000020980835,18059.0
2024-08-21 10:27:00,STLD,117.38500213623047,117.38500213623047,117.38500213623047,117.38500213623047,117.38500213623047,138.0
2024-08-21 10:27:00,USAP,39.28499984741211,39.28499984741211,39.28499984741211,39.28499984741211,39.28499984741211,400.0
2024-08-21 10:28:00,ALTO,1.434999942779541,1.434999942779541,1.434999942779541,1.4299999475479126,1.4299999475479126,5592.0
2024-08-21 10:28:00,ASTL,9.729999542236328,9.729999542236328,9.729999542236328,9.729999542236328,9.729999542236328,336.0
2024-08-21 10:28:00,CENX,14.757499694824219,14.757499694824219,14.757499694824219,14.75,14.75,920.0
2024-08-21 10:28:00,CRKN,1.8100999593734741,1.8100999593734741,1.8100999593734741,1.8100999593734741,1.8100999593734741,10000.0
2024-08-21 10:28:00,ELBM,0.5112000107765198,0.5112000107765198,0.5112000107765198,0.5112000107765198,0.5112000107765198,14960.0
2024-08-21 10:28:00,GEVO,0.7432000041007996,0.7432000041007996,0.7432000041007996,0.7432000041007996,0.7432000041007996,122.0
2024-08-21 10:28:00,GPRE,13.94320011138916,13.94320011138916,13.949899673461914,13.94320011138916,13.949899673461914,564.0
2024-08-21 10:28:00,GSM,4.420000076293945,4.420000076293945,4.420000076293945,4.420000076293945,4.420000076293945,345.0
2024-08-21 10:28:00,HUDI,2.180000066757202,2.180000066757202,2.180000066757202,2.178999900817871,2.178999900817871,1595.0
2024-08-21 10:28:00,IOSP,109.54000091552734,109.54000091552734,109.54000091552734,109.54000091552734,109.54000091552734,219.0
2024-08-21 10:28:00,LGO,1.8312000036239624,1.8312000036239624,1.8312000036239624,1.8312000036239624,1.8312000036239624,1726.0
2024-08-21 10:28:00,LOOP,1.350000023841858,1.350000023841858,1.350000023841858,1.350000023841858,1.350000023841858,260.0
2024-08-21 10:28:00,LWLG,2.609999895095825,2.609999895095825,2.615000009536743,2.609999895095825,2.615000009536743,374.0
2024-08-21 10:28:00,MERC,6.139999866485596,6.139999866485596,6.139999866485596,6.139999866485596,6.139999866485596,154.0
2024-08-21 10:28:00,METC,12.319999694824219,12.319999694824219,12.319999694824219,12.3149995803833,12.3149995803833,789.0
2024-08-21 10:28:00,ORGN,1.4800000190734863,1.4800000190734863,1.5099999904632568,1.4800000190734863,1.5099999904632568,5914.0
2024-08-21 10:28:00,PAAS,21.221099853515625,21.221099853515625,21.25,21.221099853515625,21.229999542236328,2711.0
2024-08-21 10:28:00,PLL,8.479999542236328,8.479999542236328,8.479999542236328,8.479999542236328,8.479999542236328,361.0
2024-08-21 10:28:00,PPTA,8.750100135803223,8.750100135803223,8.750100135803223,8.750100135803223,8.750100135803223,285.0
2024-08-21 10:28:00,SGML,11.010000228881836,11.010000228881836,11.010000228881836,10.979999542236328,10.979999542236328,7174.0
2024-08-21 10:28:00,SSRM,5.289999961853027,5.289999961853027,5.295000076293945,5.284999847412109,5.284999847412109,3413.0
2024-08-21 10:28:00,USAP,39.15010070800781,39.15010070800781,39.15010070800781,39.15010070800781,39.15010070800781,23.0
2024-08-21 10:29:00,ALTO,1.434999942779541,1.434999942779541,1.434999942779541,1.434999942779541,1.434999942779541,1621.0
2024-08-21 10:29:00,ASTL,9.729999542236328,9.729999542236328,9.75,9.729999542236328,9.729999542236328,9123.0
2024-08-21 10:29:00,CENX,14.704999923706055,14.704999923706055,14.739999771118164,14.699999809265137,14.739999771118164,2520.0
2024-08-21 10:29:00,CRKN,1.8198000192642212,1.8198000192642212,1.8200000524520874,1.819700002670288,1.8200000524520874,0.0
2024-08-21 10:29:00,GPRE,13.90999984741211,13.90999984741211,13.90999984741211,13.90999984741211,13.90999984741211,706.0
2024-08-21 10:29:00,GSM,4.420000076293945,4.420000076293945,4.420000076293945,4.420000076293945,4.420000076293945,314.0
2024-08-21 10:29:00,IOSP,109.68000030517578,109.68000030517578,109.68000030517578,109.68000030517578,109.68000030517578,383.0
2024-08-21 10:29:00,LWLG,2.609999895095825,2.609999895095825,2.609999895095825,2.609999895095825,2.609999895095825,488.0
2024-08-21 10:29:00,MERC,6.139999866485596,6.139999866485596,6.139999866485596,6.139999866485596,6.139999866485596,178.0
2024-08-21 10:29:00,METC,12.352499961853027,12.352499961853027,12.352499961853027,12.3100004196167,12.319999694824219,1190.0
2024-08-21 10:29:00,ORGN,1.4700000286102295,1.4700000286102295,1.475000023841858,1.4700000286102295,1.475000023841858,2291.0
2024-08-21 10:29:00,PAAS,21.184999465942383,21.184999465942383,21.219999313354492,21.176300048828125,21.209999084472656,4447.0
2024-08-21 10:29:00,PLL,8.489999771118164,8.489999771118164,8.510000228881836,8.489999771118164,8.510000228881836,2250.0
2024-08-21 10:29:00,RGLD,138.97999572753906,138.97999572753906,139.13499450683594,138.97999572753906,139.13499450683594,984.0
2024-08-21 10:29:00,SGML,11.020000457763672,11.020000457763672,11.020000457763672,10.989999771118164,10.989999771118164,4103.0
2024-08-21 10:29:00,SSRM,5.28000020980835,5.28000020980835,5.28000020980835,5.275000095367432,5.28000020980835,2186.0
2024-08-21 10:29:00,STLD,117.38500213623047,117.38500213623047,117.45999908447266,117.38500213623047,117.45999908447266,854.0
2024-08-21 10:30:00,ASTL,9.739999771118164,9.739999771118164,9.739999771118164,9.739999771118164,9.739999771118164,570.0
2024-08-21 10:30:00,BCPC,168.39999389648438,168.39999389648438,168.39999389648438,168.39999389648438,168.39999389648438,739.0
2024-08-21 10:30:00,CENX,14.75,14.75,14.75,14.75,14.75,1093.0
2024-08-21 10:30:00,ELBM,0.5110999941825867,0.5110999941825867,0.5110999941825867,0.5110999941825867,0.5110999941825867,666.0
2024-08-21 10:30:00,GSM,4.425000190734863,4.425000190734863,4.429999828338623,4.420000076293945,4.420000076293945,9810.0
2024-08-21 10:30:00,HDSN,8.065699577331543,8.065699577331543,8.065699577331543,8.065699577331543,8.065699577331543,1882.0
2024-08-21 10:30:00,HYMC,2.380000114440918,2.380000114440918,2.380000114440918,2.380000114440918,2.380000114440918,4189.0
2024-08-21 10:30:00,LWLG,2.619999885559082,2.619999885559082,2.619999885559082,2.619999885559082,2.619999885559082,329.0
2024-08-21 10:30:00,MEOH,44.65999984741211,44.65999984741211,44.65999984741211,44.65999984741211,44.65999984741211,385.0
2024-08-21 10:30:00,ORGN,1.4500000476837158,1.4500000476837158,1.4700000286102295,1.4500000476837158,1.4600000381469727,9856.0
2024-08-21 10:30:00,PAAS,21.21500015258789,21.21500015258789,21.239999771118164,21.200000762939453,21.200000762939453,3987.0
2024-08-21 10:30:00,PLL,8.539999961853027,8.539999961853027,8.539999961853027,8.529999732971191,8.529999732971191,456.0
2024-08-21 10:30:00,RGLD,139.0800018310547,139.0800018310547,139.0800018310547,139.0800018310547,139.0800018310547,388.0
2024-08-21 10:30:00,SGML,11.045000076293945,11.045000076293945,11.069999694824219,11.045000076293945,11.069999694824219,2136.0
2024-08-21 10:30:00,SSRM,5.300000190734863,5.300000190734863,5.300000190734863,5.289999961853027,5.289999961853027,8143.0
2024-08-21 10:30:00,TMC,1.0327999591827393,1.0327999591827393,1.0327999591827393,1.0327999591827393,1.0327999591827393,2000.0
2024-08-21 10:30:00,UFPI,119.5199966430664,119.5199966430664,119.5199966430664,119.5199966430664,119.5199966430664,468.0
2024-08-21 10:30:00,USAP,39.28499984741211,39.28499984741211,39.28499984741211,39.28499984741211,39.28499984741211,250.0
2024-08-21 10:30:00,USAU,5.48330020904541,5.48330020904541,5.48330020904541,5.48330020904541,5.48330020904541,258.0
2024-08-21 10:31:00,CENX,14.739999771118164,14.739999771118164,14.739999771118164,14.739999771118164,14.739999771118164,2962.0
2024-08-21 10:31:00,GEVO,0.743399977684021,0.743399977684021,0.743399977684021,0.7433000206947327,0.7433000206947327,1682.0
2024-08-21 10:31:00,GPRE,13.873299598693848,13.873299598693848,13.90999984741211,13.829999923706055,13.90999984741211,6260.0
2024-08-21 10:31:00,GSM,4.426000118255615,4.426000118255615,4.426000118255615,4.420000076293945,4.420000076293945,1286.0
2024-08-21 10:31:00,IPX,15.390000343322754,15.390000343322754,15.390000343322754,15.390000343322754,15.390000343322754,200.0
2024-08-21 10:31:00,MERC,6.145999908447266,6.145999908447266,6.145999908447266,6.145999908447266,6.145999908447266,691.0
2024-08-21 10:31:00,ORGN,1.4700000286102295,1.4700000286102295,1.4900000095367432,1.4600000381469727,1.4600000381469727,16522.0
2024-08-21 10:31:00,PAAS,21.199899673461914,21.199899673461914,21.204999923706055,21.190000534057617,21.204999923706055,1537.0
2024-08-21 10:31:00,PLL,8.539999961853027,8.539999961853027,8.539999961853027,8.517900466918945,8.517900466918945,1375.0
2024-08-21 10:31:00,PPTA,8.784000396728516,8.784000396728516,8.784000396728516,8.784000396728516,8.784000396728516,391.0
2024-08-21 10:31:00,SGML,11.050000190734863,11.050000190734863,11.050000190734863,11.050000190734863,11.050000190734863,39.0
2024-08-21 10:31:00,SSRM,5.304999828338623,5.304999828338623,5.304999828338623,5.304999828338623,5.304999828338623,5670.0
2024-08-21 10:31:00,TMC,1.034000039100647,1.034000039100647,1.034000039100647,1.034000039100647,1.034000039100647,720.0
2024-08-21 10:32:00,ALTO,1.434999942779541,1.434999942779541,1.434999942779541,1.434999942779541,1.434999942779541,303.0
2024-08-21 10:32:00,CENX,14.739999771118164,14.739999771118164,14.739999771118164,14.739999771118164,14.739999771118164,2667.0
2024-08-21 10:32:00,GEVO,0.7494999766349792,0.7494999766349792,0.7495999932289124,0.7483000159263611,0.7483000159263611,13430.0
2024-08-21 10:32:00,GSM,4.420000076293945,4.420000076293945,4.420000076293945,4.420000076293945,4.420000076293945,900.0
2024-08-21 10:32:00,IPX,15.130000114440918,15.130000114440918,15.130000114440918,15.130000114440918,15.130000114440918,100.0
2024-08-21 10:32:00,LWLG,2.619999885559082,2.619999885559082,2.630000114440918,2.619999885559082,2.630000114440918,2484.0
2024-08-21 10:32:00,MERC,6.179999828338623,6.179999828338623,6.179999828338623,6.179999828338623,6.179999828338623,115.0
2024-08-21 10:32:00,METC,12.239999771118164,12.239999771118164,12.270000457763672,12.239999771118164,12.270000457763672,5924.0
2024-08-21 10:32:00,ORGN,1.4700000286102295,1.4700000286102295,1.4800000190734863,1.4700000286102295,1.4700000286102295,4385.0
2024-08-21 10:32:00,PAAS,21.209999084472656,21.209999084472656,21.210100173950195,21.200000762939453,21.200000762939453,4330.0
2024-08-21 10:32:00,PLL,8.490400314331055,8.490400314331055,8.5600004196167,8.490400314331055,8.5600004196167,7221.0
2024-08-21 10:32:00,PPTA,8.770000457763672,8.770000457763672,8.770000457763672,8.770000457763672,8.770000457763672,400.0
2024-08-21 10:32:00,SGML,11.050000190734863,11.050000190734863,11.050000190734863,11.050000190734863,11.050000190734863,222.0
2024-08-21 10:32:00,SSRM,5.304999828338623,5.304999828338623,5.309999942779541,5.304999828338623,5.309999942779541,3809.0
2024-08-21 10:32:00,STLD,117.2699966430664,117.2699966430664,117.375,117.21499633789062,117.375,6808.0
2024-08-21 10:32:00,TMC,1.034999966621399,1.034999966621399,1.034999966621399,1.034999966621399,1.034999966621399,282.0
2024-08-21 10:32:00,ZEUS,41.11000061035156,41.11000061035156,41.11000061035156,41.11000061035156,41.11000061035156,1262.0
2024-08-21 10:33:00,ASTL,9.744999885559082,9.744999885559082,9.744999885559082,9.744999885559082,9.744999885559082,336.0
2024-08-21 10:33:00,CENX,14.739999771118164,14.739999771118164,14.739999771118164,14.739999771118164,14.739999771118164,756.0
2024-08-21 10:33:00,CRKN,1.8000999689102173,1.8000999689102173,1.8000999689102173,1.8000999689102173,1.8000999689102173,675.0
2024-08-21 10:33:00,GEVO,0.755299985408783,0.755299985408783,0.7592999935150146,0.7495999932289124,0.7495999932289124,12307.0
2024-08-21 10:33:00,GPRE,13.869999885559082,13.869999885559082,13.869999885559082,13.869999885559082,13.869999885559082,292.0
2024-08-21 10:33:00,GSM,4.420000076293945,4.420000076293945,4.427999973297119,4.420000076293945,4.427999973297119,1071.0
2024-08-21 10:33:00,LWLG,2.619999885559082,2.619999885559082,2.619999885559082,2.619999885559082,2.619999885559082,200.0
2024-08-21 10:33:00,MEOH,44.66999816894531,44.66999816894531,44.66999816894531,44.66999816894531,44.66999816894531,117.0
2024-08-21 10:33:00,MERC,6.179999828338623,6.179999828338623,6.179999828338623,6.179999828338623,6.179999828338623,311.0
2024-08-21 10:33:00,METC,12.210000038146973,12.210000038146973,12.225600242614746,12.210000038146973,12.220000267028809,936.0
2024-08-21 10:33:00,ORGN,1.4788999557495117,1.4788999557495117,1.4788999557495117,1.4788999557495117,1.4788999557495117,617.0
2024-08-21 10:33:00,PAAS,21.16990089416504,21.16990089416504,21.219999313354492,21.16990089416504,21.209999084472656,9432.0
2024-08-21 10:33:00,PLL,8.520000457763672,8.520000457763672,8.520000457763672,8.520000457763672,8.520000457763672,702.0
2024-08-21 10:33:00,PPTA,8.710000038146973,8.710000038146973,8.760000228881836,8.710000038146973,8.760000228881836,1528.0
2024-08-21 10:33:00,SGML,11.050000190734863,11.050000190734863,11.050000190734863,11.050000190734863,11.050000190734863,324.0
2024-08-21 10:33:00,SSRM,5.304999828338623,5.304999828338623,5.304999828338623,5.295000076293945,5.300000190734863,4581.0
2024-08-21 10:33:00,STLD,117.3550033569336,117.3550033569336,117.3550033569336,117.3550033569336,117.3550033569336,418.0
2024-08-21 10:33:00,ZEUS,41.157501220703125,41.157501220703125,41.157501220703125,41.157501220703125,41.157501220703125,251.0
2024-08-21 10:34:00,ASTL,9.739999771118164,9.739999771118164,9.739999771118164,9.734999656677246,9.734999656677246,401.0
2024-08-21 10:34:00,CENX,14.75,14.75,14.75,14.75,14.75,242.0
2024-08-21 10:34:00,CNEY,0.3237000107765198,0.3237000107765198,0.3237000107765198,0.3237000107765198,0.3237000107765198,397.0
2024-08-21 10:34:00,ELBM,0.5202999711036682,0.5202999711036682,0.5202999711036682,0.5202999711036682,0.5202999711036682,2852.0
2024-08-21 10:34:00,GEVO,0.7592999935150146,0.7592999935150146,0.7594000101089478,0.7566999793052673,0.7592999935150146,4009.0
2024-08-21 10:34:00,GPRE,13.895000457763672,13.895000457763672,13.895000457763672,13.866700172424316,13.866700172424316,355.0
2024-08-21 10:34:00,LWLG,2.630000114440918,2.630000114440918,2.630000114440918,2.619999885559082,2.624000072479248,2052.0
2024-08-21 10:34:00,METC,12.199999809265137,12.199999809265137,12.21500015258789,12.199999809265137,12.21500015258789,1149.0
2024-08-21 10:34:00,ORGN,1.4700000286102295,1.4700000286102295,1.4700000286102295,1.4700000286102295,1.4700000286102295,1724.0
2024-08-21 10:34:00,PAAS,21.200000762939453,21.200000762939453,21.209999084472656,21.174999237060547,21.177499771118164,3652.0
2024-08-21 10:34:00,PLL,8.508099555969238,8.508099555969238,8.524999618530273,8.500100135803223,8.500100135803223,11475.0
2024-08-21 10:34:00,PPTA,8.699999809265137,8.699999809265137,8.720000267028809,8.649999618530273,8.720000267028809,5550.0
2024-08-21 10:34:00,RGLD,139.05499267578125,139.05499267578125,139.19000244140625,139.05499267578125,139.125,1229.0
2024-08-21 10:34:00,SGML,11.050000190734863,11.050000190734863,11.053999900817871,11.050000190734863,11.053999900817871,220.0
2024-08-21 10:34:00,SNES,4.5,4.5,4.5,4.5,4.5,1001.0
2024-08-21 10:34:00,SSRM,5.309999942779541,5.309999942779541,5.315000057220459,5.300099849700928,5.304999828338623,5923.0
2024-08-21 10:34:00,STLD,117.55999755859375,117.55999755859375,117.55999755859375,117.25,117.2979965209961,1861.0
2024-08-21 10:34:00,TMC,1.0398999452590942,1.0398999452590942,1.0398999452590942,1.0398999452590942,1.0398999452590942,1150.0
2024-08-21 10:34:00,USAP,39.22999954223633,39.22999954223633,39.22999954223633,39.22999954223633,39.22999954223633,140.0
2024-08-21 10:35:00,ASTL,9.729999542236328,9.729999542236328,9.734999656677246,9.725000381469727,9.734999656677246,407.0
2024-08-21 10:35:00,CENX,14.75,14.75,14.75,14.75,14.75,697.0
2024-08-21 10:35:00,FEAM,0.8788999915122986,0.8788999915122986,0.8788999915122986,0.8788999915122986,0.8788999915122986,1445.0
2024-08-21 10:35:00,GPRE,13.859999656677246,13.859999656677246,13.859999656677246,13.859999656677246,13.859999656677246,589.0
2024-08-21 10:35:00,GSM,4.425000190734863,4.425000190734863,4.429999828338623,4.420000076293945,4.420000076293945,3060.0
2024-08-21 10:35:00,IOSP,109.5,109.5,109.5,109.5,109.5,848.0
2024-08-21 10:35:00,LWLG,2.619999885559082,2.619999885559082,2.619999885559082,2.619999885559082,2.619999885559082,200.0
2024-08-21 10:35:00,MEOH,44.75,44.75,44.75,44.75,44.75,387.0
2024-08-21 10:35:00,METC,12.234999656677246,12.234999656677246,12.234999656677246,12.234999656677246,12.234999656677246,668.0
2024-08-21 10:35:00,ORGN,1.4700000286102295,1.4700000286102295,1.4700000286102295,1.4700000286102295,1.4700000286102295,1016.0
2024-08-21 10:35:00,PAAS,21.18000030517578,21.18000030517578,21.18000030517578,21.15999984741211,21.18000030517578,7847.0
2024-08-21 10:35:00,PLL,8.529999732971191,8.529999732971191,8.539999961853027,8.529999732971191,8.539999961853027,957.0
2024-08-21 10:35:00,PPTA,8.680000305175781,8.680000305175781,8.680000305175781,8.680000305175781,8.680000305175781,410.0
2024-08-21 10:35:00,RGLD,139.0399932861328,139.0399932861328,139.0500030517578,139.0399932861328,139.0500030517578,1211.0
2024-08-21 10:35:00,SGML,11.050000190734863,11.050000190734863,11.069999694824219,11.050000190734863,11.069999694824219,1616.0
2024-08-21 10:35:00,SMID,33.53099822998047,33.53099822998047,33.53099822998047,33.53099822998047,33.53099822998047,107.0
2024-08-21 10:35:00,SSRM,5.304999828338623,5.304999828338623,5.309999942779541,5.304999828338623,5.309999942779541,2099.0
2024-08-21 10:35:00,STLD,117.20999908447266,117.20999908447266,117.20999908447266,117.20999908447266,117.20999908447266,517.0
2024-08-21 10:35:00,TMC,1.0398999452590942,1.0398999452590942,1.0398999452590942,1.0398999452590942,1.0398999452590942,112.0
2024-08-21 10:36:00,ASTL,9.739999771118164,9.739999771118164,9.739999771118164,9.725000381469727,9.725000381469727,348.0
2024-08-21 10:36:00,BCPC,168.86500549316406,168.86500549316406,168.86500549316406,168.2899932861328,168.2899932861328,688.0
2024-08-21 10:36:00,CENX,14.770000457763672,14.770000457763672,14.770000457763672,14.729999542236328,14.739999771118164,3463.0
2024-08-21 10:36:00,ELBM,0.5253000259399414,0.5253000259399414,0.5253000259399414,0.5253000259399414,0.5253000259399414,1501.0
2024-08-21 10:36:00,GEVO,0.7588000297546387,0.7588000297546387,0.7588000297546387,0.7544000148773193,0.7544000148773193,3105.0
2024-08-21 10:36:00,GPRE,13.890000343322754,13.890000343322754,13.899999618530273,13.875,13.875,1535.0
2024-08-21 10:36:00,GSM,4.429999828338623,4.429999828338623,4.434999942779541,4.425000190734863,4.429999828338623,14421.0
2024-08-21 10:36:00,HDSN,8.09000015258789,8.09000015258789,8.09000015258789,8.09000015258789,8.09000015258789,263.0
2024-08-21 10:36:00,HWKN,120.26899719238281,120.26899719238281,120.26899719238281,120.26899719238281,120.26899719238281,500.0
2024-08-21 10:36:00,HYMC,2.430000066757202,2.430000066757202,2.430000066757202,2.430000066757202,2.430000066757202,209.0
2024-08-21 10:36:00,IOSP,109.91500091552734,109.91500091552734,109.91500091552734,109.69999694824219,109.69999694824219,528.0
2024-08-21 10:36:00,LWLG,2.634999990463257,2.634999990463257,2.640000104904175,2.619999885559082,2.619999885559082,1531.0
2024-08-21 10:36:00,MEOH,44.79999923706055,44.79999923706055,44.79999923706055,44.75,44.75,881.0
2024-08-21 10:36:00,METC,12.255000114440918,12.255000114440918,12.255000114440918,12.239999771118164,12.239999771118164,405.0
2024-08-21 10:36:00,ORGN,1.4526000022888184,1.4526000022888184,1.4800000190734863,1.4526000022888184,1.4800000190734863,2968.0
2024-08-21 10:36:00,PAAS,21.229999542236328,21.229999542236328,21.239500045776367,21.18000030517578,21.189899444580078,3291.0
2024-08-21 10:36:00,PLL,8.569600105285645,8.569600105285645,8.569600105285645,8.519599914550781,8.519599914550781,614.0
2024-08-21 10:36:00,PPTA,8.725099563598633,8.725099563598633,8.739999771118164,8.69480037689209,8.69480037689209,1573.0
2024-08-21 10:36:00,SGML,11.109999656677246,11.109999656677246,11.130000114440918,11.069999694824219,11.079999923706055,13169.0
2024-08-21 10:36:00,SNES,4.499899864196777,4.499899864196777,4.499899864196777,4.499899864196777,4.499899864196777,212.0
2024-08-21 10:36:00,SSRM,5.315000057220459,5.315000057220459,5.320000171661377,5.304999828338623,5.308499813079834,15228.0
2024-08-21 10:36:00,STLD,117.81500244140625,117.81500244140625,117.81500244140625,117.55999755859375,117.55999755859375,3954.0
2024-08-21 10:36:00,UFPI,119.71499633789062,119.71499633789062,119.71499633789062,119.71499633789062,119.71499633789062,1212.0
2024-08-21 10:36:00,USAP,39.43000030517578,39.43000030517578,39.43000030517578,39.28499984741211,39.28499984741211,789.0
2024-08-21 10:36:00,ZEUS,41.150001525878906,41.150001525878906,41.150001525878906,41.150001525878906,41.150001525878906,106.0
2024-08-21 10:37:00,ASTL,9.710000038146973,9.710000038146973,9.744999885559082,9.710000038146973,9.744999885559082,3908.0
2024-08-21 10:37:00,ELBM,0.5217000246047974,0.5217000246047974,0.5217000246047974,0.5217000246047974,0.5217000246047974,1136.0
2024-08-21 10:37:00,GEVO,0.7590000033378601,0.7590000033378601,0.7590000033378601,0.7541000247001648,0.7541000247001648,28317.0
2024-08-21 10:37:00,GPRE,13.899999618530273,13.899999618530273,13.899999618530273,13.899999618530273,13.899999618530273,292.0
2024-08-21 10:37:00,HYMCL,0.024000000208616257,0.024000000208616257,0.024000000208616257,0.024000000208616257,0.024000000208616257,2000.0
2024-08-21 10:37:00,LWLG,2.634999990463257,2.634999990463257,2.634999990463257,2.634999990463257,2.634999990463257,200.0
2024-08-21 10:37:00,MERC,6.170000076293945,6.170000076293945,6.170000076293945,6.170000076293945,6.170000076293945,941.0
2024-08-21 10:37:00,METC,12.199999809265137,12.199999809265137,12.240599632263184,12.199999809265137,12.230199813842773,8271.0
2024-08-21 10:37:00,ORGN,1.4600000381469727,1.4600000381469727,1.4600000381469727,1.4500000476837158,1.4600000381469727,6439.0
2024-08-21 10:37:00,PAAS,21.2450008392334,21.2450008392334,21.25,21.229999542236328,21.229999542236328,2099.0
2024-08-21 10:37:00,SGML,11.109999656677246,11.109999656677246,11.109999656677246,11.104999542236328,11.109999656677246,2435.0
2024-08-21 10:37:00,SMID,34.921600341796875,34.921600341796875,34.921600341796875,34.921600341796875,34.921600341796875,354.0
2024-08-21 10:37:00,SSRM,5.304999828338623,5.304999828338623,5.315000057220459,5.304999828338623,5.315000057220459,4398.0
2024-08-21 10:37:00,STLD,117.8855972290039,117.8855972290039,117.8855972290039,117.6050033569336,117.62999725341797,1227.0
2024-08-21 10:37:00,USAP,39.40999984741211,39.40999984741211,39.40999984741211,39.40999984741211,39.40999984741211,622.0
2024-08-21 10:37:00,ZEUS,41.165000915527344,41.165000915527344,41.165000915527344,41.165000915527344,41.165000915527344,826.0
2024-08-21 10:38:00,ASTL,9.6899995803833,9.6899995803833,9.704999923706055,9.6899995803833,9.704999923706055,1235.0
2024-08-21 10:38:00,BCPC,168.50999450683594,168.50999450683594,168.50999450683594,168.50999450683594,168.50999450683594,406.0
2024-08-21 10:38:00,CENX,14.770000457763672,14.770000457763672,14.789999961853027,14.755000114440918,14.789999961853027,9640.0
2024-08-21 10:38:00,CRKN,1.8207999467849731,1.8207999467849731,1.8207999467849731,1.820099949836731,1.820099949836731,2112.0
2024-08-21 10:38:00,GEVO,0.7590000033378601,0.7590000033378601,0.7590000033378601,0.7584999799728394,0.7584999799728394,5989.0
2024-08-21 10:38:00,GPRE,13.899999618530273,13.899999618530273,13.899999618530273,13.899999618530273,13.899999618530273,474.0
2024-08-21 10:38:00,HDSN,8.079999923706055,8.079999923706055,8.130000114440918,8.079999923706055,8.100000381469727,9316.0
2024-08-21 10:38:00,HWKN,121.18000030517578,121.18000030517578,121.2228012084961,121.18000030517578,121.2228012084961,588.0
2024-08-21 10:38:00,LWLG,2.6301000118255615,2.6301000118255615,2.6301000118255615,2.6301000118255615,2.6301000118255615,205.0
2024-08-21 10:38:00,METC,12.220000267028809,12.220000267028809,12.220000267028809,12.15999984741211,12.15999984741211,398.0
2024-08-21 10:38:00,ORGN,1.4600000381469727,1.4600000381469727,1.4600000381469727,1.4550000429153442,1.4550000429153442,8086.0
2024-08-21 10:38:00,PAAS,21.229999542236328,21.229999542236328,21.2450008392334,21.225000381469727,21.2450008392334,5822.0
2024-08-21 10:38:00,PLL,8.544899940490723,8.544899940490723,8.544899940490723,8.544899940490723,8.544899940490723,525.0
2024-08-21 10:38:00,PPTA,8.699999809265137,8.699999809265137,8.699999809265137,8.6899995803833,8.699999809265137,5646.0
2024-08-21 10:38:00,SGML,11.130000114440918,11.130000114440918,11.130000114440918,11.109999656677246,11.109999656677246,2463.0
2024-08-21 10:38:00,SSRM,5.315000057220459,5.315000057220459,5.315000057220459,5.309999942779541,5.309999942779541,2463.0
2024-08-21 10:38:00,STLD,117.74500274658203,117.74500274658203,117.74500274658203,117.74500274658203,117.74500274658203,269.0
2024-08-21 10:38:00,TMC,1.0300999879837036,1.0300999879837036,1.0300999879837036,1.0300999879837036,1.0300999879837036,410.0
2024-08-21 10:39:00,ASTL,9.6899995803833,9.6899995803833,9.6899995803833,9.6899995803833,9.6899995803833,380.0
2024-08-21 10:39:00,BCPC,168.64999389648438,168.64999389648438,168.64999389648438,168.63999938964844,168.63999938964844,381.0
2024-08-21 10:39:00,CENX,14.770000457763672,14.770000457763672,14.770000457763672,14.744999885559082,14.760000228881836,1102.0
2024-08-21 10:39:00,GEVO,0.7613999843597412,0.7613999843597412,0.7649999856948853,0.758400022983551,0.7590000033378601,30730.0
2024-08-21 10:39:00,GPRE,13.920000076293945,13.920000076293945,13.920000076293945,13.899999618530273,13.90999984741211,1581.0
2024-08-21 10:39:00,LITM,0.43799999356269836,0.43799999356269836,0.43799999356269836,0.43799999356269836,0.43799999356269836,1460.0
2024-08-21 10:39:00,LWLG,2.6500000953674316,2.6500000953674316,2.6500000953674316,2.630000114440918,2.630000114440918,1057.0
2024-08-21 10:39:00,MEOH,44.77000045776367,44.77000045776367,44.77000045776367,44.7599983215332,44.77000045776367,880.0
2024-08-21 10:39:00,METC,12.199999809265137,12.199999809265137,12.199999809265137,12.15999984741211,12.194999694824219,956.0
2024-08-21 10:39:00,ORGN,1.4600000381469727,1.4600000381469727,1.4700000286102295,1.4600000381469727,1.4615999460220337,2721.0
2024-08-21 10:39:00,PAAS,21.239999771118164,21.239999771118164,21.2450008392334,21.225000381469727,21.2450008392334,4105.0
2024-08-21 10:39:00,PLL,8.589300155639648,8.589300155639648,8.589300155639648,8.550000190734863,8.550000190734863,1334.0
2024-08-21 10:39:00,PPTA,8.680000305175781,8.680000305175781,8.699999809265137,8.680000305175781,8.699999809265137,6036.0
2024-08-21 10:39:00,SGML,11.130000114440918,11.130000114440918,11.130000114440918,11.109999656677246,11.119999885559082,2009.0
2024-08-21 10:39:00,SSRM,5.309999942779541,5.309999942779541,5.309999942779541,5.309999942779541,5.309999942779541,1004.0
2024-08-21 10:39:00,STLD,117.63749694824219,117.63749694824219,117.6449966430664,117.51000213623047,117.58999633789062,820.0
2024-08-21 10:40:00,ASTL,9.699999809265137,9.699999809265137,9.699999809265137,9.699999809265137,9.699999809265137,337.0
2024-08-21 10:40:00,BCPC,168.6999969482422,168.6999969482422,168.6999969482422,168.6999969482422,168.6999969482422,482.0
2024-08-21 10:40:00,CENX,14.789999961853027,14.789999961853027,14.789999961853027,14.779999732971191,14.779999732971191,2227.0
2024-08-21 10:40:00,CRKN,1.7899999618530273,1.7899999618530273,1.8300000429153442,1.7899999618530273,1.8300000429153442,22503.0
2024-08-21 10:40:00,GEVO,0.7642999887466431,0.7642999887466431,0.7649000287055969,0.7642999887466431,0.7642999887466431,0.0
2024-08-21 10:40:00,GSM,4.425000190734863,4.425000190734863,4.440000057220459,4.420000076293945,4.429999828338623,13960.0
2024-08-21 10:40:00,HDSN,8.09000015258789,8.09000015258789,8.09000015258789,8.074999809265137,8.074999809265137,317.0
2024-08-21 10:40:00,HUDI,2.190000057220459,2.190000057220459,2.2079999446868896,2.190000057220459,2.190000057220459,1320.0
2024-08-21 10:40:00,HYMC,2.4298999309539795,2.4298999309539795,2.4298999309539795,2.4298999309539795,2.4298999309539795,200.0
2024-08-21 10:40:00,IOSP,109.93000030517578,109.93000030517578,109.94000244140625,109.93000030517578,109.94000244140625,692.0
2024-08-21 10:40:00,IPX,15.130000114440918,15.130000114440918,15.204999923706055,15.130000114440918,15.204999923706055,603.0
2024-08-21 10:40:00,LWLG,2.6498000621795654,2.6498000621795654,2.6498000621795654,2.6449999809265137,2.6449999809265137,220.0
2024-08-21 10:40:00,MEOH,44.81999969482422,44.81999969482422,44.81999969482422,44.81999969482422,44.81999969482422,671.0
2024-08-21 10:40:00,PAAS,21.219999313354492,21.219999313354492,21.239999771118164,21.219999313354492,21.229999542236328,13928.0
2024-08-21 10:40:00,PLL,8.585000038146973,8.585000038146973,8.59000015258789,8.585000038146973,8.59000015258789,552.0
2024-08-21 10:40:00,PPTA,8.600000381469727,8.600000381469727,8.680000305175781,8.600000381469727,8.670000076293945,23965.0
2024-08-21 10:40:00,SGML,11.199999809265137,11.199999809265137,11.199999809265137,11.133199691772461,11.139900207519531,4836.0
2024-08-21 10:40:00,SSRM,5.300000190734863,5.300000190734863,5.309999942779541,5.300000190734863,5.309999942779541,3759.0
2024-08-21 10:40:00,STLD,117.82499694824219,117.82499694824219,118.0,117.5999984741211,117.69999694824219,25531.0
2024-08-21 10:40:00,UFPI,120.29000091552734,120.29000091552734,120.29000091552734,120.29000091552734,120.29000091552734,608.0
2024-08-21 10:41:00,ASTL,9.6899995803833,9.6899995803833,9.694999694824219,9.6899995803833,9.694999694824219,233.0
2024-08-21 10:41:00,CENX,14.78499984741211,14.78499984741211,14.800000190734863,14.78499984741211,14.78499984741211,358.0
2024-08-21 10:41:00,GEVO,0.7642999887466431,0.7642999887466431,0.7642999887466431,0.76419997215271,0.76419997215271,1687.0
2024-08-21 10:41:00,GPRE,13.930000305175781,13.930000305175781,13.930000305175781,13.930000305175781,13.930000305175781,866.0
2024-08-21 10:41:00,GSM,4.425000190734863,4.425000190734863,4.425000190734863,4.425000190734863,4.425000190734863,903.0
2024-08-21 10:41:00,HDSN,8.079999923706055,8.079999923706055,8.079999923706055,8.079999923706055,8.079999923706055,649.0
2024-08-21 10:41:00,HWKN,120.83000183105469,120.83000183105469,121.19000244140625,120.83000183105469,121.19000244140625,940.0
2024-08-21 10:41:00,HYMC,2.4298999309539795,2.4298999309539795,2.4298999309539795,2.4298999309539795,2.4298999309539795,931.0
2024-08-21 10:41:00,IOSP,110.125,110.125,110.37000274658203,110.12000274658203,110.37000274658203,974.0
2024-08-21 10:41:00,KALU,71.0999984741211,71.0999984741211,71.0999984741211,71.0999984741211,71.0999984741211,645.0
2024-08-21 10:41:00,LGO,1.8799999952316284,1.8799999952316284,1.8799999952316284,1.8799999952316284,1.8799999952316284,0.0
2024-08-21 10:41:00,LWLG,2.6500000953674316,2.6500000953674316,2.6500000953674316,2.6500000953674316,2.6500000953674316,194.0
2024-08-21 10:41:00,MERC,6.199999809265137,6.199999809265137,6.199999809265137,6.179999828338623,6.179999828338623,5475.0
2024-08-21 10:41:00,METC,12.220000267028809,12.220000267028809,12.220000267028809,12.220000267028809,12.220000267028809,231.0
2024-08-21 10:41:00,ORGN,1.4586000442504883,1.4586000442504883,1.4600000381469727,1.4550000429153442,1.4550000429153442,809.0
2024-08-21 10:41:00,PAAS,21.229999542236328,21.229999542236328,21.229999542236328,21.200000762939453,21.204999923706055,3635.0
2024-08-21 10:41:00,PLL,8.619999885559082,8.619999885559082,8.619999885559082,8.585599899291992,8.585599899291992,2903.0
2024-08-21 10:41:00,PPTA,8.510000228881836,8.510000228881836,8.600000381469727,8.510000228881836,8.600000381469727,10933.0
2024-08-21 10:41:00,SEED,2.299999952316284,2.299999952316284,2.305000066757202,2.299999952316284,2.305000066757202,322.0
2024-08-21 10:41:00,SGML,11.192500114440918,11.192500114440918,11.199999809265137,11.1899995803833,11.1899995803833,1724.0
2024-08-21 10:41:00,SSRM,5.304999828338623,5.304999828338623,5.309999942779541,5.304999828338623,5.304999828338623,2946.0
2024-08-21 10:41:00,STLD,117.80000305175781,117.80000305175781,117.89749908447266,117.80000305175781,117.80999755859375,3501.0
2024-08-21 10:41:00,TMC,1.034999966621399,1.034999966621399,1.034999966621399,1.034999966621399,1.034999966621399,1119.0
2024-08-21 10:42:00,ASTL,9.694999694824219,9.694999694824219,9.694999694824219,9.694999694824219,9.694999694824219,242.0
2024-08-21 10:42:00,CENX,14.78499984741211,14.78499984741211,14.78499984741211,14.78499984741211,14.78499984741211,1359.0
2024-08-21 10:42:00,ELBM,0.5230000019073486,0.5230000019073486,0.5230000019073486,0.5230000019073486,0.5230000019073486,200.0
2024-08-21 10:42:00,GPRE,13.975000381469727,13.975000381469727,13.975000381469727,13.975000381469727,13.975000381469727,115.0
2024-08-21 10:42:00,GSM,4.420000076293945,4.420000076293945,4.434999942779541,4.420000076293945,4.429999828338623,20054.0
2024-08-21 10:42:00,HWKN,121.0199966430664,121.0199966430664,121.0199966430664,121.0199966430664,121.0199966430664,461.0
2024-08-21 10:42:00,LOOP,1.3650000095367432,1.3650000095367432,1.3650000095367432,1.3650000095367432,1.3650000095367432,5702.0
2024-08-21 10:42:00,LWLG,2.6600000858306885,2.6600000858306885,2.6600000858306885,2.6500000953674316,2.6549999713897705,575.0
2024-08-21 10:42:00,MERC,6.190000057220459,6.190000057220459,6.190000057220459,6.190000057220459,6.190000057220459,207.0
2024-08-21 10:42:00,METC,12.228599548339844,12.228599548339844,12.228599548339844,12.228599548339844,12.228599548339844,1171.0
2024-08-21 10:42:00,ORGN,1.465000033378601,1.465000033378601,1.4700000286102295,1.4550000429153442,1.4550000429153442,2475.0
2024-08-21 10:42:00,PAAS,21.25200080871582,21.25200080871582,21.25200080871582,21.239999771118164,21.239999771118164,1677.0
2024-08-21 10:42:00,PLL,8.609999656677246,8.609999656677246,8.630000114440918,8.609999656677246,8.614999771118164,7640.0
2024-08-21 10:42:00,PPTA,8.574399948120117,8.574399948120117,8.579999923706055,8.510100364685059,8.510100364685059,1087.0
2024-08-21 10:42:00,RGLD,139.36839294433594,139.36839294433594,139.36839294433594,139.36839294433594,139.36839294433594,860.0
2024-08-21 10:42:00,SGML,11.1899995803833,11.1899995803833,11.199999809265137,11.173999786376953,11.199999809265137,1889.0
2024-08-21 10:42:00,SSRM,5.309999942779541,5.309999942779541,5.309999942779541,5.304999828338623,5.309599876403809,3682.0
2024-08-21 10:42:00,STLD,117.88500213623047,117.88500213623047,117.91999816894531,117.80999755859375,117.83000183105469,1338.0
2024-08-21 10:42:00,TMC,1.034999966621399,1.034999966621399,1.034999966621399,1.0299999713897705,1.034999966621399,34841.0
2024-08-21 10:43:00,ASTL,9.640000343322754,9.640000343322754,9.6850004196167,9.630000114440918,9.6850004196167,15499.0
2024-08-21 10:43:00,CENX,14.800000190734863,14.800000190734863,14.800000190734863,14.800000190734863,14.800000190734863,278.0
2024-08-21 10:43:00,ELBM,0.5230000019073486,0.5230000019073486,0.5253999829292297,0.5230000019073486,0.5253999829292297,19675.0
2024-08-21 10:43:00,GEVO,0.7612000107765198,0.7612000107765198,0.7635999917984009,0.7612000107765198,0.7635999917984009,699.0
2024-08-21 10:43:00,GPRE,13.960000038146973,13.960000038146973,13.975000381469727,13.960000038146973,13.975000381469727,1030.0
2024-08-21 10:43:00,GSM,4.425000190734863,4.425000190734863,4.425000190734863,4.425000190734863,4.425000190734863,420.0
2024-08-21 10:43:00,LWLG,2.6600000858306885,2.6600000858306885,2.6600000858306885,2.6600000858306885,2.6600000858306885,975.0
2024-08-21 10:43:00,MERC,6.190000057220459,6.190000057220459,6.190000057220459,6.190000057220459,6.190000057220459,515.0
2024-08-21 10:43:00,METC,12.1899995803833,12.1899995803833,12.1899995803833,12.170000076293945,12.180000305175781,1120.0
2024-08-21 10:43:00,ORGN,1.4598000049591064,1.4598000049591064,1.4601000547409058,1.4550000429153442,1.4601000547409058,6790.0
2024-08-21 10:43:00,PAAS,21.31999969482422,21.31999969482422,21.31999969482422,21.274999618530273,21.274999618530273,4426.0
2024-08-21 10:43:00,PPTA,8.59000015258789,8.59000015258789,8.59000015258789,8.59000015258789,8.59000015258789,664.0
2024-08-21 10:43:00,RGLD,139.35000610351562,139.35000610351562,139.35000610351562,139.35000610351562,139.35000610351562,431.0
2024-08-21 10:43:00,SGML,11.194999694824219,11.194999694824219,11.194999694824219,11.183600425720215,11.183600425720215,721.0
2024-08-21 10:43:00,SSRM,5.335000038146973,5.335000038146973,5.335000038146973,5.315000057220459,5.315000057220459,8543.0
2024-08-21 10:43:00,STLD,117.88500213623047,117.88500213623047,117.88749694824219,117.88500213623047,117.88500213623047,945.0
2024-08-21 10:43:00,TMC,1.0499999523162842,1.0499999523162842,1.0499999523162842,1.0399999618530273,1.0399999618530273,17668.0
2024-08-21 10:44:00,ASTL,9.630000114440918,9.630000114440918,9.630000114440918,9.630000114440918,9.630000114440918,295.0
2024-08-21 10:44:00,CENX,14.760000228881836,14.760000228881836,14.819999694824219,14.760000228881836,14.8100004196167,4908.0
2024-08-21 10:44:00,GEVO,0.7603999972343445,0.7603999972343445,0.7603999972343445,0.7603999972343445,0.7603999972343445,673.0
2024-08-21 10:44:00,GPRE,13.994999885559082,13.994999885559082,13.994999885559082,13.96500015258789,13.96500015258789,1240.0
2024-08-21 10:44:00,GSM,4.425000190734863,4.425000190734863,4.425000190734863,4.425000190734863,4.425000190734863,1100.0
2024-08-21 10:44:00,HDSN,8.0600004196167,8.0600004196167,8.069999694824219,8.0600004196167,8.069999694824219,794.0
2024-08-21 10:44:00,IPX,15.350000381469727,15.350000381469727,15.350000381469727,15.204999923706055,15.204999923706055,630.0
2024-08-21 10:44:00,LWLG,2.6600000858306885,2.6600000858306885,2.6700000762939453,2.6600000858306885,2.6600000858306885,4281.0
2024-08-21 10:44:00,METC,12.100000381469727,12.100000381469727,12.170100212097168,12.069999694824219,12.170100212097168,23623.0
2024-08-21 10:44:00,ORGN,1.440000057220459,1.440000057220459,1.4505000114440918,1.440000057220459,1.4500999450683594,6010.0
2024-08-21 10:44:00,PAAS,21.299999237060547,21.299999237060547,21.31999969482422,21.299999237060547,21.31999969482422,4176.0
2024-08-21 10:44:00,PLL,8.630000114440918,8.630000114440918,8.630000114440918,8.630000114440918,8.630000114440918,138.0
2024-08-21 10:44:00,SEED,2.319999933242798,2.319999933242798,2.319999933242798,2.319999933242798,2.319999933242798,100.0
2024-08-21 10:44:00,SGML,11.154999732971191,11.154999732971191,11.1899995803833,11.154999732971191,11.1899995803833,5095.0
2024-08-21 10:44:00,SSRM,5.335000038146973,5.335000038146973,5.340000152587891,5.335000038146973,5.335000038146973,2872.0
2024-08-21 10:44:00,STLD,117.81999969482422,117.81999969482422,117.9800033569336,117.81999969482422,117.88500213623047,5791.0
2024-08-21 10:44:00,TMC,1.0449999570846558,1.0449999570846558,1.0449999570846558,1.0449999570846558,1.0449999570846558,521.0
2024-08-21 10:44:00,UFPI,120.19999694824219,120.19999694824219,120.19999694824219,120.19999694824219,120.19999694824219,1334.0
2024-08-21 10:45:00,ACNT,10.0,10.0,10.0,10.0,10.0,1434.0
2024-08-21 10:45:00,ALTO,1.434999942779541,1.434999942779541,1.434999942779541,1.434999942779541,1.434999942779541,631.0
2024-08-21 10:45:00,ASTL,9.612000465393066,9.612000465393066,9.619999885559082,9.612000465393066,9.619999885559082,947.0
2024-08-21 10:45:00,CENX,14.739999771118164,14.739999771118164,14.739999771118164,14.739999771118164,14.739999771118164,956.0
2024-08-21 10:45:00,CRKN,1.809999942779541,1.809999942779541,1.809999942779541,1.809999942779541,1.809999942779541,0.0
2024-08-21 10:45:00,GEVO,0.7597000002861023,0.7597000002861023,0.7599999904632568,0.7597000002861023,0.7597000002861023,1693.0
2024-08-21 10:45:00,GPRE,13.994999885559082,13.994999885559082,13.994999885559082,13.961199760437012,13.979999542236328,951.0
2024-08-21 10:45:00,GSM,4.420000076293945,4.420000076293945,4.420000076293945,4.420000076293945,4.420000076293945,1469.0
2024-08-21 10:45:00,HYMC,2.4100000858306885,2.4100000858306885,2.4100000858306885,2.4100000858306885,2.4100000858306885,637.0
2024-08-21 10:45:00,IPX,15.154999732971191,15.154999732971191,15.154999732971191,15.154999732971191,15.154999732971191,100.0
2024-08-21 10:45:00,LWLG,2.6600000858306885,2.6600000858306885,2.6600000858306885,2.6600000858306885,2.6600000858306885,1659.0
2024-08-21 10:45:00,MEOH,44.779998779296875,44.779998779296875,44.83000183105469,44.779998779296875,44.83000183105469,778.0
2024-08-21 10:45:00,METC,12.079999923706055,12.079999923706055,12.095000267028809,12.079999923706055,12.093899726867676,1463.0
2024-08-21 10:45:00,ORGN,1.440000057220459,1.440000057220459,1.440000057220459,1.434999942779541,1.434999942779541,1267.0
2024-08-21 10:45:00,PAAS,21.30500030517578,21.30500030517578,21.329999923706055,21.299999237060547,21.309999465942383,6029.0
2024-08-21 10:45:00,PLL,8.630000114440918,8.630000114440918,8.635000228881836,8.619999885559082,8.635000228881836,954.0
2024-08-21 10:45:00,PPTA,8.600000381469727,8.600000381469727,8.600000381469727,8.600000381469727,8.600000381469727,5475.0
2024-08-21 10:45:00,SGML,11.154999732971191,11.154999732971191,11.154999732971191,11.154999732971191,11.154999732971191,930.0
2024-08-21 10:45:00,SSRM,5.335000038146973,5.335000038146973,5.338600158691406,5.335000038146973,5.335000038146973,3097.0
2024-08-21 10:45:00,STLD,117.86199951171875,117.86199951171875,117.875,117.86199951171875,117.86250305175781,848.0
2024-08-21 10:45:00,USAP,39.435001373291016,39.435001373291016,39.435001373291016,39.400001525878906,39.400001525878906,570.0
2024-08-21 10:46:00,ELBM,0.5206000208854675,0.5206000208854675,0.5206000208854675,0.5152999758720398,0.5206000208854675,5103.0
2024-08-21 10:46:00,GEVO,0.7597000002861023,0.7597000002861023,0.7597000002861023,0.7597000002861023,0.7597000002861023,1017.0
2024-08-21 10:46:00,GPRE,13.979999542236328,13.979999542236328,14.0,13.960000038146973,14.0,33015.0
2024-08-21 10:46:00,GSM,4.425000190734863,4.425000190734863,4.425000190734863,4.425000190734863,4.425000190734863,408.0
2024-08-21 10:46:00,HDSN,8.069999694824219,8.069999694824219,8.069999694824219,8.069999694824219,8.069999694824219,155.0
2024-08-21 10:46:00,IPX,15.199999809265137,15.199999809265137,15.199999809265137,15.199999809265137,15.199999809265137,100.0
2024-08-21 10:46:00,LOOP,1.3799999952316284,1.3799999952316284,1.3799999952316284,1.3799999952316284,1.3799999952316284,0.0
2024-08-21 10:46:00,LWLG,2.6549999713897705,2.6549999713897705,2.6549999713897705,2.6500000953674316,2.6500000953674316,318.0
2024-08-21 10:46:00,MEOH,44.80500030517578,44.80500030517578,44.80500030517578,44.80500030517578,44.80500030517578,715.0
2024-08-21 10:46:00,METC,12.079999923706055,12.079999923706055,12.079999923706055,12.079999923706055,12.079999923706055,477.0
2024-08-21 10:46:00,ORGN,1.4300999641418457,1.4300999641418457,1.4300999641418457,1.4300999641418457,1.4300999641418457,3000.0
2024-08-21 10:46:00,PAAS,21.325000762939453,21.325000762939453,21.325000762939453,21.295000076293945,21.30500030517578,1864.0
2024-08-21 10:46:00,PLL,8.649999618530273,8.649999618530273,8.649999618530273,8.600000381469727,8.600000381469727,337.0
2024-08-21 10:46:00,PPTA,8.569999694824219,8.569999694824219,8.600000381469727,8.479999542236328,8.600000381469727,22600.0
2024-08-21 10:46:00,SGML,11.164999961853027,11.164999961853027,11.164999961853027,11.164999961853027,11.164999961853027,115.0
2024-08-21 10:46:00,SSRM,5.355000019073486,5.355000019073486,5.355000019073486,5.335000038146973,5.335000038146973,5357.0
2024-08-21 10:46:00,STLD,117.875,117.875,117.875,117.875,117.875,211.0
2024-08-21 10:47:00,ASTL,9.630000114440918,9.630000114440918,9.630000114440918,9.619999885559082,9.619999885559082,1400.0
2024-08-21 10:47:00,CENX,14.734999656677246,14.734999656677246,14.75,14.734999656677246,14.75,1060.0
2024-08-21 10:47:00,ELBM,0.5200999975204468,0.5200999975204468,0.5200999975204468,0.5151000022888184,0.5151000022888184,5943.0
2024-08-21 10:47:00,FEAM,0.8788999915122986,0.8788999915122986,0.8844000101089478,0.8788999915122986,0.8844000101089478,2562.0
2024-08-21 10:47:00,GEVO,0.7597000002861023,0.7597000002861023,0.7597000002861023,0.7597000002861023,0.7597000002861023,768.0
2024-08-21 10:47:00,GPRE,13.930000305175781,13.930000305175781,13.9399995803833,13.930000305175781,13.9399995803833,1469.0
2024-08-21 10:47:00,IOSP,110.5199966430664,110.5199966430664,110.5199966430664,110.5199966430664,110.5199966430664,657.0
2024-08-21 10:47:00,KALU,71.09500122070312,71.09500122070312,71.09500122070312,71.09500122070312,71.09500122070312,299.0
2024-08-21 10:47:00,LWLG,2.6549999713897705,2.6549999713897705,2.6549999713897705,2.6549999713897705,2.6549999713897705,335.0
2024-08-21 10:47:00,METC,12.149900436401367,12.149900436401367,12.149900436401367,12.149900436401367,12.149900436401367,409.0
2024-08-21 10:47:00,NTIC,12.609999656677246,12.609999656677246,12.609999656677246,12.609999656677246,12.609999656677246,671.0
2024-08-21 10:47:00,ORGN,1.434999942779541,1.434999942779541,1.434999942779541,1.434999942779541,1.434999942779541,0.0
2024-08-21 10:47:00,PAAS,21.346799850463867,21.346799850463867,21.350000381469727,21.31999969482422,21.31999969482422,5102.0
2024-08-21 10:47:00,PLL,8.633500099182129,8.633500099182129,8.64799976348877,8.630000114440918,8.64799976348877,1136.0
2024-08-21 10:47:00,PPTA,8.555000305175781,8.555000305175781,8.555000305175781,8.550000190734863,8.550000190734863,1429.0
2024-08-21 10:47:00,RGLD,139.61399841308594,139.61399841308594,139.61399841308594,139.61399841308594,139.61399841308594,153.0
2024-08-21 10:47:00,SEED,2.319999933242798,2.319999933242798,2.319999933242798,2.299999952316284,2.299999952316284,616.0
2024-08-21 10:47:00,SGML,11.140000343322754,11.140000343322754,11.15999984741211,11.140000343322754,11.15999984741211,3049.0
2024-08-21 10:47:00,SSRM,5.355000019073486,5.355000019073486,5.355000019073486,5.355000019073486,5.355000019073486,5607.0
2024-08-21 10:47:00,STLD,117.78500366210938,117.78500366210938,117.80999755859375,117.78500366210938,117.80999755859375,1702.0
2024-08-21 10:47:00,TMC,1.0499999523162842,1.0499999523162842,1.0499999523162842,1.0449999570846558,1.0449999570846558,1664.0
2024-08-21 10:47:00,ZEUS,41.0099983215332,41.0099983215332,41.029998779296875,41.0099983215332,41.029998779296875,883.0
2024-08-21 10:48:00,ASTL,9.630000114440918,9.630000114440918,9.630000114440918,9.630000114440918,9.630000114440918,4946.0
2024-08-21 10:48:00,CENX,14.734999656677246,14.734999656677246,14.734999656677246,14.734999656677246,14.734999656677246,795.0
2024-08-21 10:48:00,FEAM,0.8788999915122986,0.8788999915122986,0.8844000101089478,0.8788999915122986,0.8844000101089478,4715.0
2024-08-21 10:48:00,GEVO,0.7566999793052673,0.7566999793052673,0.7599999904632568,0.7566999793052673,0.7598999738693237,5279.0
2024-08-21 10:48:00,GPRE,13.864999771118164,13.864999771118164,13.880000114440918,13.864999771118164,13.880000114440918,4378.0
2024-08-21 10:48:00,HDSN,8.0,8.0,8.039999961853027,8.0,8.039999961853027,6161.0
2024-08-21 10:48:00,HWKN,120.92500305175781,120.92500305175781,120.92500305175781,120.92500305175781,120.92500305175781,156.0
2024-08-21 10:48:00,HYMCL,0.024000000208616257,0.024000000208616257,0.024000000208616257,0.024000000208616257,0.024000000208616257,2000.0
2024-08-21 10:48:00,LGO,1.878000020980835,1.878000020980835,1.878000020980835,1.878000020980835,1.878000020980835,338.0
2024-08-21 10:48:00,LWLG,2.6500000953674316,2.6500000953674316,2.6500000953674316,2.6500000953674316,2.6500000953674316,200.0
2024-08-21 10:48:00,MEOH,44.7599983215332,44.7599983215332,44.7599983215332,44.7599983215332,44.7599983215332,520.0
2024-08-21 10:48:00,MERC,6.170000076293945,6.170000076293945,6.190000057220459,6.170000076293945,6.179999828338623,4482.0
2024-08-21 10:48:00,METC,12.128000259399414,12.128000259399414,12.128000259399414,12.128000259399414,12.128000259399414,418.0
2024-08-21 10:48:00,ORGN,1.440000057220459,1.440000057220459,1.440000057220459,1.440000057220459,1.440000057220459,490.0
2024-08-21 10:48:00,PAAS,21.350000381469727,21.350000381469727,21.354999542236328,21.33009910583496,21.34000015258789,3057.0
2024-08-21 10:48:00,PLL,8.630000114440918,8.630000114440918,8.630000114440918,8.619999885559082,8.619999885559082,822.0
2024-08-21 10:48:00,PPTA,8.539999961853027,8.539999961853027,8.550000190734863,8.510000228881836,8.529999732971191,1288.0
2024-08-21 10:48:00,SGML,11.130000114440918,11.130000114440918,11.140000343322754,11.130000114440918,11.140000343322754,1580.0
2024-08-21 10:48:00,SNES,4.540800094604492,4.540800094604492,4.540800094604492,4.539999961853027,4.539999961853027,964.0
2024-08-21 10:48:00,SSRM,5.360000133514404,5.360000133514404,5.360000133514404,5.355000019073486,5.355000019073486,1448.0
2024-08-21 10:48:00,STLD,117.74749755859375,117.74749755859375,117.78500366210938,117.66000366210938,117.78500366210938,3593.0
2024-08-21 10:48:00,USAP,39.43000030517578,39.43000030517578,39.56999969482422,39.400001525878906,39.529998779296875,5866.0
2024-08-21 10:48:00,ZEUS,40.95500183105469,40.95500183105469,40.95500183105469,40.95500183105469,40.95500183105469,127.0
2024-08-21 10:49:00,ASTL,9.640000343322754,9.640000343322754,9.649999618530273,9.640000343322754,9.640000343322754,1059.0
2024-08-21 10:49:00,BCPC,168.4799041748047,168.4799041748047,168.4799041748047,168.4799041748047,168.4799041748047,1216.0
2024-08-21 10:49:00,CENX,14.729999542236328,14.729999542236328,14.734999656677246,14.720000267028809,14.720000267028809,1054.0
2024-08-21 10:49:00,ELBM,0.5202000141143799,0.5202000141143799,0.5249000191688538,0.517799973487854,0.5249000191688538,14999.0
2024-08-21 10:49:00,GEVO,0.7566999793052673,0.7566999793052673,0.7566999793052673,0.7566999793052673,0.7566999793052673,311.0
2024-08-21 10:49:00,HDSN,8.020000457763672,8.020000457763672,8.020000457763672,8.0,8.0,683.0
2024-08-21 10:49:00,LWLG,2.6549999713897705,2.6549999713897705,2.6549999713897705,2.6549999713897705,2.6549999713897705,200.0
2024-08-21 10:49:00,MERC,6.159999847412109,6.159999847412109,6.159999847412109,6.159999847412109,6.159999847412109,334.0
2024-08-21 10:49:00,METC,12.154999732971191,12.154999732971191,12.154999732971191,12.154999732971191,12.154999732971191,200.0
2024-08-21 10:49:00,ORGN,1.434999942779541,1.434999942779541,1.434999942779541,1.434999942779541,1.434999942779541,588.0
2024-08-21 10:49:00,PAAS,21.360000610351562,21.360000610351562,21.360000610351562,21.350000381469727,21.350000381469727,2462.0
2024-08-21 10:49:00,PLL,8.619999885559082,8.619999885559082,8.619999885559082,8.619999885559082,8.619999885559082,887.0
2024-08-21 10:49:00,PPTA,8.580900192260742,8.580900192260742,8.580900192260742,8.579999923706055,8.579999923706055,320.0
2024-08-21 10:49:00,RGLD,139.5500030517578,139.5500030517578,139.5500030517578,139.5500030517578,139.5500030517578,270.0
2024-08-21 10:49:00,SGML,11.114999771118164,11.114999771118164,11.119999885559082,11.095600128173828,11.119999885559082,1892.0
2024-08-21 10:49:00,SSRM,5.364999771118164,5.364999771118164,5.364999771118164,5.349999904632568,5.355000019073486,14257.0
2024-08-21 10:49:00,STLD,117.72000122070312,117.72000122070312,117.72000122070312,117.72000122070312,117.72000122070312,1506.0
2024-08-21 10:49:00,USAP,39.43000030517578,39.43000030517578,39.43000030517578,39.43000030517578,39.43000030517578,1856.0
2024-08-21 10:50:00,ASTL,9.630000114440918,9.630000114440918,9.635000228881836,9.630000114440918,9.635000228881836,1548.0
2024-08-21 10:50:00,BIOX,10.170000076293945,10.170000076293945,10.170000076293945,10.170000076293945,10.170000076293945,0.0
2024-08-21 10:50:00,CENX,14.710000038146973,14.710000038146973,14.729999542236328,14.710000038146973,14.729999542236328,2134.0
2024-08-21 10:50:00,GEVO,0.755299985408783,0.755299985408783,0.755299985408783,0.755299985408783,0.755299985408783,200.0
2024-08-21 10:50:00,GSM,4.41480016708374,4.41480016708374,4.420000076293945,4.41480016708374,4.420000076293945,3940.0
2024-08-21 10:50:00,HDSN,8.020000457763672,8.020000457763672,8.020000457763672,8.015000343322754,8.015000343322754,570.0
2024-08-21 10:50:00,HWKN,120.5199966430664,120.5199966430664,120.5199966430664,120.5199966430664,120.5199966430664,535.0
2024-08-21 10:50:00,HYMC,2.4200000762939453,2.4200000762939453,2.4200000762939453,2.4200000762939453,2.4200000762939453,323.0
2024-08-21 10:50:00,HYMCL,0.024900000542402267,0.024900000542402267,0.024900000542402267,0.024900000542402267,0.024900000542402267,1318.0
2024-08-21 10:50:00,KALU,70.87000274658203,70.87000274658203,70.87000274658203,70.70999908447266,70.70999908447266,588.0
2024-08-21 10:50:00,LWLG,2.6549999713897705,2.6549999713897705,2.6549999713897705,2.6500000953674316,2.6500000953674316,2000.0
2024-08-21 10:50:00,MEOH,44.70000076293945,44.70000076293945,44.70000076293945,44.70000076293945,44.70000076293945,108.0
2024-08-21 10:50:00,METC,12.109999656677246,12.109999656677246,12.1899995803833,12.109999656677246,12.1899995803833,5162.0
2024-08-21 10:50:00,ORGN,1.434999942779541,1.434999942779541,1.440000057220459,1.434999942779541,1.434999942779541,3778.0
2024-08-21 10:50:00,PAAS,21.360000610351562,21.360000610351562,21.375,21.350000381469727,21.350000381469727,6958.0
2024-08-21 10:50:00,PLL,8.644200325012207,8.644200325012207,8.645000457763672,8.640000343322754,8.640000343322754,599.0
2024-08-21 10:50:00,PPTA,8.607999801635742,8.607999801635742,8.630000114440918,8.607999801635742,8.619999885559082,386.0
2024-08-21 10:50:00,RGLD,139.47000122070312,139.47000122070312,139.47000122070312,139.47000122070312,139.47000122070312,538.0
2024-08-21 10:50:00,SGML,11.109999656677246,11.109999656677246,11.130000114440918,11.109999656677246,11.109999656677246,4139.0
2024-08-21 10:50:00,SSRM,5.368299961090088,5.368299961090088,5.368299961090088,5.34499979019165,5.360000133514404,26371.0
2024-08-21 10:50:00,STLD,117.60250091552734,117.60250091552734,117.70500183105469,117.58999633789062,117.68000030517578,2894.0
2024-08-21 10:50:00,USAP,39.43000030517578,39.43000030517578,39.43000030517578,39.43000030517578,39.43000030517578,975.0
2024-08-21 10:50:00,ZEUS,41.0,41.0,41.0,41.0,41.0,1278.0
2024-08-21 10:51:00,ASTL,9.630000114440918,9.630000114440918,9.640999794006348,9.609999656677246,9.630000114440918,4544.0
2024-08-21 10:51:00,CENX,14.689900398254395,14.689900398254395,14.689900398254395,14.689900398254395,14.689900398254395,200.0
2024-08-21 10:51:00,CRKN,1.809999942779541,1.809999942779541,1.809999942779541,1.809999942779541,1.809999942779541,1588.0
2024-08-21 10:51:00,GEVO,0.755299985408783,0.755299985408783,0.755299985408783,0.755299985408783,0.755299985408783,61.0
2024-08-21 10:51:00,GPRE,13.800000190734863,13.800000190734863,13.803000450134277,13.800000190734863,13.803000450134277,1411.0
2024-08-21 10:51:00,GSM,4.409999847412109,4.409999847412109,4.414999961853027,4.409999847412109,4.414999961853027,422.0
2024-08-21 10:51:00,HDSN,8.029999732971191,8.029999732971191,8.029999732971191,8.029999732971191,8.029999732971191,101.0
2024-08-21 10:51:00,LGO,1.8880000114440918,1.8880000114440918,1.8880000114440918,1.8799999952316284,1.8799999952316284,272.0
2024-08-21 10:51:00,LITM,0.4300000071525574,0.4300000071525574,0.4300000071525574,0.4300000071525574,0.4300000071525574,3239.0
2024-08-21 10:51:00,LWLG,2.6549999713897705,2.6549999713897705,2.6549999713897705,2.6549999713897705,2.6549999713897705,0.0
2024-08-21 10:51:00,MEOH,44.630001068115234,44.630001068115234,44.63999938964844,44.630001068115234,44.63999938964844,1108.0
2024-08-21 10:51:00,MERC,6.170000076293945,6.170000076293945,6.170000076293945,6.170000076293945,6.170000076293945,166.0
2024-08-21 10:51:00,ORGN,1.4191999435424805,1.4191999435424805,1.4249999523162842,1.4149999618530273,1.4249999523162842,7472.0
2024-08-21 10:51:00,PAAS,21.360000610351562,21.360000610351562,21.360000610351562,21.350000381469727,21.350000381469727,1372.0
2024-08-21 10:51:00,PLL,8.630000114440918,8.630000114440918,8.65999984741211,8.630000114440918,8.65999984741211,960.0
2024-08-21 10:51:00,PPTA,8.59160041809082,8.59160041809082,8.59160041809082,8.59160041809082,8.59160041809082,305.0
2024-08-21 10:51:00,SGML,11.170000076293945,11.170000076293945,11.170000076293945,11.109999656677246,11.109999656677246,3109.0
2024-08-21 10:51:00,SSRM,5.355000019073486,5.355000019073486,5.360000133514404,5.355000019073486,5.360000133514404,1459.0
2024-08-21 10:52:00,ALTO,1.440000057220459,1.440000057220459,1.440000057220459,1.434999942779541,1.434999942779541,224.0
2024-08-21 10:52:00,ASTL,9.619999885559082,9.619999885559082,9.625,9.619999885559082,9.625,535.0
2024-08-21 10:52:00,CENX,14.704999923706055,14.704999923706055,14.710000038146973,14.675000190734863,14.675000190734863,10893.0
2024-08-21 10:52:00,GEVO,0.7594000101089478,0.7594000101089478,0.7594000101089478,0.755299985408783,0.755299985408783,4163.0
2024-08-21 10:52:00,GPRE,13.795000076293945,13.795000076293945,13.795000076293945,13.795000076293945,13.795000076293945,1852.0
2024-08-21 10:52:00,GSM,4.409999847412109,4.409999847412109,4.409999847412109,4.409999847412109,4.409999847412109,117.0
2024-08-21 10:52:00,HDSN,8.0,8.0,8.0,8.0,8.0,1095.0
2024-08-21 10:52:00,HWKN,120.30000305175781,120.30000305175781,120.30000305175781,120.30000305175781,120.30000305175781,273.0
2024-08-21 10:52:00,IOSP,109.9800033569336,109.9800033569336,109.9800033569336,109.83000183105469,109.83000183105469,700.0
2024-08-21 10:52:00,LWLG,2.619999885559082,2.619999885559082,2.6500000953674316,2.619999885559082,2.6500000953674316,8953.0
2024-08-21 10:52:00,METC,12.109999656677246,12.109999656677246,12.109999656677246,12.09000015258789,12.100000381469727,4606.0
2024-08-21 10:52:00,ORGN,1.4005999565124512,1.4005999565124512,1.4199999570846558,1.399999976158142,1.4149999618530273,18937.0
2024-08-21 10:52:00,PAAS,21.3799991607666,21.3799991607666,21.3799991607666,21.329999923706055,21.340099334716797,9544.0
2024-08-21 10:52:00,PLL,8.678199768066406,8.678199768066406,8.67959976196289,8.630000114440918,8.630000114440918,3348.0
2024-08-21 10:52:00,PPTA,8.613699913024902,8.613699913024902,8.613699913024902,8.579999923706055,8.59000015258789,1156.0
2024-08-21 10:52:00,RGLD,139.4550018310547,139.4550018310547,139.4550018310547,139.4550018310547,139.4550018310547,1064.0
2024-08-21 10:52:00,SGML,11.170000076293945,11.170000076293945,11.1899995803833,11.170000076293945,11.1899995803833,1956.0
2024-08-21 10:52:00,SSRM,5.355000019073486,5.355000019073486,5.355000019073486,5.34499979019165,5.349999904632568,6032.0
2024-08-21 10:52:00,STLD,117.58999633789062,117.58999633789062,117.58999633789062,117.58999633789062,117.58999633789062,1561.0
2024-08-21 10:52:00,TMC,1.0499999523162842,1.0499999523162842,1.0499999523162842,1.047700047492981,1.047700047492981,3397.0
2024-08-21 10:52:00,USAP,39.42499923706055,39.42499923706055,39.42499923706055,39.41749954223633,39.42499923706055,450.0
2024-08-21 10:52:00,USLM,77.7699966430664,77.7699966430664,77.7699966430664,77.7699966430664,77.7699966430664,298.0
2024-08-21 10:53:00,ASTL,9.619999885559082,9.619999885559082,9.619999885559082,9.619999885559082,9.619999885559082,158.0
2024-08-21 10:53:00,CENX,14.75,14.75,14.75,14.720000267028809,14.720000267028809,1392.0
2024-08-21 10:53:00,CRKN,1.8046000003814697,1.8046000003814697,1.8049999475479126,1.7994999885559082,1.8049999475479126,2572.0
2024-08-21 10:53:00,GSM,4.414999961853027,4.414999961853027,4.414999961853027,4.409999847412109,4.414999961853027,1331.0
2024-08-21 10:53:00,LWLG,2.619999885559082,2.619999885559082,2.619999885559082,2.619999885559082,2.619999885559082,441.0
2024-08-21 10:53:00,METC,12.079999923706055,12.079999923706055,12.101200103759766,12.0600004196167,12.080100059509277,7192.0
2024-08-21 10:53:00,ORGN,1.4003000259399414,1.4003000259399414,1.4049999713897705,1.4000999927520752,1.4000999927520752,5846.0
2024-08-21 10:53:00,PAAS,21.354999542236328,21.354999542236328,21.389999389648438,21.354999542236328,21.3700008392334,6221.0
2024-08-21 10:53:00,PPTA,8.60420036315918,8.60420036315918,8.60420036315918,8.60420036315918,8.60420036315918,258.0
2024-08-21 10:53:00,SGML,11.180000305175781,11.180000305175781,11.180000305175781,11.180000305175781,11.180000305175781,591.0
2024-08-21 10:53:00,SSRM,5.349999904632568,5.349999904632568,5.355000019073486,5.349999904632568,5.355000019073486,1109.0
2024-08-21 10:53:00,TMC,1.0499999523162842,1.0499999523162842,1.0499999523162842,1.0499999523162842,1.0499999523162842,1379.0
2024-08-21 10:53:00,UFPI,119.54000091552734,119.54000091552734,119.54000091552734,119.54000091552734,119.54000091552734,887.0
2024-08-21 10:54:00,ASTL,9.619999885559082,9.619999885559082,9.619999885559082,9.619999885559082,9.619999885559082,402.0
2024-08-21 10:54:00,CENX,14.729999542236328,14.729999542236328,14.75,14.729999542236328,14.75,1218.0
2024-08-21 10:54:00,FEAM,0.8610000014305115,0.8610000014305115,0.8734999895095825,0.8601999878883362,0.8700000047683716,7589.0
2024-08-21 10:54:00,GEVO,0.7559999823570251,0.7559999823570251,0.7594000101089478,0.755299985408783,0.755299985408783,12129.0
2024-08-21 10:54:00,GPRE,13.779999732971191,13.779999732971191,13.779999732971191,13.779999732971191,13.779999732971191,1179.0
2024-08-21 10:54:00,GSM,4.409999847412109,4.409999847412109,4.409999847412109,4.409999847412109,4.409999847412109,305.0
2024-08-21 10:54:00,HDSN,8.015000343322754,8.015000343322754,8.015000343322754,8.0,8.0,341.0
2024-08-21 10:54:00,HWKN,120.33999633789062,120.33999633789062,120.33999633789062,120.33999633789062,120.33999633789062,242.0
2024-08-21 10:54:00,LGO,1.8899999856948853,1.8899999856948853,1.8899999856948853,1.8899999856948853,1.8899999856948853,212.0
2024-08-21 10:54:00,LWLG,2.619999885559082,2.619999885559082,2.619999885559082,2.619999885559082,2.619999885559082,420.0
2024-08-21 10:54:00,MEOH,44.630001068115234,44.630001068115234,44.630001068115234,44.619998931884766,44.630001068115234,879.0
2024-08-21 10:54:00,MERC,6.15500020980835,6.15500020980835,6.159999847412109,6.15500020980835,6.159999847412109,806.0
2024-08-21 10:54:00,ORGN,1.3949999809265137,1.3949999809265137,1.409999966621399,1.3949999809265137,1.4049999713897705,11987.0
2024-08-21 10:54:00,PAAS,21.344999313354492,21.344999313354492,21.350000381469727,21.334999084472656,21.350000381469727,2327.0
2024-08-21 10:54:00,PLL,8.65999984741211,8.65999984741211,8.670000076293945,8.65999984741211,8.670000076293945,3007.0
2024-08-21 10:54:00,SGML,11.145000457763672,11.145000457763672,11.164999961853027,11.145000457763672,11.149999618530273,1287.0
2024-08-21 10:54:00,SMID,33.900001525878906,33.900001525878906,33.900001525878906,33.900001525878906,33.900001525878906,314.0
2024-08-21 10:54:00,SSRM,5.349999904632568,5.349999904632568,5.355000019073486,5.349999904632568,5.355000019073486,1284.0
2024-08-21 10:54:00,STLD,117.58999633789062,117.58999633789062,117.58999633789062,117.58999633789062,117.58999633789062,1240.0
2024-08-21 10:55:00,ACNT,10.010000228881836,10.010000228881836,10.010000228881836,10.010000228881836,10.010000228881836,218.0
2024-08-21 10:55:00,ASTL,9.614999771118164,9.614999771118164,9.625,9.614999771118164,9.625,1163.0
2024-08-21 10:55:00,CENX,14.6899995803833,14.6899995803833,14.729999542236328,14.6899995803833,14.729999542236328,6193.0
2024-08-21 10:55:00,GEVO,0.7591000199317932,0.7591000199317932,0.7591000199317932,0.7559999823570251,0.7559999823570251,5099.0
2024-08-21 10:55:00,GPRE,13.760000228881836,13.760000228881836,13.760000228881836,13.760000228881836,13.760000228881836,432.0
2024-08-21 10:55:00,GSM,4.414999961853027,4.414999961853027,4.414999961853027,4.414999961853027,4.414999961853027,400.0
2024-08-21 10:55:00,HWKN,120.41500091552734,120.41500091552734,120.41500091552734,120.3949966430664,120.3949966430664,542.0
2024-08-21 10:55:00,LWLG,2.619999885559082,2.619999885559082,2.619999885559082,2.619999885559082,2.619999885559082,1355.0
2024-08-21 10:55:00,MERC,6.170000076293945,6.170000076293945,6.170000076293945,6.159999847412109,6.159999847412109,1356.0
2024-08-21 10:55:00,METC,12.070300102233887,12.070300102233887,12.070300102233887,12.070300102233887,12.070300102233887,344.0
2024-08-21 10:55:00,ORGN,1.398900032043457,1.398900032043457,1.398900032043457,1.398900032043457,1.398900032043457,1070.0
2024-08-21 10:55:00,PAAS,21.309999465942383,21.309999465942383,21.31999969482422,21.309999465942383,21.31999969482422,755.0
2024-08-21 10:55:00,PLL,8.619999885559082,8.619999885559082,8.649999618530273,8.619999885559082,8.649999618530273,2101.0
2024-08-21 10:55:00,PPTA,8.595600128173828,8.595600128173828,8.595600128173828,8.595600128173828,8.595600128173828,271.0
2024-08-21 10:55:00,SGML,11.169899940490723,11.169899940490723,11.169899940490723,11.1496000289917,11.149999618530273,1855.0
2024-08-21 10:55:00,SMID,33.912498474121094,33.912498474121094,33.912498474121094,33.912498474121094,33.912498474121094,104.0
2024-08-21 10:55:00,SSRM,5.340000152587891,5.340000152587891,5.349999904632568,5.340000152587891,5.349999904632568,9964.0
2024-08-21 10:55:00,USAP,39.42499923706055,39.42499923706055,39.42499923706055,39.42499923706055,39.42499923706055,813.0
2024-08-21 10:55:00,ZEUS,40.9900016784668,40.9900016784668,40.9900016784668,40.9900016784668,40.9900016784668,252.0
2024-08-21 10:56:00,ASTL,9.609999656677246,9.609999656677246,9.609999656677246,9.604999542236328,9.604999542236328,724.0
2024-08-21 10:56:00,CENX,14.680000305175781,14.680000305175781,14.6850004196167,14.680000305175781,14.6850004196167,863.0
2024-08-21 10:56:00,GSM,4.418900012969971,4.418900012969971,4.418900012969971,4.418900012969971,4.418900012969971,670.0
2024-08-21 10:56:00,LWLG,2.619999885559082,2.619999885559082,2.619999885559082,2.619999885559082,2.619999885559082,222.0
2024-08-21 10:56:00,MERC,6.150000095367432,6.150000095367432,6.164999961853027,6.150000095367432,6.164999961853027,966.0
2024-08-21 10:56:00,METC,12.050000190734863,12.050000190734863,12.069999694824219,12.050000190734863,12.069999694824219,1862.0
2024-08-21 10:56:00,ORGN,1.3949999809265137,1.3949999809265137,1.399999976158142,1.3949999809265137,1.3949999809265137,4995.0
2024-08-21 10:56:00,PAAS,21.299999237060547,21.299999237060547,21.299999237060547,21.295000076293945,21.299999237060547,3104.0
2024-08-21 10:56:00,PLL,8.619999885559082,8.619999885559082,8.619999885559082,8.619999885559082,8.619999885559082,603.0
2024-08-21 10:56:00,PPTA,8.604000091552734,8.604000091552734,8.604000091552734,8.579999923706055,8.579999923706055,1260.0
2024-08-21 10:56:00,SGML,11.149999618530273,11.149999618530273,11.149999618530273,11.149999618530273,11.149999618530273,197.0
2024-08-21 10:56:00,SSRM,5.324999809265137,5.324999809265137,5.329999923706055,5.324999809265137,5.329999923706055,2877.0
2024-08-21 10:57:00,ASTL,9.614999771118164,9.614999771118164,9.614999771118164,9.614999771118164,9.614999771118164,267.0
2024-08-21 10:57:00,CENX,14.65999984741211,14.65999984741211,14.65999984741211,14.65999984741211,14.65999984741211,334.0
2024-08-21 10:57:00,GPRE,13.75,13.75,13.765000343322754,13.75,13.765000343322754,415.0
2024-08-21 10:57:00,HDSN,8.020000457763672,8.020000457763672,8.020000457763672,8.020000457763672,8.020000457763672,250.0
2024-08-21 10:57:00,HWKN,120.11000061035156,120.11000061035156,120.11000061035156,120.11000061035156,120.11000061035156,185.0
2024-08-21 10:57:00,HYMCL,0.02500000037252903,0.02500000037252903,0.02500000037252903,0.02500000037252903,0.02500000037252903,2900.0
2024-08-21 10:57:00,IOSP,109.75499725341797,109.75499725341797,109.9800033569336,109.68000030517578,109.9800033569336,2083.0
2024-08-21 10:57:00,LWLG,2.625,2.625,2.625,2.619999885559082,2.619999885559082,218.0
2024-08-21 10:57:00,MEOH,44.619998931884766,44.619998931884766,44.619998931884766,44.619998931884766,44.619998931884766,411.0
2024-08-21 10:57:00,METC,12.019599914550781,12.019599914550781,12.029999732971191,12.00100040435791,12.020000457763672,4512.0
2024-08-21 10:57:00,ORGN,1.3949999809265137,1.3949999809265137,1.399999976158142,1.3949999809265137,1.399999976158142,2410.0
2024-08-21 10:57:00,PAAS,21.30500030517578,21.30500030517578,21.30500030517578,21.280000686645508,21.290000915527344,3914.0
2024-08-21 10:57:00,PLL,8.649999618530273,8.649999618530273,8.649999618530273,8.635000228881836,8.635000228881836,757.0
2024-08-21 10:57:00,SGML,11.170000076293945,11.170000076293945,11.180000305175781,11.149999618530273,11.149999618530273,3310.0
2024-08-21 10:57:00,SSRM,5.315000057220459,5.315000057220459,5.320000171661377,5.309999942779541,5.320000171661377,3706.0
2024-08-21 10:57:00,ZEUS,40.974998474121094,40.974998474121094,40.974998474121094,40.85499954223633,40.970001220703125,1695.0
2024-08-21 10:57:00,ZKIN,0.4860000014305115,0.4860000014305115,0.5009999871253967,0.4860000014305115,0.5009999871253967,1632.0
2024-08-21 10:58:00,CENX,14.654999732971191,14.654999732971191,14.6850004196167,14.654999732971191,14.680000305175781,3026.0
2024-08-21 10:58:00,GEVO,0.7515000104904175,0.7515000104904175,0.7515000104904175,0.7468000054359436,0.7468000054359436,4191.0
2024-08-21 10:58:00,GPRE,13.765000343322754,13.765000343322754,13.765000343322754,13.765000343322754,13.765000343322754,605.0
2024-08-21 10:58:00,GSM,4.409999847412109,4.409999847412109,4.414999961853027,4.409999847412109,4.409999847412109,1167.0
2024-08-21 10:58:00,HDSN,8.010000228881836,8.010000228881836,8.029999732971191,8.010000228881836,8.029999732971191,1946.0
2024-08-21 10:58:00,HWKN,120.38999938964844,120.38999938964844,120.38999938964844,120.38999938964844,120.38999938964844,319.0
2024-08-21 10:58:00,IOSP,109.56999969482422,109.56999969482422,109.66000366210938,109.56999969482422,109.66000366210938,1111.0
2024-08-21 10:58:00,IPX,15.199999809265137,15.199999809265137,15.199999809265137,15.199999809265137,15.199999809265137,55.0
2024-08-21 10:58:00,LWLG,2.630000114440918,2.630000114440918,2.630000114440918,2.630000114440918,2.630000114440918,1642.0
2024-08-21 10:58:00,MEOH,44.650001525878906,44.650001525878906,44.66999816894531,44.650001525878906,44.650001525878906,1154.0
2024-08-21 10:58:00,MERC,6.170000076293945,6.170000076293945,6.170000076293945,6.170000076293945,6.170000076293945,450.0
2024-08-21 10:58:00,METC,11.989999771118164,11.989999771118164,12.010000228881836,11.970000267028809,12.005000114440918,5181.0
2024-08-21 10:58:00,ORGN,1.3902000188827515,1.3902000188827515,1.399999976158142,1.3901000022888184,1.399899959564209,12773.0
2024-08-21 10:58:00,PAAS,21.325000762939453,21.325000762939453,21.325000762939453,21.309999465942383,21.309999465942383,809.0
2024-08-21 10:58:00,PLL,8.65999984741211,8.65999984741211,8.65999984741211,8.65999984741211,8.65999984741211,3283.0
2024-08-21 10:58:00,RGLD,139.30999755859375,139.30999755859375,139.3730010986328,139.30999755859375,139.3730010986328,752.0
2024-08-21 10:58:00,SGML,11.104999542236328,11.104999542236328,11.180000305175781,11.09000015258789,11.180000305175781,9369.0
2024-08-21 10:58:00,SMID,33.969600677490234,33.969600677490234,33.969600677490234,33.969600677490234,33.969600677490234,101.0
2024-08-21 10:58:00,SSRM,5.320000171661377,5.320000171661377,5.320000171661377,5.309999942779541,5.309999942779541,11928.0
2024-08-21 10:58:00,STLD,117.6500015258789,117.6500015258789,117.6500015258789,117.6500015258789,117.6500015258789,1158.0
2024-08-21 10:58:00,TMC,1.0700000524520874,1.0700000524520874,1.0700000524520874,1.0499999523162842,1.0499999523162842,12734.0
2024-08-21 10:59:00,ALTO,1.4399000406265259,1.4399000406265259,1.4399000406265259,1.4399000406265259,1.4399000406265259,428.0
2024-08-21 10:59:00,ASTL,9.640000343322754,9.640000343322754,9.640000343322754,9.619999885559082,9.619999885559082,953.0
2024-08-21 10:59:00,CENX,14.649999618530273,14.649999618530273,14.649999618530273,14.630000114440918,14.649999618530273,1946.0
2024-08-21 10:59:00,GEVO,0.7540000081062317,0.7540000081062317,0.7540000081062317,0.7515000104904175,0.7515000104904175,1408.0
2024-08-21 10:59:00,GPRE,13.765000343322754,13.765000343322754,13.765000343322754,13.750100135803223,13.750100135803223,1081.0
2024-08-21 10:59:00,GSM,4.409999847412109,4.409999847412109,4.409999847412109,4.409999847412109,4.409999847412109,308.0
2024-08-21 10:59:00,HDSN,8.010000228881836,8.010000228881836,8.010000228881836,8.010000228881836,8.010000228881836,166.0
2024-08-21 10:59:00,HYMC,2.463599920272827,2.463599920272827,2.463599920272827,2.463599920272827,2.463599920272827,352.0
2024-08-21 10:59:00,LWLG,2.630000114440918,2.630000114440918,2.630000114440918,2.630000114440918,2.630000114440918,291.0
2024-08-21 10:59:00,METC,11.989999771118164,11.989999771118164,12.010000228881836,11.989999771118164,12.010000228881836,762.0
2024-08-21 10:59:00,ORGN,1.3899999856948853,1.3899999856948853,1.399999976158142,1.3899999856948853,1.3901000022888184,1580.0
2024-08-21 10:59:00,PAAS,21.315000534057617,21.315000534057617,21.32430076599121,21.315000534057617,21.32430076599121,4939.0
2024-08-21 10:59:00,PPTA,8.605600357055664,8.605600357055664,8.605600357055664,8.605600357055664,8.605600357055664,450.0
2024-08-21 10:59:00,SGML,11.109999656677246,11.109999656677246,11.130000114440918,11.100000381469727,11.130000114440918,2452.0
2024-08-21 10:59:00,SSRM,5.320000171661377,5.320000171661377,5.320000171661377,5.315000057220459,5.320000171661377,3867.0
2024-08-21 10:59:00,TMC,1.0700000524520874,1.0700000524520874,1.0700000524520874,1.069700002670288,1.0700000524520874,1245.0
2024-08-21 11:00:00,ASTL,9.630000114440918,9.630000114440918,9.635000228881836,9.630000114440918,9.635000228881836,310.0
2024-08-21 11:00:00,CENX,14.680000305175781,14.680000305175781,14.680000305175781,14.63010025024414,14.63010025024414,1949.0
2024-08-21 11:00:00,GEVO,0.7540000081062317,0.7540000081062317,0.7541000247001648,0.7540000081062317,0.7541000247001648,2106.0
2024-08-21 11:00:00,GPRE,13.75,13.75,13.75,13.75,13.75,659.0
2024-08-21 11:00:00,HDSN,8.0,8.0,8.0,8.0,8.0,241.0
2024-08-21 11:00:00,HWKN,120.56999969482422,120.56999969482422,120.56999969482422,120.1500015258789,120.1500015258789,733.0
2024-08-21 11:00:00,LWLG,2.6391000747680664,2.6391000747680664,2.6391000747680664,2.630000114440918,2.634999990463257,2352.0
2024-08-21 11:00:00,METC,12.020000457763672,12.020000457763672,12.020000457763672,11.989999771118164,11.989999771118164,856.0
2024-08-21 11:00:00,ORGN,1.3949999809265137,1.3949999809265137,1.3949999809265137,1.3899999856948853,1.3949999809265137,1589.0
2024-08-21 11:00:00,PAAS,21.34000015258789,21.34000015258789,21.344999313354492,21.309999465942383,21.309999465942383,6008.0
2024-08-21 11:00:00,PLL,8.68970012664795,8.68970012664795,8.68970012664795,8.680000305175781,8.680000305175781,311.0
2024-08-21 11:00:00,PPTA,8.604999542236328,8.604999542236328,8.604999542236328,8.600000381469727,8.600000381469727,685.0
2024-08-21 11:00:00,RETO,0.9900000095367432,0.9900000095367432,0.9900000095367432,0.9900000095367432,0.9900000095367432,4545.0
2024-08-21 11:00:00,SGML,11.109999656677246,11.109999656677246,11.12600040435791,11.109999656677246,11.12600040435791,1758.0
2024-08-21 11:00:00,SSRM,5.329999923706055,5.329999923706055,5.329999923706055,5.324999809265137,5.324999809265137,3224.0
2024-08-21 11:00:00,TMC,1.0700000524520874,1.0700000524520874,1.0700000524520874,1.0700000524520874,1.0700000524520874,200.0
2024-08-21 11:00:00,USLM,77.7300033569336,77.7300033569336,77.7300033569336,77.7300033569336,77.7300033569336,1240.0
2024-08-21 11:00:00,ZEUS,41.03499984741211,41.03499984741211,41.03499984741211,41.03499984741211,41.03499984741211,178.0
2024-08-21 11:01:00,ASTL,9.635000228881836,9.635000228881836,9.635000228881836,9.635000228881836,9.635000228881836,46.0
2024-08-21 11:01:00,CENX,14.670000076293945,14.670000076293945,14.670000076293945,14.670000076293945,14.670000076293945,204.0
2024-08-21 11:01:00,ELBM,0.5166000127792358,0.5166000127792358,0.5166000127792358,0.5166000127792358,0.5166000127792358,15204.0
2024-08-21 11:01:00,GEVO,0.7577999830245972,0.7577999830245972,0.7577999830245972,0.7577999830245972,0.7577999830245972,300.0
2024-08-21 11:01:00,HDSN,8.010000228881836,8.010000228881836,8.010000228881836,8.010000228881836,8.010000228881836,444.0
2024-08-21 11:01:00,HWKN,120.3499984741211,120.3499984741211,120.3499984741211,120.3499984741211,120.3499984741211,199.0
2024-08-21 11:01:00,LWLG,2.630000114440918,2.630000114440918,2.634999990463257,2.630000114440918,2.634999990463257,400.0
2024-08-21 11:01:00,METC,12.01990032196045,12.01990032196045,12.024800300598145,11.979999542236328,12.024800300598145,797.0
2024-08-21 11:01:00,ORGN,1.3899999856948853,1.3899999856948853,1.3949999809265137,1.3899999856948853,1.3949999809265137,2626.0
2024-08-21 11:01:00,PAAS,21.334999084472656,21.334999084472656,21.350000381469727,21.334999084472656,21.350000381469727,1044.0
2024-08-21 11:01:00,PLL,8.6899995803833,8.6899995803833,8.6899995803833,8.680399894714355,8.680399894714355,799.0
2024-08-21 11:01:00,PPTA,8.600000381469727,8.600000381469727,8.600000381469727,8.600000381469727,8.600000381469727,711.0
2024-08-21 11:01:00,RGLD,139.35499572753906,139.35499572753906,139.35499572753906,139.35499572753906,139.35499572753906,568.0
2024-08-21 11:01:00,SSRM,5.335000038146973,5.335000038146973,5.335000038146973,5.335000038146973,5.335000038146973,617.0
2024-08-21 11:01:00,TMC,1.065000057220459,1.065000057220459,1.065000057220459,1.065000057220459,1.065000057220459,171.0
2024-08-21 11:01:00,ZKIN,0.5019999742507935,0.5019999742507935,0.5019999742507935,0.5019999742507935,0.5019999742507935,1582.0
2024-08-21 11:02:00,ASTL,9.635000228881836,9.635000228881836,9.635000228881836,9.635000228881836,9.635000228881836,480.0
2024-08-21 11:02:00,CENX,14.680000305175781,14.680000305175781,14.680000305175781,14.670000076293945,14.675000190734863,1634.0
2024-08-21 11:02:00,ELBM,0.4950000047683716,0.4950000047683716,0.5109999775886536,0.4950000047683716,0.5045999884605408,27260.0
2024-08-21 11:02:00,GEVO,0.7540000081062317,0.7540000081062317,0.7540000081062317,0.7501000165939331,0.7501000165939331,201.0
2024-08-21 11:02:00,HWKN,120.70999908447266,120.70999908447266,120.70999908447266,120.70999908447266,120.70999908447266,531.0
2024-08-21 11:02:00,IPX,15.15999984741211,15.15999984741211,15.15999984741211,15.15999984741211,15.15999984741211,200.0
2024-08-21 11:02:00,LWLG,2.630000114440918,2.630000114440918,2.630000114440918,2.630000114440918,2.630000114440918,203.0
2024-08-21 11:02:00,MERC,6.169899940490723,6.169899940490723,6.169899940490723,6.169899940490723,6.169899940490723,447.0
2024-08-21 11:02:00,METC,12.055000305175781,12.055000305175781,12.055000305175781,12.0,12.0,5541.0
2024-08-21 11:02:00,ORGN,1.409999966621399,1.409999966621399,1.409999966621399,1.3949999809265137,1.3949999809265137,8177.0
2024-08-21 11:02:00,PAAS,21.34000015258789,21.34000015258789,21.34000015258789,21.325000762939453,21.329999923706055,1502.0
2024-08-21 11:02:00,PLL,8.6850004196167,8.6850004196167,8.704999923706055,8.680000305175781,8.699999809265137,9876.0
2024-08-21 11:02:00,PPTA,8.585000038146973,8.585000038146973,8.585000038146973,8.585000038146973,8.585000038146973,1150.0
2024-08-21 11:02:00,SGML,11.109999656677246,11.109999656677246,11.109999656677246,11.109999656677246,11.109999656677246,759.0
2024-08-21 11:02:00,SSRM,5.331999778747559,5.331999778747559,5.335000038146973,5.331999778747559,5.335000038146973,781.0
2024-08-21 11:02:00,TMC,1.0700000524520874,1.0700000524520874,1.0700000524520874,1.0700000524520874,1.0700000524520874,739.0
2024-08-21 11:02:00,ZEUS,41.2599983215332,41.2599983215332,41.2599983215332,41.119998931884766,41.25,1289.0
2024-08-21 11:03:00,GEVO,0.7572000026702881,0.7572000026702881,0.7572000026702881,0.7572000026702881,0.7572000026702881,5419.0
2024-08-21 11:03:00,GSM,4.409999847412109,4.409999847412109,4.409999847412109,4.409999847412109,4.409999847412109,317.0
2024-08-21 11:03:00,HDSN,8.010000228881836,8.010000228881836,8.010000228881836,8.010000228881836,8.010000228881836,232.0
2024-08-21 11:03:00,IPX,15.15999984741211,15.15999984741211,15.15999984741211,15.15999984741211,15.15999984741211,100.0
2024-08-21 11:03:00,KALU,70.69499969482422,70.69499969482422,70.69499969482422,70.69499969482422,70.69499969482422,1238.0
2024-08-21 11:03:00,LWLG,2.630000114440918,2.630000114440918,2.630000114440918,2.630000114440918,2.630000114440918,200.0
2024-08-21 11:03:00,MEOH,44.58000183105469,44.58000183105469,44.61000061035156,44.58000183105469,44.61000061035156,678.0
2024-08-21 11:03:00,METC,12.055000305175781,12.055000305175781,12.055000305175781,12.055000305175781,12.055000305175781,103.0
2024-08-21 11:03:00,ORGN,1.4299999475479126,1.4299999475479126,1.4299999475479126,1.4111000299453735,1.4111000299453735,5050.0
2024-08-21 11:03:00,SGML,11.125,11.125,11.130000114440918,11.125,11.130000114440918,1823.0
2024-08-21 11:03:00,SMID,33.939998626708984,33.939998626708984,33.939998626708984,33.939998626708984,33.939998626708984,251.0
2024-08-21 11:03:00,SSRM,5.340000152587891,5.340000152587891,5.340000152587891,5.335000038146973,5.335000038146973,1735.0
2024-08-21 11:03:00,STLD,117.69999694824219,117.69999694824219,117.72000122070312,117.69999694824219,117.72000122070312,392.0
2024-08-21 11:03:00,TMC,1.069000005722046,1.069000005722046,1.069000005722046,1.069000005722046,1.069000005722046,1323.0
2024-08-21 11:04:00,CENX,14.680000305175781,14.680000305175781,14.6850004196167,14.680000305175781,14.680000305175781,1573.0
2024-08-21 11:04:00,GPRE,13.729999542236328,13.729999542236328,13.75,13.729999542236328,13.75,487.0
2024-08-21 11:04:00,LGO,1.8980000019073486,1.8980000019073486,1.8980000019073486,1.8980000019073486,1.8980000019073486,600.0
2024-08-21 11:04:00,LWLG,2.640000104904175,2.640000104904175,2.640000104904175,2.640000104904175,2.640000104904175,712.0
2024-08-21 11:04:00,MERC,6.170000076293945,6.170000076293945,6.170000076293945,6.170000076293945,6.170000076293945,484.0
2024-08-21 11:04:00,METC,12.050000190734863,12.050000190734863,12.050000190734863,12.050000190734863,12.050000190734863,308.0
2024-08-21 11:04:00,ORGN,1.4500000476837158,1.4500000476837158,1.4500000476837158,1.440000057220459,1.440000057220459,951.0
2024-08-21 11:04:00,PAAS,21.389999389648438,21.389999389648438,21.389999389648438,21.360000610351562,21.375,6504.0
2024-08-21 11:04:00,PLL,8.680000305175781,8.680000305175781,8.695300102233887,8.680000305175781,8.695300102233887,2055.0
2024-08-21 11:04:00,RGLD,139.50999450683594,139.50999450683594,139.50999450683594,139.50999450683594,139.50999450683594,278.0
2024-08-21 11:04:00,SGML,11.125,11.125,11.130000114440918,11.125,11.130000114440918,509.0
2024-08-21 11:04:00,STLD,117.7300033569336,117.7300033569336,117.7300033569336,117.7300033569336,117.7300033569336,774.0
2024-08-21 11:04:00,TMC,1.059999942779541,1.059999942779541,1.059999942779541,1.059999942779541,1.059999942779541,1070.0
2024-08-21 11:04:00,USAU,5.410099983215332,5.410099983215332,5.410099983215332,5.410099983215332,5.410099983215332,1641.0
2024-08-21 11:04:00,ZEUS,41.18000030517578,41.18000030517578,41.18000030517578,41.18000030517578,41.18000030517578,232.0
2024-08-21 11:05:00,ASTL,9.635000228881836,9.635000228881836,9.635000228881836,9.635000228881836,9.635000228881836,111.0
2024-08-21 11:05:00,CENX,14.720000267028809,14.720000267028809,14.720000267028809,14.71500015258789,14.71500015258789,848.0
2024-08-21 11:05:00,GSM,4.414999961853027,4.414999961853027,4.420000076293945,4.414999961853027,4.420000076293945,3026.0
2024-08-21 11:05:00,HDSN,8.020000457763672,8.020000457763672,8.020000457763672,8.020000457763672,8.020000457763672,447.0
2024-08-21 11:05:00,METC,12.050000190734863,12.050000190734863,12.050000190734863,12.050000190734863,12.050000190734863,256.0
2024-08-21 11:05:00,ORGN,1.4500000476837158,1.4500000476837158,1.4500000476837158,1.430999994277954,1.4500000476837158,1724.0
2024-08-21 11:05:00,PAAS,21.40999984741211,21.40999984741211,21.40999984741211,21.399999618530273,21.399999618530273,2036.0
2024-08-21 11:05:00,PLL,8.680000305175781,8.680000305175781,8.706899642944336,8.680000305175781,8.706899642944336,2550.0
2024-08-21 11:05:00,PPTA,8.600000381469727,8.600000381469727,8.600000381469727,8.600000381469727,8.600000381469727,102.0
2024-08-21 11:05:00,SGML,11.0600004196167,11.0600004196167,11.149999618530273,11.039999961853027,11.130000114440918,26938.0
2024-08-21 11:05:00,SSRM,5.34499979019165,5.34499979019165,5.34499979019165,5.34499979019165,5.34499979019165,2238.0
2024-08-21 11:05:00,STLD,117.69999694824219,117.69999694824219,117.72000122070312,117.69999694824219,117.72000122070312,493.0
2024-08-21 11:05:00,USAP,39.79999923706055,39.79999923706055,39.79999923706055,39.56999969482422,39.58000183105469,2132.0
2024-08-21 11:06:00,ASTL,9.635000228881836,9.635000228881836,9.635000228881836,9.635000228881836,9.635000228881836,448.0
2024-08-21 11:06:00,CENX,14.71500015258789,14.71500015258789,14.71500015258789,14.71500015258789,14.71500015258789,899.0
2024-08-21 11:06:00,CRKN,1.8006999492645264,1.8006999492645264,1.8006999492645264,1.8006999492645264,1.8006999492645264,308.0
2024-08-21 11:06:00,IPX,15.170000076293945,15.170000076293945,15.170000076293945,15.170000076293945,15.170000076293945,20.0
2024-08-21 11:06:00,LGO,1.8899999856948853,1.8899999856948853,1.8899999856948853,1.8899999856948853,1.8899999856948853,308.0
2024-08-21 11:06:00,LWLG,2.640000104904175,2.640000104904175,2.640000104904175,2.640000104904175,2.640000104904175,632.0
2024-08-21 11:06:00,MEOH,44.60499954223633,44.60499954223633,44.60499954223633,44.60499954223633,44.60499954223633,1101.0
2024-08-21 11:06:00,MERC,6.210000038146973,6.210000038146973,6.21999979019165,6.175000190734863,6.175000190734863,2683.0
2024-08-21 11:06:00,METC,12.0,12.0,12.029999732971191,12.0,12.029999732971191,3477.0
2024-08-21 11:06:00,ORGN,1.440000057220459,1.440000057220459,1.440000057220459,1.440000057220459,1.440000057220459,109.0
2024-08-21 11:06:00,PAAS,21.424999237060547,21.424999237060547,21.424999237060547,21.405000686645508,21.40999984741211,1689.0
2024-08-21 11:06:00,PPTA,8.579999923706055,8.579999923706055,8.600000381469727,8.579999923706055,8.600000381469727,1364.0
2024-08-21 11:06:00,SEED,2.319999933242798,2.319999933242798,2.319999933242798,2.319999933242798,2.319999933242798,657.0
2024-08-21 11:06:00,SGML,11.0600004196167,11.0600004196167,11.079999923706055,11.0600004196167,11.079999923706055,2226.0
2024-08-21 11:06:00,SMID,34.269901275634766,34.269901275634766,34.269901275634766,34.269901275634766,34.269901275634766,164.0
2024-08-21 11:06:00,SSRM,5.355000019073486,5.355000019073486,5.360000133514404,5.34499979019165,5.34499979019165,4251.0
2024-08-21 11:06:00,STLD,117.6449966430664,117.6449966430664,117.6449966430664,117.6449966430664,117.6449966430664,376.0
2024-08-21 11:07:00,CENX,14.725000381469727,14.725000381469727,14.739999771118164,14.725000381469727,14.729999542236328,1159.0
2024-08-21 11:07:00,ELBM,0.49790000915527344,0.49790000915527344,0.49790000915527344,0.49790000915527344,0.49790000915527344,138.0
2024-08-21 11:07:00,GEVO,0.753600001335144,0.753600001335144,0.753600001335144,0.7501000165939331,0.7501000165939331,1754.0
2024-08-21 11:07:00,GPRE,13.760000228881836,13.760000228881836,13.760000228881836,13.739999771118164,13.739999771118164,509.0
2024-08-21 11:07:00,GSM,4.414999961853027,4.414999961853027,4.414999961853027,4.414999961853027,4.414999961853027,269.0
2024-08-21 11:07:00,HDSN,8.0,8.0,8.010000228881836,8.0,8.010000228881836,858.0
2024-08-21 11:07:00,HYMC,2.4200000762939453,2.4200000762939453,2.4200000762939453,2.4200000762939453,2.4200000762939453,1435.0
2024-08-21 11:07:00,METC,12.0,12.0,12.0,12.0,12.0,1354.0
2024-08-21 11:07:00,ORGN,1.4299999475479126,1.4299999475479126,1.4500000476837158,1.4299999475479126,1.440000057220459,4237.0
2024-08-21 11:07:00,PAAS,21.405000686645508,21.405000686645508,21.44499969482422,21.405000686645508,21.43000030517578,4756.0
2024-08-21 11:07:00,PLL,8.710000038146973,8.710000038146973,8.710000038146973,8.6899995803833,8.6899995803833,1226.0
2024-08-21 11:07:00,PPTA,8.573399543762207,8.573399543762207,8.579000473022461,8.573399543762207,8.579000473022461,2788.0
2024-08-21 11:07:00,SGML,11.079999923706055,11.079999923706055,11.079999923706055,11.069999694824219,11.069999694824219,2402.0
2024-08-21 11:07:00,SSRM,5.355000019073486,5.355000019073486,5.364999771118164,5.355000019073486,5.360000133514404,10347.0
2024-08-21 11:07:00,STLD,117.58000183105469,117.58000183105469,117.58000183105469,117.58000183105469,117.58000183105469,110.0
2024-08-21 11:07:00,UFPI,119.43000030517578,119.43000030517578,119.43000030517578,119.43000030517578,119.43000030517578,330.0
2024-08-21 11:07:00,USAP,39.73500061035156,39.73500061035156,39.73500061035156,39.73500061035156,39.73500061035156,719.0
2024-08-21 11:07:00,USAU,5.409999847412109,5.409999847412109,5.433199882507324,5.369999885559082,5.409999847412109,2326.0
2024-08-21 11:07:00,ZEUS,41.252498626708984,41.252498626708984,41.252498626708984,41.252498626708984,41.252498626708984,167.0
2024-08-21 11:08:00,ALTO,1.4399000406265259,1.4399000406265259,1.4399000406265259,1.4399000406265259,1.4399000406265259,1093.0
2024-08-21 11:08:00,AREC,0.5403000116348267,0.5403000116348267,0.5403000116348267,0.5403000116348267,0.5403000116348267,400.0
2024-08-21 11:08:00,CENX,14.729999542236328,14.729999542236328,14.729999542236328,14.710000038146973,14.725000381469727,1919.0
2024-08-21 11:08:00,GEVO,0.757099986076355,0.757099986076355,0.757099986076355,0.753600001335144,0.757099986076355,720.0
2024-08-21 11:08:00,GPRE,13.739999771118164,13.739999771118164,13.739999771118164,13.739999771118164,13.739999771118164,605.0
2024-08-21 11:08:00,GSM,4.409999847412109,4.409999847412109,4.409999847412109,4.409999847412109,4.409999847412109,210.0
2024-08-21 11:08:00,HDSN,8.003000259399414,8.003000259399414,8.003000259399414,8.003000259399414,8.003000259399414,596.0
2024-08-21 11:08:00,HYMCL,0.02500000037252903,0.02500000037252903,0.02500000037252903,0.02500000037252903,0.02500000037252903,2200.0
2024-08-21 11:08:00,METC,11.930000305175781,11.930000305175781,11.999899864196777,11.920000076293945,11.999899864196777,1945.0
2024-08-21 11:08:00,ORGN,1.434999942779541,1.434999942779541,1.434999942779541,1.434999942779541,1.434999942779541,1130.0
2024-08-21 11:08:00,PAAS,21.389999389648438,21.389999389648438,21.405000686645508,21.385000228881836,21.399999618530273,2909.0
2024-08-21 11:08:00,PLL,8.723999977111816,8.723999977111816,8.723999977111816,8.723999977111816,8.723999977111816,1239.0
2024-08-21 11:08:00,SGML,11.055000305175781,11.055000305175781,11.069999694824219,11.030099868774414,11.069999694824219,4487.0
2024-08-21 11:08:00,SSRM,5.34499979019165,5.34499979019165,5.355000019073486,5.34499979019165,5.355000019073486,3884.0
2024-08-21 11:08:00,STLD,117.43000030517578,117.43000030517578,117.625,117.43000030517578,117.55999755859375,3256.0
2024-08-21 11:08:00,TMC,1.0516999959945679,1.0516999959945679,1.0516999959945679,1.0516999959945679,1.0516999959945679,287.0
2024-08-21 11:09:00,ASTL,9.635000228881836,9.635000228881836,9.635000228881836,9.635000228881836,9.635000228881836,249.0
2024-08-21 11:09:00,CENX,14.720000267028809,14.720000267028809,14.720000267028809,14.720000267028809,14.720000267028809,293.0
2024-08-21 11:09:00,GEVO,0.757099986076355,0.757099986076355,0.757099986076355,0.753600001335144,0.753600001335144,269.0
2024-08-21 11:09:00,GPRE,13.744999885559082,13.744999885559082,13.744999885559082,13.744999885559082,13.744999885559082,112.0
2024-08-21 11:09:00,METC,11.970000267028809,11.970000267028809,11.979999542236328,11.90999984741211,11.90999984741211,3463.0
2024-08-21 11:09:00,ORGN,1.4450000524520874,1.4450000524520874,1.4450000524520874,1.434999942779541,1.434999942779541,2480.0
2024-08-21 11:09:00,PAAS,21.389999389648438,21.389999389648438,21.395000457763672,21.385000228881836,21.385000228881836,901.0
2024-08-21 11:09:00,PLL,8.710000038146973,8.710000038146973,8.710000038146973,8.710000038146973,8.710000038146973,1023.0
2024-08-21 11:09:00,PPTA,8.640000343322754,8.640000343322754,8.640000343322754,8.600000381469727,8.600000381469727,256.0
2024-08-21 11:09:00,RGLD,139.6822052001953,139.6822052001953,139.6822052001953,139.6822052001953,139.6822052001953,847.0
2024-08-21 11:09:00,SSRM,5.34499979019165,5.34499979019165,5.34499979019165,5.34499979019165,5.34499979019165,2591.0
2024-08-21 11:09:00,STLD,117.4749984741211,117.4749984741211,117.4749984741211,117.4749984741211,117.4749984741211,301.0
2024-08-21 11:10:00,ACNT,10.0,10.0,10.0,10.0,10.0,239.0
2024-08-21 11:10:00,CENX,14.729999542236328,14.729999542236328,14.739999771118164,14.729999542236328,14.739999771118164,626.0
2024-08-21 11:10:00,GEVO,0.753600001335144,0.753600001335144,0.753600001335144,0.753600001335144,0.753600001335144,1214.0
2024-08-21 11:10:00,GPRE,13.729999542236328,13.729999542236328,13.744999885559082,13.729999542236328,13.744999885559082,1464.0
2024-08-21 11:10:00,HDSN,8.010000228881836,8.010000228881836,8.010000228881836,8.010000228881836,8.010000228881836,503.0
2024-08-21 11:10:00,LWLG,2.6500000953674316,2.6500000953674316,2.6500000953674316,2.6500000953674316,2.6500000953674316,1515.0
2024-08-21 11:10:00,ORGN,1.4429999589920044,1.4429999589920044,1.4500000476837158,1.4429999589920044,1.4500000476837158,604.0
2024-08-21 11:10:00,PAAS,21.3799991607666,21.3799991607666,21.385000228881836,21.375,21.385000228881836,823.0
2024-08-21 11:10:00,PLL,8.6899995803833,8.6899995803833,8.699999809265137,8.6899995803833,8.699999809265137,2515.0
2024-08-21 11:10:00,PPTA,8.609999656677246,8.609999656677246,8.609999656677246,8.609999656677246,8.609999656677246,1022.0
2024-08-21 11:10:00,SGML,11.050000190734863,11.050000190734863,11.050000190734863,11.031999588012695,11.031999588012695,809.0
2024-08-21 11:10:00,SNES,4.54010009765625,4.54010009765625,4.54010009765625,4.480000019073486,4.54010009765625,1226.0
2024-08-21 11:10:00,SSRM,5.34499979019165,5.34499979019165,5.34499979019165,5.34499979019165,5.34499979019165,3775.0
2024-08-21 11:10:00,ZEUS,41.20000076293945,41.20000076293945,41.20000076293945,41.20000076293945,41.20000076293945,124.0
2024-08-21 11:11:00,ASTL,9.640000343322754,9.640000343322754,9.640000343322754,9.635000228881836,9.640000343322754,2330.0
2024-08-21 11:11:00,CENX,14.75,14.75,14.75,14.725000381469727,14.725000381469727,2177.0
2024-08-21 11:11:00,GEVO,0.753600001335144,0.753600001335144,0.753600001335144,0.753600001335144,0.753600001335144,301.0
2024-08-21 11:11:00,GPRE,13.75,13.75,13.75,13.75,13.75,414.0
2024-08-21 11:11:00,GSM,4.414999961853027,4.414999961853027,4.414999961853027,4.414999961853027,4.414999961853027,160.0
2024-08-21 11:11:00,HDSN,8.010000228881836,8.010000228881836,8.010000228881836,8.010000228881836,8.010000228881836,610.0
2024-08-21 11:11:00,HWKN,121.01000213623047,121.01000213623047,121.01000213623047,120.95999908447266,120.95999908447266,595.0
2024-08-21 11:11:00,IOSP,109.69000244140625,109.69000244140625,109.69000244140625,109.69000244140625,109.69000244140625,203.0
2024-08-21 11:11:00,LWLG,2.6500000953674316,2.6500000953674316,2.6500000953674316,2.6500000953674316,2.6500000953674316,832.0
2024-08-21 11:11:00,METC,11.979999542236328,11.979999542236328,11.979999542236328,11.979999542236328,11.979999542236328,388.0
2024-08-21 11:11:00,ORGN,1.4600000381469727,1.4600000381469727,1.4700000286102295,1.440000057220459,1.4450000524520874,9828.0
2024-08-21 11:11:00,PAAS,21.420000076293945,21.420000076293945,21.420000076293945,21.3799991607666,21.3799991607666,6588.0
2024-08-21 11:11:00,PLL,8.704999923706055,8.704999923706055,8.710000038146973,8.704999923706055,8.710000038146973,676.0
2024-08-21 11:11:00,PPTA,8.609999656677246,8.609999656677246,8.609999656677246,8.600000381469727,8.600000381469727,99.0
2024-08-21 11:11:00,SGML,11.0649995803833,11.0649995803833,11.069999694824219,11.0649995803833,11.069999694824219,2450.0
2024-08-21 11:11:00,SSRM,5.364999771118164,5.364999771118164,5.364999771118164,5.34499979019165,5.34499979019165,4504.0
2024-08-21 11:11:00,STLD,117.58000183105469,117.58000183105469,117.58000183105469,117.48999786376953,117.48999786376953,892.0
2024-08-21 11:11:00,UFPI,119.66999816894531,119.66999816894531,119.66999816894531,119.66999816894531,119.66999816894531,1174.0
2024-08-21 11:12:00,ASTL,9.640000343322754,9.640000343322754,9.640000343322754,9.640000343322754,9.640000343322754,533.0
2024-08-21 11:12:00,CENX,14.765000343322754,14.765000343322754,14.765000343322754,14.765000343322754,14.765000343322754,366.0
2024-08-21 11:12:00,GEVO,0.753600001335144,0.753600001335144,0.753600001335144,0.753600001335144,0.753600001335144,1.0
2024-08-21 11:12:00,GPRE,13.760000228881836,13.760000228881836,13.760000228881836,13.760000228881836,13.760000228881836,374.0
2024-08-21 11:12:00,GSM,4.418799877166748,4.418799877166748,4.418799877166748,4.418799877166748,4.418799877166748,115.0
2024-08-21 11:12:00,HYMCL,0.020899999886751175,0.020899999886751175,0.020899999886751175,0.020899999886751175,0.020899999886751175,0.0
2024-08-21 11:12:00,IOSP,109.69000244140625,109.69000244140625,109.83000183105469,109.69000244140625,109.69000244140625,1286.0
2024-08-21 11:12:00,IPX,15.369999885559082,15.369999885559082,15.369999885559082,15.369999885559082,15.369999885559082,200.0
2024-08-21 11:12:00,LWLG,2.6500000953674316,2.6500000953674316,2.6500000953674316,2.6500000953674316,2.6500000953674316,200.0
2024-08-21 11:12:00,MEOH,44.63999938964844,44.63999938964844,44.66999816894531,44.63999938964844,44.63999938964844,1558.0
2024-08-21 11:12:00,MERC,6.239999771118164,6.239999771118164,6.239999771118164,6.230000019073486,6.230000019073486,796.0
2024-08-21 11:12:00,METC,11.96500015258789,11.96500015258789,11.96500015258789,11.96500015258789,11.96500015258789,310.0
2024-08-21 11:12:00,ORGN,1.458299994468689,1.458299994468689,1.458299994468689,1.458299994468689,1.458299994468689,228.0
2024-08-21 11:12:00,PAAS,21.44499969482422,21.44499969482422,21.44499969482422,21.40999984741211,21.424999237060547,3531.0
2024-08-21 11:12:00,PLL,8.739999771118164,8.739999771118164,8.739999771118164,8.729999542236328,8.729999542236328,5003.0
2024-08-21 11:12:00,PPTA,8.619999885559082,8.619999885559082,8.619999885559082,8.619999885559082,8.619999885559082,376.0
2024-08-21 11:12:00,SSRM,5.369999885559082,5.369999885559082,5.375,5.364999771118164,5.364999771118164,1434.0
2024-08-21 11:12:00,STLD,117.53500366210938,117.53500366210938,117.53500366210938,117.53500366210938,117.53500366210938,150.0
2024-08-21 11:12:00,USAP,39.86000061035156,39.86000061035156,39.86000061035156,39.86000061035156,39.86000061035156,902.0
2024-08-21 11:12:00,ZEUS,41.252498626708984,41.252498626708984,41.252498626708984,41.22999954223633,41.22999954223633,273.0
2024-08-21 11:13:00,ASTL,9.640000343322754,9.640000343322754,9.640000343322754,9.640000343322754,9.640000343322754,224.0
2024-08-21 11:13:00,CENX,14.760000228881836,14.760000228881836,14.770000457763672,14.760000228881836,14.770000457763672,1045.0
2024-08-21 11:13:00,GEVO,0.7522000074386597,0.7522000074386597,0.7549999952316284,0.7522000074386597,0.7549999952316284,1602.0
2024-08-21 11:13:00,GSM,4.414999961853027,4.414999961853027,4.414999961853027,4.409999847412109,4.409999847412109,2143.0
2024-08-21 11:13:00,HDSN,8.029999732971191,8.029999732971191,8.029999732971191,8.029999732971191,8.029999732971191,107.0
2024-08-21 11:13:00,HWKN,121.0,121.0,121.0,121.0,121.0,520.0
2024-08-21 11:13:00,HYMC,2.459700107574463,2.459700107574463,2.459700107574463,2.459700107574463,2.459700107574463,203.0
2024-08-21 11:13:00,IOSP,109.80999755859375,109.80999755859375,109.91999816894531,109.76000213623047,109.83999633789062,1699.0
2024-08-21 11:13:00,LWLG,2.6500000953674316,2.6500000953674316,2.6500000953674316,2.6500000953674316,2.6500000953674316,430.0
2024-08-21 11:13:00,METC,12.0,12.0,12.0,11.989999771118164,11.989999771118164,779.0
2024-08-21 11:13:00,ORGN,1.4550000429153442,1.4550000429153442,1.4550000429153442,1.4550000429153442,1.4550000429153442,429.0
2024-08-21 11:13:00,PAAS,21.450000762939453,21.450000762939453,21.450000762939453,21.450000762939453,21.450000762939453,100.0
2024-08-21 11:13:00,PLL,8.760000228881836,8.760000228881836,8.760000228881836,8.760000228881836,8.760000228881836,2243.0
2024-08-21 11:13:00,SGML,11.0649995803833,11.0649995803833,11.079999923706055,11.0649995803833,11.0649995803833,8553.0
2024-08-21 11:13:00,SSRM,5.380000114440918,5.380000114440918,5.380000114440918,5.364999771118164,5.369999885559082,10440.0
2024-08-21 11:13:00,STLD,117.41000366210938,117.41000366210938,117.53500366210938,117.41000366210938,117.47000122070312,2717.0
2024-08-21 11:14:00,ALTO,1.440000057220459,1.440000057220459,1.440000057220459,1.440000057220459,1.440000057220459,501.0
2024-08-21 11:14:00,ASTL,9.640000343322754,9.640000343322754,9.640000343322754,9.635000228881836,9.635000228881836,1390.0
2024-08-21 11:14:00,CENX,14.765000343322754,14.765000343322754,14.765000343322754,14.750399589538574,14.750399589538574,891.0
2024-08-21 11:14:00,GEVO,0.7501000165939331,0.7501000165939331,0.7501000165939331,0.7501000165939331,0.7501000165939331,253.0
2024-08-21 11:14:00,GPRE,13.744999885559082,13.744999885559082,13.744999885559082,13.744999885559082,13.744999885559082,107.0
2024-08-21 11:14:00,HDSN,8.01200008392334,8.01200008392334,8.01200008392334,8.01200008392334,8.01200008392334,271.0
2024-08-21 11:14:00,IPX,15.279999732971191,15.279999732971191,15.279999732971191,15.25,15.25,228.0
2024-08-21 11:14:00,LGO,1.8980000019073486,1.8980000019073486,1.8980000019073486,1.8980000019073486,1.8980000019073486,305.0
2024-08-21 11:14:00,METC,12.039999961853027,12.039999961853027,12.039999961853027,11.994999885559082,11.994999885559082,1490.0
2024-08-21 11:14:00,ORGN,1.4500999450683594,1.4500999450683594,1.4600000381469727,1.4500999450683594,1.4600000381469727,3147.0
2024-08-21 11:14:00,PAAS,21.440000534057617,21.440000534057617,21.450000762939453,21.43000030517578,21.43000030517578,12544.0
2024-08-21 11:14:00,PLL,8.770000457763672,8.770000457763672,8.770000457763672,8.760000228881836,8.760899543762207,1825.0
2024-08-21 11:14:00,RGLD,139.61000061035156,139.61000061035156,139.61000061035156,139.61000061035156,139.61000061035156,927.0
2024-08-21 11:14:00,SGML,11.0649995803833,11.0649995803833,11.0649995803833,11.0649995803833,11.0649995803833,5164.0
2024-08-21 11:14:00,SNES,4.523499965667725,4.523499965667725,4.523499965667725,4.46999979019165,4.46999979019165,497.0
2024-08-21 11:14:00,SSRM,5.385000228881836,5.385000228881836,5.385000228881836,5.385000228881836,5.385000228881836,557.0
2024-08-21 11:15:00,ACNT,10.109999656677246,10.109999656677246,10.109999656677246,10.0600004196167,10.0600004196167,1274.0
2024-08-21 11:15:00,ALTO,1.434999942779541,1.434999942779541,1.434999942779541,1.434999942779541,1.434999942779541,302.0
2024-08-21 11:15:00,ASTL,9.609999656677246,9.609999656677246,9.645000457763672,9.609999656677246,9.645000457763672,4812.0
2024-08-21 11:15:00,CENX,14.760000228881836,14.760000228881836,14.760000228881836,14.760000228881836,14.760000228881836,691.0
2024-08-21 11:15:00,CRKN,1.7960000038146973,1.7960000038146973,1.7960000038146973,1.7960000038146973,1.7960000038146973,571.0
2024-08-21 11:15:00,GEVO,0.7537000179290771,0.7537000179290771,0.7569000124931335,0.75,0.75,13656.0
2024-08-21 11:15:00,GSM,4.409999847412109,4.409999847412109,4.409999847412109,4.409999847412109,4.409999847412109,651.0
2024-08-21 11:15:00,METC,12.059900283813477,12.059900283813477,12.059900283813477,12.059900283813477,12.059900283813477,636.0
2024-08-21 11:15:00,ORGN,1.4500000476837158,1.4500000476837158,1.4550000429153442,1.4500000476837158,1.4550000429153442,83.0
2024-08-21 11:15:00,PAAS,21.440000534057617,21.440000534057617,21.450000762939453,21.440000534057617,21.447999954223633,10638.0
2024-08-21 11:15:00,PLL,8.770000457763672,8.770000457763672,8.770000457763672,8.770000457763672,8.770000457763672,282.0
2024-08-21 11:15:00,PPTA,8.65999984741211,8.65999984741211,8.678999900817871,8.600000381469727,8.600000381469727,2622.0
2024-08-21 11:15:00,SGML,11.020000457763672,11.020000457763672,11.0649995803833,11.015000343322754,11.0649995803833,9095.0
2024-08-21 11:15:00,SSRM,5.385000228881836,5.385000228881836,5.385000228881836,5.385000228881836,5.385000228881836,300.0
2024-08-21 11:15:00,STLD,117.44000244140625,117.44000244140625,117.44000244140625,117.44000244140625,117.44000244140625,416.0
2024-08-21 11:16:00,CENX,14.78499984741211,14.78499984741211,14.800000190734863,14.779999732971191,14.800000190734863,569.0
2024-08-21 11:16:00,GEVO,0.753600001335144,0.753600001335144,0.7537000179290771,0.753600001335144,0.7537000179290771,0.0
2024-08-21 11:16:00,GPRE,13.770000457763672,13.770000457763672,13.770000457763672,13.759900093078613,13.760000228881836,3535.0
2024-08-21 11:16:00,GSM,4.414999961853027,4.414999961853027,4.414999961853027,4.414999961853027,4.414999961853027,200.0
2024-08-21 11:16:00,LGO,1.940000057220459,1.940000057220459,1.940000057220459,1.9299999475479126,1.9299999475479126,2200.0
2024-08-21 11:16:00,METC,12.0600004196167,12.0600004196167,12.0600004196167,12.0600004196167,12.0600004196167,357.0
2024-08-21 11:16:00,ORGN,1.434999942779541,1.434999942779541,1.440000057220459,1.434999942779541,1.440000057220459,9499.0
2024-08-21 11:16:00,PAAS,21.424999237060547,21.424999237060547,21.454999923706055,21.420000076293945,21.454999923706055,2451.0
2024-08-21 11:16:00,PLL,8.779999732971191,8.779999732971191,8.779999732971191,8.770000457763672,8.770000457763672,1229.0
2024-08-21 11:16:00,PPTA,8.670000076293945,8.670000076293945,8.670000076293945,8.670000076293945,8.670000076293945,300.0
2024-08-21 11:16:00,SGML,11.079999923706055,11.079999923706055,11.079999923706055,11.050000190734863,11.050000190734863,3909.0
2024-08-21 11:16:00,SSRM,5.394999980926514,5.394999980926514,5.394999980926514,5.385000228881836,5.385000228881836,2932.0
2024-08-21 11:16:00,STLD,117.44000244140625,117.44000244140625,117.44499969482422,117.44000244140625,117.44499969482422,1448.0
2024-08-21 11:16:00,USAP,39.91999816894531,39.91999816894531,39.91999816894531,39.91999816894531,39.91999816894531,306.0
2024-08-21 11:17:00,AREC,0.5403000116348267,0.5403000116348267,0.5403000116348267,0.5403000116348267,0.5403000116348267,1173.0
2024-08-21 11:17:00,CENX,14.78499984741211,14.78499984741211,14.78499984741211,14.78499984741211,14.78499984741211,391.0
2024-08-21 11:17:00,ELBM,0.5049999952316284,0.5049999952316284,0.5049999952316284,0.5049999952316284,0.5049999952316284,1416.0
2024-08-21 11:17:00,GEVO,0.7522000074386597,0.7522000074386597,0.7522000074386597,0.7522000074386597,0.7522000074386597,232.0
2024-08-21 11:17:00,GPRE,13.75,13.75,13.75,13.75,13.75,1782.0
2024-08-21 11:17:00,GSM,4.414999961853027,4.414999961853027,4.414999961853027,4.414999961853027,4.414999961853027,200.0
2024-08-21 11:17:00,IOSP,109.875,109.875,109.875,109.875,109.875,109.0
2024-08-21 11:17:00,LWLG,2.6500000953674316,2.6500000953674316,2.6549999713897705,2.6500000953674316,2.6549999713897705,2250.0
2024-08-21 11:17:00,METC,12.015000343322754,12.015000343322754,12.020000457763672,12.015000343322754,12.020000457763672,1312.0
2024-08-21 11:17:00,ORGN,1.434999942779541,1.434999942779541,1.440000057220459,1.434999942779541,1.434999942779541,0.0
2024-08-21 11:17:00,PAAS,21.440000534057617,21.440000534057617,21.440000534057617,21.415000915527344,21.415000915527344,698.0
2024-08-21 11:17:00,PLL,8.789899826049805,8.789899826049805,8.789999961853027,8.788999557495117,8.789899826049805,1959.0
2024-08-21 11:17:00,PPTA,8.675000190734863,8.675000190734863,8.675000190734863,8.675000190734863,8.675000190734863,306.0
2024-08-21 11:17:00,RGLD,139.66000366210938,139.66000366210938,139.66000366210938,139.66000366210938,139.66000366210938,300.0
2024-08-21 11:17:00,SGML,11.079999923706055,11.079999923706055,11.085000038146973,11.079999923706055,11.085000038146973,447.0
2024-08-21 11:17:00,SSRM,5.394999980926514,5.394999980926514,5.394999980926514,5.394999980926514,5.394999980926514,928.0
2024-08-21 11:17:00,STLD,117.48500061035156,117.48500061035156,117.48500061035156,117.37999725341797,117.44999694824219,411.0
2024-08-21 11:17:00,TMC,1.059999942779541,1.059999942779541,1.059999942779541,1.059999942779541,1.059999942779541,102.0
2024-08-21 11:18:00,GPRE,13.780099868774414,13.780099868774414,13.780099868774414,13.780099868774414,13.780099868774414,4360.0
2024-08-21 11:18:00,MEOH,44.70000076293945,44.70000076293945,44.70000076293945,44.70000076293945,44.70000076293945,450.0
2024-08-21 11:18:00,MERC,6.25,6.25,6.25,6.25,6.25,1760.0
2024-08-21 11:18:00,METC,12.020000457763672,12.020000457763672,12.020000457763672,12.020000457763672,12.020000457763672,655.0
2024-08-21 11:18:00,PAAS,21.5,21.5,21.5,21.441999435424805,21.454999923706055,5040.0
2024-08-21 11:18:00,PPTA,8.6850004196167,8.6850004196167,8.6850004196167,8.6850004196167,8.6850004196167,143.0
2024-08-21 11:18:00,ZEUS,41.27000045776367,41.27000045776367,41.27000045776367,41.27000045776367,41.27000045776367,147.0
2024-08-21 11:19:00,CENX,14.770000457763672,14.770000457763672,14.770000457763672,14.770000457763672,14.770000457763672,2303.0
2024-08-21 11:19:00,GEVO,0.7519999742507935,0.7519999742507935,0.7538999915122986,0.7519999742507935,0.7538999915122986,4571.0
2024-08-21 11:19:00,GSM,4.414999961853027,4.414999961853027,4.414999961853027,4.414999961853027,4.414999961853027,9898.0
2024-08-21 11:19:00,HDSN,8.020000457763672,8.020000457763672,8.020000457763672,8.020000457763672,8.020000457763672,583.0
2024-08-21 11:19:00,HUDI,2.194999933242798,2.194999933242798,2.194999933242798,2.194999933242798,2.194999933242798,107.0
2024-08-21 11:19:00,IOSP,109.8550033569336,109.8550033569336,109.8550033569336,109.8550033569336,109.8550033569336,448.0
2024-08-21 11:19:00,LWLG,2.630000114440918,2.630000114440918,2.640000104904175,2.630000114440918,2.640000104904175,1385.0
2024-08-21 11:19:00,MEOH,44.61000061035156,44.61000061035156,44.63999938964844,44.61000061035156,44.63999938964844,607.0
2024-08-21 11:19:00,METC,12.010000228881836,12.010000228881836,12.010000228881836,12.0,12.0,1299.0
2024-08-21 11:19:00,ORGN,1.434999942779541,1.434999942779541,1.4356000423431396,1.434999942779541,1.4355000257492065,629.0
2024-08-21 11:19:00,PAAS,21.485000610351562,21.485000610351562,21.489999771118164,21.479999542236328,21.489999771118164,3917.0
2024-08-21 11:19:00,PLL,8.789899826049805,8.789899826049805,8.789899826049805,8.765000343322754,8.765000343322754,2303.0
2024-08-21 11:19:00,RGLD,139.80999755859375,139.80999755859375,139.80999755859375,139.80999755859375,139.80999755859375,760.0
2024-08-21 11:19:00,SGML,11.079999923706055,11.079999923706055,11.079999923706055,11.079999923706055,11.079999923706055,5884.0
2024-08-21 11:19:00,SSRM,5.394999980926514,5.394999980926514,5.40500020980835,5.394999980926514,5.40500020980835,15018.0
2024-08-21 11:19:00,STLD,117.55000305175781,117.55000305175781,117.55999755859375,117.52999877929688,117.54000091552734,6601.0
2024-08-21 11:19:00,TMC,1.059999942779541,1.059999942779541,1.059999942779541,1.059999942779541,1.059999942779541,232.0
2024-08-21 11:20:00,ASTL,9.609999656677246,9.609999656677246,9.609999656677246,9.609999656677246,9.609999656677246,131.0
2024-08-21 11:20:00,ELBM,0.5199999809265137,0.5199999809265137,0.5199999809265137,0.5189999938011169,0.5189999938011169,4867.0
2024-08-21 11:20:00,GEVO,0.7529000043869019,0.7529000043869019,0.7529000043869019,0.7522000074386597,0.7522000074386597,281.0
2024-08-21 11:20:00,GPRE,13.739999771118164,13.739999771118164,13.75,13.739999771118164,13.75,1302.0
2024-08-21 11:20:00,GSM,4.414999961853027,4.414999961853027,4.414999961853027,4.414999961853027,4.414999961853027,400.0
2024-08-21 11:20:00,HWKN,121.3499984741211,121.3499984741211,121.3499984741211,121.3499984741211,121.3499984741211,580.0
2024-08-21 11:20:00,HYMC,2.450000047683716,2.450000047683716,2.450000047683716,2.450000047683716,2.450000047683716,753.0
2024-08-21 11:20:00,HYMCL,0.02500000037252903,0.02500000037252903,0.02500000037252903,0.02500000037252903,0.02500000037252903,1925.0
2024-08-21 11:20:00,KALU,70.88999938964844,70.88999938964844,70.9000015258789,70.88999938964844,70.9000015258789,428.0
2024-08-21 11:20:00,LWLG,2.634999990463257,2.634999990463257,2.634999990463257,2.634999990463257,2.634999990463257,246.0
2024-08-21 11:20:00,ORGN,1.4394999742507935,1.4394999742507935,1.440000057220459,1.4394999742507935,1.440000057220459,6131.0
2024-08-21 11:20:00,PAAS,21.489999771118164,21.489999771118164,21.489999771118164,21.479999542236328,21.489999771118164,2291.0
2024-08-21 11:20:00,PLL,8.770000457763672,8.770000457763672,8.770000457763672,8.770000457763672,8.770000457763672,186.0
2024-08-21 11:20:00,PPTA,8.6899995803833,8.6899995803833,8.699999809265137,8.6899995803833,8.699999809265137,11352.0
2024-08-21 11:20:00,SGML,11.069999694824219,11.069999694824219,11.069999694824219,11.069999694824219,11.069999694824219,154.0
2024-08-21 11:20:00,SSRM,5.394999980926514,5.394999980926514,5.394999980926514,5.389999866485596,5.394999980926514,668.0
2024-08-21 11:20:00,STLD,117.61000061035156,117.61000061035156,117.61000061035156,117.58999633789062,117.58999633789062,1197.0
2024-08-21 11:21:00,ASTL,9.619999885559082,9.619999885559082,9.619999885559082,9.614999771118164,9.619999885559082,934.0
2024-08-21 11:21:00,CENX,14.75,14.75,14.75,14.741999626159668,14.741999626159668,600.0
2024-08-21 11:21:00,GEVO,0.7556999921798706,0.7556999921798706,0.7556999921798706,0.7529000043869019,0.7529000043869019,1289.0
2024-08-21 11:21:00,GPRE,13.739999771118164,13.739999771118164,13.739999771118164,13.739999771118164,13.739999771118164,558.0
2024-08-21 11:21:00,GSM,4.414999961853027,4.414999961853027,4.414999961853027,4.414999961853027,4.414999961853027,8.0
2024-08-21 11:21:00,KALU,70.87999725341797,70.87999725341797,70.87999725341797,70.87999725341797,70.87999725341797,374.0
2024-08-21 11:21:00,LWLG,2.630000114440918,2.630000114440918,2.630000114440918,2.630000114440918,2.630000114440918,324.0
2024-08-21 11:21:00,MERC,6.28000020980835,6.28000020980835,6.28000020980835,6.28000020980835,6.28000020980835,164.0
2024-08-21 11:21:00,METC,12.005000114440918,12.005000114440918,12.005000114440918,12.005000114440918,12.005000114440918,1117.0
2024-08-21 11:21:00,ORGN,1.4299999475479126,1.4299999475479126,1.434999942779541,1.4299999475479126,1.434999942779541,6521.0
2024-08-21 11:21:00,PAAS,21.489999771118164,21.489999771118164,21.490100860595703,21.489999771118164,21.490100860595703,764.0
2024-08-21 11:21:00,PLL,8.770000457763672,8.770000457763672,8.773200035095215,8.770000457763672,8.773200035095215,269.0
2024-08-21 11:21:00,PPTA,8.65999984741211,8.65999984741211,8.670000076293945,8.65999984741211,8.670000076293945,1197.0
2024-08-21 11:21:00,SGML,11.069999694824219,11.069999694824219,11.069999694824219,11.069999694824219,11.069999694824219,304.0
2024-08-21 11:21:00,SSRM,5.394999980926514,5.394999980926514,5.394999980926514,5.394999980926514,5.394999980926514,1668.0
2024-08-21 11:21:00,STLD,117.68000030517578,117.68000030517578,117.70500183105469,117.68000030517578,117.68000030517578,2798.0
2024-08-21 11:22:00,ASTL,9.619999885559082,9.619999885559082,9.619999885559082,9.619999885559082,9.619999885559082,200.0
2024-08-21 11:22:00,CENX,14.739999771118164,14.739999771118164,14.739999771118164,14.739999771118164,14.739999771118164,248.0
2024-08-21 11:22:00,CRKN,1.7949999570846558,1.7949999570846558,1.7949999570846558,1.7949999570846558,1.7949999570846558,400.0
2024-08-21 11:22:00,GPRE,13.75,13.75,13.75,13.739999771118164,13.739999771118164,1337.0
2024-08-21 11:22:00,LWLG,2.630000114440918,2.630000114440918,2.630000114440918,2.630000114440918,2.630000114440918,1152.0
2024-08-21 11:22:00,MERC,6.269999980926514,6.269999980926514,6.269999980926514,6.269999980926514,6.269999980926514,441.0
2024-08-21 11:22:00,PAAS,21.514999389648438,21.514999389648438,21.520999908447266,21.4950008392334,21.499900817871094,14692.0
2024-08-21 11:22:00,SGML,11.069999694824219,11.069999694824219,11.069999694824219,11.069999694824219,11.069999694824219,1367.0
2024-08-21 11:22:00,SSRM,5.394999980926514,5.394999980926514,5.394999980926514,5.394999980926514,5.394999980926514,555.0
2024-08-21 11:22:00,STLD,117.70500183105469,117.70500183105469,117.73999786376953,117.64009857177734,117.69999694824219,3806.0
2024-08-21 11:22:00,USAP,39.93949890136719,39.93949890136719,39.97990036010742,39.93949890136719,39.97990036010742,673.0
2024-08-21 11:23:00,ASTL,9.630000114440918,9.630000114440918,9.630000114440918,9.625,9.625,4414.0
2024-08-21 11:23:00,CENX,14.75,14.75,14.75,14.729999542236328,14.739999771118164,1644.0
2024-08-21 11:23:00,GEVO,0.7627999782562256,0.7627999782562256,0.7663999795913696,0.7556999921798706,0.7597000002861023,30700.0
2024-08-21 11:23:00,GPRE,13.75,13.75,13.75,13.75,13.75,239.0
2024-08-21 11:23:00,GSM,4.414999961853027,4.414999961853027,4.414999961853027,4.414999961853027,4.414999961853027,410.0
2024-08-21 11:23:00,HDSN,8.020000457763672,8.020000457763672,8.020000457763672,8.020000457763672,8.020000457763672,355.0
2024-08-21 11:23:00,HWKN,121.58999633789062,121.58999633789062,121.5999984741211,121.58999633789062,121.5999984741211,510.0
2024-08-21 11:23:00,HYMC,2.4507999420166016,2.4507999420166016,2.4507999420166016,2.4505999088287354,2.4505999088287354,1827.0
2024-08-21 11:23:00,HYMCW,0.014000000432133675,0.014000000432133675,0.014000000432133675,0.014000000432133675,0.014000000432133675,254.0
2024-08-21 11:23:00,IOSP,109.84500122070312,109.84500122070312,109.84500122070312,109.84500122070312,109.84500122070312,510.0
2024-08-21 11:23:00,LGO,1.9299999475479126,1.9299999475479126,1.9299999475479126,1.9299999475479126,1.9299999475479126,300.0
2024-08-21 11:23:00,LWLG,2.6449999809265137,2.6449999809265137,2.6449999809265137,2.630000114440918,2.630000114440918,2097.0
2024-08-21 11:23:00,MERC,6.300000190734863,6.300000190734863,6.309999942779541,6.28000020980835,6.28000020980835,5013.0
2024-08-21 11:23:00,METC,11.989999771118164,11.989999771118164,12.005000114440918,11.989999771118164,12.005000114440918,1320.0
2024-08-21 11:23:00,ORGN,1.4311000108718872,1.4311000108718872,1.434999942779541,1.4311000108718872,1.434999942779541,316.0
2024-08-21 11:23:00,PAAS,21.530000686645508,21.530000686645508,21.533199310302734,21.504499435424805,21.510000228881836,16259.0
2024-08-21 11:23:00,PLL,8.770000457763672,8.770000457763672,8.770000457763672,8.770000457763672,8.770000457763672,169.0
2024-08-21 11:23:00,SGML,11.074999809265137,11.074999809265137,11.074999809265137,11.069999694824219,11.069999694824219,429.0
2024-08-21 11:23:00,SSRM,5.394999980926514,5.394999980926514,5.399899959564209,5.394999980926514,5.399899959564209,847.0
2024-08-21 11:23:00,STLD,117.69000244140625,117.69000244140625,117.70500183105469,117.69000244140625,117.70500183105469,529.0
2024-08-21 11:23:00,USAP,39.97999954223633,39.97999954223633,39.97999954223633,39.93280029296875,39.93280029296875,2714.0
2024-08-21 11:24:00,CENX,14.744999885559082,14.744999885559082,14.744999885559082,14.744999885559082,14.744999885559082,2822.0
2024-08-21 11:24:00,CRKN,1.7899999618530273,1.7899999618530273,1.7899999618530273,1.7899999618530273,1.7899999618530273,513.0
2024-08-21 11:24:00,GEVO,0.76419997215271,0.76419997215271,0.7664999961853027,0.76419997215271,0.7663999795913696,1601.0
2024-08-21 11:24:00,GPRE,13.75,13.75,13.75,13.75,13.75,247.0
2024-08-21 11:24:00,HDSN,8.020000457763672,8.020000457763672,8.024999618530273,8.020000457763672,8.024999618530273,1584.0
2024-08-21 11:24:00,HWKN,121.73400115966797,121.73400115966797,121.9800033569336,121.31999969482422,121.31999969482422,12769.0
2024-08-21 11:24:00,HYMC,2.444999933242798,2.444999933242798,2.444999933242798,2.444999933242798,2.444999933242798,0.0
2024-08-21 11:24:00,LWLG,2.6500000953674316,2.6500000953674316,2.6500000953674316,2.6500000953674316,2.6500000953674316,155.0
2024-08-21 11:24:00,MERC,6.300000190734863,6.300000190734863,6.300000190734863,6.300000190734863,6.300000190734863,768.0
2024-08-21 11:24:00,METC,11.975000381469727,11.975000381469727,12.009400367736816,11.970000267028809,12.009400367736816,2006.0
2024-08-21 11:24:00,ORGN,1.434999942779541,1.434999942779541,1.440000057220459,1.434999942779541,1.434999942779541,924.0
2024-08-21 11:24:00,PAAS,21.520000457763672,21.520000457763672,21.549999237060547,21.510000228881836,21.540000915527344,14836.0
2024-08-21 11:24:00,PLL,8.770000457763672,8.770000457763672,8.770000457763672,8.770000457763672,8.770000457763672,594.0
2024-08-21 11:24:00,SGML,11.09000015258789,11.09000015258789,11.09000015258789,11.079999923706055,11.079999923706055,483.0
2024-08-21 11:24:00,SSRM,5.40500020980835,5.40500020980835,5.409900188446045,5.394999980926514,5.394999980926514,6686.0
2024-08-21 11:24:00,STLD,117.55000305175781,117.55000305175781,117.66999816894531,117.51000213623047,117.66999816894531,4194.0
2024-08-21 11:24:00,TMC,1.0541000366210938,1.0541000366210938,1.0541000366210938,1.0541000366210938,1.0541000366210938,3163.0
2024-08-21 11:24:00,USAP,40.459999084472656,40.459999084472656,40.5,40.099998474121094,40.099998474121094,24897.0
2024-08-21 11:24:00,ZEUS,41.349998474121094,41.349998474121094,41.349998474121094,41.349998474121094,41.349998474121094,576.0
2024-08-21 11:25:00,GEVO,0.7638999819755554,0.7638999819755554,0.7657999992370605,0.7638000249862671,0.7657999992370605,7189.0
2024-08-21 11:25:00,HWKN,121.88999938964844,121.88999938964844,121.88999938964844,121.88999938964844,121.88999938964844,539.0
2024-08-21 11:25:00,LWLG,2.6500000953674316,2.6500000953674316,2.6500000953674316,2.6500000953674316,2.6500000953674316,106.0
2024-08-21 11:25:00,MERC,6.300000190734863,6.300000190734863,6.304999828338623,6.300000190734863,6.301799774169922,3283.0
2024-08-21 11:25:00,ORGN,1.434999942779541,1.434999942779541,1.440000057220459,1.434999942779541,1.440000057220459,427.0
2024-08-21 11:25:00,PAAS,21.53499984741211,21.53499984741211,21.53499984741211,21.520000457763672,21.520000457763672,652.0
2024-08-21 11:25:00,PLL,8.779999732971191,8.779999732971191,8.789999961853027,8.760000228881836,8.760000228881836,3744.0
2024-08-21 11:25:00,SGML,11.074999809265137,11.074999809265137,11.079999923706055,11.069999694824219,11.069999694824219,3435.0
2024-08-21 11:25:00,SSRM,5.414999961853027,5.414999961853027,5.414999961853027,5.40500020980835,5.40500020980835,4041.0
2024-08-21 11:25:00,STLD,117.58999633789062,117.58999633789062,117.58999633789062,117.58999633789062,117.58999633789062,203.0
2024-08-21 11:25:00,ZEUS,41.244998931884766,41.244998931884766,41.244998931884766,41.244998931884766,41.244998931884766,224.0
2024-08-21 11:26:00,CENX,14.729999542236328,14.729999542236328,14.760000228881836,14.729999542236328,14.760000228881836,1183.0
2024-08-21 11:26:00,GEVO,0.7620999813079834,0.7620999813079834,0.7620999813079834,0.7620999813079834,0.7620999813079834,601.0
2024-08-21 11:26:00,GPRE,13.760000228881836,13.760000228881836,13.760000228881836,13.75,13.75,403.0
2024-08-21 11:26:00,IOSP,109.9000015258789,109.9000015258789,109.9000015258789,109.9000015258789,109.9000015258789,246.0
2024-08-21 11:26:00,MEOH,44.61000061035156,44.61000061035156,44.61000061035156,44.61000061035156,44.61000061035156,200.0
2024-08-21 11:26:00,METC,11.9399995803833,11.9399995803833,11.960000038146973,11.9399995803833,11.960000038146973,677.0
2024-08-21 11:26:00,ORGN,1.434999942779541,1.434999942779541,1.440000057220459,1.434999942779541,1.440000057220459,200.0
2024-08-21 11:26:00,PAAS,21.510000228881836,21.510000228881836,21.53499984741211,21.510000228881836,21.53499984741211,1389.0
2024-08-21 11:26:00,PPTA,8.600000381469727,8.600000381469727,8.675000190734863,8.59000015258789,8.675000190734863,3889.0
2024-08-21 11:26:00,SGML,11.022500038146973,11.022500038146973,11.074999809265137,11.020000457763672,11.074999809265137,5369.0
2024-08-21 11:26:00,SSRM,5.414999961853027,5.414999961853027,5.416200160980225,5.414999961853027,5.414999961853027,2180.0
2024-08-21 11:26:00,STLD,117.63500213623047,117.63500213623047,117.63500213623047,117.63500213623047,117.63500213623047,384.0
2024-08-21 11:27:00,GEVO,0.7610999941825867,0.7610999941825867,0.7610999941825867,0.7609999775886536,0.7609999775886536,202.0
2024-08-21 11:27:00,GPRE,13.755000114440918,13.755000114440918,13.755000114440918,13.755000114440918,13.755000114440918,229.0
2024-08-21 11:27:00,GSM,4.409999847412109,4.409999847412109,4.414999961853027,4.409999847412109,4.414999961853027,826.0
2024-08-21 11:27:00,IPX,15.34000015258789,15.34000015258789,15.34000015258789,15.201600074768066,15.239999771118164,1500.0
2024-08-21 11:27:00,LGO,1.9299999475479126,1.9299999475479126,1.9299999475479126,1.9299999475479126,1.9299999475479126,805.0
2024-08-21 11:27:00,METC,11.960000038146973,11.960000038146973,11.960000038146973,11.960000038146973,11.960000038146973,423.0
2024-08-21 11:27:00,ORGN,1.4299999475479126,1.4299999475479126,1.434999942779541,1.4299999475479126,1.434999942779541,1500.0
2024-08-21 11:27:00,PAAS,21.5,21.5,21.510000228881836,21.479999542236328,21.5,7098.0
2024-08-21 11:27:00,PLL,8.710100173950195,8.710100173950195,8.770000457763672,8.710100173950195,8.75,6107.0
2024-08-21 11:27:00,PPTA,8.595999717712402,8.595999717712402,8.595999717712402,8.595999717712402,8.595999717712402,154.0
2024-08-21 11:27:00,RGLD,139.8699951171875,139.8699951171875,139.8699951171875,139.8699951171875,139.8699951171875,707.0
2024-08-21 11:27:00,SGML,11.024999618530273,11.024999618530273,11.024999618530273,11.024999618530273,11.024999618530273,479.0
2024-08-21 11:27:00,SSRM,5.425000190734863,5.425000190734863,5.425000190734863,5.414999961853027,5.420000076293945,5791.0
2024-08-21 11:27:00,STLD,117.59500122070312,117.59500122070312,117.62999725341797,117.59500122070312,117.62999725341797,219.0
2024-08-21 11:27:00,TMC,1.059999942779541,1.059999942779541,1.059999942779541,1.059999942779541,1.059999942779541,0.0
2024-08-21 11:28:00,ASTL,9.625,9.625,9.625,9.625,9.625,716.0
2024-08-21 11:28:00,CENX,14.710000038146973,14.710000038146973,14.710000038146973,14.710000038146973,14.710000038146973,690.0
2024-08-21 11:28:00,CNEY,0.32850000262260437,0.32850000262260437,0.32850000262260437,0.32850000262260437,0.32850000262260437,7493.0
2024-08-21 11:28:00,GPRE,13.770000457763672,13.770000457763672,13.770000457763672,13.760000228881836,13.760000228881836,1450.0
2024-08-21 11:28:00,HDSN,8.015000343322754,8.015000343322754,8.015000343322754,8.015000343322754,8.015000343322754,530.0
2024-08-21 11:28:00,HWKN,122.01000213623047,122.01000213623047,122.01000213623047,122.01000213623047,122.01000213623047,824.0
2024-08-21 11:28:00,MEOH,44.63999938964844,44.63999938964844,44.63999938964844,44.63999938964844,44.63999938964844,1542.0
2024-08-21 11:28:00,MERC,6.320000171661377,6.320000171661377,6.320000171661377,6.320000171661377,6.320000171661377,3211.0
2024-08-21 11:28:00,PAAS,21.479799270629883,21.479799270629883,21.48509979248047,21.469999313354492,21.48509979248047,3172.0
2024-08-21 11:28:00,SSRM,5.425000190734863,5.425000190734863,5.425000190734863,5.425000190734863,5.425000190734863,500.0
2024-08-21 11:28:00,STLD,117.61620330810547,117.61620330810547,117.61620330810547,117.61620330810547,117.61620330810547,419.0
2024-08-21 11:28:00,TMC,1.0549999475479126,1.0549999475479126,1.0549999475479126,1.0549999475479126,1.0549999475479126,473.0
2024-08-21 11:28:00,USAP,40.16999816894531,40.16999816894531,40.16999816894531,40.16999816894531,40.16999816894531,353.0
2024-08-21 11:29:00,ASTL,9.619999885559082,9.619999885559082,9.625,9.619999885559082,9.619999885559082,1404.0
2024-08-21 11:29:00,CENX,14.710000038146973,14.710000038146973,14.710000038146973,14.699999809265137,14.710000038146973,2611.0
2024-08-21 11:29:00,GEVO,0.7609999775886536,0.7609999775886536,0.7609999775886536,0.7609999775886536,0.7609999775886536,164.0
2024-08-21 11:29:00,GPRE,13.770000457763672,13.770000457763672,13.770000457763672,13.770000457763672,13.770000457763672,581.0
2024-08-21 11:29:00,GURE,1.086300015449524,1.086300015449524,1.086300015449524,1.086300015449524,1.086300015449524,200.0
2024-08-21 11:29:00,LWLG,2.6549999713897705,2.6549999713897705,2.6600000858306885,2.6549999713897705,2.6600000858306885,615.0
2024-08-21 11:29:00,METC,11.960000038146973,11.960000038146973,11.960000038146973,11.960000038146973,11.960000038146973,143.0
2024-08-21 11:29:00,ORGN,1.440000057220459,1.440000057220459,1.440000057220459,1.434999942779541,1.434999942779541,1027.0
2024-08-21 11:29:00,PAAS,21.469499588012695,21.469499588012695,21.469999313354492,21.459999084472656,21.469999313354492,777.0
2024-08-21 11:29:00,PLL,8.75,8.75,8.75,8.75,8.75,2116.0
2024-08-21 11:29:00,PPTA,8.619999885559082,8.619999885559082,8.619999885559082,8.619999885559082,8.619999885559082,1089.0
2024-08-21 11:29:00,SGML,11.0,11.0,11.0,11.0,11.0,3299.0
2024-08-21 11:29:00,SSRM,5.425000190734863,5.425000190734863,5.429999828338623,5.421500205993652,5.421500205993652,14171.0
2024-08-21 11:29:00,STLD,117.58499908447266,117.58499908447266,117.58999633789062,117.58499908447266,117.58999633789062,3427.0
2024-08-21 11:29:00,ZEUS,41.400001525878906,41.400001525878906,41.400001525878906,41.400001525878906,41.400001525878906,1054.0
2024-08-21 11:30:00,ACNT,10.0,10.0,10.0,10.0,10.0,1796.0
2024-08-21 11:30:00,GEVO,0.762499988079071,0.762499988079071,0.762499988079071,0.762499988079071,0.762499988079071,654.0
2024-08-21 11:30:00,GPRE,13.760000228881836,13.760000228881836,13.760000228881836,13.75,13.760000228881836,3530.0
2024-08-21 11:30:00,GSM,4.409999847412109,4.409999847412109,4.409999847412109,4.409999847412109,4.409999847412109,103.0
2024-08-21 11:30:00,GURE,1.100000023841858,1.100000023841858,1.100000023841858,1.0893000364303589,1.0893000364303589,200.0
2024-08-21 11:30:00,HYMC,2.4600000381469727,2.4600000381469727,2.4600000381469727,2.4600000381469727,2.4600000381469727,200.0
2024-08-21 11:30:00,LGO,1.9299999475479126,1.9299999475479126,1.9299999475479126,1.9299999475479126,1.9299999475479126,100.0
2024-08-21 11:30:00,LWLG,2.6600000858306885,2.6600000858306885,2.6600000858306885,2.6600000858306885,2.6600000858306885,100.0
2024-08-21 11:30:00,METC,11.960000038146973,11.960000038146973,11.960000038146973,11.960000038146973,11.960000038146973,1196.0
2024-08-21 11:30:00,ORGN,1.434999942779541,1.434999942779541,1.434999942779541,1.434999942779541,1.434999942779541,181.0
2024-08-21 11:30:00,PAAS,21.479999542236328,21.479999542236328,21.479999542236328,21.45949935913086,21.45949935913086,1314.0
2024-08-21 11:30:00,PPTA,8.619999885559082,8.619999885559082,8.619999885559082,8.619999885559082,8.619999885559082,0.0
2024-08-21 11:30:00,SGML,11.009099960327148,11.009099960327148,11.009099960327148,11.009099960327148,11.009099960327148,478.0
2024-08-21 11:30:00,SSRM,5.425000190734863,5.425000190734863,5.429900169372559,5.425000190734863,5.429900169372559,1394.0
2024-08-21 11:31:00,ALTO,1.434999942779541,1.434999942779541,1.434999942779541,1.434999942779541,1.434999942779541,127.0
2024-08-21 11:31:00,GEVO,0.7595000267028809,0.7595000267028809,0.7609999775886536,0.7595000267028809,0.7609999775886536,3523.0
2024-08-21 11:31:00,GPRE,13.755000114440918,13.755000114440918,13.755000114440918,13.755000114440918,13.755000114440918,110.0
2024-08-21 11:31:00,GSM,4.425000190734863,4.425000190734863,4.429999828338623,4.414999961853027,4.420000076293945,9208.0
2024-08-21 11:31:00,HWKN,122.1500015258789,122.1500015258789,122.1500015258789,122.1500015258789,122.1500015258789,665.0
2024-08-21 11:31:00,HYMCL,0.02500000037252903,0.02500000037252903,0.02500000037252903,0.02500000037252903,0.02500000037252903,2900.0
2024-08-21 11:31:00,LWLG,2.6600000858306885,2.6600000858306885,2.6649999618530273,2.6600000858306885,2.6649999618530273,3751.0
2024-08-21 11:31:00,MEOH,44.61000061035156,44.61000061035156,44.61000061035156,44.61000061035156,44.61000061035156,162.0
2024-08-21 11:31:00,MERC,6.3277997970581055,6.3277997970581055,6.329999923706055,6.3277997970581055,6.329999923706055,2106.0
2024-08-21 11:31:00,METC,11.999199867248535,11.999199867248535,11.999199867248535,11.999199867248535,11.999199867248535,229.0
2024-08-21 11:31:00,ORGN,1.434999942779541,1.434999942779541,1.434999942779541,1.434999942779541,1.434999942779541,685.0
2024-08-21 11:31:00,PAAS,21.510000228881836,21.510000228881836,21.510000228881836,21.485700607299805,21.489999771118164,2162.0
2024-08-21 11:31:00,PPTA,8.640000343322754,8.640000343322754,8.640000343322754,8.640000343322754,8.640000343322754,195.0
2024-08-21 11:31:00,SGML,11.039999961853027,11.039999961853027,11.039999961853027,11.010000228881836,11.010000228881836,3123.0
2024-08-21 11:31:00,SSRM,5.425000190734863,5.425000190734863,5.429999828338623,5.42110013961792,5.425000190734863,2705.0
2024-08-21 11:31:00,STLD,117.58000183105469,117.58000183105469,117.58000183105469,117.58000183105469,117.58000183105469,413.0
2024-08-21 11:31:00,USAP,40.349998474121094,40.349998474121094,40.349998474121094,40.08000183105469,40.08000183105469,3487.0
2024-08-21 11:32:00,ALTO,1.440000057220459,1.440000057220459,1.440000057220459,1.440000057220459,1.440000057220459,129.0
2024-08-21 11:32:00,GEVO,0.7595000267028809,0.7595000267028809,0.7595999836921692,0.7595000267028809,0.7595999836921692,64.0
2024-08-21 11:32:00,GPRE,13.75,13.75,13.75,13.75,13.75,493.0
2024-08-21 11:32:00,HWKN,122.04000091552734,122.04000091552734,122.1449966430664,121.91999816894531,122.1449966430664,542.0
2024-08-21 11:32:00,IOSP,109.91000366210938,109.91000366210938,110.01000213623047,109.91000366210938,109.9800033569336,1234.0
2024-08-21 11:32:00,KALU,70.9749984741211,70.9749984741211,70.9749984741211,70.9749984741211,70.9749984741211,151.0
2024-08-21 11:32:00,LWLG,2.6600000858306885,2.6600000858306885,2.6600000858306885,2.6600000858306885,2.6600000858306885,300.0
2024-08-21 11:32:00,MERC,6.320000171661377,6.320000171661377,6.329999923706055,6.309999942779541,6.329999923706055,889.0
2024-08-21 11:32:00,METC,12.0,12.0,12.0,11.984999656677246,11.984999656677246,364.0
2024-08-21 11:32:00,ORGN,1.4305000305175781,1.4305000305175781,1.4305000305175781,1.4305000305175781,1.4305000305175781,200.0
2024-08-21 11:32:00,PAAS,21.520000457763672,21.520000457763672,21.520000457763672,21.510000228881836,21.510000228881836,1488.0
2024-08-21 11:32:00,PPTA,8.635000228881836,8.635000228881836,8.635000228881836,8.625,8.625,314.0
2024-08-21 11:32:00,RGLD,139.89999389648438,139.89999389648438,139.89999389648438,139.89999389648438,139.89999389648438,1412.0
2024-08-21 11:32:00,SGML,11.029999732971191,11.029999732971191,11.029999732971191,11.029999732971191,11.029999732971191,487.0
2024-08-21 11:32:00,SSRM,5.414999961853027,5.414999961853027,5.425000190734863,5.414999961853027,5.425000190734863,3350.0
2024-08-21 11:32:00,USAP,40.02000045776367,40.02000045776367,40.02000045776367,40.02000045776367,40.02000045776367,0.0
2024-08-21 11:33:00,ASTL,9.614999771118164,9.614999771118164,9.614999771118164,9.614999771118164,9.614999771118164,274.0
2024-08-21 11:33:00,BCPC,167.97999572753906,167.97999572753906,167.97999572753906,167.97999572753906,167.97999572753906,646.0
2024-08-21 11:33:00,CENX,14.675000190734863,14.675000190734863,14.699999809265137,14.670000076293945,14.699999809265137,1481.0
2024-08-21 11:33:00,CRKN,1.7899999618530273,1.7899999618530273,1.7907999753952026,1.7899999618530273,1.7907999753952026,254.0
2024-08-21 11:33:00,ELBM,0.5123999714851379,0.5123999714851379,0.5123999714851379,0.5123999714851379,0.5123999714851379,354.0
2024-08-21 11:33:00,GPRE,13.75,13.75,13.75,13.75,13.75,382.0
2024-08-21 11:33:00,GSM,4.425000190734863,4.425000190734863,4.429999828338623,4.425000190734863,4.429999828338623,518.0
2024-08-21 11:33:00,HWKN,122.13999938964844,122.13999938964844,122.13999938964844,122.11000061035156,122.11000061035156,1087.0
2024-08-21 11:33:00,IOSP,110.02999877929688,110.02999877929688,110.05000305175781,110.02999877929688,110.05000305175781,693.0
2024-08-21 11:33:00,LWLG,2.6500000953674316,2.6500000953674316,2.6649999618530273,2.6500000953674316,2.6649999618530273,2431.0
2024-08-21 11:33:00,ORGN,1.434999942779541,1.434999942779541,1.434999942779541,1.434999942779541,1.434999942779541,100.0
2024-08-21 11:33:00,PAAS,21.520000457763672,21.520000457763672,21.520000457763672,21.511899948120117,21.511899948120117,2495.0
2024-08-21 11:33:00,PPTA,8.6899995803833,8.6899995803833,8.6899995803833,8.6899995803833,8.6899995803833,201.0
2024-08-21 11:33:00,RETO,0.9900000095367432,0.9900000095367432,0.9900000095367432,0.9900000095367432,0.9900000095367432,1455.0
2024-08-21 11:33:00,SGML,11.029999732971191,11.029999732971191,11.029999732971191,11.029999732971191,11.029999732971191,138.0
2024-08-21 11:33:00,SSRM,5.4182000160217285,5.4182000160217285,5.4182000160217285,5.409999847412109,5.414999961853027,6053.0
2024-08-21 11:33:00,STLD,117.5385971069336,117.5385971069336,117.5385971069336,117.5385971069336,117.5385971069336,550.0
2024-08-21 11:33:00,TMC,1.059999942779541,1.059999942779541,1.059999942779541,1.0549999475479126,1.05840003490448,1698.0
2024-08-21 11:33:00,USAP,39.91999816894531,39.91999816894531,39.91999816894531,39.91999816894531,39.91999816894531,200.0
2024-08-21 11:34:00,ALTO,1.434999942779541,1.434999942779541,1.434999942779541,1.4299999475479126,1.4299999475479126,571.0
2024-08-21 11:34:00,ASTL,9.609999656677246,9.609999656677246,9.609999656677246,9.609999656677246,9.609999656677246,490.0
2024-08-21 11:34:00,CENX,14.670000076293945,14.670000076293945,14.6899995803833,14.670000076293945,14.689900398254395,1243.0
2024-08-21 11:34:00,CNEY,0.3285999894142151,0.3285999894142151,0.3285999894142151,0.3285999894142151,0.3285999894142151,345.0
2024-08-21 11:34:00,GEVO,0.7580000162124634,0.7580000162124634,0.7580000162124634,0.7580000162124634,0.7580000162124634,194.0
2024-08-21 11:34:00,GPRE,13.75,13.75,13.75,13.75,13.75,544.0
2024-08-21 11:34:00,HYMC,2.4600000381469727,2.4600000381469727,2.4600000381469727,2.4600000381469727,2.4600000381469727,855.0
2024-08-21 11:34:00,LWLG,2.6449999809265137,2.6449999809265137,2.6500000953674316,2.6449999809265137,2.6500000953674316,1467.0
2024-08-21 11:34:00,METC,11.975000381469727,11.975000381469727,12.010000228881836,11.970000267028809,12.010000228881836,2202.0
2024-08-21 11:34:00,ORGN,1.440000057220459,1.440000057220459,1.440000057220459,1.434999942779541,1.434999942779541,244.0
2024-08-21 11:34:00,PAAS,21.510000228881836,21.510000228881836,21.530000686645508,21.510000228881836,21.520000457763672,16587.0
2024-08-21 11:34:00,PLL,8.720000267028809,8.720000267028809,8.734999656677246,8.720000267028809,8.734999656677246,324.0
2024-08-21 11:34:00,RGLD,139.77000427246094,139.77000427246094,139.77000427246094,139.77000427246094,139.77000427246094,518.0
2024-08-21 11:34:00,SGML,11.039999961853027,11.039999961853027,11.039999961853027,11.029999732971191,11.029999732971191,261.0
2024-08-21 11:34:00,SSRM,5.409999847412109,5.409999847412109,5.420000076293945,5.40500020980835,5.414999961853027,7516.0
2024-08-21 11:34:00,STLD,117.62000274658203,117.62000274658203,117.73999786376953,117.62000274658203,117.69999694824219,8931.0
2024-08-21 11:34:00,UFPI,119.91999816894531,119.91999816894531,119.91999816894531,119.91999816894531,119.91999816894531,146.0
2024-08-21 11:34:00,USAP,40.10499954223633,40.10499954223633,40.10499954223633,40.029998779296875,40.029998779296875,118.0
2024-08-21 11:34:00,ZEUS,41.310001373291016,41.310001373291016,41.310001373291016,41.310001373291016,41.310001373291016,568.0
2024-08-21 11:35:00,CENX,14.670000076293945,14.670000076293945,14.680000305175781,14.670000076293945,14.675000190734863,1170.0
2024-08-21 11:35:00,GPRE,13.744999885559082,13.744999885559082,13.744999885559082,13.744999885559082,13.744999885559082,428.0
2024-08-21 11:35:00,GSM,4.425000190734863,4.425000190734863,4.425000190734863,4.425000190734863,4.425000190734863,904.0
2024-08-21 11:35:00,LGO,1.9299999475479126,1.9299999475479126,1.9299999475479126,1.9299999475479126,1.9299999475479126,100.0
2024-08-21 11:35:00,LWLG,2.640000104904175,2.640000104904175,2.640000104904175,2.640000104904175,2.640000104904175,220.0
2024-08-21 11:35:00,MERC,6.320000171661377,6.320000171661377,6.320000171661377,6.309999942779541,6.309999942779541,3842.0
2024-08-21 11:35:00,METC,11.96500015258789,11.96500015258789,11.96500015258789,11.96500015258789,11.96500015258789,589.0
2024-08-21 11:35:00,ORGN,1.440000057220459,1.440000057220459,1.440999984741211,1.434999942779541,1.434999942779541,16828.0
2024-08-21 11:35:00,PAAS,21.510000228881836,21.510000228881836,21.519899368286133,21.510000228881836,21.519899368286133,1722.0
2024-08-21 11:35:00,PPTA,8.65999984741211,8.65999984741211,8.65999984741211,8.65999984741211,8.65999984741211,637.0
2024-08-21 11:35:00,SGML,11.029999732971191,11.029999732971191,11.029999732971191,11.029999732971191,11.029999732971191,228.0
2024-08-21 11:35:00,SMID,34.0,34.0,34.0,34.0,34.0,286.0
2024-08-21 11:35:00,SSRM,5.414999961853027,5.414999961853027,5.414999961853027,5.414999961853027,5.414999961853027,1466.0
2024-08-21 11:35:00,STLD,117.62999725341797,117.62999725341797,117.66000366210938,117.61499786376953,117.6500015258789,4286.0
2024-08-21 11:35:00,USAP,40.173301696777344,40.173301696777344,40.173301696777344,40.173301696777344,40.173301696777344,152.0
2024-08-21 11:36:00,ASTL,9.609999656677246,9.609999656677246,9.609999656677246,9.609999656677246,9.609999656677246,291.0
2024-08-21 11:36:00,CENX,14.699999809265137,14.699999809265137,14.699999809265137,14.671799659729004,14.671799659729004,2129.0
2024-08-21 11:36:00,GEVO,0.7516000270843506,0.7516000270843506,0.7516000270843506,0.7505999803543091,0.7505999803543091,1220.0
2024-08-21 11:36:00,GPRE,13.78499984741211,13.78499984741211,13.800000190734863,13.75,13.75,1734.0
2024-08-21 11:36:00,GSM,4.425000190734863,4.425000190734863,4.429999828338623,4.425000190734863,4.429999828338623,3401.0
2024-08-21 11:36:00,HYMC,2.469599962234497,2.469599962234497,2.469599962234497,2.469599962234497,2.469599962234497,394.0
2024-08-21 11:36:00,KALU,70.97000122070312,70.97000122070312,70.97000122070312,70.97000122070312,70.97000122070312,181.0
2024-08-21 11:36:00,LWLG,2.6600000858306885,2.6600000858306885,2.6600000858306885,2.640000104904175,2.640000104904175,3345.0
2024-08-21 11:36:00,MEOH,44.68000030517578,44.68000030517578,44.68000030517578,44.68000030517578,44.68000030517578,1537.0
2024-08-21 11:36:00,ORGN,1.4450000524520874,1.4450000524520874,1.4450000524520874,1.4450000524520874,1.4450000524520874,580.0
2024-08-21 11:36:00,PAAS,21.540000915527344,21.540000915527344,21.540000915527344,21.520000457763672,21.520000457763672,8894.0
2024-08-21 11:36:00,PPTA,8.680000305175781,8.680000305175781,8.680000305175781,8.680000305175781,8.680000305175781,200.0
2024-08-21 11:36:00,SGML,11.039999961853027,11.039999961853027,11.039999961853027,11.029999732971191,11.029999732971191,2392.0
2024-08-21 11:36:00,SSRM,5.414999961853027,5.414999961853027,5.420000076293945,5.411900043487549,5.411900043487549,5306.0
2024-08-21 11:36:00,STLD,117.70999908447266,117.70999908447266,117.71499633789062,117.6500015258789,117.6500015258789,2043.0
2024-08-21 11:36:00,UFPI,120.12000274658203,120.12000274658203,120.12000274658203,120.12000274658203,120.12000274658203,682.0
2024-08-21 11:36:00,USAP,39.93009948730469,39.93009948730469,39.93009948730469,39.93009948730469,39.93009948730469,916.0
2024-08-21 11:37:00,ALTO,1.434999942779541,1.434999942779541,1.434999942779541,1.434999942779541,1.434999942779541,200.0
2024-08-21 11:37:00,ASTL,9.600000381469727,9.600000381469727,9.600000381469727,9.600000381469727,9.600000381469727,108.0
2024-08-21 11:37:00,CENX,14.699999809265137,14.699999809265137,14.710000038146973,14.699999809265137,14.710000038146973,1894.0
2024-08-21 11:37:00,GEVO,0.7505999803543091,0.7505999803543091,0.7505999803543091,0.7505999803543091,0.7505999803543091,159.0
2024-08-21 11:37:00,GPRE,13.78499984741211,13.78499984741211,13.78499984741211,13.78499984741211,13.78499984741211,1018.0
2024-08-21 11:37:00,GSM,4.425000190734863,4.425000190734863,4.425000190734863,4.425000190734863,4.425000190734863,401.0
2024-08-21 11:37:00,IOSP,110.49500274658203,110.49500274658203,110.49500274658203,110.49500274658203,110.49500274658203,992.0
2024-08-21 11:37:00,LWLG,2.6600000858306885,2.6600000858306885,2.6600000858306885,2.6600000858306885,2.6600000858306885,377.0
2024-08-21 11:37:00,METC,11.979999542236328,11.979999542236328,11.979999542236328,11.979999542236328,11.979999542236328,1244.0
2024-08-21 11:37:00,ORGN,1.4450000524520874,1.4450000524520874,1.4450000524520874,1.4450000524520874,1.4450000524520874,400.0
2024-08-21 11:37:00,PAAS,21.540000915527344,21.540000915527344,21.540000915527344,21.540000915527344,21.540000915527344,338.0
2024-08-21 11:37:00,PLL,8.739999771118164,8.739999771118164,8.739999771118164,8.739999771118164,8.739999771118164,815.0
2024-08-21 11:37:00,PPTA,8.6899995803833,8.6899995803833,8.6899995803833,8.6899995803833,8.6899995803833,796.0
2024-08-21 11:37:00,RETO,0.9800000190734863,0.9800000190734863,0.9800000190734863,0.9800000190734863,0.9800000190734863,994.0
2024-08-21 11:37:00,RGLD,139.8721923828125,139.8721923828125,139.8721923828125,139.8721923828125,139.8721923828125,1463.0
2024-08-21 11:37:00,SGML,11.045000076293945,11.045000076293945,11.045000076293945,11.039999961853027,11.039999961853027,1785.0
2024-08-21 11:37:00,SSRM,5.414999961853027,5.414999961853027,5.414999961853027,5.414999961853027,5.414999961853027,2982.0
2024-08-21 11:37:00,STLD,117.72000122070312,117.72000122070312,117.75,117.72000122070312,117.75,954.0
2024-08-21 11:37:00,USLM,78.23999786376953,78.23999786376953,78.23999786376953,78.23999786376953,78.23999786376953,267.0
2024-08-21 11:38:00,ASTL,9.604999542236328,9.604999542236328,9.609999656677246,9.604999542236328,9.604999542236328,1149.0
2024-08-21 11:38:00,GEVO,0.7505999803543091,0.7505999803543091,0.7578999996185303,0.7505999803543091,0.7505999803543091,1220.0
2024-08-21 11:38:00,IOSP,110.46499633789062,110.46499633789062,110.46499633789062,110.30999755859375,110.30999755859375,2656.0
2024-08-21 11:38:00,LITM,0.4399999976158142,0.4399999976158142,0.4399999976158142,0.4399999976158142,0.4399999976158142,1001.0
2024-08-21 11:38:00,LWLG,2.6500000953674316,2.6500000953674316,2.6600000858306885,2.6500000953674316,2.6600000858306885,879.0
2024-08-21 11:38:00,ORGN,1.4474999904632568,1.4474999904632568,1.4474999904632568,1.4450000524520874,1.4450000524520874,1065.0
2024-08-21 11:38:00,PAAS,21.540000915527344,21.540000915527344,21.54949951171875,21.540000915527344,21.54949951171875,301.0
2024-08-21 11:38:00,PLL,8.760000228881836,8.760000228881836,8.760000228881836,8.760000228881836,8.760000228881836,293.0
2024-08-21 11:38:00,PPTA,8.680000305175781,8.680000305175781,8.680000305175781,8.670000076293945,8.670000076293945,1134.0
2024-08-21 11:38:00,RGLD,139.875,139.875,139.875,139.875,139.875,933.0
2024-08-21 11:38:00,SGML,11.03499984741211,11.03499984741211,11.039999961853027,11.029999732971191,11.039999961853027,1001.0
2024-08-21 11:38:00,SSRM,5.414999961853027,5.414999961853027,5.414999961853027,5.414999961853027,5.414999961853027,535.0
2024-08-21 11:38:00,STLD,117.66999816894531,117.66999816894531,117.72000122070312,117.66999816894531,117.72000122070312,1210.0
2024-08-21 11:38:00,TMC,1.0549999475479126,1.0549999475479126,1.0549999475479126,1.0549999475479126,1.0549999475479126,6579.0
2024-08-21 11:39:00,ALTO,1.434999942779541,1.434999942779541,1.434999942779541,1.434999942779541,1.434999942779541,81.0
2024-08-21 11:39:00,ASTL,9.609999656677246,9.609999656677246,9.609999656677246,9.609999656677246,9.609999656677246,137.0
2024-08-21 11:39:00,BCPC,168.3800048828125,168.3800048828125,168.3800048828125,168.1699981689453,168.1699981689453,748.0
2024-08-21 11:39:00,GEVO,0.7505999803543091,0.7505999803543091,0.7505999803543091,0.7505999803543091,0.7505999803543091,300.0
2024-08-21 11:39:00,GPRE,13.75,13.75,13.760000228881836,13.75,13.760000228881836,1299.0
2024-08-21 11:39:00,IOSP,110.57250213623047,110.57250213623047,110.57250213623047,110.57250213623047,110.57250213623047,572.0
2024-08-21 11:39:00,LWLG,2.6549999713897705,2.6549999713897705,2.6549999713897705,2.6549999713897705,2.6549999713897705,236.0
2024-08-21 11:39:00,ORGN,1.440000057220459,1.440000057220459,1.440999984741211,1.440000057220459,1.440999984741211,4449.0
2024-08-21 11:39:00,PAAS,21.540000915527344,21.540000915527344,21.540000915527344,21.530099868774414,21.540000915527344,2133.0
2024-08-21 11:39:00,SGML,11.029999732971191,11.029999732971191,11.029999732971191,11.020000457763672,11.029999732971191,1462.0
2024-08-21 11:39:00,SSRM,5.414999961853027,5.414999961853027,5.414999961853027,5.409999847412109,5.414999961853027,1224.0
2024-08-21 11:39:00,STLD,117.625,117.625,117.69000244140625,117.625,117.69000244140625,1740.0
2024-08-21 11:40:00,ASTL,9.609999656677246,9.609999656677246,9.609999656677246,9.609999656677246,9.609999656677246,241.0
2024-08-21 11:40:00,CENX,14.680000305175781,14.680000305175781,14.6899995803833,14.670000076293945,14.670000076293945,2262.0
2024-08-21 11:40:00,CRKN,1.7899999618530273,1.7899999618530273,1.7899999618530273,1.7899999618530273,1.7899999618530273,605.0
2024-08-21 11:40:00,GEVO,0.7573999762535095,0.7573999762535095,0.7573999762535095,0.7508000135421753,0.7508000135421753,501.0
2024-08-21 11:40:00,GSM,4.429999828338623,4.429999828338623,4.429999828338623,4.420000076293945,4.420000076293945,8137.0
2024-08-21 11:40:00,HYMC,2.4700000286102295,2.4700000286102295,2.4700000286102295,2.4700000286102295,2.4700000286102295,182.0
2024-08-21 11:40:00,LWLG,2.6500000953674316,2.6500000953674316,2.6500000953674316,2.6500000953674316,2.6500000953674316,22.0
2024-08-21 11:40:00,MERC,6.329999923706055,6.329999923706055,6.34499979019165,6.320000171661377,6.320000171661377,2708.0
2024-08-21 11:40:00,ORGN,1.434999942779541,1.434999942779541,1.434999942779541,1.4300999641418457,1.4300999641418457,1602.0
2024-08-21 11:40:00,PAAS,21.520000457763672,21.520000457763672,21.545000076293945,21.5132999420166,21.540000915527344,5443.0
2024-08-21 11:40:00,PPTA,8.675000190734863,8.675000190734863,8.675000190734863,8.675000190734863,8.675000190734863,208.0
2024-08-21 11:40:00,SGML,11.029999732971191,11.029999732971191,11.029999732971191,11.020000457763672,11.020000457763672,382.0
2024-08-21 11:40:00,SSRM,5.40500020980835,5.40500020980835,5.414999961853027,5.400000095367432,5.414999961853027,5552.0
2024-08-21 11:40:00,STLD,117.625,117.625,117.625,117.625,117.625,202.0
2024-08-21 11:41:00,ASTL,9.614999771118164,9.614999771118164,9.614999771118164,9.609999656677246,9.609999656677246,2108.0
2024-08-21 11:41:00,GEVO,0.7504000067710876,0.7504000067710876,0.7540000081062317,0.7504000067710876,0.7540000081062317,227.0
2024-08-21 11:41:00,GPRE,13.755000114440918,13.755000114440918,13.755000114440918,13.755000114440918,13.755000114440918,126.0
2024-08-21 11:41:00,LWLG,2.6600000858306885,2.6600000858306885,2.6600000858306885,2.6600000858306885,2.6600000858306885,1166.0
2024-08-21 11:41:00,MERC,6.340000152587891,6.340000152587891,6.340000152587891,6.320000171661377,6.329999923706055,892.0
2024-08-21 11:41:00,METC,12.0,12.0,12.0,12.0,12.0,692.0
2024-08-21 11:41:00,ORGN,1.4200999736785889,1.4200999736785889,1.4299999475479126,1.4200999736785889,1.4299999475479126,4765.0
2024-08-21 11:41:00,PAAS,21.530000686645508,21.530000686645508,21.530000686645508,21.520000457763672,21.520000457763672,2796.0
2024-08-21 11:41:00,PPTA,8.6899995803833,8.6899995803833,8.6899995803833,8.6899995803833,8.6899995803833,571.0
2024-08-21 11:41:00,RGLD,139.8800048828125,139.8800048828125,139.8800048828125,139.8800048828125,139.8800048828125,512.0
2024-08-21 11:41:00,SGML,11.050000190734863,11.050000190734863,11.0600004196167,11.029999732971191,11.029999732971191,3070.0
2024-08-21 11:41:00,SSRM,5.414999961853027,5.414999961853027,5.414999961853027,5.40500020980835,5.40500020980835,3262.0
2024-08-21 11:41:00,STLD,117.70500183105469,117.70500183105469,117.70500183105469,117.62999725341797,117.62999725341797,1239.0
2024-08-21 11:41:00,TMC,1.0611000061035156,1.0611000061035156,1.065000057220459,1.0611000061035156,1.065000057220459,5912.0
2024-08-21 11:42:00,ASTL,9.614999771118164,9.614999771118164,9.614999771118164,9.614999771118164,9.614999771118164,1549.0
2024-08-21 11:42:00,CENX,14.680000305175781,14.680000305175781,14.680000305175781,14.680000305175781,14.680000305175781,1051.0
2024-08-21 11:42:00,GPRE,13.75,13.75,13.770000457763672,13.75,13.75,500.0
2024-08-21 11:42:00,GSM,4.420000076293945,4.420000076293945,4.420000076293945,4.420000076293945,4.420000076293945,405.0
2024-08-21 11:42:00,LWLG,2.6649999618530273,2.6649999618530273,2.6649999618530273,2.6600000858306885,2.6649999618530273,3166.0
2024-08-21 11:42:00,MERC,6.309999942779541,6.309999942779541,6.329800128936768,6.309999942779541,6.329800128936768,2676.0
2024-08-21 11:42:00,METC,11.979999542236328,11.979999542236328,11.989999771118164,11.979999542236328,11.989999771118164,1837.0
2024-08-21 11:42:00,ORGN,1.4299999475479126,1.4299999475479126,1.4299999475479126,1.4199999570846558,1.4199999570846558,877.0
2024-08-21 11:42:00,PAAS,21.540000915527344,21.540000915527344,21.540000915527344,21.530000686645508,21.540000915527344,4705.0
2024-08-21 11:42:00,RGLD,139.91290283203125,139.91290283203125,139.91290283203125,139.91290283203125,139.91290283203125,566.0
2024-08-21 11:42:00,SGML,11.0600004196167,11.0600004196167,11.0600004196167,11.0600004196167,11.0600004196167,694.0
2024-08-21 11:42:00,SSRM,5.425000190734863,5.425000190734863,5.425000190734863,5.414999961853027,5.414999961853027,3992.0
2024-08-21 11:42:00,STLD,117.69999694824219,117.69999694824219,117.71499633789062,117.66000366210938,117.71499633789062,1688.0
2024-08-21 11:42:00,TMC,1.0700000524520874,1.0700000524520874,1.0700000524520874,1.0600999593734741,1.0700000524520874,6548.0
2024-08-21 11:43:00,ASTL,9.635000228881836,9.635000228881836,9.635000228881836,9.619999885559082,9.619999885559082,6258.0
2024-08-21 11:43:00,CENX,14.675000190734863,14.675000190734863,14.699999809265137,14.675000190734863,14.699999809265137,1765.0
2024-08-21 11:43:00,GEVO,0.7573999762535095,0.7573999762535095,0.7573999762535095,0.7540000081062317,0.7540000081062317,301.0
2024-08-21 11:43:00,GPRE,13.75,13.75,13.75,13.75,13.75,167.0
2024-08-21 11:43:00,GSM,4.414999961853027,4.414999961853027,4.425000190734863,4.414999961853027,4.420000076293945,7439.0
2024-08-21 11:43:00,HDSN,8.024999618530273,8.024999618530273,8.024999618530273,8.024999618530273,8.024999618530273,114.0
2024-08-21 11:43:00,HWKN,122.12999725341797,122.12999725341797,122.12999725341797,122.12999725341797,122.12999725341797,314.0
2024-08-21 11:43:00,HYMCL,0.02500000037252903,0.02500000037252903,0.02500000037252903,0.02500000037252903,0.02500000037252903,1300.0
2024-08-21 11:43:00,IPX,15.350000381469727,15.350000381469727,15.350000381469727,15.350000381469727,15.350000381469727,102.0
2024-08-21 11:43:00,LWLG,2.6700000762939453,2.6700000762939453,2.680000066757202,2.6649999618530273,2.6649999618530273,8332.0
2024-08-21 11:43:00,ORGN,1.4299999475479126,1.4299999475479126,1.4299999475479126,1.4299999475479126,1.4299999475479126,945.0
2024-08-21 11:43:00,PAAS,21.540000915527344,21.540000915527344,21.545000076293945,21.540000915527344,21.540000915527344,1302.0
2024-08-21 11:43:00,PLL,8.720000267028809,8.720000267028809,8.739999771118164,8.720000267028809,8.739999771118164,1167.0
2024-08-21 11:43:00,SGML,11.069199562072754,11.069199562072754,11.069199562072754,11.0600004196167,11.0600004196167,897.0
2024-08-21 11:43:00,SSRM,5.434999942779541,5.434999942779541,5.434999942779541,5.425000190734863,5.425000190734863,11216.0
2024-08-21 11:43:00,STLD,117.70999908447266,117.70999908447266,117.70999908447266,117.65499877929688,117.65499877929688,1429.0
2024-08-21 11:43:00,TMC,1.0700000524520874,1.0700000524520874,1.0700000524520874,1.0612000226974487,1.0699000358581543,1167.0
2024-08-21 11:44:00,ACNT,10.0,10.0,10.0,10.0,10.0,990.0
2024-08-21 11:44:00,ALTO,1.434999942779541,1.434999942779541,1.434999942779541,1.434999942779541,1.434999942779541,2701.0
2024-08-21 11:44:00,CENX,14.670000076293945,14.670000076293945,14.680000305175781,14.670000076293945,14.670000076293945,1412.0
2024-08-21 11:44:00,GEVO,0.7540000081062317,0.7540000081062317,0.7573999762535095,0.7540000081062317,0.7573999762535095,414.0
2024-08-21 11:44:00,GPRE,13.75,13.75,13.75,13.75,13.75,572.0
2024-08-21 11:44:00,GSM,4.414999961853027,4.414999961853027,4.414999961853027,4.414999961853027,4.414999961853027,1431.0
2024-08-21 11:44:00,KALU,70.9749984741211,70.9749984741211,70.9749984741211,70.9749984741211,70.9749984741211,1203.0
2024-08-21 11:44:00,LWLG,2.6600000858306885,2.6600000858306885,2.6649999618530273,2.6600000858306885,2.6600000858306885,1092.0
2024-08-21 11:44:00,METC,11.97719955444336,11.97719955444336,11.97719955444336,11.970000267028809,11.970000267028809,938.0
2024-08-21 11:44:00,PAAS,21.53499984741211,21.53499984741211,21.545000076293945,21.530000686645508,21.545000076293945,1210.0
2024-08-21 11:44:00,PLL,8.720000267028809,8.720000267028809,8.720000267028809,8.720000267028809,8.720000267028809,189.0
2024-08-21 11:44:00,SGML,11.050000190734863,11.050000190734863,11.050000190734863,11.050000190734863,11.050000190734863,1373.0
2024-08-21 11:44:00,SMID,34.0,34.0,34.0,34.0,34.0,944.0
2024-08-21 11:44:00,SSRM,5.420000076293945,5.420000076293945,5.434999942779541,5.414999961853027,5.434999942779541,6303.0
2024-08-21 11:44:00,STLD,117.625,117.625,117.625,117.625,117.625,144.0
2024-08-21 11:44:00,TMC,1.065000057220459,1.065000057220459,1.0700000524520874,1.065000057220459,1.0700000524520874,400.0
2024-08-21 11:44:00,USAP,39.97999954223633,39.97999954223633,39.97999954223633,39.97999954223633,39.97999954223633,215.0
2024-08-21 11:45:00,ASTL,9.630000114440918,9.630000114440918,9.630000114440918,9.609999656677246,9.609999656677246,2174.0
2024-08-21 11:45:00,CENX,14.65999984741211,14.65999984741211,14.65999984741211,14.65999984741211,14.65999984741211,818.0
2024-08-21 11:45:00,GPRE,13.760000228881836,13.760000228881836,13.760000228881836,13.760000228881836,13.760000228881836,136.0
2024-08-21 11:45:00,GSM,4.414999961853027,4.414999961853027,4.414999961853027,4.414999961853027,4.414999961853027,722.0
2024-08-21 11:45:00,HDSN,8.029999732971191,8.029999732971191,8.029999732971191,8.029999732971191,8.029999732971191,1065.0
2024-08-21 11:45:00,LOOP,1.3950999975204468,1.3950999975204468,1.3950999975204468,1.3950999975204468,1.3950999975204468,173.0
2024-08-21 11:45:00,LWLG,2.6649999618530273,2.6649999618530273,2.6649999618530273,2.6600000858306885,2.6649999618530273,1050.0
2024-08-21 11:45:00,METC,11.979999542236328,11.979999542236328,11.979999542236328,11.975000381469727,11.975000381469727,417.0
2024-08-21 11:45:00,ORGN,1.4200999736785889,1.4200999736785889,1.4299999475479126,1.4200999736785889,1.4299999475479126,1943.0
2024-08-21 11:45:00,PAAS,21.540000915527344,21.540000915527344,21.549999237060547,21.530000686645508,21.530000686645508,10037.0
2024-08-21 11:45:00,PLL,8.779999732971191,8.779999732971191,8.779999732971191,8.739999771118164,8.739999771118164,1275.0
2024-08-21 11:45:00,RGLD,140.0,140.0,140.0,140.0,140.0,675.0
2024-08-21 11:45:00,SGML,11.079999923706055,11.079999923706055,11.079999923706055,11.050000190734863,11.050000190734863,3456.0
2024-08-21 11:45:00,SMID,34.0,34.0,34.0,34.0,34.0,996.0
2024-08-21 11:45:00,SSRM,5.425000190734863,5.425000190734863,5.425000190734863,5.420000076293945,5.420000076293945,1619.0
2024-08-21 11:45:00,STLD,117.69999694824219,117.69999694824219,117.69999694824219,117.67500305175781,117.67500305175781,1469.0
2024-08-21 11:45:00,TMC,1.0700000524520874,1.0700000524520874,1.0700000524520874,1.065000057220459,1.065000057220459,2098.0
2024-08-21 11:46:00,ASTL,9.619999885559082,9.619999885559082,9.619999885559082,9.619000434875488,9.619000434875488,1689.0
2024-08-21 11:46:00,CENX,14.65999984741211,14.65999984741211,14.669699668884277,14.65999984741211,14.662099838256836,1545.0
2024-08-21 11:46:00,CRKN,1.7699999809265137,1.7699999809265137,1.7800999879837036,1.7699999809265137,1.7800999879837036,3155.0
2024-08-21 11:46:00,GEVO,0.7540000081062317,0.7540000081062317,0.7540000081062317,0.7540000081062317,0.7540000081062317,313.0
2024-08-21 11:46:00,GPRE,13.755000114440918,13.755000114440918,13.767399787902832,13.755000114440918,13.760000228881836,1292.0
2024-08-21 11:46:00,HYMC,2.4565000534057617,2.4565000534057617,2.490000009536743,2.4565000534057617,2.490000009536743,341.0
2024-08-21 11:46:00,LGO,1.937999963760376,1.937999963760376,1.937999963760376,1.937999963760376,1.937999963760376,507.0
2024-08-21 11:46:00,LWLG,2.6600000858306885,2.6600000858306885,2.6649999618530273,2.6600000858306885,2.6649999618530273,411.0
2024-08-21 11:46:00,METC,11.949999809265137,11.949999809265137,11.970000267028809,11.949999809265137,11.970000267028809,1862.0
2024-08-21 11:46:00,ORGN,1.434999942779541,1.434999942779541,1.434999942779541,1.434999942779541,1.434999942779541,215.0
2024-08-21 11:46:00,PAAS,21.530000686645508,21.530000686645508,21.530000686645508,21.530000686645508,21.530000686645508,747.0
2024-08-21 11:46:00,PLL,8.779999732971191,8.779999732971191,8.779999732971191,8.779999732971191,8.779999732971191,242.0
2024-08-21 11:46:00,SGML,11.0600004196167,11.0600004196167,11.069999694824219,11.055000305175781,11.069999694824219,1968.0
2024-08-21 11:46:00,SMID,34.040000915527344,34.040000915527344,34.040000915527344,33.841800689697266,33.841800689697266,4182.0
2024-08-21 11:46:00,SSRM,5.420000076293945,5.420000076293945,5.425000190734863,5.420000076293945,5.425000190734863,1708.0
2024-08-21 11:46:00,TMC,1.0700000524520874,1.0700000524520874,1.0700000524520874,1.0700000524520874,1.0700000524520874,30247.0
2024-08-21 11:46:00,ZEUS,41.125,41.125,41.125,41.125,41.125,323.0
2024-08-21 11:47:00,ASTL,9.614999771118164,9.614999771118164,9.614999771118164,9.614999771118164,9.614999771118164,344.0
2024-08-21 11:47:00,CENX,14.649800300598145,14.649800300598145,14.649800300598145,14.649800300598145,14.649800300598145,268.0
2024-08-21 11:47:00,GPRE,13.760000228881836,13.760000228881836,13.760000228881836,13.75,13.75,500.0
2024-08-21 11:47:00,GSM,4.409999847412109,4.409999847412109,4.409999847412109,4.409999847412109,4.409999847412109,162.0
2024-08-21 11:47:00,GURE,1.1699999570846558,1.1699999570846558,1.1699999570846558,1.090000033378601,1.0959999561309814,10880.0
2024-08-21 11:47:00,IOSP,110.69000244140625,110.69000244140625,110.69000244140625,110.69000244140625,110.69000244140625,143.0
2024-08-21 11:47:00,LWLG,2.6649999618530273,2.6649999618530273,2.6649999618530273,2.6600000858306885,2.6600000858306885,201.0
2024-08-21 11:47:00,MEOH,44.63999938964844,44.63999938964844,44.63999938964844,44.63999938964844,44.63999938964844,793.0
2024-08-21 11:47:00,METC,11.934200286865234,11.934200286865234,11.9399995803833,11.934200286865234,11.9399995803833,818.0
2024-08-21 11:47:00,ORGN,1.440000057220459,1.440000057220459,1.440000057220459,1.4227999448776245,1.4299999475479126,1773.0
2024-08-21 11:47:00,PAAS,21.520000457763672,21.520000457763672,21.530000686645508,21.520000457763672,21.530000686645508,451.0
2024-08-21 11:47:00,SGML,11.069999694824219,11.069999694824219,11.079999923706055,11.050000190734863,11.050000190734863,4569.0
2024-08-21 11:47:00,SSRM,5.414999961853027,5.414999961853027,5.425000190734863,5.414999961853027,5.425000190734863,2381.0
2024-08-21 11:47:00,STLD,117.58000183105469,117.58000183105469,117.63999938964844,117.58000183105469,117.63999938964844,773.0
2024-08-21 11:47:00,UFPI,120.0199966430664,120.0199966430664,120.0199966430664,120.0199966430664,120.0199966430664,279.0
2024-08-21 11:47:00,USAP,39.9900016784668,39.9900016784668,39.9900016784668,39.9900016784668,39.9900016784668,241.0
2024-08-21 11:48:00,ASTL,9.619999885559082,9.619999885559082,9.619999885559082,9.619999885559082,9.619999885559082,381.0
2024-08-21 11:48:00,CENX,14.649999618530273,14.649999618530273,14.649999618530273,14.639399528503418,14.639399528503418,1220.0
2024-08-21 11:48:00,CRKN,1.7799999713897705,1.7799999713897705,1.7799999713897705,1.7799999713897705,1.7799999713897705,651.0
2024-08-21 11:48:00,GEVO,0.7538999915122986,0.7538999915122986,0.7538999915122986,0.7538999915122986,0.7538999915122986,400.0
2024-08-21 11:48:00,GPRE,13.760000228881836,13.760000228881836,13.760000228881836,13.75,13.75,461.0
2024-08-21 11:48:00,GSM,4.409999847412109,4.409999847412109,4.409999847412109,4.409999847412109,4.409999847412109,111.0
2024-08-21 11:48:00,GURE,1.1577999591827393,1.1577999591827393,1.1699999570846558,1.149999976158142,1.1699999570846558,10802.0
2024-08-21 11:48:00,HWKN,121.83000183105469,121.83000183105469,121.88999938964844,121.83000183105469,121.88999938964844,579.0
2024-08-21 11:48:00,LWLG,2.6600000858306885,2.6600000858306885,2.6600000858306885,2.6600000858306885,2.6600000858306885,103.0
2024-08-21 11:48:00,MERC,6.260000228881836,6.260000228881836,6.309999942779541,6.260000228881836,6.309999942779541,7650.0
2024-08-21 11:48:00,ORGN,1.4299999475479126,1.4299999475479126,1.4299999475479126,1.4299999475479126,1.4299999475479126,1110.0
2024-08-21 11:48:00,PAAS,21.530000686645508,21.530000686645508,21.540000915527344,21.530000686645508,21.530000686645508,3944.0
2024-08-21 11:48:00,PLL,8.826700210571289,8.826700210571289,8.829999923706055,8.797699928283691,8.797699928283691,6883.0
2024-08-21 11:48:00,SGML,11.069999694824219,11.069999694824219,11.069999694824219,11.069999694824219,11.069999694824219,347.0
2024-08-21 11:48:00,SSRM,5.434999942779541,5.434999942779541,5.434999942779541,5.414999961853027,5.414999961853027,8509.0
2024-08-21 11:48:00,STLD,117.53099822998047,117.53099822998047,117.58000183105469,117.53099822998047,117.58000183105469,1719.0
2024-08-21 11:49:00,ASTL,9.614999771118164,9.614999771118164,9.625,9.614999771118164,9.625,869.0
2024-08-21 11:49:00,CENX,14.619999885559082,14.619999885559082,14.630000114440918,14.619999885559082,14.630000114440918,3177.0
2024-08-21 11:49:00,CRKN,1.7799999713897705,1.7799999713897705,1.7799999713897705,1.7799999713897705,1.7799999713897705,546.0
2024-08-21 11:49:00,GEVO,0.7505000233650208,0.7505000233650208,0.7505000233650208,0.7505000233650208,0.7505000233650208,1138.0
2024-08-21 11:49:00,GPRE,13.739999771118164,13.739999771118164,13.760000228881836,13.739999771118164,13.760000228881836,2391.0
2024-08-21 11:49:00,GSM,4.40500020980835,4.40500020980835,4.409999847412109,4.400000095367432,4.409999847412109,9264.0
2024-08-21 11:49:00,HDSN,8.020000457763672,8.020000457763672,8.020000457763672,8.015000343322754,8.015000343322754,741.0
2024-08-21 11:49:00,IOSP,110.54000091552734,110.54000091552734,110.54000091552734,110.54000091552734,110.54000091552734,328.0
2024-08-21 11:49:00,LGO,1.9299999475479126,1.9299999475479126,1.9299999475479126,1.9299999475479126,1.9299999475479126,50.0
2024-08-21 11:49:00,LWLG,2.6600000858306885,2.6600000858306885,2.6700000762939453,2.6600000858306885,2.6649999618530273,7379.0
2024-08-21 11:49:00,METC,11.930000305175781,11.930000305175781,11.930000305175781,11.930000305175781,11.930000305175781,707.0
2024-08-21 11:49:00,ORGN,1.4149999618530273,1.4149999618530273,1.4199999570846558,1.4149999618530273,1.4199999570846558,17107.0
2024-08-21 11:49:00,PAAS,21.530000686645508,21.530000686645508,21.545000076293945,21.530000686645508,21.53499984741211,5088.0
2024-08-21 11:49:00,PLL,8.819999694824219,8.819999694824219,8.819999694824219,8.819999694824219,8.819999694824219,358.0
2024-08-21 11:49:00,PPTA,8.710000038146973,8.710000038146973,8.729999542236328,8.710000038146973,8.729999542236328,355.0
2024-08-21 11:49:00,RGLD,140.11000061035156,140.11000061035156,140.11000061035156,140.11000061035156,140.11000061035156,202.0
2024-08-21 11:49:00,SGML,11.050000190734863,11.050000190734863,11.069999694824219,11.050000190734863,11.069999694824219,2769.0
2024-08-21 11:49:00,SMID,34.099998474121094,34.099998474121094,34.099998474121094,34.099998474121094,34.099998474121094,1010.0
2024-08-21 11:49:00,SSRM,5.434999942779541,5.434999942779541,5.440000057220459,5.434999942779541,5.440000057220459,963.0
2024-08-21 11:49:00,STLD,117.4749984741211,117.4749984741211,117.55000305175781,117.4749984741211,117.55000305175781,916.0
2024-08-21 11:49:00,TMC,1.0800000429153442,1.0800000429153442,1.0800000429153442,1.069599986076355,1.069599986076355,18579.0
2024-08-21 11:49:00,UFPI,119.79000091552734,119.79000091552734,119.79000091552734,119.79000091552734,119.79000091552734,562.0
2024-08-21 11:49:00,USLM,77.94999694824219,77.94999694824219,77.94999694824219,77.94999694824219,77.94999694824219,490.0
2024-08-21 11:50:00,ASTL,9.609999656677246,9.609999656677246,9.609999656677246,9.609999656677246,9.609999656677246,135.0
2024-08-21 11:50:00,BCPC,168.61000061035156,168.61000061035156,168.61000061035156,168.61000061035156,168.61000061035156,846.0
2024-08-21 11:50:00,CENX,14.609999656677246,14.609999656677246,14.617500305175781,14.609999656677246,14.617500305175781,957.0
2024-08-21 11:50:00,GPRE,13.739999771118164,13.739999771118164,13.739999771118164,13.739999771118164,13.739999771118164,235.0
2024-08-21 11:50:00,GSM,4.409999847412109,4.409999847412109,4.409999847412109,4.409999847412109,4.409999847412109,201.0
2024-08-21 11:50:00,HWKN,121.76000213623047,121.76000213623047,121.76000213623047,121.76000213623047,121.76000213623047,168.0
2024-08-21 11:50:00,IOSP,110.52999877929688,110.52999877929688,110.52999877929688,110.52999877929688,110.52999877929688,969.0
2024-08-21 11:50:00,LWLG,2.6600000858306885,2.6600000858306885,2.6600000858306885,2.6600000858306885,2.6600000858306885,1169.0
2024-08-21 11:50:00,MEOH,44.619998931884766,44.619998931884766,44.619998931884766,44.619998931884766,44.619998931884766,835.0
2024-08-21 11:50:00,METC,11.920000076293945,11.920000076293945,11.920000076293945,11.920000076293945,11.920000076293945,495.0
2024-08-21 11:50:00,ORGN,1.399999976158142,1.399999976158142,1.4149999618530273,1.399999976158142,1.4149999618530273,11225.0
2024-08-21 11:50:00,PAAS,21.510000228881836,21.510000228881836,21.530000686645508,21.510000228881836,21.52389907836914,1807.0
2024-08-21 11:50:00,PLL,8.789999961853027,8.789999961853027,8.8100004196167,8.789999961853027,8.8100004196167,1298.0
2024-08-21 11:50:00,PPTA,8.680000305175781,8.680000305175781,8.71500015258789,8.680000305175781,8.710000038146973,5048.0
2024-08-21 11:50:00,SMID,33.345001220703125,33.345001220703125,34.20320129394531,33.345001220703125,34.0,1895.0
2024-08-21 11:50:00,SSRM,5.429999828338623,5.429999828338623,5.434999942779541,5.429999828338623,5.434999942779541,440.0
2024-08-21 11:50:00,STLD,117.51000213623047,117.51000213623047,117.51000213623047,117.51000213623047,117.51000213623047,523.0
2024-08-21 11:50:00,TMC,1.090000033378601,1.090000033378601,1.090000033378601,1.0800000429153442,1.0800000429153442,3612.0
2024-08-21 11:50:00,UFPI,119.92500305175781,119.92500305175781,119.92500305175781,119.92500305175781,119.92500305175781,1564.0
2024-08-21 11:51:00,ASTL,9.630000114440918,9.630000114440918,9.630000114440918,9.614999771118164,9.619000434875488,1059.0
2024-08-21 11:51:00,CENX,14.600000381469727,14.600000381469727,14.604999542236328,14.600000381469727,14.604999542236328,1904.0
2024-08-21 11:51:00,CRKN,1.7799999713897705,1.7799999713897705,1.7799999713897705,1.7799999713897705,1.7799999713897705,785.0
2024-08-21 11:51:00,GPRE,13.739999771118164,13.739999771118164,13.739999771118164,13.739999771118164,13.739999771118164,331.0
2024-08-21 11:51:00,GSM,4.400000095367432,4.400000095367432,4.40500020980835,4.400000095367432,4.400000095367432,2322.0
2024-08-21 11:51:00,GURE,1.1683000326156616,1.1683000326156616,1.1699999570846558,1.159999966621399,1.159999966621399,1250.0
2024-08-21 11:51:00,LWLG,2.6614999771118164,2.6614999771118164,2.6614999771118164,2.6600000858306885,2.6600000858306885,652.0
2024-08-21 11:51:00,MERC,6.269999980926514,6.269999980926514,6.269999980926514,6.269999980926514,6.269999980926514,704.0
2024-08-21 11:51:00,METC,11.92710018157959,11.92710018157959,11.930000305175781,11.914999961853027,11.930000305175781,809.0
2024-08-21 11:51:00,ORGN,1.4149999618530273,1.4149999618530273,1.4149999618530273,1.4049999713897705,1.4049999713897705,5477.0
2024-08-21 11:51:00,PAAS,21.485000610351562,21.485000610351562,21.5,21.479999542236328,21.5,3333.0
2024-08-21 11:51:00,PPTA,8.680000305175781,8.680000305175781,8.680000305175781,8.680000305175781,8.680000305175781,1042.0
2024-08-21 11:51:00,RGLD,139.8699951171875,139.8699951171875,139.8699951171875,139.8699951171875,139.8699951171875,534.0
2024-08-21 11:51:00,SGML,10.975000381469727,10.975000381469727,11.039999961853027,10.970000267028809,11.029999732971191,12927.0
2024-08-21 11:51:00,SSRM,5.425000190734863,5.425000190734863,5.434999942779541,5.425000190734863,5.434999942779541,1563.0
2024-08-21 11:51:00,STLD,117.50499725341797,117.50499725341797,117.50499725341797,117.50499725341797,117.50499725341797,952.0
2024-08-21 11:51:00,TMC,1.0850000381469727,1.0850000381469727,1.0850000381469727,1.0850000381469727,1.0850000381469727,350.0
2024-08-21 11:52:00,ALTO,1.434999942779541,1.434999942779541,1.434999942779541,1.434999942779541,1.434999942779541,134.0
2024-08-21 11:52:00,CENX,14.59000015258789,14.59000015258789,14.59000015258789,14.579999923706055,14.579999923706055,1346.0
2024-08-21 11:52:00,GPRE,13.760000228881836,13.760000228881836,13.760000228881836,13.739999771118164,13.739999771118164,927.0
2024-08-21 11:52:00,GSM,4.400000095367432,4.400000095367432,4.40500020980835,4.400000095367432,4.400000095367432,719.0
2024-08-21 11:52:00,LWLG,2.6600000858306885,2.6600000858306885,2.6649999618530273,2.6600000858306885,2.6600000858306885,1510.0
2024-08-21 11:52:00,PAAS,21.5,21.5,21.5,21.47130012512207,21.489999771118164,2044.0
2024-08-21 11:52:00,SGML,11.03499984741211,11.03499984741211,11.03499984741211,10.989999771118164,11.0,9343.0
2024-08-21 11:52:00,SMID,33.400001525878906,33.400001525878906,33.86000061035156,33.34000015258789,33.68000030517578,1585.0
2024-08-21 11:52:00,SSRM,5.425000190734863,5.425000190734863,5.428500175476074,5.425000190734863,5.425000190734863,841.0
2024-08-21 11:52:00,TMC,1.0850000381469727,1.0850000381469727,1.090000033378601,1.0850000381469727,1.090000033378601,2280.0
2024-08-21 11:53:00,ASTL,9.625,9.625,9.635000228881836,9.625,9.630000114440918,1619.0
2024-08-21 11:53:00,CENX,14.600000381469727,14.600000381469727,14.600000381469727,14.595000267028809,14.600000381469727,2003.0
2024-08-21 11:53:00,GSM,4.400000095367432,4.400000095367432,4.400000095367432,4.400000095367432,4.400000095367432,407.0
2024-08-21 11:53:00,HWKN,121.76499938964844,121.76499938964844,121.76499938964844,121.76499938964844,121.76499938964844,840.0
2024-08-21 11:53:00,IONR,3.5892999172210693,3.5892999172210693,3.5892999172210693,3.5892999172210693,3.5892999172210693,1300.0
2024-08-21 11:53:00,IOSP,110.4000015258789,110.4000015258789,110.4000015258789,110.4000015258789,110.4000015258789,335.0
2024-08-21 11:53:00,LGO,1.934999942779541,1.934999942779541,1.934999942779541,1.934999942779541,1.934999942779541,312.0
2024-08-21 11:53:00,LWLG,2.6600000858306885,2.6600000858306885,2.664400100708008,2.6600000858306885,2.664400100708008,452.0
2024-08-21 11:53:00,MERC,6.28000020980835,6.28000020980835,6.28000020980835,6.28000020980835,6.28000020980835,342.0
2024-08-21 11:53:00,ORGN,1.4049999713897705,1.4049999713897705,1.4049999713897705,1.4005000591278076,1.4005000591278076,563.0
2024-08-21 11:53:00,PAAS,21.489999771118164,21.489999771118164,21.489999771118164,21.489999771118164,21.489999771118164,220.0
2024-08-21 11:53:00,PPTA,8.6899995803833,8.6899995803833,8.6899995803833,8.670000076293945,8.678600311279297,875.0
2024-08-21 11:53:00,RGLD,139.83489990234375,139.83489990234375,139.83489990234375,139.83489990234375,139.83489990234375,741.0
2024-08-21 11:53:00,SGML,11.039999961853027,11.039999961853027,11.039999961853027,11.039999961853027,11.039999961853027,266.0
2024-08-21 11:53:00,SMID,33.630001068115234,33.630001068115234,33.630001068115234,33.630001068115234,33.630001068115234,1004.0
2024-08-21 11:53:00,SSRM,5.425000190734863,5.425000190734863,5.425000190734863,5.425000190734863,5.425000190734863,296.0
2024-08-21 11:53:00,STLD,117.62999725341797,117.62999725341797,117.62999725341797,117.55999755859375,117.55999755859375,422.0
2024-08-21 11:53:00,USAP,39.9900016784668,39.9900016784668,40.0099983215332,39.9900016784668,40.0,695.0
2024-08-21 11:53:00,USLM,78.0,78.0,78.0,78.0,78.0,182.0
2024-08-21 11:53:00,WDFC,252.4550018310547,252.4550018310547,252.4550018310547,252.4550018310547,252.4550018310547,893.0
2024-08-21 11:54:00,ALTO,1.434999942779541,1.434999942779541,1.434999942779541,1.434999942779541,1.434999942779541,263.0
2024-08-21 11:54:00,CENX,14.579999923706055,14.579999923706055,14.60990047454834,14.579999923706055,14.60990047454834,1337.0
2024-08-21 11:54:00,FEAM,0.8634999990463257,0.8634999990463257,0.8634999990463257,0.8634999990463257,0.8634999990463257,2064.0
2024-08-21 11:54:00,GEVO,0.7502999901771545,0.7502999901771545,0.7534000277519226,0.7502999901771545,0.7504000067710876,1273.0
2024-08-21 11:54:00,GPRE,13.75,13.75,13.75,13.75,13.75,395.0
2024-08-21 11:54:00,HYMC,2.5,2.5,2.5,2.5,2.5,3002.0
2024-08-21 11:54:00,LWLG,2.6600000858306885,2.6600000858306885,2.6600000858306885,2.6600000858306885,2.6600000858306885,1.0
2024-08-21 11:54:00,METC,11.925000190734863,11.925000190734863,11.9350004196167,11.925000190734863,11.9350004196167,1643.0
2024-08-21 11:54:00,ORGN,1.409999966621399,1.409999966621399,1.409999966621399,1.4049999713897705,1.4049999713897705,217.0
2024-08-21 11:54:00,PAAS,21.479999542236328,21.479999542236328,21.479999542236328,21.479999542236328,21.479999542236328,511.0
2024-08-21 11:54:00,PLL,8.819999694824219,8.819999694824219,8.819999694824219,8.819999694824219,8.819999694824219,241.0
2024-08-21 11:54:00,PPTA,8.699999809265137,8.699999809265137,8.699999809265137,8.699999809265137,8.699999809265137,357.0
2024-08-21 11:54:00,SMID,33.790000915527344,33.790000915527344,33.790000915527344,33.790000915527344,33.790000915527344,1217.0
2024-08-21 11:54:00,SSRM,5.425000190734863,5.425000190734863,5.425000190734863,5.425000190734863,5.425000190734863,350.0
2024-08-21 11:54:00,STLD,117.5999984741211,117.5999984741211,117.62999725341797,117.5999984741211,117.62999725341797,417.0
2024-08-21 11:54:00,TMC,1.0800000429153442,1.0800000429153442,1.0800000429153442,1.0800000429153442,1.0800000429153442,1261.0
2024-08-21 11:54:00,USAP,39.79999923706055,39.79999923706055,39.79999923706055,39.79999923706055,39.79999923706055,407.0
2024-08-21 11:55:00,ASTL,9.614999771118164,9.614999771118164,9.619999885559082,9.614999771118164,9.619999885559082,943.0
2024-08-21 11:55:00,CENX,14.579999923706055,14.579999923706055,14.579999923706055,14.579999923706055,14.579999923706055,507.0
2024-08-21 11:55:00,ELBM,0.5098999738693237,0.5098999738693237,0.5098999738693237,0.5098999738693237,0.5098999738693237,400.0
2024-08-21 11:55:00,GPRE,13.75,13.75,13.75,13.75,13.75,381.0
2024-08-21 11:55:00,GSM,4.400000095367432,4.400000095367432,4.400000095367432,4.400000095367432,4.400000095367432,405.0
2024-08-21 11:55:00,GURE,1.1691999435424805,1.1691999435424805,1.1699999570846558,1.1691999435424805,1.1699999570846558,3822.0
2024-08-21 11:55:00,HYMC,2.484999895095825,2.484999895095825,2.484999895095825,2.484999895095825,2.484999895095825,3082.0
2024-08-21 11:55:00,HYMCL,0.02500000037252903,0.02500000037252903,0.02500000037252903,0.02500000037252903,0.02500000037252903,2000.0
2024-08-21 11:55:00,LWLG,2.6649999618530273,2.6649999618530273,2.6649999618530273,2.6600000858306885,2.6600000858306885,539.0
2024-08-21 11:55:00,MEOH,44.6150016784668,44.6150016784668,44.6150016784668,44.6150016784668,44.6150016784668,219.0
2024-08-21 11:55:00,ORGN,1.4049999713897705,1.4049999713897705,1.4049999713897705,1.4049999713897705,1.4049999713897705,952.0
2024-08-21 11:55:00,PAAS,21.469999313354492,21.469999313354492,21.47010040283203,21.459999084472656,21.47010040283203,3624.0
2024-08-21 11:55:00,SGML,11.03499984741211,11.03499984741211,11.03499984741211,11.029999732971191,11.03499984741211,1650.0
2024-08-21 11:55:00,SMID,33.810001373291016,33.810001373291016,33.810001373291016,33.810001373291016,33.810001373291016,3543.0
2024-08-21 11:55:00,SSRM,5.425000190734863,5.425000190734863,5.425000190734863,5.420000076293945,5.425000190734863,1742.0
2024-08-21 11:55:00,STLD,117.5999984741211,117.5999984741211,117.5999984741211,117.55999755859375,117.55999755859375,1025.0
2024-08-21 11:56:00,ALTO,1.434999942779541,1.434999942779541,1.434999942779541,1.434999942779541,1.434999942779541,202.0
2024-08-21 11:56:00,CENX,14.59000015258789,14.59000015258789,14.59000015258789,14.576199531555176,14.576199531555176,3755.0
2024-08-21 11:56:00,GEVO,0.7501999735832214,0.7501999735832214,0.7502999901771545,0.7501999735832214,0.7502999901771545,297.0
2024-08-21 11:56:00,GPRE,13.75,13.75,13.75,13.739999771118164,13.75,1956.0
2024-08-21 11:56:00,GSM,4.400000095367432,4.400000095367432,4.400000095367432,4.400000095367432,4.400000095367432,200.0
2024-08-21 11:56:00,GURE,1.1299999952316284,1.1299999952316284,1.1299999952316284,1.1299999952316284,1.1299999952316284,0.0
2024-08-21 11:56:00,LWLG,2.6600000858306885,2.6600000858306885,2.6600000858306885,2.6600000858306885,2.6600000858306885,207.0
2024-08-21 11:56:00,MERC,6.260000228881836,6.260000228881836,6.260000228881836,6.260000228881836,6.260000228881836,331.0
2024-08-21 11:56:00,METC,11.930000305175781,11.930000305175781,11.930000305175781,11.930000305175781,11.930000305175781,117.0
2024-08-21 11:56:00,ORGN,1.4003000259399414,1.4003000259399414,1.4003000259399414,1.4003000259399414,1.4003000259399414,406.0
2024-08-21 11:56:00,PAAS,21.510000228881836,21.510000228881836,21.510000228881836,21.475000381469727,21.475000381469727,3204.0
2024-08-21 11:56:00,PLL,8.803400039672852,8.803400039672852,8.819700241088867,8.803400039672852,8.819700241088867,1021.0
2024-08-21 11:56:00,SGML,11.039999961853027,11.039999961853027,11.039999961853027,11.039999961853027,11.039999961853027,364.0
2024-08-21 11:56:00,SMID,33.959999084472656,33.959999084472656,33.959999084472656,33.68000030517578,33.95000076293945,3710.0
2024-08-21 11:56:00,SSRM,5.431000232696533,5.431000232696533,5.431000232696533,5.429999828338623,5.429999828338623,7970.0
2024-08-21 11:56:00,STLD,117.55000305175781,117.55000305175781,117.55000305175781,117.55000305175781,117.55000305175781,707.0
2024-08-21 11:56:00,TMC,1.0808000564575195,1.0808000564575195,1.0808000564575195,1.0808000564575195,1.0808000564575195,5380.0
2024-08-21 11:57:00,ELBM,0.5098999738693237,0.5098999738693237,0.5099999904632568,0.5098999738693237,0.5098999738693237,11843.0
2024-08-21 11:57:00,GEVO,0.7501999735832214,0.7501999735832214,0.7501999735832214,0.7501999735832214,0.7501999735832214,119.0
2024-08-21 11:57:00,GPRE,13.729999542236328,13.729999542236328,13.739999771118164,13.729999542236328,13.729999542236328,2144.0
2024-08-21 11:57:00,GSM,4.400000095367432,4.400000095367432,4.400000095367432,4.400000095367432,4.400000095367432,310.0
2024-08-21 11:57:00,LWLG,2.6689999103546143,2.6689999103546143,2.6689999103546143,2.6689999103546143,2.6689999103546143,1155.0
2024-08-21 11:57:00,MEOH,44.52000045776367,44.52000045776367,44.59000015258789,44.52000045776367,44.59000015258789,837.0
2024-08-21 11:57:00,METC,11.928000450134277,11.928000450134277,11.930000305175781,11.914999961853027,11.930000305175781,1356.0
2024-08-21 11:57:00,ORGN,1.399999976158142,1.399999976158142,1.409999966621399,1.399999976158142,1.399999976158142,1864.0
2024-08-21 11:57:00,PAAS,21.4950008392334,21.4950008392334,21.510000228881836,21.4950008392334,21.510000228881836,1100.0
2024-08-21 11:57:00,RGLD,139.89999389648438,139.89999389648438,139.89999389648438,139.89999389648438,139.89999389648438,832.0
2024-08-21 11:57:00,SGML,11.039999961853027,11.039999961853027,11.039999961853027,11.039999961853027,11.039999961853027,960.0
2024-08-21 11:57:00,SSRM,5.434999942779541,5.434999942779541,5.434999942779541,5.434999942779541,5.434999942779541,0.0
2024-08-21 11:57:00,STLD,117.51000213623047,117.51000213623047,117.51000213623047,117.51000213623047,117.51000213623047,1223.0
2024-08-21 11:57:00,TMC,1.0850000381469727,1.0850000381469727,1.0850000381469727,1.0850000381469727,1.0850000381469727,1213.0
2024-08-21 11:57:00,ZEUS,41.30500030517578,41.30500030517578,41.30500030517578,41.30500030517578,41.30500030517578,254.0
2024-08-21 11:58:00,ASTL,9.609999656677246,9.609999656677246,9.609999656677246,9.604999542236328,9.604999542236328,472.0
2024-08-21 11:58:00,CENX,14.590100288391113,14.590100288391113,14.603500366210938,14.590100288391113,14.603500366210938,615.0
2024-08-21 11:58:00,CRKN,1.7799999713897705,1.7799999713897705,1.7799999713897705,1.7799999713897705,1.7799999713897705,900.0
2024-08-21 11:58:00,GEVO,0.7501999735832214,0.7501999735832214,0.7501999735832214,0.7501999735832214,0.7501999735832214,200.0
2024-08-21 11:58:00,GPRE,13.694999694824219,13.694999694824219,13.744999885559082,13.6899995803833,13.739999771118164,3544.0
2024-08-21 11:58:00,GSM,4.400000095367432,4.400000095367432,4.400000095367432,4.400000095367432,4.400000095367432,618.0
2024-08-21 11:58:00,GURE,1.159999966621399,1.159999966621399,1.159999966621399,1.159999966621399,1.159999966621399,100.0
2024-08-21 11:58:00,IOSP,110.29000091552734,110.29000091552734,110.29000091552734,110.29000091552734,110.29000091552734,730.0
2024-08-21 11:58:00,LGO,1.9299999475479126,1.9299999475479126,1.9299999475479126,1.9299999475479126,1.9299999475479126,256.0
2024-08-21 11:58:00,LOOP,1.3901000022888184,1.3901000022888184,1.3901000022888184,1.3901000022888184,1.3901000022888184,2000.0
2024-08-21 11:58:00,LWLG,2.6549999713897705,2.6549999713897705,2.6600000858306885,2.6549999713897705,2.6600000858306885,1470.0
2024-08-21 11:58:00,MEOH,44.54499816894531,44.54499816894531,44.54499816894531,44.540000915527344,44.540000915527344,1967.0
2024-08-21 11:58:00,METC,11.937299728393555,11.937299728393555,11.9399995803833,11.937299728393555,11.9399995803833,841.0
2024-08-21 11:58:00,PAAS,21.479999542236328,21.479999542236328,21.4950008392334,21.479999542236328,21.4950008392334,426.0
2024-08-21 11:58:00,PLL,8.770000457763672,8.770000457763672,8.770000457763672,8.770000457763672,8.770000457763672,268.0
2024-08-21 11:58:00,PPTA,8.714799880981445,8.714799880981445,8.714799880981445,8.714799880981445,8.714799880981445,788.0
2024-08-21 11:58:00,RGLD,139.8300018310547,139.8300018310547,139.8300018310547,139.8300018310547,139.8300018310547,504.0
2024-08-21 11:58:00,SGML,11.0649995803833,11.0649995803833,11.0649995803833,11.050000190734863,11.050000190734863,1579.0
2024-08-21 11:58:00,SSRM,5.434999942779541,5.434999942779541,5.434999942779541,5.434999942779541,5.434999942779541,486.0
2024-08-21 11:59:00,ALTO,1.4366999864578247,1.4366999864578247,1.4366999864578247,1.4366999864578247,1.4366999864578247,2016.0
2024-08-21 11:59:00,ASTL,9.604999542236328,9.604999542236328,9.604999542236328,9.604999542236328,9.604999542236328,325.0
2024-08-21 11:59:00,CENX,14.59000015258789,14.59000015258789,14.59000015258789,14.59000015258789,14.59000015258789,1516.0
2024-08-21 11:59:00,GPRE,13.6899995803833,13.6899995803833,13.6899995803833,13.6899995803833,13.6899995803833,373.0
2024-08-21 11:59:00,GSM,4.400000095367432,4.400000095367432,4.400000095367432,4.400000095367432,4.400000095367432,400.0
2024-08-21 11:59:00,HDSN,8.01159954071045,8.01159954071045,8.01159954071045,8.01159954071045,8.01159954071045,676.0
2024-08-21 11:59:00,HYMC,2.4700000286102295,2.4700000286102295,2.4700000286102295,2.4700000286102295,2.4700000286102295,150.0
2024-08-21 11:59:00,IPX,15.295000076293945,15.295000076293945,15.295000076293945,15.295000076293945,15.295000076293945,153.0
2024-08-21 11:59:00,LWLG,2.6600000858306885,2.6600000858306885,2.6600000858306885,2.6549999713897705,2.6549999713897705,2745.0
2024-08-21 11:59:00,METC,11.920000076293945,11.920000076293945,11.947400093078613,11.920000076293945,11.947400093078613,655.0
2024-08-21 11:59:00,ORGN,1.3949999809265137,1.3949999809265137,1.399999976158142,1.3949999809265137,1.3949999809265137,4258.0
2024-08-21 11:59:00,PAAS,21.485000610351562,21.485000610351562,21.489999771118164,21.479999542236328,21.479999542236328,862.0
2024-08-21 11:59:00,PLL,8.779999732971191,8.779999732971191,8.779999732971191,8.779999732971191,8.779999732971191,439.0
2024-08-21 11:59:00,SGML,11.0600004196167,11.0600004196167,11.0649995803833,11.0600004196167,11.0649995803833,679.0
2024-08-21 11:59:00,SMID,33.689998626708984,33.689998626708984,33.689998626708984,33.689998626708984,33.689998626708984,316.0
2024-08-21 11:59:00,SSRM,5.434999942779541,5.434999942779541,5.434999942779541,5.430600166320801,5.430600166320801,1002.0
2024-08-21 11:59:00,TMC,1.0892000198364258,1.0892000198364258,1.0892000198364258,1.0892000198364258,1.0892000198364258,3153.0
2024-08-21 11:59:00,USAP,39.887901306152344,39.887901306152344,39.887901306152344,39.887901306152344,39.887901306152344,1081.0
2024-08-21 12:00:00,ASTL,9.604999542236328,9.604999542236328,9.604999542236328,9.604999542236328,9.604999542236328,412.0
2024-08-21 12:00:00,BIOX,10.1850004196167,10.1850004196167,10.1850004196167,10.1850004196167,10.1850004196167,164.0
2024-08-21 12:00:00,CRKN,1.7699999809265137,1.7699999809265137,1.7699999809265137,1.7699999809265137,1.7699999809265137,1533.0
2024-08-21 12:00:00,GEVO,0.753000020980835,0.753000020980835,0.753000020980835,0.753000020980835,0.753000020980835,1783.0
2024-08-21 12:00:00,GPRE,13.6899995803833,13.6899995803833,13.6899995803833,13.6899995803833,13.6899995803833,815.0
2024-08-21 12:00:00,GSM,4.389999866485596,4.389999866485596,4.400000095367432,4.389999866485596,4.400000095367432,21050.0
2024-08-21 12:00:00,METC,11.920000076293945,11.920000076293945,11.920000076293945,11.920000076293945,11.920000076293945,1208.0
2024-08-21 12:00:00,ORGN,1.3949999809265137,1.3949999809265137,1.399999976158142,1.3949999809265137,1.399999976158142,789.0
2024-08-21 12:00:00,PAAS,21.459999084472656,21.459999084472656,21.479999542236328,21.459999084472656,21.479999542236328,1242.0
2024-08-21 12:00:00,PLL,8.789999961853027,8.789999961853027,8.789999961853027,8.770000457763672,8.770000457763672,1132.0
2024-08-21 12:00:00,PPTA,8.720000267028809,8.720000267028809,8.720000267028809,8.699999809265137,8.699999809265137,1372.0
2024-08-21 12:00:00,RGLD,139.69000244140625,139.69000244140625,139.69000244140625,139.69000244140625,139.69000244140625,628.0
2024-08-21 12:00:00,SGML,11.055000305175781,11.055000305175781,11.069999694824219,11.050000190734863,11.069999694824219,2004.0
2024-08-21 12:00:00,SMID,33.70000076293945,33.70000076293945,33.70000076293945,33.70000076293945,33.70000076293945,1057.0
2024-08-21 12:00:00,SSRM,5.420000076293945,5.420000076293945,5.429999828338623,5.420000076293945,5.429999828338623,3949.0
2024-08-21 12:00:00,STLD,117.47000122070312,117.47000122070312,117.56999969482422,117.47000122070312,117.56999969482422,4126.0
2024-08-21 12:01:00,ALTO,1.434499979019165,1.434499979019165,1.4398000240325928,1.434499979019165,1.4398000240325928,879.0
2024-08-21 12:01:00,ASTL,9.600000381469727,9.600000381469727,9.604999542236328,9.600000381469727,9.604999542236328,422.0
2024-08-21 12:01:00,CENX,14.569999694824219,14.569999694824219,14.579999923706055,14.569999694824219,14.579999923706055,407.0
2024-08-21 12:01:00,FEAM,0.8634999990463257,0.8634999990463257,0.8634999990463257,0.8634999990463257,0.8634999990463257,2592.0
2024-08-21 12:01:00,GSM,4.389999866485596,4.389999866485596,4.394999980926514,4.389999866485596,4.389999866485596,2187.0
2024-08-21 12:01:00,HDSN,8.010000228881836,8.010000228881836,8.010000228881836,8.0,8.010000228881836,1949.0
2024-08-21 12:01:00,LWLG,2.6600000858306885,2.6600000858306885,2.6600000858306885,2.6600000858306885,2.6600000858306885,105.0
2024-08-21 12:01:00,METC,11.920000076293945,11.920000076293945,11.930000305175781,11.914999961853027,11.914999961853027,1407.0
2024-08-21 12:01:00,PAAS,21.434999465942383,21.434999465942383,21.450000762939453,21.43000030517578,21.450000762939453,2145.0
2024-08-21 12:01:00,PLL,8.805000305175781,8.805000305175781,8.805000305175781,8.789999961853027,8.800000190734863,959.0
2024-08-21 12:01:00,PPTA,8.649999618530273,8.649999618530273,8.694999694824219,8.649999618530273,8.680000305175781,625.0
2024-08-21 12:01:00,RGLD,139.61000061035156,139.61000061035156,139.61000061035156,139.61000061035156,139.61000061035156,400.0
2024-08-21 12:01:00,SGML,11.0600004196167,11.0600004196167,11.0600004196167,11.052300453186035,11.052300453186035,1337.0
2024-08-21 12:01:00,SSRM,5.40500020980835,5.40500020980835,5.414999961853027,5.40500020980835,5.414999961853027,1439.0
2024-08-21 12:02:00,ASTL,9.59000015258789,9.59000015258789,9.59000015258789,9.59000015258789,9.59000015258789,424.0
2024-08-21 12:02:00,CENX,14.5600004196167,14.5600004196167,14.5600004196167,14.5600004196167,14.5600004196167,612.0
2024-08-21 12:02:00,CRKN,1.7604000568389893,1.7604000568389893,1.7604000568389893,1.7604000568389893,1.7604000568389893,634.0
2024-08-21 12:02:00,ELBM,0.5051000118255615,0.5051000118255615,0.5051000118255615,0.5049999952316284,0.5049999952316284,0.0
2024-08-21 12:02:00,GEVO,0.7516000270843506,0.7516000270843506,0.7516000270843506,0.75,0.75,361.0
2024-08-21 12:02:00,GPRE,13.6899995803833,13.6899995803833,13.6899995803833,13.6899995803833,13.6899995803833,959.0
2024-08-21 12:02:00,GSM,4.394700050354004,4.394700050354004,4.394700050354004,4.394700050354004,4.394700050354004,1195.0
2024-08-21 12:02:00,IOSP,110.22000122070312,110.22000122070312,110.22000122070312,110.22000122070312,110.22000122070312,216.0
2024-08-21 12:02:00,LGO,1.9299999475479126,1.9299999475479126,1.9299999475479126,1.9299999475479126,1.9299999475479126,600.0
2024-08-21 12:02:00,LWLG,2.6600000858306885,2.6600000858306885,2.6600000858306885,2.6600000858306885,2.6600000858306885,768.0
2024-08-21 12:02:00,MERC,6.269999980926514,6.269999980926514,6.269999980926514,6.269999980926514,6.269999980926514,111.0
2024-08-21 12:02:00,METC,11.90999984741211,11.90999984741211,11.90999984741211,11.90999984741211,11.90999984741211,580.0
2024-08-21 12:02:00,ORGN,1.3995000123977661,1.3995000123977661,1.3995000123977661,1.3899999856948853,1.3902000188827515,2256.0
2024-08-21 12:02:00,PAAS,21.40999984741211,21.40999984741211,21.43000030517578,21.40999984741211,21.43000030517578,3808.0
2024-08-21 12:02:00,RGLD,139.55499267578125,139.55499267578125,139.55499267578125,139.55499267578125,139.55499267578125,1263.0
2024-08-21 12:02:00,SGML,11.045000076293945,11.045000076293945,11.045000076293945,11.045000076293945,11.045000076293945,122.0
2024-08-21 12:02:00,SMID,33.20000076293945,33.20000076293945,33.8125,33.20000076293945,33.599998474121094,3799.0
2024-08-21 12:02:00,SSRM,5.389999866485596,5.389999866485596,5.409999847412109,5.389999866485596,5.409999847412109,3425.0
2024-08-21 12:02:00,STLD,117.43000030517578,117.43000030517578,117.43000030517578,117.41000366210938,117.41000366210938,1742.0
2024-08-21 12:02:00,ZEUS,41.2400016784668,41.2400016784668,41.2400016784668,41.2400016784668,41.2400016784668,794.0
2024-08-21 12:03:00,ASTL,9.585000038146973,9.585000038146973,9.585000038146973,9.585000038146973,9.585000038146973,283.0
2024-08-21 12:03:00,CRKN,1.7610000371932983,1.7610000371932983,1.7610000371932983,1.7610000371932983,1.7610000371932983,2281.0
2024-08-21 12:03:00,FEAM,0.8633999824523926,0.8633999824523926,0.8633999824523926,0.8610000014305115,0.8610000014305115,7562.0
2024-08-21 12:03:00,GEVO,0.75,0.75,0.7516000270843506,0.75,0.7516000270843506,1484.0
2024-08-21 12:03:00,GPRE,13.6899995803833,13.6899995803833,13.6899995803833,13.6899995803833,13.6899995803833,137.0
2024-08-21 12:03:00,GSM,4.389999866485596,4.389999866485596,4.389999866485596,4.389999866485596,4.389999866485596,3475.0
2024-08-21 12:03:00,KALU,70.52999877929688,70.52999877929688,70.6050033569336,70.52999877929688,70.6050033569336,580.0
2024-08-21 12:03:00,LWLG,2.658900022506714,2.658900022506714,2.658900022506714,2.6549999713897705,2.6549999713897705,403.0
2024-08-21 12:03:00,MERC,6.260000228881836,6.260000228881836,6.260000228881836,6.260000228881836,6.260000228881836,103.0
2024-08-21 12:03:00,METC,11.890000343322754,11.890000343322754,11.902199745178223,11.890000343322754,11.902199745178223,2642.0
2024-08-21 12:03:00,ORGN,1.3899999856948853,1.3899999856948853,1.3949999809265137,1.3899999856948853,1.3949999809265137,1122.0
2024-08-21 12:03:00,PAAS,21.415000915527344,21.415000915527344,21.422000885009766,21.399999618530273,21.40999984741211,6047.0
2024-08-21 12:03:00,PLL,8.819600105285645,8.819600105285645,8.819600105285645,8.819600105285645,8.819600105285645,1058.0
2024-08-21 12:03:00,SGML,11.0600004196167,11.0600004196167,11.0600004196167,11.045000076293945,11.059300422668457,7160.0
2024-08-21 12:03:00,SSRM,5.380000114440918,5.380000114440918,5.389999866485596,5.380000114440918,5.389999866485596,11912.0
2024-08-21 12:03:00,STLD,117.29000091552734,117.29000091552734,117.43000030517578,117.29000091552734,117.38999938964844,2072.0
2024-08-21 12:03:00,TMC,1.0896999835968018,1.0896999835968018,1.0896999835968018,1.0896999835968018,1.0896999835968018,1293.0
2024-08-21 12:04:00,ALTO,1.440000057220459,1.440000057220459,1.440000057220459,1.434999942779541,1.434999942779541,800.0
2024-08-21 12:04:00,ASTL,9.585000038146973,9.585000038146973,9.59000015258789,9.585000038146973,9.59000015258789,603.0
2024-08-21 12:04:00,CENX,14.529999732971191,14.529999732971191,14.537500381469727,14.515000343322754,14.515000343322754,2211.0
2024-08-21 12:04:00,CRKN,1.7699999809265137,1.7699999809265137,1.7699999809265137,1.7699999809265137,1.7699999809265137,319.0
2024-08-21 12:04:00,GEVO,0.7516000270843506,0.7516000270843506,0.7516000270843506,0.7516000270843506,0.7516000270843506,216.0
2024-08-21 12:04:00,GPRE,13.6899995803833,13.6899995803833,13.6899995803833,13.6899995803833,13.6899995803833,221.0
2024-08-21 12:04:00,HYMC,2.4749999046325684,2.4749999046325684,2.4749999046325684,2.4749999046325684,2.4749999046325684,701.0
2024-08-21 12:04:00,LWLG,2.6500000953674316,2.6500000953674316,2.658400058746338,2.6500000953674316,2.658400058746338,563.0
2024-08-21 12:04:00,MERC,6.260000228881836,6.260000228881836,6.260000228881836,6.260000228881836,6.260000228881836,173.0
2024-08-21 12:04:00,METC,11.904999732971191,11.904999732971191,11.904999732971191,11.880000114440918,11.880000114440918,6137.0
2024-08-21 12:04:00,PAAS,21.420000076293945,21.420000076293945,21.424999237060547,21.420000076293945,21.420000076293945,2152.0
2024-08-21 12:04:00,PLL,8.8100004196167,8.8100004196167,8.8100004196167,8.8100004196167,8.8100004196167,2276.0
2024-08-21 12:04:00,PPTA,8.668499946594238,8.668499946594238,8.668499946594238,8.668499946594238,8.668499946594238,2304.0
2024-08-21 12:04:00,SGML,11.050000190734863,11.050000190734863,11.050000190734863,11.050000190734863,11.050000190734863,474.0
2024-08-21 12:04:00,SMID,33.459999084472656,33.459999084472656,33.459999084472656,33.459999084472656,33.459999084472656,416.0
2024-08-21 12:04:00,SSRM,5.385000228881836,5.385000228881836,5.385000228881836,5.385000228881836,5.385000228881836,711.0
2024-08-21 12:04:00,USAP,39.56999969482422,39.56999969482422,39.56999969482422,39.56999969482422,39.56999969482422,202.0
2024-08-21 12:05:00,ALTO,1.434999942779541,1.434999942779541,1.434999942779541,1.434999942779541,1.434999942779541,1266.0
2024-08-21 12:05:00,ASTL,9.580100059509277,9.580100059509277,9.580100059509277,9.580100059509277,9.580100059509277,127.0
2024-08-21 12:05:00,CENX,14.5600004196167,14.5600004196167,14.560999870300293,14.539999961853027,14.539999961853027,3060.0
2024-08-21 12:05:00,GPRE,13.760000228881836,13.760000228881836,13.760000228881836,13.699999809265137,13.699999809265137,2897.0
2024-08-21 12:05:00,GSM,4.394999980926514,4.394999980926514,4.400000095367432,4.385000228881836,4.385000228881836,14971.0
2024-08-21 12:05:00,GURE,1.159999966621399,1.159999966621399,1.159999966621399,1.159999966621399,1.159999966621399,3024.0
2024-08-21 12:05:00,HUDI,2.190000057220459,2.190000057220459,2.190000057220459,2.190000057220459,2.190000057220459,650.0
2024-08-21 12:05:00,HYMC,2.4897000789642334,2.4897000789642334,2.4897000789642334,2.462599992752075,2.462599992752075,639.0
2024-08-21 12:05:00,LWLG,2.6549999713897705,2.6549999713897705,2.6549999713897705,2.6549999713897705,2.6549999713897705,27.0
2024-08-21 12:05:00,MERC,6.269999980926514,6.269999980926514,6.269999980926514,6.269999980926514,6.269999980926514,485.0
2024-08-21 12:05:00,ORGN,1.3904999494552612,1.3904999494552612,1.3980000019073486,1.3899999856948853,1.3899999856948853,1497.0
2024-08-21 12:05:00,PAAS,21.40999984741211,21.40999984741211,21.43000030517578,21.40999984741211,21.420000076293945,6777.0
2024-08-21 12:05:00,PPTA,8.645000457763672,8.645000457763672,8.645000457763672,8.645000457763672,8.645000457763672,0.0
2024-08-21 12:05:00,SGML,11.050000190734863,11.050000190734863,11.050000190734863,11.050000190734863,11.050000190734863,450.0
2024-08-21 12:05:00,SMID,33.400001525878906,33.400001525878906,33.400001525878906,33.400001525878906,33.400001525878906,205.0
2024-08-21 12:05:00,SSRM,5.380000114440918,5.380000114440918,5.385000228881836,5.380000114440918,5.385000228881836,339.0
2024-08-21 12:05:00,STLD,117.3499984741211,117.3499984741211,117.3499984741211,117.3499984741211,117.3499984741211,1040.0
2024-08-21 12:05:00,TMC,1.0750000476837158,1.0750000476837158,1.0850000381469727,1.0750000476837158,1.0850000381469727,10125.0
2024-08-21 12:05:00,USAP,39.70000076293945,39.70000076293945,39.8385009765625,39.70000076293945,39.70000076293945,1405.0
2024-08-21 12:06:00,ASTL,9.579999923706055,9.579999923706055,9.579999923706055,9.574999809265137,9.574999809265137,676.0
2024-08-21 12:06:00,CENX,14.5600004196167,14.5600004196167,14.5600004196167,14.5600004196167,14.5600004196167,1109.0
2024-08-21 12:06:00,GEVO,0.7502999901771545,0.7502999901771545,0.7502999901771545,0.7502999901771545,0.7502999901771545,300.0
2024-08-21 12:06:00,GSM,4.409999847412109,4.409999847412109,4.409999847412109,4.400000095367432,4.400000095367432,11087.0
2024-08-21 12:06:00,HDSN,8.010000228881836,8.010000228881836,8.010000228881836,8.010000228881836,8.010000228881836,749.0
2024-08-21 12:06:00,HWKN,121.86000061035156,121.86000061035156,121.86000061035156,121.86000061035156,121.86000061035156,229.0
2024-08-21 12:06:00,LITM,0.4499000012874603,0.4499000012874603,0.4499000012874603,0.4499000012874603,0.4499000012874603,6000.0
2024-08-21 12:06:00,LWLG,2.6549999713897705,2.6549999713897705,2.6549999713897705,2.6500000953674316,2.6500000953674316,322.0
2024-08-21 12:06:00,MERC,6.269999980926514,6.269999980926514,6.28000020980835,6.269999980926514,6.28000020980835,317.0
2024-08-21 12:06:00,METC,11.920000076293945,11.920000076293945,11.930000305175781,11.914999961853027,11.914999961853027,616.0
2024-08-21 12:06:00,ORGN,1.3949999809265137,1.3949999809265137,1.3949999809265137,1.3949999809265137,1.3949999809265137,2353.0
2024-08-21 12:06:00,PAAS,21.459999084472656,21.459999084472656,21.459999084472656,21.420000076293945,21.420000076293945,18048.0
2024-08-21 12:06:00,PPTA,8.649999618530273,8.649999618530273,8.670000076293945,8.645000457763672,8.645000457763672,1536.0
2024-08-21 12:06:00,SGML,11.0600004196167,11.0600004196167,11.0600004196167,11.050000190734863,11.050000190734863,2567.0
2024-08-21 12:06:00,SMID,32.86000061035156,32.86000061035156,33.5625,32.790000915527344,33.380001068115234,3642.0
2024-08-21 12:06:00,SSRM,5.381199836730957,5.381199836730957,5.389999866485596,5.381199836730957,5.385000228881836,5929.0
2024-08-21 12:06:00,USAU,5.440000057220459,5.440000057220459,5.440000057220459,5.440000057220459,5.440000057220459,425.0
2024-08-21 12:07:00,GEVO,0.7504000067710876,0.7504000067710876,0.7504000067710876,0.7504000067710876,0.7504000067710876,300.0
2024-08-21 12:07:00,GPRE,13.75,13.75,13.75,13.75,13.75,262.0
2024-08-21 12:07:00,GSM,4.40500020980835,4.40500020980835,4.40500020980835,4.40500020980835,4.40500020980835,439.0
2024-08-21 12:07:00,HWKN,121.87000274658203,121.87000274658203,121.87000274658203,121.87000274658203,121.87000274658203,978.0
2024-08-21 12:07:00,LOOP,1.399999976158142,1.399999976158142,1.399999976158142,1.399999976158142,1.399999976158142,0.0
2024-08-21 12:07:00,LWLG,2.6600000858306885,2.6600000858306885,2.6600000858306885,2.659899950027466,2.659899950027466,2167.0
2024-08-21 12:07:00,MERC,6.28000020980835,6.28000020980835,6.28000020980835,6.28000020980835,6.28000020980835,529.0
2024-08-21 12:07:00,METC,11.944999694824219,11.944999694824219,11.944999694824219,11.930000305175781,11.930000305175781,1395.0
2024-08-21 12:07:00,ORGN,1.399999976158142,1.399999976158142,1.399999976158142,1.3949999809265137,1.3949999809265137,2570.0
2024-08-21 12:07:00,PAAS,21.429500579833984,21.429500579833984,21.469999313354492,21.429500579833984,21.469999313354492,9551.0
2024-08-21 12:07:00,PLL,8.8100004196167,8.8100004196167,8.8100004196167,8.805000305175781,8.805000305175781,532.0
2024-08-21 12:07:00,PPTA,8.654999732971191,8.654999732971191,8.654999732971191,8.654999732971191,8.654999732971191,172.0
2024-08-21 12:07:00,RGLD,139.6999969482422,139.6999969482422,139.82000732421875,139.6999969482422,139.82000732421875,1687.0
2024-08-21 12:07:00,SGML,11.0600004196167,11.0600004196167,11.0600004196167,11.0600004196167,11.0600004196167,255.0
2024-08-21 12:07:00,SMID,33.20000076293945,33.20000076293945,33.20000076293945,33.20000076293945,33.20000076293945,115.0
2024-08-21 12:07:00,SSRM,5.380000114440918,5.380000114440918,5.385000228881836,5.380000114440918,5.385000228881836,427.0
2024-08-21 12:07:00,STLD,117.23999786376953,117.23999786376953,117.36499786376953,117.23999786376953,117.36499786376953,835.0
2024-08-21 12:07:00,TMC,1.0750000476837158,1.0750000476837158,1.0750000476837158,1.0750000476837158,1.0750000476837158,7396.0
2024-08-21 12:07:00,USLM,77.86000061035156,77.86000061035156,77.86000061035156,77.86000061035156,77.86000061035156,526.0
2024-08-21 12:08:00,ASTL,9.5600004196167,9.5600004196167,9.5600004196167,9.5600004196167,9.5600004196167,381.0
2024-08-21 12:08:00,CENX,14.539999961853027,14.539999961853027,14.539999961853027,14.539999961853027,14.539999961853027,477.0
2024-08-21 12:08:00,GEVO,0.7519999742507935,0.7519999742507935,0.7519999742507935,0.7519999742507935,0.7519999742507935,2244.0
2024-08-21 12:08:00,GPRE,13.75,13.75,13.755000114440918,13.739999771118164,13.755000114440918,1389.0
2024-08-21 12:08:00,GSM,4.40500020980835,4.40500020980835,4.40500020980835,4.40500020980835,4.40500020980835,200.0
2024-08-21 12:08:00,HYMC,2.4600000381469727,2.4600000381469727,2.4600000381469727,2.4600000381469727,2.4600000381469727,453.0
2024-08-21 12:08:00,HYMCL,0.025800000876188278,0.025800000876188278,0.025800000876188278,0.02539999969303608,0.02539999969303608,1554.0
2024-08-21 12:08:00,LOOP,1.440000057220459,1.440000057220459,1.440000057220459,1.440000057220459,1.440000057220459,329.0
2024-08-21 12:08:00,LWLG,2.6649999618530273,2.6649999618530273,2.6649999618530273,2.6649999618530273,2.6649999618530273,102.0
2024-08-21 12:08:00,MEOH,44.40999984741211,44.40999984741211,44.40999984741211,44.40999984741211,44.40999984741211,1198.0
2024-08-21 12:08:00,MERC,6.289999961853027,6.289999961853027,6.289999961853027,6.289999961853027,6.289999961853027,303.0
2024-08-21 12:08:00,ORGN,1.4049999713897705,1.4049999713897705,1.4049999713897705,1.4049999713897705,1.4049999713897705,378.0
2024-08-21 12:08:00,PAAS,21.440000534057617,21.440000534057617,21.44499969482422,21.43000030517578,21.43000030517578,11614.0
2024-08-21 12:08:00,PLL,8.8100004196167,8.8100004196167,8.819999694824219,8.8100004196167,8.819999694824219,1228.0
2024-08-21 12:08:00,SGML,11.079999923706055,11.079999923706055,11.079999923706055,11.0600004196167,11.0600004196167,3996.0
2024-08-21 12:08:00,SSRM,5.380000114440918,5.380000114440918,5.385000228881836,5.380000114440918,5.385000228881836,1605.0
2024-08-21 12:08:00,STLD,117.33999633789062,117.33999633789062,117.36000061035156,117.33999633789062,117.36000061035156,1437.0
2024-08-21 12:09:00,ASTL,9.574999809265137,9.574999809265137,9.574999809265137,9.569999694824219,9.569999694824219,1161.0
2024-08-21 12:09:00,CRKN,1.7699999809265137,1.7699999809265137,1.7699999809265137,1.7699999809265137,1.7699999809265137,441.0
2024-08-21 12:09:00,ELBM,0.5199000239372253,0.5199000239372253,0.5199000239372253,0.5199000239372253,0.5199000239372253,2025.0
2024-08-21 12:09:00,GEVO,0.7508000135421753,0.7508000135421753,0.7508000135421753,0.7508000135421753,0.7508000135421753,106.0
2024-08-21 12:09:00,GPRE,13.720000267028809,13.720000267028809,13.729999542236328,13.720000267028809,13.729999542236328,566.0
2024-08-21 12:09:00,GSM,4.40500020980835,4.40500020980835,4.40500020980835,4.40500020980835,4.40500020980835,200.0
2024-08-21 12:09:00,LITM,0.4399000108242035,0.4399000108242035,0.4399000108242035,0.4399000108242035,0.4399000108242035,0.0
2024-08-21 12:09:00,LWLG,2.6649999618530273,2.6649999618530273,2.6649999618530273,2.6649999618530273,2.6649999618530273,119.0
2024-08-21 12:09:00,METC,11.975000381469727,11.975000381469727,11.975000381469727,11.975000381469727,11.975000381469727,505.0
2024-08-21 12:09:00,ORGN,1.4098999500274658,1.4098999500274658,1.4098999500274658,1.4049999713897705,1.4049999713897705,517.0
2024-08-21 12:09:00,PAAS,21.399999618530273,21.399999618530273,21.43000030517578,21.399999618530273,21.43000030517578,3308.0
2024-08-21 12:09:00,PLL,8.824999809265137,8.824999809265137,8.824999809265137,8.824999809265137,8.824999809265137,763.0
2024-08-21 12:09:00,PPTA,8.654999732971191,8.654999732971191,8.654999732971191,8.654999732971191,8.654999732971191,913.0
2024-08-21 12:09:00,SGML,11.069999694824219,11.069999694824219,11.069999694824219,11.069999694824219,11.069999694824219,265.0
2024-08-21 12:09:00,SMID,32.93000030517578,32.93000030517578,32.93000030517578,32.93000030517578,32.93000030517578,225.0
2024-08-21 12:09:00,SSRM,5.364999771118164,5.364999771118164,5.385000228881836,5.364999771118164,5.380099773406982,6811.0
2024-08-21 12:09:00,STLD,117.25,117.25,117.375,117.25,117.375,2380.0
2024-08-21 12:10:00,ASTL,9.574999809265137,9.574999809265137,9.574999809265137,9.574999809265137,9.574999809265137,263.0
2024-08-21 12:10:00,CENX,14.550000190734863,14.550000190734863,14.550000190734863,14.539999961853027,14.550000190734863,7641.0
2024-08-21 12:10:00,CRKN,1.7699999809265137,1.7699999809265137,1.7699999809265137,1.7699999809265137,1.7699999809265137,400.0
2024-08-21 12:10:00,GEVO,0.7506999969482422,0.7506999969482422,0.7509999871253967,0.7506999969482422,0.7509999871253967,515.0
2024-08-21 12:10:00,GPRE,13.720000267028809,13.720000267028809,13.720000267028809,13.720000267028809,13.720000267028809,101.0
2024-08-21 12:10:00,GSM,4.40500020980835,4.40500020980835,4.40500020980835,4.40500020980835,4.40500020980835,301.0
2024-08-21 12:10:00,IOSP,110.20500183105469,110.20500183105469,110.20500183105469,110.20500183105469,110.20500183105469,332.0
2024-08-21 12:10:00,LGO,1.940000057220459,1.940000057220459,1.940000057220459,1.940000057220459,1.940000057220459,0.0
2024-08-21 12:10:00,MERC,6.289999961853027,6.289999961853027,6.289999961853027,6.289999961853027,6.289999961853027,723.0
2024-08-21 12:10:00,ORGN,1.4098999500274658,1.4098999500274658,1.4098999500274658,1.399999976158142,1.4049999713897705,5578.0
2024-08-21 12:10:00,PAAS,21.390100479125977,21.390100479125977,21.390100479125977,21.360000610351562,21.389999389648438,16286.0
2024-08-21 12:10:00,PLL,8.80270004272461,8.80270004272461,8.8100004196167,8.80270004272461,8.8100004196167,924.0
2024-08-21 12:10:00,SEED,2.2846999168395996,2.2846999168395996,2.2846999168395996,2.2846999168395996,2.2846999168395996,1170.0
2024-08-21 12:10:00,SGML,11.069999694824219,11.069999694824219,11.069999694824219,11.069999694824219,11.069999694824219,821.0
2024-08-21 12:10:00,SSRM,5.364999771118164,5.364999771118164,5.364999771118164,5.360000133514404,5.364999771118164,3689.0
2024-08-21 12:10:00,STLD,117.30889892578125,117.30889892578125,117.30889892578125,117.30500030517578,117.30500030517578,483.0
2024-08-21 12:11:00,ASTL,9.600000381469727,9.600000381469727,9.600000381469727,9.579999923706055,9.579999923706055,1495.0
2024-08-21 12:11:00,CENX,14.550999641418457,14.550999641418457,14.5600004196167,14.550000190734863,14.550000190734863,7216.0
2024-08-21 12:11:00,CRKN,1.774999976158142,1.774999976158142,1.774999976158142,1.774999976158142,1.774999976158142,0.0
2024-08-21 12:11:00,GPRE,13.720000267028809,13.720000267028809,13.729999542236328,13.720000267028809,13.729999542236328,313.0
2024-08-21 12:11:00,GSM,4.40500020980835,4.40500020980835,4.40500020980835,4.40500020980835,4.40500020980835,1088.0
2024-08-21 12:11:00,HDSN,8.020000457763672,8.020000457763672,8.020000457763672,8.020000457763672,8.020000457763672,462.0
2024-08-21 12:11:00,IOSP,110.33000183105469,110.33000183105469,110.33000183105469,110.33000183105469,110.33000183105469,608.0
2024-08-21 12:11:00,LWLG,2.6649999618530273,2.6649999618530273,2.6649999618530273,2.6649999618530273,2.6649999618530273,600.0
2024-08-21 12:11:00,MERC,6.289999961853027,6.289999961853027,6.289999961853027,6.289999961853027,6.289999961853027,511.0
2024-08-21 12:11:00,ORGN,1.399999976158142,1.399999976158142,1.4040000438690186,1.399999976158142,1.399999976158142,1165.0
2024-08-21 12:11:00,PAAS,21.3700008392334,21.3700008392334,21.395000457763672,21.3700008392334,21.395000457763672,1794.0
2024-08-21 12:11:00,PLL,8.819999694824219,8.819999694824219,8.829999923706055,8.800000190734863,8.803600311279297,2200.0
2024-08-21 12:11:00,PPTA,8.649999618530273,8.649999618530273,8.649999618530273,8.640000343322754,8.640000343322754,1040.0
2024-08-21 12:11:00,RGLD,139.7050018310547,139.7050018310547,139.7050018310547,139.7050018310547,139.7050018310547,146.0
2024-08-21 12:11:00,SGML,11.069999694824219,11.069999694824219,11.079999923706055,11.069999694824219,11.079999923706055,717.0
2024-08-21 12:11:00,SMID,33.06999969482422,33.06999969482422,33.18000030517578,33.06999969482422,33.18000030517578,1720.0
2024-08-21 12:11:00,SSRM,5.364999771118164,5.364999771118164,5.364999771118164,5.360000133514404,5.364999771118164,6286.0
2024-08-21 12:11:00,STLD,117.37000274658203,117.37000274658203,117.37000274658203,117.37000274658203,117.37000274658203,155.0
2024-08-21 12:11:00,USAU,5.45550012588501,5.45550012588501,5.45550012588501,5.45550012588501,5.45550012588501,880.0
2024-08-21 12:12:00,ASTL,9.609999656677246,9.609999656677246,9.609999656677246,9.607500076293945,9.609999656677246,1179.0
2024-08-21 12:12:00,CENX,14.539999961853027,14.539999961853027,14.539999961853027,14.539999961853027,14.539999961853027,101.0
2024-08-21 12:12:00,CRKN,1.7699999809265137,1.7699999809265137,1.7699999809265137,1.7699999809265137,1.7699999809265137,125.0
2024-08-21 12:12:00,ELBM,0.5149999856948853,0.5149999856948853,0.5149999856948853,0.5149999856948853,0.5149999856948853,286.0
2024-08-21 12:12:00,GEVO,0.7476000189781189,0.7476000189781189,0.7531999945640564,0.7476000189781189,0.753000020980835,45578.0
2024-08-21 12:12:00,GPRE,13.720000267028809,13.720000267028809,13.720000267028809,13.720000267028809,13.720000267028809,342.0
2024-08-21 12:12:00,GSM,4.40500020980835,4.40500020980835,4.40500020980835,4.40500020980835,4.40500020980835,1208.0
2024-08-21 12:12:00,IPX,15.295000076293945,15.295000076293945,15.295000076293945,15.295000076293945,15.295000076293945,200.0
2024-08-21 12:12:00,LGO,1.9299999475479126,1.9299999475479126,1.9299999475479126,1.9299999475479126,1.9299999475479126,380.0
2024-08-21 12:12:00,LWLG,2.6600000858306885,2.6600000858306885,2.6600000858306885,2.6600000858306885,2.6600000858306885,852.0
2024-08-21 12:12:00,METC,11.979999542236328,11.979999542236328,11.979999542236328,11.979999542236328,11.979999542236328,546.0
2024-08-21 12:12:00,ORGN,1.4049999713897705,1.4049999713897705,1.4049999713897705,1.399999976158142,1.399999976158142,1672.0
2024-08-21 12:12:00,PAAS,21.360000610351562,21.360000610351562,21.375,21.360000610351562,21.375,18799.0
2024-08-21 12:12:00,RGLD,139.6300048828125,139.6300048828125,139.6300048828125,139.6300048828125,139.6300048828125,248.0
2024-08-21 12:12:00,SGML,11.069999694824219,11.069999694824219,11.079999923706055,11.0600004196167,11.062000274658203,7549.0
2024-08-21 12:12:00,SSRM,5.364999771118164,5.364999771118164,5.364999771118164,5.364999771118164,5.364999771118164,2669.0
2024-08-21 12:12:00,STLD,117.23999786376953,117.23999786376953,117.27690124511719,117.23999786376953,117.27690124511719,1275.0
2024-08-21 12:12:00,TMC,1.0750000476837158,1.0750000476837158,1.0750000476837158,1.0750000476837158,1.0750000476837158,312.0
2024-08-21 12:13:00,ASTL,9.609999656677246,9.609999656677246,9.609999656677246,9.609999656677246,9.609999656677246,388.0
2024-08-21 12:13:00,CENX,14.529999732971191,14.529999732971191,14.539999961853027,14.529999732971191,14.539999961853027,393.0
2024-08-21 12:13:00,CNEY,0.3237000107765198,0.3237000107765198,0.3285999894142151,0.3237000107765198,0.3285999894142151,2353.0
2024-08-21 12:13:00,GEVO,0.7465999722480774,0.7465999722480774,0.7498999834060669,0.7465999722480774,0.7498999834060669,2379.0
2024-08-21 12:13:00,GPRE,13.704999923706055,13.704999923706055,13.720000267028809,13.704999923706055,13.720000267028809,1811.0
2024-08-21 12:13:00,GSM,4.40500020980835,4.40500020980835,4.40500020980835,4.40500020980835,4.40500020980835,386.0
2024-08-21 12:13:00,HDSN,8.029999732971191,8.029999732971191,8.029999732971191,8.029999732971191,8.029999732971191,401.0
2024-08-21 12:13:00,LGO,1.940000057220459,1.940000057220459,1.940000057220459,1.940000057220459,1.940000057220459,210.0
2024-08-21 12:13:00,MERC,6.289999961853027,6.289999961853027,6.289999961853027,6.289299964904785,6.289299964904785,676.0
2024-08-21 12:13:00,ORGN,1.409999966621399,1.409999966621399,1.409999966621399,1.4042999744415283,1.4042999744415283,1917.0
2024-08-21 12:13:00,PAAS,21.375,21.375,21.375,21.36989974975586,21.36989974975586,11507.0
2024-08-21 12:13:00,SGML,11.069999694824219,11.069999694824219,11.079999923706055,11.069999694824219,11.069999694824219,785.0
2024-08-21 12:13:00,SSRM,5.375,5.375,5.375,5.360000133514404,5.364999771118164,20259.0
2024-08-21 12:13:00,TMC,1.0800000429153442,1.0800000429153442,1.0800000429153442,1.0800000429153442,1.0800000429153442,1366.0
2024-08-21 12:14:00,BIOX,10.199999809265137,10.199999809265137,10.199999809265137,10.199999809265137,10.199999809265137,200.0
2024-08-21 12:14:00,CENX,14.529999732971191,14.529999732971191,14.531000137329102,14.529999732971191,14.531000137329102,1406.0
2024-08-21 12:14:00,CNEY,0.3237000107765198,0.3237000107765198,0.3237000107765198,0.3237000107765198,0.3237000107765198,1552.0
2024-08-21 12:14:00,CRKN,1.7699999809265137,1.7699999809265137,1.7699999809265137,1.7699999809265137,1.7699999809265137,421.0
2024-08-21 12:14:00,GEVO,0.7436000108718872,0.7436000108718872,0.7436000108718872,0.7436000108718872,0.7436000108718872,281.0
2024-08-21 12:14:00,GPRE,13.704999923706055,13.704999923706055,13.704999923706055,13.704999923706055,13.704999923706055,458.0
2024-08-21 12:14:00,GSM,4.40500020980835,4.40500020980835,4.40500020980835,4.400000095367432,4.400000095367432,649.0
2024-08-21 12:14:00,HUDI,2.2314000129699707,2.2314000129699707,2.2314000129699707,2.2314000129699707,2.2314000129699707,920.0
2024-08-21 12:14:00,LWLG,2.6500000953674316,2.6500000953674316,2.6600000858306885,2.6500000953674316,2.6600000858306885,3278.0
2024-08-21 12:14:00,MEOH,44.459999084472656,44.459999084472656,44.459999084472656,44.39250183105469,44.39250183105469,1884.0
2024-08-21 12:14:00,MERC,6.289999961853027,6.289999961853027,6.289999961853027,6.289999961853027,6.289999961853027,1364.0
2024-08-21 12:14:00,ORGN,1.4149999618530273,1.4149999618530273,1.4149999618530273,1.4049999713897705,1.4049999713897705,10841.0
2024-08-21 12:14:00,PAAS,21.364999771118164,21.364999771118164,21.370100021362305,21.358999252319336,21.370100021362305,8398.0
2024-08-21 12:14:00,PLL,8.8149995803833,8.8149995803833,8.8149995803833,8.8149995803833,8.8149995803833,1337.0
2024-08-21 12:14:00,SEED,2.309999942779541,2.309999942779541,2.309999942779541,2.299999952316284,2.299999952316284,347.0
2024-08-21 12:14:00,SGML,11.069999694824219,11.069999694824219,11.079999923706055,11.069999694824219,11.069999694824219,1511.0
2024-08-21 12:14:00,SSRM,5.375,5.375,5.375,5.375,5.375,212.0
2024-08-21 12:14:00,STLD,117.3550033569336,117.3550033569336,117.3550033569336,117.3550033569336,117.3550033569336,102.0
2024-08-21 12:14:00,TMC,1.0800000429153442,1.0800000429153442,1.0800000429153442,1.0800000429153442,1.0800000429153442,610.0
2024-08-21 12:14:00,USAP,39.72999954223633,39.72999954223633,39.72999954223633,39.72999954223633,39.72999954223633,291.0
2024-08-21 12:15:00,BIOX,10.1899995803833,10.1899995803833,10.1899995803833,10.1899995803833,10.1899995803833,100.0
2024-08-21 12:15:00,CRKN,1.7789000272750854,1.7789000272750854,1.7789000272750854,1.7789000272750854,1.7789000272750854,561.0
2024-08-21 12:15:00,GPRE,13.710000038146973,13.710000038146973,13.710000038146973,13.704999923706055,13.704999923706055,419.0
2024-08-21 12:15:00,GSM,4.40500020980835,4.40500020980835,4.40500020980835,4.40500020980835,4.40500020980835,200.0
2024-08-21 12:15:00,LWLG,2.6500000953674316,2.6500000953674316,2.6500000953674316,2.6500000953674316,2.6500000953674316,520.0
2024-08-21 12:15:00,METC,11.979999542236328,11.979999542236328,11.979999542236328,11.979999542236328,11.979999542236328,962.0
2024-08-21 12:15:00,ORGN,1.4199999570846558,1.4199999570846558,1.4199999570846558,1.4199999570846558,1.4199999570846558,0.0
2024-08-21 12:15:00,PAAS,21.375999450683594,21.375999450683594,21.385000228881836,21.364999771118164,21.364999771118164,8542.0
2024-08-21 12:15:00,PLL,8.819999694824219,8.819999694824219,8.819999694824219,8.819999694824219,8.819999694824219,485.0
2024-08-21 12:15:00,SEED,2.319999933242798,2.319999933242798,2.319999933242798,2.315000057220459,2.315000057220459,2366.0
2024-08-21 12:15:00,SSRM,5.375,5.375,5.375,5.375,5.375,472.0
2024-08-21 12:15:00,STLD,117.41999816894531,117.41999816894531,117.41999816894531,117.3499984741211,117.3499984741211,2747.0
2024-08-21 12:15:00,TMC,1.0800000429153442,1.0800000429153442,1.0800000429153442,1.0800000429153442,1.0800000429153442,325.0
2024-08-21 12:16:00,AREC,0.5403000116348267,0.5403000116348267,0.5403000116348267,0.5403000116348267,0.5403000116348267,5462.0
2024-08-21 12:16:00,ASTL,9.630000114440918,9.630000114440918,9.640000343322754,9.619999885559082,9.619999885559082,747.0
2024-08-21 12:16:00,CENX,14.529999732971191,14.529999732971191,14.5600004196167,14.529999732971191,14.5600004196167,2107.0
2024-08-21 12:16:00,CRKN,1.7799999713897705,1.7799999713897705,1.7799999713897705,1.7790000438690186,1.7790000438690186,4010.0
2024-08-21 12:16:00,GPRE,13.699999809265137,13.699999809265137,13.710000038146973,13.699999809265137,13.699999809265137,487.0
2024-08-21 12:16:00,GSM,4.40500020980835,4.40500020980835,4.40500020980835,4.400000095367432,4.400000095367432,1262.0
2024-08-21 12:16:00,LGO,1.9299999475479126,1.9299999475479126,1.9299999475479126,1.9299999475479126,1.9299999475479126,45.0
2024-08-21 12:16:00,LWLG,2.6500000953674316,2.6500000953674316,2.6500000953674316,2.6500000953674316,2.6500000953674316,200.0
2024-08-21 12:16:00,ORGN,1.4299999475479126,1.4299999475479126,1.4299999475479126,1.4105000495910645,1.4105000495910645,5012.0
2024-08-21 12:16:00,PAAS,21.3700008392334,21.3700008392334,21.375699996948242,21.3700008392334,21.375699996948242,7082.0
2024-08-21 12:16:00,PLL,8.800000190734863,8.800000190734863,8.8149995803833,8.800000190734863,8.800000190734863,3363.0
2024-08-21 12:16:00,PPTA,8.654999732971191,8.654999732971191,8.654999732971191,8.619999885559082,8.631999969482422,2496.0
2024-08-21 12:16:00,SGML,11.100000381469727,11.100000381469727,11.100000381469727,11.079999923706055,11.079999923706055,4519.0
2024-08-21 12:16:00,SMID,33.910400390625,33.910400390625,33.910400390625,33.910400390625,33.910400390625,379.0
2024-08-21 12:16:00,STLD,117.31999969482422,117.31999969482422,117.31999969482422,117.31999969482422,117.31999969482422,316.0
2024-08-21 12:16:00,TMC,1.0799000263214111,1.0799000263214111,1.0799000263214111,1.0799000263214111,1.0799000263214111,400.0
2024-08-21 12:16:00,USAP,39.880001068115234,39.880001068115234,39.880001068115234,39.81999969482422,39.81999969482422,1162.0
2024-08-21 12:17:00,ALTO,1.434999942779541,1.434999942779541,1.434999942779541,1.434999942779541,1.434999942779541,124.0
2024-08-21 12:17:00,AREC,0.5403000116348267,0.5403000116348267,0.5403000116348267,0.5403000116348267,0.5403000116348267,0.0
2024-08-21 12:17:00,ELBM,0.5178999900817871,0.5178999900817871,0.5178999900817871,0.5178999900817871,0.5178999900817871,9971.0
2024-08-21 12:17:00,GEVO,0.7466999888420105,0.7466999888420105,0.7466999888420105,0.7466999888420105,0.7466999888420105,357.0
2024-08-21 12:17:00,GPRE,13.699999809265137,13.699999809265137,13.699999809265137,13.699999809265137,13.699999809265137,114.0
2024-08-21 12:17:00,GSM,4.414999961853027,4.414999961853027,4.414999961853027,4.400000095367432,4.400000095367432,19665.0
2024-08-21 12:17:00,LWLG,2.6500000953674316,2.6500000953674316,2.6500000953674316,2.6500000953674316,2.6500000953674316,123.0
2024-08-21 12:17:00,METC,12.0,12.0,12.0,12.0,12.0,162.0
2024-08-21 12:17:00,PAAS,21.389999389648438,21.389999389648438,21.395000457763672,21.3700008392334,21.3700008392334,4601.0
2024-08-21 12:17:00,PLL,8.8100004196167,8.8100004196167,8.8100004196167,8.8100004196167,8.8100004196167,805.0
2024-08-21 12:17:00,PPTA,8.654999732971191,8.654999732971191,8.654999732971191,8.654999732971191,8.654999732971191,207.0
2024-08-21 12:17:00,SEED,2.4100000858306885,2.4100000858306885,2.4100000858306885,2.4100000858306885,2.4100000858306885,786.0
2024-08-21 12:17:00,SGML,11.099900245666504,11.099900245666504,11.100000381469727,11.09000015258789,11.100000381469727,3252.0
2024-08-21 12:17:00,SSRM,5.375,5.375,5.375,5.370100021362305,5.370100021362305,1146.0
2024-08-21 12:17:00,STLD,117.4000015258789,117.4000015258789,117.4000015258789,117.33000183105469,117.33000183105469,1125.0
2024-08-21 12:17:00,TMC,1.0800000429153442,1.0800000429153442,1.0800000429153442,1.0750000476837158,1.0779999494552612,11027.0
2024-08-21 12:18:00,AREC,0.5403000116348267,0.5403000116348267,0.5403000116348267,0.5403000116348267,0.5403000116348267,442.0
2024-08-21 12:18:00,ASTL,9.619999885559082,9.619999885559082,9.619999885559082,9.619999885559082,9.619999885559082,231.0
2024-08-21 12:18:00,CENX,14.520000457763672,14.520000457763672,14.529999732971191,14.520000457763672,14.529999732971191,732.0
2024-08-21 12:18:00,CRKN,1.7799999713897705,1.7799999713897705,1.7899999618530273,1.7799999713897705,1.7899999618530273,1332.0
2024-08-21 12:18:00,GPRE,13.699999809265137,13.699999809265137,13.699999809265137,13.699999809265137,13.699999809265137,328.0
2024-08-21 12:18:00,GSM,4.410999774932861,4.410999774932861,4.414999961853027,4.409999847412109,4.414999961853027,1234.0
2024-08-21 12:18:00,HYMC,2.4549999237060547,2.4549999237060547,2.4549999237060547,2.4549999237060547,2.4549999237060547,3513.0
2024-08-21 12:18:00,KALU,70.51499938964844,70.51499938964844,70.51499938964844,70.51499938964844,70.51499938964844,106.0
2024-08-21 12:18:00,LWLG,2.6500000953674316,2.6500000953674316,2.6500000953674316,2.6500000953674316,2.6500000953674316,204.0
2024-08-21 12:18:00,METC,12.010000228881836,12.010000228881836,12.020000457763672,11.984999656677246,12.0,2804.0
2024-08-21 12:18:00,ORGN,1.4299999475479126,1.4299999475479126,1.4299999475479126,1.4199999570846558,1.4299999475479126,1559.0
2024-08-21 12:18:00,PAAS,21.409900665283203,21.409900665283203,21.409900665283203,21.389999389648438,21.399999618530273,4259.0
2024-08-21 12:18:00,PPTA,8.630999565124512,8.630999565124512,8.630999565124512,8.630999565124512,8.630999565124512,678.0
2024-08-21 12:18:00,RGLD,139.72999572753906,139.72999572753906,139.72999572753906,139.72999572753906,139.72999572753906,810.0
2024-08-21 12:18:00,SGML,11.100000381469727,11.100000381469727,11.100000381469727,11.09000015258789,11.098400115966797,997.0
2024-08-21 12:18:00,SSRM,5.375,5.375,5.375,5.375,5.375,302.0
2024-08-21 12:18:00,TMC,1.0800000429153442,1.0800000429153442,1.0800000429153442,1.0800000429153442,1.0800000429153442,315.0
2024-08-21 12:18:00,UFPI,119.51000213623047,119.51000213623047,119.51000213623047,119.51000213623047,119.51000213623047,532.0
2024-08-21 12:18:00,USAP,39.90599822998047,39.90599822998047,39.90599822998047,39.90599822998047,39.90599822998047,271.0
2024-08-21 12:19:00,ALTO,1.434999942779541,1.434999942779541,1.434999942779541,1.434999942779541,1.434999942779541,203.0
2024-08-21 12:19:00,CENX,14.545000076293945,14.545000076293945,14.550000190734863,14.52280044555664,14.52280044555664,2836.0
2024-08-21 12:19:00,GPRE,13.699999809265137,13.699999809265137,13.699999809265137,13.699999809265137,13.699999809265137,103.0
2024-08-21 12:19:00,GSM,4.409999847412109,4.409999847412109,4.409999847412109,4.409999847412109,4.409999847412109,563.0
2024-08-21 12:19:00,IOSP,110.2300033569336,110.2300033569336,110.2300033569336,110.2300033569336,110.2300033569336,150.0
2024-08-21 12:19:00,LWLG,2.640000104904175,2.640000104904175,2.6500000953674316,2.640000104904175,2.6500000953674316,1485.0
2024-08-21 12:19:00,METC,12.029999732971191,12.029999732971191,12.029999732971191,12.029999732971191,12.029999732971191,419.0
2024-08-21 12:19:00,ORGN,1.440000057220459,1.440000057220459,1.442199945449829,1.440000057220459,1.440000057220459,2202.0
2024-08-21 12:19:00,PAAS,21.440000534057617,21.440000534057617,21.450000762939453,21.40999984741211,21.40999984741211,13358.0
2024-08-21 12:19:00,SEED,2.4600000381469727,2.4600000381469727,2.4600000381469727,2.4600000381469727,2.4600000381469727,100.0
2024-08-21 12:19:00,SGML,11.100000381469727,11.100000381469727,11.100000381469727,11.085000038146973,11.085000038146973,1455.0
2024-08-21 12:19:00,SMID,34.15999984741211,34.15999984741211,34.15999984741211,34.15999984741211,34.15999984741211,732.0
2024-08-21 12:19:00,SSRM,5.360000133514404,5.360000133514404,5.380000114440918,5.360000133514404,5.375,60254.0
2024-08-21 12:19:00,STLD,117.4000015258789,117.4000015258789,117.43499755859375,117.4000015258789,117.42140197753906,1416.0
2024-08-21 12:19:00,TMC,1.079800009727478,1.079800009727478,1.079800009727478,1.079800009727478,1.079800009727478,770.0
2024-08-21 12:20:00,ASTL,9.619999885559082,9.619999885559082,9.619999885559082,9.619999885559082,9.619999885559082,205.0
2024-08-21 12:20:00,BIOX,10.1899995803833,10.1899995803833,10.1899995803833,10.1899995803833,10.1899995803833,100.0
2024-08-21 12:20:00,CENX,14.550000190734863,14.550000190734863,14.550000190734863,14.550000190734863,14.550000190734863,323.0
2024-08-21 12:20:00,GPRE,13.699999809265137,13.699999809265137,13.699999809265137,13.699999809265137,13.699999809265137,696.0
2024-08-21 12:20:00,GSM,4.414999961853027,4.414999961853027,4.414999961853027,4.414999961853027,4.414999961853027,621.0
2024-08-21 12:20:00,HYMCL,0.02800000086426735,0.02800000086426735,0.02800000086426735,0.02800000086426735,0.02800000086426735,1340.0
2024-08-21 12:20:00,KALU,70.51499938964844,70.51499938964844,70.51499938964844,70.51499938964844,70.51499938964844,108.0
2024-08-21 12:20:00,LWLG,2.640000104904175,2.640000104904175,2.6500000953674316,2.640000104904175,2.6500000953674316,2170.0
2024-08-21 12:20:00,METC,12.020000457763672,12.020000457763672,12.020000457763672,12.020000457763672,12.020000457763672,448.0
2024-08-21 12:20:00,ORGN,1.4500000476837158,1.4500000476837158,1.4500000476837158,1.440000057220459,1.440000057220459,11631.0
2024-08-21 12:20:00,PAAS,21.450199127197266,21.450199127197266,21.454999923706055,21.440000534057617,21.440000534057617,12308.0
2024-08-21 12:20:00,PLL,8.824999809265137,8.824999809265137,8.824999809265137,8.824999809265137,8.824999809265137,265.0
2024-08-21 12:20:00,SGML,11.09000015258789,11.09000015258789,11.09000015258789,11.09000015258789,11.09000015258789,308.0
2024-08-21 12:20:00,SMID,33.45000076293945,33.45000076293945,33.45000076293945,33.45000076293945,33.45000076293945,1003.0
2024-08-21 12:20:00,SSRM,5.355000019073486,5.355000019073486,5.360000133514404,5.355000019073486,5.360000133514404,59616.0
2024-08-21 12:20:00,STLD,117.43499755859375,117.43499755859375,117.43499755859375,117.43499755859375,117.43499755859375,557.0
2024-08-21 12:20:00,USAP,39.86000061035156,39.86000061035156,39.86000061035156,39.86000061035156,39.86000061035156,345.0
2024-08-21 12:21:00,ALTO,1.4399000406265259,1.4399000406265259,1.440000057220459,1.4398000240325928,1.4398000240325928,10149.0
2024-08-21 12:21:00,CENX,14.5649995803833,14.5649995803833,14.5649995803833,14.5600004196167,14.5600004196167,2394.0
2024-08-21 12:21:00,ELBM,0.517799973487854,0.517799973487854,0.517799973487854,0.517799973487854,0.517799973487854,0.0
2024-08-21 12:21:00,GEVO,0.7437000274658203,0.7437000274658203,0.7437000274658203,0.7437000274658203,0.7437000274658203,800.0
2024-08-21 12:21:00,GPRE,13.710000038146973,13.710000038146973,13.710000038146973,13.704999923706055,13.704999923706055,527.0
2024-08-21 12:21:00,GSM,4.409999847412109,4.409999847412109,4.409999847412109,4.409999847412109,4.409999847412109,236.0
2024-08-21 12:21:00,HWKN,121.93000030517578,121.93000030517578,121.93000030517578,121.93000030517578,121.93000030517578,1828.0
2024-08-21 12:21:00,KALU,70.47000122070312,70.47000122070312,70.47000122070312,70.45999908447266,70.45999908447266,490.0
2024-08-21 12:21:00,LGO,1.9299999475479126,1.9299999475479126,1.9299999475479126,1.9299999475479126,1.9299999475479126,100.0
2024-08-21 12:21:00,LWLG,2.640000104904175,2.640000104904175,2.640000104904175,2.640000104904175,2.640000104904175,100.0
2024-08-21 12:21:00,MEOH,44.5,44.5,44.5,44.5,44.5,209.0
2024-08-21 12:21:00,METC,12.020000457763672,12.020000457763672,12.020000457763672,12.0,12.0,752.0
2024-08-21 12:21:00,ORGN,1.4652999639511108,1.4652999639511108,1.4700000286102295,1.4500000476837158,1.4500000476837158,17860.0
2024-08-21 12:21:00,PAAS,21.450000762939453,21.450000762939453,21.454999923706055,21.450000762939453,21.454999923706055,6234.0
2024-08-21 12:21:00,PLL,8.835000038146973,8.835000038146973,8.835000038146973,8.835000038146973,8.835000038146973,1930.0
2024-08-21 12:21:00,SGML,11.079999923706055,11.079999923706055,11.079999923706055,11.079999923706055,11.079999923706055,300.0
2024-08-21 12:21:00,SMID,33.400001525878906,33.400001525878906,33.400001525878906,33.400001525878906,33.400001525878906,272.0
2024-08-21 12:21:00,SSRM,5.355000019073486,5.355000019073486,5.355000019073486,5.355000019073486,5.355000019073486,1772.0
2024-08-21 12:21:00,STLD,117.32499694824219,117.32499694824219,117.41000366210938,117.32499694824219,117.41000366210938,3170.0
2024-08-21 12:21:00,USAU,5.46999979019165,5.46999979019165,5.46999979019165,5.46999979019165,5.46999979019165,1413.0
2024-08-21 12:22:00,ACNT,10.024999618530273,10.024999618530273,10.024999618530273,10.0,10.0,501.0
2024-08-21 12:22:00,ASTL,9.654999732971191,9.654999732971191,9.670000076293945,9.619999885559082,9.630000114440918,13065.0
2024-08-21 12:22:00,ELBM,0.5113999843597412,0.5113999843597412,0.5177000164985657,0.5113999843597412,0.5177000164985657,1520.0
2024-08-21 12:22:00,GEVO,0.7466999888420105,0.7466999888420105,0.7466999888420105,0.7466999888420105,0.7466999888420105,601.0
2024-08-21 12:22:00,GPRE,13.6899995803833,13.6899995803833,13.710000038146973,13.6899995803833,13.710000038146973,1745.0
2024-08-21 12:22:00,GSM,4.414999961853027,4.414999961853027,4.414999961853027,4.409999847412109,4.409999847412109,1833.0
2024-08-21 12:22:00,HDSN,8.029999732971191,8.029999732971191,8.029999732971191,8.024999618530273,8.024999618530273,604.0
2024-08-21 12:22:00,LWLG,2.640000104904175,2.640000104904175,2.640000104904175,2.640000104904175,2.640000104904175,102.0
2024-08-21 12:22:00,METC,12.029999732971191,12.029999732971191,12.029999732971191,12.010000228881836,12.010000228881836,1313.0
2024-08-21 12:22:00,ORGN,1.4601000547409058,1.4601000547409058,1.4601000547409058,1.4601000547409058,1.4601000547409058,0.0
2024-08-21 12:22:00,PAAS,21.434999465942383,21.434999465942383,21.454999923706055,21.434999465942383,21.454999923706055,9851.0
2024-08-21 12:22:00,RGLD,139.8300018310547,139.8300018310547,139.8300018310547,139.8300018310547,139.8300018310547,137.0
2024-08-21 12:22:00,SGML,11.09000015258789,11.09000015258789,11.09000015258789,11.09000015258789,11.09000015258789,483.0
2024-08-21 12:22:00,SSRM,5.355000019073486,5.355000019073486,5.355000019073486,5.351099967956543,5.355000019073486,3603.0
2024-08-21 12:22:00,STLD,117.44000244140625,117.44000244140625,117.44000244140625,117.44000244140625,117.44000244140625,285.0
2024-08-21 12:22:00,USAP,39.915000915527344,39.915000915527344,39.915000915527344,39.915000915527344,39.915000915527344,210.0
2024-08-21 12:23:00,ACNT,10.024999618530273,10.024999618530273,10.024999618530273,10.024999618530273,10.024999618530273,613.0
2024-08-21 12:23:00,ASTL,9.649999618530273,9.649999618530273,9.65999984741211,9.649999618530273,9.654999732971191,1617.0
2024-08-21 12:23:00,BIOX,10.1899995803833,10.1899995803833,10.1899995803833,10.1899995803833,10.1899995803833,100.0
2024-08-21 12:23:00,CRKN,1.781499981880188,1.781499981880188,1.781499981880188,1.781499981880188,1.781499981880188,327.0
2024-08-21 12:23:00,GEVO,0.7437000274658203,0.7437000274658203,0.7437000274658203,0.7437000274658203,0.7437000274658203,232.0
2024-08-21 12:23:00,GPRE,13.6899995803833,13.6899995803833,13.6899995803833,13.6899995803833,13.6899995803833,102.0
2024-08-21 12:23:00,GSM,4.414999961853027,4.414999961853027,4.414999961853027,4.414999961853027,4.414999961853027,506.0
2024-08-21 12:23:00,IOSP,110.30500030517578,110.30500030517578,110.30500030517578,110.30500030517578,110.30500030517578,145.0
2024-08-21 12:23:00,LWLG,2.640000104904175,2.640000104904175,2.640000104904175,2.640000104904175,2.640000104904175,302.0
2024-08-21 12:23:00,MERC,6.304999828338623,6.304999828338623,6.304999828338623,6.304999828338623,6.304999828338623,230.0
2024-08-21 12:23:00,METC,12.050000190734863,12.050000190734863,12.050000190734863,12.029999732971191,12.029999732971191,1268.0
2024-08-21 12:23:00,ORGN,1.4600000381469727,1.4600000381469727,1.4601000547409058,1.4600000381469727,1.4601000547409058,4566.0
2024-08-21 12:23:00,PAAS,21.440000534057617,21.440000534057617,21.440000534057617,21.434999465942383,21.434999465942383,5789.0
2024-08-21 12:23:00,PLL,8.8100004196167,8.8100004196167,8.835000038146973,8.8100004196167,8.835000038146973,639.0
2024-08-21 12:23:00,PPTA,8.675000190734863,8.675000190734863,8.675000190734863,8.675000190734863,8.675000190734863,770.0
2024-08-21 12:23:00,RGLD,139.94000244140625,139.94000244140625,139.94000244140625,139.8300018310547,139.8300018310547,587.0
2024-08-21 12:23:00,SGML,11.079999923706055,11.079999923706055,11.09000015258789,11.069999694824219,11.09000015258789,4597.0
2024-08-21 12:23:00,SSRM,5.364999771118164,5.364999771118164,5.364999771118164,5.355000019073486,5.355000019073486,14916.0
2024-08-21 12:23:00,STLD,117.37999725341797,117.37999725341797,117.37999725341797,117.37999725341797,117.37999725341797,491.0
2024-08-21 12:23:00,UFPI,119.62999725341797,119.62999725341797,119.62999725341797,119.62999725341797,119.62999725341797,730.0
2024-08-21 12:24:00,ASTL,9.640000343322754,9.640000343322754,9.649999618530273,9.640000343322754,9.649999618530273,2213.0
2024-08-21 12:24:00,GPRE,13.694999694824219,13.694999694824219,13.694999694824219,13.6899995803833,13.6899995803833,719.0
2024-08-21 12:24:00,GSM,4.409999847412109,4.409999847412109,4.414999961853027,4.409999847412109,4.414999961853027,397.0
2024-08-21 12:24:00,MEOH,44.52000045776367,44.52000045776367,44.52000045776367,44.5099983215332,44.52000045776367,1258.0
2024-08-21 12:24:00,ORGN,1.4600000381469727,1.4600000381469727,1.4600000381469727,1.4600000381469727,1.4600000381469727,219.0
2024-08-21 12:24:00,PAAS,21.44499969482422,21.44499969482422,21.450000762939453,21.440000534057617,21.450000762939453,3558.0
2024-08-21 12:24:00,PLL,8.8100004196167,8.8100004196167,8.8100004196167,8.8100004196167,8.8100004196167,185.0
2024-08-21 12:24:00,SEED,2.3499999046325684,2.3499999046325684,2.380000114440918,2.3499999046325684,2.380000114440918,1117.0
2024-08-21 12:24:00,SGML,11.069999694824219,11.069999694824219,11.069999694824219,11.060099601745605,11.069999694824219,723.0
2024-08-21 12:24:00,STLD,117.31999969482422,117.31999969482422,117.375,117.31999969482422,117.375,950.0
2024-08-21 12:24:00,TMC,1.0765999555587769,1.0765999555587769,1.0765999555587769,1.0765999555587769,1.0765999555587769,331.0
2024-08-21 12:24:00,USAP,39.849998474121094,39.849998474121094,39.849998474121094,39.849998474121094,39.849998474121094,530.0
2024-08-21 12:24:00,ZEUS,41.14500045776367,41.14500045776367,41.14500045776367,41.14500045776367,41.14500045776367,186.0
2024-08-21 12:25:00,BIOX,10.15999984741211,10.15999984741211,10.1899995803833,10.15999984741211,10.1899995803833,1826.0
2024-08-21 12:25:00,CENX,14.579999923706055,14.579999923706055,14.579999923706055,14.560999870300293,14.560999870300293,590.0
2024-08-21 12:25:00,GEVO,0.7495999932289124,0.7495999932289124,0.7495999932289124,0.7495999932289124,0.7495999932289124,400.0
2024-08-21 12:25:00,GPRE,13.694999694824219,13.694999694824219,13.694999694824219,13.694999694824219,13.694999694824219,108.0
2024-08-21 12:25:00,GSM,4.414999961853027,4.414999961853027,4.414999961853027,4.409999847412109,4.414999961853027,1430.0
2024-08-21 12:25:00,HYMC,2.4600000381469727,2.4600000381469727,2.4600000381469727,2.4600000381469727,2.4600000381469727,419.0
2024-08-21 12:25:00,LGO,1.9299999475479126,1.9299999475479126,1.9299999475479126,1.9299999475479126,1.9299999475479126,130.0
2024-08-21 12:25:00,MERC,6.300000190734863,6.300000190734863,6.300000190734863,6.300000190734863,6.300000190734863,1865.0
2024-08-21 12:25:00,METC,12.050000190734863,12.050000190734863,12.050000190734863,12.050000190734863,12.050000190734863,176.0
2024-08-21 12:25:00,PAAS,21.420000076293945,21.420000076293945,21.440000534057617,21.420000076293945,21.434999465942383,9105.0
2024-08-21 12:25:00,RGLD,139.9600067138672,139.9600067138672,139.9600067138672,139.9600067138672,139.9600067138672,185.0
2024-08-21 12:25:00,SEED,2.310499906539917,2.310499906539917,2.310499906539917,2.310499906539917,2.310499906539917,3566.0
2024-08-21 12:25:00,SGML,11.0600004196167,11.0600004196167,11.0649995803833,11.0600004196167,11.0649995803833,922.0
2024-08-21 12:25:00,SMID,33.43000030517578,33.43000030517578,33.43000030517578,32.900001525878906,33.209999084472656,2343.0
2024-08-21 12:25:00,SSRM,5.380000114440918,5.380000114440918,5.380000114440918,5.360000133514404,5.360000133514404,5640.0
2024-08-21 12:25:00,STLD,117.3949966430664,117.3949966430664,117.3949966430664,117.3949966430664,117.3949966430664,364.0
2024-08-21 12:25:00,UFPI,119.69000244140625,119.69000244140625,119.69000244140625,119.69000244140625,119.69000244140625,1164.0
2024-08-21 12:26:00,AREC,0.5401999950408936,0.5401999950408936,0.5401999950408936,0.5401999950408936,0.5401999950408936,200.0
2024-08-21 12:26:00,CENX,14.5649995803833,14.5649995803833,14.5649995803833,14.5649995803833,14.5649995803833,465.0
2024-08-21 12:26:00,GPRE,13.694999694824219,13.694999694824219,13.694999694824219,13.694999694824219,13.694999694824219,113.0
2024-08-21 12:26:00,HDSN,8.024999618530273,8.024999618530273,8.024999618530273,8.024999618530273,8.024999618530273,577.0
2024-08-21 12:26:00,METC,12.050000190734863,12.050000190734863,12.050000190734863,12.029999732971191,12.029999732971191,2938.0
2024-08-21 12:26:00,ORGN,1.4500999450683594,1.4500999450683594,1.4500999450683594,1.4500999450683594,1.4500999450683594,217.0
2024-08-21 12:26:00,PAAS,21.43000030517578,21.43000030517578,21.434999465942383,21.421100616455078,21.421100616455078,8125.0
2024-08-21 12:26:00,PLL,8.800000190734863,8.800000190734863,8.800000190734863,8.760000228881836,8.789999961853027,4703.0
2024-08-21 12:26:00,SGML,11.0649995803833,11.0649995803833,11.0649995803833,11.0649995803833,11.0649995803833,1025.0
2024-08-21 12:26:00,SSRM,5.380000114440918,5.380000114440918,5.380000114440918,5.380000114440918,5.380000114440918,220.0
2024-08-21 12:26:00,STLD,117.47000122070312,117.47000122070312,117.47000122070312,117.43000030517578,117.43000030517578,4341.0
2024-08-21 12:27:00,AREC,0.5403000116348267,0.5403000116348267,0.5403000116348267,0.5403000116348267,0.5403000116348267,100.0
2024-08-21 12:27:00,CENX,14.5600004196167,14.5600004196167,14.569000244140625,14.5600004196167,14.569000244140625,2711.0
2024-08-21 12:27:00,GEVO,0.7466999888420105,0.7466999888420105,0.7491999864578247,0.7466999888420105,0.7491999864578247,400.0
2024-08-21 12:27:00,GPRE,13.694999694824219,13.694999694824219,13.694999694824219,13.6899995803833,13.694999694824219,741.0
2024-08-21 12:27:00,GSM,4.414999961853027,4.414999961853027,4.414999961853027,4.409999847412109,4.409999847412109,400.0
2024-08-21 12:27:00,HDSN,8.024999618530273,8.024999618530273,8.029999732971191,8.024999618530273,8.029999732971191,340.0
2024-08-21 12:27:00,IOSP,110.2300033569336,110.2300033569336,110.2300033569336,110.2300033569336,110.2300033569336,458.0
2024-08-21 12:27:00,LWLG,2.6449999809265137,2.6449999809265137,2.6449999809265137,2.6449999809265137,2.6449999809265137,242.0
2024-08-21 12:27:00,MEOH,44.4900016784668,44.4900016784668,44.4900016784668,44.4900016784668,44.4900016784668,924.0
2024-08-21 12:27:00,METC,12.029999732971191,12.029999732971191,12.029999732971191,12.029999732971191,12.029999732971191,871.0
2024-08-21 12:27:00,ORGN,1.4550000429153442,1.4550000429153442,1.4550000429153442,1.4550000429153442,1.4550000429153442,314.0
2024-08-21 12:27:00,PAAS,21.440000534057617,21.440000534057617,21.450000762939453,21.43000030517578,21.43000030517578,9174.0
2024-08-21 12:27:00,PLL,8.820500373840332,8.820500373840332,8.839900016784668,8.800100326538086,8.800100326538086,788.0
2024-08-21 12:27:00,RGLD,139.89500427246094,139.89500427246094,139.89500427246094,139.89500427246094,139.89500427246094,728.0
2024-08-21 12:27:00,SGML,11.0649995803833,11.0649995803833,11.0649995803833,11.0649995803833,11.0649995803833,147.0
2024-08-21 12:27:00,SMID,33.209999084472656,33.209999084472656,33.209999084472656,33.09000015258789,33.09000015258789,1506.0
2024-08-21 12:27:00,SSRM,5.380000114440918,5.380000114440918,5.380000114440918,5.380000114440918,5.380000114440918,1094.0
2024-08-21 12:27:00,STLD,117.44999694824219,117.44999694824219,117.48500061035156,117.44999694824219,117.45999908447266,1825.0
2024-08-21 12:27:00,TMC,1.0800000429153442,1.0800000429153442,1.0800000429153442,1.0800000429153442,1.0800000429153442,193.0
2024-08-21 12:27:00,WDFC,252.75999450683594,252.75999450683594,252.75999450683594,252.75999450683594,252.75999450683594,1044.0
2024-08-21 12:28:00,ALTO,1.434999942779541,1.434999942779541,1.434999942779541,1.434999942779541,1.434999942779541,184.0
2024-08-21 12:28:00,GEVO,0.7497000098228455,0.7497000098228455,0.7497000098228455,0.7497000098228455,0.7497000098228455,1638.0
2024-08-21 12:28:00,GPRE,13.6899995803833,13.6899995803833,13.6899995803833,13.6899995803833,13.6899995803833,366.0
2024-08-21 12:28:00,GSM,4.409999847412109,4.409999847412109,4.414999961853027,4.409999847412109,4.414999961853027,505.0
2024-08-21 12:28:00,HDSN,8.024999618530273,8.024999618530273,8.024999618530273,8.024999618530273,8.024999618530273,881.0
2024-08-21 12:28:00,METC,12.024999618530273,12.024999618530273,12.029999732971191,12.024999618530273,12.029999732971191,1216.0
2024-08-21 12:28:00,ORGN,1.4550000429153442,1.4550000429153442,1.4550000429153442,1.4550000429153442,1.4550000429153442,500.0
2024-08-21 12:28:00,PAAS,21.424999237060547,21.424999237060547,21.440000534057617,21.424999237060547,21.440000534057617,6335.0
2024-08-21 12:28:00,SGML,11.045900344848633,11.045900344848633,11.0600004196167,11.045900344848633,11.0600004196167,7742.0
2024-08-21 12:28:00,SSRM,5.385000228881836,5.385000228881836,5.385000228881836,5.375,5.378799915313721,3656.0
2024-08-21 12:28:00,STLD,117.41999816894531,117.41999816894531,117.41999816894531,117.41999816894531,117.41999816894531,464.0
2024-08-21 12:28:00,TMC,1.0788999795913696,1.0788999795913696,1.0788999795913696,1.0788999795913696,1.0788999795913696,121.0
2024-08-21 12:29:00,ACNT,10.0,10.0,10.0,10.0,10.0,1909.0
2024-08-21 12:29:00,CENX,14.550000190734863,14.550000190734863,14.5600004196167,14.550000190734863,14.5600004196167,1242.0
2024-08-21 12:29:00,GPRE,13.6899995803833,13.6899995803833,13.6899995803833,13.6899995803833,13.6899995803833,503.0
2024-08-21 12:29:00,LWLG,2.640000104904175,2.640000104904175,2.6449999809265137,2.640000104904175,2.6449999809265137,295.0
2024-08-21 12:29:00,METC,12.029999732971191,12.029999732971191,12.03969955444336,12.020000457763672,12.03969955444336,3012.0
2024-08-21 12:29:00,ORGN,1.4572999477386475,1.4572999477386475,1.4572999477386475,1.4572999477386475,1.4572999477386475,583.0
2024-08-21 12:29:00,PAAS,21.415000915527344,21.415000915527344,21.420000076293945,21.415000915527344,21.420000076293945,517.0
2024-08-21 12:29:00,PLL,8.819999694824219,8.819999694824219,8.819999694824219,8.819999694824219,8.819999694824219,252.0
2024-08-21 12:29:00,PPTA,8.699999809265137,8.699999809265137,8.699999809265137,8.699999809265137,8.699999809265137,577.0
2024-08-21 12:29:00,RGLD,139.80999755859375,139.80999755859375,139.80999755859375,139.80999755859375,139.80999755859375,307.0
2024-08-21 12:29:00,SGML,11.050000190734863,11.050000190734863,11.050000190734863,11.050000190734863,11.050000190734863,907.0
2024-08-21 12:29:00,SSRM,5.380000114440918,5.380000114440918,5.385000228881836,5.380000114440918,5.385000228881836,3059.0
2024-08-21 12:29:00,STLD,117.3499984741211,117.3499984741211,117.41999816894531,117.3499984741211,117.41999816894531,2168.0
2024-08-21 12:30:00,AREC,0.5403000116348267,0.5403000116348267,0.5403000116348267,0.5403000116348267,0.5403000116348267,887.0
2024-08-21 12:30:00,CENX,14.539999961853027,14.539999961853027,14.539999961853027,14.539999961853027,14.539999961853027,939.0
2024-08-21 12:30:00,GSM,4.414999961853027,4.414999961853027,4.420000076293945,4.414999961853027,4.420000076293945,511.0
2024-08-21 12:30:00,MEOH,44.52000045776367,44.52000045776367,44.52000045776367,44.470001220703125,44.47999954223633,1581.0
2024-08-21 12:30:00,MERC,6.28000020980835,6.28000020980835,6.300000190734863,6.28000020980835,6.300000190734863,3094.0
2024-08-21 12:30:00,METC,12.0,12.0,12.020000457763672,12.0,12.020000457763672,2336.0
2024-08-21 12:30:00,PAAS,21.395000457763672,21.395000457763672,21.40999984741211,21.395000457763672,21.40999984741211,1347.0
2024-08-21 12:30:00,SGML,11.006600379943848,11.006600379943848,11.050000190734863,11.006600379943848,11.039999961853027,2511.0
2024-08-21 12:30:00,SSRM,5.368199825286865,5.368199825286865,5.369999885559082,5.368199825286865,5.369999885559082,1177.0
2024-08-21 12:30:00,STLD,117.4000015258789,117.4000015258789,117.4000015258789,117.38999938964844,117.38999938964844,2059.0
2024-08-21 12:30:00,TMC,1.0750000476837158,1.0750000476837158,1.0750000476837158,1.0750000476837158,1.0750000476837158,569.0
2024-08-21 12:31:00,AREC,0.5403000116348267,0.5403000116348267,0.5403000116348267,0.5403000116348267,0.5403000116348267,1313.0
2024-08-21 12:31:00,CENX,14.531000137329102,14.531000137329102,14.539999961853027,14.531000137329102,14.539999961853027,1152.0
2024-08-21 12:31:00,FEAM,0.8579000234603882,0.8579000234603882,0.8629000186920166,0.8579000234603882,0.8629000186920166,1313.0
2024-08-21 12:31:00,GEVO,0.7491000294685364,0.7491000294685364,0.7491000294685364,0.7491000294685364,0.7491000294685364,1483.0
2024-08-21 12:31:00,GPRE,13.6899995803833,13.6899995803833,13.6899995803833,13.680000305175781,13.6899995803833,709.0
2024-08-21 12:31:00,LGO,1.9299999475479126,1.9299999475479126,1.9299999475479126,1.9299999475479126,1.9299999475479126,371.0
2024-08-21 12:31:00,LWLG,2.6449999809265137,2.6449999809265137,2.6500000953674316,2.640000104904175,2.6500000953674316,2138.0
2024-08-21 12:31:00,METC,12.029999732971191,12.029999732971191,12.029999732971191,11.989999771118164,11.989999771118164,2271.0
2024-08-21 12:31:00,PAAS,21.3799991607666,21.3799991607666,21.399999618530273,21.3799991607666,21.390899658203125,6841.0
2024-08-21 12:31:00,PLL,8.796199798583984,8.796199798583984,8.796199798583984,8.796199798583984,8.796199798583984,332.0
2024-08-21 12:31:00,RGLD,139.76499938964844,139.76499938964844,139.76499938964844,139.76499938964844,139.76499938964844,478.0
2024-08-21 12:31:00,SGML,11.029999732971191,11.029999732971191,11.029999732971191,11.029999732971191,11.029999732971191,334.0
2024-08-21 12:31:00,TMC,1.0800000429153442,1.0800000429153442,1.0800000429153442,1.0800000429153442,1.0800000429153442,112.0
2024-08-21 12:32:00,GEVO,0.7491000294685364,0.7491000294685364,0.7491999864578247,0.7458999752998352,0.7458999752998352,1844.0
2024-08-21 12:32:00,GPRE,13.675000190734863,13.675000190734863,13.680000305175781,13.675000190734863,13.680000305175781,968.0
2024-08-21 12:32:00,GSM,4.409999847412109,4.409999847412109,4.425000190734863,4.409999847412109,4.414999961853027,48547.0
2024-08-21 12:32:00,KALU,70.5,70.5,70.5,70.5,70.5,143.0
2024-08-21 12:32:00,LWLG,2.640000104904175,2.640000104904175,2.640000104904175,2.640000104904175,2.640000104904175,0.0
2024-08-21 12:32:00,PAAS,21.3700008392334,21.3700008392334,21.385000228881836,21.3700008392334,21.385000228881836,1701.0
2024-08-21 12:32:00,PLL,8.789999961853027,8.789999961853027,8.789999961853027,8.789999961853027,8.789999961853027,1429.0
2024-08-21 12:32:00,SGML,11.024999618530273,11.024999618530273,11.024999618530273,11.020000457763672,11.020000457763672,936.0
2024-08-21 12:32:00,SSRM,5.360000133514404,5.360000133514404,5.360000133514404,5.360000133514404,5.360000133514404,1194.0
2024-08-21 12:32:00,STLD,117.46499633789062,117.46499633789062,117.4800033569336,117.45500183105469,117.47000122070312,3543.0
2024-08-21 12:33:00,ASTL,9.630000114440918,9.630000114440918,9.635000228881836,9.630000114440918,9.635000228881836,3604.0
2024-08-21 12:33:00,CENX,14.539999961853027,14.539999961853027,14.539999961853027,14.529999732971191,14.529999732971191,1395.0
2024-08-21 12:33:00,ELBM,0.5177000164985657,0.5177000164985657,0.5177000164985657,0.5109999775886536,0.5109999775886536,1752.0
2024-08-21 12:33:00,GPRE,13.675000190734863,13.675000190734863,13.675000190734863,13.675000190734863,13.675000190734863,296.0
2024-08-21 12:33:00,GSM,4.409999847412109,4.409999847412109,4.409999847412109,4.409999847412109,4.409999847412109,1609.0
2024-08-21 12:33:00,HYMCL,0.02800000086426735,0.02800000086426735,0.02800000086426735,0.02800000086426735,0.02800000086426735,3697.0
2024-08-21 12:33:00,LWLG,2.6449999809265137,2.6449999809265137,2.6449999809265137,2.640000104904175,2.640000104904175,237.0
2024-08-21 12:33:00,MEOH,44.54999923706055,44.54999923706055,44.54999923706055,44.54999923706055,44.54999923706055,1232.0
2024-08-21 12:33:00,METC,12.029999732971191,12.029999732971191,12.029999732971191,12.029999732971191,12.029999732971191,878.0
2024-08-21 12:33:00,PAAS,21.3799991607666,21.3799991607666,21.389999389648438,21.3700008392334,21.375,5668.0
2024-08-21 12:33:00,PPTA,8.680000305175781,8.680000305175781,8.699999809265137,8.680000305175781,8.699999809265137,1515.0
2024-08-21 12:33:00,SGML,11.024999618530273,11.024999618530273,11.024999618530273,11.024999618530273,11.024999618530273,173.0
2024-08-21 12:33:00,SSRM,5.360000133514404,5.360000133514404,5.360000133514404,5.360000133514404,5.360000133514404,800.0
2024-08-21 12:33:00,STLD,117.45999908447266,117.45999908447266,117.45999908447266,117.45999908447266,117.45999908447266,823.0
2024-08-21 12:33:00,TMC,1.0713000297546387,1.0713000297546387,1.0713000297546387,1.0713000297546387,1.0713000297546387,3011.0
2024-08-21 12:34:00,AREC,0.5403000116348267,0.5403000116348267,0.5403000116348267,0.5403000116348267,0.5403000116348267,208.0
2024-08-21 12:34:00,ASTL,9.630000114440918,9.630000114440918,9.630000114440918,9.630000114440918,9.630000114440918,1219.0
2024-08-21 12:34:00,CENX,14.539999961853027,14.539999961853027,14.539999961853027,14.539999961853027,14.539999961853027,1723.0
2024-08-21 12:34:00,GPRE,13.680000305175781,13.680000305175781,13.680000305175781,13.675000190734863,13.680000305175781,1500.0
2024-08-21 12:34:00,GSM,4.409999847412109,4.409999847412109,4.409999847412109,4.409999847412109,4.409999847412109,306.0
2024-08-21 12:34:00,IOSP,110.2249984741211,110.2249984741211,110.2249984741211,110.2249984741211,110.2249984741211,243.0
2024-08-21 12:34:00,METC,12.029999732971191,12.029999732971191,12.031100273132324,12.029999732971191,12.031100273132324,1213.0
2024-08-21 12:34:00,ORGN,1.4599000215530396,1.4599000215530396,1.4599000215530396,1.4550000429153442,1.4550000429153442,2694.0
2024-08-21 12:34:00,PAAS,21.385000228881836,21.385000228881836,21.385000228881836,21.3799991607666,21.3799991607666,1360.0
2024-08-21 12:34:00,SSRM,5.364999771118164,5.364999771118164,5.364999771118164,5.364999771118164,5.364999771118164,1322.0
2024-08-21 12:34:00,TMC,1.0750000476837158,1.0750000476837158,1.0750000476837158,1.0750000476837158,1.0750000476837158,356.0
2024-08-21 12:35:00,CENX,14.555000305175781,14.555000305175781,14.555000305175781,14.550000190734863,14.550000190734863,1110.0
2024-08-21 12:35:00,GPRE,13.6899995803833,13.6899995803833,13.694999694824219,13.6899995803833,13.6899995803833,1528.0
2024-08-21 12:35:00,GSM,4.409999847412109,4.409999847412109,4.409999847412109,4.409999847412109,4.409999847412109,432.0
2024-08-21 12:35:00,IPX,15.300000190734863,15.300000190734863,15.300000190734863,15.300000190734863,15.300000190734863,100.0
2024-08-21 12:35:00,LWLG,2.6500000953674316,2.6500000953674316,2.6500000953674316,2.6500000953674316,2.6500000953674316,1052.0
2024-08-21 12:35:00,METC,12.029999732971191,12.029999732971191,12.029999732971191,12.029999732971191,12.029999732971191,118.0
2024-08-21 12:35:00,PAAS,21.37980079650879,21.37980079650879,21.3799991607666,21.375,21.3799991607666,3807.0
2024-08-21 12:35:00,PLL,8.789999961853027,8.789999961853027,8.789999961853027,8.789999961853027,8.789999961853027,371.0
2024-08-21 12:35:00,SGML,11.020000457763672,11.020000457763672,11.020000457763672,11.020000457763672,11.020000457763672,951.0
2024-08-21 12:35:00,STLD,117.54499816894531,117.54499816894531,117.54499816894531,117.54499816894531,117.54499816894531,396.0
2024-08-21 12:36:00,ALTO,1.434999942779541,1.434999942779541,1.434999942779541,1.434999942779541,1.434999942779541,120.0
2024-08-21 12:36:00,ASTL,9.630000114440918,9.630000114440918,9.630000114440918,9.625,9.625,580.0
2024-08-21 12:36:00,CENX,14.550000190734863,14.550000190734863,14.550000190734863,14.550000190734863,14.550000190734863,592.0
2024-08-21 12:36:00,GPRE,13.6899995803833,13.6899995803833,13.6899995803833,13.6899995803833,13.6899995803833,387.0
2024-08-21 12:36:00,GSM,4.409999847412109,4.409999847412109,4.409999847412109,4.409999847412109,4.409999847412109,532.0
2024-08-21 12:36:00,HYMC,2.4526000022888184,2.4526000022888184,2.4526000022888184,2.4526000022888184,2.4526000022888184,116.0
2024-08-21 12:36:00,KALU,70.5,70.5,70.5,70.5,70.5,522.0
2024-08-21 12:36:00,LWLG,2.6500000953674316,2.6500000953674316,2.6500000953674316,2.6500000953674316,2.6500000953674316,135.0
2024-08-21 12:36:00,MERC,6.28000020980835,6.28000020980835,6.28000020980835,6.28000020980835,6.28000020980835,276.0
2024-08-21 12:36:00,METC,12.039999961853027,12.039999961853027,12.039999961853027,12.039999961853027,12.039999961853027,745.0
2024-08-21 12:36:00,PAAS,21.405000686645508,21.405000686645508,21.405000686645508,21.3799991607666,21.3799991607666,1507.0
2024-08-21 12:36:00,PLL,8.800000190734863,8.800000190734863,8.800000190734863,8.800000190734863,8.800000190734863,627.0
2024-08-21 12:36:00,PPTA,8.680000305175781,8.680000305175781,8.680000305175781,8.680000305175781,8.680000305175781,600.0
2024-08-21 12:36:00,SGML,11.020000457763672,11.020000457763672,11.020000457763672,11.015000343322754,11.015000343322754,1455.0
2024-08-21 12:36:00,SSRM,5.364999771118164,5.364999771118164,5.364999771118164,5.364999771118164,5.364999771118164,157.0
2024-08-21 12:36:00,STLD,117.6500015258789,117.6500015258789,117.6500015258789,117.58000183105469,117.58000183105469,928.0
2024-08-21 12:36:00,TMC,1.070099949836731,1.070099949836731,1.070099949836731,1.070099949836731,1.070099949836731,1506.0
2024-08-21 12:37:00,ASTL,9.645000457763672,9.645000457763672,9.645000457763672,9.645000457763672,9.645000457763672,595.0
2024-08-21 12:37:00,CENX,14.550000190734863,14.550000190734863,14.550000190734863,14.550000190734863,14.550000190734863,244.0
2024-08-21 12:37:00,GPRE,13.699999809265137,13.699999809265137,13.699999809265137,13.699999809265137,13.699999809265137,981.0
2024-08-21 12:37:00,GSM,4.414999961853027,4.414999961853027,4.414999961853027,4.414999961853027,4.414999961853027,600.0
2024-08-21 12:37:00,HUDI,2.1803998947143555,2.1803998947143555,2.200000047683716,2.1803998947143555,2.200000047683716,1016.0
2024-08-21 12:37:00,METC,12.039999961853027,12.039999961853027,12.039999961853027,12.039999961853027,12.039999961853027,203.0
2024-08-21 12:37:00,ORGN,1.4550000429153442,1.4550000429153442,1.4550000429153442,1.4500999450683594,1.4500999450683594,793.0
2024-08-21 12:37:00,PAAS,21.399999618530273,21.399999618530273,21.400100708007812,21.399999618530273,21.400100708007812,597.0
2024-08-21 12:37:00,PLL,8.819999694824219,8.819999694824219,8.819999694824219,8.819999694824219,8.819999694824219,201.0
2024-08-21 12:37:00,PPTA,8.6850004196167,8.6850004196167,8.6850004196167,8.6850004196167,8.6850004196167,380.0
2024-08-21 12:37:00,SGML,11.020000457763672,11.020000457763672,11.020000457763672,11.020000457763672,11.020000457763672,656.0
2024-08-21 12:37:00,SMID,33.029998779296875,33.029998779296875,33.029998779296875,33.029998779296875,33.029998779296875,1918.0
2024-08-21 12:37:00,SSRM,5.367499828338623,5.367499828338623,5.367499828338623,5.364999771118164,5.364999771118164,844.0
2024-08-21 12:37:00,TMC,1.0800000429153442,1.0800000429153442,1.0800000429153442,1.0800000429153442,1.0800000429153442,0.0
2024-08-21 12:37:00,ZEUS,41.150001525878906,41.150001525878906,41.150001525878906,41.150001525878906,41.150001525878906,483.0
2024-08-21 12:38:00,ALTO,1.434999942779541,1.434999942779541,1.434999942779541,1.434999942779541,1.434999942779541,295.0
2024-08-21 12:38:00,ASTL,9.640000343322754,9.640000343322754,9.640000343322754,9.640000343322754,9.640000343322754,836.0
2024-08-21 12:38:00,CENX,14.5600004196167,14.5600004196167,14.5649995803833,14.5600004196167,14.5600004196167,1744.0
2024-08-21 12:38:00,CRKN,1.7799999713897705,1.7799999713897705,1.7799999713897705,1.7799999713897705,1.7799999713897705,432.0
2024-08-21 12:38:00,GEVO,0.7494000196456909,0.7494000196456909,0.7508000135421753,0.7491999864578247,0.7491999864578247,2582.0
2024-08-21 12:38:00,GPRE,13.699999809265137,13.699999809265137,13.699999809265137,13.699999809265137,13.699999809265137,1031.0
2024-08-21 12:38:00,IOSP,110.206298828125,110.206298828125,110.206298828125,110.206298828125,110.206298828125,195.0
2024-08-21 12:38:00,MERC,6.289999961853027,6.289999961853027,6.289999961853027,6.289999961853027,6.289999961853027,676.0
2024-08-21 12:38:00,METC,12.042699813842773,12.042699813842773,12.042699813842773,12.042699813842773,12.042699813842773,575.0
2024-08-21 12:38:00,NTIC,12.520000457763672,12.520000457763672,12.520000457763672,12.520000457763672,12.520000457763672,2426.0
2024-08-21 12:38:00,ORGN,1.4550000429153442,1.4550000429153442,1.4550000429153442,1.4550000429153442,1.4550000429153442,608.0
2024-08-21 12:38:00,PAAS,21.395000457763672,21.395000457763672,21.395000457763672,21.395000457763672,21.395000457763672,364.0
2024-08-21 12:38:00,PLL,8.805000305175781,8.805000305175781,8.805000305175781,8.789999961853027,8.789999961853027,307.0
2024-08-21 12:38:00,SGML,10.970000267028809,10.970000267028809,11.020000457763672,10.970000267028809,11.020000457763672,13030.0
2024-08-21 12:38:00,SMID,32.63840103149414,32.63840103149414,32.63840103149414,32.63840103149414,32.63840103149414,1514.0
2024-08-21 12:38:00,SSRM,5.364999771118164,5.364999771118164,5.364999771118164,5.364999771118164,5.364999771118164,435.0
2024-08-21 12:38:00,STLD,117.66500091552734,117.66500091552734,117.66500091552734,117.66500091552734,117.66500091552734,1809.0
2024-08-21 12:38:00,UFPI,119.73799896240234,119.73799896240234,119.73799896240234,119.73799896240234,119.73799896240234,467.0
2024-08-21 12:39:00,BCPC,168.7100067138672,168.7100067138672,168.7100067138672,168.7100067138672,168.7100067138672,1090.0
2024-08-21 12:39:00,CENX,14.5600004196167,14.5600004196167,14.5600004196167,14.5600004196167,14.5600004196167,484.0
2024-08-21 12:39:00,CRKN,1.7799999713897705,1.7799999713897705,1.7799999713897705,1.7799999713897705,1.7799999713897705,901.0
2024-08-21 12:39:00,GPRE,13.6899995803833,13.6899995803833,13.699999809265137,13.680000305175781,13.699999809265137,2760.0
2024-08-21 12:39:00,GSM,4.409999847412109,4.409999847412109,4.409999847412109,4.409999847412109,4.409999847412109,450.0
2024-08-21 12:39:00,IOSP,110.36000061035156,110.36000061035156,110.36000061035156,110.2249984741211,110.2249984741211,2778.0
2024-08-21 12:39:00,LWLG,2.6549999713897705,2.6549999713897705,2.6549999713897705,2.6549999713897705,2.6549999713897705,277.0
2024-08-21 12:39:00,METC,12.0600004196167,12.0600004196167,12.0600004196167,12.0600004196167,12.0600004196167,460.0
2024-08-21 12:39:00,ORGN,1.4550000429153442,1.4550000429153442,1.4599000215530396,1.4550000429153442,1.4599000215530396,300.0
2024-08-21 12:39:00,PAAS,21.420000076293945,21.420000076293945,21.420000076293945,21.399999618530273,21.399999618530273,1309.0
2024-08-21 12:39:00,PLL,8.8100004196167,8.8100004196167,8.829999923706055,8.8100004196167,8.8100004196167,1603.0
2024-08-21 12:39:00,RGLD,139.76499938964844,139.76499938964844,139.76499938964844,139.76499938964844,139.76499938964844,1291.0
2024-08-21 12:39:00,SGML,10.975000381469727,10.975000381469727,10.975000381469727,10.975000381469727,10.975000381469727,803.0
2024-08-21 12:39:00,SSRM,5.364999771118164,5.364999771118164,5.364999771118164,5.360000133514404,5.364999771118164,3058.0
2024-08-21 12:39:00,STLD,117.69999694824219,117.69999694824219,117.69999694824219,117.6449966430664,117.6449966430664,1069.0
2024-08-21 12:39:00,TMC,1.079200029373169,1.079200029373169,1.079200029373169,1.079200029373169,1.079200029373169,2079.0
2024-08-21 12:40:00,ACNT,10.0,10.0,10.0,10.0,10.0,2101.0
2024-08-21 12:40:00,ASTL,9.654999732971191,9.654999732971191,9.654999732971191,9.654999732971191,9.654999732971191,322.0
2024-08-21 12:40:00,GPRE,13.6899995803833,13.6899995803833,13.6899995803833,13.6899995803833,13.6899995803833,281.0
2024-08-21 12:40:00,GSM,4.409999847412109,4.409999847412109,4.414999961853027,4.409999847412109,4.409999847412109,832.0
2024-08-21 12:40:00,HDSN,8.029999732971191,8.029999732971191,8.029999732971191,8.024999618530273,8.029999732971191,1153.0
2024-08-21 12:40:00,IOSP,110.24500274658203,110.24500274658203,110.24500274658203,110.23999786376953,110.23999786376953,235.0
2024-08-21 12:40:00,IPX,15.274999618530273,15.274999618530273,15.274999618530273,15.274999618530273,15.274999618530273,100.0
2024-08-21 12:40:00,LGO,1.9299999475479126,1.9299999475479126,1.9299999475479126,1.9299999475479126,1.9299999475479126,100.0
2024-08-21 12:40:00,METC,12.055000305175781,12.055000305175781,12.0600004196167,12.055000305175781,12.0600004196167,491.0
2024-08-21 12:40:00,ORGN,1.4550000429153442,1.4550000429153442,1.4550000429153442,1.4550000429153442,1.4550000429153442,132.0
2024-08-21 12:40:00,PAAS,21.399999618530273,21.399999618530273,21.420000076293945,21.399999618530273,21.420000076293945,7393.0
2024-08-21 12:40:00,SGML,11.010000228881836,11.010000228881836,11.029999732971191,10.973299980163574,10.973299980163574,5370.0
2024-08-21 12:40:00,SSRM,5.380000114440918,5.380000114440918,5.380000114440918,5.369999885559082,5.369999885559082,6248.0
2024-08-21 12:40:00,STLD,117.65010070800781,117.65010070800781,117.70500183105469,117.65010070800781,117.69999694824219,2003.0
2024-08-21 12:40:00,USAP,40.03969955444336,40.03969955444336,40.03969955444336,40.03969955444336,40.03969955444336,793.0
2024-08-21 12:41:00,ACNT,10.0,10.0,10.0,10.0,10.0,6001.0
2024-08-21 12:41:00,GEVO,0.7511000037193298,0.7511000037193298,0.7511000037193298,0.7511000037193298,0.7511000037193298,201.0
2024-08-21 12:41:00,GPRE,13.6899995803833,13.6899995803833,13.6899995803833,13.6899995803833,13.6899995803833,345.0
2024-08-21 12:41:00,GSM,4.409999847412109,4.409999847412109,4.414999961853027,4.409999847412109,4.414999961853027,6025.0
2024-08-21 12:41:00,HDSN,8.03499984741211,8.03499984741211,8.03499984741211,8.03499984741211,8.03499984741211,138.0
2024-08-21 12:41:00,MERC,6.28000020980835,6.28000020980835,6.300000190734863,6.28000020980835,6.290999889373779,1829.0
2024-08-21 12:41:00,ORGN,1.4500999450683594,1.4500999450683594,1.4500999450683594,1.4500999450683594,1.4500999450683594,1800.0
2024-08-21 12:41:00,PAAS,21.405000686645508,21.405000686645508,21.405000686645508,21.390100479125977,21.399999618530273,2537.0
2024-08-21 12:41:00,PLL,8.79010009765625,8.79010009765625,8.79010009765625,8.79010009765625,8.79010009765625,243.0
2024-08-21 12:41:00,PPTA,8.6899995803833,8.6899995803833,8.6899995803833,8.6850004196167,8.6850004196167,1290.0
2024-08-21 12:41:00,SGML,11.015000343322754,11.015000343322754,11.015000343322754,11.015000343322754,11.015000343322754,163.0
2024-08-21 12:41:00,SMID,32.74800109863281,32.74800109863281,32.74800109863281,32.74800109863281,32.74800109863281,190.0
2024-08-21 12:41:00,SSRM,5.377900123596191,5.377900123596191,5.377900123596191,5.375,5.375,812.0
2024-08-21 12:41:00,TMC,1.0799000263214111,1.0799000263214111,1.0799000263214111,1.0799000263214111,1.0799000263214111,7735.0
2024-08-21 12:41:00,USAP,39.95000076293945,39.95000076293945,39.95000076293945,39.95000076293945,39.95000076293945,645.0
2024-08-21 12:42:00,ACNT,10.0,10.0,10.0,10.0,10.0,3789.0
2024-08-21 12:42:00,ASTL,9.645000457763672,9.645000457763672,9.645000457763672,9.645000457763672,9.645000457763672,324.0
2024-08-21 12:42:00,CENX,14.550000190734863,14.550000190734863,14.598299980163574,14.550000190734863,14.5600004196167,6993.0
2024-08-21 12:42:00,GEVO,0.7513999938964844,0.7513999938964844,0.7513999938964844,0.7513999938964844,0.7513999938964844,180.0
2024-08-21 12:42:00,GPRE,13.699999809265137,13.699999809265137,13.699999809265137,13.699999809265137,13.699999809265137,1046.0
2024-08-21 12:42:00,GSM,4.409999847412109,4.409999847412109,4.409999847412109,4.409999847412109,4.409999847412109,720.0
2024-08-21 12:42:00,IOSP,110.24500274658203,110.24500274658203,110.37999725341797,110.24500274658203,110.37999725341797,398.0
2024-08-21 12:42:00,METC,12.050000190734863,12.050000190734863,12.0600004196167,12.050000190734863,12.0600004196167,799.0
2024-08-21 12:42:00,PAAS,21.3700008392334,21.3700008392334,21.399999618530273,21.3700008392334,21.399999618530273,3602.0
2024-08-21 12:42:00,PPTA,8.720000267028809,8.720000267028809,8.720000267028809,8.720000267028809,8.720000267028809,62.0
2024-08-21 12:42:00,RETO,0.9800000190734863,0.9800000190734863,0.9909999966621399,0.9800000190734863,0.9909999966621399,960.0
2024-08-21 12:42:00,SGML,11.015000343322754,11.015000343322754,11.015000343322754,11.015000343322754,11.015000343322754,421.0
2024-08-21 12:42:00,SSRM,5.369999885559082,5.369999885559082,5.369999885559082,5.369999885559082,5.369999885559082,2369.0
2024-08-21 12:42:00,STLD,117.58999633789062,117.58999633789062,117.5999984741211,117.55999755859375,117.5999984741211,3571.0
2024-08-21 12:42:00,TMC,1.0800000429153442,1.0800000429153442,1.0800000429153442,1.0800000429153442,1.0800000429153442,599.0
2024-08-21 12:42:00,UFPI,119.58999633789062,119.58999633789062,119.58999633789062,119.58999633789062,119.58999633789062,629.0
2024-08-21 12:42:00,USAP,40.095001220703125,40.095001220703125,40.095001220703125,40.04999923706055,40.04999923706055,607.0
2024-08-21 12:43:00,AREC,0.5403000116348267,0.5403000116348267,0.5403000116348267,0.5403000116348267,0.5403000116348267,1031.0
2024-08-21 12:43:00,ASTL,9.640000343322754,9.640000343322754,9.645000457763672,9.640000343322754,9.645000457763672,1924.0
2024-08-21 12:43:00,BIOX,10.13010025024414,10.13010025024414,10.13010025024414,10.13010025024414,10.13010025024414,313.0
2024-08-21 12:43:00,CENX,14.539999961853027,14.539999961853027,14.539999961853027,14.539999961853027,14.539999961853027,419.0
2024-08-21 12:43:00,GEVO,0.7501999735832214,0.7501999735832214,0.7501999735832214,0.7501999735832214,0.7501999735832214,202.0
2024-08-21 12:43:00,GPRE,13.704999923706055,13.704999923706055,13.704999923706055,13.704999923706055,13.704999923706055,240.0
2024-08-21 12:43:00,GSM,4.409999847412109,4.409999847412109,4.414999961853027,4.409999847412109,4.409999847412109,700.0
2024-08-21 12:43:00,HDSN,8.039999961853027,8.039999961853027,8.039999961853027,8.039999961853027,8.039999961853027,558.0
2024-08-21 12:43:00,IOSP,110.24500274658203,110.24500274658203,110.24500274658203,110.24500274658203,110.24500274658203,107.0
2024-08-21 12:43:00,ORGN,1.4505000114440918,1.4505000114440918,1.4505000114440918,1.4505000114440918,1.4505000114440918,0.0
2024-08-21 12:43:00,PAAS,21.385000228881836,21.385000228881836,21.389999389648438,21.3700008392334,21.3799991607666,2224.0
2024-08-21 12:43:00,PLL,8.8100004196167,8.8100004196167,8.828700065612793,8.796199798583984,8.796199798583984,1406.0
2024-08-21 12:43:00,PPTA,8.6899995803833,8.6899995803833,8.720000267028809,8.6899995803833,8.6899995803833,939.0
2024-08-21 12:43:00,RGLD,139.7100067138672,139.7100067138672,139.7100067138672,139.7100067138672,139.7100067138672,722.0
2024-08-21 12:43:00,SGML,11.015000343322754,11.015000343322754,11.015000343322754,11.015000343322754,11.015000343322754,449.0
2024-08-21 12:43:00,SMID,32.13999938964844,32.13999938964844,32.926998138427734,32.13999938964844,32.926998138427734,2361.0
2024-08-21 12:43:00,SSRM,5.369999885559082,5.369999885559082,5.369999885559082,5.364999771118164,5.364999771118164,2031.0
2024-08-21 12:43:00,STLD,117.46499633789062,117.46499633789062,117.54000091552734,117.46499633789062,117.54000091552734,1871.0
2024-08-21 12:43:00,TMC,1.0800000429153442,1.0800000429153442,1.0800000429153442,1.0800000429153442,1.0800000429153442,340.0
2024-08-21 12:44:00,CENX,14.53499984741211,14.53499984741211,14.53499984741211,14.53499984741211,14.53499984741211,458.0
2024-08-21 12:44:00,GEVO,0.7501999735832214,0.7501999735832214,0.7513999938964844,0.7501999735832214,0.7513999938964844,286.0
2024-08-21 12:44:00,GPRE,13.704999923706055,13.704999923706055,13.704999923706055,13.704999923706055,13.704999923706055,228.0
2024-08-21 12:44:00,GSM,4.409999847412109,4.409999847412109,4.420000076293945,4.409999847412109,4.409999847412109,1183.0
2024-08-21 12:44:00,IOSP,110.24500274658203,110.24500274658203,110.24500274658203,110.24500274658203,110.24500274658203,406.0
2024-08-21 12:44:00,LGO,1.9270999431610107,1.9270999431610107,1.9270999431610107,1.9270999431610107,1.9270999431610107,2100.0
2024-08-21 12:44:00,LWLG,2.6549999713897705,2.6549999713897705,2.6549999713897705,2.6549999713897705,2.6549999713897705,106.0
2024-08-21 12:44:00,ORGN,1.440000057220459,1.440000057220459,1.4550000429153442,1.4299999475479126,1.4550000429153442,19879.0
2024-08-21 12:44:00,PAAS,21.40999984741211,21.40999984741211,21.40999984741211,21.38949966430664,21.38949966430664,2064.0
2024-08-21 12:44:00,PLL,8.8149995803833,8.8149995803833,8.8149995803833,8.8149995803833,8.8149995803833,1058.0
2024-08-21 12:44:00,PPTA,8.6899995803833,8.6899995803833,8.6899995803833,8.6899995803833,8.6899995803833,265.0
2024-08-21 12:44:00,SGML,11.015000343322754,11.015000343322754,11.015000343322754,11.015000343322754,11.015000343322754,529.0
2024-08-21 12:44:00,SSRM,5.370100021362305,5.370100021362305,5.370100021362305,5.370100021362305,5.370100021362305,987.0
2024-08-21 12:45:00,ASTL,9.649999618530273,9.649999618530273,9.649999618530273,9.649999618530273,9.649999618530273,585.0
2024-08-21 12:45:00,CENX,14.529999732971191,14.529999732971191,14.529999732971191,14.529999732971191,14.529999732971191,267.0
2024-08-21 12:45:00,GEVO,0.7515000104904175,0.7515000104904175,0.7515000104904175,0.7515000104904175,0.7515000104904175,444.0
2024-08-21 12:45:00,GPRE,13.710000038146973,13.710000038146973,13.710000038146973,13.704999923706055,13.704999923706055,1023.0
2024-08-21 12:45:00,GSM,4.409999847412109,4.409999847412109,4.414999961853027,4.409999847412109,4.409999847412109,733.0
2024-08-21 12:45:00,HDSN,8.03499984741211,8.03499984741211,8.03499984741211,8.03499984741211,8.03499984741211,628.0
2024-08-21 12:45:00,IOSP,110.33999633789062,110.33999633789062,110.33999633789062,110.33999633789062,110.33999633789062,288.0
2024-08-21 12:45:00,LGO,1.920699954032898,1.920699954032898,1.920699954032898,1.920699954032898,1.920699954032898,0.0
2024-08-21 12:45:00,LWLG,2.6549999713897705,2.6549999713897705,2.6549999713897705,2.6549999713897705,2.6549999713897705,555.0
2024-08-21 12:45:00,MEOH,44.54999923706055,44.54999923706055,44.56999969482422,44.54999923706055,44.56999969482422,731.0
2024-08-21 12:45:00,METC,12.0600004196167,12.0600004196167,12.079999923706055,12.0600004196167,12.0600004196167,2269.0
2024-08-21 12:45:00,ORGN,1.440000057220459,1.440000057220459,1.440000057220459,1.440000057220459,1.440000057220459,300.0
2024-08-21 12:45:00,PAAS,21.395000457763672,21.395000457763672,21.399999618530273,21.395000457763672,21.399999618530273,898.0
2024-08-21 12:45:00,PPTA,8.6899995803833,8.6899995803833,8.6899995803833,8.6899995803833,8.6899995803833,262.0
2024-08-21 12:45:00,SGML,10.984999656677246,10.984999656677246,11.010000228881836,10.984999656677246,11.0,4530.0
2024-08-21 12:45:00,SSRM,5.364999771118164,5.364999771118164,5.369999885559082,5.364999771118164,5.369999885559082,3645.0
2024-08-21 12:45:00,STLD,117.5199966430664,117.5199966430664,117.5199966430664,117.51000213623047,117.51000213623047,810.0
2024-08-21 12:45:00,UFPI,119.68000030517578,119.68000030517578,119.69499969482422,119.68000030517578,119.69499969482422,926.0
2024-08-21 12:46:00,ALTO,1.440000057220459,1.440000057220459,1.440000057220459,1.440000057220459,1.440000057220459,441.0
2024-08-21 12:46:00,ASTL,9.645000457763672,9.645000457763672,9.645000457763672,9.645000457763672,9.645000457763672,936.0
2024-08-21 12:46:00,BIOX,10.130000114440918,10.130000114440918,10.130000114440918,10.130000114440918,10.130000114440918,231.0
2024-08-21 12:46:00,CENX,14.510100364685059,14.510100364685059,14.510100364685059,14.510100364685059,14.510100364685059,514.0
2024-08-21 12:46:00,GEVO,0.7400000095367432,0.7400000095367432,0.7516000270843506,0.7400000095367432,0.7516000270843506,120563.0
2024-08-21 12:46:00,GSM,4.409999847412109,4.409999847412109,4.409999847412109,4.409999847412109,4.409999847412109,600.0
2024-08-21 12:46:00,HYMC,2.430000066757202,2.430000066757202,2.430000066757202,2.430000066757202,2.430000066757202,111.0
2024-08-21 12:46:00,HYMCL,0.02800000086426735,0.02800000086426735,0.02800000086426735,0.02800000086426735,0.02800000086426735,200.0
2024-08-21 12:46:00,IPX,15.25,15.25,15.359999656677246,15.25,15.359999656677246,800.0
2024-08-21 12:46:00,LWLG,2.6549999713897705,2.6549999713897705,2.659899950027466,2.6549999713897705,2.6549999713897705,625.0
2024-08-21 12:46:00,MEOH,44.540000915527344,44.540000915527344,44.540000915527344,44.540000915527344,44.540000915527344,423.0
2024-08-21 12:46:00,METC,12.079999923706055,12.079999923706055,12.079999923706055,12.0649995803833,12.0649995803833,1172.0
2024-08-21 12:46:00,ORGN,1.4299999475479126,1.4299999475479126,1.4306000471115112,1.4299999475479126,1.4299999475479126,2187.0
2024-08-21 12:46:00,PAAS,21.40999984741211,21.40999984741211,21.40999984741211,21.389999389648438,21.389999389648438,2574.0
2024-08-21 12:46:00,PLL,8.8149995803833,8.8149995803833,8.8149995803833,8.8149995803833,8.8149995803833,288.0
2024-08-21 12:46:00,PPTA,8.720000267028809,8.720000267028809,8.720000267028809,8.720000267028809,8.720000267028809,600.0
2024-08-21 12:46:00,SGML,10.989999771118164,10.989999771118164,10.989999771118164,10.989999771118164,10.989999771118164,214.0
2024-08-21 12:46:00,SMID,32.5099983215332,32.5099983215332,32.5099983215332,32.27000045776367,32.5099983215332,1270.0
2024-08-21 12:46:00,STLD,117.54499816894531,117.54499816894531,117.54499816894531,117.54499816894531,117.54499816894531,167.0
2024-08-21 12:46:00,TMC,1.0750000476837158,1.0750000476837158,1.0800000429153442,1.0750000476837158,1.0800000429153442,588.0
2024-08-21 12:46:00,UFPI,119.79000091552734,119.79000091552734,119.79000091552734,119.79000091552734,119.79000091552734,1108.0
2024-08-21 12:47:00,ALTO,1.440000057220459,1.440000057220459,1.440000057220459,1.4390000104904175,1.4390000104904175,20189.0
2024-08-21 12:47:00,GEVO,0.7454000115394592,0.7454000115394592,0.7504000067710876,0.7404999732971191,0.7404999732971191,3366.0
2024-08-21 12:47:00,GSM,4.409999847412109,4.409999847412109,4.409999847412109,4.409999847412109,4.409999847412109,974.0
2024-08-21 12:47:00,HYMC,2.4546000957489014,2.4546000957489014,2.4546000957489014,2.4546000957489014,2.4546000957489014,205.0
2024-08-21 12:47:00,LWLG,2.6575000286102295,2.6575000286102295,2.6600000858306885,2.6549999713897705,2.6549999713897705,849.0
2024-08-21 12:47:00,PAAS,21.42799949645996,21.42799949645996,21.42799949645996,21.415000915527344,21.415000915527344,641.0
2024-08-21 12:47:00,PLL,8.8100004196167,8.8100004196167,8.8149995803833,8.800000190734863,8.8149995803833,2453.0
2024-08-21 12:47:00,SGML,10.989999771118164,10.989999771118164,10.989999771118164,10.989999771118164,10.989999771118164,404.0
2024-08-21 12:47:00,SSRM,5.369999885559082,5.369999885559082,5.369999885559082,5.364999771118164,5.369999885559082,3783.0
2024-08-21 12:47:00,STLD,117.62000274658203,117.62000274658203,117.62000274658203,117.58000183105469,117.58000183105469,1034.0
2024-08-21 12:47:00,USAP,40.11000061035156,40.11000061035156,40.11000061035156,40.11000061035156,40.11000061035156,241.0
2024-08-21 12:47:00,USLM,77.91999816894531,77.91999816894531,77.91999816894531,77.91999816894531,77.91999816894531,158.0
2024-08-21 12:48:00,CENX,14.520000457763672,14.520000457763672,14.520000457763672,14.520000457763672,14.520000457763672,2453.0
2024-08-21 12:48:00,GEVO,0.7405999898910522,0.7405999898910522,0.7407000064849854,0.7405999898910522,0.7407000064849854,5046.0
2024-08-21 12:48:00,GPRE,13.71500015258789,13.71500015258789,13.71500015258789,13.71500015258789,13.71500015258789,221.0
2024-08-21 12:48:00,GSM,4.409999847412109,4.409999847412109,4.414999961853027,4.409999847412109,4.414999961853027,777.0
2024-08-21 12:48:00,IPX,15.354999542236328,15.354999542236328,15.354999542236328,15.324999809265137,15.324999809265137,600.0
2024-08-21 12:48:00,LWLG,2.6649999618530273,2.6649999618530273,2.6649999618530273,2.6600000858306885,2.6600000858306885,4325.0
2024-08-21 12:48:00,MEOH,44.529998779296875,44.529998779296875,44.529998779296875,44.529998779296875,44.529998779296875,335.0
2024-08-21 12:48:00,METC,12.079999923706055,12.079999923706055,12.079999923706055,12.079999923706055,12.079999923706055,137.0
2024-08-21 12:48:00,ORGN,1.434999942779541,1.434999942779541,1.434999942779541,1.4229999780654907,1.4249999523162842,13935.0
2024-08-21 12:48:00,PAAS,21.424999237060547,21.424999237060547,21.434999465942383,21.420000076293945,21.43000030517578,2011.0
2024-08-21 12:48:00,PLL,8.800000190734863,8.800000190734863,8.800000190734863,8.800000190734863,8.800000190734863,325.0
2024-08-21 12:48:00,PPTA,8.694999694824219,8.694999694824219,8.694999694824219,8.694999694824219,8.694999694824219,0.0
2024-08-21 12:48:00,SGML,10.989999771118164,10.989999771118164,10.989999771118164,10.98009967803955,10.98009967803955,620.0
2024-08-21 12:48:00,SMID,32.15879821777344,32.15879821777344,32.15879821777344,32.15879821777344,32.15879821777344,3038.0
2024-08-21 12:48:00,SSRM,5.364999771118164,5.364999771118164,5.364999771118164,5.364999771118164,5.364999771118164,1212.0
2024-08-21 12:48:00,STLD,117.63999938964844,117.63999938964844,117.63999938964844,117.625,117.625,419.0
2024-08-21 12:48:00,ZEUS,41.16999816894531,41.16999816894531,41.16999816894531,41.16999816894531,41.16999816894531,300.0
2024-08-21 12:49:00,ALTO,1.434999942779541,1.434999942779541,1.434999942779541,1.434999942779541,1.434999942779541,682.0
2024-08-21 12:49:00,GPRE,13.710000038146973,13.710000038146973,13.71500015258789,13.710000038146973,13.71500015258789,2541.0
2024-08-21 12:49:00,GSM,4.409999847412109,4.409999847412109,4.414999961853027,4.409999847412109,4.409999847412109,500.0
2024-08-21 12:49:00,HYMC,2.4200000762939453,2.4200000762939453,2.4200000762939453,2.4200000762939453,2.4200000762939453,112.0
2024-08-21 12:49:00,IOSP,110.25,110.25,110.25,110.23100280761719,110.23100280761719,484.0
2024-08-21 12:49:00,LWLG,2.6649999618530273,2.6649999618530273,2.6700000762939453,2.6600000858306885,2.6600000858306885,1022.0
2024-08-21 12:49:00,METC,12.09000015258789,12.09000015258789,12.09000015258789,12.09000015258789,12.09000015258789,575.0
2024-08-21 12:49:00,PAAS,21.405000686645508,21.405000686645508,21.43000030517578,21.405000686645508,21.43000030517578,3547.0
2024-08-21 12:49:00,PLL,8.805000305175781,8.805000305175781,8.805000305175781,8.79010009765625,8.79010009765625,435.0
2024-08-21 12:49:00,RETO,0.9700000286102295,0.9700000286102295,0.9750000238418579,0.9700000286102295,0.9750000238418579,1897.0
2024-08-21 12:49:00,SGML,10.979999542236328,10.979999542236328,10.989999771118164,10.979999542236328,10.989999771118164,1150.0
2024-08-21 12:49:00,STLD,117.58000183105469,117.58000183105469,117.58000183105469,117.58000183105469,117.58000183105469,906.0
2024-08-21 12:49:00,TMC,1.0750000476837158,1.0750000476837158,1.0750000476837158,1.0750000476837158,1.0750000476837158,2198.0
2024-08-21 12:49:00,USLM,77.73999786376953,77.73999786376953,77.73999786376953,77.73999786376953,77.73999786376953,275.0
2024-08-21 12:50:00,CRKN,1.7800999879837036,1.7800999879837036,1.7802000045776367,1.7800999879837036,1.7802000045776367,1827.0
2024-08-21 12:50:00,GEVO,0.7498000264167786,0.7498000264167786,0.7498000264167786,0.7498000264167786,0.7498000264167786,200.0
2024-08-21 12:50:00,GPRE,13.710000038146973,13.710000038146973,13.710000038146973,13.710000038146973,13.710000038146973,186.0
2024-08-21 12:50:00,GSM,4.409999847412109,4.409999847412109,4.409999847412109,4.409999847412109,4.409999847412109,309.0
2024-08-21 12:50:00,IOSP,110.25,110.25,110.25,110.25,110.25,358.0
2024-08-21 12:50:00,LWLG,2.6700000762939453,2.6700000762939453,2.6700000762939453,2.6649999618530273,2.6700000762939453,1659.0
2024-08-21 12:50:00,MEOH,44.56999969482422,44.56999969482422,44.56999969482422,44.54999923706055,44.54999923706055,1509.0
2024-08-21 12:50:00,MERC,6.295000076293945,6.295000076293945,6.295000076293945,6.295000076293945,6.295000076293945,337.0
2024-08-21 12:50:00,METC,12.079999923706055,12.079999923706055,12.079999923706055,12.079999923706055,12.079999923706055,447.0
2024-08-21 12:50:00,ORGN,1.4305000305175781,1.4305000305175781,1.4305000305175781,1.4305000305175781,1.4305000305175781,1659.0
2024-08-21 12:50:00,PAAS,21.429500579833984,21.429500579833984,21.429500579833984,21.40999984741211,21.40999984741211,1980.0
2024-08-21 12:50:00,PLL,8.814000129699707,8.814000129699707,8.817999839782715,8.814000129699707,8.817999839782715,532.0
2024-08-21 12:50:00,SGML,10.989999771118164,10.989999771118164,10.989999771118164,10.979999542236328,10.979999542236328,1633.0
2024-08-21 12:50:00,STLD,117.55000305175781,117.55000305175781,117.55000305175781,117.55000305175781,117.55000305175781,613.0
2024-08-21 12:50:00,TMC,1.0800000429153442,1.0800000429153442,1.0800000429153442,1.0750000476837158,1.0750000476837158,1012.0
2024-08-21 12:51:00,ASTL,9.645000457763672,9.645000457763672,9.645000457763672,9.645000457763672,9.645000457763672,749.0
2024-08-21 12:51:00,CENX,14.510000228881836,14.510000228881836,14.515000343322754,14.510000228881836,14.515000343322754,1389.0
2024-08-21 12:51:00,GSM,4.409999847412109,4.409999847412109,4.409999847412109,4.409999847412109,4.409999847412109,400.0
2024-08-21 12:51:00,IOSP,110.2750015258789,110.2750015258789,110.2750015258789,110.2750015258789,110.2750015258789,338.0
2024-08-21 12:51:00,LGO,1.9299999475479126,1.9299999475479126,1.9299999475479126,1.9249999523162842,1.9249999523162842,1000.0
2024-08-21 12:51:00,LWLG,2.6700000762939453,2.6700000762939453,2.6700000762939453,2.6700000762939453,2.6700000762939453,200.0
2024-08-21 12:51:00,MERC,6.289999961853027,6.289999961853027,6.289999961853027,6.289999961853027,6.289999961853027,1137.0
2024-08-21 12:51:00,METC,12.079999923706055,12.079999923706055,12.079999923706055,12.074999809265137,12.074999809265137,329.0
2024-08-21 12:51:00,PAAS,21.415000915527344,21.415000915527344,21.43000030517578,21.415000915527344,21.43000030517578,921.0
2024-08-21 12:51:00,PLL,8.789999961853027,8.789999961853027,8.789999961853027,8.789999961853027,8.789999961853027,339.0
2024-08-21 12:51:00,PPTA,8.739999771118164,8.739999771118164,8.739999771118164,8.720000267028809,8.720000267028809,1100.0
2024-08-21 12:51:00,RGLD,139.89999389648438,139.89999389648438,139.89999389648438,139.89999389648438,139.89999389648438,336.0
2024-08-21 12:51:00,SGML,11.0,11.0,11.0,11.0,11.0,2667.0
2024-08-21 12:51:00,STLD,117.56999969482422,117.56999969482422,117.56999969482422,117.52999877929688,117.52999877929688,993.0
2024-08-21 12:52:00,ACNT,9.989999771118164,9.989999771118164,9.989999771118164,9.989999771118164,9.989999771118164,125.0
2024-08-21 12:52:00,ASTL,9.645000457763672,9.645000457763672,9.645000457763672,9.645000457763672,9.645000457763672,173.0
2024-08-21 12:52:00,CENX,14.510000228881836,14.510000228881836,14.510000228881836,14.510000228881836,14.510000228881836,339.0
2024-08-21 12:52:00,FEAM,0.8529000282287598,0.8529000282287598,0.8529000282287598,0.8529000282287598,0.8529000282287598,642.0
2024-08-21 12:52:00,GEVO,0.7495999932289124,0.7495999932289124,0.7497000098228455,0.7495999932289124,0.7495999932289124,968.0
2024-08-21 12:52:00,GPRE,13.710000038146973,13.710000038146973,13.710000038146973,13.710000038146973,13.710000038146973,857.0
2024-08-21 12:52:00,GSM,4.409999847412109,4.409999847412109,4.409999847412109,4.409999847412109,4.409999847412109,333.0
2024-08-21 12:52:00,IPX,15.350000381469727,15.350000381469727,15.350000381469727,15.350000381469727,15.350000381469727,70.0
2024-08-21 12:52:00,LWLG,2.6700000762939453,2.6700000762939453,2.674999952316284,2.6700000762939453,2.674999952316284,156.0
2024-08-21 12:52:00,MEOH,44.595001220703125,44.595001220703125,44.595001220703125,44.595001220703125,44.595001220703125,174.0
2024-08-21 12:52:00,METC,12.09000015258789,12.09000015258789,12.09000015258789,12.09000015258789,12.09000015258789,603.0
2024-08-21 12:52:00,PAAS,21.420000076293945,21.420000076293945,21.420000076293945,21.415000915527344,21.420000076293945,1169.0
2024-08-21 12:52:00,PPTA,8.73009967803955,8.73009967803955,8.73009967803955,8.73009967803955,8.73009967803955,2298.0
2024-08-21 12:52:00,RGLD,139.77999877929688,139.77999877929688,139.77999877929688,139.77999877929688,139.77999877929688,1264.0
2024-08-21 12:52:00,SGML,11.029999732971191,11.029999732971191,11.029999732971191,11.029999732971191,11.029999732971191,130.0
2024-08-21 12:52:00,SSRM,5.364999771118164,5.364999771118164,5.364999771118164,5.364999771118164,5.364999771118164,601.0
2024-08-21 12:52:00,USAP,40.03160095214844,40.03160095214844,40.03499984741211,40.03160095214844,40.03499984741211,2535.0
2024-08-21 12:53:00,ASTL,9.640000343322754,9.640000343322754,9.640000343322754,9.640000343322754,9.640000343322754,107.0
2024-08-21 12:53:00,CENX,14.529999732971191,14.529999732971191,14.529999732971191,14.515000343322754,14.515000343322754,2837.0
2024-08-21 12:53:00,GEVO,0.7495999932289124,0.7495999932289124,0.7495999932289124,0.7495999932289124,0.7495999932289124,214.0
2024-08-21 12:53:00,GPRE,13.710000038146973,13.710000038146973,13.710000038146973,13.710000038146973,13.710000038146973,837.0
2024-08-21 12:53:00,GSM,4.409999847412109,4.409999847412109,4.409999847412109,4.409999847412109,4.409999847412109,105.0
2024-08-21 12:53:00,HDSN,8.045000076293945,8.045000076293945,8.045000076293945,8.039999961853027,8.039999961853027,1193.0
2024-08-21 12:53:00,IOSP,110.2750015258789,110.2750015258789,110.2750015258789,110.2750015258789,110.2750015258789,200.0
2024-08-21 12:53:00,LITM,0.4399999976158142,0.4399999976158142,0.4399999976158142,0.4399999976158142,0.4399999976158142,3000.0
2024-08-21 12:53:00,LWLG,2.6700000762939453,2.6700000762939453,2.6700000762939453,2.6700000762939453,2.6700000762939453,200.0
2024-08-21 12:53:00,MEOH,44.61000061035156,44.61000061035156,44.61000061035156,44.61000061035156,44.61000061035156,825.0
2024-08-21 12:53:00,ORGN,1.4299999475479126,1.4299999475479126,1.4299999475479126,1.4299999475479126,1.4299999475479126,2422.0
2024-08-21 12:53:00,PAAS,21.399999618530273,21.399999618530273,21.40999984741211,21.399999618530273,21.399999618530273,1860.0
2024-08-21 12:53:00,PLL,8.819999694824219,8.819999694824219,8.819999694824219,8.819999694824219,8.819999694824219,1171.0
2024-08-21 12:53:00,PPTA,8.770000457763672,8.770000457763672,8.770000457763672,8.770000457763672,8.770000457763672,0.0
2024-08-21 12:53:00,RETO,0.9599999785423279,0.9599999785423279,0.9656000137329102,0.9599999785423279,0.9656000137329102,1919.0
2024-08-21 12:53:00,SEED,2.4149999618530273,2.4149999618530273,2.4149999618530273,2.4149999618530273,2.4149999618530273,0.0
2024-08-21 12:53:00,SGML,11.039999961853027,11.039999961853027,11.039999961853027,11.024999618530273,11.039999961853027,513.0
2024-08-21 12:53:00,SMID,32.95000076293945,32.95000076293945,32.95000076293945,32.95000076293945,32.95000076293945,592.0
2024-08-21 12:53:00,SSRM,5.364999771118164,5.364999771118164,5.364999771118164,5.364999771118164,5.364999771118164,3072.0
2024-08-21 12:53:00,STLD,117.58000183105469,117.58000183105469,117.58000183105469,117.58000183105469,117.58000183105469,528.0
2024-08-21 12:53:00,USAP,40.03030014038086,40.03030014038086,40.03030014038086,40.03030014038086,40.03030014038086,347.0
2024-08-21 12:54:00,ASTL,9.645000457763672,9.645000457763672,9.645000457763672,9.645000457763672,9.645000457763672,306.0
2024-08-21 12:54:00,CENX,14.5600004196167,14.5600004196167,14.5600004196167,14.529999732971191,14.529999732971191,2331.0
2024-08-21 12:54:00,GEVO,0.7495999932289124,0.7495999932289124,0.7495999932289124,0.7495999932289124,0.7495999932289124,1050.0
2024-08-21 12:54:00,GPRE,13.699999809265137,13.699999809265137,13.710000038146973,13.699999809265137,13.710000038146973,1246.0
2024-08-21 12:54:00,GSM,4.414999961853027,4.414999961853027,4.414999961853027,4.414999961853027,4.414999961853027,1222.0
2024-08-21 12:54:00,HWKN,121.9010009765625,121.9010009765625,121.9010009765625,121.9010009765625,121.9010009765625,231.0
2024-08-21 12:54:00,HYMC,2.4100000858306885,2.4100000858306885,2.4100000858306885,2.4100000858306885,2.4100000858306885,663.0
2024-08-21 12:54:00,IOSP,110.2750015258789,110.2750015258789,110.2750015258789,110.2750015258789,110.2750015258789,132.0
2024-08-21 12:54:00,LWLG,2.6700000762939453,2.6700000762939453,2.674999952316284,2.6700000762939453,2.674999952316284,354.0
2024-08-21 12:54:00,PAAS,21.400999069213867,21.400999069213867,21.400999069213867,21.399999618530273,21.399999618530273,1329.0
2024-08-21 12:54:00,PLL,8.819999694824219,8.819999694824219,8.819999694824219,8.819999694824219,8.819999694824219,271.0
2024-08-21 12:54:00,SGML,11.029999732971191,11.029999732971191,11.032500267028809,11.024999618530273,11.024999618530273,2005.0
2024-08-21 12:54:00,SSRM,5.364999771118164,5.364999771118164,5.364999771118164,5.364999771118164,5.364999771118164,1536.0
2024-08-21 12:54:00,TMC,1.0750000476837158,1.0750000476837158,1.0750000476837158,1.0750000476837158,1.0750000476837158,3428.0
2024-08-21 12:54:00,ZEUS,41.1875,41.1875,41.1875,41.1875,41.1875,345.0
2024-08-21 12:55:00,ASTL,9.65999984741211,9.65999984741211,9.65999984741211,9.649999618530273,9.649999618530273,960.0
2024-08-21 12:55:00,CENX,14.555000305175781,14.555000305175781,14.569999694824219,14.555000305175781,14.5600004196167,462.0
2024-08-21 12:55:00,GPRE,13.699999809265137,13.699999809265137,13.699999809265137,13.699999809265137,13.699999809265137,247.0
2024-08-21 12:55:00,GSM,4.409999847412109,4.409999847412109,4.414999961853027,4.409999847412109,4.414999961853027,209.0
2024-08-21 12:55:00,HDSN,8.0600004196167,8.0600004196167,8.0600004196167,8.050000190734863,8.050000190734863,1011.0
2024-08-21 12:55:00,IOSP,110.33999633789062,110.33999633789062,110.37999725341797,110.2750015258789,110.2750015258789,1531.0
2024-08-21 12:55:00,MERC,6.284999847412109,6.284999847412109,6.284999847412109,6.284999847412109,6.284999847412109,1269.0
2024-08-21 12:55:00,METC,12.09000015258789,12.09000015258789,12.09000015258789,12.09000015258789,12.09000015258789,536.0
2024-08-21 12:55:00,ORGN,1.4500000476837158,1.4500000476837158,1.4500000476837158,1.4299999475479126,1.4299999475479126,3008.0
2024-08-21 12:55:00,PAAS,21.3799991607666,21.3799991607666,21.395999908447266,21.3799991607666,21.395999908447266,1143.0
2024-08-21 12:55:00,PPTA,8.78499984741211,8.78499984741211,8.789999961853027,8.770000457763672,8.770000457763672,2024.0
2024-08-21 12:55:00,SGML,11.029999732971191,11.029999732971191,11.029999732971191,11.029999732971191,11.029999732971191,738.0
2024-08-21 12:55:00,SSRM,5.369900226593018,5.369900226593018,5.369900226593018,5.360000133514404,5.360000133514404,325.0
2024-08-21 12:55:00,USAP,40.060001373291016,40.060001373291016,40.060001373291016,40.060001373291016,40.060001373291016,204.0
2024-08-21 12:55:00,ZEUS,41.310001373291016,41.310001373291016,41.310001373291016,41.310001373291016,41.310001373291016,404.0
2024-08-21 12:56:00,CENX,14.555000305175781,14.555000305175781,14.569999694824219,14.555000305175781,14.555000305175781,1195.0
2024-08-21 12:56:00,GPRE,13.699999809265137,13.699999809265137,13.699999809265137,13.699999809265137,13.699999809265137,233.0
2024-08-21 12:56:00,GSM,4.409999847412109,4.409999847412109,4.414999961853027,4.409999847412109,4.409999847412109,689.0
2024-08-21 12:56:00,HWKN,121.94999694824219,121.94999694824219,121.94999694824219,121.94999694824219,121.94999694824219,479.0
2024-08-21 12:56:00,IOSP,110.4800033569336,110.4800033569336,110.4800033569336,110.4800033569336,110.4800033569336,156.0
2024-08-21 12:56:00,LGO,1.9352999925613403,1.9352999925613403,1.9352999925613403,1.9352999925613403,1.9352999925613403,200.0
2024-08-21 12:56:00,LWLG,2.684999942779541,2.684999942779541,2.684999942779541,2.684999942779541,2.684999942779541,794.0
2024-08-21 12:56:00,ORGN,1.4500000476837158,1.4500000476837158,1.4500000476837158,1.4500000476837158,1.4500000476837158,1482.0
2024-08-21 12:56:00,PAAS,21.385000228881836,21.385000228881836,21.389999389648438,21.385000228881836,21.385000228881836,2675.0
2024-08-21 12:56:00,PPTA,8.78499984741211,8.78499984741211,8.78499984741211,8.78499984741211,8.78499984741211,306.0
2024-08-21 12:56:00,SGML,11.015000343322754,11.015000343322754,11.029999732971191,11.010000228881836,11.029999732971191,2000.0
2024-08-21 12:56:00,SSRM,5.367499828338623,5.367499828338623,5.369999885559082,5.360000133514404,5.3684000968933105,1065.0
2024-08-21 12:56:00,STLD,117.62999725341797,117.62999725341797,117.62999725341797,117.62999725341797,117.62999725341797,641.0
2024-08-21 12:56:00,TMC,1.0800000429153442,1.0800000429153442,1.0800000429153442,1.0800000429153442,1.0800000429153442,0.0
2024-08-21 12:57:00,ALTO,1.434999942779541,1.434999942779541,1.434999942779541,1.434999942779541,1.434999942779541,5687.0
2024-08-21 12:57:00,CENX,14.529999732971191,14.529999732971191,14.550999641418457,14.529999732971191,14.550999641418457,1535.0
2024-08-21 12:57:00,GPRE,13.720000267028809,13.720000267028809,13.720000267028809,13.710000038146973,13.710000038146973,1315.0
2024-08-21 12:57:00,GSM,4.420000076293945,4.420000076293945,4.420000076293945,4.420000076293945,4.420000076293945,100.0
2024-08-21 12:57:00,IOSP,110.5,110.5,110.5,110.5,110.5,839.0
2024-08-21 12:57:00,LWLG,2.684999942779541,2.684999942779541,2.690000057220459,2.680000066757202,2.680000066757202,1233.0
2024-08-21 12:57:00,MEOH,44.599998474121094,44.599998474121094,44.599998474121094,44.59000015258789,44.59000015258789,263.0
2024-08-21 12:57:00,METC,12.09000015258789,12.09000015258789,12.09000015258789,12.09000015258789,12.09000015258789,412.0
2024-08-21 12:57:00,ORGN,1.4500000476837158,1.4500000476837158,1.465000033378601,1.4500000476837158,1.4550000429153442,3991.0
2024-08-21 12:57:00,PAAS,21.375,21.375,21.3799991607666,21.3700008392334,21.3700008392334,1265.0
2024-08-21 12:57:00,PLL,8.824999809265137,8.824999809265137,8.824999809265137,8.824999809265137,8.824999809265137,665.0
2024-08-21 12:57:00,SGML,11.015000343322754,11.015000343322754,11.020000457763672,11.0,11.020000457763672,2262.0
2024-08-21 12:57:00,SSRM,5.360000133514404,5.360000133514404,5.364999771118164,5.360000133514404,5.364999771118164,609.0
2024-08-21 12:57:00,STLD,117.63500213623047,117.63500213623047,117.63500213623047,117.63500213623047,117.63500213623047,1032.0
2024-08-21 12:57:00,WDFC,253.08999633789062,253.08999633789062,253.08999633789062,253.08999633789062,253.08999633789062,2507.0
2024-08-21 12:57:00,ZEUS,41.290000915527344,41.290000915527344,41.290000915527344,41.290000915527344,41.290000915527344,118.0
2024-08-21 12:58:00,CENX,14.545000076293945,14.545000076293945,14.545000076293945,14.529899597167969,14.529899597167969,1350.0
2024-08-21 12:58:00,GEVO,0.7495999932289124,0.7495999932289124,0.7495999932289124,0.7495999932289124,0.7495999932289124,200.0
2024-08-21 12:58:00,GSM,4.414999961853027,4.414999961853027,4.414999961853027,4.414999961853027,4.414999961853027,2797.0
2024-08-21 12:58:00,GURE,1.159999966621399,1.159999966621399,1.159999966621399,1.159999966621399,1.159999966621399,200.0
2024-08-21 12:58:00,IOSP,110.69999694824219,110.69999694824219,110.69999694824219,110.58999633789062,110.58999633789062,963.0
2024-08-21 12:58:00,LWLG,2.690000057220459,2.690000057220459,2.690000057220459,2.684999942779541,2.684999942779541,1082.0
2024-08-21 12:58:00,METC,12.095000267028809,12.095000267028809,12.100000381469727,12.095000267028809,12.100000381469727,442.0
2024-08-21 12:58:00,ORGN,1.4500000476837158,1.4500000476837158,1.4509999752044678,1.4500000476837158,1.4500000476837158,1647.0
2024-08-21 12:58:00,PAAS,21.3799991607666,21.3799991607666,21.3799991607666,21.36050033569336,21.3700008392334,2690.0
2024-08-21 12:58:00,PLL,8.845000267028809,8.845000267028809,8.845000267028809,8.845000267028809,8.845000267028809,295.0
2024-08-21 12:58:00,SSRM,5.349999904632568,5.349999904632568,5.360000133514404,5.349999904632568,5.360000133514404,8387.0
2024-08-21 12:58:00,STLD,117.67500305175781,117.67500305175781,117.68000030517578,117.6500015258789,117.66999816894531,3685.0
2024-08-21 12:58:00,TMC,1.0782999992370605,1.0782999992370605,1.0782999992370605,1.0782999992370605,1.0782999992370605,230.0
2024-08-21 12:58:00,UFPI,120.12999725341797,120.12999725341797,120.12999725341797,120.12000274658203,120.12000274658203,682.0
2024-08-21 12:58:00,ZEUS,41.290000915527344,41.290000915527344,41.310001373291016,41.290000915527344,41.310001373291016,1362.0
2024-08-21 12:59:00,ALTO,1.434999942779541,1.434999942779541,1.434999942779541,1.434999942779541,1.434999942779541,100.0
2024-08-21 12:59:00,ASTL,9.654999732971191,9.654999732971191,9.654999732971191,9.654999732971191,9.654999732971191,204.0
2024-08-21 12:59:00,CRKN,1.7799999713897705,1.7799999713897705,1.7799999713897705,1.7799999713897705,1.7799999713897705,245.0
2024-08-21 12:59:00,GEVO,0.745199978351593,0.745199978351593,0.7452999949455261,0.745199978351593,0.7452999949455261,1628.0
2024-08-21 12:59:00,GPRE,13.720000267028809,13.720000267028809,13.720000267028809,13.71500015258789,13.720000267028809,548.0
2024-08-21 12:59:00,GSM,4.414999961853027,4.414999961853027,4.414999961853027,4.409999847412109,4.414999961853027,4795.0
2024-08-21 12:59:00,LWLG,2.690000057220459,2.690000057220459,2.690000057220459,2.690000057220459,2.690000057220459,234.0
2024-08-21 12:59:00,MEOH,44.61000061035156,44.61000061035156,44.61000061035156,44.59000015258789,44.59000015258789,1143.0
2024-08-21 12:59:00,METC,12.079999923706055,12.079999923706055,12.079999923706055,12.079999923706055,12.079999923706055,2778.0
2024-08-21 12:59:00,ORGN,1.4500000476837158,1.4500000476837158,1.4594999551773071,1.4500000476837158,1.4500000476837158,1250.0
2024-08-21 12:59:00,PAAS,21.380800247192383,21.380800247192383,21.389999389648438,21.380800247192383,21.389999389648438,738.0
2024-08-21 12:59:00,PLL,8.84000015258789,8.84000015258789,8.84000015258789,8.833499908447266,8.833499908447266,503.0
2024-08-21 12:59:00,RGLD,139.69000244140625,139.69000244140625,139.69000244140625,139.69000244140625,139.69000244140625,2057.0
2024-08-21 12:59:00,SGML,11.015000343322754,11.015000343322754,11.015000343322754,11.015000343322754,11.015000343322754,228.0
2024-08-21 12:59:00,SSRM,5.355000019073486,5.355000019073486,5.357999801635742,5.349999904632568,5.349999904632568,2407.0
2024-08-21 12:59:00,STLD,117.6500015258789,117.6500015258789,117.69999694824219,117.6500015258789,117.69999694824219,1674.0
2024-08-21 12:59:00,TMC,1.0740000009536743,1.0740000009536743,1.0740000009536743,1.0712000131607056,1.0712000131607056,5621.0
2024-08-21 12:59:00,USAP,39.959999084472656,39.959999084472656,40.03499984741211,39.959999084472656,40.03499984741211,914.0
2024-08-21 13:00:00,ALTO,1.434999942779541,1.434999942779541,1.434999942779541,1.434999942779541,1.434999942779541,261.0
2024-08-21 13:00:00,ASTL,9.649999618530273,9.649999618530273,9.649999618530273,9.649999618530273,9.649999618530273,401.0
2024-08-21 13:00:00,CENX,14.550000190734863,14.550000190734863,14.550000190734863,14.550000190734863,14.550000190734863,364.0
2024-08-21 13:00:00,GSM,4.409999847412109,4.409999847412109,4.409999847412109,4.409999847412109,4.409999847412109,347.0
2024-08-21 13:00:00,IOSP,110.88999938964844,110.88999938964844,110.88999938964844,110.71499633789062,110.71499633789062,1410.0
2024-08-21 13:00:00,LGO,1.9299999475479126,1.9299999475479126,1.9299999475479126,1.9299999475479126,1.9299999475479126,300.0
2024-08-21 13:00:00,LWLG,2.690000057220459,2.690000057220459,2.690000057220459,2.690000057220459,2.690000057220459,431.0
2024-08-21 13:00:00,METC,12.079999923706055,12.079999923706055,12.079999923706055,12.079999923706055,12.079999923706055,177.0
2024-08-21 13:00:00,ORGN,1.4550000429153442,1.4550000429153442,1.4550000429153442,1.4550000429153442,1.4550000429153442,3246.0
2024-08-21 13:00:00,PAAS,21.385000228881836,21.385000228881836,21.389999389648438,21.385000228881836,21.389999389648438,4893.0
2024-08-21 13:00:00,PPTA,8.795000076293945,8.795000076293945,8.795000076293945,8.795000076293945,8.795000076293945,290.0
2024-08-21 13:00:00,SGML,11.015000343322754,11.015000343322754,11.015000343322754,11.015000343322754,11.015000343322754,1160.0
2024-08-21 13:00:00,SSRM,5.349999904632568,5.349999904632568,5.355000019073486,5.349999904632568,5.355000019073486,2432.0
2024-08-21 13:00:00,STLD,117.61000061035156,117.61000061035156,117.61000061035156,117.61000061035156,117.61000061035156,116.0
2024-08-21 13:00:00,TMC,1.0800000429153442,1.0800000429153442,1.0800000429153442,1.0800000429153442,1.0800000429153442,0.0
2024-08-21 13:00:00,USLM,77.88500213623047,77.88500213623047,77.88500213623047,77.88500213623047,77.88500213623047,197.0
2024-08-21 13:01:00,CENX,14.518699645996094,14.518699645996094,14.520000457763672,14.510000228881836,14.520000457763672,4032.0
2024-08-21 13:01:00,ELBM,0.5,0.5,0.5,0.5,0.5,3968.0
2024-08-21 13:01:00,GPRE,13.71500015258789,13.71500015258789,13.71500015258789,13.71500015258789,13.71500015258789,242.0
2024-08-21 13:01:00,GSM,4.409999847412109,4.409999847412109,4.409999847412109,4.409999847412109,4.409999847412109,205.0
2024-08-21 13:01:00,IOSP,110.56999969482422,110.56999969482422,110.58999633789062,110.56999969482422,110.58999633789062,772.0
2024-08-21 13:01:00,KALU,70.69999694824219,70.69999694824219,70.69999694824219,70.69999694824219,70.69999694824219,348.0
2024-08-21 13:01:00,METC,12.09000015258789,12.09000015258789,12.09000015258789,12.09000015258789,12.09000015258789,449.0
2024-08-21 13:01:00,ORGN,1.4550000429153442,1.4550000429153442,1.4550000429153442,1.4550000429153442,1.4550000429153442,1766.0
2024-08-21 13:01:00,PAAS,21.399999618530273,21.399999618530273,21.399999618530273,21.389999389648438,21.389999389648438,2040.0
2024-08-21 13:01:00,PLL,8.880000114440918,8.880000114440918,8.880000114440918,8.850000381469727,8.850000381469727,3375.0
2024-08-21 13:01:00,PPTA,8.785900115966797,8.785900115966797,8.785900115966797,8.785900115966797,8.785900115966797,238.0
2024-08-21 13:01:00,SGML,11.029999732971191,11.029999732971191,11.029999732971191,11.029999732971191,11.029999732971191,3962.0
2024-08-21 13:01:00,SSRM,5.364999771118164,5.364999771118164,5.364999771118164,5.355000019073486,5.355000019073486,8289.0
2024-08-21 13:01:00,STLD,117.61499786376953,117.61499786376953,117.62000274658203,117.61499786376953,117.62000274658203,925.0
2024-08-21 13:01:00,TMC,1.079699993133545,1.079699993133545,1.079699993133545,1.079699993133545,1.079699993133545,9306.0
2024-08-21 13:01:00,USAP,39.869998931884766,39.869998931884766,39.880001068115234,39.8650016784668,39.8650016784668,2338.0
2024-08-21 13:02:00,ASTL,9.654999732971191,9.654999732971191,9.654999732971191,9.654999732971191,9.654999732971191,32054.0
2024-08-21 13:02:00,BIOX,10.130000114440918,10.130000114440918,10.140000343322754,10.130000114440918,10.140000343322754,787.0
2024-08-21 13:02:00,CENX,14.520000457763672,14.520000457763672,14.520000457763672,14.520000457763672,14.520000457763672,4440.0
2024-08-21 13:02:00,GPRE,13.779999732971191,13.779999732971191,13.779999732971191,13.720000267028809,13.720000267028809,7316.0
2024-08-21 13:02:00,HDSN,8.055000305175781,8.055000305175781,8.055000305175781,8.055000305175781,8.055000305175781,689.0
2024-08-21 13:02:00,HWKN,121.82540130615234,121.82540130615234,121.82540130615234,121.82540130615234,121.82540130615234,920.0
2024-08-21 13:02:00,IOSP,110.35009765625,110.35009765625,110.35009765625,110.35009765625,110.35009765625,569.0
2024-08-21 13:02:00,KALU,70.80999755859375,70.80999755859375,70.94999694824219,70.80999755859375,70.94000244140625,1695.0
2024-08-21 13:02:00,METC,12.079999923706055,12.079999923706055,12.095000267028809,12.079999923706055,12.095000267028809,1949.0
2024-08-21 13:02:00,PAAS,21.420000076293945,21.420000076293945,21.420000076293945,21.40999984741211,21.40999984741211,2614.0
2024-08-21 13:02:00,PLL,8.944999694824219,8.944999694824219,8.960000038146973,8.899999618530273,8.899999618530273,7308.0
2024-08-21 13:02:00,PPTA,8.770000457763672,8.770000457763672,8.770000457763672,8.770000457763672,8.770000457763672,536.0
2024-08-21 13:02:00,SSRM,5.369999885559082,5.369999885559082,5.369999885559082,5.364999771118164,5.364999771118164,2336.0
2024-08-21 13:02:00,STLD,117.61499786376953,117.61499786376953,117.66999816894531,117.61499786376953,117.61499786376953,3590.0
2024-08-21 13:03:00,ASTL,9.645000457763672,9.645000457763672,9.649999618530273,9.640000343322754,9.649999618530273,2117.0
2024-08-21 13:03:00,GEVO,0.7494999766349792,0.7494999766349792,0.7495999932289124,0.7494999766349792,0.7494999766349792,769.0
2024-08-21 13:03:00,GPRE,13.779999732971191,13.779999732971191,13.779999732971191,13.779999732971191,13.779999732971191,216.0
2024-08-21 13:03:00,GSM,4.409999847412109,4.409999847412109,4.414999961853027,4.409999847412109,4.414999961853027,314.0
2024-08-21 13:03:00,GURE,1.0800000429153442,1.0800000429153442,1.0800000429153442,1.0800000429153442,1.0800000429153442,100.0
2024-08-21 13:03:00,HWKN,121.94000244140625,121.94000244140625,121.94000244140625,121.94000244140625,121.94000244140625,151.0
2024-08-21 13:03:00,PAAS,21.420000076293945,21.420000076293945,21.420000076293945,21.420000076293945,21.420000076293945,606.0
2024-08-21 13:03:00,PLL,8.930000305175781,8.930000305175781,8.930000305175781,8.930000305175781,8.930000305175781,1360.0
2024-08-21 13:03:00,SGML,11.029999732971191,11.029999732971191,11.029999732971191,11.029999732971191,11.029999732971191,677.0
2024-08-21 13:03:00,STLD,117.63999938964844,117.63999938964844,117.63999938964844,117.60250091552734,117.60250091552734,1577.0
2024-08-21 13:04:00,ASTL,9.630000114440918,9.630000114440918,9.645000457763672,9.630000114440918,9.645000457763672,1836.0
2024-08-21 13:04:00,GEVO,0.7495999932289124,0.7495999932289124,0.7495999932289124,0.7494999766349792,0.7494999766349792,831.0
2024-08-21 13:04:00,GPRE,13.779999732971191,13.779999732971191,13.789999961853027,13.779999732971191,13.779999732971191,678.0
2024-08-21 13:04:00,GSM,4.414999961853027,4.414999961853027,4.415299892425537,4.414999961853027,4.415299892425537,638.0
2024-08-21 13:04:00,GURE,1.100000023841858,1.100000023841858,1.100000023841858,1.100000023841858,1.100000023841858,100.0
2024-08-21 13:04:00,HDSN,8.055000305175781,8.055000305175781,8.0600004196167,8.050000190734863,8.055000305175781,1934.0
2024-08-21 13:04:00,LGO,1.9299999475479126,1.9299999475479126,1.9299999475479126,1.9299999475479126,1.9299999475479126,500.0
2024-08-21 13:04:00,LWLG,2.690000057220459,2.690000057220459,2.6907999515533447,2.690000057220459,2.6907999515533447,3373.0
2024-08-21 13:04:00,MEOH,44.630001068115234,44.630001068115234,44.630001068115234,44.599998474121094,44.599998474121094,2160.0
2024-08-21 13:04:00,MERC,6.289999961853027,6.289999961853027,6.289999961853027,6.28000020980835,6.28000020980835,1978.0
2024-08-21 13:04:00,METC,12.09000015258789,12.09000015258789,12.09000015258789,12.079999923706055,12.079999923706055,700.0
2024-08-21 13:04:00,ORGN,1.4600000381469727,1.4600000381469727,1.4601000547409058,1.4550000429153442,1.4550000429153442,3317.0
2024-08-21 13:04:00,PAAS,21.405000686645508,21.405000686645508,21.40999984741211,21.399999618530273,21.405000686645508,535.0
2024-08-21 13:04:00,PPTA,8.77400016784668,8.77400016784668,8.77400016784668,8.760000228881836,8.760000228881836,1212.0
2024-08-21 13:04:00,SGML,11.050000190734863,11.050000190734863,11.050000190734863,11.029999732971191,11.029999732971191,2253.0
2024-08-21 13:04:00,SSRM,5.364999771118164,5.364999771118164,5.364999771118164,5.364999771118164,5.364999771118164,620.0
2024-08-21 13:04:00,STLD,117.69999694824219,117.69999694824219,117.69999694824219,117.69000244140625,117.69000244140625,1375.0
2024-08-21 13:05:00,ALTO,1.434999942779541,1.434999942779541,1.434999942779541,1.434999942779541,1.434999942779541,820.0
2024-08-21 13:05:00,ASTL,9.600000381469727,9.600000381469727,9.619999885559082,9.600000381469727,9.619999885559082,721.0
2024-08-21 13:05:00,GEVO,0.75,0.75,0.75,0.7495999932289124,0.7495999932289124,4109.0
2024-08-21 13:05:00,GSM,4.409999847412109,4.409999847412109,4.409999847412109,4.409999847412109,4.409999847412109,519.0
2024-08-21 13:05:00,HDSN,8.055000305175781,8.055000305175781,8.055000305175781,8.055000305175781,8.055000305175781,389.0
2024-08-21 13:05:00,HWKN,121.97720336914062,121.97720336914062,121.97720336914062,121.97720336914062,121.97720336914062,389.0
2024-08-21 13:05:00,LWLG,2.6700000762939453,2.6700000762939453,2.680000066757202,2.6700000762939453,2.680000066757202,1872.0
2024-08-21 13:05:00,MERC,6.28000020980835,6.28000020980835,6.289999961853027,6.28000020980835,6.289999961853027,2030.0
2024-08-21 13:05:00,METC,12.069999694824219,12.069999694824219,12.079999923706055,12.069999694824219,12.069999694824219,1394.0
2024-08-21 13:05:00,PAAS,21.385000228881836,21.385000228881836,21.399999618530273,21.3799991607666,21.399999618530273,1628.0
2024-08-21 13:05:00,PLL,8.970000267028809,8.970000267028809,8.970000267028809,8.970000267028809,8.970000267028809,145.0
2024-08-21 13:05:00,PPTA,8.765000343322754,8.765000343322754,8.765000343322754,8.765000343322754,8.765000343322754,1384.0
2024-08-21 13:05:00,SGML,11.050000190734863,11.050000190734863,11.050000190734863,11.050000190734863,11.050000190734863,1019.0
2024-08-21 13:05:00,SSRM,5.364999771118164,5.364999771118164,5.364999771118164,5.364999771118164,5.364999771118164,307.0
2024-08-21 13:05:00,UFPI,120.08999633789062,120.08999633789062,120.08999633789062,120.08999633789062,120.08999633789062,1153.0
2024-08-21 13:05:00,ZKIN,0.47200000286102295,0.47200000286102295,0.47200000286102295,0.47200000286102295,0.47200000286102295,1000.0
2024-08-21 13:06:00,ASTL,9.618800163269043,9.618800163269043,9.619999885559082,9.614999771118164,9.619999885559082,973.0
2024-08-21 13:06:00,CENX,14.529999732971191,14.529999732971191,14.529999732971191,14.520000457763672,14.520000457763672,1270.0
2024-08-21 13:06:00,CRKN,1.7949999570846558,1.7949999570846558,1.7949999570846558,1.7949999570846558,1.7949999570846558,1001.0
2024-08-21 13:06:00,GEVO,0.7519000172615051,0.7519000172615051,0.7540000081062317,0.75,0.7501999735832214,3344.0
2024-08-21 13:06:00,HDSN,8.050000190734863,8.050000190734863,8.050000190734863,8.050000190734863,8.050000190734863,933.0
2024-08-21 13:06:00,LWLG,2.6700000762939453,2.6700000762939453,2.6700000762939453,2.6700000762939453,2.6700000762939453,445.0
2024-08-21 13:06:00,ORGN,1.4550000429153442,1.4550000429153442,1.4550000429153442,1.4550000429153442,1.4550000429153442,353.0
2024-08-21 13:06:00,PAAS,21.389999389648438,21.389999389648438,21.389999389648438,21.3799991607666,21.3799991607666,2709.0
2024-08-21 13:06:00,PLL,8.979999542236328,8.979999542236328,8.979999542236328,8.970000267028809,8.970000267028809,574.0
2024-08-21 13:06:00,SSRM,5.364999771118164,5.364999771118164,5.364999771118164,5.364999771118164,5.364999771118164,863.0
2024-08-21 13:06:00,STLD,117.69999694824219,117.69999694824219,117.69999694824219,117.69000244140625,117.69000244140625,777.0
2024-08-21 13:07:00,ACNT,10.0,10.0,10.0,10.0,10.0,201.0
2024-08-21 13:07:00,BCPC,168.6300048828125,168.6300048828125,168.6300048828125,168.6300048828125,168.6300048828125,500.0
2024-08-21 13:07:00,CRKN,1.7949999570846558,1.7949999570846558,1.7949999570846558,1.7949999570846558,1.7949999570846558,0.0
2024-08-21 13:07:00,GEVO,0.7523999810218811,0.7523999810218811,0.7523999810218811,0.7523999810218811,0.7523999810218811,2331.0
2024-08-21 13:07:00,GPRE,13.789999961853027,13.789999961853027,13.789999961853027,13.789999961853027,13.789999961853027,384.0
2024-08-21 13:07:00,HYMC,2.440000057220459,2.440000057220459,2.440000057220459,2.430000066757202,2.430000066757202,215.0
2024-08-21 13:07:00,KALU,70.9000015258789,70.9000015258789,70.9000015258789,70.9000015258789,70.9000015258789,929.0
2024-08-21 13:07:00,LWLG,2.6700000762939453,2.6700000762939453,2.6700000762939453,2.6700000762939453,2.6700000762939453,300.0
2024-08-21 13:07:00,ORGN,1.4550000429153442,1.4550000429153442,1.4550000429153442,1.4550000429153442,1.4550000429153442,420.0
2024-08-21 13:07:00,PAAS,21.40999984741211,21.40999984741211,21.40999984741211,21.389999389648438,21.395000457763672,1832.0
2024-08-21 13:07:00,PPTA,8.770000457763672,8.770000457763672,8.770000457763672,8.765299797058105,8.765299797058105,392.0
2024-08-21 13:07:00,SGML,11.069999694824219,11.069999694824219,11.069999694824219,11.050000190734863,11.050000190734863,2732.0
2024-08-21 13:07:00,SSRM,5.375,5.375,5.375,5.369999885559082,5.369999885559082,3127.0
2024-08-21 13:07:00,STLD,117.69999694824219,117.69999694824219,117.69999694824219,117.69999694824219,117.69999694824219,443.0
2024-08-21 13:07:00,TMC,1.0800000429153442,1.0800000429153442,1.0800000429153442,1.0800000429153442,1.0800000429153442,19008.0
2024-08-21 13:08:00,ACNT,10.0649995803833,10.0649995803833,10.0649995803833,10.0649995803833,10.0649995803833,1260.0
2024-08-21 13:08:00,ALTO,1.434999942779541,1.434999942779541,1.434999942779541,1.434999942779541,1.434999942779541,656.0
2024-08-21 13:08:00,ASTL,9.614999771118164,9.614999771118164,9.614999771118164,9.614999771118164,9.614999771118164,962.0
2024-08-21 13:08:00,CENX,14.545000076293945,14.545000076293945,14.550000190734863,14.540399551391602,14.540399551391602,908.0
2024-08-21 13:08:00,CNEY,0.32989999651908875,0.32989999651908875,0.32989999651908875,0.32989999651908875,0.32989999651908875,400.0
2024-08-21 13:08:00,CRKN,1.7802000045776367,1.7802000045776367,1.7802000045776367,1.7802000045776367,1.7802000045776367,1793.0
2024-08-21 13:08:00,ELBM,0.4950000047683716,0.4950000047683716,0.5,0.4950000047683716,0.5,10646.0
2024-08-21 13:08:00,GSM,4.414999961853027,4.414999961853027,4.420000076293945,4.414999961853027,4.414999961853027,754.0
2024-08-21 13:08:00,HDSN,8.045000076293945,8.045000076293945,8.045000076293945,8.045000076293945,8.045000076293945,2278.0
2024-08-21 13:08:00,KALU,70.98999786376953,70.98999786376953,70.98999786376953,70.91000366210938,70.91000366210938,2711.0
2024-08-21 13:08:00,LWLG,2.678999900817871,2.678999900817871,2.678999900817871,2.678999900817871,2.678999900817871,320.0
2024-08-21 13:08:00,METC,12.0600004196167,12.0600004196167,12.069999694824219,12.0600004196167,12.069999694824219,1480.0
2024-08-21 13:08:00,PAAS,21.399999618530273,21.399999618530273,21.40999984741211,21.399999618530273,21.405000686645508,1632.0
2024-08-21 13:08:00,PLL,8.982500076293945,8.982500076293945,8.999899864196777,8.979999542236328,8.979999542236328,1742.0
2024-08-21 13:08:00,SSRM,5.37939977645874,5.37939977645874,5.37939977645874,5.37939977645874,5.37939977645874,2291.0
2024-08-21 13:08:00,STLD,117.69999694824219,117.69999694824219,117.69999694824219,117.69999694824219,117.69999694824219,828.0
2024-08-21 13:09:00,ACNT,10.0,10.0,10.0,10.0,10.0,824.0
2024-08-21 13:09:00,CENX,14.550000190734863,14.550000190734863,14.550000190734863,14.550000190734863,14.550000190734863,814.0
2024-08-21 13:09:00,GPRE,13.78499984741211,13.78499984741211,13.78499984741211,13.78499984741211,13.78499984741211,616.0
2024-08-21 13:09:00,HDSN,8.050000190734863,8.050000190734863,8.050000190734863,8.029999732971191,8.039999961853027,2423.0
2024-08-21 13:09:00,KALU,71.08000183105469,71.08000183105469,71.08000183105469,70.97000122070312,70.98999786376953,2692.0
2024-08-21 13:09:00,LWLG,2.6700000762939453,2.6700000762939453,2.6700000762939453,2.6700000762939453,2.6700000762939453,409.0
2024-08-21 13:09:00,METC,12.0649995803833,12.0649995803833,12.0649995803833,12.0649995803833,12.0649995803833,433.0
2024-08-21 13:09:00,ORGN,1.4500999450683594,1.4500999450683594,1.4500999450683594,1.4500999450683594,1.4500999450683594,817.0
2024-08-21 13:09:00,PAAS,21.420000076293945,21.420000076293945,21.420000076293945,21.420000076293945,21.420000076293945,862.0
2024-08-21 13:09:00,RGLD,139.86000061035156,139.86000061035156,139.86000061035156,139.86000061035156,139.86000061035156,206.0
2024-08-21 13:09:00,SSRM,5.380000114440918,5.380000114440918,5.380000114440918,5.379799842834473,5.379799842834473,1734.0
2024-08-21 13:09:00,STLD,117.68000030517578,117.68000030517578,117.75,117.68000030517578,117.73999786376953,3817.0
2024-08-21 13:09:00,USLM,78.0,78.0,78.0,78.0,78.0,560.0
2024-08-21 13:10:00,CENX,14.569999694824219,14.569999694824219,14.569999694824219,14.569999694824219,14.569999694824219,612.0
2024-08-21 13:10:00,GSM,4.409999847412109,4.409999847412109,4.409999847412109,4.409999847412109,4.409999847412109,303.0
2024-08-21 13:10:00,HDSN,8.04990005493164,8.04990005493164,8.050000190734863,8.04990005493164,8.050000190734863,406.0
2024-08-21 13:10:00,HWKN,121.91999816894531,121.91999816894531,121.91999816894531,121.91999816894531,121.91999816894531,216.0
2024-08-21 13:10:00,IOSP,110.5250015258789,110.5250015258789,110.5250015258789,110.5250015258789,110.5250015258789,921.0
2024-08-21 13:10:00,LWLG,2.6700000762939453,2.6700000762939453,2.6798999309539795,2.6700000762939453,2.6700000762939453,520.0
2024-08-21 13:10:00,PAAS,21.420000076293945,21.420000076293945,21.420000076293945,21.40999984741211,21.41990089416504,3184.0
2024-08-21 13:10:00,PPTA,8.774999618530273,8.774999618530273,8.774999618530273,8.763999938964844,8.763999938964844,1293.0
2024-08-21 13:10:00,RGLD,139.89999389648438,139.89999389648438,139.89999389648438,139.78500366210938,139.78500366210938,257.0
2024-08-21 13:10:00,SGML,11.100000381469727,11.100000381469727,11.100000381469727,11.079999923706055,11.079999923706055,2788.0
2024-08-21 13:10:00,SSRM,5.385000228881836,5.385000228881836,5.389999866485596,5.385000228881836,5.385000228881836,1792.0
2024-08-21 13:10:00,STLD,117.69999694824219,117.69999694824219,117.7249984741211,117.68000030517578,117.72000122070312,3466.0
2024-08-21 13:11:00,ASTL,9.619999885559082,9.619999885559082,9.619999885559082,9.619999885559082,9.619999885559082,533.0
2024-08-21 13:11:00,BIOX,10.145000457763672,10.145000457763672,10.145000457763672,10.145000457763672,10.145000457763672,291.0
2024-08-21 13:11:00,CENX,14.569899559020996,14.569899559020996,14.569999694824219,14.569899559020996,14.569999694824219,875.0
2024-08-21 13:11:00,GPRE,13.789999961853027,13.789999961853027,13.795000076293945,13.789999961853027,13.795000076293945,541.0
2024-08-21 13:11:00,GSM,4.414999961853027,4.414999961853027,4.420000076293945,4.414999961853027,4.420000076293945,3133.0
2024-08-21 13:11:00,HDSN,8.050000190734863,8.050000190734863,8.050000190734863,8.050000190734863,8.050000190734863,223.0
2024-08-21 13:11:00,HWKN,121.87999725341797,121.87999725341797,121.87999725341797,121.87999725341797,121.87999725341797,355.0
2024-08-21 13:11:00,METC,12.03499984741211,12.03499984741211,12.050000190734863,12.03499984741211,12.050000190734863,1617.0
2024-08-21 13:11:00,ORGN,1.4550000429153442,1.4550000429153442,1.4550000429153442,1.4550000429153442,1.4550000429153442,142.0
2024-08-21 13:11:00,PAAS,21.415000915527344,21.415000915527344,21.424999237060547,21.413999557495117,21.424999237060547,1327.0
2024-08-21 13:11:00,PLL,8.949899673461914,8.949899673461914,9.0,8.920000076293945,8.984999656677246,13569.0
2024-08-21 13:11:00,RGLD,139.88999938964844,139.88999938964844,139.88999938964844,139.8800048828125,139.8800048828125,731.0
2024-08-21 13:11:00,SGML,11.100000381469727,11.100000381469727,11.109999656677246,11.09000015258789,11.09000015258789,1421.0
2024-08-21 13:11:00,SSRM,5.375,5.375,5.380000114440918,5.375,5.380000114440918,4786.0
2024-08-21 13:11:00,STLD,117.66999816894531,117.66999816894531,117.70999908447266,117.66999816894531,117.69999694824219,2391.0
2024-08-21 13:12:00,ASTL,9.585000038146973,9.585000038146973,9.585000038146973,9.585000038146973,9.585000038146973,374.0
2024-08-21 13:12:00,CENX,14.569999694824219,14.569999694824219,14.569999694824219,14.569999694824219,14.569999694824219,319.0
2024-08-21 13:12:00,CNEY,0.3237000107765198,0.3237000107765198,0.3237000107765198,0.3237000107765198,0.3237000107765198,800.0
2024-08-21 13:12:00,GEVO,0.7533000111579895,0.7533000111579895,0.7533000111579895,0.7533000111579895,0.7533000111579895,101.0
2024-08-21 13:12:00,GSM,4.409999847412109,4.409999847412109,4.409999847412109,4.409999847412109,4.409999847412109,101.0
2024-08-21 13:12:00,LWLG,2.6700000762939453,2.6700000762939453,2.670099973678589,2.6700000762939453,2.670099973678589,5737.0
2024-08-21 13:12:00,MEOH,44.630001068115234,44.630001068115234,44.630001068115234,44.619998931884766,44.619998931884766,772.0
2024-08-21 13:12:00,PAAS,21.411500930786133,21.411500930786133,21.411500930786133,21.411500930786133,21.411500930786133,1326.0
2024-08-21 13:12:00,SGML,11.109999656677246,11.109999656677246,11.109999656677246,11.109999656677246,11.109999656677246,3325.0
2024-08-21 13:12:00,STLD,117.66999816894531,117.66999816894531,117.66999816894531,117.66999816894531,117.66999816894531,770.0
2024-08-21 13:12:00,TMC,1.0800000429153442,1.0800000429153442,1.0800000429153442,1.0800000429153442,1.0800000429153442,2006.0
2024-08-21 13:12:00,USAU,5.4980998039245605,5.4980998039245605,5.4980998039245605,5.4980998039245605,5.4980998039245605,1189.0
2024-08-21 13:13:00,CENX,14.5600004196167,14.5600004196167,14.579999923706055,14.5600004196167,14.579999923706055,616.0
2024-08-21 13:13:00,CNEY,0.320499986410141,0.320499986410141,0.320499986410141,0.320499986410141,0.320499986410141,1710.0
2024-08-21 13:13:00,GEVO,0.7566999793052673,0.7566999793052673,0.7566999793052673,0.7523000240325928,0.7523000240325928,801.0
2024-08-21 13:13:00,GPRE,13.789999961853027,13.789999961853027,13.789999961853027,13.78499984741211,13.78499984741211,917.0
2024-08-21 13:13:00,GSM,4.409999847412109,4.409999847412109,4.409999847412109,4.409999847412109,4.409999847412109,291.0
2024-08-21 13:13:00,HDSN,8.045900344848633,8.045900344848633,8.045900344848633,8.045000076293945,8.045000076293945,712.0
2024-08-21 13:13:00,LWLG,2.6600000858306885,2.6600000858306885,2.6649999618530273,2.6600000858306885,2.6649999618530273,508.0
2024-08-21 13:13:00,ORGN,1.4500000476837158,1.4500000476837158,1.4550000429153442,1.4500000476837158,1.4550000429153442,1469.0
2024-08-21 13:13:00,PAAS,21.41629981994629,21.41629981994629,21.420000076293945,21.41629981994629,21.420000076293945,2219.0
2024-08-21 13:13:00,PLL,8.944000244140625,8.944000244140625,8.944000244140625,8.930000305175781,8.9399995803833,1760.0
2024-08-21 13:13:00,PPTA,8.770000457763672,8.770000457763672,8.770000457763672,8.770000457763672,8.770000457763672,803.0
2024-08-21 13:13:00,RGLD,139.97500610351562,139.97500610351562,139.97500610351562,139.97500610351562,139.97500610351562,313.0
2024-08-21 13:13:00,STLD,117.69999694824219,117.69999694824219,117.69999694824219,117.69999694824219,117.69999694824219,343.0
2024-08-21 13:14:00,ASTL,9.600000381469727,9.600000381469727,9.600000381469727,9.600000381469727,9.600000381469727,1957.0
2024-08-21 13:14:00,CNEY,0.34119999408721924,0.34119999408721924,0.34119999408721924,0.33079999685287476,0.33079999685287476,0.0
2024-08-21 13:14:00,GSM,4.414999961853027,4.414999961853027,4.414999961853027,4.414999961853027,4.414999961853027,686.0
2024-08-21 13:14:00,LGO,1.937999963760376,1.937999963760376,1.937999963760376,1.937999963760376,1.937999963760376,300.0
2024-08-21 13:14:00,LWLG,2.6600000858306885,2.6600000858306885,2.6649999618530273,2.6600000858306885,2.6600000858306885,1576.0
2024-08-21 13:14:00,MEOH,44.625,44.625,44.625,44.625,44.625,373.0
2024-08-21 13:14:00,METC,12.010000228881836,12.010000228881836,12.020000457763672,12.010000228881836,12.020000457763672,426.0
2024-08-21 13:14:00,PAAS,21.420000076293945,21.420000076293945,21.420000076293945,21.412099838256836,21.415000915527344,1966.0
2024-08-21 13:14:00,PPTA,8.755000114440918,8.755000114440918,8.755000114440918,8.755000114440918,8.755000114440918,2009.0
2024-08-21 13:14:00,SGML,11.104999542236328,11.104999542236328,11.104999542236328,11.104999542236328,11.104999542236328,366.0
2024-08-21 13:14:00,SSRM,5.374000072479248,5.374000072479248,5.375,5.374000072479248,5.375,946.0
2024-08-21 13:14:00,STLD,117.69999694824219,117.69999694824219,117.69999694824219,117.69999694824219,117.69999694824219,894.0
2024-08-21 13:15:00,AREC,0.5403000116348267,0.5403000116348267,0.5403000116348267,0.5403000116348267,0.5403000116348267,1200.0
2024-08-21 13:15:00,CENX,14.545000076293945,14.545000076293945,14.569999694824219,14.545000076293945,14.569999694824219,1104.0
2024-08-21 13:15:00,GEVO,0.7565000057220459,0.7565000057220459,0.7565000057220459,0.7563999891281128,0.7563999891281128,236.0
2024-08-21 13:15:00,HDSN,8.050000190734863,8.050000190734863,8.050000190734863,8.050000190734863,8.050000190734863,117.0
2024-08-21 13:15:00,LWLG,2.6600000858306885,2.6600000858306885,2.6600000858306885,2.6600000858306885,2.6600000858306885,1244.0
2024-08-21 13:15:00,METC,11.989999771118164,11.989999771118164,12.010000228881836,11.989999771118164,12.010000228881836,2916.0
2024-08-21 13:15:00,ORGN,1.4550000429153442,1.4550000429153442,1.4550000429153442,1.4550000429153442,1.4550000429153442,301.0
2024-08-21 13:15:00,PAAS,21.424999237060547,21.424999237060547,21.424999237060547,21.424999237060547,21.424999237060547,197.0
2024-08-21 13:15:00,PLL,8.945599555969238,8.945599555969238,8.945599555969238,8.9399995803833,8.9399995803833,484.0
2024-08-21 13:15:00,SGML,11.13230037689209,11.13230037689209,11.149999618530273,11.109999656677246,11.109999656677246,2955.0
2024-08-21 13:15:00,SSRM,5.380000114440918,5.380000114440918,5.380000114440918,5.371699810028076,5.371699810028076,3763.0
2024-08-21 13:15:00,STLD,117.63999938964844,117.63999938964844,117.63999938964844,117.63999938964844,117.63999938964844,461.0
2024-08-21 13:15:00,TMC,1.0750000476837158,1.0750000476837158,1.0750000476837158,1.0700000524520874,1.0700000524520874,1412.0
2024-08-21 13:15:00,UFPI,120.19999694824219,120.19999694824219,120.19999694824219,120.19999694824219,120.19999694824219,1344.0
2024-08-21 13:16:00,CENX,14.539999961853027,14.539999961853027,14.543600082397461,14.539999961853027,14.543600082397461,630.0
2024-08-21 13:16:00,GEVO,0.7565000057220459,0.7565000057220459,0.7565000057220459,0.7563999891281128,0.7563999891281128,202.0
2024-08-21 13:16:00,GPRE,13.789999961853027,13.789999961853027,13.789999961853027,13.789999961853027,13.789999961853027,253.0
2024-08-21 13:16:00,GSM,4.418799877166748,4.418799877166748,4.418799877166748,4.418799877166748,4.418799877166748,200.0
2024-08-21 13:16:00,GURE,1.1298999786376953,1.1298999786376953,1.1298999786376953,1.1298999786376953,1.1298999786376953,3000.0
2024-08-21 13:16:00,HDSN,8.046699523925781,8.046699523925781,8.046699523925781,8.046699523925781,8.046699523925781,116.0
2024-08-21 13:16:00,LITM,0.4447999894618988,0.4447999894618988,0.4447999894618988,0.4399999976158142,0.4399999976158142,3727.0
2024-08-21 13:16:00,LWLG,2.6600000858306885,2.6600000858306885,2.6600000858306885,2.6600000858306885,2.6600000858306885,300.0
2024-08-21 13:16:00,METC,12.0,12.0,12.0,12.0,12.0,211.0
2024-08-21 13:16:00,ORGN,1.4599000215530396,1.4599000215530396,1.4599000215530396,1.4550000429153442,1.4550000429153442,10251.0
2024-08-21 13:16:00,PAAS,21.40999984741211,21.40999984741211,21.420000076293945,21.40999984741211,21.420000076293945,1443.0
2024-08-21 13:16:00,PLL,8.9399995803833,8.9399995803833,8.9399995803833,8.9399995803833,8.9399995803833,1767.0
2024-08-21 13:16:00,RGLD,139.99000549316406,139.99000549316406,139.99000549316406,139.99000549316406,139.99000549316406,234.0
2024-08-21 13:16:00,SGML,11.140000343322754,11.140000343322754,11.149999618530273,11.130000114440918,11.140000343322754,3775.0
2024-08-21 13:16:00,SSRM,5.370100021362305,5.370100021362305,5.375,5.370100021362305,5.375,2792.0
2024-08-21 13:16:00,STLD,117.63999938964844,117.63999938964844,117.66000366210938,117.63999938964844,117.66000366210938,1461.0
2024-08-21 13:16:00,TMC,1.0799000263214111,1.0799000263214111,1.0799000263214111,1.0799000263214111,1.0799000263214111,2077.0
2024-08-21 13:17:00,CENX,14.538299560546875,14.538299560546875,14.538299560546875,14.529999732971191,14.529999732971191,365.0
2024-08-21 13:17:00,GPRE,13.760000228881836,13.760000228881836,13.779999732971191,13.760000228881836,13.779999732971191,1745.0
2024-08-21 13:17:00,GSM,4.414999961853027,4.414999961853027,4.414999961853027,4.414999961853027,4.414999961853027,200.0
2024-08-21 13:17:00,HYMC,2.430000066757202,2.430000066757202,2.430000066757202,2.430000066757202,2.430000066757202,589.0
2024-08-21 13:17:00,LWLG,2.6600000858306885,2.6600000858306885,2.6600000858306885,2.6600000858306885,2.6600000858306885,300.0
2024-08-21 13:17:00,METC,12.008999824523926,12.008999824523926,12.008999824523926,12.008999824523926,12.008999824523926,120.0
2024-08-21 13:17:00,ORGN,1.465000033378601,1.465000033378601,1.465000033378601,1.4500000476837158,1.4550000429153442,163205.0
2024-08-21 13:17:00,PAAS,21.399999618530273,21.399999618530273,21.405000686645508,21.399999618530273,21.405000686645508,2791.0
2024-08-21 13:17:00,RETO,0.9624999761581421,0.9624999761581421,0.9624999761581421,0.9624999761581421,0.9624999761581421,1220.0
2024-08-21 13:17:00,SGML,11.119999885559082,11.119999885559082,11.135000228881836,11.119999885559082,11.135000228881836,2346.0
2024-08-21 13:17:00,STLD,117.63999938964844,117.63999938964844,117.63999938964844,117.63999938964844,117.63999938964844,409.0
2024-08-21 13:18:00,CENX,14.539999961853027,14.539999961853027,14.539999961853027,14.539999961853027,14.539999961853027,827.0
2024-08-21 13:18:00,GEVO,0.7560999989509583,0.7560999989509583,0.7565000057220459,0.7531999945640564,0.7531999945640564,957.0
2024-08-21 13:18:00,GPRE,13.760000228881836,13.760000228881836,13.760000228881836,13.760000228881836,13.760000228881836,129.0
2024-08-21 13:18:00,GSM,4.409999847412109,4.409999847412109,4.409999847412109,4.409999847412109,4.409999847412109,127.0
2024-08-21 13:18:00,GURE,1.1150000095367432,1.1150000095367432,1.1150000095367432,1.100100040435791,1.100100040435791,377.0
2024-08-21 13:18:00,LGO,1.9299999475479126,1.9299999475479126,1.9299999475479126,1.9299999475479126,1.9299999475479126,700.0
2024-08-21 13:18:00,LWLG,2.6600000858306885,2.6600000858306885,2.6600000858306885,2.6600000858306885,2.6600000858306885,414.0
2024-08-21 13:18:00,METC,12.02649974822998,12.02649974822998,12.029999732971191,12.010000228881836,12.010000228881836,1383.0
2024-08-21 13:18:00,ORGN,1.4450000524520874,1.4450000524520874,1.465000033378601,1.4450000524520874,1.465000033378601,177184.0
2024-08-21 13:18:00,PAAS,21.405000686645508,21.405000686645508,21.415000915527344,21.405000686645508,21.40999984741211,1989.0
2024-08-21 13:18:00,PLL,8.949999809265137,8.949999809265137,8.949999809265137,8.949999809265137,8.949999809265137,955.0
2024-08-21 13:18:00,PPTA,8.720000267028809,8.720000267028809,8.729999542236328,8.720000267028809,8.729999542236328,2103.0
2024-08-21 13:18:00,RGLD,140.0,140.0,140.0,140.0,140.0,312.0
2024-08-21 13:18:00,SGML,11.140000343322754,11.140000343322754,11.140000343322754,11.119999885559082,11.119999885559082,3106.0
2024-08-21 13:18:00,SSRM,5.371200084686279,5.371200084686279,5.375,5.371200084686279,5.375,2208.0
2024-08-21 13:18:00,STLD,117.70500183105469,117.70500183105469,117.7125015258789,117.66999816894531,117.66999816894531,5783.0
2024-08-21 13:19:00,CENX,14.529999732971191,14.529999732971191,14.529999732971191,14.529999732971191,14.529999732971191,113.0
2024-08-21 13:19:00,GPRE,13.750100135803223,13.750100135803223,13.760000228881836,13.750100135803223,13.760000228881836,542.0
2024-08-21 13:19:00,GSM,4.414999961853027,4.414999961853027,4.414999961853027,4.414999961853027,4.414999961853027,588.0
2024-08-21 13:19:00,HDSN,8.050000190734863,8.050000190734863,8.050000190734863,8.050000190734863,8.050000190734863,1073.0
2024-08-21 13:19:00,LWLG,2.6649999618530273,2.6649999618530273,2.6649999618530273,2.6600000858306885,2.6600000858306885,451.0
2024-08-21 13:19:00,MEOH,44.61000061035156,44.61000061035156,44.61000061035156,44.61000061035156,44.61000061035156,1291.0
2024-08-21 13:19:00,MERC,6.289999961853027,6.289999961853027,6.289999961853027,6.289899826049805,6.289899826049805,411.0
2024-08-21 13:19:00,METC,12.024999618530273,12.024999618530273,12.039999961853027,12.024999618530273,12.039999961853027,633.0
2024-08-21 13:19:00,ORGN,1.4500000476837158,1.4500000476837158,1.4500000476837158,1.4500000476837158,1.4500000476837158,4807.0
2024-08-21 13:19:00,PAAS,21.390100479125977,21.390100479125977,21.399999618530273,21.390100479125977,21.399999618530273,1857.0
2024-08-21 13:19:00,PLL,8.967599868774414,8.967599868774414,8.967599868774414,8.967599868774414,8.967599868774414,1029.0
2024-08-21 13:19:00,PPTA,8.720000267028809,8.720000267028809,8.720000267028809,8.720000267028809,8.720000267028809,11804.0
2024-08-21 13:19:00,SSRM,5.375,5.375,5.375,5.375,5.375,967.0
2024-08-21 13:19:00,STLD,117.73999786376953,117.73999786376953,117.80000305175781,117.70999908447266,117.72000122070312,6938.0
2024-08-21 13:20:00,CENX,14.529999732971191,14.529999732971191,14.529999732971191,14.529999732971191,14.529999732971191,298.0
2024-08-21 13:20:00,CRKN,1.7899999618530273,1.7899999618530273,1.7899999618530273,1.7899999618530273,1.7899999618530273,103.0
2024-08-21 13:20:00,GEVO,0.7534000277519226,0.7534000277519226,0.7534000277519226,0.7534000277519226,0.7534000277519226,500.0
2024-08-21 13:20:00,GPRE,13.75,13.75,13.760000228881836,13.75,13.760000228881836,558.0
2024-08-21 13:20:00,HDSN,8.045000076293945,8.045000076293945,8.0600004196167,8.045000076293945,8.0600004196167,2372.0
2024-08-21 13:20:00,HWKN,122.01000213623047,122.01000213623047,122.01000213623047,122.01000213623047,122.01000213623047,1712.0
2024-08-21 13:20:00,IOSP,111.01000213623047,111.01000213623047,111.01000213623047,110.77999877929688,110.77999877929688,547.0
2024-08-21 13:20:00,LWLG,2.6600000858306885,2.6600000858306885,2.6600000858306885,2.6600000858306885,2.6600000858306885,200.0
2024-08-21 13:20:00,MERC,6.320000171661377,6.320000171661377,6.320000171661377,6.289999961853027,6.289999961853027,4059.0
2024-08-21 13:20:00,ORGN,1.4450000524520874,1.4450000524520874,1.4550000429153442,1.4444999694824219,1.4550000429153442,5270.0
2024-08-21 13:20:00,PAAS,21.40999984741211,21.40999984741211,21.415000915527344,21.399999618530273,21.399999618530273,2656.0
2024-08-21 13:20:00,PLL,8.95009994506836,8.95009994506836,8.95009994506836,8.95009994506836,8.95009994506836,2423.0
2024-08-21 13:20:00,RETO,0.9624999761581421,0.9624999761581421,0.9624999761581421,0.9624999761581421,0.9624999761581421,0.0
2024-08-21 13:20:00,RGLD,140.02000427246094,140.02000427246094,140.02000427246094,139.8292999267578,140.0,1004.0
2024-08-21 13:20:00,SGML,11.135000228881836,11.135000228881836,11.135000228881836,11.135000228881836,11.135000228881836,370.0
2024-08-21 13:20:00,SSRM,5.385000228881836,5.385000228881836,5.385000228881836,5.375,5.375,5713.0
2024-08-21 13:20:00,STLD,117.79499816894531,117.79499816894531,117.79499816894531,117.79499816894531,117.79499816894531,158.0
2024-08-21 13:20:00,TMC,1.0795999765396118,1.0795999765396118,1.0795999765396118,1.0795999765396118,1.0795999765396118,354.0
2024-08-21 13:20:00,ZEUS,41.369998931884766,41.369998931884766,41.400001525878906,41.369998931884766,41.400001525878906,1605.0
2024-08-21 13:21:00,ALTO,1.434999942779541,1.434999942779541,1.434999942779541,1.434999942779541,1.434999942779541,312.0
2024-08-21 13:21:00,ASTL,9.595000267028809,9.595000267028809,9.595000267028809,9.595000267028809,9.595000267028809,278.0
2024-08-21 13:21:00,CENX,14.550000190734863,14.550000190734863,14.550000190734863,14.529999732971191,14.529999732971191,1302.0
2024-08-21 13:21:00,ELBM,0.5098999738693237,0.5098999738693237,0.5098999738693237,0.5098999738693237,0.5098999738693237,22160.0
2024-08-21 13:21:00,GEVO,0.7560999989509583,0.7560999989509583,0.7560999989509583,0.7559999823570251,0.7559999823570251,3.0
2024-08-21 13:21:00,GSM,4.414999961853027,4.414999961853027,4.414999961853027,4.414999961853027,4.414999961853027,502.0
2024-08-21 13:21:00,HDSN,8.045000076293945,8.045000076293945,8.045000076293945,8.045000076293945,8.045000076293945,451.0
2024-08-21 13:21:00,LWLG,2.6600000858306885,2.6600000858306885,2.6649999618530273,2.6600000858306885,2.6649999618530273,200.0
2024-08-21 13:21:00,MERC,6.315000057220459,6.315000057220459,6.315000057220459,6.315000057220459,6.315000057220459,210.0
2024-08-21 13:21:00,METC,12.0600004196167,12.0600004196167,12.0600004196167,12.039999961853027,12.039999961853027,1382.0
2024-08-21 13:21:00,ORGN,1.4450000524520874,1.4450000524520874,1.4450000524520874,1.4450000524520874,1.4450000524520874,0.0
2024-08-21 13:21:00,PAAS,21.42340087890625,21.42340087890625,21.42340087890625,21.420000076293945,21.420000076293945,1347.0
2024-08-21 13:21:00,PLL,8.960000038146973,8.960000038146973,8.961999893188477,8.960000038146973,8.961999893188477,1218.0
2024-08-21 13:21:00,PPTA,8.71500015258789,8.71500015258789,8.71500015258789,8.71500015258789,8.71500015258789,447.0
2024-08-21 13:21:00,SGML,11.135000228881836,11.135000228881836,11.135000228881836,11.135000228881836,11.135000228881836,118.0
2024-08-21 13:21:00,STLD,117.80500030517578,117.80500030517578,117.80500030517578,117.77999877929688,117.77999877929688,873.0
2024-08-21 13:22:00,ASTL,9.595000267028809,9.595000267028809,9.595000267028809,9.595000267028809,9.595000267028809,104.0
2024-08-21 13:22:00,BCPC,168.86000061035156,168.86000061035156,168.86000061035156,168.86000061035156,168.86000061035156,1095.0
2024-08-21 13:22:00,CENX,14.550000190734863,14.550000190734863,14.550000190734863,14.550000190734863,14.550000190734863,1614.0
2024-08-21 13:22:00,ELBM,0.513700008392334,0.513700008392334,0.513700008392334,0.5098999738693237,0.5098999738693237,1613.0
2024-08-21 13:22:00,GEVO,0.7542999982833862,0.7542999982833862,0.7542999982833862,0.7523999810218811,0.7542999982833862,572.0
2024-08-21 13:22:00,LWLG,2.6600000858306885,2.6600000858306885,2.6600000858306885,2.6600000858306885,2.6600000858306885,100.0
2024-08-21 13:22:00,MERC,6.329999923706055,6.329999923706055,6.340000152587891,6.329999923706055,6.338500022888184,1736.0
2024-08-21 13:22:00,PAAS,21.434999465942383,21.434999465942383,21.44499969482422,21.43000030517578,21.43000030517578,2592.0
2024-08-21 13:22:00,PLL,9.024999618530273,9.024999618530273,9.027999877929688,8.970000267028809,8.970000267028809,5860.0
2024-08-21 13:22:00,PPTA,8.720000267028809,8.720000267028809,8.720000267028809,8.720000267028809,8.720000267028809,261.0
2024-08-21 13:22:00,RGLD,140.14999389648438,140.14999389648438,140.14999389648438,140.14999389648438,140.14999389648438,201.0
2024-08-21 13:22:00,SGML,11.140000343322754,11.140000343322754,11.149999618530273,11.140000343322754,11.149999618530273,1581.0
2024-08-21 13:22:00,SSRM,5.389999866485596,5.389999866485596,5.389999866485596,5.389999866485596,5.389999866485596,8216.0
2024-08-21 13:22:00,STLD,117.77999877929688,117.77999877929688,117.80500030517578,117.77999877929688,117.80500030517578,1070.0
2024-08-21 13:22:00,USLM,78.06999969482422,78.06999969482422,78.06999969482422,78.06999969482422,78.06999969482422,711.0
2024-08-21 13:22:00,ZKIN,0.4957999885082245,0.4957999885082245,0.4957999885082245,0.49570000171661377,0.49570000171661377,791.0
2024-08-21 13:23:00,ASTL,9.619999885559082,9.619999885559082,9.619999885559082,9.59000015258789,9.59000015258789,3135.0
2024-08-21 13:23:00,CRKN,1.7799999713897705,1.7799999713897705,1.7799999713897705,1.7799999713897705,1.7799999713897705,200.0
2024-08-21 13:23:00,GPRE,13.767499923706055,13.767499923706055,13.767499923706055,13.767499923706055,13.767499923706055,1480.0
2024-08-21 13:23:00,GSM,4.420000076293945,4.420000076293945,4.420000076293945,4.420000076293945,4.420000076293945,321.0
2024-08-21 13:23:00,HYMC,2.4398999214172363,2.4398999214172363,2.4398999214172363,2.4398999214172363,2.4398999214172363,326.0
2024-08-21 13:23:00,IOSP,110.86000061035156,110.86000061035156,110.86000061035156,110.86000061035156,110.86000061035156,285.0
2024-08-21 13:23:00,LWLG,2.6600000858306885,2.6600000858306885,2.6600000858306885,2.6600000858306885,2.6600000858306885,236.0
2024-08-21 13:23:00,ORGN,1.4450000524520874,1.4450000524520874,1.4500000476837158,1.4450000524520874,1.4500000476837158,601.0
2024-08-21 13:23:00,PAAS,21.43000030517578,21.43000030517578,21.44499969482422,21.43000030517578,21.440000534057617,2902.0
2024-08-21 13:23:00,PLL,9.0,9.0,9.015000343322754,9.0,9.010000228881836,898.0
2024-08-21 13:23:00,SGML,11.149999618530273,11.149999618530273,11.149999618530273,11.149999618530273,11.149999618530273,958.0
2024-08-21 13:23:00,SSRM,5.389999866485596,5.389999866485596,5.389999866485596,5.389999866485596,5.389999866485596,4922.0
2024-08-21 13:23:00,STLD,117.76000213623047,117.76000213623047,117.76000213623047,117.76000213623047,117.76000213623047,635.0
2024-08-21 13:23:00,ZKIN,0.49570000171661377,0.49570000171661377,0.49570000171661377,0.49559998512268066,0.49559998512268066,313.0
2024-08-21 13:24:00,AREC,0.5403000116348267,0.5403000116348267,0.5403000116348267,0.5403000116348267,0.5403000116348267,0.0
2024-08-21 13:24:00,CRKN,1.7973999977111816,1.7973999977111816,1.7973999977111816,1.7973999977111816,1.7973999977111816,665.0
2024-08-21 13:24:00,LGO,1.937000036239624,1.937000036239624,1.937000036239624,1.937000036239624,1.937000036239624,0.0
2024-08-21 13:24:00,LWLG,2.6500000953674316,2.6500000953674316,2.6614999771118164,2.6500000953674316,2.6614999771118164,2968.0
2024-08-21 13:24:00,MEOH,44.58000183105469,44.58000183105469,44.599998474121094,44.560001373291016,44.560001373291016,1657.0
2024-08-21 13:24:00,METC,12.0600004196167,12.0600004196167,12.0600004196167,12.0600004196167,12.0600004196167,383.0
2024-08-21 13:24:00,PAAS,21.43000030517578,21.43000030517578,21.434999465942383,21.43000030517578,21.434999465942383,1438.0
2024-08-21 13:24:00,PLL,9.022600173950195,9.022600173950195,9.029999732971191,9.015000343322754,9.029999732971191,1994.0
2024-08-21 13:24:00,RGLD,140.18499755859375,140.18499755859375,140.18499755859375,140.18499755859375,140.18499755859375,441.0
2024-08-21 13:24:00,SGML,11.125,11.125,11.130000114440918,11.119999885559082,11.130000114440918,4073.0
2024-08-21 13:24:00,STLD,117.73500061035156,117.73500061035156,117.73500061035156,117.73149871826172,117.73149871826172,760.0
2024-08-21 13:24:00,TMC,1.0740000009536743,1.0740000009536743,1.0740000009536743,1.0740000009536743,1.0740000009536743,1040.0
2024-08-21 13:25:00,ASTL,9.6274995803833,9.6274995803833,9.6274995803833,9.625,9.625,229.0
2024-08-21 13:25:00,CENX,14.539999961853027,14.539999961853027,14.539999961853027,14.539999961853027,14.539999961853027,314.0
2024-08-21 13:25:00,ELBM,0.513700008392334,0.513700008392334,0.513700008392334,0.513700008392334,0.513700008392334,22.0
2024-08-21 13:25:00,GEVO,0.7541999816894531,0.7541999816894531,0.7541999816894531,0.7541999816894531,0.7541999816894531,1962.0
2024-08-21 13:25:00,GSM,4.414999961853027,4.414999961853027,4.414999961853027,4.409999847412109,4.409999847412109,356.0
2024-08-21 13:25:00,LWLG,2.6600000858306885,2.6600000858306885,2.6600000858306885,2.6500000953674316,2.6500000953674316,2134.0
2024-08-21 13:25:00,MERC,6.340000152587891,6.340000152587891,6.340000152587891,6.329999923706055,6.329999923706055,1000.0
2024-08-21 13:25:00,ORGN,1.4450000524520874,1.4450000524520874,1.4450000524520874,1.4450000524520874,1.4450000524520874,2826.0
2024-08-21 13:25:00,PAAS,21.424999237060547,21.424999237060547,21.424999237060547,21.424999237060547,21.424999237060547,107.0
2024-08-21 13:25:00,PLL,9.020000457763672,9.020000457763672,9.029999732971191,9.020000457763672,9.029999732971191,6827.0
2024-08-21 13:25:00,SSRM,5.394999980926514,5.394999980926514,5.394999980926514,5.394999980926514,5.394999980926514,321.0
2024-08-21 13:26:00,ACNT,10.0,10.0,10.0,10.0,10.0,397.0
2024-08-21 13:26:00,ASTL,9.630000114440918,9.630000114440918,9.630000114440918,9.630000114440918,9.630000114440918,117.0
2024-08-21 13:26:00,CENX,14.539999961853027,14.539999961853027,14.539999961853027,14.539999961853027,14.539999961853027,111.0
2024-08-21 13:26:00,GSM,4.409999847412109,4.409999847412109,4.409999847412109,4.409999847412109,4.409999847412109,200.0
2024-08-21 13:26:00,IOSP,110.86000061035156,110.86000061035156,110.86000061035156,110.86000061035156,110.86000061035156,564.0
2024-08-21 13:26:00,LWLG,2.6700000762939453,2.6700000762939453,2.6700000762939453,2.6700000762939453,2.6700000762939453,1232.0
2024-08-21 13:26:00,MEOH,44.59000015258789,44.59000015258789,44.59000015258789,44.59000015258789,44.59000015258789,113.0
2024-08-21 13:26:00,MERC,6.329999923706055,6.329999923706055,6.329999923706055,6.320000171661377,6.329999923706055,2123.0
2024-08-21 13:26:00,METC,12.050000190734863,12.050000190734863,12.050000190734863,12.050000190734863,12.050000190734863,358.0
2024-08-21 13:26:00,ORGN,1.4496999979019165,1.4496999979019165,1.4496999979019165,1.4496999979019165,1.4496999979019165,400.0
2024-08-21 13:26:00,PAAS,21.405000686645508,21.405000686645508,21.424999237060547,21.405000686645508,21.424999237060547,1315.0
2024-08-21 13:26:00,PLL,9.039999961853027,9.039999961853027,9.039999961853027,9.039999961853027,9.039999961853027,299.0
2024-08-21 13:26:00,PPTA,8.727999687194824,8.727999687194824,8.727999687194824,8.727999687194824,8.727999687194824,534.0
2024-08-21 13:26:00,RGLD,140.11500549316406,140.11500549316406,140.11500549316406,140.11500549316406,140.11500549316406,217.0
2024-08-21 13:26:00,SGML,11.119999885559082,11.119999885559082,11.125,11.119999885559082,11.125,560.0
2024-08-21 13:26:00,SSRM,5.380000114440918,5.380000114440918,5.394999980926514,5.380000114440918,5.394999980926514,12382.0
2024-08-21 13:26:00,STLD,117.69000244140625,117.69000244140625,117.73500061035156,117.69000244140625,117.73500061035156,2674.0
2024-08-21 13:26:00,TMC,1.0799000263214111,1.0799000263214111,1.0799000263214111,1.0799000263214111,1.0799000263214111,112.0
2024-08-21 13:26:00,ZKIN,0.49570000171661377,0.49570000171661377,0.49570000171661377,0.49570000171661377,0.49570000171661377,1997.0
2024-08-21 13:27:00,ASTL,9.630000114440918,9.630000114440918,9.630000114440918,9.630000114440918,9.630000114440918,454.0
2024-08-21 13:27:00,CENX,14.531200408935547,14.531200408935547,14.531200408935547,14.531200408935547,14.531200408935547,966.0
2024-08-21 13:27:00,GEVO,0.7523999810218811,0.7523999810218811,0.7524999976158142,0.7523999810218811,0.7524999976158142,0.0
2024-08-21 13:27:00,GPRE,13.770000457763672,13.770000457763672,13.770000457763672,13.75,13.75,1506.0
2024-08-21 13:27:00,GSM,4.409999847412109,4.409999847412109,4.409999847412109,4.409999847412109,4.409999847412109,100.0
2024-08-21 13:27:00,IOSP,110.875,110.875,110.875,110.875,110.875,200.0
2024-08-21 13:27:00,LWLG,2.6700000762939453,2.6700000762939453,2.6700000762939453,2.6700000762939453,2.6700000762939453,121.0
2024-08-21 13:27:00,MEOH,44.59000015258789,44.59000015258789,44.59000015258789,44.59000015258789,44.59000015258789,619.0
2024-08-21 13:27:00,METC,12.050000190734863,12.050000190734863,12.050000190734863,12.050000190734863,12.050000190734863,602.0
2024-08-21 13:27:00,PAAS,21.429500579833984,21.429500579833984,21.429500579833984,21.40999984741211,21.40999984741211,1898.0
2024-08-21 13:27:00,PLL,8.999899864196777,8.999899864196777,9.020000457763672,8.970000267028809,9.020000457763672,7881.0
2024-08-21 13:27:00,SGML,11.125,11.125,11.125,11.109999656677246,11.109999656677246,4669.0
2024-08-21 13:27:00,STLD,117.74500274658203,117.74500274658203,117.74500274658203,117.69999694824219,117.69999694824219,3568.0
2024-08-21 13:27:00,TMC,1.0750000476837158,1.0750000476837158,1.0750000476837158,1.0750000476837158,1.0750000476837158,110.0
2024-08-21 13:28:00,ASTL,9.635000228881836,9.635000228881836,9.635000228881836,9.635000228881836,9.635000228881836,833.0
2024-08-21 13:28:00,CENX,14.529999732971191,14.529999732971191,14.529999732971191,14.529999732971191,14.529999732971191,641.0
2024-08-21 13:28:00,GEVO,0.7549999952316284,0.7549999952316284,0.7549999952316284,0.7549999952316284,0.7549999952316284,203.0
2024-08-21 13:28:00,GPRE,13.78499984741211,13.78499984741211,13.78499984741211,13.78499984741211,13.78499984741211,363.0
2024-08-21 13:28:00,GSM,4.414999961853027,4.414999961853027,4.414999961853027,4.414999961853027,4.414999961853027,256.0
2024-08-21 13:28:00,IOSP,110.875,110.875,110.875,110.875,110.875,204.0
2024-08-21 13:28:00,JCTCF,4.269999980926514,4.269999980926514,4.269999980926514,4.269999980926514,4.269999980926514,0.0
2024-08-21 13:28:00,LWLG,2.6700000762939453,2.6700000762939453,2.6700000762939453,2.6700000762939453,2.6700000762939453,130.0
2024-08-21 13:28:00,METC,12.050000190734863,12.050000190734863,12.050000190734863,12.050000190734863,12.050000190734863,120.0
2024-08-21 13:28:00,ORGN,1.4500000476837158,1.4500000476837158,1.4500000476837158,1.4500000476837158,1.4500000476837158,2120.0
2024-08-21 13:28:00,PAAS,21.440000534057617,21.440000534057617,21.440000534057617,21.419099807739258,21.42169952392578,2519.0
2024-08-21 13:28:00,PLL,8.998499870300293,8.998499870300293,9.010000228881836,8.998499870300293,9.010000228881836,4140.0
2024-08-21 13:28:00,RGLD,140.11000061035156,140.11000061035156,140.11000061035156,140.11000061035156,140.11000061035156,648.0
2024-08-21 13:28:00,SGML,11.125,11.125,11.125,11.109999656677246,11.119999885559082,1750.0
2024-08-21 13:28:00,SMID,32.29999923706055,32.29999923706055,32.599998474121094,32.29999923706055,32.599998474121094,812.0
2024-08-21 13:28:00,SSRM,5.369999885559082,5.369999885559082,5.379899978637695,5.369999885559082,5.379899978637695,4747.0
2024-08-21 13:28:00,STLD,117.74500274658203,117.74500274658203,117.74500274658203,117.74500274658203,117.74500274658203,754.0
2024-08-21 13:29:00,ASTL,9.630000114440918,9.630000114440918,9.630000114440918,9.630000114440918,9.630000114440918,1353.0
2024-08-21 13:29:00,CENX,14.529999732971191,14.529999732971191,14.529999732971191,14.529999732971191,14.529999732971191,268.0
2024-08-21 13:29:00,GPRE,13.800000190734863,13.800000190734863,13.800000190734863,13.800000190734863,13.800000190734863,423.0
2024-08-21 13:29:00,MEOH,44.595001220703125,44.595001220703125,44.595001220703125,44.595001220703125,44.595001220703125,452.0
2024-08-21 13:29:00,METC,12.029999732971191,12.029999732971191,12.050000190734863,12.029999732971191,12.050000190734863,2206.0
2024-08-21 13:29:00,PAAS,21.440000534057617,21.440000534057617,21.44499969482422,21.440000534057617,21.44499969482422,1395.0
2024-08-21 13:29:00,SGML,11.140000343322754,11.140000343322754,11.140000343322754,11.125,11.125,106.0
2024-08-21 13:29:00,SSRM,5.375,5.375,5.375,5.375,5.375,749.0
2024-08-21 13:29:00,TMC,1.0700000524520874,1.0700000524520874,1.0700000524520874,1.0700000524520874,1.0700000524520874,343.0
2024-08-21 13:30:00,AREC,0.5403000116348267,0.5403000116348267,0.5403000116348267,0.5403000116348267,0.5403000116348267,800.0
2024-08-21 13:30:00,CENX,14.53499984741211,14.53499984741211,14.539999961853027,14.529999732971191,14.529999732971191,1739.0
2024-08-21 13:30:00,GPRE,13.8100004196167,13.8100004196167,13.8100004196167,13.800000190734863,13.800000190734863,1017.0
2024-08-21 13:30:00,MEOH,44.6150016784668,44.6150016784668,44.6150016784668,44.6150016784668,44.6150016784668,195.0
2024-08-21 13:30:00,METC,12.029999732971191,12.029999732971191,12.029999732971191,12.029999732971191,12.029999732971191,200.0
2024-08-21 13:30:00,PAAS,21.44499969482422,21.44499969482422,21.459999084472656,21.44499969482422,21.450000762939453,4778.0
2024-08-21 13:30:00,PLL,8.989999771118164,8.989999771118164,8.989999771118164,8.989999771118164,8.989999771118164,2302.0
2024-08-21 13:30:00,PPTA,8.725000381469727,8.725000381469727,8.725000381469727,8.725000381469727,8.725000381469727,415.0
2024-08-21 13:30:00,SGML,11.149999618530273,11.149999618530273,11.149999618530273,11.125,11.125,3247.0
2024-08-21 13:30:00,SSRM,5.369999885559082,5.369999885559082,5.375,5.369999885559082,5.375,421.0
2024-08-21 13:30:00,STLD,117.78500366210938,117.78500366210938,117.79499816894531,117.73500061035156,117.73500061035156,2459.0
2024-08-21 13:31:00,ALTO,1.434999942779541,1.434999942779541,1.434999942779541,1.434999942779541,1.434999942779541,200.0
2024-08-21 13:31:00,ASTL,9.65999984741211,9.65999984741211,9.65999984741211,9.635000228881836,9.640000343322754,2322.0
2024-08-21 13:31:00,CENX,14.529999732971191,14.529999732971191,14.529999732971191,14.529999732971191,14.529999732971191,3925.0
2024-08-21 13:31:00,GEVO,0.7559999823570251,0.7559999823570251,0.7559999823570251,0.753000020980835,0.7534000277519226,2381.0
2024-08-21 13:31:00,HDSN,8.050000190734863,8.050000190734863,8.050000190734863,8.050000190734863,8.050000190734863,104.0
2024-08-21 13:31:00,KALU,71.20999908447266,71.20999908447266,71.20999908447266,71.20999908447266,71.20999908447266,1320.0
2024-08-21 13:31:00,MEOH,44.6150016784668,44.6150016784668,44.6150016784668,44.6150016784668,44.6150016784668,252.0
2024-08-21 13:31:00,MERC,6.329999923706055,6.329999923706055,6.329999923706055,6.329999923706055,6.329999923706055,309.0
2024-08-21 13:31:00,METC,12.020000457763672,12.020000457763672,12.020000457763672,12.020000457763672,12.020000457763672,463.0
2024-08-21 13:31:00,ORGN,1.4450000524520874,1.4450000524520874,1.4450000524520874,1.4450000524520874,1.4450000524520874,2411.0
2024-08-21 13:31:00,PAAS,21.450000762939453,21.450000762939453,21.450000762939453,21.450000762939453,21.450000762939453,2751.0
2024-08-21 13:31:00,RGLD,140.25,140.25,140.25,140.13999938964844,140.13999938964844,598.0
2024-08-21 13:31:00,SGML,11.170000076293945,11.170000076293945,11.170000076293945,11.170000076293945,11.170000076293945,1854.0
2024-08-21 13:31:00,SSRM,5.369999885559082,5.369999885559082,5.380000114440918,5.369999885559082,5.378499984741211,1894.0
2024-08-21 13:31:00,STLD,117.80000305175781,117.80000305175781,117.80000305175781,117.78500366210938,117.78500366210938,1177.0
2024-08-21 13:32:00,ALTO,1.4392000436782837,1.4392000436782837,1.4392000436782837,1.4392000436782837,1.4392000436782837,1071.0
2024-08-21 13:32:00,GEVO,0.7560999989509583,0.7560999989509583,0.7560999989509583,0.7560999989509583,0.7560999989509583,400.0
2024-08-21 13:32:00,GSM,4.414999961853027,4.414999961853027,4.414999961853027,4.414999961853027,4.414999961853027,522.0
2024-08-21 13:32:00,HDSN,8.050000190734863,8.050000190734863,8.050000190734863,8.050000190734863,8.050000190734863,182.0
2024-08-21 13:32:00,IOSP,110.98999786376953,110.98999786376953,110.98999786376953,110.98999786376953,110.98999786376953,214.0
2024-08-21 13:32:00,LWLG,2.680000066757202,2.680000066757202,2.680000066757202,2.680000066757202,2.680000066757202,468.0
2024-08-21 13:32:00,MERC,6.340000152587891,6.340000152587891,6.340000152587891,6.340000152587891,6.340000152587891,278.0
2024-08-21 13:32:00,PAAS,21.440000534057617,21.440000534057617,21.440000534057617,21.440000534057617,21.440000534057617,782.0
2024-08-21 13:32:00,PPTA,8.725000381469727,8.725000381469727,8.725000381469727,8.725000381469727,8.725000381469727,355.0
2024-08-21 13:32:00,SGML,11.149999618530273,11.149999618530273,11.154999732971191,11.149999618530273,11.154999732971191,3820.0
2024-08-21 13:32:00,SSRM,5.369999885559082,5.369999885559082,5.380000114440918,5.369999885559082,5.375,1447.0
2024-08-21 13:32:00,STLD,117.83999633789062,117.83999633789062,117.83999633789062,117.83999633789062,117.83999633789062,468.0
2024-08-21 13:32:00,TMC,1.0800000429153442,1.0800000429153442,1.0800000429153442,1.0800000429153442,1.0800000429153442,207.0
2024-08-21 13:33:00,GPRE,13.824999809265137,13.824999809265137,13.824999809265137,13.8149995803833,13.8149995803833,479.0
2024-08-21 13:33:00,LGO,1.940000057220459,1.940000057220459,1.940000057220459,1.940000057220459,1.940000057220459,695.0
2024-08-21 13:33:00,LWLG,2.6898000240325928,2.6898000240325928,2.6898000240325928,2.6898000240325928,2.6898000240325928,440.0
2024-08-21 13:33:00,METC,12.03499984741211,12.03499984741211,12.03499984741211,12.03499984741211,12.03499984741211,631.0
2024-08-21 13:33:00,PAAS,21.450000762939453,21.450000762939453,21.450000762939453,21.440000534057617,21.440000534057617,5708.0
2024-08-21 13:33:00,PLL,9.01990032196045,9.01990032196045,9.020000457763672,9.010000228881836,9.010000228881836,2807.0
2024-08-21 13:33:00,RGLD,140.0800018310547,140.0800018310547,140.0800018310547,140.00999450683594,140.0500030517578,1753.0
2024-08-21 13:33:00,SGML,11.15999984741211,11.15999984741211,11.15999984741211,11.15999984741211,11.15999984741211,4535.0
2024-08-21 13:33:00,STLD,117.8949966430664,117.8949966430664,117.8949966430664,117.82499694824219,117.83999633789062,10489.0
2024-08-21 13:33:00,TMC,1.0750000476837158,1.0750000476837158,1.0750000476837158,1.0750000476837158,1.0750000476837158,494.0
2024-08-21 13:33:00,USAP,39.83000183105469,39.83000183105469,39.83000183105469,39.83000183105469,39.83000183105469,850.0
2024-08-21 13:34:00,CENX,14.539999961853027,14.539999961853027,14.539999961853027,14.539999961853027,14.539999961853027,907.0
2024-08-21 13:34:00,GEVO,0.7562000155448914,0.7562000155448914,0.7590000033378601,0.7562000155448914,0.7590000033378601,875.0
2024-08-21 13:34:00,GSM,4.400000095367432,4.400000095367432,4.420000076293945,4.400000095367432,4.420000076293945,33951.0
2024-08-21 13:34:00,GURE,1.1401000022888184,1.1401000022888184,1.1401000022888184,1.1401000022888184,1.1401000022888184,225.0
2024-08-21 13:34:00,HDSN,8.0600004196167,8.0600004196167,8.0600004196167,8.0600004196167,8.0600004196167,1454.0
2024-08-21 13:34:00,LWLG,2.690000057220459,2.690000057220459,2.690000057220459,2.680000066757202,2.684999942779541,9043.0
2024-08-21 13:34:00,MEOH,44.6150016784668,44.6150016784668,44.6150016784668,44.6150016784668,44.6150016784668,362.0
2024-08-21 13:34:00,ORGN,1.4450000524520874,1.4450000524520874,1.4450000524520874,1.4450000524520874,1.4450000524520874,465.0
2024-08-21 13:34:00,PAAS,21.469999313354492,21.469999313354492,21.469999313354492,21.450000762939453,21.459999084472656,3143.0
2024-08-21 13:34:00,PPTA,8.729999542236328,8.729999542236328,8.729999542236328,8.729999542236328,8.729999542236328,1028.0
2024-08-21 13:34:00,RGLD,140.14999389648438,140.14999389648438,140.14999389648438,140.14999389648438,140.14999389648438,716.0
2024-08-21 13:34:00,SGML,11.15999984741211,11.15999984741211,11.15999984741211,11.15999984741211,11.15999984741211,566.0
2024-08-21 13:34:00,SSRM,5.375,5.375,5.375,5.369999885559082,5.369999885559082,869.0
2024-08-21 13:34:00,STLD,117.88999938964844,117.88999938964844,117.91999816894531,117.87999725341797,117.87999725341797,1642.0
2024-08-21 13:35:00,ASTL,9.65999984741211,9.65999984741211,9.65999984741211,9.65999984741211,9.65999984741211,402.0
2024-08-21 13:35:00,CENX,14.529999732971191,14.529999732971191,14.531000137329102,14.529999732971191,14.531000137329102,2460.0
2024-08-21 13:35:00,GEVO,0.7626000046730042,0.7626000046730042,0.7639999985694885,0.7590000033378601,0.7590000033378601,7291.0
2024-08-21 13:35:00,GPRE,13.829999923706055,13.829999923706055,13.829999923706055,13.8100004196167,13.8100004196167,579.0
2024-08-21 13:35:00,GSM,4.400000095367432,4.400000095367432,4.40500020980835,4.400000095367432,4.40500020980835,5108.0
2024-08-21 13:35:00,GURE,1.1401000022888184,1.1401000022888184,1.1401000022888184,1.1401000022888184,1.1401000022888184,100.0
2024-08-21 13:35:00,HDSN,8.0600004196167,8.0600004196167,8.069999694824219,8.0600004196167,8.069999694824219,354.0
2024-08-21 13:35:00,IOSP,110.86499786376953,110.86499786376953,110.97000122070312,110.86499786376953,110.97000122070312,775.0
2024-08-21 13:35:00,LGO,1.9500000476837158,1.9500000476837158,1.9500000476837158,1.9500000476837158,1.9500000476837158,515.0
2024-08-21 13:35:00,LWLG,2.680000066757202,2.680000066757202,2.690000057220459,2.680000066757202,2.690000057220459,1686.0
2024-08-21 13:35:00,MEOH,44.59000015258789,44.59000015258789,44.599998474121094,44.59000015258789,44.599998474121094,848.0
2024-08-21 13:35:00,METC,12.050000190734863,12.050000190734863,12.050000190734863,12.050000190734863,12.050000190734863,279.0
2024-08-21 13:35:00,PAAS,21.469999313354492,21.469999313354492,21.469999313354492,21.46500015258789,21.469999313354492,1236.0
2024-08-21 13:35:00,PLL,9.029999732971191,9.029999732971191,9.029999732971191,9.029999732971191,9.029999732971191,1446.0
2024-08-21 13:35:00,SGML,11.15999984741211,11.15999984741211,11.170000076293945,11.149999618530273,11.15999984741211,3103.0
2024-08-21 13:35:00,SSRM,5.369999885559082,5.369999885559082,5.375,5.369999885559082,5.375,1070.0
2024-08-21 13:35:00,STLD,117.75499725341797,117.75499725341797,117.86499786376953,117.75499725341797,117.8499984741211,5127.0
2024-08-21 13:36:00,ASTL,9.65999984741211,9.65999984741211,9.65999984741211,9.65999984741211,9.65999984741211,653.0
2024-08-21 13:36:00,CENX,14.520000457763672,14.520000457763672,14.520000457763672,14.520000457763672,14.520000457763672,2337.0
2024-08-21 13:36:00,FEAM,0.8399999737739563,0.8399999737739563,0.8399999737739563,0.8399999737739563,0.8399999737739563,664.0
2024-08-21 13:36:00,GEVO,0.7660999894142151,0.7660999894142151,0.7660999894142151,0.7660999894142151,0.7660999894142151,0.0
2024-08-21 13:36:00,GPRE,13.835000038146973,13.835000038146973,13.84000015258789,13.829999923706055,13.84000015258789,1614.0
2024-08-21 13:36:00,GSM,4.400000095367432,4.400000095367432,4.400000095367432,4.400000095367432,4.400000095367432,200.0
2024-08-21 13:36:00,IPX,15.369999885559082,15.369999885559082,15.390000343322754,15.350000381469727,15.350000381469727,554.0
2024-08-21 13:36:00,LGO,1.9500000476837158,1.9500000476837158,1.9500000476837158,1.9500000476837158,1.9500000476837158,425.0
2024-08-21 13:36:00,LWLG,2.6700000762939453,2.6700000762939453,2.680000066757202,2.6700000762939453,2.680000066757202,1524.0
2024-08-21 13:36:00,MERC,6.320000171661377,6.320000171661377,6.320000171661377,6.320000171661377,6.320000171661377,549.0
2024-08-21 13:36:00,METC,12.050000190734863,12.050000190734863,12.050000190734863,12.050000190734863,12.050000190734863,250.0
2024-08-21 13:36:00,PAAS,21.440000534057617,21.440000534057617,21.459999084472656,21.440000534057617,21.459999084472656,3518.0
2024-08-21 13:36:00,RGLD,140.1300048828125,140.1300048828125,140.1300048828125,140.1300048828125,140.1300048828125,265.0
2024-08-21 13:36:00,SGML,11.149999618530273,11.149999618530273,11.154999732971191,11.149999618530273,11.149999618530273,1348.0
2024-08-21 13:36:00,SSRM,5.369999885559082,5.369999885559082,5.375,5.369999885559082,5.375,4584.0
2024-08-21 13:36:00,STLD,117.76000213623047,117.76000213623047,117.7699966430664,117.76000213623047,117.7699966430664,388.0
2024-08-21 13:37:00,GPRE,13.850000381469727,13.850000381469727,13.850000381469727,13.850000381469727,13.850000381469727,125.0
2024-08-21 13:37:00,GSM,4.40500020980835,4.40500020980835,4.409999847412109,4.400000095367432,4.409999847412109,7106.0
2024-08-21 13:37:00,LOOP,1.4399000406265259,1.4399000406265259,1.4399000406265259,1.4399000406265259,1.4399000406265259,214.0
2024-08-21 13:37:00,LWLG,2.684999942779541,2.684999942779541,2.684999942779541,2.6700000762939453,2.6700000762939453,3885.0
2024-08-21 13:37:00,MEOH,44.59000015258789,44.59000015258789,44.599998474121094,44.59000015258789,44.599998474121094,483.0
2024-08-21 13:37:00,METC,12.050000190734863,12.050000190734863,12.050000190734863,12.050000190734863,12.050000190734863,465.0
2024-08-21 13:37:00,ORGN,1.4413000345230103,1.4413000345230103,1.4413000345230103,1.4413000345230103,1.4413000345230103,200.0
2024-08-21 13:37:00,PAAS,21.44499969482422,21.44499969482422,21.44499969482422,21.440000534057617,21.44499969482422,537.0
2024-08-21 13:37:00,PLL,9.020000457763672,9.020000457763672,9.020000457763672,9.020000457763672,9.020000457763672,134.0
2024-08-21 13:37:00,SGML,11.15999984741211,11.15999984741211,11.15999984741211,11.149999618530273,11.15999984741211,3100.0
2024-08-21 13:37:00,SMID,31.549999237060547,31.549999237060547,32.20000076293945,31.549999237060547,32.20000076293945,2974.0
2024-08-21 13:37:00,SSRM,5.375,5.375,5.375,5.375,5.375,1140.0
2024-08-21 13:37:00,STLD,117.76750183105469,117.76750183105469,117.76750183105469,117.76499938964844,117.76499938964844,461.0
2024-08-21 13:37:00,TMC,1.0787999629974365,1.0787999629974365,1.0787999629974365,1.0787999629974365,1.0787999629974365,205.0
2024-08-21 13:38:00,ASTL,9.670000076293945,9.670000076293945,9.670000076293945,9.65999984741211,9.65999984741211,783.0
2024-08-21 13:38:00,CENX,14.529999732971191,14.529999732971191,14.529999732971191,14.524999618530273,14.524999618530273,1772.0
2024-08-21 13:38:00,CRKN,1.7799999713897705,1.7799999713897705,1.7799999713897705,1.7799999713897705,1.7799999713897705,334.0
2024-08-21 13:38:00,GEVO,0.760200023651123,0.760200023651123,0.760200023651123,0.7601000070571899,0.7601000070571899,313.0
2024-08-21 13:38:00,GPRE,13.845000267028809,13.845000267028809,13.850000381469727,13.845000267028809,13.850000381469727,1040.0
2024-08-21 13:38:00,GSM,4.40500020980835,4.40500020980835,4.409999847412109,4.40500020980835,4.40500020980835,7051.0
2024-08-21 13:38:00,HDSN,8.069999694824219,8.069999694824219,8.069999694824219,8.057100296020508,8.057100296020508,321.0
2024-08-21 13:38:00,HWKN,122.33999633789062,122.33999633789062,122.33999633789062,122.33999633789062,122.33999633789062,1422.0
2024-08-21 13:38:00,LWLG,2.6700000762939453,2.6700000762939453,2.6700000762939453,2.6700000762939453,2.6700000762939453,951.0
2024-08-21 13:38:00,METC,12.0600004196167,12.0600004196167,12.0600004196167,12.0600004196167,12.0600004196167,696.0
2024-08-21 13:38:00,ORGN,1.4500000476837158,1.4500000476837158,1.4500000476837158,1.4500000476837158,1.4500000476837158,218.0
2024-08-21 13:38:00,PAAS,21.44499969482422,21.44499969482422,21.44499969482422,21.44099998474121,21.44099998474121,1500.0
2024-08-21 13:38:00,PLL,9.029999732971191,9.029999732971191,9.029999732971191,9.029999732971191,9.029999732971191,200.0
2024-08-21 13:38:00,RGLD,140.10499572753906,140.10499572753906,140.10499572753906,140.10499572753906,140.10499572753906,471.0
2024-08-21 13:38:00,SGML,11.180000305175781,11.180000305175781,11.1899995803833,11.15999984741211,11.15999984741211,3984.0
2024-08-21 13:38:00,SSRM,5.369999885559082,5.369999885559082,5.369999885559082,5.369999885559082,5.369999885559082,732.0
2024-08-21 13:38:00,STLD,117.80999755859375,117.80999755859375,117.80999755859375,117.76499938964844,117.76499938964844,1654.0
2024-08-21 13:39:00,GEVO,0.762499988079071,0.762499988079071,0.762499988079071,0.762499988079071,0.762499988079071,221.0
2024-08-21 13:39:00,GPRE,13.859999656677246,13.859999656677246,13.859999656677246,13.859999656677246,13.859999656677246,261.0
2024-08-21 13:39:00,GSM,4.40500020980835,4.40500020980835,4.40500020980835,4.40500020980835,4.40500020980835,410.0
2024-08-21 13:39:00,HDSN,8.069999694824219,8.069999694824219,8.069999694824219,8.069999694824219,8.069999694824219,200.0
2024-08-21 13:39:00,IOSP,110.87999725341797,110.87999725341797,110.87999725341797,110.87999725341797,110.87999725341797,167.0
2024-08-21 13:39:00,LWLG,2.6700000762939453,2.6700000762939453,2.6700000762939453,2.6700000762939453,2.6700000762939453,105.0
2024-08-21 13:39:00,PAAS,21.434999465942383,21.434999465942383,21.450000762939453,21.434999465942383,21.450000762939453,1107.0
2024-08-21 13:39:00,PLL,9.020000457763672,9.020000457763672,9.020000457763672,9.020000457763672,9.020000457763672,81.0
2024-08-21 13:39:00,SGML,11.180000305175781,11.180000305175781,11.1899995803833,11.180000305175781,11.180000305175781,2006.0
2024-08-21 13:39:00,SSRM,5.369999885559082,5.369999885559082,5.380000114440918,5.369999885559082,5.375,6436.0
2024-08-21 13:39:00,STLD,117.84500122070312,117.84500122070312,117.88999938964844,117.80999755859375,117.80999755859375,8100.0
2024-08-21 13:39:00,TMC,1.0750000476837158,1.0750000476837158,1.0750000476837158,1.070099949836731,1.070099949836731,2179.0
2024-08-21 13:40:00,ASTL,9.649999618530273,9.649999618530273,9.664999961853027,9.649999618530273,9.664999961853027,3213.0
2024-08-21 13:40:00,BIOX,10.114999771118164,10.114999771118164,10.114999771118164,10.093999862670898,10.093999862670898,972.0
2024-08-21 13:40:00,GEVO,0.7626000046730042,0.7626000046730042,0.7626000046730042,0.7626000046730042,0.7626000046730042,7091.0
2024-08-21 13:40:00,GPRE,13.850000381469727,13.850000381469727,13.850000381469727,13.850000381469727,13.850000381469727,139.0
2024-08-21 13:40:00,GSM,4.40500020980835,4.40500020980835,4.40500020980835,4.400000095367432,4.40500020980835,1611.0
2024-08-21 13:40:00,HDSN,8.0600004196167,8.0600004196167,8.0600004196167,8.0600004196167,8.0600004196167,111.0
2024-08-21 13:40:00,HYMC,2.440000057220459,2.440000057220459,2.440000057220459,2.440000057220459,2.440000057220459,340.0
2024-08-21 13:40:00,HYMCL,0.02800000086426735,0.02800000086426735,0.02800000086426735,0.02800000086426735,0.02800000086426735,8249.0
2024-08-21 13:40:00,LGO,1.940000057220459,1.940000057220459,1.940000057220459,1.940000057220459,1.940000057220459,5023.0
2024-08-21 13:40:00,LITM,0.44999998807907104,0.44999998807907104,0.44999998807907104,0.44999998807907104,0.44999998807907104,220.0
2024-08-21 13:40:00,LWLG,2.6700000762939453,2.6700000762939453,2.6700000762939453,2.6700000762939453,2.6700000762939453,209.0
2024-08-21 13:40:00,ORGN,1.4450000524520874,1.4450000524520874,1.4450000524520874,1.4450000524520874,1.4450000524520874,393.0
2024-08-21 13:40:00,PAAS,21.440000534057617,21.440000534057617,21.440000534057617,21.432600021362305,21.432600021362305,760.0
2024-08-21 13:40:00,PLL,9.022100448608398,9.022100448608398,9.022100448608398,9.022100448608398,9.022100448608398,234.0
2024-08-21 13:40:00,PPTA,8.739999771118164,8.739999771118164,8.739999771118164,8.739999771118164,8.739999771118164,534.0
2024-08-21 13:40:00,SGML,11.1850004196167,11.1850004196167,11.1850004196167,11.1850004196167,11.1850004196167,200.0
2024-08-21 13:40:00,SSRM,5.369999885559082,5.369999885559082,5.369999885559082,5.369999885559082,5.369999885559082,203.0
2024-08-21 13:40:00,STLD,117.8550033569336,117.8550033569336,117.8550033569336,117.8499984741211,117.8499984741211,575.0
2024-08-21 13:41:00,AREC,0.5403000116348267,0.5403000116348267,0.5403000116348267,0.5403000116348267,0.5403000116348267,973.0
2024-08-21 13:41:00,ASTL,9.630000114440918,9.630000114440918,9.640000343322754,9.630000114440918,9.640000343322754,3282.0
2024-08-21 13:41:00,CENX,14.529999732971191,14.529999732971191,14.529999732971191,14.529999732971191,14.529999732971191,368.0
2024-08-21 13:41:00,GEVO,0.7638000249862671,0.7638000249862671,0.7638000249862671,0.7638000249862671,0.7638000249862671,300.0
2024-08-21 13:41:00,GPRE,13.850000381469727,13.850000381469727,13.850000381469727,13.850000381469727,13.850000381469727,305.0
2024-08-21 13:41:00,GSM,4.400000095367432,4.400000095367432,4.400000095367432,4.400000095367432,4.400000095367432,425.0
2024-08-21 13:41:00,MEOH,44.599998474121094,44.599998474121094,44.599998474121094,44.599998474121094,44.599998474121094,811.0
2024-08-21 13:41:00,PAAS,21.40999984741211,21.40999984741211,21.434999465942383,21.40999984741211,21.434999465942383,2465.0
2024-08-21 13:41:00,PLL,9.039999961853027,9.039999961853027,9.039999961853027,9.020000457763672,9.020000457763672,1408.0
2024-08-21 13:41:00,RGLD,140.11500549316406,140.11500549316406,140.11500549316406,140.02999877929688,140.02999877929688,785.0
2024-08-21 13:41:00,SGML,11.199999809265137,11.199999809265137,11.199999809265137,11.180000305175781,11.180000305175781,261.0
2024-08-21 13:41:00,SMID,31.899999618530273,31.899999618530273,31.899999618530273,31.899999618530273,31.899999618530273,1588.0
2024-08-21 13:41:00,SSRM,5.364999771118164,5.364999771118164,5.380000114440918,5.364999771118164,5.375,5847.0
2024-08-21 13:41:00,STLD,117.8550033569336,117.8550033569336,117.8550033569336,117.8550033569336,117.8550033569336,298.0
2024-08-21 13:41:00,TMC,1.070099949836731,1.070099949836731,1.070099949836731,1.070099949836731,1.070099949836731,1102.0
2024-08-21 13:42:00,ALTO,1.434999942779541,1.434999942779541,1.434999942779541,1.434999942779541,1.434999942779541,137.0
2024-08-21 13:42:00,ASTL,9.630000114440918,9.630000114440918,9.630000114440918,9.630000114440918,9.630000114440918,626.0
2024-08-21 13:42:00,CENX,14.520000457763672,14.520000457763672,14.520000457763672,14.520000457763672,14.520000457763672,763.0
2024-08-21 13:42:00,GPRE,13.84000015258789,13.84000015258789,13.850000381469727,13.84000015258789,13.850000381469727,2511.0
2024-08-21 13:42:00,GSM,4.400000095367432,4.400000095367432,4.400000095367432,4.400000095367432,4.400000095367432,109.0
2024-08-21 13:42:00,HDSN,8.0600004196167,8.0600004196167,8.0600004196167,8.055000305175781,8.055000305175781,1194.0
2024-08-21 13:42:00,HYMC,2.400099992752075,2.400099992752075,2.4149999618530273,2.400099992752075,2.4001998901367188,3018.0
2024-08-21 13:42:00,LWLG,2.6700000762939453,2.6700000762939453,2.6700000762939453,2.6700000762939453,2.6700000762939453,1531.0
2024-08-21 13:42:00,MERC,6.329999923706055,6.329999923706055,6.329999923706055,6.329999923706055,6.329999923706055,518.0
2024-08-21 13:42:00,METC,12.069999694824219,12.069999694824219,12.069999694824219,12.069999694824219,12.069999694824219,387.0
2024-08-21 13:42:00,ORGN,1.4450000524520874,1.4450000524520874,1.4450000524520874,1.440000057220459,1.440000057220459,15654.0
2024-08-21 13:42:00,PAAS,21.39349937438965,21.39349937438965,21.405000686645508,21.3799991607666,21.399999618530273,7413.0
2024-08-21 13:42:00,PLL,9.051799774169922,9.051799774169922,9.059300422668457,9.050000190734863,9.050000190734863,602.0
2024-08-21 13:42:00,SGML,11.180000305175781,11.180000305175781,11.1899995803833,11.180000305175781,11.1899995803833,956.0
2024-08-21 13:42:00,SSRM,5.385000228881836,5.385000228881836,5.385000228881836,5.360000133514404,5.364999771118164,29361.0
2024-08-21 13:42:00,STLD,117.77999877929688,117.77999877929688,117.80999755859375,117.77999877929688,117.80999755859375,2476.0
2024-08-21 13:42:00,TMC,1.0700000524520874,1.0700000524520874,1.0700000524520874,1.0700000524520874,1.0700000524520874,251.0
2024-08-21 13:42:00,UFPI,120.3499984741211,120.3499984741211,120.3499984741211,120.3499984741211,120.3499984741211,462.0
2024-08-21 13:43:00,CENX,14.529999732971191,14.529999732971191,14.529999732971191,14.5,14.510000228881836,6341.0
2024-08-21 13:43:00,GEVO,0.7608000040054321,0.7608000040054321,0.7608000040054321,0.7608000040054321,0.7608000040054321,1367.0
2024-08-21 13:43:00,GPRE,13.850000381469727,13.850000381469727,13.850000381469727,13.84000015258789,13.84000015258789,806.0
2024-08-21 13:43:00,GSM,4.400000095367432,4.400000095367432,4.400000095367432,4.400000095367432,4.400000095367432,424.0
2024-08-21 13:43:00,HDSN,8.050000190734863,8.050000190734863,8.069999694824219,8.050000190734863,8.069999694824219,1864.0
2024-08-21 13:43:00,HYMC,2.4000000953674316,2.4000000953674316,2.4010000228881836,2.4000000953674316,2.4000000953674316,10562.0
2024-08-21 13:43:00,IOSP,110.86499786376953,110.86499786376953,110.86499786376953,110.86499786376953,110.86499786376953,117.0
2024-08-21 13:43:00,LGO,1.9200999736785889,1.9200999736785889,1.9200999736785889,1.9199999570846558,1.9199999570846558,8306.0
2024-08-21 13:43:00,MEOH,44.54999923706055,44.54999923706055,44.56999969482422,44.54999923706055,44.56999969482422,1777.0
2024-08-21 13:43:00,MERC,6.329999923706055,6.329999923706055,6.329999923706055,6.320000171661377,6.320000171661377,1937.0
2024-08-21 13:43:00,ORGN,1.4450000524520874,1.4450000524520874,1.4450000524520874,1.4450000524520874,1.4450000524520874,289.0
2024-08-21 13:43:00,PAAS,21.395000457763672,21.395000457763672,21.405000686645508,21.395000457763672,21.395000457763672,1773.0
2024-08-21 13:43:00,PLL,9.069999694824219,9.069999694824219,9.069999694824219,9.0600004196167,9.0600004196167,1212.0
2024-08-21 13:43:00,RGLD,140.0800018310547,140.0800018310547,140.0800018310547,140.0800018310547,140.0800018310547,710.0
2024-08-21 13:43:00,SGML,11.220000267028809,11.220000267028809,11.220000267028809,11.1899995803833,11.1899995803833,2833.0
2024-08-21 13:43:00,SSRM,5.380000114440918,5.380000114440918,5.385000228881836,5.380000114440918,5.385000228881836,872.0
2024-08-21 13:43:00,STLD,117.79000091552734,117.79000091552734,117.83999633789062,117.79000091552734,117.81999969482422,1347.0
2024-08-21 13:44:00,AREC,0.5403000116348267,0.5403000116348267,0.5403000116348267,0.5403000116348267,0.5403000116348267,2000.0
2024-08-21 13:44:00,ASTL,9.630000114440918,9.630000114440918,9.630000114440918,9.630000114440918,9.630000114440918,1807.0
2024-08-21 13:44:00,GEVO,0.7638999819755554,0.7638999819755554,0.7648000121116638,0.7638999819755554,0.7648000121116638,653.0
2024-08-21 13:44:00,GSM,4.400000095367432,4.400000095367432,4.400000095367432,4.400000095367432,4.400000095367432,406.0
2024-08-21 13:44:00,HDSN,8.050000190734863,8.050000190734863,8.050000190734863,8.050000190734863,8.050000190734863,620.0
2024-08-21 13:44:00,LWLG,2.6700000762939453,2.6700000762939453,2.6700000762939453,2.6700000762939453,2.6700000762939453,223.0
2024-08-21 13:44:00,METC,12.050000190734863,12.050000190734863,12.079999923706055,12.050000190734863,12.069999694824219,3637.0
2024-08-21 13:44:00,ORGN,1.4400999546051025,1.4400999546051025,1.4400999546051025,1.4400999546051025,1.4400999546051025,430.0
2024-08-21 13:44:00,PAAS,21.40999984741211,21.40999984741211,21.40999984741211,21.399999618530273,21.399999618530273,2223.0
2024-08-21 13:44:00,PLL,9.050000190734863,9.050000190734863,9.050000190734863,9.050000190734863,9.050000190734863,184.0
2024-08-21 13:44:00,PPTA,8.744999885559082,8.744999885559082,8.744999885559082,8.744999885559082,8.744999885559082,1518.0
2024-08-21 13:44:00,RGLD,140.13999938964844,140.13999938964844,140.13999938964844,140.13999938964844,140.13999938964844,338.0
2024-08-21 13:44:00,SGML,11.239999771118164,11.239999771118164,11.239999771118164,11.210000038146973,11.210000038146973,6241.0
2024-08-21 13:44:00,SSRM,5.375,5.375,5.380000114440918,5.375,5.380000114440918,1550.0
2024-08-21 13:44:00,STLD,117.86000061035156,117.86000061035156,117.86000061035156,117.81999969482422,117.8499984741211,1252.0
2024-08-21 13:44:00,TMC,1.0750000476837158,1.0750000476837158,1.0750000476837158,1.0750000476837158,1.0750000476837158,336.0
2024-08-21 13:44:00,USAP,39.869998931884766,39.869998931884766,39.90999984741211,39.83000183105469,39.83000183105469,1789.0
2024-08-21 13:45:00,ASTL,9.640000343322754,9.640000343322754,9.640000343322754,9.635000228881836,9.635000228881836,875.0
2024-08-21 13:45:00,CENX,14.520000457763672,14.520000457763672,14.520000457763672,14.520000457763672,14.520000457763672,1256.0
2024-08-21 13:45:00,GEVO,0.763700008392334,0.763700008392334,0.763700008392334,0.7613999843597412,0.7613999843597412,401.0
2024-08-21 13:45:00,GPRE,13.850000381469727,13.850000381469727,13.854999542236328,13.850000381469727,13.850000381469727,1277.0
2024-08-21 13:45:00,GSM,4.400000095367432,4.400000095367432,4.40500020980835,4.400000095367432,4.400000095367432,2255.0
2024-08-21 13:45:00,HYMC,2.4021999835968018,2.4021999835968018,2.4021999835968018,2.4021999835968018,2.4021999835968018,184.0
2024-08-21 13:45:00,IOSP,110.90499877929688,110.90499877929688,110.9800033569336,110.90499877929688,110.9800033569336,547.0
2024-08-21 13:45:00,MEOH,44.61000061035156,44.61000061035156,44.61000061035156,44.54999923706055,44.54999923706055,3033.0
2024-08-21 13:45:00,PAAS,21.399999618530273,21.399999618530273,21.40999984741211,21.39459991455078,21.399999618530273,3571.0
2024-08-21 13:45:00,PLL,9.0600004196167,9.0600004196167,9.0600004196167,9.0600004196167,9.0600004196167,729.0
2024-08-21 13:45:00,PPTA,8.744999885559082,8.744999885559082,8.744999885559082,8.744999885559082,8.744999885559082,423.0
2024-08-21 13:45:00,RGLD,140.05999755859375,140.05999755859375,140.05999755859375,140.05999755859375,140.05999755859375,200.0
2024-08-21 13:45:00,SGML,11.229999542236328,11.229999542236328,11.232500076293945,11.220000267028809,11.229999542236328,2724.0
2024-08-21 13:45:00,SSRM,5.375,5.375,5.375,5.375,5.375,133.0
2024-08-21 13:45:00,STLD,117.8949966430664,117.8949966430664,117.9000015258789,117.87999725341797,117.88999938964844,1705.0
2024-08-21 13:45:00,UFPI,120.20999908447266,120.20999908447266,120.20999908447266,120.20999908447266,120.20999908447266,1374.0
2024-08-21 13:45:00,USAP,39.83000183105469,39.83000183105469,39.83000183105469,39.83000183105469,39.83000183105469,260.0
2024-08-21 13:46:00,ASTL,9.640000343322754,9.640000343322754,9.640000343322754,9.640000343322754,9.640000343322754,1175.0
2024-08-21 13:46:00,CRKN,1.7999000549316406,1.7999000549316406,1.7999999523162842,1.7899999618530273,1.7899999618530273,9934.0
2024-08-21 13:46:00,GEVO,0.7623000144958496,0.7623000144958496,0.7623000144958496,0.7623000144958496,0.7623000144958496,390.0
2024-08-21 13:46:00,GSM,4.400000095367432,4.400000095367432,4.400000095367432,4.400000095367432,4.400000095367432,400.0
2024-08-21 13:46:00,LWLG,2.684999942779541,2.684999942779541,2.684999942779541,2.6700000762939453,2.6700000762939453,7735.0
2024-08-21 13:46:00,METC,12.050000190734863,12.050000190734863,12.050000190734863,12.050000190734863,12.050000190734863,226.0
2024-08-21 13:46:00,ORGN,1.440000057220459,1.440000057220459,1.440000057220459,1.440000057220459,1.440000057220459,400.0
2024-08-21 13:46:00,PAAS,21.43000030517578,21.43000030517578,21.43000030517578,21.40999984741211,21.40999984741211,3507.0
2024-08-21 13:46:00,PLL,9.09000015258789,9.09000015258789,9.09000015258789,9.069999694824219,9.069999694824219,3207.0
2024-08-21 13:46:00,PPTA,8.755000114440918,8.755000114440918,8.755000114440918,8.75,8.75,1396.0
2024-08-21 13:46:00,RGLD,140.18499755859375,140.18499755859375,140.18499755859375,140.18499755859375,140.18499755859375,177.0
2024-08-21 13:46:00,SGML,11.234999656677246,11.234999656677246,11.234999656677246,11.234999656677246,11.234999656677246,555.0
2024-08-21 13:46:00,SSRM,5.375,5.375,5.380000114440918,5.375,5.375,4459.0
2024-08-21 13:46:00,STLD,118.0,118.0,118.0199966430664,117.91999816894531,117.94999694824219,5509.0
2024-08-21 13:46:00,TMC,1.0789999961853027,1.0789999961853027,1.0789999961853027,1.0750000476837158,1.076799988746643,4935.0
2024-08-21 13:47:00,ALTO,1.4342000484466553,1.4342000484466553,1.434999942779541,1.4342000484466553,1.434999942779541,888.0
2024-08-21 13:47:00,ASTL,9.640000343322754,9.640000343322754,9.640000343322754,9.640000343322754,9.640000343322754,146.0
2024-08-21 13:47:00,CENX,14.51099967956543,14.51099967956543,14.529999732971191,14.51099967956543,14.529999732971191,968.0
2024-08-21 13:47:00,GEVO,0.7631000280380249,0.7631000280380249,0.7631000280380249,0.7631000280380249,0.7631000280380249,500.0
2024-08-21 13:47:00,GPRE,13.850000381469727,13.850000381469727,13.850000381469727,13.850000381469727,13.850000381469727,468.0
2024-08-21 13:47:00,GSM,4.400000095367432,4.400000095367432,4.40500020980835,4.400000095367432,4.40500020980835,1140.0
2024-08-21 13:47:00,HWKN,121.87999725341797,121.87999725341797,122.19000244140625,121.87999725341797,122.19000244140625,526.0
2024-08-21 13:47:00,IOSP,111.06999969482422,111.06999969482422,111.06999969482422,111.06999969482422,111.06999969482422,387.0
2024-08-21 13:47:00,LWLG,2.680000066757202,2.680000066757202,2.680000066757202,2.674999952316284,2.680000066757202,3898.0
2024-08-21 13:47:00,MEOH,44.63819885253906,44.63819885253906,44.64950180053711,44.63819885253906,44.64950180053711,320.0
2024-08-21 13:47:00,METC,12.069999694824219,12.069999694824219,12.069999694824219,12.069999694824219,12.069999694824219,296.0
2024-08-21 13:47:00,PAAS,21.440000534057617,21.440000534057617,21.44499969482422,21.43000030517578,21.43000030517578,3824.0
2024-08-21 13:47:00,PLL,9.100000381469727,9.100000381469727,9.100000381469727,9.09000015258789,9.09000015258789,4434.0
2024-08-21 13:47:00,PPTA,8.755000114440918,8.755000114440918,8.755000114440918,8.755000114440918,8.755000114440918,294.0
2024-08-21 13:47:00,RGLD,140.14999389648438,140.14999389648438,140.14999389648438,140.14999389648438,140.14999389648438,617.0
2024-08-21 13:47:00,SGML,11.239999771118164,11.239999771118164,11.239999771118164,11.228699684143066,11.228699684143066,1666.0
2024-08-21 13:47:00,SSRM,5.385000228881836,5.385000228881836,5.385000228881836,5.375,5.380000114440918,7981.0
2024-08-21 13:47:00,STLD,118.03500366210938,118.03500366210938,118.03500366210938,118.02999877929688,118.02999877929688,272.0
2024-08-21 13:47:00,USLM,78.52999877929688,78.52999877929688,78.52999877929688,78.52999877929688,78.52999877929688,432.0
2024-08-21 13:48:00,ALTO,1.440000057220459,1.440000057220459,1.440000057220459,1.440000057220459,1.440000057220459,1726.0
2024-08-21 13:48:00,AREC,0.5403000116348267,0.5403000116348267,0.5403000116348267,0.5403000116348267,0.5403000116348267,0.0
2024-08-21 13:48:00,ASTL,9.640000343322754,9.640000343322754,9.640000343322754,9.640000343322754,9.640000343322754,1379.0
2024-08-21 13:48:00,ELBM,0.5067999958992004,0.5067999958992004,0.5067999958992004,0.5067999958992004,0.5067999958992004,580.0
2024-08-21 13:48:00,GEVO,0.7634999752044678,0.7634999752044678,0.7634999752044678,0.7634999752044678,0.7634999752044678,200.0
2024-08-21 13:48:00,GPRE,13.890000343322754,13.890000343322754,13.890000343322754,13.869999885559082,13.869999885559082,728.0
2024-08-21 13:48:00,GSM,4.400000095367432,4.400000095367432,4.40500020980835,4.400000095367432,4.400000095367432,1305.0
2024-08-21 13:48:00,IOSP,110.98999786376953,110.98999786376953,110.98999786376953,110.98999786376953,110.98999786376953,583.0
2024-08-21 13:48:00,IPX,15.390000343322754,15.390000343322754,15.390000343322754,15.390000343322754,15.390000343322754,177.0
2024-08-21 13:48:00,KALU,71.2300033569336,71.2300033569336,71.2300033569336,71.16999816894531,71.16999816894531,2472.0
2024-08-21 13:48:00,LITM,0.45899999141693115,0.45899999141693115,0.45899999141693115,0.45899999141693115,0.45899999141693115,3732.0
2024-08-21 13:48:00,LWLG,2.680000066757202,2.680000066757202,2.680000066757202,2.680000066757202,2.680000066757202,1389.0
2024-08-21 13:48:00,MEOH,44.65999984741211,44.65999984741211,44.65999984741211,44.65999984741211,44.65999984741211,462.0
2024-08-21 13:48:00,ORGN,1.4450000524520874,1.4450000524520874,1.4450000524520874,1.4400999546051025,1.440500020980835,3839.0
2024-08-21 13:48:00,PAAS,21.451499938964844,21.451499938964844,21.451499938964844,21.450000762939453,21.450000762939453,1584.0
2024-08-21 13:48:00,PLL,9.125,9.125,9.125,9.109999656677246,9.109999656677246,3538.0
2024-08-21 13:48:00,SGML,11.234999656677246,11.234999656677246,11.239999771118164,11.234999656677246,11.239999771118164,963.0
2024-08-21 13:48:00,SMID,31.700000762939453,31.700000762939453,31.700000762939453,31.700000762939453,31.700000762939453,373.0
2024-08-21 13:48:00,SSRM,5.394999980926514,5.394999980926514,5.394999980926514,5.389999866485596,5.389999866485596,2457.0
2024-08-21 13:48:00,STLD,118.0875015258789,118.0875015258789,118.0875015258789,117.9916000366211,118.04000091552734,926.0
2024-08-21 13:48:00,USAP,39.834999084472656,39.834999084472656,39.834999084472656,39.834999084472656,39.834999084472656,648.0
2024-08-21 13:48:00,USAU,5.470099925994873,5.470099925994873,5.470099925994873,5.470099925994873,5.470099925994873,268.0
2024-08-21 13:49:00,ALTO,1.434999942779541,1.434999942779541,1.434999942779541,1.434999942779541,1.434999942779541,105.0
2024-08-21 13:49:00,CENX,14.520000457763672,14.520000457763672,14.520000457763672,14.520000457763672,14.520000457763672,462.0
2024-08-21 13:49:00,GEVO,0.7621999979019165,0.7621999979019165,0.7621999979019165,0.7621999979019165,0.7621999979019165,101.0
2024-08-21 13:49:00,GPRE,13.890000343322754,13.890000343322754,13.890000343322754,13.890000343322754,13.890000343322754,218.0
2024-08-21 13:49:00,GSM,4.400000095367432,4.400000095367432,4.40500020980835,4.400000095367432,4.400000095367432,2208.0
2024-08-21 13:49:00,HWKN,122.27999877929688,122.27999877929688,122.27999877929688,122.27999877929688,122.27999877929688,432.0
2024-08-21 13:49:00,MERC,6.340000152587891,6.340000152587891,6.340000152587891,6.329999923706055,6.329999923706055,1500.0
2024-08-21 13:49:00,METC,12.09000015258789,12.09000015258789,12.09000015258789,12.074999809265137,12.074999809265137,446.0
2024-08-21 13:49:00,ORGN,1.4491000175476074,1.4491000175476074,1.4500000476837158,1.4450000524520874,1.4450000524520874,677.0
2024-08-21 13:49:00,PAAS,21.44499969482422,21.44499969482422,21.450000762939453,21.440000534057617,21.450000762939453,5602.0
2024-08-21 13:49:00,PLL,9.118300437927246,9.118300437927246,9.119999885559082,9.109999656677246,9.109999656677246,1570.0
2024-08-21 13:49:00,RGLD,140.22500610351562,140.22500610351562,140.22500610351562,140.22500610351562,140.22500610351562,310.0
2024-08-21 13:49:00,SGML,11.25,11.25,11.25,11.234999656677246,11.234999656677246,213.0
2024-08-21 13:49:00,SSRM,5.394999980926514,5.394999980926514,5.394999980926514,5.389999866485596,5.394999980926514,737.0
2024-08-21 13:49:00,STLD,118.08999633789062,118.08999633789062,118.08999633789062,117.98999786376953,117.98999786376953,625.0
2024-08-21 13:50:00,ASTL,9.65999984741211,9.65999984741211,9.65999984741211,9.640000343322754,9.640000343322754,1033.0
2024-08-21 13:50:00,CENX,14.529999732971191,14.529999732971191,14.539999961853027,14.529999732971191,14.529999732971191,4519.0
2024-08-21 13:50:00,ELBM,0.5009999871253967,0.5009999871253967,0.5009999871253967,0.5009999871253967,0.5009999871253967,0.0
2024-08-21 13:50:00,GEVO,0.761900007724762,0.761900007724762,0.7627999782562256,0.761900007724762,0.7627000212669373,965.0
2024-08-21 13:50:00,GPRE,13.899999618530273,13.899999618530273,13.904999732971191,13.899999618530273,13.904999732971191,544.0
2024-08-21 13:50:00,GSM,4.400000095367432,4.400000095367432,4.40500020980835,4.400000095367432,4.40500020980835,3093.0
2024-08-21 13:50:00,HDSN,8.079999923706055,8.079999923706055,8.09000015258789,8.0600004196167,8.0600004196167,2936.0
2024-08-21 13:50:00,LWLG,2.690000057220459,2.690000057220459,2.690000057220459,2.690000057220459,2.690000057220459,1826.0
2024-08-21 13:50:00,METC,12.0600004196167,12.0600004196167,12.074999809265137,12.0600004196167,12.074999809265137,1212.0
2024-08-21 13:50:00,ORGN,1.4800000190734863,1.4800000190734863,1.4900000095367432,1.4500000476837158,1.4500000476837158,19164.0
2024-08-21 13:50:00,PAAS,21.440000534057617,21.440000534057617,21.44499969482422,21.434999465942383,21.440000534057617,3479.0
2024-08-21 13:50:00,PLL,9.189499855041504,9.189499855041504,9.189499855041504,9.145000457763672,9.149999618530273,5034.0
2024-08-21 13:50:00,RGLD,140.27999877929688,140.27999877929688,140.27999877929688,140.27999877929688,140.27999877929688,1044.0
2024-08-21 13:50:00,SGML,11.220000267028809,11.220000267028809,11.260000228881836,11.220000267028809,11.25,6628.0
2024-08-21 13:50:00,SSRM,5.40500020980835,5.40500020980835,5.40500020980835,5.400000095367432,5.400000095367432,2767.0
2024-08-21 13:50:00,STLD,118.06500244140625,118.06500244140625,118.06999969482422,118.0199966430664,118.05500030517578,1313.0
2024-08-21 13:50:00,USLM,78.58000183105469,78.58000183105469,78.83000183105469,78.58000183105469,78.83000183105469,418.0
2024-08-21 13:50:00,ZEUS,41.41999816894531,41.41999816894531,41.41999816894531,41.41999816894531,41.41999816894531,532.0
2024-08-21 13:51:00,CENX,14.520000457763672,14.520000457763672,14.520000457763672,14.520000457763672,14.520000457763672,739.0
2024-08-21 13:51:00,CRKN,1.7899999618530273,1.7899999618530273,1.7899999618530273,1.7899999618530273,1.7899999618530273,627.0
2024-08-21 13:51:00,GEVO,0.761900007724762,0.761900007724762,0.7620000243186951,0.761900007724762,0.7620000243186951,438.0
2024-08-21 13:51:00,GSM,4.400000095367432,4.400000095367432,4.400000095367432,4.400000095367432,4.400000095367432,300.0
2024-08-21 13:51:00,HDSN,8.079999923706055,8.079999923706055,8.079999923706055,8.079999923706055,8.079999923706055,223.0
2024-08-21 13:51:00,LWLG,2.700000047683716,2.700000047683716,2.700000047683716,2.700000047683716,2.700000047683716,1039.0
2024-08-21 13:51:00,METC,12.050000190734863,12.050000190734863,12.0600004196167,12.039999961853027,12.050000190734863,2419.0
2024-08-21 13:51:00,ORGN,1.4800000190734863,1.4800000190734863,1.4852999448776245,1.4800000190734863,1.4850000143051147,4260.0
2024-08-21 13:51:00,PAAS,21.43000030517578,21.43000030517578,21.43000030517578,21.43000030517578,21.43000030517578,797.0
2024-08-21 13:51:00,PLL,9.130000114440918,9.130000114440918,9.170000076293945,9.09000015258789,9.170000076293945,3653.0
2024-08-21 13:51:00,PPTA,8.75,8.75,8.75,8.75,8.75,628.0
2024-08-21 13:51:00,RETO,0.9624999761581421,0.9624999761581421,0.9624999761581421,0.9624999761581421,0.9624999761581421,110.0
2024-08-21 13:51:00,SGML,11.244999885559082,11.244999885559082,11.244999885559082,11.239999771118164,11.239999771118164,3225.0
2024-08-21 13:51:00,STLD,118.06500244140625,118.06500244140625,118.06749725341797,118.02100372314453,118.06500244140625,1281.0
2024-08-21 13:51:00,TMC,1.0750000476837158,1.0750000476837158,1.0800000429153442,1.0750000476837158,1.0800000429153442,3400.0
2024-08-21 13:52:00,ALTO,1.434999942779541,1.434999942779541,1.434999942779541,1.434999942779541,1.434999942779541,218.0
2024-08-21 13:52:00,ASTL,9.670000076293945,9.670000076293945,9.670000076293945,9.670000076293945,9.670000076293945,248.0
2024-08-21 13:52:00,GEVO,0.761900007724762,0.761900007724762,0.761900007724762,0.761900007724762,0.761900007724762,1009.0
2024-08-21 13:52:00,GPRE,13.90999984741211,13.90999984741211,13.90999984741211,13.90999984741211,13.90999984741211,132.0
2024-08-21 13:52:00,GSM,4.400000095367432,4.400000095367432,4.400000095367432,4.400000095367432,4.400000095367432,392.0
2024-08-21 13:52:00,HDSN,8.079999923706055,8.079999923706055,8.079999923706055,8.069999694824219,8.079999923706055,2955.0
2024-08-21 13:52:00,HYMC,2.4200000762939453,2.4200000762939453,2.4200000762939453,2.4200000762939453,2.4200000762939453,440.0
2024-08-21 13:52:00,METC,12.050000190734863,12.050000190734863,12.050000190734863,12.050000190734863,12.050000190734863,252.0
2024-08-21 13:52:00,ORGN,1.4700000286102295,1.4700000286102295,1.4800000190734863,1.4700000286102295,1.4800000190734863,2447.0
2024-08-21 13:52:00,PAAS,21.420000076293945,21.420000076293945,21.43000030517578,21.420000076293945,21.43000030517578,811.0
2024-08-21 13:52:00,PLL,9.109999656677246,9.109999656677246,9.109999656677246,9.109999656677246,9.109999656677246,215.0
2024-08-21 13:52:00,PPTA,8.75,8.75,8.75,8.75,8.75,565.0
2024-08-21 13:52:00,RETO,0.9599999785423279,0.9599999785423279,0.9599999785423279,0.9599999785423279,0.9599999785423279,121.0
2024-08-21 13:52:00,RGLD,140.0500030517578,140.0500030517578,140.0500030517578,140.0500030517578,140.0500030517578,131.0
2024-08-21 13:52:00,SGML,11.269700050354004,11.269700050354004,11.269700050354004,11.260000228881836,11.260000228881836,2777.0
2024-08-21 13:52:00,SSRM,5.394999980926514,5.394999980926514,5.400000095367432,5.394999980926514,5.400000095367432,1853.0
2024-08-21 13:52:00,STLD,118.08000183105469,118.08000183105469,118.08499908447266,118.02999877929688,118.05999755859375,6059.0
2024-08-21 13:52:00,TMC,1.0750000476837158,1.0750000476837158,1.0800000429153442,1.0750000476837158,1.0800000429153442,561.0
2024-08-21 13:53:00,ALTO,1.434999942779541,1.434999942779541,1.434999942779541,1.434999942779541,1.434999942779541,18.0
2024-08-21 13:53:00,ASTL,9.680000305175781,9.680000305175781,9.680000305175781,9.680000305175781,9.680000305175781,343.0
2024-08-21 13:53:00,CENX,14.524999618530273,14.524999618530273,14.524999618530273,14.524999618530273,14.524999618530273,1430.0
2024-08-21 13:53:00,GPRE,13.899999618530273,13.899999618530273,13.899999618530273,13.899999618530273,13.899999618530273,453.0
2024-08-21 13:53:00,GSM,4.40500020980835,4.40500020980835,4.40500020980835,4.40500020980835,4.40500020980835,1200.0
2024-08-21 13:53:00,GURE,1.1399999856948853,1.1399999856948853,1.149899959564209,1.1399999856948853,1.149899959564209,700.0
2024-08-21 13:53:00,HDSN,8.039999961853027,8.039999961853027,8.069999694824219,8.039999961853027,8.069999694824219,2736.0
2024-08-21 13:53:00,LWLG,2.7049999237060547,2.7049999237060547,2.7049999237060547,2.700000047683716,2.700000047683716,399.0
2024-08-21 13:53:00,ORGN,1.4700000286102295,1.4700000286102295,1.4799000024795532,1.4700000286102295,1.4700000286102295,1227.0
2024-08-21 13:53:00,PAAS,21.42490005493164,21.42490005493164,21.42490005493164,21.42490005493164,21.42490005493164,755.0
2024-08-21 13:53:00,PLL,9.109999656677246,9.109999656677246,9.109999656677246,9.109999656677246,9.109999656677246,229.0
2024-08-21 13:53:00,SGML,11.25,11.25,11.25,11.239999771118164,11.25,1472.0
2024-08-21 13:53:00,SSRM,5.394999980926514,5.394999980926514,5.394999980926514,5.394999980926514,5.394999980926514,4049.0
2024-08-21 13:53:00,STLD,118.05500030517578,118.05500030517578,118.12000274658203,118.05500030517578,118.08499908447266,5853.0
2024-08-21 13:53:00,TMC,1.0750000476837158,1.0750000476837158,1.0800000429153442,1.0750000476837158,1.0800000429153442,1160.0
2024-08-21 13:54:00,ALTO,1.434999942779541,1.434999942779541,1.434999942779541,1.434999942779541,1.434999942779541,1600.0
2024-08-21 13:54:00,ASTL,9.680000305175781,9.680000305175781,9.680000305175781,9.680000305175781,9.680000305175781,574.0
2024-08-21 13:54:00,CENX,14.510000228881836,14.510000228881836,14.510000228881836,14.510000228881836,14.510000228881836,306.0
2024-08-21 13:54:00,GEVO,0.7609999775886536,0.7609999775886536,0.761900007724762,0.7609999775886536,0.761900007724762,615.0
2024-08-21 13:54:00,GPRE,13.899999618530273,13.899999618530273,13.904999732971191,13.899999618530273,13.899999618530273,931.0
2024-08-21 13:54:00,GSM,4.400000095367432,4.400000095367432,4.40500020980835,4.400000095367432,4.400000095367432,370.0
2024-08-21 13:54:00,HWKN,122.3550033569336,122.3550033569336,122.3550033569336,122.25,122.25,1280.0
2024-08-21 13:54:00,LWLG,2.7049999237060547,2.7049999237060547,2.7049999237060547,2.7049999237060547,2.7049999237060547,4897.0
2024-08-21 13:54:00,MEOH,44.70000076293945,44.70000076293945,44.70000076293945,44.67499923706055,44.67499923706055,1176.0
2024-08-21 13:54:00,MERC,6.329999923706055,6.329999923706055,6.329999923706055,6.329999923706055,6.329999923706055,317.0
2024-08-21 13:54:00,METC,12.0600004196167,12.0600004196167,12.0600004196167,12.050000190734863,12.050000190734863,365.0
2024-08-21 13:54:00,PLL,9.109999656677246,9.109999656677246,9.140000343322754,9.109999656677246,9.130000114440918,1021.0
2024-08-21 13:54:00,RGLD,140.19000244140625,140.19000244140625,140.19000244140625,140.19000244140625,140.19000244140625,330.0
2024-08-21 13:54:00,SGML,11.25,11.25,11.25,11.25,11.25,394.0
2024-08-21 13:54:00,SSRM,5.39870023727417,5.39870023727417,5.399899959564209,5.394999980926514,5.399899959564209,1275.0
2024-08-21 13:54:00,STLD,117.98280334472656,117.98280334472656,118.05000305175781,117.97370147705078,118.02999877929688,2205.0
2024-08-21 13:54:00,TMC,1.0800000429153442,1.0800000429153442,1.0800000429153442,1.0800000429153442,1.0800000429153442,15751.0
2024-08-21 13:55:00,ALTO,1.434999942779541,1.434999942779541,1.434999942779541,1.434999942779541,1.434999942779541,0.0
2024-08-21 13:55:00,CENX,14.520000457763672,14.520000457763672,14.520000457763672,14.510000228881836,14.51099967956543,1282.0
2024-08-21 13:55:00,ELBM,0.5013999938964844,0.5013999938964844,0.5013999938964844,0.5013999938964844,0.5013999938964844,8913.0
2024-08-21 13:55:00,GPRE,13.899999618530273,13.899999618530273,13.899999618530273,13.899999618530273,13.899999618530273,181.0
2024-08-21 13:55:00,GSM,4.400000095367432,4.400000095367432,4.400000095367432,4.400000095367432,4.400000095367432,324.0
2024-08-21 13:55:00,HDSN,8.069999694824219,8.069999694824219,8.069999694824219,8.050000190734863,8.050000190734863,1713.0
2024-08-21 13:55:00,IOSP,111.1500015258789,111.1500015258789,111.1500015258789,111.1500015258789,111.1500015258789,444.0
2024-08-21 13:55:00,METC,12.050000190734863,12.050000190734863,12.0600004196167,12.050000190734863,12.0600004196167,622.0
2024-08-21 13:55:00,ORGN,1.465000033378601,1.465000033378601,1.465000033378601,1.465000033378601,1.465000033378601,191.0
2024-08-21 13:55:00,PAAS,21.44499969482422,21.44499969482422,21.450000762939453,21.440000534057617,21.440000534057617,413.0
2024-08-21 13:55:00,SGML,11.25,11.25,11.25,11.25,11.25,277.0
2024-08-21 13:55:00,SSRM,5.394999980926514,5.394999980926514,5.394999980926514,5.394999980926514,5.394999980926514,882.0
2024-08-21 13:55:00,STLD,117.97750091552734,117.97750091552734,117.97750091552734,117.93499755859375,117.9749984741211,921.0
2024-08-21 13:55:00,TMC,1.0800000429153442,1.0800000429153442,1.0800000429153442,1.0800000429153442,1.0800000429153442,248.0
2024-08-21 13:55:00,USAP,39.97999954223633,39.97999954223633,39.97999954223633,39.90999984741211,39.90999984741211,824.0
2024-08-21 13:56:00,CENX,14.460000038146973,14.460000038146973,14.510000228881836,14.460000038146973,14.510000228881836,2131.0
2024-08-21 13:56:00,GEVO,0.7609999775886536,0.7609999775886536,0.7609999775886536,0.7609999775886536,0.7609999775886536,200.0
2024-08-21 13:56:00,GPRE,13.890000343322754,13.890000343322754,13.899999618530273,13.890000343322754,13.899999618530273,2285.0
2024-08-21 13:56:00,GSM,4.400000095367432,4.400000095367432,4.40500020980835,4.400000095367432,4.40500020980835,1342.0
2024-08-21 13:56:00,HDSN,8.055999755859375,8.055999755859375,8.055999755859375,8.055999755859375,8.055999755859375,112.0
2024-08-21 13:56:00,LGO,1.909999966621399,1.909999966621399,1.909999966621399,1.909999966621399,1.909999966621399,360.0
2024-08-21 13:56:00,LWLG,2.700000047683716,2.700000047683716,2.7049999237060547,2.700000047683716,2.7049999237060547,300.0
2024-08-21 13:56:00,METC,12.0649995803833,12.0649995803833,12.0649995803833,12.050000190734863,12.050000190734863,1114.0
2024-08-21 13:56:00,PAAS,21.44499969482422,21.44499969482422,21.44499969482422,21.440000534057617,21.440000534057617,2737.0
2024-08-21 13:56:00,PLL,9.149999618530273,9.149999618530273,9.170000076293945,9.145000457763672,9.15999984741211,5487.0
2024-08-21 13:56:00,SGML,11.239999771118164,11.239999771118164,11.25,11.239999771118164,11.241999626159668,7838.0
2024-08-21 13:56:00,STLD,117.94999694824219,117.94999694824219,117.94999694824219,117.94999694824219,117.94999694824219,106.0
2024-08-21 13:57:00,CENX,14.45580005645752,14.45580005645752,14.470000267028809,14.45580005645752,14.470000267028809,3123.0
2024-08-21 13:57:00,FEAM,0.8519999980926514,0.8519999980926514,0.8637999892234802,0.8399999737739563,0.8637999892234802,2583.0
2024-08-21 13:57:00,GEVO,0.7609000205993652,0.7609000205993652,0.7609000205993652,0.7609000205993652,0.7609000205993652,181.0
2024-08-21 13:57:00,GPRE,13.890000343322754,13.890000343322754,13.899999618530273,13.890000343322754,13.890000343322754,970.0
2024-08-21 13:57:00,GSM,4.400000095367432,4.400000095367432,4.400000095367432,4.400000095367432,4.400000095367432,422.0
2024-08-21 13:57:00,HDSN,8.050000190734863,8.050000190734863,8.069999694824219,8.050000190734863,8.069999694824219,1376.0
2024-08-21 13:57:00,HWKN,122.55999755859375,122.55999755859375,122.55999755859375,122.55999755859375,122.55999755859375,204.0
2024-08-21 13:57:00,HYMC,2.4149999618530273,2.4149999618530273,2.4149999618530273,2.4149999618530273,2.4149999618530273,1213.0
2024-08-21 13:57:00,KALU,71.19999694824219,71.19999694824219,71.19999694824219,71.11000061035156,71.19999694824219,1015.0
2024-08-21 13:57:00,LWLG,2.7049999237060547,2.7049999237060547,2.7049999237060547,2.700000047683716,2.700000047683716,222.0
2024-08-21 13:57:00,MEOH,44.689998626708984,44.689998626708984,44.70949935913086,44.689998626708984,44.70949935913086,1009.0
2024-08-21 13:57:00,PAAS,21.440000534057617,21.440000534057617,21.440000534057617,21.434999465942383,21.440000534057617,2227.0
2024-08-21 13:57:00,PLL,9.154999732971191,9.154999732971191,9.154999732971191,9.154999732971191,9.154999732971191,0.0
2024-08-21 13:57:00,SGML,11.25,11.25,11.25,11.239999771118164,11.239999771118164,832.0
2024-08-21 13:57:00,SMID,31.729999542236328,31.729999542236328,31.729999542236328,31.729999542236328,31.729999542236328,205.0
2024-08-21 13:57:00,SSRM,5.394999980926514,5.394999980926514,5.394999980926514,5.389999866485596,5.389999866485596,692.0
2024-08-21 13:57:00,STLD,117.94000244140625,117.94000244140625,118.0199966430664,117.94000244140625,118.0199966430664,669.0
2024-08-21 13:57:00,TMC,1.0800000429153442,1.0800000429153442,1.0800000429153442,1.0800000429153442,1.0800000429153442,200.0
2024-08-21 13:58:00,ASTL,9.675000190734863,9.675000190734863,9.675000190734863,9.675000190734863,9.675000190734863,368.0
2024-08-21 13:58:00,CENX,14.440799713134766,14.440799713134766,14.456100463867188,14.440799713134766,14.449000358581543,2072.0
2024-08-21 13:58:00,GEVO,0.7609999775886536,0.7609999775886536,0.7627999782562256,0.7609999775886536,0.7627999782562256,1119.0
2024-08-21 13:58:00,GPRE,13.890000343322754,13.890000343322754,13.890000343322754,13.885000228881836,13.885000228881836,879.0
2024-08-21 13:58:00,GSM,4.400000095367432,4.400000095367432,4.400000095367432,4.400000095367432,4.400000095367432,262.0
2024-08-21 13:58:00,HDSN,8.050000190734863,8.050000190734863,8.0600004196167,8.050000190734863,8.0600004196167,378.0
2024-08-21 13:58:00,HUDI,2.180000066757202,2.180000066757202,2.180000066757202,2.180000066757202,2.180000066757202,303.0
2024-08-21 13:58:00,HWKN,122.26000213623047,122.26000213623047,122.26000213623047,122.26000213623047,122.26000213623047,206.0
2024-08-21 13:58:00,IOSP,111.20500183105469,111.20500183105469,111.20500183105469,111.20500183105469,111.20500183105469,126.0
2024-08-21 13:58:00,KALU,71.19999694824219,71.19999694824219,71.19999694824219,71.19999694824219,71.19999694824219,1187.0
2024-08-21 13:58:00,LWLG,2.7049999237060547,2.7049999237060547,2.70989990234375,2.7049999237060547,2.70989990234375,300.0
2024-08-21 13:58:00,MEOH,44.682498931884766,44.682498931884766,44.682498931884766,44.682498931884766,44.682498931884766,1220.0
2024-08-21 13:58:00,ORGN,1.4600000381469727,1.4600000381469727,1.4700000286102295,1.4600000381469727,1.4700000286102295,5316.0
2024-08-21 13:58:00,PAAS,21.430999755859375,21.430999755859375,21.440000534057617,21.430999755859375,21.440000534057617,1110.0
2024-08-21 13:58:00,PLL,9.140000343322754,9.140000343322754,9.140000343322754,9.140000343322754,9.140000343322754,135.0
2024-08-21 13:58:00,PPTA,8.760000228881836,8.760000228881836,8.760000228881836,8.760000228881836,8.760000228881836,1051.0
2024-08-21 13:58:00,RGLD,140.22500610351562,140.22500610351562,140.22500610351562,140.22500610351562,140.22500610351562,1020.0
2024-08-21 13:58:00,SGML,11.255000114440918,11.255000114440918,11.260000228881836,11.25,11.25,3204.0
2024-08-21 13:58:00,SSRM,5.394999980926514,5.394999980926514,5.394999980926514,5.389999866485596,5.389999866485596,717.0
2024-08-21 13:58:00,TMC,1.0750000476837158,1.0750000476837158,1.0750000476837158,1.0750000476837158,1.0750000476837158,150.0
2024-08-21 13:59:00,CENX,14.4399995803833,14.4399995803833,14.442000389099121,14.4399995803833,14.440999984741211,1144.0
2024-08-21 13:59:00,GEVO,0.7628999948501587,0.7628999948501587,0.7628999948501587,0.7609999775886536,0.7609999775886536,112.0
2024-08-21 13:59:00,GPRE,13.880000114440918,13.880000114440918,13.885000228881836,13.880000114440918,13.885000228881836,986.0
2024-08-21 13:59:00,GSM,4.400000095367432,4.400000095367432,4.40500020980835,4.400000095367432,4.40500020980835,719.0
2024-08-21 13:59:00,HDSN,8.0600004196167,8.0600004196167,8.0600004196167,8.0600004196167,8.0600004196167,425.0
2024-08-21 13:59:00,IOSP,111.26750183105469,111.26750183105469,111.26750183105469,111.26750183105469,111.26750183105469,243.0
2024-08-21 13:59:00,LWLG,2.7049999237060547,2.7049999237060547,2.7049999237060547,2.7049999237060547,2.7049999237060547,354.0
2024-08-21 13:59:00,METC,12.079999923706055,12.079999923706055,12.079999923706055,12.079999923706055,12.079999923706055,324.0
2024-08-21 13:59:00,ORGN,1.4700000286102295,1.4700000286102295,1.4700000286102295,1.4600000381469727,1.4600000381469727,8083.0
2024-08-21 13:59:00,PAAS,21.43000030517578,21.43000030517578,21.43000030517578,21.43000030517578,21.43000030517578,3564.0
2024-08-21 13:59:00,PLL,9.154999732971191,9.154999732971191,9.156000137329102,9.154999732971191,9.156000137329102,2358.0
2024-08-21 13:59:00,SGML,11.1850004196167,11.1850004196167,11.25,11.149999618530273,11.25,12783.0
2024-08-21 13:59:00,STLD,118.0199966430664,118.0199966430664,118.0199966430664,117.9749984741211,117.9749984741211,2199.0
2024-08-21 13:59:00,TMC,1.0740000009536743,1.0740000009536743,1.0800000429153442,1.0740000009536743,1.0800000429153442,2617.0
2024-08-21 13:59:00,USLM,78.56999969482422,78.56999969482422,78.56999969482422,78.56999969482422,78.56999969482422,169.0
2024-08-21 13:59:00,ZEUS,41.42499923706055,41.42499923706055,41.42499923706055,41.42499923706055,41.42499923706055,392.0
2024-08-21 14:00:00,BCPC,169.5,169.5,169.5,169.5,169.5,249.0
2024-08-21 14:00:00,CENX,14.447500228881836,14.447500228881836,14.449999809265137,14.4399995803833,14.4399995803833,3491.0
2024-08-21 14:00:00,GPRE,13.90999984741211,13.90999984741211,13.90999984741211,13.880000114440918,13.880000114440918,2409.0
2024-08-21 14:00:00,GSM,4.400000095367432,4.400000095367432,4.409999847412109,4.400000095367432,4.40500020980835,3935.0
2024-08-21 14:00:00,HDSN,8.0600004196167,8.0600004196167,8.069999694824219,8.0600004196167,8.0600004196167,1686.0
2024-08-21 14:00:00,KALU,71.38999938964844,71.38999938964844,71.38999938964844,71.26000213623047,71.30999755859375,664.0
2024-08-21 14:00:00,LWLG,2.7100000381469727,2.7100000381469727,2.7100000381469727,2.7100000381469727,2.7100000381469727,1817.0
2024-08-21 14:00:00,MERC,6.329999923706055,6.329999923706055,6.329999923706055,6.320000171661377,6.329999923706055,3817.0
2024-08-21 14:00:00,METC,12.095000267028809,12.095000267028809,12.100000381469727,12.09000015258789,12.100000381469727,1289.0
2024-08-21 14:00:00,ORGN,1.4700000286102295,1.4700000286102295,1.4700000286102295,1.4700000286102295,1.4700000286102295,836.0
2024-08-21 14:00:00,PAAS,21.489900588989258,21.489900588989258,21.5,21.439899444580078,21.440000534057617,11044.0
2024-08-21 14:00:00,PLL,9.15999984741211,9.15999984741211,9.15999984741211,9.15999984741211,9.15999984741211,1194.0
2024-08-21 14:00:00,PPTA,8.76550006866455,8.76550006866455,8.76550006866455,8.760000228881836,8.760000228881836,2378.0
2024-08-21 14:00:00,RGLD,140.41099548339844,140.41099548339844,140.41099548339844,140.3000030517578,140.3000030517578,2107.0
2024-08-21 14:00:00,SGML,11.15999984741211,11.15999984741211,11.1899995803833,11.15999984741211,11.1899995803833,3336.0
2024-08-21 14:00:00,SSRM,5.414999961853027,5.414999961853027,5.414999961853027,5.394999980926514,5.394999980926514,8489.0
2024-08-21 14:00:00,STLD,118.11750030517578,118.11750030517578,118.16999816894531,118.04000091552734,118.04000091552734,8289.0
2024-08-21 14:00:00,USAP,40.02399826049805,40.02399826049805,40.02399826049805,40.02399826049805,40.02399826049805,320.0
2024-08-21 14:00:00,USLM,78.79779815673828,78.79779815673828,78.79779815673828,78.79779815673828,78.79779815673828,542.0
2024-08-21 14:00:00,YTEN,1.5,1.5,1.5,1.5,1.5,0.0
2024-08-21 14:01:00,ALTO,1.434999942779541,1.434999942779541,1.434999942779541,1.434999942779541,1.434999942779541,300.0
2024-08-21 14:01:00,ASTL,9.675000190734863,9.675000190734863,9.675000190734863,9.675000190734863,9.675000190734863,188.0
2024-08-21 14:01:00,GEVO,0.7623999714851379,0.7623999714851379,0.7623999714851379,0.7623999714851379,0.7623999714851379,245.0
2024-08-21 14:01:00,GPRE,13.880000114440918,13.880000114440918,13.914999961853027,13.880000114440918,13.914999961853027,363.0
2024-08-21 14:01:00,GSM,4.400000095367432,4.400000095367432,4.40500020980835,4.400000095367432,4.40500020980835,760.0
2024-08-21 14:01:00,HDSN,8.069999694824219,8.069999694824219,8.069999694824219,8.069999694824219,8.069999694824219,225.0
2024-08-21 14:01:00,IOSP,111.06999969482422,111.06999969482422,111.06999969482422,111.06999969482422,111.06999969482422,999.0
2024-08-21 14:01:00,LWLG,2.7100000381469727,2.7100000381469727,2.7100000381469727,2.7100000381469727,2.7100000381469727,646.0
2024-08-21 14:01:00,MERC,6.329999923706055,6.329999923706055,6.329999923706055,6.329999923706055,6.329999923706055,846.0
2024-08-21 14:01:00,METC,12.079999923706055,12.079999923706055,12.100000381469727,12.079999923706055,12.100000381469727,1377.0
2024-08-21 14:01:00,PAAS,21.450000762939453,21.450000762939453,21.479999542236328,21.450000762939453,21.479999542236328,3806.0
2024-08-21 14:01:00,PLL,9.141500473022461,9.141500473022461,9.141500473022461,9.141500473022461,9.141500473022461,1762.0
2024-08-21 14:01:00,SGML,11.170000076293945,11.170000076293945,11.170000076293945,11.170000076293945,11.170000076293945,45.0
2024-08-21 14:01:00,STLD,118.16999816894531,118.16999816894531,118.17500305175781,118.12000274658203,118.16999816894531,2093.0
2024-08-21 14:01:00,TMC,1.0750000476837158,1.0750000476837158,1.0750000476837158,1.0750000476837158,1.0750000476837158,7202.0
2024-08-21 14:01:00,USAP,40.09000015258789,40.09000015258789,40.09000015258789,40.09000015258789,40.09000015258789,625.0
2024-08-21 14:01:00,ZKIN,0.47110000252723694,0.47110000252723694,0.47110000252723694,0.47110000252723694,0.47110000252723694,277.0
2024-08-21 14:02:00,AREC,0.5498999953269958,0.5498999953269958,0.5498999953269958,0.5403000116348267,0.5403000116348267,20576.0
2024-08-21 14:02:00,ASTL,9.670000076293945,9.670000076293945,9.675000190734863,9.670000076293945,9.670000076293945,1312.0
2024-08-21 14:02:00,BCPC,169.27000427246094,169.27000427246094,169.27000427246094,169.27000427246094,169.27000427246094,374.0
2024-08-21 14:02:00,GPRE,13.890000343322754,13.890000343322754,13.890000343322754,13.880000114440918,13.885000228881836,979.0
2024-08-21 14:02:00,HWKN,122.625,122.625,122.625,122.625,122.625,772.0
2024-08-21 14:02:00,HYMC,2.4149999618530273,2.4149999618530273,2.4149999618530273,2.4149999618530273,2.4149999618530273,186.0
2024-08-21 14:02:00,KALU,71.36000061035156,71.36000061035156,71.44999694824219,71.33000183105469,71.44999694824219,652.0
2024-08-21 14:02:00,LWLG,2.700000047683716,2.700000047683716,2.700000047683716,2.700000047683716,2.700000047683716,335.0
2024-08-21 14:02:00,MEOH,44.650001525878906,44.650001525878906,44.650001525878906,44.650001525878906,44.650001525878906,310.0
2024-08-21 14:02:00,METC,12.081000328063965,12.081000328063965,12.081000328063965,12.050000190734863,12.0600004196167,2345.0
2024-08-21 14:02:00,PAAS,21.450000762939453,21.450000762939453,21.459999084472656,21.43000030517578,21.440000534057617,3763.0
2024-08-21 14:02:00,PPTA,8.779999732971191,8.779999732971191,8.779999732971191,8.779999732971191,8.779999732971191,351.0
2024-08-21 14:02:00,SGML,11.220000267028809,11.220000267028809,11.220000267028809,11.170000076293945,11.170000076293945,3604.0
2024-08-21 14:02:00,SMID,31.850000381469727,31.850000381469727,31.850000381469727,31.850000381469727,31.850000381469727,508.0
2024-08-21 14:02:00,SSRM,5.40500020980835,5.40500020980835,5.414999961853027,5.40500020980835,5.414999961853027,18781.0
2024-08-21 14:02:00,STLD,118.0250015258789,118.0250015258789,118.16999816894531,118.0,118.16999816894531,10211.0
2024-08-21 14:02:00,TMC,1.0800000429153442,1.0800000429153442,1.0800000429153442,1.0800000429153442,1.0800000429153442,580.0
2024-08-21 14:03:00,ALTO,1.434999942779541,1.434999942779541,1.434999942779541,1.434999942779541,1.434999942779541,141.0
2024-08-21 14:03:00,ASTL,9.680000305175781,9.680000305175781,9.680000305175781,9.680000305175781,9.680000305175781,284.0
2024-08-21 14:03:00,BIOX,10.119999885559082,10.119999885559082,10.119999885559082,10.119999885559082,10.119999885559082,1015.0
2024-08-21 14:03:00,CENX,14.4399995803833,14.4399995803833,14.4399995803833,14.4399995803833,14.4399995803833,488.0
2024-08-21 14:03:00,CRKN,1.7899999618530273,1.7899999618530273,1.7899999618530273,1.7899999618530273,1.7899999618530273,1067.0
2024-08-21 14:03:00,GEVO,0.7609000205993652,0.7609000205993652,0.7609999775886536,0.7609000205993652,0.7609999775886536,500.0
2024-08-21 14:03:00,GSM,4.400000095367432,4.400000095367432,4.40500020980835,4.400000095367432,4.400000095367432,635.0
2024-08-21 14:03:00,HDSN,8.069999694824219,8.069999694824219,8.069999694824219,8.069999694824219,8.069999694824219,117.0
2024-08-21 14:03:00,LOOP,1.430999994277954,1.430999994277954,1.430999994277954,1.430999994277954,1.430999994277954,1044.0
2024-08-21 14:03:00,MEOH,44.650001525878906,44.650001525878906,44.65999984741211,44.630001068115234,44.65999984741211,1113.0
2024-08-21 14:03:00,PAAS,21.46500015258789,21.46500015258789,21.46500015258789,21.450000762939453,21.450000762939453,1391.0
2024-08-21 14:03:00,PLL,9.161600112915039,9.161600112915039,9.161600112915039,9.15999984741211,9.15999984741211,3490.0
2024-08-21 14:03:00,SGML,11.210000038146973,11.210000038146973,11.210000038146973,11.210000038146973,11.210000038146973,200.0
2024-08-21 14:03:00,SSRM,5.420000076293945,5.420000076293945,5.420000076293945,5.40500020980835,5.40500020980835,3865.0
2024-08-21 14:03:00,STLD,118.12999725341797,118.12999725341797,118.12999725341797,118.0250015258789,118.0250015258789,8386.0
2024-08-21 14:03:00,UFPI,120.31999969482422,120.31999969482422,120.31999969482422,120.31999969482422,120.31999969482422,343.0
2024-08-21 14:04:00,CENX,14.470000267028809,14.470000267028809,14.470000267028809,14.449999809265137,14.449999809265137,2974.0
2024-08-21 14:04:00,CRKN,1.8200000524520874,1.8200000524520874,1.8200000524520874,1.7990000247955322,1.7990000247955322,28481.0
2024-08-21 14:04:00,GEVO,0.761900007724762,0.761900007724762,0.7628999948501587,0.7609999775886536,0.7615000009536743,18511.0
2024-08-21 14:04:00,GURE,1.159999966621399,1.159999966621399,1.159999966621399,1.159999966621399,1.159999966621399,5180.0
2024-08-21 14:04:00,HDSN,8.069999694824219,8.069999694824219,8.069999694824219,8.0600004196167,8.0600004196167,1543.0
2024-08-21 14:04:00,HYMC,2.4267001152038574,2.4267001152038574,2.4267001152038574,2.4267001152038574,2.4267001152038574,151.0
2024-08-21 14:04:00,KALU,71.37999725341797,71.37999725341797,71.37999725341797,71.37999725341797,71.37999725341797,564.0
2024-08-21 14:04:00,LWLG,2.7000999450683594,2.7000999450683594,2.7000999450683594,2.7000999450683594,2.7000999450683594,1200.0
2024-08-21 14:04:00,METC,12.085000038146973,12.085000038146973,12.085000038146973,12.085000038146973,12.085000038146973,107.0
2024-08-21 14:04:00,ORGN,1.4900000095367432,1.4900000095367432,1.4900000095367432,1.4800000190734863,1.4800000190734863,1464.0
2024-08-21 14:04:00,PAAS,21.489999771118164,21.489999771118164,21.489999771118164,21.469999313354492,21.469999313354492,751.0
2024-08-21 14:04:00,PLL,9.220000267028809,9.220000267028809,9.25,9.180000305175781,9.180000305175781,10816.0
2024-08-21 14:04:00,SGML,11.229999542236328,11.229999542236328,11.229999542236328,11.21500015258789,11.21500015258789,1341.0
2024-08-21 14:04:00,SSRM,5.420000076293945,5.420000076293945,5.420000076293945,5.420000076293945,5.420000076293945,2725.0
2024-08-21 14:04:00,STLD,118.11499786376953,118.11499786376953,118.16000366210938,118.08999633789062,118.12999725341797,2050.0
2024-08-21 14:05:00,AREC,0.5406000018119812,0.5406000018119812,0.5406000018119812,0.5403000116348267,0.5403000116348267,0.0
2024-08-21 14:05:00,ASTL,9.6899995803833,9.6899995803833,9.6899995803833,9.6899995803833,9.6899995803833,855.0
2024-08-21 14:05:00,BCPC,169.25,169.25,169.25,169.25,169.25,970.0
2024-08-21 14:05:00,CENX,14.470000267028809,14.470000267028809,14.479999542236328,14.460000038146973,14.479999542236328,1814.0
2024-08-21 14:05:00,CRKN,1.8299000263214111,1.8299000263214111,1.8299000263214111,1.8289999961853027,1.8289999961853027,1115.0
2024-08-21 14:05:00,GEVO,0.7613000273704529,0.7613000273704529,0.761900007724762,0.7613000273704529,0.761900007724762,1285.0
2024-08-21 14:05:00,GPRE,13.890000343322754,13.890000343322754,13.890000343322754,13.890000343322754,13.890000343322754,382.0
2024-08-21 14:05:00,GSM,4.400000095367432,4.400000095367432,4.400000095367432,4.400000095367432,4.400000095367432,829.0
2024-08-21 14:05:00,HDSN,8.069999694824219,8.069999694824219,8.069999694824219,8.069999694824219,8.069999694824219,209.0
2024-08-21 14:05:00,KALU,71.24500274658203,71.24500274658203,71.24500274658203,71.24500274658203,71.24500274658203,478.0
2024-08-21 14:05:00,LWLG,2.700000047683716,2.700000047683716,2.700000047683716,2.700000047683716,2.700000047683716,1407.0
2024-08-21 14:05:00,METC,12.050000190734863,12.050000190734863,12.069999694824219,12.050000190734863,12.069999694824219,995.0
2024-08-21 14:05:00,PAAS,21.479999542236328,21.479999542236328,21.498899459838867,21.469999313354492,21.498899459838867,1577.0
2024-08-21 14:05:00,PLL,9.210000038146973,9.210000038146973,9.210000038146973,9.210000038146973,9.210000038146973,709.0
2024-08-21 14:05:00,RGLD,140.47999572753906,140.47999572753906,140.47999572753906,140.47999572753906,140.47999572753906,106.0
2024-08-21 14:05:00,SEED,2.4100000858306885,2.4100000858306885,2.4100000858306885,2.4100000858306885,2.4100000858306885,5360.0
2024-08-21 14:05:00,SGML,11.239999771118164,11.239999771118164,11.239999771118164,11.220000267028809,11.229999542236328,2929.0
2024-08-21 14:05:00,SSRM,5.425000190734863,5.425000190734863,5.425000190734863,5.425000190734863,5.425000190734863,105.0
2024-08-21 14:05:00,STLD,118.0,118.0,118.02999877929688,118.0,118.0199966430664,2548.0
2024-08-21 14:05:00,TMC,1.0800000429153442,1.0800000429153442,1.0800000429153442,1.0800000429153442,1.0800000429153442,207.0
2024-08-21 14:05:00,UFPI,120.25,120.25,120.25,120.25,120.25,730.0
2024-08-21 14:05:00,USLM,78.12000274658203,78.12000274658203,78.41999816894531,78.12000274658203,78.41999816894531,1209.0
2024-08-21 14:06:00,ASTL,9.65999984741211,9.65999984741211,9.65999984741211,9.65999984741211,9.65999984741211,901.0
2024-08-21 14:06:00,BIOX,10.121000289916992,10.121000289916992,10.135000228881836,10.121000289916992,10.135000228881836,1900.0
2024-08-21 14:06:00,CENX,14.459099769592285,14.459099769592285,14.459099769592285,14.454999923706055,14.454999923706055,579.0
2024-08-21 14:06:00,GEVO,0.7578999996185303,0.7578999996185303,0.7620000243186951,0.7578999996185303,0.761900007724762,34806.0
2024-08-21 14:06:00,GPRE,13.890000343322754,13.890000343322754,13.890000343322754,13.890000343322754,13.890000343322754,314.0
2024-08-21 14:06:00,GSM,4.400000095367432,4.400000095367432,4.40500020980835,4.400000095367432,4.40500020980835,779.0
2024-08-21 14:06:00,HDSN,8.050000190734863,8.050000190734863,8.0600004196167,8.050000190734863,8.0600004196167,1898.0
2024-08-21 14:06:00,IOSP,111.13500213623047,111.13500213623047,111.13999938964844,111.13500213623047,111.13999938964844,1064.0
2024-08-21 14:06:00,IPX,15.380000114440918,15.380000114440918,15.380000114440918,15.380000114440918,15.380000114440918,106.0
2024-08-21 14:06:00,LGO,1.9049999713897705,1.9049999713897705,1.9049999713897705,1.9049999713897705,1.9049999713897705,400.0
2024-08-21 14:06:00,LWLG,2.7049999237060547,2.7049999237060547,2.7049999237060547,2.694999933242798,2.694999933242798,3734.0
2024-08-21 14:06:00,METC,12.055000305175781,12.055000305175781,12.058699607849121,12.055000305175781,12.058699607849121,285.0
2024-08-21 14:06:00,ORGN,1.4850000143051147,1.4850000143051147,1.4850000143051147,1.4850000143051147,1.4850000143051147,262.0
2024-08-21 14:06:00,PAAS,21.48900032043457,21.48900032043457,21.48900032043457,21.450000762939453,21.479999542236328,22469.0
2024-08-21 14:06:00,PLL,9.199999809265137,9.199999809265137,9.199999809265137,9.199999809265137,9.199999809265137,400.0
2024-08-21 14:06:00,PPTA,8.779999732971191,8.779999732971191,8.779999732971191,8.779999732971191,8.779999732971191,238.0
2024-08-21 14:06:00,RGLD,140.3000030517578,140.3000030517578,140.33999633789062,140.3000030517578,140.30259704589844,6251.0
2024-08-21 14:06:00,SGML,11.229999542236328,11.229999542236328,11.239999771118164,11.229999542236328,11.239999771118164,1260.0
2024-08-21 14:06:00,SSRM,5.425000190734863,5.425000190734863,5.425000190734863,5.425000190734863,5.425000190734863,4036.0
2024-08-21 14:06:00,STLD,117.94750213623047,117.94750213623047,117.94750213623047,117.88999938964844,117.88999938964844,558.0
2024-08-21 14:06:00,USAP,40.060001373291016,40.060001373291016,40.060001373291016,40.060001373291016,40.060001373291016,421.0
2024-08-21 14:06:00,ZEUS,41.38999938964844,41.38999938964844,41.400001525878906,41.38999938964844,41.400001525878906,787.0
2024-08-21 14:07:00,CENX,14.460000038146973,14.460000038146973,14.460000038146973,14.460000038146973,14.460000038146973,668.0
2024-08-21 14:07:00,CRKN,1.8288999795913696,1.8288999795913696,1.8288999795913696,1.8288999795913696,1.8288999795913696,1011.0
2024-08-21 14:07:00,GEVO,0.7578999996185303,0.7578999996185303,0.7578999996185303,0.7578999996185303,0.7578999996185303,1050.0
2024-08-21 14:07:00,GPRE,13.90999984741211,13.90999984741211,13.90999984741211,13.895000457763672,13.895000457763672,1810.0
2024-08-21 14:07:00,HDSN,8.050000190734863,8.050000190734863,8.050000190734863,8.050000190734863,8.050000190734863,3001.0
2024-08-21 14:07:00,IOSP,111.13500213623047,111.13500213623047,111.13500213623047,111.13500213623047,111.13500213623047,181.0
2024-08-21 14:07:00,LWLG,2.7049999237060547,2.7049999237060547,2.7049999237060547,2.7049999237060547,2.7049999237060547,1946.0
2024-08-21 14:07:00,MEOH,44.66999816894531,44.66999816894531,44.66999816894531,44.63999938964844,44.63999938964844,1600.0
2024-08-21 14:07:00,MERC,6.329999923706055,6.329999923706055,6.329999923706055,6.329999923706055,6.329999923706055,150.0
2024-08-21 14:07:00,METC,12.050000190734863,12.050000190734863,12.050000190734863,12.050000190734863,12.050000190734863,107.0
2024-08-21 14:07:00,PAAS,21.5,21.5,21.5049991607666,21.489999771118164,21.489999771118164,2201.0
2024-08-21 14:07:00,PLL,9.199999809265137,9.199999809265137,9.199999809265137,9.199999809265137,9.199999809265137,1231.0
2024-08-21 14:07:00,SGML,11.244999885559082,11.244999885559082,11.244999885559082,11.244999885559082,11.244999885559082,100.0
2024-08-21 14:07:00,SSRM,5.425000190734863,5.425000190734863,5.425000190734863,5.425000190734863,5.425000190734863,1033.0
2024-08-21 14:07:00,STLD,117.9800033569336,117.9800033569336,118.01190185546875,117.96499633789062,118.01190185546875,1207.0
2024-08-21 14:07:00,TMC,1.0800000429153442,1.0800000429153442,1.0800000429153442,1.0800000429153442,1.0800000429153442,300.0
2024-08-21 14:07:00,UFPI,120.2300033569336,120.2300033569336,120.2300033569336,120.2300033569336,120.2300033569336,746.0
2024-08-21 14:07:00,USAP,40.05500030517578,40.05500030517578,40.119998931884766,40.05500030517578,40.119998931884766,556.0
2024-08-21 14:08:00,ASTL,9.670000076293945,9.670000076293945,9.670000076293945,9.670000076293945,9.670000076293945,178.0
2024-08-21 14:08:00,CENX,14.460000038146973,14.460000038146973,14.460000038146973,14.460000038146973,14.460000038146973,1603.0
2024-08-21 14:08:00,GPRE,13.904999732971191,13.904999732971191,13.904999732971191,13.904999732971191,13.904999732971191,1121.0
2024-08-21 14:08:00,GSM,4.40500020980835,4.40500020980835,4.40500020980835,4.40500020980835,4.40500020980835,600.0
2024-08-21 14:08:00,LITM,0.46000000834465027,0.46000000834465027,0.46000000834465027,0.46000000834465027,0.46000000834465027,4204.0
2024-08-21 14:08:00,METC,12.050000190734863,12.050000190734863,12.050000190734863,12.050000190734863,12.050000190734863,110.0
2024-08-21 14:08:00,ORGN,1.4700000286102295,1.4700000286102295,1.4850000143051147,1.4700000286102295,1.4850000143051147,8338.0
2024-08-21 14:08:00,PAAS,21.50979995727539,21.50979995727539,21.514999389648438,21.489999771118164,21.4950008392334,4497.0
2024-08-21 14:08:00,PLL,9.21500015258789,9.21500015258789,9.21500015258789,9.210000038146973,9.210000038146973,1021.0
2024-08-21 14:08:00,RGLD,140.5449981689453,140.5449981689453,140.5449981689453,140.4149932861328,140.4149932861328,674.0
2024-08-21 14:08:00,SGML,11.239999771118164,11.239999771118164,11.25,11.239999771118164,11.239999771118164,2583.0
2024-08-21 14:08:00,SSRM,5.434999942779541,5.434999942779541,5.434999942779541,5.425000190734863,5.425000190734863,4723.0
2024-08-21 14:08:00,STLD,117.98999786376953,117.98999786376953,117.98999786376953,117.98999786376953,117.98999786376953,709.0
2024-08-21 14:08:00,TMC,1.0887999534606934,1.0887999534606934,1.090000033378601,1.079699993133545,1.079699993133545,13017.0
2024-08-21 14:08:00,USAU,5.5,5.5,5.5,5.5,5.5,375.0
2024-08-21 14:09:00,AREC,0.5404000282287598,0.5404000282287598,0.5404000282287598,0.5404000282287598,0.5404000282287598,1626.0
2024-08-21 14:09:00,CENX,14.460000038146973,14.460000038146973,14.470000267028809,14.449999809265137,14.470000267028809,2638.0
2024-08-21 14:09:00,CRKN,1.8105000257492065,1.8105000257492065,1.8258999586105347,1.8105000257492065,1.8258999586105347,4488.0
2024-08-21 14:09:00,GPRE,13.899999618530273,13.899999618530273,13.899999618530273,13.895000457763672,13.899999618530273,1997.0
2024-08-21 14:09:00,GSM,4.408899784088135,4.408899784088135,4.408899784088135,4.408899784088135,4.408899784088135,264.0
2024-08-21 14:09:00,IOSP,111.13500213623047,111.13500213623047,111.13500213623047,111.13500213623047,111.13500213623047,567.0
2024-08-21 14:09:00,LWLG,2.7049999237060547,2.7049999237060547,2.7100000381469727,2.7049999237060547,2.7049999237060547,967.0
2024-08-21 14:09:00,MERC,6.324999809265137,6.324999809265137,6.324999809265137,6.324999809265137,6.324999809265137,491.0
2024-08-21 14:09:00,METC,12.050000190734863,12.050000190734863,12.050000190734863,12.050000190734863,12.050000190734863,111.0
2024-08-21 14:09:00,PAAS,21.520000457763672,21.520000457763672,21.520000457763672,21.5,21.510000228881836,7188.0
2024-08-21 14:09:00,PLL,9.270000457763672,9.270000457763672,9.270000457763672,9.220000267028809,9.229999542236328,1574.0
2024-08-21 14:09:00,PPTA,8.78499984741211,8.78499984741211,8.789999961853027,8.78499984741211,8.789999961853027,428.0
2024-08-21 14:09:00,SGML,11.239999771118164,11.239999771118164,11.25,11.239999771118164,11.239999771118164,1635.0
2024-08-21 14:09:00,SSRM,5.434999942779541,5.434999942779541,5.434999942779541,5.434999942779541,5.434999942779541,519.0
2024-08-21 14:09:00,STLD,117.8499984741211,117.8499984741211,117.95999908447266,117.79000091552734,117.95999908447266,13192.0
2024-08-21 14:09:00,USAU,5.550000190734863,5.550000190734863,5.550000190734863,5.539999961853027,5.539999961853027,2363.0
2024-08-21 14:09:00,USLM,78.1500015258789,78.1500015258789,78.1500015258789,78.1500015258789,78.1500015258789,402.0
2024-08-21 14:10:00,ASTL,9.670000076293945,9.670000076293945,9.670000076293945,9.670000076293945,9.670000076293945,516.0
2024-08-21 14:10:00,CRKN,1.8300000429153442,1.8300000429153442,1.8300000429153442,1.8300000429153442,1.8300000429153442,2034.0
2024-08-21 14:10:00,GEVO,0.7580000162124634,0.7580000162124634,0.7580000162124634,0.7578999996185303,0.7578999996185303,2121.0
2024-08-21 14:10:00,GSM,4.40500020980835,4.40500020980835,4.40500020980835,4.400000095367432,4.400000095367432,908.0
2024-08-21 14:10:00,GURE,1.1699999570846558,1.1699999570846558,1.1699999570846558,1.1699999570846558,1.1699999570846558,4957.0
2024-08-21 14:10:00,LWLG,2.7149999141693115,2.7149999141693115,2.7200000286102295,2.7100000381469727,2.7100000381469727,1650.0
2024-08-21 14:10:00,MERC,6.324999809265137,6.324999809265137,6.324999809265137,6.324999809265137,6.324999809265137,1854.0
2024-08-21 14:10:00,METC,12.039999961853027,12.039999961853027,12.0600004196167,12.039999961853027,12.0600004196167,884.0
2024-08-21 14:10:00,ORGN,1.475000023841858,1.475000023841858,1.475000023841858,1.475000023841858,1.475000023841858,0.0
2024-08-21 14:10:00,PAAS,21.530000686645508,21.530000686645508,21.538999557495117,21.510000228881836,21.530000686645508,6432.0
2024-08-21 14:10:00,PLL,9.25,9.25,9.270000457763672,9.25,9.270000457763672,1188.0
2024-08-21 14:10:00,PPTA,8.789999961853027,8.789999961853027,8.789999961853027,8.789999961853027,8.789999961853027,311.0
2024-08-21 14:10:00,RGLD,140.66000366210938,140.66000366210938,140.66000366210938,140.6407012939453,140.6407012939453,347.0
2024-08-21 14:10:00,SSRM,5.434999942779541,5.434999942779541,5.434999942779541,5.434999942779541,5.434999942779541,725.0
2024-08-21 14:10:00,STLD,117.86499786376953,117.86499786376953,117.86499786376953,117.86499786376953,117.86499786376953,222.0
2024-08-21 14:10:00,TMC,1.0850000381469727,1.0850000381469727,1.0850000381469727,1.0850000381469727,1.0850000381469727,696.0
2024-08-21 14:10:00,USAP,40.130001068115234,40.130001068115234,40.130001068115234,40.130001068115234,40.130001068115234,443.0
2024-08-21 14:11:00,ALTO,1.4450000524520874,1.4450000524520874,1.4450000524520874,1.4450000524520874,1.4450000524520874,63944.0
2024-08-21 14:11:00,CENX,14.444999694824219,14.444999694824219,14.448699951171875,14.444999694824219,14.448699951171875,1449.0
2024-08-21 14:11:00,CRKN,1.8660000562667847,1.8660000562667847,1.8700000047683716,1.8489999771118164,1.850000023841858,17601.0
2024-08-21 14:11:00,GEVO,0.7580999732017517,0.7580999732017517,0.7580999732017517,0.7580000162124634,0.7580000162124634,0.0
2024-08-21 14:11:00,GPRE,13.930000305175781,13.930000305175781,13.930000305175781,13.920000076293945,13.920000076293945,992.0
2024-08-21 14:11:00,GSM,4.400000095367432,4.400000095367432,4.400000095367432,4.400000095367432,4.400000095367432,207.0
2024-08-21 14:11:00,GURE,1.190000057220459,1.190000057220459,1.190000057220459,1.190000057220459,1.190000057220459,5126.0
2024-08-21 14:11:00,IONR,3.6164000034332275,3.6164000034332275,3.6164000034332275,3.6164000034332275,3.6164000034332275,0.0
2024-08-21 14:11:00,LWLG,2.7249999046325684,2.7249999046325684,2.7249999046325684,2.7249999046325684,2.7249999046325684,4770.0
2024-08-21 14:11:00,PAAS,21.538999557495117,21.538999557495117,21.540000915527344,21.530000686645508,21.530000686645508,2838.0
2024-08-21 14:11:00,PLL,9.20009994506836,9.20009994506836,9.220000267028809,9.20009994506836,9.220000267028809,5522.0
2024-08-21 14:11:00,RGLD,140.72999572753906,140.72999572753906,140.72999572753906,140.72999572753906,140.72999572753906,278.0
2024-08-21 14:11:00,STLD,117.82499694824219,117.82499694824219,117.82499694824219,117.82499694824219,117.82499694824219,2925.0
2024-08-21 14:11:00,TMC,1.080199956893921,1.080199956893921,1.080199956893921,1.080199956893921,1.080199956893921,5498.0
2024-08-21 14:11:00,USLM,78.55000305175781,78.55000305175781,78.55000305175781,78.55000305175781,78.55000305175781,311.0
2024-08-21 14:12:00,BIOX,10.123000144958496,10.123000144958496,10.123000144958496,10.123000144958496,10.123000144958496,0.0
2024-08-21 14:12:00,CENX,14.430000305175781,14.430000305175781,14.4399995803833,14.430000305175781,14.4399995803833,1730.0
2024-08-21 14:12:00,CRKN,1.8600000143051147,1.8600000143051147,1.8619999885559082,1.850100040435791,1.850100040435791,5950.0
2024-08-21 14:12:00,GEVO,0.7580999732017517,0.7580999732017517,0.7580999732017517,0.7580999732017517,0.7580999732017517,10.0
2024-08-21 14:12:00,GPRE,13.930000305175781,13.930000305175781,13.930000305175781,13.930000305175781,13.930000305175781,854.0
2024-08-21 14:12:00,GSM,4.389999866485596,4.389999866485596,4.400000095367432,4.389999866485596,4.400000095367432,31153.0
2024-08-21 14:12:00,HYMC,2.430000066757202,2.430000066757202,2.430000066757202,2.430000066757202,2.430000066757202,210.0
2024-08-21 14:12:00,KALU,71.22000122070312,71.22000122070312,71.22000122070312,71.22000122070312,71.22000122070312,2223.0
2024-08-21 14:12:00,LWLG,2.7200000286102295,2.7200000286102295,2.7249999046325684,2.7100000381469727,2.7200000286102295,2066.0
2024-08-21 14:12:00,PAAS,21.52899932861328,21.52899932861328,21.540000915527344,21.5,21.540000915527344,4593.0
2024-08-21 14:12:00,PLL,9.25,9.25,9.25,9.246999740600586,9.246999740600586,1023.0
2024-08-21 14:12:00,RGLD,140.5850067138672,140.5850067138672,140.5850067138672,140.5850067138672,140.5850067138672,690.0
2024-08-21 14:12:00,SGML,11.239999771118164,11.239999771118164,11.239999771118164,11.239999771118164,11.239999771118164,1109.0
2024-08-21 14:12:00,SSRM,5.425000190734863,5.425000190734863,5.434999942779541,5.425000190734863,5.434999942779541,4748.0
2024-08-21 14:12:00,STLD,117.81999969482422,117.81999969482422,117.86499786376953,117.7300033569336,117.82499694824219,9324.0
2024-08-21 14:12:00,USLM,78.30999755859375,78.30999755859375,78.30999755859375,78.30999755859375,78.30999755859375,282.0
2024-08-21 14:13:00,ALTO,1.4450000524520874,1.4450000524520874,1.4450000524520874,1.4450000524520874,1.4450000524520874,200.0
2024-08-21 14:13:00,CENX,14.430000305175781,14.430000305175781,14.437299728393555,14.430000305175781,14.437299728393555,822.0
2024-08-21 14:13:00,CRKN,1.8700000047683716,1.8700000047683716,1.8700000047683716,1.8700000047683716,1.8700000047683716,610.0
2024-08-21 14:13:00,GEVO,0.7612000107765198,0.7612000107765198,0.7612000107765198,0.7590000033378601,0.7590000033378601,62788.0
2024-08-21 14:13:00,GPRE,13.930000305175781,13.930000305175781,13.930000305175781,13.930000305175781,13.930000305175781,2705.0
2024-08-21 14:13:00,LWLG,2.7100000381469727,2.7100000381469727,2.7200000286102295,2.7100000381469727,2.7200000286102295,2104.0
2024-08-21 14:13:00,MEOH,44.65999984741211,44.65999984741211,44.65999984741211,44.65999984741211,44.65999984741211,640.0
2024-08-21 14:13:00,METC,12.050000190734863,12.050000190734863,12.050000190734863,12.050000190734863,12.050000190734863,483.0
2024-08-21 14:13:00,PAAS,21.540000915527344,21.540000915527344,21.559999465942383,21.530000686645508,21.53499984741211,16994.0
2024-08-21 14:13:00,PPTA,8.779999732971191,8.779999732971191,8.8100004196167,8.779999732971191,8.8100004196167,2940.0
2024-08-21 14:13:00,SGML,11.239999771118164,11.239999771118164,11.25,11.231800079345703,11.25,2822.0
2024-08-21 14:13:00,SSRM,5.434999942779541,5.434999942779541,5.434999942779541,5.429999828338623,5.429999828338623,2829.0
2024-08-21 14:13:00,STLD,117.8499984741211,117.8499984741211,117.8499984741211,117.8499984741211,117.8499984741211,450.0
2024-08-21 14:13:00,TMC,1.0850000381469727,1.0850000381469727,1.0850000381469727,1.0850000381469727,1.0850000381469727,851.0
2024-08-21 14:13:00,WDFC,253.1300048828125,253.1300048828125,253.1300048828125,253.1300048828125,253.1300048828125,3070.0
2024-08-21 14:14:00,ALTO,1.4450000524520874,1.4450000524520874,1.4450000524520874,1.4450000524520874,1.4450000524520874,500.0
2024-08-21 14:14:00,ASTL,9.680000305175781,9.680000305175781,9.680000305175781,9.670000076293945,9.670000076293945,871.0
2024-08-21 14:14:00,CENX,14.430000305175781,14.430000305175781,14.430000305175781,14.430000305175781,14.430000305175781,205.0
2024-08-21 14:14:00,CRKN,1.8600000143051147,1.8600000143051147,1.8600000143051147,1.8600000143051147,1.8600000143051147,530.0
2024-08-21 14:14:00,GEVO,0.7669000029563904,0.7669000029563904,0.7699000239372253,0.7610999941825867,0.7612000107765198,86398.0
2024-08-21 14:14:00,GSM,4.389999866485596,4.389999866485596,4.394999980926514,4.389999866485596,4.394999980926514,1378.0
2024-08-21 14:14:00,LWLG,2.690000057220459,2.690000057220459,2.700000047683716,2.690000057220459,2.700000047683716,11233.0
2024-08-21 14:14:00,MEOH,44.69499969482422,44.69499969482422,44.69499969482422,44.689998626708984,44.689998626708984,581.0
2024-08-21 14:14:00,METC,12.050000190734863,12.050000190734863,12.050000190734863,12.050000190734863,12.050000190734863,132.0
2024-08-21 14:14:00,ORGN,1.475000023841858,1.475000023841858,1.475000023841858,1.475000023841858,1.475000023841858,391.0
2024-08-21 14:14:00,PAAS,21.54990005493164,21.54990005493164,21.55500030517578,21.540000915527344,21.540000915527344,6599.0
2024-08-21 14:14:00,PLL,9.3100004196167,9.3100004196167,9.319999694824219,9.270000457763672,9.270000457763672,20495.0
2024-08-21 14:14:00,PPTA,8.770000457763672,8.770000457763672,8.770000457763672,8.770000457763672,8.770000457763672,919.0
2024-08-21 14:14:00,SGML,11.199999809265137,11.199999809265137,11.234999656677246,11.1899995803833,11.229999542236328,3945.0
2024-08-21 14:14:00,SSRM,5.434999942779541,5.434999942779541,5.434999942779541,5.434999942779541,5.434999942779541,229.0
2024-08-21 14:14:00,STLD,117.75499725341797,117.75499725341797,117.88999938964844,117.7300033569336,117.86000061035156,7447.0
2024-08-21 14:15:00,ALTO,1.4450000524520874,1.4450000524520874,1.4450000524520874,1.4450000524520874,1.4450000524520874,0.0
2024-08-21 14:15:00,CENX,14.430000305175781,14.430000305175781,14.430000305175781,14.399999618530273,14.420000076293945,7660.0
2024-08-21 14:15:00,GSM,4.394999980926514,4.394999980926514,4.394999980926514,4.394999980926514,4.394999980926514,1453.0
2024-08-21 14:15:00,HDSN,8.050000190734863,8.050000190734863,8.050000190734863,8.050000190734863,8.050000190734863,1273.0
2024-08-21 14:15:00,LGO,1.8799999952316284,1.8799999952316284,1.8901000022888184,1.850000023841858,1.8899999856948853,13157.0
2024-08-21 14:15:00,LWLG,2.690000057220459,2.690000057220459,2.690000057220459,2.690000057220459,2.690000057220459,1350.0
2024-08-21 14:15:00,MEOH,44.68000030517578,44.68000030517578,44.68000030517578,44.68000030517578,44.68000030517578,710.0
2024-08-21 14:15:00,MERC,6.324999809265137,6.324999809265137,6.324999809265137,6.324999809265137,6.324999809265137,106.0
2024-08-21 14:15:00,METC,12.050000190734863,12.050000190734863,12.050000190734863,12.039999961853027,12.039999961853027,2924.0
2024-08-21 14:15:00,PAAS,21.56999969482422,21.56999969482422,21.56999969482422,21.540000915527344,21.559999465942383,6273.0
2024-08-21 14:15:00,PLL,9.25,9.25,9.3100004196167,9.25,9.289999961853027,2086.0
2024-08-21 14:15:00,PPTA,8.795000076293945,8.795000076293945,8.795000076293945,8.795000076293945,8.795000076293945,200.0
2024-08-21 14:15:00,SGML,11.199999809265137,11.199999809265137,11.199999809265137,11.199999809265137,11.199999809265137,644.0
2024-08-21 14:15:00,SMID,32.52000045776367,32.52000045776367,32.52000045776367,32.52000045776367,32.52000045776367,315.0
2024-08-21 14:15:00,SSRM,5.445000171661377,5.445000171661377,5.445000171661377,5.440000057220459,5.440000057220459,16052.0
2024-08-21 14:15:00,STLD,117.83999633789062,117.83999633789062,117.83999633789062,117.72000122070312,117.75499725341797,2331.0
2024-08-21 14:15:00,TMC,1.090000033378601,1.090000033378601,1.090000033378601,1.0800000429153442,1.0800000429153442,5503.0
2024-08-21 14:16:00,ASTL,9.6899995803833,9.6899995803833,9.6899995803833,9.680000305175781,9.680000305175781,1236.0
2024-08-21 14:16:00,CENX,14.4399995803833,14.4399995803833,14.4399995803833,14.4399995803833,14.4399995803833,1047.0
2024-08-21 14:16:00,CRKN,1.8650000095367432,1.8650000095367432,1.8650000095367432,1.8650000095367432,1.8650000095367432,1028.0
2024-08-21 14:16:00,GEVO,0.766700029373169,0.766700029373169,0.7692000269889832,0.766700029373169,0.7692000269889832,3000.0
2024-08-21 14:16:00,GPRE,13.949999809265137,13.949999809265137,13.949999809265137,13.9399995803833,13.9399995803833,1933.0
2024-08-21 14:16:00,GSM,4.394999980926514,4.394999980926514,4.400000095367432,4.389999866485596,4.394999980926514,8440.0
2024-08-21 14:16:00,HDSN,8.045000076293945,8.045000076293945,8.045000076293945,8.045000076293945,8.045000076293945,445.0
2024-08-21 14:16:00,HYMC,2.4100000858306885,2.4100000858306885,2.4100000858306885,2.4100000858306885,2.4100000858306885,786.0
2024-08-21 14:16:00,IOSP,111.13500213623047,111.13500213623047,111.13500213623047,111.13500213623047,111.13500213623047,626.0
2024-08-21 14:16:00,KALU,71.44000244140625,71.44000244140625,71.47000122070312,71.30999755859375,71.30999755859375,2231.0
2024-08-21 14:16:00,LWLG,2.690000057220459,2.690000057220459,2.690000057220459,2.690000057220459,2.690000057220459,540.0
2024-08-21 14:16:00,MEOH,44.720001220703125,44.720001220703125,44.720001220703125,44.720001220703125,44.720001220703125,846.0
2024-08-21 14:16:00,MERC,6.320000171661377,6.320000171661377,6.320000171661377,6.320000171661377,6.320000171661377,114.0
2024-08-21 14:16:00,METC,12.06309986114502,12.06309986114502,12.06309986114502,12.06309986114502,12.06309986114502,428.0
2024-08-21 14:16:00,PAAS,21.600000381469727,21.600000381469727,21.600000381469727,21.579999923706055,21.579999923706055,5485.0
2024-08-21 14:16:00,PLL,9.295000076293945,9.295000076293945,9.295000076293945,9.295000076293945,9.295000076293945,131.0
2024-08-21 14:16:00,PPTA,8.795000076293945,8.795000076293945,8.795000076293945,8.795000076293945,8.795000076293945,450.0
2024-08-21 14:16:00,RGLD,140.90989685058594,140.90989685058594,140.90989685058594,140.8300018310547,140.8300018310547,899.0
2024-08-21 14:16:00,SGML,11.244999885559082,11.244999885559082,11.25,11.220000267028809,11.220000267028809,3597.0
2024-08-21 14:16:00,SSRM,5.454999923706055,5.454999923706055,5.458700180053711,5.449999809265137,5.449999809265137,5674.0
2024-08-21 14:16:00,STLD,117.83000183105469,117.83000183105469,117.87999725341797,117.83000183105469,117.83000183105469,1670.0
2024-08-21 14:17:00,ASTL,9.699999809265137,9.699999809265137,9.699999809265137,9.6899995803833,9.694999694824219,1713.0
2024-08-21 14:17:00,CENX,14.460000038146973,14.460000038146973,14.460000038146973,14.460000038146973,14.460000038146973,1272.0
2024-08-21 14:17:00,GEVO,0.7692000269889832,0.7692000269889832,0.7692000269889832,0.7692000269889832,0.7692000269889832,600.0
2024-08-21 14:17:00,GPRE,13.9399995803833,13.9399995803833,13.9399995803833,13.9399995803833,13.9399995803833,337.0
2024-08-21 14:17:00,GSM,4.394999980926514,4.394999980926514,4.394999980926514,4.394999980926514,4.394999980926514,1038.0
2024-08-21 14:17:00,HUDI,2.1800999641418457,2.1800999641418457,2.2049999237060547,2.1800999641418457,2.1802000999450684,731.0
2024-08-21 14:17:00,IOSP,111.13500213623047,111.13500213623047,111.13500213623047,111.13500213623047,111.13500213623047,562.0
2024-08-21 14:17:00,LWLG,2.690000057220459,2.690000057220459,2.690000057220459,2.690000057220459,2.690000057220459,545.0
2024-08-21 14:17:00,METC,12.050000190734863,12.050000190734863,12.050000190734863,12.050000190734863,12.050000190734863,226.0
2024-08-21 14:17:00,ORGN,1.4850000143051147,1.4850000143051147,1.4850000143051147,1.4800000190734863,1.4800000190734863,3566.0
2024-08-21 14:17:00,PAAS,21.584999084472656,21.584999084472656,21.610000610351562,21.584999084472656,21.600000381469727,1899.0
2024-08-21 14:17:00,PLL,9.28499984741211,9.28499984741211,9.319999694824219,9.25,9.297499656677246,5785.0
2024-08-21 14:17:00,SSRM,5.454999923706055,5.454999923706055,5.454999923706055,5.454999923706055,5.454999923706055,211.0
2024-08-21 14:17:00,STLD,117.83999633789062,117.83999633789062,117.9000015258789,117.7750015258789,117.83999633789062,8430.0
2024-08-21 14:17:00,TMC,1.0800000429153442,1.0800000429153442,1.0800000429153442,1.0800000429153442,1.0800000429153442,923.0
2024-08-21 14:17:00,USAP,40.130001068115234,40.130001068115234,40.130001068115234,40.130001068115234,40.130001068115234,234.0
2024-08-21 14:18:00,ASTL,9.699000358581543,9.699000358581543,9.699999809265137,9.699000358581543,9.699999809265137,2037.0
2024-08-21 14:18:00,CENX,14.460000038146973,14.460000038146973,14.460000038146973,14.460000038146973,14.460000038146973,571.0
2024-08-21 14:18:00,CRKN,1.868899941444397,1.868899941444397,1.868899941444397,1.8600000143051147,1.8600000143051147,5931.0
2024-08-21 14:18:00,GEVO,0.766700029373169,0.766700029373169,0.766700029373169,0.7666000127792358,0.7666000127792358,705.0
2024-08-21 14:18:00,GPRE,13.9399995803833,13.9399995803833,13.949999809265137,13.930100440979004,13.9399995803833,7199.0
2024-08-21 14:18:00,HDSN,8.050000190734863,8.050000190734863,8.050000190734863,8.045000076293945,8.045000076293945,439.0
2024-08-21 14:18:00,HYMC,2.430000066757202,2.430000066757202,2.430000066757202,2.430000066757202,2.430000066757202,200.0
2024-08-21 14:18:00,LWLG,2.690000057220459,2.690000057220459,2.690000057220459,2.690000057220459,2.690000057220459,314.0
2024-08-21 14:18:00,MERC,6.324999809265137,6.324999809265137,6.324999809265137,6.324999809265137,6.324999809265137,145.0
2024-08-21 14:18:00,METC,12.050000190734863,12.050000190734863,12.050000190734863,12.050000190734863,12.050000190734863,1184.0
2024-08-21 14:18:00,ORGN,1.4850000143051147,1.4850000143051147,1.4850000143051147,1.4800000190734863,1.4800000190734863,664.0
2024-08-21 14:18:00,PAAS,21.610000610351562,21.610000610351562,21.610000610351562,21.589500427246094,21.589500427246094,9952.0
2024-08-21 14:18:00,PLL,9.286999702453613,9.286999702453613,9.289999961853027,9.270000457763672,9.270000457763672,922.0
2024-08-21 14:18:00,RGLD,140.81570434570312,140.81570434570312,140.81570434570312,140.81570434570312,140.81570434570312,378.0
2024-08-21 14:18:00,SGML,11.260000228881836,11.260000228881836,11.260000228881836,11.239999771118164,11.244999885559082,1772.0
2024-08-21 14:18:00,SSRM,5.460000038146973,5.460000038146973,5.460000038146973,5.460000038146973,5.460000038146973,2413.0
2024-08-21 14:18:00,STLD,117.81500244140625,117.81500244140625,117.86499786376953,117.7699966430664,117.86499786376953,5367.0
2024-08-21 14:18:00,TMC,1.0850000381469727,1.0850000381469727,1.0850000381469727,1.0850000381469727,1.0850000381469727,400.0
2024-08-21 14:18:00,UFPI,120.31500244140625,120.31500244140625,120.31500244140625,120.31500244140625,120.31500244140625,1244.0
2024-08-21 14:18:00,USAP,40.08000183105469,40.08000183105469,40.08000183105469,40.08000183105469,40.08000183105469,1385.0
2024-08-21 14:18:00,ZKIN,0.5002999901771545,0.5002999901771545,0.5002999901771545,0.5002999901771545,0.5002999901771545,1800.0
2024-08-21 14:19:00,ASTL,9.6899995803833,9.6899995803833,9.694999694824219,9.6899995803833,9.694999694824219,300.0
2024-08-21 14:19:00,CENX,14.470000267028809,14.470000267028809,14.470000267028809,14.460000038146973,14.460000038146973,1902.0
2024-08-21 14:19:00,GEVO,0.765999972820282,0.765999972820282,0.7692000269889832,0.765999972820282,0.7692000269889832,8801.0
2024-08-21 14:19:00,GSM,4.394999980926514,4.394999980926514,4.394999980926514,4.394999980926514,4.394999980926514,200.0
2024-08-21 14:19:00,LWLG,2.690000057220459,2.690000057220459,2.690000057220459,2.690000057220459,2.690000057220459,222.0
2024-08-21 14:19:00,MEOH,44.77199935913086,44.77199935913086,44.77199935913086,44.77199935913086,44.77199935913086,152.0
2024-08-21 14:19:00,MERC,6.324999809265137,6.324999809265137,6.324999809265137,6.324999809265137,6.324999809265137,507.0
2024-08-21 14:19:00,PAAS,21.610000610351562,21.610000610351562,21.614999771118164,21.590999603271484,21.61090087890625,3324.0
2024-08-21 14:19:00,PLL,9.289999961853027,9.289999961853027,9.289999961853027,9.289999961853027,9.289999961853027,174.0
2024-08-21 14:19:00,PPTA,8.829999923706055,8.829999923706055,8.829999923706055,8.800000190734863,8.800000190734863,6366.0
2024-08-21 14:19:00,SGML,11.256400108337402,11.256400108337402,11.256400108337402,11.256400108337402,11.256400108337402,367.0
2024-08-21 14:19:00,SMID,32.54999923706055,32.54999923706055,32.599998474121094,32.54999923706055,32.599998474121094,973.0
2024-08-21 14:19:00,SSRM,5.454999923706055,5.454999923706055,5.465000152587891,5.454999923706055,5.465000152587891,4066.0
2024-08-21 14:19:00,STLD,117.88749694824219,117.88749694824219,117.93000030517578,117.81500244140625,117.81500244140625,8395.0
2024-08-21 14:19:00,TMC,1.0988999605178833,1.0988999605178833,1.100000023841858,1.0850000381469727,1.0850000381469727,44707.0
2024-08-21 14:20:00,ASTL,9.694999694824219,9.694999694824219,9.699999809265137,9.6899995803833,9.6899995803833,1194.0
2024-08-21 14:20:00,GEVO,0.765999972820282,0.765999972820282,0.765999972820282,0.765999972820282,0.765999972820282,589.0
2024-08-21 14:20:00,GPRE,13.949999809265137,13.949999809265137,13.949999809265137,13.9399995803833,13.9399995803833,749.0
2024-08-21 14:20:00,GSM,4.389999866485596,4.389999866485596,4.389999866485596,4.389999866485596,4.389999866485596,2587.0
2024-08-21 14:20:00,HYMC,2.444999933242798,2.444999933242798,2.444999933242798,2.440000057220459,2.440000057220459,2019.0
2024-08-21 14:20:00,LWLG,2.690000057220459,2.690000057220459,2.690000057220459,2.690000057220459,2.690000057220459,100.0
2024-08-21 14:20:00,MERC,6.320000171661377,6.320000171661377,6.320000171661377,6.320000171661377,6.320000171661377,1248.0
2024-08-21 14:20:00,METC,12.069999694824219,12.069999694824219,12.069999694824219,12.0600004196167,12.0600004196167,1131.0
2024-08-21 14:20:00,ORGN,1.4800000190734863,1.4800000190734863,1.4880000352859497,1.4800000190734863,1.4880000352859497,595.0
2024-08-21 14:20:00,PAAS,21.609899520874023,21.609899520874023,21.6200008392334,21.600000381469727,21.610000610351562,7223.0
2024-08-21 14:20:00,PLL,9.270000457763672,9.270000457763672,9.289999961853027,9.25,9.270000457763672,1711.0
2024-08-21 14:20:00,PPTA,8.829999923706055,8.829999923706055,8.829999923706055,8.829999923706055,8.829999923706055,100.0
2024-08-21 14:20:00,SGML,11.256600379943848,11.256600379943848,11.256600379943848,11.244999885559082,11.244999885559082,5072.0
2024-08-21 14:20:00,SMID,32.5,32.5,33.65999984741211,32.5,33.50699996948242,1718.0
2024-08-21 14:20:00,SSRM,5.454999923706055,5.454999923706055,5.454999923706055,5.454999923706055,5.454999923706055,201.0
2024-08-21 14:20:00,STLD,117.87999725341797,117.87999725341797,117.87999725341797,117.87000274658203,117.87000274658203,913.0
2024-08-21 14:20:00,TMC,1.0994000434875488,1.0994000434875488,1.0994000434875488,1.0994000434875488,1.0994000434875488,733.0
2024-08-21 14:21:00,ALTO,1.4500000476837158,1.4500000476837158,1.4500000476837158,1.4500000476837158,1.4500000476837158,330.0
2024-08-21 14:21:00,ASTL,9.694999694824219,9.694999694824219,9.699999809265137,9.694999694824219,9.699999809265137,507.0
2024-08-21 14:21:00,CENX,14.470000267028809,14.470000267028809,14.470000267028809,14.470000267028809,14.470000267028809,1343.0
2024-08-21 14:21:00,CRKN,1.8600000143051147,1.8600000143051147,1.8609999418258667,1.8600000143051147,1.8609999418258667,9065.0
2024-08-21 14:21:00,GEVO,0.7641000151634216,0.7641000151634216,0.7641000151634216,0.7641000151634216,0.7641000151634216,500.0
2024-08-21 14:21:00,GPRE,13.949999809265137,13.949999809265137,13.949999809265137,13.949999809265137,13.949999809265137,346.0
2024-08-21 14:21:00,GSM,4.389999866485596,4.389999866485596,4.394999980926514,4.389999866485596,4.394999980926514,416.0
2024-08-21 14:21:00,HDSN,8.050000190734863,8.050000190734863,8.050000190734863,8.050000190734863,8.050000190734863,239.0
2024-08-21 14:21:00,LITM,0.44999998807907104,0.44999998807907104,0.44999998807907104,0.44999998807907104,0.44999998807907104,303.0
2024-08-21 14:21:00,LWLG,2.690000057220459,2.690000057220459,2.690000057220459,2.690000057220459,2.690000057220459,120.0
2024-08-21 14:21:00,MEOH,44.76499938964844,44.76499938964844,44.76499938964844,44.76499938964844,44.76499938964844,1219.0
2024-08-21 14:21:00,METC,12.079999923706055,12.079999923706055,12.079999923706055,12.079999923706055,12.079999923706055,778.0
2024-08-21 14:21:00,PAAS,21.610000610351562,21.610000610351562,21.610000610351562,21.599000930786133,21.610000610351562,1936.0
2024-08-21 14:21:00,PLL,9.29699993133545,9.29699993133545,9.308699607849121,9.289999961853027,9.289999961853027,1320.0
2024-08-21 14:21:00,PPTA,8.859999656677246,8.859999656677246,8.859999656677246,8.859999656677246,8.859999656677246,88.0
2024-08-21 14:21:00,RGLD,140.8800048828125,140.8800048828125,140.94000244140625,140.8800048828125,140.94000244140625,283.0
2024-08-21 14:21:00,SGML,11.279999732971191,11.279999732971191,11.279999732971191,11.260000228881836,11.260000228881836,4979.0
2024-08-21 14:21:00,SMID,34.05950164794922,34.05950164794922,34.05950164794922,34.05950164794922,34.05950164794922,210.0
2024-08-21 14:21:00,SSRM,5.454999923706055,5.454999923706055,5.454999923706055,5.454999923706055,5.454999923706055,697.0
2024-08-21 14:21:00,TMC,1.1100000143051147,1.1100000143051147,1.1100000143051147,1.100000023841858,1.100000023841858,41708.0
2024-08-21 14:22:00,ALTO,1.4450000524520874,1.4450000524520874,1.4450000524520874,1.4450000524520874,1.4450000524520874,422.0
2024-08-21 14:22:00,ASTL,9.6899995803833,9.6899995803833,9.699999809265137,9.6899995803833,9.699999809265137,809.0
2024-08-21 14:22:00,CENX,14.449999809265137,14.449999809265137,14.460000038146973,14.449999809265137,14.460000038146973,889.0
2024-08-21 14:22:00,CRKN,1.8601000308990479,1.8601000308990479,1.8601000308990479,1.8601000308990479,1.8601000308990479,1525.0
2024-08-21 14:22:00,GEVO,0.765999972820282,0.765999972820282,0.765999972820282,0.765999972820282,0.765999972820282,1.0
2024-08-21 14:22:00,GPRE,13.9399995803833,13.9399995803833,13.9399995803833,13.930000305175781,13.930000305175781,1869.0
2024-08-21 14:22:00,HDSN,8.069999694824219,8.069999694824219,8.069999694824219,8.049699783325195,8.049699783325195,4376.0
2024-08-21 14:22:00,HWKN,122.48999786376953,122.48999786376953,122.48999786376953,122.48999786376953,122.48999786376953,603.0
2024-08-21 14:22:00,LWLG,2.690000057220459,2.690000057220459,2.690000057220459,2.690000057220459,2.690000057220459,237.0
2024-08-21 14:22:00,ORGN,1.4802000522613525,1.4802000522613525,1.4802000522613525,1.4802000522613525,1.4802000522613525,329.0
2024-08-21 14:22:00,PAAS,21.614999771118164,21.614999771118164,21.614999771118164,21.604999542236328,21.604999542236328,2120.0
2024-08-21 14:22:00,PLL,9.260000228881836,9.260000228881836,9.28499984741211,9.260000228881836,9.28499984741211,2487.0
2024-08-21 14:22:00,RGLD,140.97450256347656,140.97450256347656,140.97450256347656,140.94000244140625,140.94000244140625,2559.0
2024-08-21 14:22:00,SGML,11.255000114440918,11.255000114440918,11.255000114440918,11.255000114440918,11.255000114440918,497.0
2024-08-21 14:22:00,SMID,32.619998931884766,32.619998931884766,32.619998931884766,32.619998931884766,32.619998931884766,2002.0
2024-08-21 14:22:00,SSRM,5.454999923706055,5.454999923706055,5.454999923706055,5.454999923706055,5.454999923706055,1239.0
2024-08-21 14:22:00,STLD,117.81999969482422,117.81999969482422,117.8499984741211,117.80500030517578,117.8499984741211,2757.0
2024-08-21 14:22:00,TMC,1.1100000143051147,1.1100000143051147,1.1100000143051147,1.1050000190734863,1.1100000143051147,3092.0
2024-08-21 14:23:00,ASTL,9.6850004196167,9.6850004196167,9.6850004196167,9.6850004196167,9.6850004196167,763.0
2024-08-21 14:23:00,CENX,14.449999809265137,14.449999809265137,14.449999809265137,14.449999809265137,14.449999809265137,500.0
2024-08-21 14:23:00,GEVO,0.7648000121116638,0.7648000121116638,0.7674999833106995,0.7648000121116638,0.7648000121116638,2490.0
2024-08-21 14:23:00,GPRE,13.9399995803833,13.9399995803833,13.9399995803833,13.9350004196167,13.9350004196167,260.0
2024-08-21 14:23:00,GSM,4.389999866485596,4.389999866485596,4.389999866485596,4.389999866485596,4.389999866485596,800.0
2024-08-21 14:23:00,HDSN,8.069999694824219,8.069999694824219,8.069999694824219,8.0600004196167,8.069999694824219,2720.0
2024-08-21 14:23:00,IOSP,111.02999877929688,111.02999877929688,111.04000091552734,111.02999877929688,111.04000091552734,1604.0
2024-08-21 14:23:00,IPX,15.390000343322754,15.390000343322754,15.390000343322754,15.390000343322754,15.390000343322754,282.0
2024-08-21 14:23:00,LWLG,2.700000047683716,2.700000047683716,2.700000047683716,2.690000057220459,2.690000057220459,3422.0
2024-08-21 14:23:00,MERC,6.315000057220459,6.315000057220459,6.315000057220459,6.315000057220459,6.315000057220459,338.0
2024-08-21 14:23:00,METC,12.095000267028809,12.095000267028809,12.095000267028809,12.09000015258789,12.09000015258789,537.0
2024-08-21 14:23:00,PAAS,21.6200008392334,21.6200008392334,21.6200008392334,21.610000610351562,21.6200008392334,1552.0
2024-08-21 14:23:00,PLL,9.274999618530273,9.274999618530273,9.274999618530273,9.274999618530273,9.274999618530273,469.0
2024-08-21 14:23:00,SGML,11.260000228881836,11.260000228881836,11.270000457763672,11.25,11.270000457763672,1867.0
2024-08-21 14:23:00,SMID,31.7549991607666,31.7549991607666,32.52000045776367,31.7549991607666,32.52000045776367,812.0
2024-08-21 14:23:00,SSRM,5.454999923706055,5.454999923706055,5.454999923706055,5.454999923706055,5.454999923706055,215.0
2024-08-21 14:23:00,STLD,117.8550033569336,117.8550033569336,117.85749816894531,117.79499816894531,117.80500030517578,2300.0
2024-08-21 14:23:00,TMC,1.1100000143051147,1.1100000143051147,1.1100000143051147,1.1100000143051147,1.1100000143051147,3059.0
2024-08-21 14:24:00,ALTO,1.4500000476837158,1.4500000476837158,1.4500000476837158,1.4500000476837158,1.4500000476837158,405.0
2024-08-21 14:24:00,ASTL,9.694999694824219,9.694999694824219,9.694999694824219,9.694999694824219,9.694999694824219,374.0
2024-08-21 14:24:00,CENX,14.4399995803833,14.4399995803833,14.4399995803833,14.4399995803833,14.4399995803833,296.0
2024-08-21 14:24:00,GEVO,0.7649000287055969,0.7649000287055969,0.7649000287055969,0.7649000287055969,0.7649000287055969,103.0
2024-08-21 14:24:00,GPRE,13.9399995803833,13.9399995803833,13.9399995803833,13.9399995803833,13.9399995803833,3177.0
2024-08-21 14:24:00,GSM,4.389999866485596,4.389999866485596,4.394999980926514,4.389999866485596,4.394999980926514,803.0
2024-08-21 14:24:00,HDSN,8.079299926757812,8.079299926757812,8.079299926757812,8.069999694824219,8.069999694824219,1900.0
2024-08-21 14:24:00,IOSP,110.94499969482422,110.94499969482422,111.06999969482422,110.94499969482422,111.06999969482422,850.0
2024-08-21 14:24:00,KALU,71.80000305175781,71.80000305175781,71.80000305175781,71.61000061035156,71.61000061035156,477.0
2024-08-21 14:24:00,LWLG,2.700000047683716,2.700000047683716,2.7098000049591064,2.700000047683716,2.7002999782562256,2200.0
2024-08-21 14:24:00,MERC,6.309999942779541,6.309999942779541,6.309999942779541,6.309999942779541,6.309999942779541,265.0
2024-08-21 14:24:00,METC,12.095000267028809,12.095000267028809,12.095000267028809,12.095000267028809,12.095000267028809,739.0
2024-08-21 14:24:00,ORGN,1.4880000352859497,1.4880000352859497,1.4880000352859497,1.4880000352859497,1.4880000352859497,1774.0
2024-08-21 14:24:00,PAAS,21.625,21.625,21.625,21.6200008392334,21.6200008392334,2408.0
2024-08-21 14:24:00,PLL,9.284500122070312,9.284500122070312,9.289999961853027,9.284500122070312,9.289999961853027,352.0
2024-08-21 14:24:00,SGML,11.279999732971191,11.279999732971191,11.289999961853027,11.270000457763672,11.270000457763672,4411.0
2024-08-21 14:24:00,SSRM,5.454999923706055,5.454999923706055,5.454999923706055,5.454999923706055,5.454999923706055,918.0
2024-08-21 14:24:00,STLD,117.8550033569336,117.8550033569336,117.86000061035156,117.8499984741211,117.8499984741211,1190.0
2024-08-21 14:24:00,USAU,5.531099796295166,5.531099796295166,5.531099796295166,5.531099796295166,5.531099796295166,1024.0
2024-08-21 14:25:00,ASTL,9.6899995803833,9.6899995803833,9.694999694824219,9.6899995803833,9.6899995803833,2067.0
2024-08-21 14:25:00,CENX,14.470000267028809,14.470000267028809,14.470000267028809,14.460000038146973,14.460000038146973,3093.0
2024-08-21 14:25:00,CNEY,0.33000001311302185,0.33000001311302185,0.33000001311302185,0.33000001311302185,0.33000001311302185,677.0
2024-08-21 14:25:00,ELBM,0.5013999938964844,0.5013999938964844,0.5013999938964844,0.5013999938964844,0.5013999938964844,2000.0
2024-08-21 14:25:00,GPRE,13.989999771118164,13.989999771118164,13.989999771118164,13.960000038146973,13.960000038146973,1494.0
2024-08-21 14:25:00,GSM,4.394999980926514,4.394999980926514,4.394999980926514,4.394999980926514,4.394999980926514,2188.0
2024-08-21 14:25:00,LGO,1.8910000324249268,1.8910000324249268,1.8910000324249268,1.8849999904632568,1.8849999904632568,300.0
2024-08-21 14:25:00,LWLG,2.7049999237060547,2.7049999237060547,2.70989990234375,2.700000047683716,2.700000047683716,2791.0
2024-08-21 14:25:00,MERC,6.330900192260742,6.330900192260742,6.330900192260742,6.320000171661377,6.320000171661377,2289.0
2024-08-21 14:25:00,METC,12.100000381469727,12.100000381469727,12.100000381469727,12.100000381469727,12.100000381469727,351.0
2024-08-21 14:25:00,PAAS,21.6200008392334,21.6200008392334,21.6200008392334,21.614999771118164,21.6200008392334,5161.0
2024-08-21 14:25:00,PLL,9.300000190734863,9.300000190734863,9.300000190734863,9.300000190734863,9.300000190734863,1160.0
2024-08-21 14:25:00,PPTA,8.835000038146973,8.835000038146973,8.835000038146973,8.829999923706055,8.829999923706055,1400.0
2024-08-21 14:25:00,SGML,11.29990005493164,11.29990005493164,11.29990005493164,11.279999732971191,11.279999732971191,2354.0
2024-08-21 14:25:00,SSRM,5.445000171661377,5.445000171661377,5.454999923706055,5.445000171661377,5.454999923706055,6232.0
2024-08-21 14:25:00,STLD,117.9000015258789,117.9000015258789,117.91000366210938,117.8550033569336,117.88999938964844,4523.0
2024-08-21 14:25:00,TMC,1.1050000190734863,1.1050000190734863,1.1089999675750732,1.1050000190734863,1.1089999675750732,14822.0
2024-08-21 14:25:00,UFPI,120.58999633789062,120.58999633789062,120.58999633789062,120.58999633789062,120.58999633789062,977.0
2024-08-21 14:25:00,ZEUS,41.290000915527344,41.290000915527344,41.290000915527344,41.290000915527344,41.290000915527344,464.0
2024-08-21 14:26:00,ALTO,1.440000057220459,1.440000057220459,1.440000057220459,1.440000057220459,1.440000057220459,400.0
2024-08-21 14:26:00,CENX,14.460000038146973,14.460000038146973,14.460000038146973,14.460000038146973,14.460000038146973,1405.0
2024-08-21 14:26:00,GEVO,0.7649000287055969,0.7649000287055969,0.7674000263214111,0.7649000287055969,0.7674000263214111,341.0
2024-08-21 14:26:00,GPRE,13.96500015258789,13.96500015258789,13.970000267028809,13.960000038146973,13.970000267028809,3509.0
2024-08-21 14:26:00,GSM,4.389999866485596,4.389999866485596,4.389999866485596,4.389999866485596,4.389999866485596,388.0
2024-08-21 14:26:00,HDSN,8.069999694824219,8.069999694824219,8.09000015258789,8.069999694824219,8.069999694824219,1963.0
2024-08-21 14:26:00,LGO,1.8849999904632568,1.8849999904632568,1.8849999904632568,1.8849999904632568,1.8849999904632568,2500.0
2024-08-21 14:26:00,LWLG,2.7100000381469727,2.7100000381469727,2.7100000381469727,2.700000047683716,2.700000047683716,400.0
2024-08-21 14:26:00,METC,12.109999656677246,12.109999656677246,12.109999656677246,12.100000381469727,12.100000381469727,588.0
2024-08-21 14:26:00,PAAS,21.584999084472656,21.584999084472656,21.610000610351562,21.579999923706055,21.610000610351562,3549.0
2024-08-21 14:26:00,PLL,9.3100004196167,9.3100004196167,9.3100004196167,9.295000076293945,9.29990005493164,2690.0
2024-08-21 14:26:00,PPTA,8.835000038146973,8.835000038146973,8.843000411987305,8.835000038146973,8.835000038146973,330.0
2024-08-21 14:26:00,RGLD,140.86000061035156,140.86000061035156,140.94500732421875,140.86000061035156,140.94500732421875,1324.0
2024-08-21 14:26:00,SGML,11.319999694824219,11.319999694824219,11.329999923706055,11.29990005493164,11.29990005493164,3872.0
2024-08-21 14:26:00,STLD,117.86499786376953,117.86499786376953,117.87000274658203,117.83999633789062,117.87000274658203,1839.0
2024-08-21 14:26:00,TMC,1.1100000143051147,1.1100000143051147,1.1100000143051147,1.100000023841858,1.1050000190734863,0.0
2024-08-21 14:26:00,USAP,40.13999938964844,40.13999938964844,40.13999938964844,40.13999938964844,40.13999938964844,1180.0
2024-08-21 14:27:00,ALTO,1.440000057220459,1.440000057220459,1.440000057220459,1.440000057220459,1.440000057220459,3377.0
2024-08-21 14:27:00,AREC,0.5424000024795532,0.5424000024795532,0.5424000024795532,0.5424000024795532,0.5424000024795532,300.0
2024-08-21 14:27:00,CRKN,1.8680000305175781,1.8680000305175781,1.8680000305175781,1.8680000305175781,1.8680000305175781,1202.0
2024-08-21 14:27:00,GEVO,0.7649000287055969,0.7649000287055969,0.7649000287055969,0.7649000287055969,0.7649000287055969,200.0
2024-08-21 14:27:00,GPRE,13.949999809265137,13.949999809265137,13.949999809265137,13.949999809265137,13.949999809265137,2194.0
2024-08-21 14:27:00,HDSN,8.069999694824219,8.069999694824219,8.079999923706055,8.069999694824219,8.079999923706055,1309.0
2024-08-21 14:27:00,IOSP,111.05500030517578,111.05500030517578,111.05500030517578,111.05500030517578,111.05500030517578,422.0
2024-08-21 14:27:00,KALU,71.6500015258789,71.6500015258789,71.66000366210938,71.6500015258789,71.66000366210938,656.0
2024-08-21 14:27:00,LWLG,2.7049999237060547,2.7049999237060547,2.7149999141693115,2.700000047683716,2.7100000381469727,13621.0
2024-08-21 14:27:00,METC,12.100000381469727,12.100000381469727,12.119099617004395,12.100000381469727,12.119099617004395,1921.0
2024-08-21 14:27:00,ORGN,1.5049999952316284,1.5049999952316284,1.5049999952316284,1.4900000095367432,1.4900000095367432,11529.0
2024-08-21 14:27:00,PAAS,21.604999542236328,21.604999542236328,21.610000610351562,21.584999084472656,21.59000015258789,4000.0
2024-08-21 14:27:00,PLL,9.300000190734863,9.300000190734863,9.300000190734863,9.300000190734863,9.300000190734863,1759.0
2024-08-21 14:27:00,PPTA,8.835000038146973,8.835000038146973,8.835000038146973,8.835000038146973,8.835000038146973,100.0
2024-08-21 14:27:00,RGLD,140.99000549316406,140.99000549316406,140.99000549316406,140.73379516601562,140.91000366210938,1133.0
2024-08-21 14:27:00,SGML,11.3149995803833,11.3149995803833,11.329999923706055,11.3149995803833,11.319999694824219,3113.0
2024-08-21 14:27:00,SMID,32.18000030517578,32.18000030517578,32.18000030517578,32.18000030517578,32.18000030517578,459.0
2024-08-21 14:27:00,SSRM,5.440000057220459,5.440000057220459,5.440000057220459,5.440000057220459,5.440000057220459,618.0
2024-08-21 14:27:00,STLD,117.86000061035156,117.86000061035156,117.86000061035156,117.86000061035156,117.86000061035156,205.0
2024-08-21 14:27:00,TMC,1.1100000143051147,1.1100000143051147,1.1100000143051147,1.1100000143051147,1.1100000143051147,1145.0
2024-08-21 14:27:00,UFPI,120.31999969482422,120.31999969482422,120.31999969482422,120.31999969482422,120.31999969482422,526.0
2024-08-21 14:27:00,USAP,40.099998474121094,40.099998474121094,40.16999816894531,40.06999969482422,40.16999816894531,2779.0
2024-08-21 14:28:00,ASTL,9.710000038146973,9.710000038146973,9.710000038146973,9.710000038146973,9.710000038146973,200.0
2024-08-21 14:28:00,CRKN,1.8899999856948853,1.8899999856948853,1.8899999856948853,1.8700000047683716,1.8700000047683716,7185.0
2024-08-21 14:28:00,GEVO,0.7660999894142151,0.7660999894142151,0.7674999833106995,0.7634000182151794,0.7674999833106995,1270.0
2024-08-21 14:28:00,GPRE,13.960000038146973,13.960000038146973,13.960000038146973,13.960000038146973,13.960000038146973,1143.0
2024-08-21 14:28:00,GSM,4.394999980926514,4.394999980926514,4.394999980926514,4.394999980926514,4.394999980926514,1062.0
2024-08-21 14:28:00,HDSN,8.069999694824219,8.069999694824219,8.072699546813965,8.069999694824219,8.072699546813965,2892.0
2024-08-21 14:28:00,HWKN,122.72000122070312,122.72000122070312,122.72000122070312,122.72000122070312,122.72000122070312,418.0
2024-08-21 14:28:00,LWLG,2.700000047683716,2.700000047683716,2.7049999237060547,2.700000047683716,2.700000047683716,2224.0
2024-08-21 14:28:00,MEOH,44.790000915527344,44.790000915527344,44.790000915527344,44.779998779296875,44.779998779296875,783.0
2024-08-21 14:28:00,MERC,6.360000133514404,6.360000133514404,6.369999885559082,6.340000152587891,6.340000152587891,3392.0
2024-08-21 14:28:00,METC,12.114999771118164,12.114999771118164,12.114999771118164,12.109999656677246,12.109999656677246,1747.0
2024-08-21 14:28:00,ORGN,1.5078999996185303,1.5078999996185303,1.5078999996185303,1.5078999996185303,1.5078999996185303,585.0
2024-08-21 14:28:00,PAAS,21.6200008392334,21.6200008392334,21.6200008392334,21.610000610351562,21.610000610351562,1761.0
2024-08-21 14:28:00,PPTA,8.84000015258789,8.84000015258789,8.84000015258789,8.84000015258789,8.84000015258789,1353.0
2024-08-21 14:28:00,SGML,11.3100004196167,11.3100004196167,11.3149995803833,11.3100004196167,11.3149995803833,2478.0
2024-08-21 14:28:00,SSRM,5.445000171661377,5.445000171661377,5.445000171661377,5.445000171661377,5.445000171661377,511.0
2024-08-21 14:28:00,STLD,117.88999938964844,117.88999938964844,117.90499877929688,117.8499984741211,117.8499984741211,3733.0
2024-08-21 14:28:00,TMC,1.1100000143051147,1.1100000143051147,1.1100000143051147,1.1100000143051147,1.1100000143051147,1574.0
2024-08-21 14:28:00,USAP,40.149898529052734,40.149898529052734,40.149898529052734,39.9900016784668,39.9900016784668,813.0
2024-08-21 14:29:00,ASTL,9.710000038146973,9.710000038146973,9.710000038146973,9.710000038146973,9.710000038146973,216.0
2024-08-21 14:29:00,CENX,14.470000267028809,14.470000267028809,14.470000267028809,14.460000038146973,14.460000038146973,2696.0
2024-08-21 14:29:00,CRKN,1.8899999856948853,1.8899999856948853,1.8899999856948853,1.8849999904632568,1.8849999904632568,681.0
2024-08-21 14:29:00,ELBM,0.5130000114440918,0.5130000114440918,0.5130000114440918,0.5130000114440918,0.5130000114440918,2561.0
2024-08-21 14:29:00,GEVO,0.7631999850273132,0.7631999850273132,0.7631999850273132,0.7631999850273132,0.7631999850273132,165.0
2024-08-21 14:29:00,GPRE,13.970000267028809,13.970000267028809,13.970000267028809,13.970000267028809,13.970000267028809,983.0
2024-08-21 14:29:00,GSM,4.389999866485596,4.389999866485596,4.389999866485596,4.389999866485596,4.389999866485596,214.0
2024-08-21 14:29:00,HDSN,8.079999923706055,8.079999923706055,8.079999923706055,8.079999923706055,8.079999923706055,307.0
2024-08-21 14:29:00,LWLG,2.700000047683716,2.700000047683716,2.7091000080108643,2.700000047683716,2.700000047683716,2683.0
2024-08-21 14:29:00,MEOH,44.81999969482422,44.81999969482422,44.81999969482422,44.807498931884766,44.807498931884766,314.0
2024-08-21 14:29:00,ORGN,1.5049999952316284,1.5049999952316284,1.5098999738693237,1.5049999952316284,1.5098999738693237,2160.0
2024-08-21 14:29:00,PAAS,21.6200008392334,21.6200008392334,21.6200008392334,21.610000610351562,21.6200008392334,3151.0
2024-08-21 14:29:00,PLL,9.270000457763672,9.270000457763672,9.270000457763672,9.270000457763672,9.270000457763672,376.0
2024-08-21 14:29:00,PPTA,8.84000015258789,8.84000015258789,8.84000015258789,8.84000015258789,8.84000015258789,400.0
2024-08-21 14:29:00,RGLD,141.0,141.0,141.0,141.0,141.0,1208.0
2024-08-21 14:29:00,SGML,11.3100004196167,11.3100004196167,11.3100004196167,11.295000076293945,11.3100004196167,2386.0
2024-08-21 14:29:00,SSRM,5.445000171661377,5.445000171661377,5.445000171661377,5.443999767303467,5.445000171661377,1443.0
2024-08-21 14:29:00,STLD,117.86000061035156,117.86000061035156,117.91000366210938,117.86000061035156,117.88999938964844,6041.0
2024-08-21 14:29:00,TMC,1.1100000143051147,1.1100000143051147,1.1100000143051147,1.1050000190734863,1.1050000190734863,6830.0
2024-08-21 14:29:00,USAU,5.53000020980835,5.53000020980835,5.53000020980835,5.53000020980835,5.53000020980835,699.0
2024-08-21 14:30:00,ASTL,9.710000038146973,9.710000038146973,9.710000038146973,9.710000038146973,9.710000038146973,358.0
2024-08-21 14:30:00,CENX,14.5,14.5,14.5,14.479999542236328,14.479999542236328,2415.0
2024-08-21 14:30:00,CRKN,1.8799999952316284,1.8799999952316284,1.8799999952316284,1.8799999952316284,1.8799999952316284,283.0
2024-08-21 14:30:00,GEVO,0.7631999850273132,0.7631999850273132,0.7631999850273132,0.7631999850273132,0.7631999850273132,200.0
2024-08-21 14:30:00,GSM,4.394999980926514,4.394999980926514,4.394999980926514,4.394999980926514,4.394999980926514,911.0
2024-08-21 14:30:00,HDSN,8.100000381469727,8.100000381469727,8.100000381469727,8.079999923706055,8.079999923706055,786.0
2024-08-21 14:30:00,HYMC,2.4600000381469727,2.4600000381469727,2.4600000381469727,2.440000057220459,2.440000057220459,889.0
2024-08-21 14:30:00,LWLG,2.700000047683716,2.700000047683716,2.700000047683716,2.700000047683716,2.700000047683716,600.0
2024-08-21 14:30:00,MEOH,44.81999969482422,44.81999969482422,44.81999969482422,44.81999969482422,44.81999969482422,1076.0
2024-08-21 14:30:00,MERC,6.355000019073486,6.355000019073486,6.355000019073486,6.349999904632568,6.349999904632568,925.0
2024-08-21 14:30:00,ORGN,1.5019999742507935,1.5019999742507935,1.5099999904632568,1.5010000467300415,1.5098999738693237,16965.0
2024-08-21 14:30:00,PAAS,21.614999771118164,21.614999771118164,21.614999771118164,21.614999771118164,21.614999771118164,424.0
2024-08-21 14:30:00,PLL,9.289999961853027,9.289999961853027,9.300000190734863,9.28030014038086,9.29990005493164,3185.0
2024-08-21 14:30:00,PPTA,8.84000015258789,8.84000015258789,8.84000015258789,8.84000015258789,8.84000015258789,102.0
2024-08-21 14:30:00,SGML,11.300000190734863,11.300000190734863,11.3100004196167,11.289999961853027,11.289999961853027,1129.0
2024-08-21 14:30:00,SSRM,5.449999809265137,5.449999809265137,5.449999809265137,5.449999809265137,5.449999809265137,5938.0
2024-08-21 14:30:00,STLD,117.97339630126953,117.97339630126953,117.97339630126953,117.87999725341797,117.88999938964844,3936.0
2024-08-21 14:30:00,TMC,1.1100000143051147,1.1100000143051147,1.1100000143051147,1.1100000143051147,1.1100000143051147,420.0
2024-08-21 14:30:00,UFPI,120.54000091552734,120.54000091552734,120.54000091552734,120.54000091552734,120.54000091552734,670.0
2024-08-21 14:31:00,AREC,0.5424000024795532,0.5424000024795532,0.5424000024795532,0.5424000024795532,0.5424000024795532,397.0
2024-08-21 14:31:00,CENX,14.510000228881836,14.510000228881836,14.510000228881836,14.510000228881836,14.510000228881836,1143.0
2024-08-21 14:31:00,CRKN,1.8801000118255615,1.8801000118255615,1.8899999856948853,1.8801000118255615,1.8899999856948853,387.0
2024-08-21 14:31:00,GPRE,13.979999542236328,13.979999542236328,13.979999542236328,13.979999542236328,13.979999542236328,570.0
2024-08-21 14:31:00,GSM,4.394999980926514,4.394999980926514,4.394999980926514,4.394999980926514,4.394999980926514,304.0
2024-08-21 14:31:00,HDSN,8.074999809265137,8.074999809265137,8.079999923706055,8.069999694824219,8.079999923706055,4528.0
2024-08-21 14:31:00,IOSP,111.19999694824219,111.19999694824219,111.19999694824219,111.19000244140625,111.19000244140625,1549.0
2024-08-21 14:31:00,LWLG,2.700000047683716,2.700000047683716,2.7009999752044678,2.700000047683716,2.700500011444092,14500.0
2024-08-21 14:31:00,METC,12.145400047302246,12.145400047302246,12.145400047302246,12.145400047302246,12.145400047302246,170.0
2024-08-21 14:31:00,ORGN,1.5049999952316284,1.5049999952316284,1.5049999952316284,1.5049999952316284,1.5049999952316284,401.0
2024-08-21 14:31:00,PAAS,21.614999771118164,21.614999771118164,21.614999771118164,21.604999542236328,21.614999771118164,2966.0
2024-08-21 14:31:00,PLL,9.250200271606445,9.250200271606445,9.250200271606445,9.250200271606445,9.250200271606445,446.0
2024-08-21 14:31:00,PPTA,8.84000015258789,8.84000015258789,8.84000015258789,8.84000015258789,8.84000015258789,151.0
2024-08-21 14:31:00,RGLD,141.0449981689453,141.0449981689453,141.0449981689453,140.9600067138672,141.00999450683594,2032.0
2024-08-21 14:31:00,SGML,11.329999923706055,11.329999923706055,11.329999923706055,11.300000190734863,11.300000190734863,3258.0
2024-08-21 14:31:00,SSRM,5.454999923706055,5.454999923706055,5.454999923706055,5.449999809265137,5.449999809265137,10216.0
2024-08-21 14:31:00,TMC,1.1100000143051147,1.1100000143051147,1.1100000143051147,1.1097999811172485,1.1097999811172485,1164.0
2024-08-21 14:32:00,ASTL,9.720000267028809,9.720000267028809,9.720000267028809,9.720000267028809,9.720000267028809,791.0
2024-08-21 14:32:00,GEVO,0.7663000226020813,0.7663000226020813,0.7663000226020813,0.7663000226020813,0.7663000226020813,1116.0
2024-08-21 14:32:00,GPRE,14.010000228881836,14.010000228881836,14.010000228881836,13.989999771118164,13.989999771118164,1932.0
2024-08-21 14:32:00,GSM,4.40500020980835,4.40500020980835,4.40500020980835,4.394999980926514,4.394999980926514,19492.0
2024-08-21 14:32:00,HDSN,8.079999923706055,8.079999923706055,8.09000015258789,8.069999694824219,8.069999694824219,1504.0
2024-08-21 14:32:00,HWKN,122.72000122070312,122.72000122070312,122.72000122070312,122.72000122070312,122.72000122070312,777.0
2024-08-21 14:32:00,KALU,71.69499969482422,71.69499969482422,71.79000091552734,71.66000366210938,71.77999877929688,2886.0
2024-08-21 14:32:00,LWLG,2.700000047683716,2.700000047683716,2.700000047683716,2.700000047683716,2.700000047683716,600.0
2024-08-21 14:32:00,METC,12.149999618530273,12.149999618530273,12.149999618530273,12.140000343322754,12.140000343322754,1168.0
2024-08-21 14:32:00,ORGN,1.5089999437332153,1.5089999437332153,1.5089999437332153,1.5089999437332153,1.5089999437332153,540.0
2024-08-21 14:32:00,PAAS,21.610000610351562,21.610000610351562,21.610000610351562,21.610000610351562,21.610000610351562,627.0
2024-08-21 14:32:00,PLL,9.255000114440918,9.255000114440918,9.255000114440918,9.255000114440918,9.255000114440918,1530.0
2024-08-21 14:32:00,SGML,11.34000015258789,11.34000015258789,11.34000015258789,11.329999923706055,11.329999923706055,3296.0
2024-08-21 14:32:00,STLD,117.9800033569336,117.9800033569336,118.0374984741211,117.9749984741211,118.01000213623047,3723.0
2024-08-21 14:32:00,UFPI,120.63500213623047,120.63500213623047,120.63500213623047,120.63500213623047,120.63500213623047,497.0
2024-08-21 14:32:00,USLM,78.66999816894531,78.66999816894531,78.66999816894531,78.66999816894531,78.66999816894531,180.0
2024-08-21 14:32:00,ZEUS,41.33000183105469,41.33000183105469,41.380001068115234,41.33000183105469,41.380001068115234,896.0
2024-08-21 14:33:00,ALTO,1.440000057220459,1.440000057220459,1.440000057220459,1.440000057220459,1.440000057220459,540.0
2024-08-21 14:33:00,CENX,14.537599563598633,14.537599563598633,14.537599563598633,14.537599563598633,14.537599563598633,546.0
2024-08-21 14:33:00,CRKN,1.8801000118255615,1.8801000118255615,1.8801000118255615,1.8801000118255615,1.8801000118255615,149.0
2024-08-21 14:33:00,GEVO,0.7688999772071838,0.7688999772071838,0.7689999938011169,0.7635999917984009,0.7663000226020813,1617.0
2024-08-21 14:33:00,GPRE,14.024999618530273,14.024999618530273,14.024999618530273,14.024999618530273,14.024999618530273,206.0
2024-08-21 14:33:00,GSM,4.40500020980835,4.40500020980835,4.40500020980835,4.40500020980835,4.40500020980835,392.0
2024-08-21 14:33:00,HDSN,8.079999923706055,8.079999923706055,8.079999923706055,8.079999923706055,8.079999923706055,462.0
2024-08-21 14:33:00,HYMC,2.450500011444092,2.450500011444092,2.4600000381469727,2.450500011444092,2.4600000381469727,898.0
2024-08-21 14:33:00,KALU,71.69750213623047,71.69750213623047,71.69750213623047,71.69750213623047,71.69750213623047,107.0
2024-08-21 14:33:00,LWLG,2.700000047683716,2.700000047683716,2.700000047683716,2.700000047683716,2.700000047683716,1426.0
2024-08-21 14:33:00,MEOH,44.86000061035156,44.86000061035156,44.872501373291016,44.86000061035156,44.872501373291016,1988.0
2024-08-21 14:33:00,MERC,6.340000152587891,6.340000152587891,6.340000152587891,6.340000152587891,6.340000152587891,1372.0
2024-08-21 14:33:00,ORGN,1.5049999952316284,1.5049999952316284,1.5099999904632568,1.5049999952316284,1.5099999904632568,589.0
2024-08-21 14:33:00,PAAS,21.604999542236328,21.604999542236328,21.614999771118164,21.604999542236328,21.614999771118164,1494.0
2024-08-21 14:33:00,PPTA,8.859999656677246,8.859999656677246,8.859999656677246,8.85990047454834,8.85990047454834,678.0
2024-08-21 14:33:00,SGML,11.34000015258789,11.34000015258789,11.34000015258789,11.335000038146973,11.34000015258789,1800.0
2024-08-21 14:33:00,SSRM,5.454999923706055,5.454999923706055,5.454999923706055,5.454999923706055,5.454999923706055,550.0
2024-08-21 14:33:00,STLD,118.08999633789062,118.08999633789062,118.08999633789062,117.96499633789062,117.96499633789062,4608.0
2024-08-21 14:33:00,TMC,1.1100000143051147,1.1100000143051147,1.1100000143051147,1.100000023841858,1.100000023841858,455.0
2024-08-21 14:34:00,ALTO,1.4450000524520874,1.4450000524520874,1.4450000524520874,1.4450000524520874,1.4450000524520874,12475.0
2024-08-21 14:34:00,GEVO,0.7688999772071838,0.7688999772071838,0.7688999772071838,0.763700008392334,0.7663999795913696,1356.0
2024-08-21 14:34:00,GPRE,13.989999771118164,13.989999771118164,14.029999732971191,13.989999771118164,14.029999732971191,2811.0
2024-08-21 14:34:00,HDSN,8.079999923706055,8.079999923706055,8.079999923706055,8.079999923706055,8.079999923706055,320.0
2024-08-21 14:34:00,KALU,71.70500183105469,71.70500183105469,71.70500183105469,71.70500183105469,71.70500183105469,405.0
2024-08-21 14:34:00,LWLG,2.700000047683716,2.700000047683716,2.700000047683716,2.700000047683716,2.700000047683716,768.0
2024-08-21 14:34:00,ORGN,1.5049999952316284,1.5049999952316284,1.5049999952316284,1.5049999952316284,1.5049999952316284,241.0
2024-08-21 14:34:00,PAAS,21.614999771118164,21.614999771118164,21.614999771118164,21.600000381469727,21.600000381469727,4004.0
2024-08-21 14:34:00,PLL,9.220000267028809,9.220000267028809,9.22070026397705,9.220000267028809,9.22070026397705,875.0
2024-08-21 14:34:00,SGML,11.350000381469727,11.350000381469727,11.350000381469727,11.34000015258789,11.34000015258789,391.0
2024-08-21 14:34:00,SMID,31.979999542236328,31.979999542236328,31.989999771118164,31.979999542236328,31.989999771118164,401.0
2024-08-21 14:34:00,SSRM,5.454999923706055,5.454999923706055,5.454999923706055,5.454999923706055,5.454999923706055,1284.0
2024-08-21 14:34:00,STLD,118.11000061035156,118.11000061035156,118.11499786376953,118.0999984741211,118.11499786376953,2380.0
2024-08-21 14:34:00,TMC,1.1100000143051147,1.1100000143051147,1.1100000143051147,1.1100000143051147,1.1100000143051147,1159.0
2024-08-21 14:34:00,UFPI,120.76499938964844,120.76499938964844,120.76499938964844,120.76499938964844,120.76499938964844,215.0
2024-08-21 14:35:00,ALTO,1.4450000524520874,1.4450000524520874,1.4450000524520874,1.4450000524520874,1.4450000524520874,134.0
2024-08-21 14:35:00,BCPC,169.25,169.25,169.25,169.25,169.25,552.0
2024-08-21 14:35:00,CENX,14.510000228881836,14.510000228881836,14.524999618530273,14.5,14.510000228881836,5949.0
2024-08-21 14:35:00,GEVO,0.763700008392334,0.763700008392334,0.7689999938011169,0.763700008392334,0.7689999938011169,1105.0
2024-08-21 14:35:00,GPRE,13.979999542236328,13.979999542236328,13.989999771118164,13.979999542236328,13.989999771118164,1805.0
2024-08-21 14:35:00,GSM,4.40500020980835,4.40500020980835,4.40500020980835,4.400000095367432,4.40500020980835,1198.0
2024-08-21 14:35:00,HDSN,8.079999923706055,8.079999923706055,8.079999923706055,8.074999809265137,8.079999923706055,1225.0
2024-08-21 14:35:00,HWKN,122.7699966430664,122.7699966430664,122.7699966430664,122.7699966430664,122.7699966430664,1129.0
2024-08-21 14:35:00,IOSP,111.20999908447266,111.20999908447266,111.20999908447266,111.20999908447266,111.20999908447266,1463.0
2024-08-21 14:35:00,KALU,71.6500015258789,71.6500015258789,71.6500015258789,71.6500015258789,71.6500015258789,505.0
2024-08-21 14:35:00,LGO,1.8980000019073486,1.8980000019073486,1.8980000019073486,1.8980000019073486,1.8980000019073486,501.0
2024-08-21 14:35:00,LWLG,2.700000047683716,2.700000047683716,2.7049999237060547,2.700000047683716,2.7049999237060547,1173.0
2024-08-21 14:35:00,MERC,6.340000152587891,6.340000152587891,6.340000152587891,6.340000152587891,6.340000152587891,1090.0
2024-08-21 14:35:00,METC,12.140000343322754,12.140000343322754,12.15999984741211,12.140000343322754,12.15999984741211,2550.0
2024-08-21 14:35:00,ORGN,1.5149999856948853,1.5149999856948853,1.5149999856948853,1.5049999952316284,1.5049999952316284,9111.0
2024-08-21 14:35:00,PAAS,21.600000381469727,21.600000381469727,21.61359977722168,21.589000701904297,21.61359977722168,10163.0
2024-08-21 14:35:00,PLL,9.289999961853027,9.289999961853027,9.289999961853027,9.220000267028809,9.220000267028809,6494.0
2024-08-21 14:35:00,RGLD,141.02999877929688,141.02999877929688,141.02999877929688,141.02999877929688,141.02999877929688,1977.0
2024-08-21 14:35:00,SGML,11.329999923706055,11.329999923706055,11.329999923706055,11.329999923706055,11.329999923706055,468.0
2024-08-21 14:35:00,SMID,31.770000457763672,31.770000457763672,31.770000457763672,31.770000457763672,31.770000457763672,947.0
2024-08-21 14:35:00,SSRM,5.449999809265137,5.449999809265137,5.449999809265137,5.449999809265137,5.449999809265137,2853.0
2024-08-21 14:35:00,STLD,118.26000213623047,118.26000213623047,118.31990051269531,118.05000305175781,118.05500030517578,5026.0
2024-08-21 14:35:00,TMC,1.1100000143051147,1.1100000143051147,1.1100000143051147,1.1100000143051147,1.1100000143051147,343.0
2024-08-21 14:35:00,UFPI,120.51000213623047,120.51000213623047,120.68000030517578,120.51000213623047,120.68000030517578,855.0
2024-08-21 14:35:00,USAP,39.97999954223633,39.97999954223633,39.9900016784668,39.97999954223633,39.9900016784668,1158.0
2024-08-21 14:36:00,ALTO,1.440000057220459,1.440000057220459,1.4450000524520874,1.440000057220459,1.4450000524520874,500.0
2024-08-21 14:36:00,AREC,0.5407999753952026,0.5407999753952026,0.5407999753952026,0.5407999753952026,0.5407999753952026,510.0
2024-08-21 14:36:00,CENX,14.510000228881836,14.510000228881836,14.510000228881836,14.510000228881836,14.510000228881836,873.0
2024-08-21 14:36:00,CRKN,1.8799999952316284,1.8799999952316284,1.8801000118255615,1.8799999952316284,1.8801000118255615,983.0
2024-08-21 14:36:00,GEVO,0.7663999795913696,0.7663999795913696,0.7663999795913696,0.7638000249862671,0.7663000226020813,1200.0
2024-08-21 14:36:00,GPRE,13.989999771118164,13.989999771118164,13.989999771118164,13.979999542236328,13.979999542236328,11125.0
2024-08-21 14:36:00,GSM,4.40500020980835,4.40500020980835,4.40500020980835,4.400000095367432,4.400000095367432,578.0
2024-08-21 14:36:00,HDSN,8.069999694824219,8.069999694824219,8.069999694824219,8.069999694824219,8.069999694824219,1346.0
2024-08-21 14:36:00,LWLG,2.7149999141693115,2.7149999141693115,2.7149999141693115,2.700000047683716,2.7049999237060547,6211.0
2024-08-21 14:36:00,ORGN,1.5049999952316284,1.5049999952316284,1.5099999904632568,1.5049999952316284,1.5099999904632568,3370.0
2024-08-21 14:36:00,PAAS,21.584999084472656,21.584999084472656,21.600000381469727,21.584999084472656,21.594999313354492,2849.0
2024-08-21 14:36:00,PLL,9.300000190734863,9.300000190734863,9.300000190734863,9.300000190734863,9.300000190734863,1132.0
2024-08-21 14:36:00,PPTA,8.864999771118164,8.864999771118164,8.864999771118164,8.864999771118164,8.864999771118164,102.0
2024-08-21 14:36:00,RETO,0.949999988079071,0.949999988079071,0.9538999795913696,0.949999988079071,0.9538999795913696,694.0
2024-08-21 14:36:00,RGLD,141.0500030517578,141.0500030517578,141.0500030517578,141.0500030517578,141.0500030517578,199.0
2024-08-21 14:36:00,SMID,31.899999618530273,31.899999618530273,31.899999618530273,31.899999618530273,31.899999618530273,208.0
2024-08-21 14:36:00,STLD,118.375,118.375,118.41999816894531,118.375,118.41999816894531,1569.0
2024-08-21 14:36:00,TMC,1.1098999977111816,1.1098999977111816,1.1100000143051147,1.1098999977111816,1.1100000143051147,746.0
2024-08-21 14:37:00,ALTO,1.4450000524520874,1.4450000524520874,1.4450000524520874,1.4450000524520874,1.4450000524520874,0.0
2024-08-21 14:37:00,CENX,14.520000457763672,14.520000457763672,14.520000457763672,14.510000228881836,14.510000228881836,886.0
2024-08-21 14:37:00,CRKN,1.8809000253677368,1.8809000253677368,1.8809000253677368,1.8809000253677368,1.8809000253677368,1304.0
2024-08-21 14:37:00,ELBM,0.5072000026702881,0.5072000026702881,0.5072000026702881,0.5072000026702881,0.5072000026702881,3296.0
2024-08-21 14:37:00,GEVO,0.7645999789237976,0.7645999789237976,0.7663999795913696,0.7645999789237976,0.7663999795913696,667.0
2024-08-21 14:37:00,GPRE,13.989999771118164,13.989999771118164,13.989999771118164,13.989999771118164,13.989999771118164,962.0
2024-08-21 14:37:00,GSM,4.40500020980835,4.40500020980835,4.40500020980835,4.400000095367432,4.400000095367432,564.0
2024-08-21 14:37:00,HDSN,8.074999809265137,8.074999809265137,8.079999923706055,8.074999809265137,8.079999923706055,2387.0
2024-08-21 14:37:00,LWLG,2.7149999141693115,2.7149999141693115,2.7200000286102295,2.7149999141693115,2.7167000770568848,3741.0
2024-08-21 14:37:00,METC,12.140000343322754,12.140000343322754,12.140000343322754,12.140000343322754,12.140000343322754,140.0
2024-08-21 14:37:00,PAAS,21.565000534057617,21.565000534057617,21.579999923706055,21.565000534057617,21.579999923706055,1985.0
2024-08-21 14:37:00,PLL,9.329899787902832,9.329899787902832,9.329999923706055,9.300000190734863,9.324000358581543,2906.0
2024-08-21 14:37:00,PPTA,8.859999656677246,8.859999656677246,8.864999771118164,8.859999656677246,8.864999771118164,1279.0
2024-08-21 14:37:00,RGLD,140.9600067138672,140.9600067138672,141.01499938964844,140.9600067138672,141.01499938964844,1614.0
2024-08-21 14:37:00,SGML,11.319999694824219,11.319999694824219,11.34000015258789,11.319999694824219,11.34000015258789,1089.0
2024-08-21 14:37:00,SMID,31.649999618530273,31.649999618530273,31.649999618530273,31.649999618530273,31.649999618530273,567.0
2024-08-21 14:37:00,SSRM,5.440000057220459,5.440000057220459,5.445000171661377,5.440000057220459,5.440000057220459,1082.0
2024-08-21 14:37:00,STLD,118.44000244140625,118.44000244140625,118.44000244140625,118.3499984741211,118.37999725341797,1763.0
2024-08-21 14:37:00,TMC,1.1100000143051147,1.1100000143051147,1.1100000143051147,1.1100000143051147,1.1100000143051147,208.0
2024-08-21 14:38:00,ALTO,1.443600058555603,1.443600058555603,1.4450000524520874,1.443600058555603,1.4450000524520874,363.0
2024-08-21 14:38:00,CENX,14.520000457763672,14.520000457763672,14.520000457763672,14.520000457763672,14.520000457763672,2591.0
2024-08-21 14:38:00,CRKN,1.8799999952316284,1.8799999952316284,1.8799999952316284,1.8799999952316284,1.8799999952316284,14274.0
2024-08-21 14:38:00,ELBM,0.5117999911308289,0.5117999911308289,0.5117999911308289,0.5117999911308289,0.5117999911308289,5022.0
2024-08-21 14:38:00,GPRE,14.0,14.0,14.0,13.994999885559082,13.994999885559082,1175.0
2024-08-21 14:38:00,GSM,4.40500020980835,4.40500020980835,4.40500020980835,4.400000095367432,4.400000095367432,788.0
2024-08-21 14:38:00,HWKN,122.37999725341797,122.37999725341797,122.56999969482422,122.37999725341797,122.56999969482422,608.0
2024-08-21 14:38:00,KALU,71.62000274658203,71.62000274658203,71.6500015258789,71.62000274658203,71.6500015258789,1396.0
2024-08-21 14:38:00,LGO,1.8799999952316284,1.8799999952316284,1.8849999904632568,1.8799999952316284,1.8799999952316284,300.0
2024-08-21 14:38:00,LWLG,2.7100000381469727,2.7100000381469727,2.7249999046325684,2.7100000381469727,2.7200000286102295,5606.0
2024-08-21 14:38:00,METC,12.140000343322754,12.140000343322754,12.140000343322754,12.140000343322754,12.140000343322754,802.0
2024-08-21 14:38:00,ORGN,1.4950000047683716,1.4950000047683716,1.5,1.4900000095367432,1.5,2545.0
2024-08-21 14:38:00,PAAS,21.541000366210938,21.541000366210938,21.549999237060547,21.541000366210938,21.549999237060547,1602.0
2024-08-21 14:38:00,PLL,9.304800033569336,9.304800033569336,9.328499794006348,9.304800033569336,9.328499794006348,863.0
2024-08-21 14:38:00,PPTA,8.890000343322754,8.890000343322754,8.890000343322754,8.890000343322754,8.890000343322754,220.0
2024-08-21 14:38:00,RGLD,140.90499877929688,140.90499877929688,140.91000366210938,140.90499877929688,140.91000366210938,1789.0
2024-08-21 14:38:00,SGML,11.3149995803833,11.3149995803833,11.3149995803833,11.3149995803833,11.3149995803833,2616.0
2024-08-21 14:38:00,SSRM,5.440000057220459,5.440000057220459,5.445000171661377,5.440000057220459,5.445000171661377,830.0
2024-08-21 14:38:00,STLD,118.5,118.5,118.5,118.4000015258789,118.44000244140625,12233.0
2024-08-21 14:38:00,TMC,1.1150000095367432,1.1150000095367432,1.1196999549865723,1.1150000095367432,1.1150000095367432,2926.0
2024-08-21 14:39:00,ALTO,1.4450000524520874,1.4450000524520874,1.4450000524520874,1.4450000524520874,1.4450000524520874,9.0
2024-08-21 14:39:00,CENX,14.520000457763672,14.520000457763672,14.520000457763672,14.520000457763672,14.520000457763672,934.0
2024-08-21 14:39:00,CRKN,1.8610999584197998,1.8610999584197998,1.8700000047683716,1.8610999584197998,1.8700000047683716,1205.0
2024-08-21 14:39:00,GEVO,0.7663000226020813,0.7663000226020813,0.7663000226020813,0.7663000226020813,0.7663000226020813,200.0
2024-08-21 14:39:00,GSM,4.409900188446045,4.409900188446045,4.409999847412109,4.400000095367432,4.400000095367432,1277.0
2024-08-21 14:39:00,HUDI,2.1800999641418457,2.1800999641418457,2.1800999641418457,2.180000066757202,2.180000066757202,1917.0
2024-08-21 14:39:00,LGO,1.8799999952316284,1.8799999952316284,1.8799999952316284,1.8799999952316284,1.8799999952316284,128.0
2024-08-21 14:39:00,LWLG,2.694999933242798,2.694999933242798,2.700000047683716,2.694999933242798,2.700000047683716,1087.0
2024-08-21 14:39:00,METC,12.140000343322754,12.140000343322754,12.140000343322754,12.140000343322754,12.140000343322754,146.0
2024-08-21 14:39:00,PAAS,21.559999465942383,21.559999465942383,21.559999465942383,21.53499984741211,21.545000076293945,2280.0
2024-08-21 14:39:00,PLL,9.329999923706055,9.329999923706055,9.329999923706055,9.300000190734863,9.300000190734863,3460.0
2024-08-21 14:39:00,PPTA,8.890000343322754,8.890000343322754,8.890000343322754,8.890000343322754,8.890000343322754,101.0
2024-08-21 14:39:00,RGLD,140.94000244140625,140.94000244140625,140.94000244140625,140.94000244140625,140.94000244140625,270.0
2024-08-21 14:39:00,SGML,11.319999694824219,11.319999694824219,11.319999694824219,11.319999694824219,11.319999694824219,295.0
2024-08-21 14:39:00,SSRM,5.445000171661377,5.445000171661377,5.445000171661377,5.440000057220459,5.440000057220459,573.0
2024-08-21 14:39:00,STLD,118.5199966430664,118.5199966430664,118.5199966430664,118.51499938964844,118.51499938964844,939.0
2024-08-21 14:39:00,TMC,1.1150000095367432,1.1150000095367432,1.1198999881744385,1.1150000095367432,1.1150000095367432,982.0
2024-08-21 14:40:00,ALTO,1.4450000524520874,1.4450000524520874,1.4450000524520874,1.4450000524520874,1.4450000524520874,139.0
2024-08-21 14:40:00,ASTL,9.720000267028809,9.720000267028809,9.720000267028809,9.720000267028809,9.720000267028809,111.0
2024-08-21 14:40:00,CENX,14.515000343322754,14.515000343322754,14.529999732971191,14.515000343322754,14.520000457763672,1228.0
2024-08-21 14:40:00,GEVO,0.7638000249862671,0.7638000249862671,0.7645000219345093,0.7638000249862671,0.7645000219345093,271.0
2024-08-21 14:40:00,GPRE,14.0,14.0,14.010000228881836,14.0,14.0,2439.0
2024-08-21 14:40:00,GSM,4.400000095367432,4.400000095367432,4.40500020980835,4.400000095367432,4.40500020980835,2538.0
2024-08-21 14:40:00,HDSN,8.079999923706055,8.079999923706055,8.079999923706055,8.079999923706055,8.079999923706055,345.0
2024-08-21 14:40:00,LWLG,2.690000057220459,2.690000057220459,2.6989998817443848,2.690000057220459,2.694999933242798,1270.0
2024-08-21 14:40:00,MEOH,44.73500061035156,44.73500061035156,44.73500061035156,44.70000076293945,44.70000076293945,1688.0
2024-08-21 14:40:00,METC,12.130000114440918,12.130000114440918,12.140000343322754,12.130000114440918,12.140000343322754,2889.0
2024-08-21 14:40:00,ORGN,1.4800000190734863,1.4800000190734863,1.4950000047683716,1.4800000190734863,1.4950000047683716,14089.0
2024-08-21 14:40:00,PAAS,21.564199447631836,21.564199447631836,21.565000534057617,21.549999237060547,21.559999465942383,2202.0
2024-08-21 14:40:00,RGLD,140.99000549316406,140.99000549316406,140.99000549316406,140.99000549316406,140.99000549316406,211.0
2024-08-21 14:40:00,SGML,11.3100004196167,11.3100004196167,11.319999694824219,11.300000190734863,11.319999694824219,2844.0
2024-08-21 14:40:00,SSRM,5.440000057220459,5.440000057220459,5.440000057220459,5.440000057220459,5.440000057220459,185.0
2024-08-21 14:40:00,STLD,118.58999633789062,118.58999633789062,118.58999633789062,118.51000213623047,118.58999633789062,4251.0
2024-08-21 14:40:00,TMC,1.1150000095367432,1.1150000095367432,1.1150000095367432,1.1100000143051147,1.1150000095367432,2070.0
2024-08-21 14:40:00,ZEUS,41.27000045776367,41.27000045776367,41.27000045776367,41.27000045776367,41.27000045776367,452.0
2024-08-21 14:41:00,ASTL,9.710000038146973,9.710000038146973,9.710000038146973,9.710000038146973,9.710000038146973,315.0
2024-08-21 14:41:00,BIOX,10.175000190734863,10.175000190734863,10.175000190734863,10.175000190734863,10.175000190734863,842.0
2024-08-21 14:41:00,CENX,14.494999885559082,14.494999885559082,14.510000228881836,14.489999771118164,14.510000228881836,1660.0
2024-08-21 14:41:00,GEVO,0.7639999985694885,0.7639999985694885,0.7639999985694885,0.7639999985694885,0.7639999985694885,113.0
2024-08-21 14:41:00,GPRE,14.0,14.0,14.0,14.0,14.0,553.0
2024-08-21 14:41:00,GSM,4.400000095367432,4.400000095367432,4.400000095367432,4.400000095367432,4.400000095367432,300.0
2024-08-21 14:41:00,HDSN,8.074999809265137,8.074999809265137,8.074999809265137,8.074999809265137,8.074999809265137,106.0
2024-08-21 14:41:00,LWLG,2.684999942779541,2.684999942779541,2.690000057220459,2.684999942779541,2.690000057220459,1699.0
2024-08-21 14:41:00,MERC,6.335999965667725,6.335999965667725,6.335999965667725,6.335999965667725,6.335999965667725,554.0
2024-08-21 14:41:00,METC,12.09000015258789,12.09000015258789,12.119999885559082,12.09000015258789,12.119999885559082,3223.0
2024-08-21 14:41:00,PAAS,21.559999465942383,21.559999465942383,21.565000534057617,21.559999465942383,21.565000534057617,2961.0
2024-08-21 14:41:00,PLL,9.3149995803833,9.3149995803833,9.319999694824219,9.301899909973145,9.319999694824219,754.0
2024-08-21 14:41:00,RETO,0.9200999736785889,0.9200999736785889,0.9401000142097473,0.9200999736785889,0.9401000142097473,2398.0
2024-08-21 14:41:00,RGLD,140.97999572753906,140.97999572753906,140.97999572753906,140.97999572753906,140.97999572753906,394.0
2024-08-21 14:41:00,SGML,11.300000190734863,11.300000190734863,11.319999694824219,11.300000190734863,11.319999694824219,3805.0
2024-08-21 14:41:00,SSRM,5.440000057220459,5.440000057220459,5.440000057220459,5.440000057220459,5.440000057220459,289.0
2024-08-21 14:41:00,STLD,118.5,118.5,118.57499694824219,118.47000122070312,118.57499694824219,4698.0
2024-08-21 14:42:00,ALTO,1.440000057220459,1.440000057220459,1.440000057220459,1.440000057220459,1.440000057220459,307.0
2024-08-21 14:42:00,CENX,14.489999771118164,14.489999771118164,14.489999771118164,14.479999542236328,14.479999542236328,1498.0
2024-08-21 14:42:00,CRKN,1.8601000308990479,1.8601000308990479,1.8601000308990479,1.8601000308990479,1.8601000308990479,9020.0
2024-08-21 14:42:00,GEVO,0.7652999758720398,0.7652999758720398,0.7652999758720398,0.7652999758720398,0.7652999758720398,201.0
2024-08-21 14:42:00,GPRE,14.0,14.0,14.0,14.0,14.0,1511.0
2024-08-21 14:42:00,GSM,4.409999847412109,4.409999847412109,4.409999847412109,4.400000095367432,4.400000095367432,500.0
2024-08-21 14:42:00,HWKN,122.44499969482422,122.44499969482422,122.44499969482422,122.44499969482422,122.44499969482422,954.0
2024-08-21 14:42:00,LWLG,2.684999942779541,2.684999942779541,2.684999942779541,2.684999942779541,2.684999942779541,81.0
2024-08-21 14:42:00,MERC,6.335000038146973,6.335000038146973,6.335000038146973,6.335000038146973,6.335000038146973,133.0
2024-08-21 14:42:00,ORGN,1.4850000143051147,1.4850000143051147,1.4850000143051147,1.4850000143051147,1.4850000143051147,337.0
2024-08-21 14:42:00,PAAS,21.540000915527344,21.540000915527344,21.55500030517578,21.540000915527344,21.55500030517578,949.0
2024-08-21 14:42:00,PPTA,8.890000343322754,8.890000343322754,8.890000343322754,8.890000343322754,8.890000343322754,167.0
2024-08-21 14:42:00,RETO,0.9496999979019165,0.9496999979019165,0.9496999979019165,0.9496999979019165,0.9496999979019165,502.0
2024-08-21 14:42:00,RGLD,140.97999572753906,140.97999572753906,141.02999877929688,140.97999572753906,141.02999877929688,720.0
2024-08-21 14:42:00,SGML,11.3100004196167,11.3100004196167,11.3100004196167,11.300000190734863,11.300000190734863,411.0
2024-08-21 14:42:00,SSRM,5.429999828338623,5.429999828338623,5.440000057220459,5.429999828338623,5.440000057220459,1257.0
2024-08-21 14:42:00,STLD,118.48999786376953,118.48999786376953,118.55999755859375,118.48999786376953,118.52999877929688,785.0
2024-08-21 14:42:00,TMC,1.1150000095367432,1.1150000095367432,1.1150000095367432,1.1150000095367432,1.1150000095367432,477.0
2024-08-21 14:42:00,UFPI,120.48500061035156,120.48500061035156,120.48500061035156,120.48500061035156,120.48500061035156,374.0
2024-08-21 14:43:00,CENX,14.5,14.5,14.5,14.479999542236328,14.489999771118164,6589.0
2024-08-21 14:43:00,CRKN,1.860200047492981,1.860200047492981,1.860200047492981,1.8601000308990479,1.8601000308990479,3178.0
2024-08-21 14:43:00,GEVO,0.7670999765396118,0.7670999765396118,0.7671999931335449,0.7670999765396118,0.7671999931335449,1169.0
2024-08-21 14:43:00,GSM,4.400000095367432,4.400000095367432,4.40500020980835,4.400000095367432,4.40500020980835,406.0
2024-08-21 14:43:00,HDSN,8.069999694824219,8.069999694824219,8.069999694824219,8.069999694824219,8.069999694824219,675.0
2024-08-21 14:43:00,LGO,1.8799999952316284,1.8799999952316284,1.8799999952316284,1.8799999952316284,1.8799999952316284,186.0
2024-08-21 14:43:00,MERC,6.335000038146973,6.335000038146973,6.335000038146973,6.329999923706055,6.329999923706055,1277.0
2024-08-21 14:43:00,METC,12.095000267028809,12.095000267028809,12.095000267028809,12.089500427246094,12.09000015258789,367.0
2024-08-21 14:43:00,ORGN,1.5,1.5,1.5,1.4900000095367432,1.4900000095367432,5688.0
2024-08-21 14:43:00,PAAS,21.540000915527344,21.540000915527344,21.540000915527344,21.530000686645508,21.53499984741211,1901.0
2024-08-21 14:43:00,PLL,9.289999961853027,9.289999961853027,9.300000190734863,9.282999992370605,9.300000190734863,1207.0
2024-08-21 14:43:00,RGLD,140.97999572753906,140.97999572753906,140.97999572753906,140.97999572753906,140.97999572753906,800.0
2024-08-21 14:43:00,SGML,11.300000190734863,11.300000190734863,11.3100004196167,11.300000190734863,11.3100004196167,624.0
2024-08-21 14:43:00,SSRM,5.429999828338623,5.429999828338623,5.434999942779541,5.429999828338623,5.434999942779541,1453.0
2024-08-21 14:43:00,STLD,118.55000305175781,118.55000305175781,118.55000305175781,118.55000305175781,118.55000305175781,357.0
2024-08-21 14:43:00,TMC,1.1100000143051147,1.1100000143051147,1.1100000143051147,1.1100000143051147,1.1100000143051147,4762.0
2024-08-21 14:43:00,UFPI,120.46499633789062,120.46499633789062,120.46499633789062,120.46499633789062,120.46499633789062,875.0
2024-08-21 14:44:00,GEVO,0.763700008392334,0.763700008392334,0.7688000202178955,0.763700008392334,0.7688000202178955,854.0
2024-08-21 14:44:00,GSM,4.40500020980835,4.40500020980835,4.409999847412109,4.40500020980835,4.409999847412109,685.0
2024-08-21 14:44:00,HDSN,8.029999732971191,8.029999732971191,8.0600004196167,8.029999732971191,8.0600004196167,7153.0
2024-08-21 14:44:00,MEOH,44.70000076293945,44.70000076293945,44.70000076293945,44.70000076293945,44.70000076293945,583.0
2024-08-21 14:44:00,ORGN,1.5,1.5,1.5,1.4996999502182007,1.4996999502182007,1815.0
2024-08-21 14:44:00,PAAS,21.530000686645508,21.530000686645508,21.549999237060547,21.530000686645508,21.549999237060547,1457.0
2024-08-21 14:44:00,PLL,9.28499984741211,9.28499984741211,9.28499984741211,9.280099868774414,9.280099868774414,1351.0
2024-08-21 14:44:00,PPTA,8.880000114440918,8.880000114440918,8.880000114440918,8.880000114440918,8.880000114440918,369.0
2024-08-21 14:44:00,SGML,11.34000015258789,11.34000015258789,11.34000015258789,11.3100004196167,11.3100004196167,19031.0
2024-08-21 14:44:00,SSRM,5.429999828338623,5.429999828338623,5.438199996948242,5.429999828338623,5.438199996948242,1028.0
2024-08-21 14:44:00,STLD,118.62999725341797,118.62999725341797,118.62999725341797,118.62090301513672,118.62999725341797,1383.0
2024-08-21 14:44:00,USLM,78.74500274658203,78.74500274658203,78.74500274658203,78.74500274658203,78.74500274658203,348.0
2024-08-21 14:45:00,ASTL,9.710000038146973,9.710000038146973,9.710000038146973,9.710000038146973,9.710000038146973,357.0
2024-08-21 14:45:00,BCPC,168.83999633789062,168.83999633789062,168.83999633789062,168.8300018310547,168.8300018310547,557.0
2024-08-21 14:45:00,CENX,14.494999885559082,14.494999885559082,14.5,14.494999885559082,14.5,1174.0
2024-08-21 14:45:00,CNEY,0.32100000977516174,0.32100000977516174,0.32100000977516174,0.32100000977516174,0.32100000977516174,1778.0
2024-08-21 14:45:00,GEVO,0.7649999856948853,0.7649999856948853,0.7649999856948853,0.7649999856948853,0.7649999856948853,200.0
2024-08-21 14:45:00,GPRE,14.010000228881836,14.010000228881836,14.010000228881836,14.0,14.0,1031.0
2024-08-21 14:45:00,GSM,4.400000095367432,4.400000095367432,4.400000095367432,4.400000095367432,4.400000095367432,200.0
2024-08-21 14:45:00,HDSN,8.039999961853027,8.039999961853027,8.050000190734863,8.029999732971191,8.029999732971191,5188.0
2024-08-21 14:45:00,KALU,71.57499694824219,71.57499694824219,71.58000183105469,71.57499694824219,71.58000183105469,410.0
2024-08-21 14:45:00,LWLG,2.680000066757202,2.680000066757202,2.680000066757202,2.680000066757202,2.680000066757202,400.0
2024-08-21 14:45:00,MEOH,44.73500061035156,44.73500061035156,44.75,44.70000076293945,44.720001220703125,2477.0
2024-08-21 14:45:00,MERC,6.329999923706055,6.329999923706055,6.329999923706055,6.329999923706055,6.329999923706055,497.0
2024-08-21 14:45:00,METC,12.09000015258789,12.09000015258789,12.09000015258789,12.09000015258789,12.09000015258789,251.0
2024-08-21 14:45:00,PAAS,21.520000457763672,21.520000457763672,21.540000915527344,21.510000228881836,21.540000915527344,3735.0
2024-08-21 14:45:00,PLL,9.270000457763672,9.270000457763672,9.28499984741211,9.270000457763672,9.28499984741211,856.0
2024-08-21 14:45:00,PPTA,8.859999656677246,8.859999656677246,8.859999656677246,8.859999656677246,8.859999656677246,200.0
2024-08-21 14:45:00,SGML,11.35990047454834,11.35990047454834,11.35990047454834,11.34000015258789,11.350000381469727,49393.0
2024-08-21 14:45:00,SSRM,5.434999942779541,5.434999942779541,5.434999942779541,5.429999828338623,5.429999828338623,1255.0
2024-08-21 14:45:00,STLD,118.6449966430664,118.6449966430664,118.6449966430664,118.63999938964844,118.63999938964844,524.0
2024-08-21 14:45:00,USAP,39.87630081176758,39.87630081176758,39.87630081176758,39.87630081176758,39.87630081176758,759.0
2024-08-21 14:46:00,CENX,14.5,14.5,14.50570011138916,14.5,14.50570011138916,1692.0
2024-08-21 14:46:00,GEVO,0.7651000022888184,0.7651000022888184,0.7651000022888184,0.7651000022888184,0.7651000022888184,4117.0
2024-08-21 14:46:00,GPRE,14.010000228881836,14.010000228881836,14.010000228881836,14.010000228881836,14.010000228881836,785.0
2024-08-21 14:46:00,GSM,4.400000095367432,4.400000095367432,4.400000095367432,4.400000095367432,4.400000095367432,283.0
2024-08-21 14:46:00,HDSN,8.050000190734863,8.050000190734863,8.050000190734863,8.029999732971191,8.029999732971191,2753.0
2024-08-21 14:46:00,IOSP,111.1050033569336,111.1050033569336,111.1050033569336,111.1050033569336,111.1050033569336,253.0
2024-08-21 14:46:00,METC,12.100000381469727,12.100000381469727,12.100000381469727,12.100000381469727,12.100000381469727,397.0
2024-08-21 14:46:00,PAAS,21.540000915527344,21.540000915527344,21.540000915527344,21.538999557495117,21.540000915527344,1095.0
2024-08-21 14:46:00,PLL,9.274999618530273,9.274999618530273,9.279999732971191,9.260000228881836,9.260000228881836,1229.0
2024-08-21 14:46:00,PPTA,8.859999656677246,8.859999656677246,8.859999656677246,8.859999656677246,8.859999656677246,707.0
2024-08-21 14:46:00,RGLD,140.99000549316406,140.99000549316406,140.99000549316406,140.99000549316406,140.99000549316406,1532.0
2024-08-21 14:46:00,SGML,11.350000381469727,11.350000381469727,11.359999656677246,11.350000381469727,11.354999542236328,3227.0
2024-08-21 14:46:00,SSRM,5.429999828338623,5.429999828338623,5.429999828338623,5.429999828338623,5.429999828338623,171.0
2024-08-21 14:46:00,STLD,118.7699966430664,118.7699966430664,118.7699966430664,118.69499969482422,118.70999908447266,1828.0
2024-08-21 14:46:00,TMC,1.100100040435791,1.100100040435791,1.100100040435791,1.100100040435791,1.100100040435791,3842.0
2024-08-21 14:46:00,UFPI,120.48999786376953,120.48999786376953,120.5,120.48999786376953,120.5,1534.0
2024-08-21 14:47:00,ASTL,9.704999923706055,9.704999923706055,9.720000267028809,9.704999923706055,9.719900131225586,9306.0
2024-08-21 14:47:00,CRKN,1.8600000143051147,1.8600000143051147,1.8600000143051147,1.8600000143051147,1.8600000143051147,9224.0
2024-08-21 14:47:00,GPRE,14.020000457763672,14.020000457763672,14.024999618530273,14.020000457763672,14.024999618530273,51615.0
2024-08-21 14:47:00,HDSN,8.0600004196167,8.0600004196167,8.0600004196167,8.0600004196167,8.0600004196167,798.0
2024-08-21 14:47:00,HYMC,2.4749999046325684,2.4749999046325684,2.4749999046325684,2.4749999046325684,2.4749999046325684,450.0
2024-08-21 14:47:00,LWLG,2.690000057220459,2.690000057220459,2.690000057220459,2.684999942779541,2.684999942779541,1674.0
2024-08-21 14:47:00,MEOH,44.77000045776367,44.77000045776367,44.77000045776367,44.77000045776367,44.77000045776367,239.0
2024-08-21 14:47:00,METC,12.109999656677246,12.109999656677246,12.109999656677246,12.100000381469727,12.100000381469727,1220.0
2024-08-21 14:47:00,PAAS,21.555700302124023,21.555700302124023,21.559999465942383,21.540000915527344,21.540000915527344,3868.0
2024-08-21 14:47:00,PLL,9.250100135803223,9.250100135803223,9.260000228881836,9.250100135803223,9.260000228881836,1728.0
2024-08-21 14:47:00,PPTA,8.84000015258789,8.84000015258789,8.859999656677246,8.84000015258789,8.859999656677246,1465.0
2024-08-21 14:47:00,SGML,11.369999885559082,11.369999885559082,11.369999885559082,11.340100288391113,11.354999542236328,2930.0
2024-08-21 14:47:00,SSRM,5.429999828338623,5.429999828338623,5.434999942779541,5.429999828338623,5.434999942779541,1046.0
2024-08-21 14:47:00,STLD,118.77999877929688,118.77999877929688,118.77999877929688,118.74500274658203,118.74500274658203,1012.0
2024-08-21 14:47:00,ZEUS,41.21500015258789,41.21500015258789,41.21500015258789,41.21500015258789,41.21500015258789,214.0
2024-08-21 14:48:00,ACNT,10.0,10.0,10.0,10.0,10.0,757.0
2024-08-21 14:48:00,ASTL,9.699999809265137,9.699999809265137,9.699999809265137,9.699999809265137,9.699999809265137,650.0
2024-08-21 14:48:00,CENX,14.48009967803955,14.48009967803955,14.5,14.479999542236328,14.5,3639.0
2024-08-21 14:48:00,CRKN,1.8601000308990479,1.8601000308990479,1.8601000308990479,1.8601000308990479,1.8601000308990479,581.0
2024-08-21 14:48:00,GPRE,14.029999732971191,14.029999732971191,14.029999732971191,14.020000457763672,14.020000457763672,52795.0
2024-08-21 14:48:00,HDSN,8.069999694824219,8.069999694824219,8.069999694824219,8.069999694824219,8.069999694824219,975.0
2024-08-21 14:48:00,MERC,6.335000038146973,6.335000038146973,6.335000038146973,6.335000038146973,6.335000038146973,404.0
2024-08-21 14:48:00,ORGN,1.5049999952316284,1.5049999952316284,1.5049999952316284,1.5049999952316284,1.5049999952316284,900.0
2024-08-21 14:48:00,PAAS,21.559999465942383,21.559999465942383,21.569000244140625,21.559799194335938,21.559799194335938,4565.0
2024-08-21 14:48:00,PPTA,8.84000015258789,8.84000015258789,8.84000015258789,8.84000015258789,8.84000015258789,124.0
2024-08-21 14:48:00,RGLD,141.2449951171875,141.2449951171875,141.2449951171875,141.17999267578125,141.17999267578125,3262.0
2024-08-21 14:48:00,SGML,11.390000343322754,11.390000343322754,11.390000343322754,11.380000114440918,11.380000114440918,1539.0
2024-08-21 14:48:00,SSRM,5.429999828338623,5.429999828338623,5.434999942779541,5.429999828338623,5.434999942779541,2854.0
2024-08-21 14:48:00,STLD,118.75499725341797,118.75499725341797,118.76499938964844,118.69999694824219,118.76499938964844,4650.0
2024-08-21 14:48:00,TMC,1.1100000143051147,1.1100000143051147,1.1100000143051147,1.1100000143051147,1.1100000143051147,232.0
2024-08-21 14:48:00,ZEUS,41.2599983215332,41.2599983215332,41.2599983215332,41.2599983215332,41.2599983215332,1237.0
2024-08-21 14:49:00,ASTL,9.699999809265137,9.699999809265137,9.699999809265137,9.699999809265137,9.699999809265137,975.0
2024-08-21 14:49:00,CENX,14.489999771118164,14.489999771118164,14.489999771118164,14.489999771118164,14.489999771118164,952.0
2024-08-21 14:49:00,CNEY,0.32989999651908875,0.32989999651908875,0.32989999651908875,0.32989999651908875,0.32989999651908875,0.0
2024-08-21 14:49:00,GEVO,0.7651000022888184,0.7651000022888184,0.7651000022888184,0.7651000022888184,0.7651000022888184,206.0
2024-08-21 14:49:00,GPRE,14.029999732971191,14.029999732971191,14.029999732971191,14.029999732971191,14.029999732971191,415.0
2024-08-21 14:49:00,IOSP,111.26000213623047,111.26000213623047,111.26000213623047,111.26000213623047,111.26000213623047,209.0
2024-08-21 14:49:00,LWLG,2.694999933242798,2.694999933242798,2.694999933242798,2.690000057220459,2.694999933242798,653.0
2024-08-21 14:49:00,MEOH,44.790000915527344,44.790000915527344,44.79999923706055,44.790000915527344,44.79999923706055,951.0
2024-08-21 14:49:00,MERC,6.329999923706055,6.329999923706055,6.329999923706055,6.329999923706055,6.329999923706055,423.0
2024-08-21 14:49:00,METC,12.109999656677246,12.109999656677246,12.109999656677246,12.109999656677246,12.109999656677246,1010.0
2024-08-21 14:49:00,ORGN,1.5199999809265137,1.5199999809265137,1.5199999809265137,1.5099999904632568,1.5099999904632568,10480.0
2024-08-21 14:49:00,PAAS,21.56999969482422,21.56999969482422,21.56999969482422,21.559999465942383,21.559999465942383,2810.0
2024-08-21 14:49:00,PLL,9.265000343322754,9.265000343322754,9.267999649047852,9.265000343322754,9.267999649047852,653.0
2024-08-21 14:49:00,RGLD,141.2449951171875,141.2449951171875,141.2449951171875,141.2449951171875,141.2449951171875,1426.0
2024-08-21 14:49:00,SGML,11.399999618530273,11.399999618530273,11.4399995803833,11.399999618530273,11.399999618530273,12844.0
2024-08-21 14:49:00,SSRM,5.429999828338623,5.429999828338623,5.429999828338623,5.429999828338623,5.429999828338623,214.0
2024-08-21 14:49:00,STLD,118.79720306396484,118.79720306396484,118.80500030517578,118.77999877929688,118.77999877929688,6867.0
2024-08-21 14:49:00,TMC,1.1098999977111816,1.1098999977111816,1.1098999977111816,1.1050000190734863,1.1050000190734863,311.0
2024-08-21 14:50:00,ASTL,9.694999694824219,9.694999694824219,9.694999694824219,9.694999694824219,9.694999694824219,227.0
2024-08-21 14:50:00,CNEY,0.3206000030040741,0.3206000030040741,0.32100000977516174,0.3206000030040741,0.32100000977516174,868.0
2024-08-21 14:50:00,FEAM,0.8579000234603882,0.8579000234603882,0.8579000234603882,0.8579000234603882,0.8579000234603882,147.0
2024-08-21 14:50:00,GEVO,0.7688999772071838,0.7688999772071838,0.7688999772071838,0.7688000202178955,0.7688000202178955,5059.0
2024-08-21 14:50:00,GPRE,14.029999732971191,14.029999732971191,14.029999732971191,14.029999732971191,14.029999732971191,419.0
2024-08-21 14:50:00,GSM,4.400000095367432,4.400000095367432,4.40500020980835,4.400000095367432,4.40500020980835,360.0
2024-08-21 14:50:00,HDSN,8.069999694824219,8.069999694824219,8.079999923706055,8.069999694824219,8.079999923706055,802.0
2024-08-21 14:50:00,LWLG,2.694999933242798,2.694999933242798,2.694999933242798,2.694999933242798,2.694999933242798,599.0
2024-08-21 14:50:00,METC,12.119999885559082,12.119999885559082,12.128499984741211,12.119999885559082,12.119999885559082,1013.0
2024-08-21 14:50:00,ORGN,1.524999976158142,1.524999976158142,1.524999976158142,1.5156999826431274,1.5198999643325806,6077.0
2024-08-21 14:50:00,PAAS,21.559999465942383,21.559999465942383,21.565000534057617,21.549999237060547,21.565000534057617,2009.0
2024-08-21 14:50:00,PLL,9.289999961853027,9.289999961853027,9.289999961853027,9.270000457763672,9.270000457763672,2429.0
2024-08-21 14:50:00,PPTA,8.84000015258789,8.84000015258789,8.84000015258789,8.84000015258789,8.84000015258789,653.0
2024-08-21 14:50:00,RGLD,141.0449981689453,141.0449981689453,141.07000732421875,141.0449981689453,141.07000732421875,2238.0
2024-08-21 14:50:00,SGML,11.430000305175781,11.430000305175781,11.430000305175781,11.420000076293945,11.430000305175781,1576.0
2024-08-21 14:50:00,SSRM,5.425000190734863,5.425000190734863,5.434999942779541,5.420000076293945,5.429999828338623,5373.0
2024-08-21 14:50:00,STLD,118.87000274658203,118.87000274658203,118.87999725341797,118.83499908447266,118.86000061035156,1494.0
2024-08-21 14:50:00,TMC,1.1100000143051147,1.1100000143051147,1.1100000143051147,1.1100000143051147,1.1100000143051147,210.0
2024-08-21 14:50:00,ZKIN,0.4912000000476837,0.4912000000476837,0.4912000000476837,0.4912000000476837,0.4912000000476837,0.0
2024-08-21 14:51:00,ASTL,9.704999923706055,9.704999923706055,9.704999923706055,9.699999809265137,9.699999809265137,1029.0
2024-08-21 14:51:00,CENX,14.539999961853027,14.539999961853027,14.539999961853027,14.5,14.5,3725.0
2024-08-21 14:51:00,CRKN,1.8650000095367432,1.8650000095367432,1.8650000095367432,1.8650000095367432,1.8650000095367432,1752.0
2024-08-21 14:51:00,GEVO,0.7671999931335449,0.7671999931335449,0.7671999931335449,0.7671999931335449,0.7671999931335449,499.0
2024-08-21 14:51:00,GPRE,14.029999732971191,14.029999732971191,14.050000190734863,14.029999732971191,14.039999961853027,3149.0
2024-08-21 14:51:00,GSM,4.40500020980835,4.40500020980835,4.40500020980835,4.40500020980835,4.40500020980835,1229.0
2024-08-21 14:51:00,HDSN,8.069999694824219,8.069999694824219,8.069999694824219,8.069999694824219,8.069999694824219,590.0
2024-08-21 14:51:00,HYMC,2.4779999256134033,2.4779999256134033,2.4779999256134033,2.4779999256134033,2.4779999256134033,276.0
2024-08-21 14:51:00,KALU,71.75,71.75,71.75,71.73999786376953,71.73999786376953,1497.0
2024-08-21 14:51:00,LWLG,2.700000047683716,2.700000047683716,2.700000047683716,2.700000047683716,2.700000047683716,1270.0
2024-08-21 14:51:00,MEOH,44.79499816894531,44.79499816894531,44.79499816894531,44.79499816894531,44.79499816894531,527.0
2024-08-21 14:51:00,MERC,6.340000152587891,6.340000152587891,6.340000152587891,6.340000152587891,6.340000152587891,1296.0
2024-08-21 14:51:00,METC,12.130000114440918,12.130000114440918,12.130000114440918,12.130000114440918,12.130000114440918,935.0
2024-08-21 14:51:00,PAAS,21.559999465942383,21.559999465942383,21.575000762939453,21.554899215698242,21.554899215698242,3974.0
2024-08-21 14:51:00,PLL,9.329999923706055,9.329999923706055,9.34000015258789,9.329999923706055,9.34000015258789,380.0
2024-08-21 14:51:00,RGLD,141.19000244140625,141.19000244140625,141.19000244140625,141.19000244140625,141.19000244140625,515.0
2024-08-21 14:51:00,SGML,11.460000038146973,11.460000038146973,11.460000038146973,11.430000305175781,11.449999809265137,4288.0
2024-08-21 14:51:00,SSRM,5.440000057220459,5.440000057220459,5.440000057220459,5.425000190734863,5.425000190734863,29576.0
2024-08-21 14:51:00,STLD,118.99500274658203,118.99500274658203,119.0,118.77999877929688,118.77999877929688,2572.0
2024-08-21 14:51:00,TMC,1.1100000143051147,1.1100000143051147,1.1100000143051147,1.1100000143051147,1.1100000143051147,1900.0
2024-08-21 14:52:00,ALTO,1.440000057220459,1.440000057220459,1.440000057220459,1.440000057220459,1.440000057220459,1621.0
2024-08-21 14:52:00,ASTL,9.704999923706055,9.704999923706055,9.704999923706055,9.704999923706055,9.704999923706055,208.0
2024-08-21 14:52:00,CENX,14.539999961853027,14.539999961853027,14.539999961853027,14.539999961853027,14.539999961853027,135.0
2024-08-21 14:52:00,GEVO,0.7680000066757202,0.7680000066757202,0.7680000066757202,0.7680000066757202,0.7680000066757202,200.0
2024-08-21 14:52:00,GPRE,14.039999961853027,14.039999961853027,14.039999961853027,14.039999961853027,14.039999961853027,579.0
2024-08-21 14:52:00,GSM,4.400000095367432,4.400000095367432,4.409999847412109,4.400000095367432,4.408899784088135,1418.0
2024-08-21 14:52:00,HYMC,2.485100030899048,2.485100030899048,2.485100030899048,2.485100030899048,2.485100030899048,20.0
2024-08-21 14:52:00,KALU,71.75,71.75,71.75,71.75,71.75,1078.0
2024-08-21 14:52:00,LWLG,2.7049999237060547,2.7049999237060547,2.7049999237060547,2.7049999237060547,2.7049999237060547,25.0
2024-08-21 14:52:00,MERC,6.349999904632568,6.349999904632568,6.349999904632568,6.349999904632568,6.349999904632568,645.0
2024-08-21 14:52:00,METC,12.109999656677246,12.109999656677246,12.140000343322754,12.109999656677246,12.140000343322754,3414.0
2024-08-21 14:52:00,PAAS,21.565000534057617,21.565000534057617,21.565000534057617,21.549999237060547,21.559999465942383,4163.0
2024-08-21 14:52:00,PLL,9.324999809265137,9.324999809265137,9.324999809265137,9.324999809265137,9.324999809265137,296.0
2024-08-21 14:52:00,PPTA,8.845000267028809,8.845000267028809,8.845000267028809,8.845000267028809,8.845000267028809,144.0
2024-08-21 14:52:00,RGLD,141.2100067138672,141.2100067138672,141.2100067138672,141.2100067138672,141.2100067138672,1368.0
2024-08-21 14:52:00,SGML,11.451000213623047,11.451000213623047,11.470000267028809,11.451000213623047,11.470000267028809,448.0
2024-08-21 14:52:00,SSRM,5.445000171661377,5.445000171661377,5.449999809265137,5.445000171661377,5.445000171661377,1591.0
2024-08-21 14:52:00,STLD,119.06999969482422,119.06999969482422,119.06999969482422,119.02999877929688,119.03500366210938,1962.0
2024-08-21 14:52:00,TMC,1.1055999994277954,1.1055999994277954,1.1055999994277954,1.1055999994277954,1.1055999994277954,0.0
2024-08-21 14:52:00,USAP,39.900001525878906,39.900001525878906,39.9119987487793,39.88010025024414,39.9119987487793,4282.0
2024-08-21 14:53:00,ASTL,9.704999923706055,9.704999923706055,9.704999923706055,9.699999809265137,9.704999923706055,821.0
2024-08-21 14:53:00,CENX,14.569999694824219,14.569999694824219,14.569999694824219,14.539999961853027,14.539999961853027,3168.0
2024-08-21 14:53:00,GEVO,0.7681000232696533,0.7681000232696533,0.7681000232696533,0.7681000232696533,0.7681000232696533,327.0
2024-08-21 14:53:00,GPRE,13.989999771118164,13.989999771118164,14.03499984741211,13.979999542236328,14.03499984741211,5274.0
2024-08-21 14:53:00,GSM,4.40500020980835,4.40500020980835,4.409999847412109,4.40500020980835,4.409999847412109,300.0
2024-08-21 14:53:00,HDSN,8.0600004196167,8.0600004196167,8.0600004196167,8.0600004196167,8.0600004196167,412.0
2024-08-21 14:53:00,HYMC,2.490000009536743,2.490000009536743,2.490000009536743,2.4895999431610107,2.4895999431610107,441.0
2024-08-21 14:53:00,IOSP,111.2699966430664,111.2699966430664,111.2699966430664,111.1500015258789,111.1500015258789,806.0
2024-08-21 14:53:00,LWLG,2.700000047683716,2.700000047683716,2.7014999389648438,2.700000047683716,2.7014999389648438,680.0
2024-08-21 14:53:00,ORGN,1.5099999904632568,1.5099999904632568,1.524999976158142,1.5099999904632568,1.524999976158142,28871.0
2024-08-21 14:53:00,PAAS,21.561500549316406,21.561500549316406,21.569000244140625,21.561500549316406,21.569000244140625,313.0
2024-08-21 14:53:00,PLL,9.319999694824219,9.319999694824219,9.319999694824219,9.319999694824219,9.319999694824219,314.0
2024-08-21 14:53:00,SGML,11.475000381469727,11.475000381469727,11.475000381469727,11.460000038146973,11.460000038146973,1871.0
2024-08-21 14:53:00,SSRM,5.449999809265137,5.449999809265137,5.449999809265137,5.440000057220459,5.440000057220459,1797.0
2024-08-21 14:53:00,STLD,119.08000183105469,119.08000183105469,119.08000183105469,119.02999877929688,119.03500366210938,2096.0
2024-08-21 14:53:00,TMC,1.1100000143051147,1.1100000143051147,1.1100000143051147,1.1100000143051147,1.1100000143051147,0.0
2024-08-21 14:53:00,WDFC,252.82000732421875,252.82000732421875,252.82000732421875,252.82000732421875,252.82000732421875,1495.0
2024-08-21 14:54:00,ASTL,9.704999923706055,9.704999923706055,9.704999923706055,9.704999923706055,9.704999923706055,9.0
2024-08-21 14:54:00,GEVO,0.7728000283241272,0.7728000283241272,0.7728000283241272,0.767300009727478,0.767300009727478,22304.0
2024-08-21 14:54:00,GPRE,13.989999771118164,13.989999771118164,13.989999771118164,13.979999542236328,13.989999771118164,960.0
2024-08-21 14:54:00,GSM,4.40500020980835,4.40500020980835,4.40500020980835,4.40500020980835,4.40500020980835,100.0
2024-08-21 14:54:00,HDSN,8.060999870300293,8.060999870300293,8.060999870300293,8.0600004196167,8.0600004196167,1104.0
2024-08-21 14:54:00,HWKN,122.23999786376953,122.23999786376953,122.23999786376953,122.23999786376953,122.23999786376953,1483.0
2024-08-21 14:54:00,HYMC,2.4749999046325684,2.4749999046325684,2.4749999046325684,2.4749999046325684,2.4749999046325684,1350.0
2024-08-21 14:54:00,IONR,3.6198999881744385,3.6198999881744385,3.6198999881744385,3.6198999881744385,3.6198999881744385,4334.0
2024-08-21 14:54:00,LGO,1.8869999647140503,1.8869999647140503,1.8869999647140503,1.8869999647140503,1.8869999647140503,600.0
2024-08-21 14:54:00,LWLG,2.7049999237060547,2.7049999237060547,2.7049999237060547,2.7049999237060547,2.7049999237060547,5.0
2024-08-21 14:54:00,METC,12.119999885559082,12.119999885559082,12.119999885559082,12.119999885559082,12.119999885559082,417.0
2024-08-21 14:54:00,ORGN,1.5149999856948853,1.5149999856948853,1.5149999856948853,1.5149999856948853,1.5149999856948853,0.0
2024-08-21 14:54:00,PAAS,21.545000076293945,21.545000076293945,21.5669002532959,21.545000076293945,21.5669002532959,7417.0
2024-08-21 14:54:00,PLL,9.313599586486816,9.313599586486816,9.339200019836426,9.3100004196167,9.329999923706055,1144.0
2024-08-21 14:54:00,SGML,11.46500015258789,11.46500015258789,11.479999542236328,11.46500015258789,11.479999542236328,3095.0
2024-08-21 14:54:00,SNES,4.559999942779541,4.559999942779541,4.559999942779541,4.559999942779541,4.559999942779541,552.0
2024-08-21 14:54:00,STLD,119.08000183105469,119.08000183105469,119.08999633789062,119.05999755859375,119.08999633789062,7152.0
2024-08-21 14:54:00,TMC,1.106600046157837,1.106600046157837,1.106600046157837,1.106600046157837,1.106600046157837,430.0
2024-08-21 14:55:00,ALTO,1.4450000524520874,1.4450000524520874,1.4450000524520874,1.4450000524520874,1.4450000524520874,149.0
2024-08-21 14:55:00,ASTL,9.704999923706055,9.704999923706055,9.704999923706055,9.704999923706055,9.704999923706055,770.0
2024-08-21 14:55:00,CENX,14.579999923706055,14.579999923706055,14.579999923706055,14.569999694824219,14.569999694824219,894.0
2024-08-21 14:55:00,GPRE,13.979999542236328,13.979999542236328,13.984999656677246,13.979999542236328,13.979999542236328,3405.0
2024-08-21 14:55:00,GSM,4.40500020980835,4.40500020980835,4.409999847412109,4.40500020980835,4.409999847412109,12935.0
2024-08-21 14:55:00,HDSN,8.055000305175781,8.055000305175781,8.055000305175781,8.050000190734863,8.050000190734863,288.0
2024-08-21 14:55:00,HYMC,2.476900100708008,2.476900100708008,2.476900100708008,2.476900100708008,2.476900100708008,249.0
2024-08-21 14:55:00,METC,12.119999885559082,12.119999885559082,12.119999885559082,12.119999885559082,12.119999885559082,233.0
2024-08-21 14:55:00,ORGN,1.5103000402450562,1.5103000402450562,1.5103000402450562,1.5103000402450562,1.5103000402450562,600.0
2024-08-21 14:55:00,PAAS,21.559999465942383,21.559999465942383,21.559999465942383,21.549999237060547,21.549999237060547,1825.0
2024-08-21 14:55:00,PLL,9.339900016784668,9.339900016784668,9.339900016784668,9.339900016784668,9.339900016784668,770.0
2024-08-21 14:55:00,PPTA,8.845000267028809,8.845000267028809,8.845000267028809,8.845000267028809,8.845000267028809,239.0
2024-08-21 14:55:00,RGLD,141.19000244140625,141.19000244140625,141.19000244140625,141.19000244140625,141.19000244140625,514.0
2024-08-21 14:55:00,SGML,11.479999542236328,11.479999542236328,11.479999542236328,11.46500015258789,11.46500015258789,994.0
2024-08-21 14:55:00,SSRM,5.449999809265137,5.449999809265137,5.449999809265137,5.449999809265137,5.449999809265137,326.0
2024-08-21 14:55:00,STLD,119.11000061035156,119.11000061035156,119.16000366210938,119.11000061035156,119.16000366210938,3860.0
2024-08-21 14:55:00,TMC,1.1100000143051147,1.1100000143051147,1.1100000143051147,1.1100000143051147,1.1100000143051147,709.0
2024-08-21 14:56:00,ASTL,9.704999923706055,9.704999923706055,9.704999923706055,9.704999923706055,9.704999923706055,411.0
2024-08-21 14:56:00,CENX,14.550000190734863,14.550000190734863,14.574999809265137,14.550000190734863,14.574999809265137,2697.0
2024-08-21 14:56:00,GEVO,0.7698000073432922,0.7698000073432922,0.7698000073432922,0.7696999907493591,0.7696999907493591,500.0
2024-08-21 14:56:00,GPRE,14.0,14.0,14.0,13.975000381469727,13.975000381469727,2869.0
2024-08-21 14:56:00,GSM,4.40500020980835,4.40500020980835,4.40500020980835,4.400000095367432,4.40500020980835,8769.0
2024-08-21 14:56:00,HDSN,8.0600004196167,8.0600004196167,8.069999694824219,8.055000305175781,8.055000305175781,2062.0
2024-08-21 14:56:00,IOSP,111.1500015258789,111.1500015258789,111.1500015258789,111.1500015258789,111.1500015258789,1060.0
2024-08-21 14:56:00,KALU,71.67500305175781,71.67500305175781,71.7300033569336,71.67500305175781,71.7300033569336,991.0
2024-08-21 14:56:00,LWLG,2.690000057220459,2.690000057220459,2.700000047683716,2.690000057220459,2.700000047683716,3354.0
2024-08-21 14:56:00,MEOH,44.77000045776367,44.77000045776367,44.77000045776367,44.77000045776367,44.77000045776367,386.0
2024-08-21 14:56:00,MERC,6.349999904632568,6.349999904632568,6.349999904632568,6.349999904632568,6.349999904632568,1151.0
2024-08-21 14:56:00,METC,12.09000015258789,12.09000015258789,12.119999885559082,12.09000015258789,12.119999885559082,2554.0
2024-08-21 14:56:00,ORGN,1.5,1.5,1.5149999856948853,1.4900000095367432,1.5149999856948853,58492.0
2024-08-21 14:56:00,PAAS,21.530000686645508,21.530000686645508,21.545000076293945,21.530000686645508,21.540000915527344,3147.0
2024-08-21 14:56:00,PLL,9.319999694824219,9.319999694824219,9.324999809265137,9.319999694824219,9.319999694824219,1081.0
2024-08-21 14:56:00,PPTA,8.845000267028809,8.845000267028809,8.845000267028809,8.845000267028809,8.845000267028809,182.0
2024-08-21 14:56:00,SGML,11.449999809265137,11.449999809265137,11.470000267028809,11.449999809265137,11.470000267028809,2939.0
2024-08-21 14:56:00,SMID,32.0,32.0,32.0,32.0,32.0,283.0
2024-08-21 14:56:00,SSRM,5.445000171661377,5.445000171661377,5.449999809265137,5.445000171661377,5.449999809265137,790.0
2024-08-21 14:56:00,STLD,119.03500366210938,119.03500366210938,119.11000061035156,119.0,119.11000061035156,8925.0
2024-08-21 14:56:00,TMC,1.1050000190734863,1.1050000190734863,1.1100000143051147,1.1050000190734863,1.1100000143051147,19500.0
2024-08-21 14:56:00,USAU,5.5,5.5,5.5,5.5,5.5,177.0
2024-08-21 14:57:00,ALTO,1.4450000524520874,1.4450000524520874,1.4450000524520874,1.4450000524520874,1.4450000524520874,129.0
2024-08-21 14:57:00,AREC,0.5537999868392944,0.5537999868392944,0.5537999868392944,0.5537999868392944,0.5537999868392944,1329.0
2024-08-21 14:57:00,ASTL,9.704999923706055,9.704999923706055,9.704999923706055,9.704999923706055,9.704999923706055,369.0
2024-08-21 14:57:00,CENX,14.539999961853027,14.539999961853027,14.550000190734863,14.539999961853027,14.550000190734863,2115.0
2024-08-21 14:57:00,GEVO,0.7696999907493591,0.7696999907493591,0.7696999907493591,0.7696999907493591,0.7696999907493591,210.0
2024-08-21 14:57:00,GPRE,14.010000228881836,14.010000228881836,14.039999961853027,14.010000228881836,14.010000228881836,1995.0
2024-08-21 14:57:00,HUDI,2.1798999309539795,2.1798999309539795,2.1798999309539795,2.1798999309539795,2.1798999309539795,3958.0
2024-08-21 14:57:00,MEOH,44.77000045776367,44.77000045776367,44.77000045776367,44.77000045776367,44.77000045776367,328.0
2024-08-21 14:57:00,METC,12.09000015258789,12.09000015258789,12.09000015258789,12.09000015258789,12.09000015258789,415.0
2024-08-21 14:57:00,ORGN,1.5062999725341797,1.5062999725341797,1.5062999725341797,1.5062999725341797,1.5062999725341797,1199.0
2024-08-21 14:57:00,PAAS,21.545000076293945,21.545000076293945,21.545000076293945,21.530000686645508,21.530000686645508,2147.0
2024-08-21 14:57:00,PPTA,8.845000267028809,8.845000267028809,8.845000267028809,8.845000267028809,8.845000267028809,496.0
2024-08-21 14:57:00,RGLD,141.16000366210938,141.16000366210938,141.16000366210938,141.16000366210938,141.16000366210938,544.0
2024-08-21 14:57:00,SGML,11.449999809265137,11.449999809265137,11.449999809265137,11.449999809265137,11.449999809265137,1645.0
2024-08-21 14:57:00,SSRM,5.445000171661377,5.445000171661377,5.445000171661377,5.445000171661377,5.445000171661377,198.0
2024-08-21 14:57:00,STLD,119.05999755859375,119.05999755859375,119.05999755859375,119.03500366210938,119.03500366210938,1243.0
2024-08-21 14:57:00,TMC,1.1100000143051147,1.1100000143051147,1.1100000143051147,1.1100000143051147,1.1100000143051147,0.0
2024-08-21 14:57:00,USLM,78.2249984741211,78.2249984741211,78.33000183105469,78.2249984741211,78.33000183105469,1842.0
2024-08-21 14:58:00,ASTL,9.699999809265137,9.699999809265137,9.704999923706055,9.699999809265137,9.704999923706055,926.0
2024-08-21 14:58:00,CENX,14.59000015258789,14.59000015258789,14.59000015258789,14.5600004196167,14.5600004196167,4341.0
2024-08-21 14:58:00,CRKN,1.840999960899353,1.840999960899353,1.8509999513626099,1.8300000429153442,1.8509999513626099,7184.0
2024-08-21 14:58:00,GEVO,0.770799994468689,0.770799994468689,0.7714999914169312,0.7706999778747559,0.7706999778747559,18000.0
2024-08-21 14:58:00,GPRE,14.010000228881836,14.010000228881836,14.010000228881836,14.010000228881836,14.010000228881836,260.0
2024-08-21 14:58:00,GSM,4.400000095367432,4.400000095367432,4.40500020980835,4.400000095367432,4.40500020980835,717.0
2024-08-21 14:58:00,HDSN,8.0649995803833,8.0649995803833,8.0649995803833,8.0649995803833,8.0649995803833,118.0
2024-08-21 14:58:00,MEOH,44.77000045776367,44.77000045776367,44.77000045776367,44.77000045776367,44.77000045776367,344.0
2024-08-21 14:58:00,METC,12.09000015258789,12.09000015258789,12.09000015258789,12.09000015258789,12.09000015258789,331.0
2024-08-21 14:58:00,PAAS,21.540000915527344,21.540000915527344,21.549999237060547,21.540000915527344,21.549999237060547,1264.0
2024-08-21 14:58:00,PLL,9.3100004196167,9.3100004196167,9.3100004196167,9.3100004196167,9.3100004196167,881.0
2024-08-21 14:58:00,SGML,11.4399995803833,11.4399995803833,11.444999694824219,11.4399995803833,11.4399995803833,3055.0
2024-08-21 14:58:00,SSRM,5.445000171661377,5.445000171661377,5.445000171661377,5.440000057220459,5.440000057220459,1503.0
2024-08-21 14:58:00,STLD,118.98999786376953,118.98999786376953,119.04499816894531,118.98999786376953,119.04499816894531,4054.0
2024-08-21 14:58:00,UFPI,120.5250015258789,120.5250015258789,120.5250015258789,120.5250015258789,120.5250015258789,1483.0
2024-08-21 14:58:00,ZEUS,41.25,41.25,41.25,41.25,41.25,367.0
2024-08-21 14:59:00,ASTL,9.699999809265137,9.699999809265137,9.699999809265137,9.699999809265137,9.699999809265137,683.0
2024-08-21 14:59:00,CENX,14.59000015258789,14.59000015258789,14.59000015258789,14.59000015258789,14.59000015258789,280.0
2024-08-21 14:59:00,CRKN,1.840000033378601,1.840000033378601,1.840000033378601,1.840000033378601,1.840000033378601,1269.0
2024-08-21 14:59:00,ELBM,0.5056999921798706,0.5056999921798706,0.5056999921798706,0.5056999921798706,0.5056999921798706,429.0
2024-08-21 14:59:00,FEAM,0.8399999737739563,0.8399999737739563,0.8410000205039978,0.8399999737739563,0.8406000137329102,795.0
2024-08-21 14:59:00,GEVO,0.7713000178337097,0.7713000178337097,0.7713000178337097,0.7713000178337097,0.7713000178337097,0.0
2024-08-21 14:59:00,GPRE,14.010000228881836,14.010000228881836,14.020000457763672,14.010000228881836,14.020000457763672,802.0
2024-08-21 14:59:00,GSM,4.400000095367432,4.400000095367432,4.400000095367432,4.400000095367432,4.400000095367432,145.0
2024-08-21 14:59:00,HDSN,8.0649995803833,8.0649995803833,8.065999984741211,8.0649995803833,8.065999984741211,309.0
2024-08-21 14:59:00,IOSP,111.29000091552734,111.29000091552734,111.29000091552734,111.26000213623047,111.26000213623047,383.0
2024-08-21 14:59:00,LITM,0.4401000142097473,0.4401000142097473,0.4401000142097473,0.4401000142097473,0.4401000142097473,2926.0
2024-08-21 14:59:00,MEOH,44.77000045776367,44.77000045776367,44.77000045776367,44.77000045776367,44.77000045776367,357.0
2024-08-21 14:59:00,METC,12.09000015258789,12.09000015258789,12.09000015258789,12.09000015258789,12.09000015258789,590.0
2024-08-21 14:59:00,PAAS,21.538999557495117,21.538999557495117,21.538999557495117,21.538999557495117,21.538999557495117,1060.0
2024-08-21 14:59:00,PLL,9.300000190734863,9.300000190734863,9.319999694824219,9.300000190734863,9.3100004196167,800.0
2024-08-21 14:59:00,RGLD,141.19000244140625,141.19000244140625,141.19000244140625,141.19000244140625,141.19000244140625,252.0
2024-08-21 14:59:00,SGML,11.449999809265137,11.449999809265137,11.449999809265137,11.4399995803833,11.4399995803833,725.0
2024-08-21 14:59:00,SSRM,5.440000057220459,5.440000057220459,5.445000171661377,5.440000057220459,5.445000171661377,767.0
2024-08-21 14:59:00,STLD,119.07499694824219,119.07499694824219,119.07499694824219,119.01000213623047,119.01000213623047,4094.0
2024-08-21 14:59:00,TMC,1.100000023841858,1.100000023841858,1.1100000143051147,1.100000023841858,1.1100000143051147,802.0
2024-08-21 14:59:00,USAP,39.904998779296875,39.904998779296875,39.904998779296875,39.904998779296875,39.904998779296875,786.0
2024-08-21 15:00:00,ALTO,1.4450000524520874,1.4450000524520874,1.4450000524520874,1.4450000524520874,1.4450000524520874,230.0
2024-08-21 15:00:00,AREC,0.565500020980835,0.565500020980835,0.565500020980835,0.565500020980835,0.565500020980835,503.0
2024-08-21 15:00:00,CENX,14.59000015258789,14.59000015258789,14.59000015258789,14.59000015258789,14.59000015258789,782.0
2024-08-21 15:00:00,GEVO,0.7713000178337097,0.7713000178337097,0.771399974822998,0.770799994468689,0.770799994468689,5886.0
2024-08-21 15:00:00,GPRE,14.010000228881836,14.010000228881836,14.010000228881836,14.010000228881836,14.010000228881836,467.0
2024-08-21 15:00:00,GSM,4.400000095367432,4.400000095367432,4.40500020980835,4.400000095367432,4.40500020980835,658.0
2024-08-21 15:00:00,HDSN,8.065999984741211,8.065999984741211,8.065999984741211,8.065999984741211,8.065999984741211,136.0
2024-08-21 15:00:00,MERC,6.34499979019165,6.34499979019165,6.34499979019165,6.34499979019165,6.34499979019165,489.0
2024-08-21 15:00:00,METC,12.079999923706055,12.079999923706055,12.09000015258789,12.079999923706055,12.09000015258789,1489.0
2024-08-21 15:00:00,PAAS,21.540000915527344,21.540000915527344,21.549999237060547,21.540000915527344,21.549999237060547,3232.0
2024-08-21 15:00:00,PLL,9.307999610900879,9.307999610900879,9.307999610900879,9.307999610900879,9.307999610900879,347.0
2024-08-21 15:00:00,PPTA,8.84000015258789,8.84000015258789,8.84000015258789,8.84000015258789,8.84000015258789,232.0
2024-08-21 15:00:00,RGLD,141.0718994140625,141.0718994140625,141.13499450683594,141.05499267578125,141.05499267578125,1941.0
2024-08-21 15:00:00,SGML,11.470000267028809,11.470000267028809,11.470000267028809,11.449999809265137,11.449999809265137,4002.0
2024-08-21 15:00:00,SSRM,5.440000057220459,5.440000057220459,5.440000057220459,5.440000057220459,5.440000057220459,1064.0
2024-08-21 15:00:00,STLD,119.10399627685547,119.10399627685547,119.11000061035156,119.05599975585938,119.07499694824219,1802.0
2024-08-21 15:00:00,TMC,1.1050000190734863,1.1050000190734863,1.1050000190734863,1.100000023841858,1.100000023841858,11816.0
2024-08-21 15:00:00,ZEUS,41.22999954223633,41.22999954223633,41.22999954223633,41.22999954223633,41.22999954223633,268.0
2024-08-21 15:01:00,ALTO,1.4450000524520874,1.4450000524520874,1.4450000524520874,1.4450000524520874,1.4450000524520874,370.0
2024-08-21 15:01:00,ASTL,9.680000305175781,9.680000305175781,9.692999839782715,9.680000305175781,9.692999839782715,1195.0
2024-08-21 15:01:00,CENX,14.600000381469727,14.600000381469727,14.609999656677246,14.59000015258789,14.59000015258789,2496.0
2024-08-21 15:01:00,GPRE,14.005000114440918,14.005000114440918,14.005000114440918,14.0,14.0,1022.0
2024-08-21 15:01:00,GSM,4.40500020980835,4.40500020980835,4.40500020980835,4.40500020980835,4.40500020980835,420.0
2024-08-21 15:01:00,HDSN,8.055999755859375,8.055999755859375,8.0600004196167,8.050000190734863,8.0600004196167,1645.0
2024-08-21 15:01:00,MEOH,44.7599983215332,44.7599983215332,44.77000045776367,44.7599983215332,44.77000045776367,1331.0
2024-08-21 15:01:00,MERC,6.34499979019165,6.34499979019165,6.34499979019165,6.340000152587891,6.340000152587891,1309.0
2024-08-21 15:01:00,METC,12.079999923706055,12.079999923706055,12.079999923706055,12.079999923706055,12.079999923706055,334.0
2024-08-21 15:01:00,ORGN,1.5049999952316284,1.5049999952316284,1.5049999952316284,1.5049999952316284,1.5049999952316284,214.0
2024-08-21 15:01:00,PAAS,21.510000228881836,21.510000228881836,21.530000686645508,21.510000228881836,21.530000686645508,2311.0
2024-08-21 15:01:00,PLL,9.274999618530273,9.274999618530273,9.308500289916992,9.260000228881836,9.308500289916992,2624.0
2024-08-21 15:01:00,PPTA,8.800000190734863,8.800000190734863,8.819999694824219,8.800000190734863,8.819999694824219,1111.0
2024-08-21 15:01:00,SGML,11.479999542236328,11.479999542236328,11.479999542236328,11.479999542236328,11.479999542236328,1012.0
2024-08-21 15:01:00,SSRM,5.440000057220459,5.440000057220459,5.440000057220459,5.440000057220459,5.440000057220459,579.0
2024-08-21 15:01:00,STLD,119.03089904785156,119.03089904785156,119.12999725341797,119.03089904785156,119.12999725341797,1301.0
2024-08-21 15:01:00,TMC,1.0950000286102295,1.0950000286102295,1.100000023841858,1.090000033378601,1.100000023841858,6675.0
2024-08-21 15:02:00,ASTL,9.6850004196167,9.6850004196167,9.6899995803833,9.675000190734863,9.675000190734863,802.0
2024-08-21 15:02:00,BCPC,168.82000732421875,168.82000732421875,168.82000732421875,168.82000732421875,168.82000732421875,778.0
2024-08-21 15:02:00,CENX,14.609999656677246,14.609999656677246,14.609999656677246,14.590100288391113,14.590100288391113,2045.0
2024-08-21 15:02:00,ELBM,0.5099999904632568,0.5099999904632568,0.5099999904632568,0.5099999904632568,0.5099999904632568,1673.0
2024-08-21 15:02:00,GEVO,0.770799994468689,0.770799994468689,0.770799994468689,0.770799994468689,0.770799994468689,4136.0
2024-08-21 15:02:00,GPRE,14.0,14.0,14.0,13.994999885559082,13.994999885559082,1384.0
2024-08-21 15:02:00,GSM,4.394999980926514,4.394999980926514,4.40500020980835,4.394999980926514,4.400000095367432,7104.0
2024-08-21 15:02:00,HDSN,8.055000305175781,8.055000305175781,8.055000305175781,8.050000190734863,8.050000190734863,732.0
2024-08-21 15:02:00,IOSP,111.2699966430664,111.2699966430664,111.2699966430664,111.2699966430664,111.2699966430664,256.0
2024-08-21 15:02:00,KALU,71.69999694824219,71.69999694824219,71.69999694824219,71.69999694824219,71.69999694824219,2697.0
2024-08-21 15:02:00,LWLG,2.680000066757202,2.680000066757202,2.680000066757202,2.680000066757202,2.680000066757202,219.0
2024-08-21 15:02:00,MEOH,44.72999954223633,44.72999954223633,44.72999954223633,44.72999954223633,44.72999954223633,158.0
2024-08-21 15:02:00,MERC,6.340000152587891,6.340000152587891,6.340000152587891,6.340000152587891,6.340000152587891,215.0
2024-08-21 15:02:00,METC,12.079999923706055,12.079999923706055,12.079999923706055,12.069999694824219,12.069999694824219,1446.0
2024-08-21 15:02:00,ORGN,1.5049999952316284,1.5049999952316284,1.5049999952316284,1.5049999952316284,1.5049999952316284,131.0
2024-08-21 15:02:00,PAAS,21.5,21.5,21.510000228881836,21.485000610351562,21.510000228881836,3916.0
2024-08-21 15:02:00,PLL,9.279999732971191,9.279999732971191,9.279999732971191,9.279999732971191,9.279999732971191,217.0
2024-08-21 15:02:00,RGLD,140.97500610351562,140.97500610351562,141.0449981689453,140.97500610351562,141.0449981689453,1421.0
2024-08-21 15:02:00,SGML,11.45009994506836,11.45009994506836,11.45009994506836,11.45009994506836,11.45009994506836,357.0
2024-08-21 15:02:00,SSRM,5.434999942779541,5.434999942779541,5.440000057220459,5.434999942779541,5.440000057220459,3380.0
2024-08-21 15:02:00,STLD,119.06999969482422,119.06999969482422,119.06999969482422,118.91999816894531,119.06999969482422,11368.0
2024-08-21 15:02:00,ZEUS,41.20000076293945,41.20000076293945,41.20000076293945,41.20000076293945,41.20000076293945,833.0
2024-08-21 15:03:00,ALTO,1.440000057220459,1.440000057220459,1.440000057220459,1.440000057220459,1.440000057220459,353.0
2024-08-21 15:03:00,CENX,14.609999656677246,14.609999656677246,14.619999885559082,14.59000015258789,14.600000381469727,10759.0
2024-08-21 15:03:00,GEVO,0.771399974822998,0.771399974822998,0.771399974822998,0.7713000178337097,0.7713000178337097,304.0
2024-08-21 15:03:00,GSM,4.394999980926514,4.394999980926514,4.394999980926514,4.394999980926514,4.394999980926514,500.0
2024-08-21 15:03:00,HDSN,8.055000305175781,8.055000305175781,8.055000305175781,8.055000305175781,8.055000305175781,103.0
2024-08-21 15:03:00,MEOH,44.72999954223633,44.72999954223633,44.72999954223633,44.72999954223633,44.72999954223633,566.0
2024-08-21 15:03:00,MERC,6.340000152587891,6.340000152587891,6.340000152587891,6.340000152587891,6.340000152587891,547.0
2024-08-21 15:03:00,ORGN,1.5049999952316284,1.5049999952316284,1.5049999952316284,1.5049999952316284,1.5049999952316284,200.0
2024-08-21 15:03:00,PAAS,21.500499725341797,21.500499725341797,21.514999389648438,21.5,21.510000228881836,2020.0
2024-08-21 15:03:00,PLL,9.3100004196167,9.3100004196167,9.3100004196167,9.270099639892578,9.270099639892578,2652.0
2024-08-21 15:03:00,RGLD,141.05999755859375,141.05999755859375,141.10499572753906,141.05999755859375,141.10499572753906,1669.0
2024-08-21 15:03:00,SGML,11.470000267028809,11.470000267028809,11.470000267028809,11.460000038146973,11.470000267028809,4676.0
2024-08-21 15:03:00,SSRM,5.445000171661377,5.445000171661377,5.445000171661377,5.434999942779541,5.434999942779541,4359.0
2024-08-21 15:03:00,STLD,119.06999969482422,119.06999969482422,119.12000274658203,119.06999969482422,119.11000061035156,2892.0
2024-08-21 15:03:00,TMC,1.090000033378601,1.090000033378601,1.090000033378601,1.090000033378601,1.090000033378601,39522.0
2024-08-21 15:03:00,UFPI,120.62000274658203,120.62000274658203,120.62000274658203,120.62000274658203,120.62000274658203,934.0
2024-08-21 15:04:00,ASTL,9.680000305175781,9.680000305175781,9.680000305175781,9.680000305175781,9.680000305175781,854.0
2024-08-21 15:04:00,CENX,14.598999977111816,14.598999977111816,14.598999977111816,14.598999977111816,14.598999977111816,817.0
2024-08-21 15:04:00,GEVO,0.7713000178337097,0.7713000178337097,0.7713000178337097,0.7713000178337097,0.7713000178337097,177.0
2024-08-21 15:04:00,GPRE,13.989999771118164,13.989999771118164,14.005000114440918,13.989999771118164,14.005000114440918,1491.0
2024-08-21 15:04:00,GSM,4.389999866485596,4.389999866485596,4.389999866485596,4.389999866485596,4.389999866485596,400.0
2024-08-21 15:04:00,HDSN,8.055000305175781,8.055000305175781,8.055000305175781,8.055000305175781,8.055000305175781,947.0
2024-08-21 15:04:00,IOSP,111.15499877929688,111.15499877929688,111.2699966430664,111.0199966430664,111.15499877929688,3705.0
2024-08-21 15:04:00,LGO,1.8899999856948853,1.8899999856948853,1.8899999856948853,1.8880000114440918,1.8880000114440918,200.0
2024-08-21 15:04:00,LWLG,2.680000066757202,2.680000066757202,2.680000066757202,2.680000066757202,2.680000066757202,221.0
2024-08-21 15:04:00,MEOH,44.7400016784668,44.7400016784668,44.7400016784668,44.7400016784668,44.7400016784668,378.0
2024-08-21 15:04:00,METC,12.069999694824219,12.069999694824219,12.079999923706055,12.069999694824219,12.079999923706055,1366.0
2024-08-21 15:04:00,ORGN,1.5049999952316284,1.5049999952316284,1.5049999952316284,1.5002000331878662,1.5049999952316284,3630.0
2024-08-21 15:04:00,PAAS,21.479999542236328,21.479999542236328,21.479999542236328,21.479999542236328,21.479999542236328,609.0
2024-08-21 15:04:00,RGLD,141.05999755859375,141.05999755859375,141.1300048828125,141.05999755859375,141.1300048828125,1361.0
2024-08-21 15:04:00,RKDA,2.6700000762939453,2.6700000762939453,2.7000999450683594,2.6700000762939453,2.700000047683716,0.0
2024-08-21 15:04:00,SGML,11.40999984741211,11.40999984741211,11.470000267028809,11.40999984741211,11.470000267028809,2450.0
2024-08-21 15:04:00,SSRM,5.440000057220459,5.440000057220459,5.440000057220459,5.440000057220459,5.440000057220459,5238.0
2024-08-21 15:04:00,TMC,1.0815000534057617,1.0815000534057617,1.0815000534057617,1.0815000534057617,1.0815000534057617,2219.0
2024-08-21 15:04:00,UFPI,120.49500274658203,120.49500274658203,120.49500274658203,120.49500274658203,120.49500274658203,690.0
2024-08-21 15:05:00,ASTL,9.680000305175781,9.680000305175781,9.680000305175781,9.680000305175781,9.680000305175781,209.0
2024-08-21 15:05:00,CENX,14.600000381469727,14.600000381469727,14.600000381469727,14.600000381469727,14.600000381469727,1511.0
2024-08-21 15:05:00,GEVO,0.7717000246047974,0.7717000246047974,0.7717000246047974,0.7717000246047974,0.7717000246047974,2211.0
2024-08-21 15:05:00,GPRE,14.0,14.0,14.0,14.0,14.0,1089.0
2024-08-21 15:05:00,GSM,4.389999866485596,4.389999866485596,4.394999980926514,4.389999866485596,4.389999866485596,648.0
2024-08-21 15:05:00,HDSN,8.0649995803833,8.0649995803833,8.0649995803833,8.0600004196167,8.0600004196167,1267.0
2024-08-21 15:05:00,LWLG,2.680000066757202,2.680000066757202,2.680000066757202,2.680000066757202,2.680000066757202,200.0
2024-08-21 15:05:00,MERC,6.340000152587891,6.340000152587891,6.340000152587891,6.340000152587891,6.340000152587891,1681.0
2024-08-21 15:05:00,METC,12.0600004196167,12.0600004196167,12.0600004196167,12.0600004196167,12.0600004196167,1063.0
2024-08-21 15:05:00,ORGN,1.5049999952316284,1.5049999952316284,1.5049999952316284,1.500100016593933,1.500100016593933,611.0
2024-08-21 15:05:00,PAAS,21.48900032043457,21.48900032043457,21.5,21.485000610351562,21.485000610351562,3920.0
2024-08-21 15:05:00,SGML,11.359999656677246,11.359999656677246,11.40999984741211,11.359999656677246,11.40999984741211,3079.0
2024-08-21 15:05:00,STLD,118.94499969482422,118.94499969482422,119.01000213623047,118.94499969482422,119.01000213623047,2669.0
2024-08-21 15:06:00,CENX,14.600000381469727,14.600000381469727,14.600000381469727,14.600000381469727,14.600000381469727,809.0
2024-08-21 15:06:00,GEVO,0.7674999833106995,0.7674999833106995,0.7674999833106995,0.7674999833106995,0.7674999833106995,151.0
2024-08-21 15:06:00,GSM,4.389999866485596,4.389999866485596,4.390200138092041,4.389999866485596,4.390200138092041,424.0
2024-08-21 15:06:00,HDSN,8.065999984741211,8.065999984741211,8.065999984741211,8.065999984741211,8.065999984741211,424.0
2024-08-21 15:06:00,IOSP,111.08999633789062,111.08999633789062,111.08999633789062,111.08999633789062,111.08999633789062,600.0
2024-08-21 15:06:00,LWLG,2.680000066757202,2.680000066757202,2.686300039291382,2.680000066757202,2.680000066757202,940.0
2024-08-21 15:06:00,MEOH,44.709999084472656,44.709999084472656,44.709999084472656,44.709999084472656,44.709999084472656,343.0
2024-08-21 15:06:00,MERC,6.335000038146973,6.335000038146973,6.335000038146973,6.335000038146973,6.335000038146973,366.0
2024-08-21 15:06:00,METC,12.0600004196167,12.0600004196167,12.0600004196167,12.0600004196167,12.0600004196167,498.0
2024-08-21 15:06:00,ORGN,1.5049999952316284,1.5049999952316284,1.5049999952316284,1.5002000331878662,1.5049999952316284,1287.0
2024-08-21 15:06:00,PAAS,21.5,21.5,21.5049991607666,21.479999542236328,21.479999542236328,3892.0
2024-08-21 15:06:00,RGLD,141.0399932861328,141.0399932861328,141.0399932861328,141.0399932861328,141.0399932861328,230.0
2024-08-21 15:06:00,SGML,11.380000114440918,11.380000114440918,11.380000114440918,11.364999771118164,11.364999771118164,2561.0
2024-08-21 15:06:00,SSRM,5.434999942779541,5.434999942779541,5.434999942779541,5.430099964141846,5.430099964141846,2378.0
2024-08-21 15:06:00,STLD,118.97000122070312,118.97000122070312,118.97000122070312,118.94499969482422,118.94499969482422,985.0
2024-08-21 15:07:00,ASTL,9.675000190734863,9.675000190734863,9.675000190734863,9.675000190734863,9.675000190734863,1545.0
2024-08-21 15:07:00,CENX,14.600000381469727,14.600000381469727,14.600000381469727,14.600000381469727,14.600000381469727,449.0
2024-08-21 15:07:00,GEVO,0.7674999833106995,0.7674999833106995,0.7674999833106995,0.7674999833106995,0.7674999833106995,112.0
2024-08-21 15:07:00,GPRE,14.010000228881836,14.010000228881836,14.010000228881836,14.005000114440918,14.005000114440918,2277.0
2024-08-21 15:07:00,HDSN,8.0649995803833,8.0649995803833,8.069999694824219,8.0649995803833,8.069999694824219,488.0
2024-08-21 15:07:00,IOSP,111.13500213623047,111.13500213623047,111.13500213623047,111.13500213623047,111.13500213623047,471.0
2024-08-21 15:07:00,LWLG,2.680000066757202,2.680000066757202,2.680000066757202,2.680000066757202,2.680000066757202,15.0
2024-08-21 15:07:00,MEOH,44.7599983215332,44.7599983215332,44.7599983215332,44.7599983215332,44.7599983215332,1224.0
2024-08-21 15:07:00,ORGN,1.5049999952316284,1.5049999952316284,1.5049999952316284,1.5049999952316284,1.5049999952316284,300.0
2024-08-21 15:07:00,PAAS,21.4950008392334,21.4950008392334,21.510000228881836,21.4950008392334,21.5,2112.0
2024-08-21 15:07:00,RGLD,141.07589721679688,141.07589721679688,141.07589721679688,141.07589721679688,141.07589721679688,1023.0
2024-08-21 15:07:00,SGML,11.364999771118164,11.364999771118164,11.389900207519531,11.364999771118164,11.389900207519531,532.0
2024-08-21 15:07:00,SNES,4.739999771118164,4.739999771118164,4.739999771118164,4.679999828338623,4.679999828338623,2471.0
2024-08-21 15:07:00,STLD,118.94000244140625,118.94000244140625,119.02799987792969,118.91999816894531,119.02799987792969,4131.0
2024-08-21 15:07:00,ZEUS,41.220001220703125,41.220001220703125,41.220001220703125,41.220001220703125,41.220001220703125,503.0
2024-08-21 15:08:00,ASTL,9.675000190734863,9.675000190734863,9.675000190734863,9.675000190734863,9.675000190734863,353.0
2024-08-21 15:08:00,CENX,14.600000381469727,14.600000381469727,14.600000381469727,14.600000381469727,14.600000381469727,481.0
2024-08-21 15:08:00,CRKN,1.8494000434875488,1.8494000434875488,1.8494000434875488,1.8494000434875488,1.8494000434875488,1112.0
2024-08-21 15:08:00,GPRE,14.0,14.0,14.0,14.0,14.0,750.0
2024-08-21 15:08:00,HDSN,8.0600004196167,8.0600004196167,8.0649995803833,8.0600004196167,8.0600004196167,1268.0
2024-08-21 15:08:00,KALU,71.67500305175781,71.67500305175781,71.69999694824219,71.66000366210938,71.66000366210938,2006.0
2024-08-21 15:08:00,LGO,1.8949999809265137,1.8949999809265137,1.8949999809265137,1.8899999856948853,1.8899999856948853,400.0
2024-08-21 15:08:00,LWLG,2.680000066757202,2.680000066757202,2.680000066757202,2.680000066757202,2.680000066757202,356.0
2024-08-21 15:08:00,MEOH,44.779998779296875,44.779998779296875,44.779998779296875,44.755001068115234,44.755001068115234,682.0
2024-08-21 15:08:00,METC,12.039999961853027,12.039999961853027,12.059499740600586,12.039999961853027,12.050000190734863,3268.0
2024-08-21 15:08:00,ORGN,1.5049999952316284,1.5049999952316284,1.5049999952316284,1.5049999952316284,1.5049999952316284,22.0
2024-08-21 15:08:00,PAAS,21.489900588989258,21.489900588989258,21.489999771118164,21.485000610351562,21.489999771118164,1410.0
2024-08-21 15:08:00,RGLD,141.1199951171875,141.1199951171875,141.1199951171875,141.1199951171875,141.1199951171875,249.0
2024-08-21 15:08:00,SGML,11.364999771118164,11.364999771118164,11.364999771118164,11.364999771118164,11.364999771118164,301.0
2024-08-21 15:08:00,SSRM,5.43120002746582,5.43120002746582,5.43120002746582,5.43120002746582,5.43120002746582,1878.0
2024-08-21 15:08:00,STLD,118.87999725341797,118.87999725341797,118.91500091552734,118.87999725341797,118.91500091552734,832.0
2024-08-21 15:08:00,UFPI,120.41500091552734,120.41500091552734,120.43000030517578,120.37999725341797,120.43000030517578,5386.0
2024-08-21 15:08:00,USAP,39.7400016784668,39.7400016784668,39.810001373291016,39.7400016784668,39.810001373291016,398.0
2024-08-21 15:08:00,ZEUS,41.165000915527344,41.165000915527344,41.165000915527344,41.165000915527344,41.165000915527344,101.0
2024-08-21 15:09:00,ASTL,9.675000190734863,9.675000190734863,9.675000190734863,9.675000190734863,9.675000190734863,218.0
2024-08-21 15:09:00,CENX,14.600000381469727,14.600000381469727,14.600000381469727,14.600000381469727,14.600000381469727,1390.0
2024-08-21 15:09:00,GEVO,0.7699000239372253,0.7699000239372253,0.7699000239372253,0.7674999833106995,0.7674999833106995,359.0
2024-08-21 15:09:00,GPRE,13.994999885559082,13.994999885559082,14.0,13.991000175476074,13.991000175476074,764.0
2024-08-21 15:09:00,GSM,4.389999866485596,4.389999866485596,4.389999866485596,4.389999866485596,4.389999866485596,2710.0
2024-08-21 15:09:00,HDSN,8.0600004196167,8.0600004196167,8.0600004196167,8.055000305175781,8.055000305175781,420.0
2024-08-21 15:09:00,IOSP,111.19000244140625,111.19000244140625,111.19000244140625,111.19000244140625,111.19000244140625,759.0
2024-08-21 15:09:00,KALU,71.69999694824219,71.69999694824219,71.69999694824219,71.69999694824219,71.69999694824219,353.0
2024-08-21 15:09:00,LWLG,2.680000066757202,2.680000066757202,2.680000066757202,2.680000066757202,2.680000066757202,222.0
2024-08-21 15:09:00,MEOH,44.779998779296875,44.779998779296875,44.779998779296875,44.779998779296875,44.779998779296875,109.0
2024-08-21 15:09:00,METC,12.050000190734863,12.050000190734863,12.050000190734863,12.029999732971191,12.039999961853027,1633.0
2024-08-21 15:09:00,ORGN,1.5049999952316284,1.5049999952316284,1.5049999952316284,1.5049999952316284,1.5049999952316284,131.0
2024-08-21 15:09:00,PAAS,21.485000610351562,21.485000610351562,21.485000610351562,21.469999313354492,21.479999542236328,1763.0
2024-08-21 15:09:00,PPTA,8.800000190734863,8.800000190734863,8.800000190734863,8.800000190734863,8.800000190734863,203.0
2024-08-21 15:09:00,RGLD,141.08999633789062,141.08999633789062,141.08999633789062,141.08999633789062,141.08999633789062,895.0
2024-08-21 15:09:00,SGML,11.340100288391113,11.340100288391113,11.342000007629395,11.340100288391113,11.342000007629395,1399.0
2024-08-21 15:09:00,SSRM,5.429999828338623,5.429999828338623,5.434999942779541,5.429999828338623,5.434999942779541,1361.0
2024-08-21 15:09:00,STLD,118.9000015258789,118.9000015258789,118.9000015258789,118.79000091552734,118.86000061035156,3404.0
2024-08-21 15:09:00,TMC,1.0812000036239624,1.0812000036239624,1.0812000036239624,1.0812000036239624,1.0812000036239624,3108.0
2024-08-21 15:09:00,ZEUS,41.21500015258789,41.21500015258789,41.21500015258789,41.20000076293945,41.20000076293945,539.0
2024-08-21 15:10:00,ASTL,9.675000190734863,9.675000190734863,9.675000190734863,9.675000190734863,9.675000190734863,121.0
2024-08-21 15:10:00,CENX,14.609999656677246,14.609999656677246,14.609999656677246,14.600000381469727,14.600000381469727,5225.0
2024-08-21 15:10:00,CRKN,1.8306000232696533,1.8306000232696533,1.8306000232696533,1.8306000232696533,1.8306000232696533,581.0
2024-08-21 15:10:00,GPRE,14.0,14.0,14.0,14.0,14.0,1152.0
2024-08-21 15:10:00,GSM,4.389999866485596,4.389999866485596,4.389999866485596,4.389999866485596,4.389999866485596,202.0
2024-08-21 15:10:00,HDSN,8.0600004196167,8.0600004196167,8.0600004196167,8.0600004196167,8.0600004196167,515.0
2024-08-21 15:10:00,HWKN,122.30999755859375,122.30999755859375,122.30999755859375,122.30999755859375,122.30999755859375,107.0
2024-08-21 15:10:00,IOSP,111.26000213623047,111.26000213623047,111.26000213623047,111.26000213623047,111.26000213623047,271.0
2024-08-21 15:10:00,IPX,15.390000343322754,15.390000343322754,15.390000343322754,15.390000343322754,15.390000343322754,223.0
2024-08-21 15:10:00,KALU,71.79000091552734,71.79000091552734,71.79000091552734,71.7699966430664,71.7699966430664,1484.0
2024-08-21 15:10:00,LGO,1.8899999856948853,1.8899999856948853,1.8933000564575195,1.8899999856948853,1.8899999856948853,1400.0
2024-08-21 15:10:00,LWLG,2.680000066757202,2.680000066757202,2.6898999214172363,2.680000066757202,2.6898999214172363,310.0
2024-08-21 15:10:00,MEOH,44.775001525878906,44.775001525878906,44.775001525878906,44.775001525878906,44.775001525878906,165.0
2024-08-21 15:10:00,MERC,6.329999923706055,6.329999923706055,6.335000038146973,6.329999923706055,6.335000038146973,1065.0
2024-08-21 15:10:00,METC,12.0600004196167,12.0600004196167,12.0600004196167,12.0600004196167,12.0600004196167,1081.0
2024-08-21 15:10:00,ORGN,1.5049999952316284,1.5049999952316284,1.5049999952316284,1.5049999952316284,1.5049999952316284,200.0
2024-08-21 15:10:00,PAAS,21.479999542236328,21.479999542236328,21.485000610351562,21.479999542236328,21.485000610351562,2242.0
2024-08-21 15:10:00,PLL,9.329999923706055,9.329999923706055,9.329999923706055,9.279999732971191,9.279999732971191,3047.0
2024-08-21 15:10:00,SGML,11.34000015258789,11.34000015258789,11.34000015258789,11.34000015258789,11.34000015258789,1213.0
2024-08-21 15:10:00,SNES,4.929999828338623,4.929999828338623,4.929999828338623,4.929999828338623,4.929999828338623,112.0
2024-08-21 15:10:00,SSRM,5.429999828338623,5.429999828338623,5.434999942779541,5.429999828338623,5.434999942779541,3318.0
2024-08-21 15:10:00,STLD,118.91999816894531,118.91999816894531,118.91999816894531,118.87999725341797,118.87999725341797,1040.0
2024-08-21 15:10:00,ZEUS,41.23500061035156,41.23500061035156,41.23500061035156,41.23500061035156,41.23500061035156,1626.0
2024-08-21 15:11:00,ALTO,1.4450000524520874,1.4450000524520874,1.4500000476837158,1.4450000524520874,1.4450000524520874,5320.0
2024-08-21 15:11:00,ASTL,9.6850004196167,9.6850004196167,9.6899995803833,9.680000305175781,9.680000305175781,1650.0
2024-08-21 15:11:00,CENX,14.604999542236328,14.604999542236328,14.609999656677246,14.600000381469727,14.609999656677246,609.0
2024-08-21 15:11:00,GEVO,0.7674999833106995,0.7674999833106995,0.7674999833106995,0.7674999833106995,0.7674999833106995,242.0
2024-08-21 15:11:00,GPRE,14.024999618530273,14.024999618530273,14.024999618530273,14.024999618530273,14.024999618530273,192.0
2024-08-21 15:11:00,GSM,4.394999980926514,4.394999980926514,4.396699905395508,4.394999980926514,4.396699905395508,672.0
2024-08-21 15:11:00,HDSN,8.0600004196167,8.0600004196167,8.069999694824219,8.0600004196167,8.069999694824219,566.0
2024-08-21 15:11:00,HWKN,122.2249984741211,122.2249984741211,122.2249984741211,122.2249984741211,122.2249984741211,1924.0
2024-08-21 15:11:00,IOSP,111.30000305175781,111.30000305175781,111.30000305175781,111.30000305175781,111.30000305175781,2335.0
2024-08-21 15:11:00,KALU,71.76000213623047,71.76000213623047,71.78500366210938,71.76000213623047,71.78500366210938,2074.0
2024-08-21 15:11:00,LGO,1.8980000019073486,1.8980000019073486,1.8980000019073486,1.8980000019073486,1.8980000019073486,700.0
2024-08-21 15:11:00,LWLG,2.690000057220459,2.690000057220459,2.690000057220459,2.690000057220459,2.690000057220459,2525.0
2024-08-21 15:11:00,MEOH,44.77000045776367,44.77000045776367,44.77000045776367,44.77000045776367,44.77000045776367,279.0
2024-08-21 15:11:00,MERC,6.329999923706055,6.329999923706055,6.335000038146973,6.329999923706055,6.335000038146973,3115.0
2024-08-21 15:11:00,METC,12.0600004196167,12.0600004196167,12.0600004196167,12.0600004196167,12.0600004196167,360.0
2024-08-21 15:11:00,ORGN,1.5149999856948853,1.5149999856948853,1.5149999856948853,1.5099999904632568,1.5099999904632568,4547.0
2024-08-21 15:11:00,PAAS,21.489999771118164,21.489999771118164,21.489999771118164,21.479999542236328,21.479999542236328,3491.0
2024-08-21 15:11:00,PLL,9.34000015258789,9.34000015258789,9.34000015258789,9.34000015258789,9.34000015258789,655.0
2024-08-21 15:11:00,PPTA,8.789999961853027,8.789999961853027,8.800000190734863,8.789999961853027,8.800000190734863,2871.0
2024-08-21 15:11:00,RGLD,141.0749969482422,141.0749969482422,141.0749969482422,141.0749969482422,141.0749969482422,607.0
2024-08-21 15:11:00,SGML,11.300000190734863,11.300000190734863,11.319999694824219,11.300000190734863,11.319999694824219,1138.0
2024-08-21 15:11:00,SSRM,5.429999828338623,5.429999828338623,5.429999828338623,5.429999828338623,5.429999828338623,151.0
2024-08-21 15:11:00,STLD,118.91999816894531,118.91999816894531,118.93000030517578,118.91999816894531,118.93000030517578,1443.0
2024-08-21 15:11:00,USAP,39.82500076293945,39.82500076293945,39.82500076293945,39.82500076293945,39.82500076293945,433.0
2024-08-21 15:12:00,CENX,14.600000381469727,14.600000381469727,14.60990047454834,14.595000267028809,14.595000267028809,1497.0
2024-08-21 15:12:00,GEVO,0.7699000239372253,0.7699000239372253,0.7699000239372253,0.7699000239372253,0.7699000239372253,234.0
2024-08-21 15:12:00,GPRE,14.024999618530273,14.024999618530273,14.024999618530273,14.024999618530273,14.024999618530273,275.0
2024-08-21 15:12:00,GSM,4.394999980926514,4.394999980926514,4.394999980926514,4.394999980926514,4.394999980926514,2104.0
2024-08-21 15:12:00,GURE,1.190000057220459,1.190000057220459,1.190000057220459,1.1699999570846558,1.1699999570846558,9434.0
2024-08-21 15:12:00,LWLG,2.690000057220459,2.690000057220459,2.690000057220459,2.690000057220459,2.690000057220459,203.0
2024-08-21 15:12:00,PAAS,21.510000228881836,21.510000228881836,21.510000228881836,21.5,21.5,2572.0
2024-08-21 15:12:00,RGLD,141.17999267578125,141.17999267578125,141.17999267578125,141.17999267578125,141.17999267578125,145.0
2024-08-21 15:12:00,SGML,11.289999961853027,11.289999961853027,11.300000190734863,11.289999961853027,11.300000190734863,1232.0
2024-08-21 15:12:00,SSRM,5.429999828338623,5.429999828338623,5.434999942779541,5.429999828338623,5.434999942779541,1239.0
2024-08-21 15:12:00,STLD,118.95999908447266,118.95999908447266,118.97000122070312,118.91500091552734,118.93000030517578,2504.0
2024-08-21 15:12:00,TMC,1.0895999670028687,1.0895999670028687,1.0895999670028687,1.0895999670028687,1.0895999670028687,369.0
2024-08-21 15:13:00,CENX,14.600000381469727,14.600000381469727,14.600000381469727,14.600000381469727,14.600000381469727,1013.0
2024-08-21 15:13:00,ELBM,0.5099999904632568,0.5099999904632568,0.5099999904632568,0.5099999904632568,0.5099999904632568,200.0
2024-08-21 15:13:00,FEAM,0.8519999980926514,0.8519999980926514,0.8519999980926514,0.8519999980926514,0.8519999980926514,672.0
2024-08-21 15:13:00,GEVO,0.7696999907493591,0.7696999907493591,0.7696999907493591,0.7696999907493591,0.7696999907493591,1081.0
2024-08-21 15:13:00,GPRE,14.022500038146973,14.022500038146973,14.029999732971191,14.022500038146973,14.029999732971191,2616.0
2024-08-21 15:13:00,LWLG,2.690000057220459,2.690000057220459,2.690000057220459,2.690000057220459,2.690000057220459,200.0
2024-08-21 15:13:00,MEOH,44.7400016784668,44.7400016784668,44.7400016784668,44.7400016784668,44.7400016784668,405.0
2024-08-21 15:13:00,METC,12.0600004196167,12.0600004196167,12.0600004196167,12.0600004196167,12.0600004196167,402.0
2024-08-21 15:13:00,ORGN,1.51010000705719,1.51010000705719,1.513700008392334,1.51010000705719,1.510200023651123,1370.0
2024-08-21 15:13:00,PAAS,21.510000228881836,21.510000228881836,21.510000228881836,21.5,21.510000228881836,2244.0
2024-08-21 15:13:00,PLL,9.319999694824219,9.319999694824219,9.319999694824219,9.319999694824219,9.319999694824219,333.0
2024-08-21 15:13:00,PPTA,8.741900444030762,8.741900444030762,8.779999732971191,8.741900444030762,8.779999732971191,4151.0
2024-08-21 15:13:00,RETO,0.9700000286102295,0.9700000286102295,0.9700000286102295,0.9700000286102295,0.9700000286102295,136.0
2024-08-21 15:13:00,RGLD,141.22000122070312,141.22000122070312,141.22000122070312,141.20230102539062,141.20230102539062,1144.0
2024-08-21 15:13:00,SGML,11.329999923706055,11.329999923706055,11.329999923706055,11.300000190734863,11.300000190734863,5066.0
2024-08-21 15:13:00,SSRM,5.434999942779541,5.434999942779541,5.434999942779541,5.434999942779541,5.434999942779541,1563.0
2024-08-21 15:13:00,STLD,118.97000122070312,118.97000122070312,118.97000122070312,118.95999908447266,118.95999908447266,1313.0
2024-08-21 15:13:00,TMC,1.0850000381469727,1.0850000381469727,1.0850000381469727,1.0835000276565552,1.0835000276565552,1107.0
2024-08-21 15:13:00,USAP,39.869998931884766,39.869998931884766,39.869998931884766,39.869998931884766,39.869998931884766,483.0
2024-08-21 15:14:00,ACNT,9.979999542236328,9.979999542236328,9.979999542236328,9.979999542236328,9.979999542236328,200.0
2024-08-21 15:14:00,ASTL,9.675000190734863,9.675000190734863,9.680000305175781,9.675000190734863,9.680000305175781,1722.0
2024-08-21 15:14:00,CENX,14.600000381469727,14.600000381469727,14.609999656677246,14.600000381469727,14.600000381469727,1491.0
2024-08-21 15:14:00,GEVO,0.7696999907493591,0.7696999907493591,0.7696999907493591,0.7696999907493591,0.7696999907493591,200.0
2024-08-21 15:14:00,GPRE,14.020000457763672,14.020000457763672,14.024999618530273,14.020000457763672,14.024999618530273,1795.0
2024-08-21 15:14:00,GSM,4.394999980926514,4.394999980926514,4.394999980926514,4.389999866485596,4.389999866485596,417.0
2024-08-21 15:14:00,HDSN,8.0600004196167,8.0600004196167,8.0600004196167,8.0600004196167,8.0600004196167,316.0
2024-08-21 15:14:00,LWLG,2.690000057220459,2.690000057220459,2.690000057220459,2.690000057220459,2.690000057220459,100.0
2024-08-21 15:14:00,MEOH,44.7400016784668,44.7400016784668,44.7400016784668,44.7400016784668,44.7400016784668,321.0
2024-08-21 15:14:00,METC,12.0600004196167,12.0600004196167,12.0600004196167,12.0600004196167,12.0600004196167,62.0
2024-08-21 15:14:00,PAAS,21.5,21.5,21.513999938964844,21.5,21.513999938964844,1745.0
2024-08-21 15:14:00,PLL,9.324999809265137,9.324999809265137,9.324999809265137,9.324999809265137,9.324999809265137,447.0
2024-08-21 15:14:00,RGLD,141.19500732421875,141.19500732421875,141.19500732421875,141.1649932861328,141.1649932861328,716.0
2024-08-21 15:14:00,SGML,11.369999885559082,11.369999885559082,11.369999885559082,11.329999923706055,11.329999923706055,26538.0
2024-08-21 15:14:00,SSRM,5.434999942779541,5.434999942779541,5.434999942779541,5.429999828338623,5.434999942779541,1414.0
2024-08-21 15:14:00,STLD,118.97000122070312,118.97000122070312,118.9800033569336,118.93000030517578,118.93000030517578,4533.0
2024-08-21 15:15:00,ACNT,10.0,10.0,10.0,10.0,10.0,437.0
2024-08-21 15:15:00,CENX,14.630000114440918,14.630000114440918,14.630000114440918,14.600000381469727,14.600000381469727,4776.0
2024-08-21 15:15:00,GEVO,0.765500009059906,0.765500009059906,0.7696999907493591,0.765500009059906,0.7696999907493591,1150.0
2024-08-21 15:15:00,GURE,1.190000057220459,1.190000057220459,1.190000057220459,1.190000057220459,1.190000057220459,1889.0
2024-08-21 15:15:00,HDSN,8.0600004196167,8.0600004196167,8.0600004196167,8.0600004196167,8.0600004196167,200.0
2024-08-21 15:15:00,HYMC,2.460099935531616,2.460099935531616,2.460099935531616,2.460099935531616,2.460099935531616,200.0
2024-08-21 15:15:00,LWLG,2.690000057220459,2.690000057220459,2.690000057220459,2.690000057220459,2.690000057220459,200.0
2024-08-21 15:15:00,MEOH,44.75,44.75,44.77000045776367,44.7400016784668,44.7400016784668,4572.0
2024-08-21 15:15:00,METC,12.09000015258789,12.09000015258789,12.09000015258789,12.069999694824219,12.069999694824219,1639.0
2024-08-21 15:15:00,ORGN,1.5199999809265137,1.5199999809265137,1.5199999809265137,1.5199999809265137,1.5199999809265137,357.0
2024-08-21 15:15:00,PAAS,21.510000228881836,21.510000228881836,21.510000228881836,21.5,21.5,2150.0
2024-08-21 15:15:00,PLL,9.34000015258789,9.34000015258789,9.350000381469727,9.34000015258789,9.34000015258789,781.0
2024-08-21 15:15:00,PPTA,8.734999656677246,8.734999656677246,8.739999771118164,8.720000267028809,8.720000267028809,3278.0
2024-08-21 15:15:00,RGLD,141.2449951171875,141.2449951171875,141.2449951171875,141.2100067138672,141.2100067138672,1159.0
2024-08-21 15:15:00,SGML,11.420000076293945,11.420000076293945,11.420000076293945,11.380000114440918,11.380000114440918,6808.0
2024-08-21 15:15:00,SSRM,5.445000171661377,5.445000171661377,5.445000171661377,5.429999828338623,5.434999942779541,8184.0
2024-08-21 15:15:00,STLD,119.0199966430664,119.0199966430664,119.0199966430664,118.96499633789062,118.96499633789062,1806.0
2024-08-21 15:15:00,TMC,1.090000033378601,1.090000033378601,1.090000033378601,1.0839999914169312,1.0839999914169312,591.0
2024-08-21 15:15:00,USAP,39.89500045776367,39.89500045776367,39.93000030517578,39.89500045776367,39.93000030517578,320.0
2024-08-21 15:16:00,ACNT,10.0,10.0,10.0,10.0,10.0,206.0
2024-08-21 15:16:00,ALTO,1.4450000524520874,1.4450000524520874,1.4450000524520874,1.4450000524520874,1.4450000524520874,310.0
2024-08-21 15:16:00,ASTL,9.680000305175781,9.680000305175781,9.680000305175781,9.680000305175781,9.680000305175781,310.0
2024-08-21 15:16:00,CENX,14.649999618530273,14.649999618530273,14.649999618530273,14.630000114440918,14.630000114440918,1608.0
2024-08-21 15:16:00,GEVO,0.7698000073432922,0.7698000073432922,0.7698000073432922,0.765500009059906,0.765500009059906,1407.0
2024-08-21 15:16:00,GPRE,14.020000457763672,14.020000457763672,14.020000457763672,14.015000343322754,14.020000457763672,870.0
2024-08-21 15:16:00,GSM,4.394999980926514,4.394999980926514,4.394999980926514,4.394999980926514,4.394999980926514,535.0
2024-08-21 15:16:00,HDSN,8.0649995803833,8.0649995803833,8.0649995803833,8.0649995803833,8.0649995803833,101.0
2024-08-21 15:16:00,HYMC,2.4600000381469727,2.4600000381469727,2.4600000381469727,2.4600000381469727,2.4600000381469727,385.0
2024-08-21 15:16:00,LWLG,2.694999933242798,2.694999933242798,2.700000047683716,2.694999933242798,2.694999933242798,1361.0
2024-08-21 15:16:00,MEOH,44.77000045776367,44.77000045776367,44.77000045776367,44.77000045776367,44.77000045776367,318.0
2024-08-21 15:16:00,METC,12.100000381469727,12.100000381469727,12.100000381469727,12.100000381469727,12.100000381469727,429.0
2024-08-21 15:16:00,NTIC,12.8100004196167,12.8100004196167,12.8100004196167,12.8100004196167,12.8100004196167,188.0
2024-08-21 15:16:00,PAAS,21.514999389648438,21.514999389648438,21.514999389648438,21.510000228881836,21.514999389648438,1594.0
2024-08-21 15:16:00,PLL,9.349900245666504,9.349900245666504,9.349900245666504,9.329999923706055,9.329999923706055,1023.0
2024-08-21 15:16:00,PPTA,8.744999885559082,8.744999885559082,8.744999885559082,8.744999885559082,8.744999885559082,302.0
2024-08-21 15:16:00,SGML,11.350000381469727,11.350000381469727,11.430000305175781,11.350000381469727,11.430000305175781,8142.0
2024-08-21 15:16:00,SSRM,5.434999942779541,5.434999942779541,5.445000171661377,5.434999942779541,5.445000171661377,2702.0
2024-08-21 15:16:00,STLD,119.05500030517578,119.05500030517578,119.05500030517578,119.0199966430664,119.02999877929688,2746.0
2024-08-21 15:16:00,TMC,1.090000033378601,1.090000033378601,1.090000033378601,1.090000033378601,1.090000033378601,200.0
2024-08-21 15:16:00,USAP,39.90999984741211,39.90999984741211,39.90999984741211,39.90999984741211,39.90999984741211,134.0
2024-08-21 15:17:00,ALTO,1.4499000310897827,1.4499000310897827,1.4499000310897827,1.4499000310897827,1.4499000310897827,2312.0
2024-08-21 15:17:00,ASTL,9.675000190734863,9.675000190734863,9.675000190734863,9.675000190734863,9.675000190734863,1501.0
2024-08-21 15:17:00,BCPC,168.72500610351562,168.72500610351562,168.72500610351562,168.72500610351562,168.72500610351562,691.0
2024-08-21 15:17:00,CRKN,1.8300000429153442,1.8300000429153442,1.8300000429153442,1.8300000429153442,1.8300000429153442,1755.0
2024-08-21 15:17:00,GPRE,14.029999732971191,14.029999732971191,14.029999732971191,14.029999732971191,14.029999732971191,1821.0
2024-08-21 15:17:00,GSM,4.394999980926514,4.394999980926514,4.394999980926514,4.394999980926514,4.394999980926514,404.0
2024-08-21 15:17:00,HDSN,8.0649995803833,8.0649995803833,8.0649995803833,8.0600004196167,8.0649995803833,2572.0
2024-08-21 15:17:00,LWLG,2.7049999237060547,2.7049999237060547,2.7049999237060547,2.694999933242798,2.694999933242798,1284.0
2024-08-21 15:17:00,MEOH,44.7599983215332,44.7599983215332,44.7599983215332,44.7599983215332,44.7599983215332,646.0
2024-08-21 15:17:00,METC,12.100000381469727,12.100000381469727,12.100000381469727,12.100000381469727,12.100000381469727,273.0
2024-08-21 15:17:00,ORGN,1.513200044631958,1.513200044631958,1.5149999856948853,1.513200044631958,1.5149999856948853,1349.0
2024-08-21 15:17:00,PAAS,21.510000228881836,21.510000228881836,21.510000228881836,21.5,21.510000228881836,2906.0
2024-08-21 15:17:00,RGLD,141.0500030517578,141.0500030517578,141.25,141.0500030517578,141.25,2805.0
2024-08-21 15:17:00,SGML,11.354999542236328,11.354999542236328,11.354999542236328,11.354999542236328,11.354999542236328,132.0
2024-08-21 15:17:00,SSRM,5.43120002746582,5.43120002746582,5.43120002746582,5.43120002746582,5.43120002746582,1502.0
2024-08-21 15:17:00,STLD,119.05000305175781,119.05000305175781,119.05000305175781,119.01619720458984,119.01619720458984,998.0
2024-08-21 15:17:00,TMC,1.090000033378601,1.090000033378601,1.090000033378601,1.0800000429153442,1.0800000429153442,6009.0
2024-08-21 15:17:00,UFPI,120.62000274658203,120.62000274658203,120.62000274658203,120.62000274658203,120.62000274658203,1528.0
2024-08-21 15:17:00,USAP,39.90999984741211,39.90999984741211,39.90999984741211,39.90999984741211,39.90999984741211,247.0
2024-08-21 15:18:00,CENX,14.640000343322754,14.640000343322754,14.649999618530273,14.640000343322754,14.649999618530273,2258.0
2024-08-21 15:18:00,GPRE,14.029999732971191,14.029999732971191,14.029999732971191,14.029999732971191,14.029999732971191,491.0
2024-08-21 15:18:00,GSM,4.394999980926514,4.394999980926514,4.394999980926514,4.394999980926514,4.394999980926514,118.0
2024-08-21 15:18:00,HDSN,8.0649995803833,8.0649995803833,8.0649995803833,8.0600004196167,8.0600004196167,3216.0
2024-08-21 15:18:00,IOSP,111.30999755859375,111.30999755859375,111.30999755859375,111.30999755859375,111.30999755859375,453.0
2024-08-21 15:18:00,KALU,71.81999969482422,71.81999969482422,71.81999969482422,71.81999969482422,71.81999969482422,491.0
2024-08-21 15:18:00,LWLG,2.7100000381469727,2.7100000381469727,2.7100000381469727,2.700000047683716,2.700000047683716,1051.0
2024-08-21 15:18:00,MERC,6.349999904632568,6.349999904632568,6.349999904632568,6.340000152587891,6.340000152587891,3916.0
2024-08-21 15:18:00,METC,12.079999923706055,12.079999923706055,12.100000381469727,12.079999923706055,12.100000381469727,3741.0
2024-08-21 15:18:00,PAAS,21.493999481201172,21.493999481201172,21.514999389648438,21.493999481201172,21.514999389648438,648.0
2024-08-21 15:18:00,PLL,9.329999923706055,9.329999923706055,9.34000015258789,9.329999923706055,9.34000015258789,613.0
2024-08-21 15:18:00,PPTA,8.74370002746582,8.74370002746582,8.74370002746582,8.74370002746582,8.74370002746582,71.0
2024-08-21 15:18:00,SGML,11.354999542236328,11.354999542236328,11.354999542236328,11.354999542236328,11.354999542236328,1550.0
2024-08-21 15:18:00,STLD,119.00499725341797,119.00499725341797,119.05999755859375,119.00499725341797,119.05500030517578,4568.0
2024-08-21 15:18:00,TMC,1.090000033378601,1.090000033378601,1.090000033378601,1.090000033378601,1.090000033378601,301.0
2024-08-21 15:18:00,ZEUS,41.36000061035156,41.36000061035156,41.36000061035156,41.28499984741211,41.36000061035156,947.0
2024-08-21 15:19:00,ASTL,9.675000190734863,9.675000190734863,9.675000190734863,9.675000190734863,9.675000190734863,42.0
2024-08-21 15:19:00,CENX,14.629899978637695,14.629899978637695,14.629899978637695,14.619999885559082,14.619999885559082,1283.0
2024-08-21 15:19:00,CRKN,1.8300000429153442,1.8300000429153442,1.8300000429153442,1.8300000429153442,1.8300000429153442,3035.0
2024-08-21 15:19:00,GEVO,0.765500009059906,0.765500009059906,0.765500009059906,0.765500009059906,0.765500009059906,300.0
2024-08-21 15:19:00,GPRE,14.045000076293945,14.045000076293945,14.079999923706055,14.029999732971191,14.029999732971191,15573.0
2024-08-21 15:19:00,GSM,4.394999980926514,4.394999980926514,4.394999980926514,4.389999866485596,4.389999866485596,288.0
2024-08-21 15:19:00,GURE,1.1799999475479126,1.1799999475479126,1.184999942779541,1.1799999475479126,1.184999942779541,800.0
2024-08-21 15:19:00,HDSN,8.0600004196167,8.0600004196167,8.0649995803833,8.0600004196167,8.0649995803833,1387.0
2024-08-21 15:19:00,IOSP,111.47000122070312,111.47000122070312,111.47000122070312,111.29000091552734,111.33000183105469,2389.0
2024-08-21 15:19:00,LWLG,2.7100000381469727,2.7100000381469727,2.7100000381469727,2.700000047683716,2.700000047683716,557.0
2024-08-21 15:19:00,MERC,6.340000152587891,6.340000152587891,6.340000152587891,6.340000152587891,6.340000152587891,426.0
2024-08-21 15:19:00,METC,12.079999923706055,12.079999923706055,12.079999923706055,12.074999809265137,12.074999809265137,929.0
2024-08-21 15:19:00,PAAS,21.5,21.5,21.5,21.493799209594727,21.493799209594727,1245.0
2024-08-21 15:19:00,PLL,9.339900016784668,9.339900016784668,9.339900016784668,9.339900016784668,9.339900016784668,500.0
2024-08-21 15:19:00,PPTA,8.740400314331055,8.740400314331055,8.740400314331055,8.740400314331055,8.740400314331055,1546.0
2024-08-21 15:19:00,RGLD,141.06500244140625,141.06500244140625,141.125,141.06500244140625,141.125,1493.0
2024-08-21 15:19:00,SNES,4.889900207519531,4.889900207519531,4.889900207519531,4.889900207519531,4.889900207519531,257.0
2024-08-21 15:19:00,SSRM,5.434999942779541,5.434999942779541,5.440000057220459,5.434999942779541,5.434999942779541,1880.0
2024-08-21 15:19:00,STLD,118.94499969482422,118.94499969482422,118.98999786376953,118.94499969482422,118.98999786376953,1905.0
2024-08-21 15:19:00,TMC,1.090000033378601,1.090000033378601,1.090000033378601,1.0800000429153442,1.0800000429153442,970.0
2024-08-21 15:19:00,USAP,39.939998626708984,39.939998626708984,39.95000076293945,39.90999984741211,39.90999984741211,1942.0
2024-08-21 15:20:00,ACNT,10.125,10.125,10.125,10.125,10.125,232.0
2024-08-21 15:20:00,ASTL,9.675000190734863,9.675000190734863,9.675000190734863,9.670000076293945,9.675000190734863,1909.0
2024-08-21 15:20:00,BCPC,168.72999572753906,168.72999572753906,168.72999572753906,168.52999877929688,168.52999877929688,722.0
2024-08-21 15:20:00,CENX,14.619999885559082,14.619999885559082,14.619999885559082,14.619999885559082,14.619999885559082,756.0
2024-08-21 15:20:00,CRKN,1.8300000429153442,1.8300000429153442,1.8300000429153442,1.8300000429153442,1.8300000429153442,0.0
2024-08-21 15:20:00,GEVO,0.7662000060081482,0.7662000060081482,0.7662000060081482,0.7662000060081482,0.7662000060081482,302.0
2024-08-21 15:20:00,GPRE,14.029999732971191,14.029999732971191,14.039999961853027,14.029999732971191,14.039999961853027,879.0
2024-08-21 15:20:00,GSM,4.389999866485596,4.389999866485596,4.394999980926514,4.389999866485596,4.394999980926514,311.0
2024-08-21 15:20:00,HDSN,8.0600004196167,8.0600004196167,8.0600004196167,8.0600004196167,8.0600004196167,730.0
2024-08-21 15:20:00,IOSP,111.17500305175781,111.17500305175781,111.37000274658203,111.17500305175781,111.37000274658203,3590.0
2024-08-21 15:20:00,KALU,71.80000305175781,71.80000305175781,71.80000305175781,71.80000305175781,71.80000305175781,1548.0
2024-08-21 15:20:00,LGO,1.8899999856948853,1.8899999856948853,1.8969999551773071,1.8899999856948853,1.8969999551773071,600.0
2024-08-21 15:20:00,LWLG,2.700000047683716,2.700000047683716,2.7049999237060547,2.700000047683716,2.7049999237060547,455.0
2024-08-21 15:20:00,MEOH,44.72999954223633,44.72999954223633,44.744998931884766,44.72999954223633,44.744998931884766,663.0
2024-08-21 15:20:00,MERC,6.349999904632568,6.349999904632568,6.349999904632568,6.349999904632568,6.349999904632568,880.0
2024-08-21 15:20:00,METC,12.09000015258789,12.09000015258789,12.09000015258789,12.079999923706055,12.079999923706055,425.0
2024-08-21 15:20:00,ORGN,1.5149999856948853,1.5149999856948853,1.5149999856948853,1.5110000371932983,1.5110000371932983,1850.0
2024-08-21 15:20:00,PAAS,21.485000610351562,21.485000610351562,21.489999771118164,21.469999313354492,21.489999771118164,8862.0
2024-08-21 15:20:00,PLL,9.300000190734863,9.300000190734863,9.324999809265137,9.289999961853027,9.3100004196167,2829.0
2024-08-21 15:20:00,RGLD,140.9971923828125,140.9971923828125,141.02099609375,140.9199981689453,141.02099609375,3232.0
2024-08-21 15:20:00,SGML,11.359999656677246,11.359999656677246,11.359999656677246,11.319999694824219,11.359999656677246,2085.0
2024-08-21 15:20:00,SMID,32.849998474121094,32.849998474121094,32.849998474121094,32.849998474121094,32.849998474121094,171.0
2024-08-21 15:20:00,SSRM,5.434999942779541,5.434999942779541,5.438700199127197,5.434999942779541,5.438700199127197,2766.0
2024-08-21 15:20:00,STLD,118.93000030517578,118.93000030517578,118.93000030517578,118.88500213623047,118.91999816894531,3130.0
2024-08-21 15:20:00,TMC,1.0880000591278076,1.0880000591278076,1.0880000591278076,1.0850000381469727,1.0850000381469727,422.0
2024-08-21 15:20:00,USAP,40.029998779296875,40.029998779296875,40.029998779296875,39.97999954223633,39.97999954223633,1068.0
2024-08-21 15:20:00,ZKIN,0.5002999901771545,0.5002999901771545,0.5002999901771545,0.5001999735832214,0.5001999735832214,1148.0
2024-08-21 15:21:00,BCPC,168.63999938964844,168.63999938964844,168.69000244140625,168.6300048828125,168.6300048828125,1056.0
2024-08-21 15:21:00,CENX,14.604999542236328,14.604999542236328,14.604999542236328,14.600000381469727,14.600000381469727,651.0
2024-08-21 15:21:00,CRKN,1.819200038909912,1.819200038909912,1.8300000429153442,1.809999942779541,1.8300000429153442,1464.0
2024-08-21 15:21:00,GEVO,0.7662000060081482,0.7662000060081482,0.7663999795913696,0.7662000060081482,0.7662000060081482,1009.0
2024-08-21 15:21:00,GPRE,14.015000343322754,14.015000343322754,14.015000343322754,14.015000343322754,14.015000343322754,870.0
2024-08-21 15:21:00,HDSN,8.050000190734863,8.050000190734863,8.050000190734863,8.050000190734863,8.050000190734863,542.0
2024-08-21 15:21:00,HYMC,2.4700000286102295,2.4700000286102295,2.4700000286102295,2.4700000286102295,2.4700000286102295,102.0
2024-08-21 15:21:00,IOSP,111.19999694824219,111.19999694824219,111.19999694824219,111.19999694824219,111.19999694824219,216.0
2024-08-21 15:21:00,KALU,71.80999755859375,71.80999755859375,71.80999755859375,71.80999755859375,71.80999755859375,253.0
2024-08-21 15:21:00,MEOH,44.79750061035156,44.79750061035156,44.79750061035156,44.709999084472656,44.724998474121094,2623.0
2024-08-21 15:21:00,PAAS,21.4950008392334,21.4950008392334,21.5,21.489999771118164,21.489999771118164,2463.0
2024-08-21 15:21:00,PPTA,8.739999771118164,8.739999771118164,8.739999771118164,8.739999771118164,8.739999771118164,699.0
2024-08-21 15:21:00,RGLD,141.0,141.0,141.0,141.0,141.0,1360.0
2024-08-21 15:21:00,SGML,11.34000015258789,11.34000015258789,11.34000015258789,11.319999694824219,11.319999694824219,1984.0
2024-08-21 15:21:00,SSRM,5.434999942779541,5.434999942779541,5.434999942779541,5.434999942779541,5.434999942779541,3049.0
2024-08-21 15:21:00,STLD,118.91500091552734,118.91500091552734,118.91500091552734,118.91500091552734,118.91500091552734,2914.0
2024-08-21 15:21:00,TMC,1.090000033378601,1.090000033378601,1.090000033378601,1.090000033378601,1.090000033378601,100.0
2024-08-21 15:22:00,ALTO,1.4450000524520874,1.4450000524520874,1.4500000476837158,1.4407000541687012,1.4450000524520874,2417.0
2024-08-21 15:22:00,ASTL,9.65999984741211,9.65999984741211,9.675000190734863,9.65999984741211,9.670000076293945,5481.0
2024-08-21 15:22:00,CENX,14.630000114440918,14.630000114440918,14.630000114440918,14.595000267028809,14.60099983215332,5588.0
2024-08-21 15:22:00,GEVO,0.7653999924659729,0.7653999924659729,0.7653999924659729,0.7653999924659729,0.7653999924659729,706.0
2024-08-21 15:22:00,GPRE,13.979999542236328,13.979999542236328,14.0,13.979999542236328,14.0,730.0
2024-08-21 15:22:00,GSM,4.394999980926514,4.394999980926514,4.394999980926514,4.389999866485596,4.389999866485596,1147.0
2024-08-21 15:22:00,HDSN,8.0600004196167,8.0600004196167,8.0600004196167,8.050000190734863,8.055000305175781,757.0
2024-08-21 15:22:00,IOSP,111.19999694824219,111.19999694824219,111.19999694824219,111.18000030517578,111.18000030517578,1214.0
2024-08-21 15:22:00,KALU,71.80000305175781,71.80000305175781,71.80000305175781,71.80000305175781,71.80000305175781,1248.0
2024-08-21 15:22:00,LGO,1.8899999856948853,1.8899999856948853,1.8910000324249268,1.8899999856948853,1.8910000324249268,200.0
2024-08-21 15:22:00,LWLG,2.7049999237060547,2.7049999237060547,2.70989990234375,2.700000047683716,2.70989990234375,452.0
2024-08-21 15:22:00,MEOH,44.72999954223633,44.72999954223633,44.790000915527344,44.72999954223633,44.790000915527344,2116.0
2024-08-21 15:22:00,METC,12.079999923706055,12.079999923706055,12.079999923706055,12.079999923706055,12.079999923706055,540.0
2024-08-21 15:22:00,NTIC,12.770000457763672,12.770000457763672,12.84000015258789,12.770000457763672,12.84000015258789,1138.0
2024-08-21 15:22:00,ORGN,1.5099999904632568,1.5099999904632568,1.5099999904632568,1.5099999904632568,1.5099999904632568,4696.0
2024-08-21 15:22:00,PAAS,21.489999771118164,21.489999771118164,21.4950008392334,21.489999771118164,21.4950008392334,3722.0
2024-08-21 15:22:00,PLL,9.3100004196167,9.3100004196167,9.319999694824219,9.295000076293945,9.300000190734863,5768.0
2024-08-21 15:22:00,SGML,11.329999923706055,11.329999923706055,11.34000015258789,11.329999923706055,11.34000015258789,2482.0
2024-08-21 15:22:00,SMID,32.3849983215332,32.3849983215332,32.3849983215332,32.3849983215332,32.3849983215332,304.0
2024-08-21 15:22:00,STLD,118.80999755859375,118.80999755859375,118.9000015258789,118.7750015258789,118.9000015258789,5791.0
2024-08-21 15:22:00,TMC,1.090000033378601,1.090000033378601,1.090000033378601,1.090000033378601,1.090000033378601,95.0
2024-08-21 15:22:00,UFPI,120.3499984741211,120.3499984741211,120.37000274658203,120.3499984741211,120.37000274658203,1317.0
2024-08-21 15:23:00,ALTO,1.4450000524520874,1.4450000524520874,1.4450000524520874,1.4450000524520874,1.4450000524520874,370.0
2024-08-21 15:23:00,ASTL,9.664999961853027,9.664999961853027,9.670000076293945,9.664999961853027,9.664999961853027,335.0
2024-08-21 15:23:00,CENX,14.630000114440918,14.630000114440918,14.630000114440918,14.619999885559082,14.621000289916992,1974.0
2024-08-21 15:23:00,ELBM,0.5128999948501587,0.5128999948501587,0.5128999948501587,0.5126000046730042,0.5126000046730042,5572.0
2024-08-21 15:23:00,FEAM,0.8410000205039978,0.8410000205039978,0.8410000205039978,0.8410000205039978,0.8410000205039978,288.0
2024-08-21 15:23:00,GEVO,0.7662000060081482,0.7662000060081482,0.7662000060081482,0.7662000060081482,0.7662000060081482,4496.0
2024-08-21 15:23:00,GPRE,13.970000267028809,13.970000267028809,13.970000267028809,13.970000267028809,13.970000267028809,239.0
2024-08-21 15:23:00,HDSN,8.055000305175781,8.055000305175781,8.0600004196167,8.055000305175781,8.0600004196167,796.0
2024-08-21 15:23:00,HWKN,122.2699966430664,122.2699966430664,122.2699966430664,122.26000213623047,122.26000213623047,710.0
2024-08-21 15:23:00,METC,12.09000015258789,12.09000015258789,12.09000015258789,12.09000015258789,12.09000015258789,253.0
2024-08-21 15:23:00,PAAS,21.489999771118164,21.489999771118164,21.4950008392334,21.489999771118164,21.4950008392334,4110.0
2024-08-21 15:23:00,RGLD,141.0399932861328,141.0399932861328,141.0399932861328,140.96189880371094,140.96189880371094,424.0
2024-08-21 15:23:00,SSRM,5.430200099945068,5.430200099945068,5.434999942779541,5.429999828338623,5.430099964141846,11117.0
2024-08-21 15:23:00,STLD,118.90750122070312,118.90750122070312,118.90750122070312,118.90750122070312,118.90750122070312,238.0
2024-08-21 15:23:00,TMC,1.0800000429153442,1.0800000429153442,1.090000033378601,1.0800000429153442,1.090000033378601,4609.0
2024-08-21 15:23:00,ZEUS,41.2400016784668,41.2400016784668,41.25,41.2400016784668,41.25,354.0
2024-08-21 15:24:00,ALTO,1.4450000524520874,1.4450000524520874,1.4450000524520874,1.4450000524520874,1.4450000524520874,762.0
2024-08-21 15:24:00,AREC,0.565500020980835,0.565500020980835,0.565500020980835,0.565500020980835,0.565500020980835,416.0
2024-08-21 15:24:00,ASTL,9.664999961853027,9.664999961853027,9.664999961853027,9.664999961853027,9.664999961853027,720.0
2024-08-21 15:24:00,BCPC,168.64999389648438,168.64999389648438,168.64999389648438,168.64999389648438,168.64999389648438,334.0
2024-08-21 15:24:00,CENX,14.630000114440918,14.630000114440918,14.630000114440918,14.630000114440918,14.630000114440918,485.0
2024-08-21 15:24:00,GEVO,0.7634999752044678,0.7634999752044678,0.765500009059906,0.7605999708175659,0.765500009059906,16922.0
2024-08-21 15:24:00,GPRE,13.979999542236328,13.979999542236328,13.979999542236328,13.960000038146973,13.979999542236328,2152.0
2024-08-21 15:24:00,GSM,4.400000095367432,4.400000095367432,4.400000095367432,4.394999980926514,4.394999980926514,906.0
2024-08-21 15:24:00,HDSN,8.069999694824219,8.069999694824219,8.085000038146973,8.0600004196167,8.0600004196167,41724.0
2024-08-21 15:24:00,HWKN,122.36000061035156,122.36000061035156,122.36000061035156,122.36000061035156,122.36000061035156,210.0
2024-08-21 15:24:00,LWLG,2.700000047683716,2.700000047683716,2.7100000381469727,2.700000047683716,2.7049999237060547,3589.0
2024-08-21 15:24:00,METC,12.08650016784668,12.08650016784668,12.08650016784668,12.08650016784668,12.08650016784668,812.0
2024-08-21 15:24:00,PAAS,21.520000457763672,21.520000457763672,21.520000457763672,21.5,21.5,3503.0
2024-08-21 15:24:00,PLL,9.295000076293945,9.295000076293945,9.300000190734863,9.270000457763672,9.289999961853027,2896.0
2024-08-21 15:24:00,PPTA,8.744999885559082,8.744999885559082,8.744999885559082,8.739999771118164,8.739999771118164,400.0
2024-08-21 15:24:00,RGLD,140.92999267578125,140.92999267578125,140.9600067138672,140.86500549316406,140.9600067138672,2697.0
2024-08-21 15:24:00,RKDA,2.609999895095825,2.609999895095825,2.630000114440918,2.6019999980926514,2.6019999980926514,1216.0
2024-08-21 15:24:00,SGML,11.339799880981445,11.339799880981445,11.350000381469727,11.339799880981445,11.34000015258789,18162.0
2024-08-21 15:24:00,SSRM,5.421999931335449,5.421999931335449,5.434999942779541,5.421999931335449,5.434999942779541,5273.0
2024-08-21 15:24:00,STLD,119.01499938964844,119.01499938964844,119.04000091552734,118.88999938964844,118.90499877929688,3583.0
2024-08-21 15:24:00,TMC,1.090000033378601,1.090000033378601,1.090000033378601,1.0850000381469727,1.0850000381469727,937.0
2024-08-21 15:24:00,UFPI,120.44000244140625,120.44000244140625,120.44000244140625,120.41999816894531,120.41999816894531,557.0
2024-08-21 15:24:00,USAP,40.025001525878906,40.025001525878906,40.04999923706055,40.025001525878906,40.04999923706055,823.0
2024-08-21 15:24:00,ZEUS,41.189998626708984,41.189998626708984,41.189998626708984,41.189998626708984,41.189998626708984,277.0
2024-08-21 15:25:00,ALTO,1.4500000476837158,1.4500000476837158,1.4500000476837158,1.4500000476837158,1.4500000476837158,141.0
2024-08-21 15:25:00,ASTL,9.694999694824219,9.694999694824219,9.694999694824219,9.670000076293945,9.670000076293945,1920.0
2024-08-21 15:25:00,CENX,14.649999618530273,14.649999618530273,14.649999618530273,14.635000228881836,14.635000228881836,2892.0
2024-08-21 15:25:00,GEVO,0.7605999708175659,0.7605999708175659,0.7627999782562256,0.7605999708175659,0.7627999782562256,7076.0
2024-08-21 15:25:00,GPRE,13.989999771118164,13.989999771118164,13.989999771118164,13.979999542236328,13.979999542236328,2220.0
2024-08-21 15:25:00,GSM,4.394999980926514,4.394999980926514,4.400000095367432,4.394999980926514,4.394999980926514,4029.0
2024-08-21 15:25:00,GURE,1.1699999570846558,1.1699999570846558,1.1699999570846558,1.1699999570846558,1.1699999570846558,100.0
2024-08-21 15:25:00,HDSN,8.079999923706055,8.079999923706055,8.079999923706055,8.069999694824219,8.069999694824219,988.0
2024-08-21 15:25:00,HYMC,2.4700000286102295,2.4700000286102295,2.4700000286102295,2.4700000286102295,2.4700000286102295,101.0
2024-08-21 15:25:00,KALU,71.91000366210938,71.91000366210938,71.91000366210938,71.87999725341797,71.87999725341797,1171.0
2024-08-21 15:25:00,LWLG,2.7049999237060547,2.7049999237060547,2.7049999237060547,2.700000047683716,2.700000047683716,344.0
2024-08-21 15:25:00,MERC,6.34499979019165,6.34499979019165,6.34499979019165,6.34499979019165,6.34499979019165,200.0
2024-08-21 15:25:00,METC,12.079999923706055,12.079999923706055,12.079999923706055,12.079999923706055,12.079999923706055,385.0
2024-08-21 15:25:00,PAAS,21.55500030517578,21.55500030517578,21.55500030517578,21.514999389648438,21.514999389648438,10830.0
2024-08-21 15:25:00,PLL,9.300000190734863,9.300000190734863,9.3100004196167,9.280599594116211,9.280599594116211,7252.0
2024-08-21 15:25:00,PPTA,8.75,8.75,8.75,8.744999885559082,8.744999885559082,1590.0
2024-08-21 15:25:00,RGLD,140.72500610351562,140.72500610351562,140.8300018310547,140.66000366210938,140.8249969482422,3123.0
2024-08-21 15:25:00,SGML,11.359999656677246,11.359999656677246,11.359999656677246,11.34000015258789,11.359999656677246,1036.0
2024-08-21 15:25:00,SSRM,5.434999942779541,5.434999942779541,5.434999942779541,5.425000190734863,5.429999828338623,14783.0
2024-08-21 15:25:00,STLD,119.05000305175781,119.05000305175781,119.06900024414062,119.01000213623047,119.01000213623047,3212.0
2024-08-21 15:25:00,TMC,1.0839999914169312,1.0839999914169312,1.0839999914169312,1.0801000595092773,1.0801000595092773,3050.0
2024-08-21 15:26:00,ASTL,9.699999809265137,9.699999809265137,9.704999923706055,9.694999694824219,9.699999809265137,838.0
2024-08-21 15:26:00,BCPC,168.89999389648438,168.89999389648438,168.89999389648438,168.89999389648438,168.89999389648438,443.0
2024-08-21 15:26:00,CENX,14.65999984741211,14.65999984741211,14.65999984741211,14.65999984741211,14.65999984741211,1252.0
2024-08-21 15:26:00,GEVO,0.7627999782562256,0.7627999782562256,0.7627999782562256,0.7627999782562256,0.7627999782562256,0.0
2024-08-21 15:26:00,GPRE,14.010000228881836,14.010000228881836,14.010000228881836,13.994999885559082,13.994999885559082,1340.0
2024-08-21 15:26:00,GSM,4.394999980926514,4.394999980926514,4.400000095367432,4.394999980926514,4.400000095367432,6105.0
2024-08-21 15:26:00,HDSN,8.09000015258789,8.09000015258789,8.09000015258789,8.09000015258789,8.09000015258789,438.0
2024-08-21 15:26:00,IOSP,111.37000274658203,111.37000274658203,111.37000274658203,111.37000274658203,111.37000274658203,962.0
2024-08-21 15:26:00,KALU,72.125,72.125,72.12999725341797,72.125,72.12999725341797,839.0
2024-08-21 15:26:00,LWLG,2.7049999237060547,2.7049999237060547,2.7049999237060547,2.7049999237060547,2.7049999237060547,102.0
2024-08-21 15:26:00,MEOH,44.755001068115234,44.755001068115234,44.755001068115234,44.755001068115234,44.755001068115234,375.0
2024-08-21 15:26:00,MERC,6.360000133514404,6.360000133514404,6.364999771118164,6.349999904632568,6.349999904632568,5211.0
2024-08-21 15:26:00,METC,12.109999656677246,12.109999656677246,12.109999656677246,12.09000015258789,12.09000015258789,1906.0
2024-08-21 15:26:00,PAAS,21.561199188232422,21.561199188232422,21.565000534057617,21.55500030517578,21.565000534057617,2275.0
2024-08-21 15:26:00,PLL,9.319999694824219,9.319999694824219,9.319999694824219,9.3100004196167,9.3100004196167,5425.0
2024-08-21 15:26:00,PPTA,8.755000114440918,8.755000114440918,8.760000228881836,8.75,8.760000228881836,847.0
2024-08-21 15:26:00,RGLD,140.80499267578125,140.80499267578125,140.80499267578125,140.80499267578125,140.80499267578125,301.0
2024-08-21 15:26:00,SGML,11.359999656677246,11.359999656677246,11.359999656677246,11.350000381469727,11.350000381469727,2415.0
2024-08-21 15:26:00,SSRM,5.434999942779541,5.434999942779541,5.434999942779541,5.434999942779541,5.434999942779541,607.0
2024-08-21 15:26:00,STLD,118.90499877929688,118.90499877929688,119.02999877929688,118.90499877929688,119.02999877929688,4779.0
2024-08-21 15:26:00,TMC,1.090000033378601,1.090000033378601,1.090000033378601,1.090000033378601,1.090000033378601,0.0
2024-08-21 15:26:00,UFPI,120.51000213623047,120.51000213623047,120.51000213623047,120.51000213623047,120.51000213623047,837.0
2024-08-21 15:26:00,USAP,40.03499984741211,40.03499984741211,40.03499984741211,40.03499984741211,40.03499984741211,393.0
2024-08-21 15:26:00,ZEUS,41.29999923706055,41.29999923706055,41.29999923706055,41.29999923706055,41.29999923706055,101.0
2024-08-21 15:27:00,ALTO,1.4490000009536743,1.4490000009536743,1.4490000009536743,1.4490000009536743,1.4490000009536743,494.0
2024-08-21 15:27:00,ASTL,9.710000038146973,9.710000038146973,9.710000038146973,9.710000038146973,9.710000038146973,311.0
2024-08-21 15:27:00,CENX,14.670000076293945,14.670000076293945,14.670000076293945,14.65999984741211,14.670000076293945,740.0
2024-08-21 15:27:00,GEVO,0.7608000040054321,0.7608000040054321,0.7627999782562256,0.760699987411499,0.760699987411499,10205.0
2024-08-21 15:27:00,GPRE,14.005000114440918,14.005000114440918,14.005000114440918,14.005000114440918,14.005000114440918,675.0
2024-08-21 15:27:00,GSM,4.394999980926514,4.394999980926514,4.394999980926514,4.394999980926514,4.394999980926514,605.0
2024-08-21 15:27:00,GURE,1.1799999475479126,1.1799999475479126,1.1799999475479126,1.1799999475479126,1.1799999475479126,300.0
2024-08-21 15:27:00,HDSN,8.100000381469727,8.100000381469727,8.100000381469727,8.09000015258789,8.09000015258789,6876.0
2024-08-21 15:27:00,HYMC,2.4800000190734863,2.4800000190734863,2.4800000190734863,2.4600000381469727,2.4600000381469727,1628.0
2024-08-21 15:27:00,LWLG,2.7049999237060547,2.7049999237060547,2.7049999237060547,2.700000047683716,2.700000047683716,218.0
2024-08-21 15:27:00,METC,12.104999542236328,12.104999542236328,12.104999542236328,12.104999542236328,12.104999542236328,1062.0
2024-08-21 15:27:00,PAAS,21.55500030517578,21.55500030517578,21.56999969482422,21.55500030517578,21.56999969482422,9405.0
2024-08-21 15:27:00,PLL,9.329999923706055,9.329999923706055,9.329999923706055,9.329999923706055,9.329999923706055,1126.0
2024-08-21 15:27:00,PPTA,8.75,8.75,8.760000228881836,8.75,8.755000114440918,1052.0
2024-08-21 15:27:00,RGLD,140.73500061035156,140.73500061035156,140.73500061035156,140.67599487304688,140.67599487304688,1060.0
2024-08-21 15:27:00,SGML,11.359999656677246,11.359999656677246,11.359999656677246,11.359999656677246,11.359999656677246,3521.0
2024-08-21 15:27:00,SMID,31.989999771118164,31.989999771118164,32.0099983215332,31.989999771118164,32.0099983215332,432.0
2024-08-21 15:27:00,STLD,118.78500366210938,118.78500366210938,118.88999938964844,118.78500366210938,118.88999938964844,2332.0
2024-08-21 15:27:00,ZEUS,41.31999969482422,41.31999969482422,41.31999969482422,41.31999969482422,41.31999969482422,582.0
2024-08-21 15:28:00,ASTL,9.704999923706055,9.704999923706055,9.704999923706055,9.704999923706055,9.704999923706055,195.0
2024-08-21 15:28:00,CENX,14.65999984741211,14.65999984741211,14.664999961853027,14.65999984741211,14.664999961853027,2262.0
2024-08-21 15:28:00,CRKN,1.8200000524520874,1.8200000524520874,1.8200000524520874,1.7999999523162842,1.7999999523162842,1141.0
2024-08-21 15:28:00,GEVO,0.7627999782562256,0.7627999782562256,0.7649000287055969,0.7627999782562256,0.7627999782562256,5153.0
2024-08-21 15:28:00,HDSN,8.100000381469727,8.100000381469727,8.104999542236328,8.095000267028809,8.095000267028809,6640.0
2024-08-21 15:28:00,HWKN,122.43199920654297,122.43199920654297,122.43199920654297,122.43199920654297,122.43199920654297,317.0
2024-08-21 15:28:00,HYMC,2.460099935531616,2.460099935531616,2.460099935531616,2.460099935531616,2.460099935531616,0.0
2024-08-21 15:28:00,LWLG,2.700000047683716,2.700000047683716,2.7049999237060547,2.700000047683716,2.7049999237060547,205.0
2024-08-21 15:28:00,MEOH,44.773399353027344,44.773399353027344,44.773399353027344,44.773399353027344,44.773399353027344,561.0
2024-08-21 15:28:00,METC,12.119999885559082,12.119999885559082,12.119999885559082,12.119999885559082,12.119999885559082,153.0
2024-08-21 15:28:00,ORGN,1.5049999952316284,1.5049999952316284,1.5049999952316284,1.5049999952316284,1.5049999952316284,926.0
2024-08-21 15:28:00,PAAS,21.57990074157715,21.57990074157715,21.57990074157715,21.559999465942383,21.559999465942383,3250.0
2024-08-21 15:28:00,PLL,9.329999923706055,9.329999923706055,9.329999923706055,9.329999923706055,9.329999923706055,796.0
2024-08-21 15:28:00,PPTA,8.770000457763672,8.770000457763672,8.770000457763672,8.760000228881836,8.760000228881836,1693.0
2024-08-21 15:28:00,RGLD,140.80999755859375,140.80999755859375,140.80999755859375,140.80999755859375,140.80999755859375,2630.0
2024-08-21 15:28:00,SGML,11.404999732971191,11.404999732971191,11.404999732971191,11.404999732971191,11.404999732971191,215.0
2024-08-21 15:28:00,SSRM,5.449999809265137,5.449999809265137,5.449999809265137,5.434999942779541,5.434999942779541,8564.0
2024-08-21 15:28:00,STLD,118.76000213623047,118.76000213623047,118.78500366210938,118.76000213623047,118.76000213623047,1519.0
2024-08-21 15:28:00,TMC,1.0841000080108643,1.0841000080108643,1.090000033378601,1.0841000080108643,1.090000033378601,699.0
2024-08-21 15:28:00,USAP,40.017398834228516,40.017398834228516,40.017398834228516,40.017398834228516,40.017398834228516,318.0
2024-08-21 15:29:00,ALTO,1.4450000524520874,1.4450000524520874,1.4450000524520874,1.4450000524520874,1.4450000524520874,201.0
2024-08-21 15:29:00,ASTL,9.694999694824219,9.694999694824219,9.704999923706055,9.694999694824219,9.704999923706055,2890.0
2024-08-21 15:29:00,BCPC,169.17999267578125,169.17999267578125,169.17999267578125,169.17999267578125,169.17999267578125,909.0
2024-08-21 15:29:00,CENX,14.664999961853027,14.664999961853027,14.664999961853027,14.654999732971191,14.654999732971191,2681.0
2024-08-21 15:29:00,CNEY,0.33000001311302185,0.33000001311302185,0.33000001311302185,0.33000001311302185,0.33000001311302185,1000.0
2024-08-21 15:29:00,GPRE,14.010000228881836,14.010000228881836,14.010000228881836,14.010000228881836,14.010000228881836,2645.0
2024-08-21 15:29:00,GSM,4.394999980926514,4.394999980926514,4.400000095367432,4.394999980926514,4.394999980926514,6064.0
2024-08-21 15:29:00,HDSN,8.100000381469727,8.100000381469727,8.104999542236328,8.100000381469727,8.104999542236328,1120.0
2024-08-21 15:29:00,HYMC,2.4700000286102295,2.4700000286102295,2.4700000286102295,2.4700000286102295,2.4700000286102295,1274.0
2024-08-21 15:29:00,IOSP,111.55500030517578,111.55500030517578,111.55500030517578,111.5250015258789,111.5250015258789,320.0
2024-08-21 15:29:00,KALU,72.30000305175781,72.30000305175781,72.30000305175781,72.26000213623047,72.26000213623047,2216.0
2024-08-21 15:29:00,LWLG,2.7100000381469727,2.7100000381469727,2.7100000381469727,2.7049999237060547,2.7049999237060547,3032.0
2024-08-21 15:29:00,MEOH,44.81999969482422,44.81999969482422,44.81999969482422,44.77000045776367,44.779998779296875,1801.0
2024-08-21 15:29:00,MERC,6.360000133514404,6.360000133514404,6.360000133514404,6.355000019073486,6.360000133514404,1870.0
2024-08-21 15:29:00,METC,12.119999885559082,12.119999885559082,12.119999885559082,12.100000381469727,12.109999656677246,681.0
2024-08-21 15:29:00,PAAS,21.575000762939453,21.575000762939453,21.579999923706055,21.56999969482422,21.579999923706055,4883.0
2024-08-21 15:29:00,PLL,9.350000381469727,9.350000381469727,9.350000381469727,9.300100326538086,9.300100326538086,2468.0
2024-08-21 15:29:00,PPTA,8.795000076293945,8.795000076293945,8.795000076293945,8.795000076293945,8.795000076293945,435.0
2024-08-21 15:29:00,SGML,11.40999984741211,11.40999984741211,11.40999984741211,11.404999732971191,11.404999732971191,520.0
2024-08-21 15:29:00,SSRM,5.454999923706055,5.454999923706055,5.454999923706055,5.449999809265137,5.449999809265137,3525.0
2024-08-21 15:29:00,STLD,118.94000244140625,118.94000244140625,118.94000244140625,118.76000213623047,118.79000091552734,8393.0
2024-08-21 15:29:00,UFPI,120.55999755859375,120.55999755859375,120.55999755859375,120.55999755859375,120.55999755859375,560.0
2024-08-21 15:29:00,WDFC,251.94000244140625,251.94000244140625,251.94000244140625,251.94000244140625,251.94000244140625,2570.0
2024-08-21 15:30:00,ALTO,1.4450000524520874,1.4450000524520874,1.4450000524520874,1.4450000524520874,1.4450000524520874,5191.0
2024-08-21 15:30:00,ASTL,9.680000305175781,9.680000305175781,9.694999694824219,9.680000305175781,9.6899995803833,3011.0
2024-08-21 15:30:00,CENX,14.675000190734863,14.675000190734863,14.675000190734863,14.670000076293945,14.670000076293945,1878.0
2024-08-21 15:30:00,CNEY,0.32120001316070557,0.32120001316070557,0.33000001311302185,0.32120001316070557,0.33000001311302185,4073.0
2024-08-21 15:30:00,ELBM,0.5049999952316284,0.5049999952316284,0.5049999952316284,0.504800021648407,0.504800021648407,4300.0
2024-08-21 15:30:00,GEVO,0.7649000287055969,0.7649000287055969,0.7649000287055969,0.7627999782562256,0.7627999782562256,2313.0
2024-08-21 15:30:00,GPRE,14.029999732971191,14.029999732971191,14.029999732971191,14.010000228881836,14.010000228881836,2285.0
2024-08-21 15:30:00,GSM,4.394999980926514,4.394999980926514,4.394999980926514,4.394999980926514,4.394999980926514,411.0
2024-08-21 15:30:00,HDSN,8.104999542236328,8.104999542236328,8.104999542236328,8.100000381469727,8.100000381469727,1101.0
2024-08-21 15:30:00,HWKN,122.20999908447266,122.20999908447266,122.20999908447266,122.20999908447266,122.20999908447266,1382.0
2024-08-21 15:30:00,IOSP,111.5999984741211,111.5999984741211,111.5999984741211,111.5999984741211,111.5999984741211,417.0
2024-08-21 15:30:00,KALU,72.11000061035156,72.11000061035156,72.11000061035156,72.08999633789062,72.08999633789062,355.0
2024-08-21 15:30:00,LWLG,2.700000047683716,2.700000047683716,2.7100000381469727,2.700000047683716,2.7100000381469727,4324.0
2024-08-21 15:30:00,MEOH,44.79999923706055,44.79999923706055,44.81999969482422,44.79999923706055,44.81999969482422,1108.0
2024-08-21 15:30:00,METC,12.100000381469727,12.100000381469727,12.114999771118164,12.100000381469727,12.114999771118164,3475.0
2024-08-21 15:30:00,ORGN,1.5099999904632568,1.5099999904632568,1.5099999904632568,1.5099999904632568,1.5099999904632568,2980.0
2024-08-21 15:30:00,PAAS,21.56999969482422,21.56999969482422,21.575000762939453,21.56999969482422,21.575000762939453,2232.0
2024-08-21 15:30:00,PLL,9.380000114440918,9.380000114440918,9.390000343322754,9.359999656677246,9.359999656677246,3505.0
2024-08-21 15:30:00,PPTA,8.795000076293945,8.795000076293945,8.795000076293945,8.795000076293945,8.795000076293945,321.0
2024-08-21 15:30:00,RGLD,140.7899932861328,140.7899932861328,140.85499572753906,140.7899932861328,140.85499572753906,710.0
2024-08-21 15:30:00,SGML,11.40999984741211,11.40999984741211,11.40999984741211,11.380000114440918,11.380000114440918,888.0
2024-08-21 15:30:00,SSRM,5.440000057220459,5.440000057220459,5.454999923706055,5.440000057220459,5.454999923706055,8203.0
2024-08-21 15:30:00,STLD,119.05999755859375,119.05999755859375,119.05999755859375,118.83000183105469,118.9000015258789,7383.0
2024-08-21 15:30:00,TMC,1.0850000381469727,1.0850000381469727,1.090000033378601,1.080299973487854,1.090000033378601,3942.0
2024-08-21 15:30:00,ZEUS,41.27000045776367,41.27000045776367,41.43000030517578,41.27000045776367,41.34000015258789,1202.0
2024-08-21 15:31:00,ALTO,1.4450000524520874,1.4450000524520874,1.4500000476837158,1.4450000524520874,1.4450000524520874,16276.0
2024-08-21 15:31:00,CENX,14.6899995803833,14.6899995803833,14.694999694824219,14.6899995803833,14.694999694824219,1941.0
2024-08-21 15:31:00,GEVO,0.7651000022888184,0.7651000022888184,0.7651000022888184,0.7651000022888184,0.7651000022888184,103.0
2024-08-21 15:31:00,GSM,4.394999980926514,4.394999980926514,4.394999980926514,4.394999980926514,4.394999980926514,669.0
2024-08-21 15:31:00,HDSN,8.104999542236328,8.104999542236328,8.109999656677246,8.104999542236328,8.104999542236328,917.0
2024-08-21 15:31:00,HYMC,2.4649999141693115,2.4649999141693115,2.4649999141693115,2.4649999141693115,2.4649999141693115,219.0
2024-08-21 15:31:00,LWLG,2.700000047683716,2.700000047683716,2.700000047683716,2.690000057220459,2.690000057220459,4026.0
2024-08-21 15:31:00,MEOH,44.790000915527344,44.790000915527344,44.790000915527344,44.790000915527344,44.790000915527344,227.0
2024-08-21 15:31:00,MERC,6.355000019073486,6.355000019073486,6.360000133514404,6.349999904632568,6.349999904632568,4222.0
2024-08-21 15:31:00,METC,12.104999542236328,12.104999542236328,12.109999656677246,12.100000381469727,12.100000381469727,1683.0
2024-08-21 15:31:00,PAAS,21.56999969482422,21.56999969482422,21.579999923706055,21.565000534057617,21.565000534057617,4006.0
2024-08-21 15:31:00,PLL,9.380000114440918,9.380000114440918,9.399999618530273,9.376999855041504,9.380000114440918,6488.0
2024-08-21 15:31:00,PPTA,8.800000190734863,8.800000190734863,8.800000190734863,8.800000190734863,8.800000190734863,101.0
2024-08-21 15:31:00,RGLD,140.84500122070312,140.84500122070312,140.93499755859375,140.76629638671875,140.84500122070312,3231.0
2024-08-21 15:31:00,SGML,11.469300270080566,11.469300270080566,11.469300270080566,11.399999618530273,11.399999618530273,18698.0
2024-08-21 15:31:00,STLD,119.13500213623047,119.13500213623047,119.13500213623047,118.9800033569336,118.9800033569336,5887.0
2024-08-21 15:31:00,TMC,1.0850000381469727,1.0850000381469727,1.090000033378601,1.0850000381469727,1.090000033378601,429.0
2024-08-21 15:32:00,ALTO,1.4450000524520874,1.4450000524520874,1.4500000476837158,1.4450000524520874,1.4500000476837158,0.0
2024-08-21 15:32:00,ASTL,9.680000305175781,9.680000305175781,9.6850004196167,9.680000305175781,9.680000305175781,631.0
2024-08-21 15:32:00,CENX,14.675000190734863,14.675000190734863,14.690999984741211,14.670000076293945,14.690999984741211,2961.0
2024-08-21 15:32:00,GEVO,0.7669000029563904,0.7669000029563904,0.7669000029563904,0.7642999887466431,0.7642999887466431,1401.0
2024-08-21 15:32:00,GPRE,14.000900268554688,14.000900268554688,14.024999618530273,14.000900268554688,14.024999618530273,2426.0
2024-08-21 15:32:00,GSM,4.400000095367432,4.400000095367432,4.400000095367432,4.400000095367432,4.400000095367432,468.0
2024-08-21 15:32:00,HDSN,8.104999542236328,8.104999542236328,8.104999542236328,8.104999542236328,8.104999542236328,340.0
2024-08-21 15:32:00,KALU,72.0999984741211,72.0999984741211,72.0999984741211,72.0999984741211,72.0999984741211,1005.0
2024-08-21 15:32:00,LWLG,2.700000047683716,2.700000047683716,2.700000047683716,2.700000047683716,2.700000047683716,200.0
2024-08-21 15:32:00,MEOH,44.775001525878906,44.775001525878906,44.790000915527344,44.7599983215332,44.790000915527344,1077.0
2024-08-21 15:32:00,MERC,6.320000171661377,6.320000171661377,6.349999904632568,6.320000171661377,6.349999904632568,2072.0
2024-08-21 15:32:00,PAAS,21.565000534057617,21.565000534057617,21.575000762939453,21.565000534057617,21.575000762939453,3994.0
2024-08-21 15:32:00,PLL,9.335000038146973,9.335000038146973,9.380000114440918,9.335000038146973,9.380000114440918,2300.0
2024-08-21 15:32:00,PPTA,8.770000457763672,8.770000457763672,8.800000190734863,8.770000457763672,8.800000190734863,1011.0
2024-08-21 15:32:00,RGLD,140.77000427246094,140.77000427246094,140.84500122070312,140.6999969482422,140.84500122070312,3173.0
2024-08-21 15:32:00,SGML,11.5,11.5,11.520000457763672,11.40999984741211,11.430000305175781,56677.0
2024-08-21 15:32:00,SSRM,5.445000171661377,5.445000171661377,5.445000171661377,5.445000171661377,5.445000171661377,755.0
2024-08-21 15:32:00,STLD,118.96499633789062,118.96499633789062,119.08999633789062,118.96499633789062,119.06999969482422,4839.0
2024-08-21 15:32:00,TMC,1.0850000381469727,1.0850000381469727,1.090000033378601,1.0800000429153442,1.090000033378601,21884.0
2024-08-21 15:32:00,UFPI,120.6449966430664,120.6449966430664,120.6500015258789,120.6449966430664,120.6500015258789,1461.0
2024-08-21 15:33:00,ALTO,1.4500000476837158,1.4500000476837158,1.4500000476837158,1.4500000476837158,1.4500000476837158,500.0
2024-08-21 15:33:00,ASTL,9.680000305175781,9.680000305175781,9.680000305175781,9.680000305175781,9.680000305175781,350.0
2024-08-21 15:33:00,CENX,14.680000305175781,14.680000305175781,14.680000305175781,14.65999984741211,14.670000076293945,4792.0
2024-08-21 15:33:00,GEVO,0.7669000029563904,0.7669000029563904,0.7669000029563904,0.7617999911308289,0.7617999911308289,3348.0
2024-08-21 15:33:00,GSM,4.40500020980835,4.40500020980835,4.40500020980835,4.394999980926514,4.394999980926514,13853.0
2024-08-21 15:33:00,HDSN,8.119999885559082,8.119999885559082,8.119999885559082,8.104999542236328,8.104999542236328,2838.0
2024-08-21 15:33:00,IOSP,111.61000061035156,111.61000061035156,111.62000274658203,111.61000061035156,111.61000061035156,924.0
2024-08-21 15:33:00,LGO,1.899999976158142,1.899999976158142,1.899999976158142,1.8980000019073486,1.8980000019073486,203.0
2024-08-21 15:33:00,LWLG,2.700000047683716,2.700000047683716,2.700000047683716,2.700000047683716,2.700000047683716,117.0
2024-08-21 15:33:00,MEOH,44.80500030517578,44.80500030517578,44.80500030517578,44.77750015258789,44.79999923706055,915.0
2024-08-21 15:33:00,MERC,6.309999942779541,6.309999942779541,6.309999942779541,6.309999942779541,6.309999942779541,435.0
2024-08-21 15:33:00,METC,12.170000076293945,12.170000076293945,12.170000076293945,12.119999885559082,12.119999885559082,2461.0
2024-08-21 15:33:00,ORGN,1.5199999809265137,1.5199999809265137,1.5199999809265137,1.5199999809265137,1.5199999809265137,261.0
2024-08-21 15:33:00,PAAS,21.579999923706055,21.579999923706055,21.584999084472656,21.56999969482422,21.56999969482422,4019.0
2024-08-21 15:33:00,PLL,9.350000381469727,9.350000381469727,9.350000381469727,9.329999923706055,9.329999923706055,1713.0
2024-08-21 15:33:00,PPTA,8.789999961853027,8.789999961853027,8.789999961853027,8.789999961853027,8.789999961853027,146.0
2024-08-21 15:33:00,RGLD,140.72999572753906,140.72999572753906,140.7899932861328,140.72999572753906,140.7899932861328,851.0
2024-08-21 15:33:00,SGML,11.481599807739258,11.481599807739258,11.5,11.481599807739258,11.489999771118164,1450.0
2024-08-21 15:33:00,SSRM,5.445000171661377,5.445000171661377,5.445000171661377,5.445000171661377,5.445000171661377,2418.0
2024-08-21 15:33:00,STLD,119.12100219726562,119.12100219726562,119.12999725341797,119.0,119.0199966430664,4515.0
2024-08-21 15:33:00,TMC,1.090000033378601,1.090000033378601,1.090000033378601,1.090000033378601,1.090000033378601,267.0
2024-08-21 15:33:00,UFPI,120.80500030517578,120.80500030517578,120.80500030517578,120.80500030517578,120.80500030517578,395.0
2024-08-21 15:33:00,USAP,39.90999984741211,39.90999984741211,40.0099983215332,39.90999984741211,40.0,900.0
2024-08-21 15:34:00,ALTO,1.4450000524520874,1.4450000524520874,1.4450000524520874,1.440000057220459,1.4450000524520874,19807.0
2024-08-21 15:34:00,ASTL,9.6850004196167,9.6850004196167,9.6850004196167,9.680000305175781,9.680000305175781,2281.0
2024-08-21 15:34:00,CENX,14.670000076293945,14.670000076293945,14.670000076293945,14.670000076293945,14.670000076293945,1225.0
2024-08-21 15:34:00,GSM,4.414999961853027,4.414999961853027,4.420000076293945,4.40500020980835,4.409999847412109,9553.0
2024-08-21 15:34:00,HDSN,8.104999542236328,8.104999542236328,8.125,8.104999542236328,8.125,6980.0
2024-08-21 15:34:00,HWKN,122.52999877929688,122.52999877929688,122.52999877929688,122.52999877929688,122.52999877929688,254.0
2024-08-21 15:34:00,HYMC,2.4700000286102295,2.4700000286102295,2.4700000286102295,2.4700000286102295,2.4700000286102295,1102.0
2024-08-21 15:34:00,IPX,15.390000343322754,15.390000343322754,15.390000343322754,15.390000343322754,15.390000343322754,1374.0
2024-08-21 15:34:00,LWLG,2.700000047683716,2.700000047683716,2.700000047683716,2.700000047683716,2.700000047683716,137.0
2024-08-21 15:34:00,METC,12.1899995803833,12.1899995803833,12.1899995803833,12.170000076293945,12.170000076293945,805.0
2024-08-21 15:34:00,ORGN,1.5299999713897705,1.5299999713897705,1.5299999713897705,1.5199999809265137,1.5199999809265137,6304.0
2024-08-21 15:34:00,PAAS,21.59000015258789,21.59000015258789,21.594999313354492,21.56999969482422,21.56999969482422,3975.0
2024-08-21 15:34:00,PPTA,8.800000190734863,8.800000190734863,8.800000190734863,8.800000190734863,8.800000190734863,986.0
2024-08-21 15:34:00,SGML,11.529999732971191,11.529999732971191,11.529999732971191,11.5,11.5,2006.0
2024-08-21 15:34:00,SSRM,5.445000171661377,5.445000171661377,5.445000171661377,5.445000171661377,5.445000171661377,915.0
2024-08-21 15:34:00,STLD,119.1050033569336,119.1050033569336,119.12999725341797,119.1050033569336,119.12999725341797,2279.0
2024-08-21 15:34:00,TMC,1.0850000381469727,1.0850000381469727,1.090000033378601,1.0850000381469727,1.090000033378601,1097.0
2024-08-21 15:34:00,UFPI,120.86499786376953,120.86499786376953,120.86499786376953,120.86499786376953,120.86499786376953,732.0
2024-08-21 15:34:00,USAP,40.08000183105469,40.08000183105469,40.08000183105469,40.08000183105469,40.08000183105469,507.0
2024-08-21 15:35:00,ALTO,1.4450000524520874,1.4450000524520874,1.4450000524520874,1.4450000524520874,1.4450000524520874,411.0
2024-08-21 15:35:00,CENX,14.679900169372559,14.679900169372559,14.6850004196167,14.679900169372559,14.680000305175781,3090.0
2024-08-21 15:35:00,GEVO,0.7669000029563904,0.7669000029563904,0.7669000029563904,0.7642999887466431,0.7642999887466431,382.0
2024-08-21 15:35:00,GPRE,14.020000457763672,14.020000457763672,14.020000457763672,14.020000457763672,14.020000457763672,2904.0
2024-08-21 15:35:00,GSM,4.414999961853027,4.414999961853027,4.414999961853027,4.414999961853027,4.414999961853027,1168.0
2024-08-21 15:35:00,HDSN,8.128999710083008,8.128999710083008,8.130000114440918,8.100000381469727,8.109999656677246,16147.0
2024-08-21 15:35:00,HWKN,122.58999633789062,122.58999633789062,122.58999633789062,122.58999633789062,122.58999633789062,470.0
2024-08-21 15:35:00,HYMCL,0.02800000086426735,0.02800000086426735,0.02800000086426735,0.02800000086426735,0.02800000086426735,20144.0
2024-08-21 15:35:00,IOSP,111.51499938964844,111.51499938964844,111.51499938964844,111.41999816894531,111.43499755859375,820.0
2024-08-21 15:35:00,KALU,72.30000305175781,72.30000305175781,72.33999633789062,72.30000305175781,72.30000305175781,2227.0
2024-08-21 15:35:00,LWLG,2.7100000381469727,2.7100000381469727,2.7100000381469727,2.7011001110076904,2.7011001110076904,3387.0
2024-08-21 15:35:00,MEOH,44.83000183105469,44.83000183105469,44.83000183105469,44.83000183105469,44.83000183105469,124.0
2024-08-21 15:35:00,MERC,6.309999942779541,6.309999942779541,6.309999942779541,6.309999942779541,6.309999942779541,446.0
2024-08-21 15:35:00,METC,12.180000305175781,12.180000305175781,12.199999809265137,12.180000305175781,12.1899995803833,4145.0
2024-08-21 15:35:00,ORGN,1.534999966621399,1.534999966621399,1.534999966621399,1.534999966621399,1.534999966621399,1610.0
2024-08-21 15:35:00,PAAS,21.579999923706055,21.579999923706055,21.594999313354492,21.575000762939453,21.584999084472656,5222.0
2024-08-21 15:35:00,PLL,9.364700317382812,9.364700317382812,9.364700317382812,9.364700317382812,9.364700317382812,326.0
2024-08-21 15:35:00,PPTA,8.800000190734863,8.800000190734863,8.800000190734863,8.800000190734863,8.800000190734863,243.0
2024-08-21 15:35:00,RGLD,140.7949981689453,140.7949981689453,140.7949981689453,140.72999572753906,140.72999572753906,1401.0
2024-08-21 15:35:00,SGML,11.470000267028809,11.470000267028809,11.524999618530273,11.470000267028809,11.524999618530273,4582.0
2024-08-21 15:35:00,SSRM,5.449999809265137,5.449999809265137,5.449999809265137,5.445000171661377,5.445000171661377,1226.0
2024-08-21 15:35:00,STLD,118.94999694824219,118.94999694824219,119.0999984741211,118.94000244140625,119.0999984741211,3935.0
2024-08-21 15:35:00,TMC,1.090000033378601,1.090000033378601,1.090000033378601,1.090000033378601,1.090000033378601,490.0
2024-08-21 15:35:00,UFPI,120.76000213623047,120.76000213623047,120.80999755859375,120.76000213623047,120.80999755859375,2068.0
2024-08-21 15:35:00,USAP,40.02000045776367,40.02000045776367,40.02000045776367,40.02000045776367,40.02000045776367,431.0
2024-08-21 15:35:00,ZEUS,41.25,41.25,41.63999938964844,41.25,41.380001068115234,4567.0
2024-08-21 15:36:00,ALTO,1.4450000524520874,1.4450000524520874,1.4450000524520874,1.4450000524520874,1.4450000524520874,1136.0
2024-08-21 15:36:00,ASTL,9.680000305175781,9.680000305175781,9.680000305175781,9.680000305175781,9.680000305175781,454.0
2024-08-21 15:36:00,CENX,14.670000076293945,14.670000076293945,14.670000076293945,14.670000076293945,14.670000076293945,799.0
2024-08-21 15:36:00,GEVO,0.7642999887466431,0.7642999887466431,0.7642999887466431,0.7642999887466431,0.7642999887466431,165.0
2024-08-21 15:36:00,GPRE,14.015000343322754,14.015000343322754,14.024999618530273,14.015000343322754,14.024999618530273,1356.0
2024-08-21 15:36:00,GSM,4.414999961853027,4.414999961853027,4.415200233459473,4.409999847412109,4.415200233459473,2043.0
2024-08-21 15:36:00,HDSN,8.125,8.125,8.125,8.125,8.125,629.0
2024-08-21 15:36:00,IOSP,111.44999694824219,111.44999694824219,111.5,111.41000366210938,111.41999816894531,1023.0
2024-08-21 15:36:00,LWLG,2.7100000381469727,2.7100000381469727,2.7100000381469727,2.7100000381469727,2.7100000381469727,217.0
2024-08-21 15:36:00,MEOH,44.81999969482422,44.81999969482422,44.81999969482422,44.81999969482422,44.81999969482422,263.0
2024-08-21 15:36:00,MERC,6.320000171661377,6.320000171661377,6.320000171661377,6.320000171661377,6.320000171661377,250.0
2024-08-21 15:36:00,METC,12.170000076293945,12.170000076293945,12.1850004196167,12.170000076293945,12.1850004196167,4409.0
2024-08-21 15:36:00,ORGN,1.5327999591827393,1.5327999591827393,1.534999966621399,1.530500054359436,1.530500054359436,635.0
2024-08-21 15:36:00,PAAS,21.59000015258789,21.59000015258789,21.59000015258789,21.579999923706055,21.579999923706055,2856.0
2024-08-21 15:36:00,PLL,9.354999542236328,9.354999542236328,9.369000434875488,9.34000015258789,9.34000015258789,1703.0
2024-08-21 15:36:00,PPTA,8.800000190734863,8.800000190734863,8.800000190734863,8.800000190734863,8.800000190734863,182.0
2024-08-21 15:36:00,SGML,11.449999809265137,11.449999809265137,11.460000038146973,11.449999809265137,11.460000038146973,2017.0
2024-08-21 15:36:00,SSRM,5.445000171661377,5.445000171661377,5.445000171661377,5.445000171661377,5.445000171661377,544.0
2024-08-21 15:36:00,STLD,118.97000122070312,118.97000122070312,118.97000122070312,118.93000030517578,118.94000244140625,2697.0
2024-08-21 15:36:00,USAP,40.02000045776367,40.02000045776367,40.02000045776367,40.02000045776367,40.02000045776367,242.0
2024-08-21 15:37:00,CENX,14.664999961853027,14.664999961853027,14.670999526977539,14.664999961853027,14.670000076293945,3250.0
2024-08-21 15:37:00,ELBM,0.5128999948501587,0.5128999948501587,0.5128999948501587,0.5128999948501587,0.5128999948501587,1817.0
2024-08-21 15:37:00,FEAM,0.8547000288963318,0.8547000288963318,0.8547000288963318,0.8547000288963318,0.8547000288963318,263.0
2024-08-21 15:37:00,GEVO,0.7642999887466431,0.7642999887466431,0.7669000029563904,0.7642999887466431,0.7669000029563904,276.0
2024-08-21 15:37:00,GPRE,14.015000343322754,14.015000343322754,14.015000343322754,14.015000343322754,14.015000343322754,282.0
2024-08-21 15:37:00,GSM,4.414999961853027,4.414999961853027,4.418000221252441,4.414999961853027,4.418000221252441,756.0
2024-08-21 15:37:00,HDSN,8.125,8.125,8.125,8.125,8.125,2830.0
2024-08-21 15:37:00,HYMC,2.4700000286102295,2.4700000286102295,2.4700000286102295,2.4700000286102295,2.4700000286102295,952.0
2024-08-21 15:37:00,IOSP,111.44999694824219,111.44999694824219,111.44999694824219,111.44999694824219,111.44999694824219,321.0
2024-08-21 15:37:00,MEOH,44.8036994934082,44.8036994934082,44.8036994934082,44.790000915527344,44.790000915527344,644.0
2024-08-21 15:37:00,MERC,6.324999809265137,6.324999809265137,6.329999923706055,6.320000171661377,6.320000171661377,2570.0
2024-08-21 15:37:00,METC,12.180000305175781,12.180000305175781,12.1899995803833,12.170000076293945,12.170000076293945,1321.0
2024-08-21 15:37:00,ORGN,1.534999966621399,1.534999966621399,1.534999966621399,1.534999966621399,1.534999966621399,170.0
2024-08-21 15:37:00,PAAS,21.579999923706055,21.579999923706055,21.59000015258789,21.579999923706055,21.584999084472656,3015.0
2024-08-21 15:37:00,PLL,9.354999542236328,9.354999542236328,9.354999542236328,9.354999542236328,9.354999542236328,1101.0
2024-08-21 15:37:00,PPTA,8.800000190734863,8.800000190734863,8.800000190734863,8.800000190734863,8.800000190734863,265.0
2024-08-21 15:37:00,RGLD,140.77000427246094,140.77000427246094,140.77000427246094,140.77000427246094,140.77000427246094,418.0
2024-08-21 15:37:00,SGML,11.4399995803833,11.4399995803833,11.449999809265137,11.4399995803833,11.449999809265137,938.0
2024-08-21 15:37:00,SSRM,5.452300071716309,5.452300071716309,5.454999923706055,5.449900150299072,5.449900150299072,4382.0
2024-08-21 15:37:00,STLD,119.01000213623047,119.01000213623047,119.01000213623047,118.95999908447266,118.95999908447266,3434.0
2024-08-21 15:37:00,TMC,1.090000033378601,1.090000033378601,1.090000033378601,1.0813000202178955,1.0813000202178955,333.0
2024-08-21 15:37:00,USLM,78.50499725341797,78.50499725341797,78.50499725341797,78.50499725341797,78.50499725341797,1086.0
2024-08-21 15:38:00,ASTL,9.680000305175781,9.680000305175781,9.680000305175781,9.680000305175781,9.680000305175781,111.0
2024-08-21 15:38:00,CENX,14.65999984741211,14.65999984741211,14.664999961853027,14.65999984741211,14.664999961853027,1338.0
2024-08-21 15:38:00,GEVO,0.7645999789237976,0.7645999789237976,0.7669000029563904,0.7642999887466431,0.7669000029563904,1350.0
2024-08-21 15:38:00,GPRE,14.029899597167969,14.029899597167969,14.029999732971191,14.015000343322754,14.020000457763672,4359.0
2024-08-21 15:38:00,GSM,4.414999961853027,4.414999961853027,4.420000076293945,4.414999961853027,4.420000076293945,2387.0
2024-08-21 15:38:00,HDSN,8.125,8.125,8.125,8.119999885559082,8.125,2171.0
2024-08-21 15:38:00,HWKN,122.98999786376953,122.98999786376953,122.98999786376953,122.61000061035156,122.61000061035156,3054.0
2024-08-21 15:38:00,LWLG,2.7100000381469727,2.7100000381469727,2.7100000381469727,2.7100000381469727,2.7100000381469727,139.0
2024-08-21 15:38:00,METC,12.15999984741211,12.15999984741211,12.180000305175781,12.15999984741211,12.180000305175781,4600.0
2024-08-21 15:38:00,PAAS,21.584999084472656,21.584999084472656,21.59000015258789,21.584999084472656,21.584999084472656,3262.0
2024-08-21 15:38:00,PLL,9.359999656677246,9.359999656677246,9.359999656677246,9.34469985961914,9.354999542236328,1082.0
2024-08-21 15:38:00,PPTA,8.800000190734863,8.800000190734863,8.800000190734863,8.800000190734863,8.800000190734863,242.0
2024-08-21 15:38:00,RGLD,140.63999938964844,140.63999938964844,140.7324981689453,140.63999938964844,140.7324981689453,1298.0
2024-08-21 15:38:00,SGML,11.449999809265137,11.449999809265137,11.470000267028809,11.449999809265137,11.460000038146973,4182.0
2024-08-21 15:38:00,SSRM,5.454999923706055,5.454999923706055,5.460000038146973,5.454999923706055,5.454999923706055,1998.0
2024-08-21 15:38:00,STLD,119.01000213623047,119.01000213623047,119.01000213623047,118.95999908447266,119.01000213623047,4404.0
2024-08-21 15:38:00,TMC,1.090000033378601,1.090000033378601,1.090000033378601,1.090000033378601,1.090000033378601,3474.0
2024-08-21 15:38:00,UFPI,120.76000213623047,120.76000213623047,120.76000213623047,120.76000213623047,120.76000213623047,836.0
2024-08-21 15:38:00,USAP,40.02000045776367,40.02000045776367,40.02000045776367,40.02000045776367,40.02000045776367,196.0
2024-08-21 15:39:00,ALTO,1.4450000524520874,1.4450000524520874,1.4450000524520874,1.4450000524520874,1.4450000524520874,848.0
2024-08-21 15:39:00,ASTL,9.675000190734863,9.675000190734863,9.680000305175781,9.670000076293945,9.680000305175781,14744.0
2024-08-21 15:39:00,CENX,14.640000343322754,14.640000343322754,14.649999618530273,14.640000343322754,14.649999618530273,2234.0
2024-08-21 15:39:00,ELBM,0.5128999948501587,0.5128999948501587,0.5128999948501587,0.5128999948501587,0.5128999948501587,3931.0
2024-08-21 15:39:00,GEVO,0.7669000029563904,0.7669000029563904,0.7669000029563904,0.7669000029563904,0.7669000029563904,0.0
2024-08-21 15:39:00,GPRE,14.020099639892578,14.020099639892578,14.020099639892578,14.020099639892578,14.020099639892578,474.0
2024-08-21 15:39:00,GSM,4.414999961853027,4.414999961853027,4.414999961853027,4.414999961853027,4.414999961853027,1279.0
2024-08-21 15:39:00,HDSN,8.114999771118164,8.114999771118164,8.114999771118164,8.114999771118164,8.114999771118164,577.0
2024-08-21 15:39:00,HWKN,122.81500244140625,122.81500244140625,122.81500244140625,122.81500244140625,122.81500244140625,1490.0
2024-08-21 15:39:00,IONR,3.5920000076293945,3.5920000076293945,3.5920000076293945,3.5920000076293945,3.5920000076293945,479.0
2024-08-21 15:39:00,IOSP,111.55000305175781,111.55000305175781,111.58999633789062,111.5199966430664,111.5199966430664,956.0
2024-08-21 15:39:00,KALU,72.1500015258789,72.1500015258789,72.1500015258789,72.12999725341797,72.12999725341797,1480.0
2024-08-21 15:39:00,LWLG,2.7100000381469727,2.7100000381469727,2.7149999141693115,2.7100000381469727,2.7149999141693115,313.0
2024-08-21 15:39:00,MEOH,44.79100036621094,44.79100036621094,44.79100036621094,44.79100036621094,44.79100036621094,350.0
2024-08-21 15:39:00,MERC,6.329999923706055,6.329999923706055,6.329999923706055,6.329999923706055,6.329999923706055,782.0
2024-08-21 15:39:00,METC,12.164999961853027,12.164999961853027,12.164999961853027,12.149999618530273,12.149999618530273,1650.0
2024-08-21 15:39:00,ORGN,1.5199999809265137,1.5199999809265137,1.534999966621399,1.5199999809265137,1.534999966621399,5685.0
2024-08-21 15:39:00,PAAS,21.594999313354492,21.594999313354492,21.594999313354492,21.59000015258789,21.59000015258789,4004.0
2024-08-21 15:39:00,PLL,9.390000343322754,9.390000343322754,9.390000343322754,9.360099792480469,9.364999771118164,4230.0
2024-08-21 15:39:00,PPTA,8.8100004196167,8.8100004196167,8.8100004196167,8.800000190734863,8.800000190734863,1850.0
2024-08-21 15:39:00,RGLD,140.65499877929688,140.65499877929688,140.65499877929688,140.6199951171875,140.6199951171875,836.0
2024-08-21 15:39:00,SGML,11.449999809265137,11.449999809265137,11.449999809265137,11.449999809265137,11.449999809265137,2011.0
2024-08-21 15:39:00,SSRM,5.440000057220459,5.440000057220459,5.454999923706055,5.440000057220459,5.449999809265137,6147.0
2024-08-21 15:39:00,STLD,119.12000274658203,119.12000274658203,119.12000274658203,119.00499725341797,119.00499725341797,4053.0
2024-08-21 15:40:00,ALTO,1.4450000524520874,1.4450000524520874,1.4450000524520874,1.4450000524520874,1.4450000524520874,171.0
2024-08-21 15:40:00,ASTL,9.675000190734863,9.675000190734863,9.675000190734863,9.675000190734863,9.675000190734863,202.0
2024-08-21 15:40:00,CENX,14.670000076293945,14.670000076293945,14.675000190734863,14.649999618530273,14.649999618530273,4944.0
2024-08-21 15:40:00,GEVO,0.7669000029563904,0.7669000029563904,0.7669000029563904,0.7669000029563904,0.7669000029563904,670.0
2024-08-21 15:40:00,GPRE,14.024999618530273,14.024999618530273,14.024999618530273,14.024999618530273,14.024999618530273,1498.0
2024-08-21 15:40:00,HDSN,8.138999938964844,8.138999938964844,8.138999938964844,8.114999771118164,8.119999885559082,19919.0
2024-08-21 15:40:00,HUDI,2.180000066757202,2.180000066757202,2.180000066757202,2.180000066757202,2.180000066757202,206.0
2024-08-21 15:40:00,IOSP,111.62000274658203,111.62000274658203,111.62000274658203,111.62000274658203,111.62000274658203,218.0
2024-08-21 15:40:00,KALU,72.1500015258789,72.1500015258789,72.16999816894531,72.1500015258789,72.16999816894531,845.0
2024-08-21 15:40:00,MEOH,44.834999084472656,44.834999084472656,44.834999084472656,44.83000183105469,44.83000183105469,1139.0
2024-08-21 15:40:00,MERC,6.329999923706055,6.329999923706055,6.329999923706055,6.320000171661377,6.329999923706055,4245.0
2024-08-21 15:40:00,METC,12.164999961853027,12.164999961853027,12.164999961853027,12.164999961853027,12.164999961853027,1400.0
2024-08-21 15:40:00,PAAS,21.594999313354492,21.594999313354492,21.604999542236328,21.594999313354492,21.600000381469727,20476.0
2024-08-21 15:40:00,PLL,9.370499610900879,9.370499610900879,9.390000343322754,9.370499610900879,9.390000343322754,2164.0
2024-08-21 15:40:00,PPTA,8.8149995803833,8.8149995803833,8.824999809265137,8.8100004196167,8.824999809265137,1586.0
2024-08-21 15:40:00,RETO,0.9689000248908997,0.9689000248908997,0.9689000248908997,0.9689000248908997,0.9689000248908997,381.0
2024-08-21 15:40:00,RGLD,140.66000366210938,140.66000366210938,140.69000244140625,140.62010192871094,140.65499877929688,1996.0
2024-08-21 15:40:00,SGML,11.489999771118164,11.489999771118164,11.489999771118164,11.4399995803833,11.449999809265137,15482.0
2024-08-21 15:40:00,SSRM,5.454999923706055,5.454999923706055,5.454999923706055,5.445000171661377,5.44920015335083,13208.0
2024-08-21 15:40:00,STLD,119.13999938964844,119.13999938964844,119.17500305175781,119.12000274658203,119.15499877929688,4168.0
2024-08-21 15:40:00,UFPI,120.72000122070312,120.72000122070312,120.77999877929688,120.72000122070312,120.77999877929688,968.0
2024-08-21 15:40:00,USAP,40.02000045776367,40.02000045776367,40.02000045776367,40.02000045776367,40.02000045776367,665.0
2024-08-21 15:40:00,USAU,5.539999961853027,5.539999961853027,5.539999961853027,5.539999961853027,5.539999961853027,2745.0
2024-08-21 15:41:00,ASTL,9.6850004196167,9.6850004196167,9.694999694824219,9.675000190734863,9.675000190734863,5979.0
2024-08-21 15:41:00,BCPC,169.25,169.25,169.25,169.24000549316406,169.24000549316406,499.0
2024-08-21 15:41:00,CENX,14.664999961853027,14.664999961853027,14.664999961853027,14.664999961853027,14.664999961853027,635.0
2024-08-21 15:41:00,CRKN,1.809999942779541,1.809999942779541,1.809999942779541,1.7999999523162842,1.7999999523162842,776.0
2024-08-21 15:41:00,GEVO,0.7669000029563904,0.7669000029563904,0.7669000029563904,0.7651000022888184,0.7651000022888184,501.0
2024-08-21 15:41:00,GPRE,14.015000343322754,14.015000343322754,14.024999618530273,14.010000228881836,14.024999618530273,4570.0
2024-08-21 15:41:00,GSM,4.409999847412109,4.409999847412109,4.409999847412109,4.409999847412109,4.409999847412109,530.0
2024-08-21 15:41:00,HDSN,8.140000343322754,8.140000343322754,8.140000343322754,8.135000228881836,8.140000343322754,1748.0
2024-08-21 15:41:00,HUDI,2.160099983215332,2.160099983215332,2.160099983215332,2.160099983215332,2.160099983215332,6900.0
2024-08-21 15:41:00,LWLG,2.7100000381469727,2.7100000381469727,2.7149999141693115,2.7100000381469727,2.7149999141693115,334.0
2024-08-21 15:41:00,METC,12.164999961853027,12.164999961853027,12.165900230407715,12.164999961853027,12.164999961853027,4109.0
2024-08-21 15:41:00,ORGN,1.5299999713897705,1.5299999713897705,1.5299999713897705,1.524999976158142,1.524999976158142,6021.0
2024-08-21 15:41:00,PAAS,21.604999542236328,21.604999542236328,21.604999542236328,21.600000381469727,21.600000381469727,5347.0
2024-08-21 15:41:00,PLL,9.390000343322754,9.390000343322754,9.390000343322754,9.379300117492676,9.379300117492676,803.0
2024-08-21 15:41:00,PPTA,8.8149995803833,8.8149995803833,8.8149995803833,8.8100004196167,8.8149995803833,681.0
2024-08-21 15:41:00,RETO,0.9994999766349792,0.9994999766349792,0.9994999766349792,0.9994999766349792,0.9994999766349792,328.0
2024-08-21 15:41:00,RGLD,140.6999969482422,140.6999969482422,140.6999969482422,140.6999969482422,140.6999969482422,821.0
2024-08-21 15:41:00,SGML,11.470000267028809,11.470000267028809,11.470000267028809,11.470000267028809,11.470000267028809,1597.0
2024-08-21 15:41:00,SSRM,5.449999809265137,5.449999809265137,5.449999809265137,5.449999809265137,5.449999809265137,6036.0
2024-08-21 15:41:00,STLD,119.22039794921875,119.22039794921875,119.2300033569336,119.17500305175781,119.17500305175781,3239.0
2024-08-21 15:41:00,TMC,1.0801000595092773,1.0801000595092773,1.090000033378601,1.0801000595092773,1.090000033378601,737.0
2024-08-21 15:41:00,UFPI,120.7750015258789,120.7750015258789,120.7750015258789,120.7750015258789,120.7750015258789,118.0
2024-08-21 15:41:00,ZEUS,41.369998931884766,41.369998931884766,41.369998931884766,41.369998931884766,41.369998931884766,286.0
2024-08-21 15:42:00,ASTL,9.694999694824219,9.694999694824219,9.694999694824219,9.6850004196167,9.6850004196167,1678.0
2024-08-21 15:42:00,CENX,14.654999732971191,14.654999732971191,14.670000076293945,14.654999732971191,14.670000076293945,2701.0
2024-08-21 15:42:00,CRKN,1.8199000358581543,1.8199000358581543,1.8199000358581543,1.8199000358581543,1.8199000358581543,842.0
2024-08-21 15:42:00,GEVO,0.7699999809265137,0.7699999809265137,0.7699999809265137,0.7669000029563904,0.7669000029563904,3836.0
2024-08-21 15:42:00,GPRE,14.005000114440918,14.005000114440918,14.010000228881836,14.005000114440918,14.010000228881836,809.0
2024-08-21 15:42:00,GSM,4.414999961853027,4.414999961853027,4.418000221252441,4.414999961853027,4.414999961853027,3584.0
2024-08-21 15:42:00,IONR,3.5706000328063965,3.5706000328063965,3.5706000328063965,3.5706000328063965,3.5706000328063965,925.0
2024-08-21 15:42:00,IOSP,111.58499908447266,111.58499908447266,111.58499908447266,111.58499908447266,111.58499908447266,963.0
2024-08-21 15:42:00,LWLG,2.7149999141693115,2.7149999141693115,2.7149999141693115,2.7149999141693115,2.7149999141693115,101.0
2024-08-21 15:42:00,METC,12.164999961853027,12.164999961853027,12.164999961853027,12.164999961853027,12.164999961853027,286.0
2024-08-21 15:42:00,ORGN,1.5200999975204468,1.5200999975204468,1.5200999975204468,1.5200999975204468,1.5200999975204468,444.0
2024-08-21 15:42:00,PAAS,21.604999542236328,21.604999542236328,21.604999542236328,21.600000381469727,21.600000381469727,2894.0
2024-08-21 15:42:00,PLL,9.369999885559082,9.369999885559082,9.380000114440918,9.369999885559082,9.369999885559082,1099.0
2024-08-21 15:42:00,PPTA,8.8149995803833,8.8149995803833,8.8149995803833,8.8149995803833,8.8149995803833,354.0
2024-08-21 15:42:00,RGLD,140.74000549316406,140.74000549316406,140.74000549316406,140.74000549316406,140.74000549316406,1186.0
2024-08-21 15:42:00,SGML,11.444999694824219,11.444999694824219,11.460000038146973,11.444999694824219,11.460000038146973,1625.0
2024-08-21 15:42:00,SSRM,5.445000171661377,5.445000171661377,5.445000171661377,5.445000171661377,5.445000171661377,1475.0
2024-08-21 15:42:00,STLD,119.28500366210938,119.28500366210938,119.31300354003906,119.19000244140625,119.22000122070312,8388.0
2024-08-21 15:42:00,TMC,1.0839999914169312,1.0839999914169312,1.0839999914169312,1.0839999914169312,1.0839999914169312,881.0
2024-08-21 15:42:00,UFPI,120.70999908447266,120.70999908447266,120.7750015258789,120.70999908447266,120.7750015258789,755.0
2024-08-21 15:43:00,ALTO,1.4450000524520874,1.4450000524520874,1.4450000524520874,1.440000057220459,1.4450000524520874,1761.0
2024-08-21 15:43:00,AREC,0.5401999950408936,0.5401999950408936,0.5509999990463257,0.5401999950408936,0.5509999990463257,10816.0
2024-08-21 15:43:00,ASTL,9.694999694824219,9.694999694824219,9.694999694824219,9.6899995803833,9.6899995803833,3556.0
2024-08-21 15:43:00,CENX,14.640000343322754,14.640000343322754,14.649999618530273,14.630000114440918,14.645000457763672,3238.0
2024-08-21 15:43:00,GEVO,0.7685999870300293,0.7685999870300293,0.7699999809265137,0.7685999870300293,0.7699999809265137,1030.0
2024-08-21 15:43:00,GPRE,14.0,14.0,14.005000114440918,14.0,14.0,788.0
2024-08-21 15:43:00,GSM,4.409999847412109,4.409999847412109,4.409999847412109,4.409999847412109,4.409999847412109,579.0
2024-08-21 15:43:00,HDSN,8.135000228881836,8.135000228881836,8.140000343322754,8.135000228881836,8.140000343322754,855.0
2024-08-21 15:43:00,IPX,15.390000343322754,15.390000343322754,15.390000343322754,15.390000343322754,15.390000343322754,110.0
2024-08-21 15:43:00,KALU,72.26000213623047,72.26000213623047,72.31500244140625,72.2300033569336,72.2300033569336,2146.0
2024-08-21 15:43:00,LGO,1.899999976158142,1.899999976158142,1.899999976158142,1.899999976158142,1.899999976158142,972.0
2024-08-21 15:43:00,LWLG,2.7184998989105225,2.7184998989105225,2.7184998989105225,2.7184998989105225,2.7184998989105225,381.0
2024-08-21 15:43:00,MEOH,44.7599983215332,44.7599983215332,44.81999969482422,44.7599983215332,44.81999969482422,1646.0
2024-08-21 15:43:00,MERC,6.340000152587891,6.340000152587891,6.340000152587891,6.329999923706055,6.329999923706055,1605.0
2024-08-21 15:43:00,METC,12.164999961853027,12.164999961853027,12.164999961853027,12.164999961853027,12.164999961853027,507.0
2024-08-21 15:43:00,ORGN,1.5,1.5,1.524999976158142,1.5,1.524999976158142,6985.0
2024-08-21 15:43:00,PAAS,21.594999313354492,21.594999313354492,21.614999771118164,21.59000015258789,21.604999542236328,9333.0
2024-08-21 15:43:00,PLL,9.36970043182373,9.36970043182373,9.369999885559082,9.36970043182373,9.369999885559082,1657.0
2024-08-21 15:43:00,PPTA,8.8100004196167,8.8100004196167,8.8149995803833,8.8100004196167,8.8149995803833,662.0
2024-08-21 15:43:00,RGLD,140.6699981689453,140.6699981689453,140.6699981689453,140.6699981689453,140.6699981689453,1452.0
2024-08-21 15:43:00,SGML,11.449999809265137,11.449999809265137,11.459799766540527,11.449999809265137,11.459799766540527,1303.0
2024-08-21 15:43:00,SSRM,5.441299915313721,5.441299915313721,5.445000171661377,5.441299915313721,5.445000171661377,1345.0
2024-08-21 15:43:00,STLD,119.18000030517578,119.18000030517578,119.28500366210938,119.18000030517578,119.28500366210938,4467.0
2024-08-21 15:43:00,UFPI,120.70500183105469,120.70500183105469,120.70500183105469,120.70500183105469,120.70500183105469,471.0
2024-08-21 15:43:00,USAU,5.53000020980835,5.53000020980835,5.53000020980835,5.53000020980835,5.53000020980835,1410.0
2024-08-21 15:43:00,ZEUS,41.29999923706055,41.29999923706055,41.29999923706055,41.29999923706055,41.29999923706055,677.0
2024-08-21 15:44:00,ALTO,1.4450000524520874,1.4450000524520874,1.4450000524520874,1.4450000524520874,1.4450000524520874,833.0
2024-08-21 15:44:00,ASTL,9.699999809265137,9.699999809265137,9.699999809265137,9.694999694824219,9.699999809265137,375.0
2024-08-21 15:44:00,BCPC,169.3000030517578,169.3000030517578,169.3000030517578,169.3000030517578,169.3000030517578,421.0
2024-08-21 15:44:00,BIOX,10.125,10.125,10.125,10.125,10.125,228.0
2024-08-21 15:44:00,CENX,14.654999732971191,14.654999732971191,14.65999984741211,14.645000457763672,14.645000457763672,3936.0
2024-08-21 15:44:00,CRKN,1.8102999925613403,1.8102999925613403,1.8102999925613403,1.8102999925613403,1.8102999925613403,3306.0
2024-08-21 15:44:00,FEAM,0.8518999814987183,0.8518999814987183,0.8518999814987183,0.8399999737739563,0.8399999737739563,1200.0
2024-08-21 15:44:00,GEVO,0.7687000036239624,0.7687000036239624,0.7687000036239624,0.7685999870300293,0.7687000036239624,468.0
2024-08-21 15:44:00,GPRE,13.970000267028809,13.970000267028809,14.0,13.970000267028809,14.0,3840.0
2024-08-21 15:44:00,GSM,4.409999847412109,4.409999847412109,4.414999961853027,4.409999847412109,4.414999961853027,1415.0
2024-08-21 15:44:00,HDSN,8.135000228881836,8.135000228881836,8.135000228881836,8.135000228881836,8.135000228881836,294.0
2024-08-21 15:44:00,KALU,72.2699966430664,72.2699966430664,72.2699966430664,72.2699966430664,72.2699966430664,794.0
2024-08-21 15:44:00,METC,12.164999961853027,12.164999961853027,12.170000076293945,12.164999961853027,12.164999961853027,1279.0
2024-08-21 15:44:00,ORGN,1.5,1.5,1.5049999952316284,1.4950000047683716,1.5049999952316284,16660.0
2024-08-21 15:44:00,PAAS,21.614999771118164,21.614999771118164,21.614999771118164,21.594999313354492,21.594999313354492,3465.0
2024-08-21 15:44:00,PLL,9.359999656677246,9.359999656677246,9.359999656677246,9.359999656677246,9.359999656677246,3939.0
2024-08-21 15:44:00,PPTA,8.819999694824219,8.819999694824219,8.819999694824219,8.8100004196167,8.8100004196167,1653.0
2024-08-21 15:44:00,RETO,0.9843999743461609,0.9843999743461609,0.9843999743461609,0.9843999743461609,0.9843999743461609,721.0
2024-08-21 15:44:00,RGLD,140.64999389648438,140.64999389648438,140.64999389648438,140.6300048828125,140.6300048828125,1774.0
2024-08-21 15:44:00,SEED,2.4000000953674316,2.4000000953674316,2.4000000953674316,2.4000000953674316,2.4000000953674316,685.0
2024-08-21 15:44:00,SGML,11.470000267028809,11.470000267028809,11.470000267028809,11.449999809265137,11.460000038146973,9196.0
2024-08-21 15:44:00,SSRM,5.449999809265137,5.449999809265137,5.449999809265137,5.449999809265137,5.449999809265137,5126.0
2024-08-21 15:44:00,STLD,119.16999816894531,119.16999816894531,119.20999908447266,119.16000366210938,119.18399810791016,6093.0
2024-08-21 15:44:00,TMC,1.0800000429153442,1.0800000429153442,1.0800000429153442,1.0800000429153442,1.0800000429153442,260.0
2024-08-21 15:45:00,ALTO,1.4450000524520874,1.4450000524520874,1.4450000524520874,1.4450000524520874,1.4450000524520874,0.0
2024-08-21 15:45:00,AREC,0.550000011920929,0.550000011920929,0.550000011920929,0.550000011920929,0.550000011920929,1564.0
2024-08-21 15:45:00,ASTL,9.694999694824219,9.694999694824219,9.699999809265137,9.694999694824219,9.699999809265137,223.0
2024-08-21 15:45:00,CENX,14.65999984741211,14.65999984741211,14.670000076293945,14.649999618530273,14.65999984741211,3954.0
2024-08-21 15:45:00,FEAM,0.8435999751091003,0.8435999751091003,0.8436999917030334,0.8399999737739563,0.8399999737739563,6977.0
2024-08-21 15:45:00,GPRE,13.975000381469727,13.975000381469727,13.975000381469727,13.970000267028809,13.975000381469727,1099.0
2024-08-21 15:45:00,GSM,4.409999847412109,4.409999847412109,4.414999961853027,4.409999847412109,4.414999961853027,1217.0
2024-08-21 15:45:00,HDSN,8.135000228881836,8.135000228881836,8.135000228881836,8.135000228881836,8.135000228881836,116.0
2024-08-21 15:45:00,HWKN,122.73999786376953,122.73999786376953,122.83999633789062,122.7300033569336,122.77999877929688,1889.0
2024-08-21 15:45:00,LWLG,2.7100000381469727,2.7100000381469727,2.7100000381469727,2.7100000381469727,2.7100000381469727,200.0
2024-08-21 15:45:00,MEOH,44.75,44.75,44.779998779296875,44.75,44.779998779296875,3542.0
2024-08-21 15:45:00,METC,12.164999961853027,12.164999961853027,12.180000305175781,12.15999984741211,12.170000076293945,6350.0
2024-08-21 15:45:00,ORGN,1.5049999952316284,1.5049999952316284,1.5049999952316284,1.5049999952316284,1.5049999952316284,200.0
2024-08-21 15:45:00,PAAS,21.6200008392334,21.6200008392334,21.635000228881836,21.6200008392334,21.6200008392334,22423.0
2024-08-21 15:45:00,PLL,9.369999885559082,9.369999885559082,9.369999885559082,9.369999885559082,9.369999885559082,794.0
2024-08-21 15:45:00,PPTA,8.829999923706055,8.829999923706055,8.850000381469727,8.819999694824219,8.819999694824219,4149.0
2024-08-21 15:45:00,SGML,11.479999542236328,11.479999542236328,11.479999542236328,11.479999542236328,11.479999542236328,1745.0
2024-08-21 15:45:00,SMID,33.3036994934082,33.3036994934082,33.3036994934082,33.3036994934082,33.3036994934082,400.0
2024-08-21 15:45:00,SSRM,5.454999923706055,5.454999923706055,5.454999923706055,5.449999809265137,5.454999923706055,1516.0
2024-08-21 15:45:00,STLD,119.15499877929688,119.15499877929688,119.16999816894531,119.12999725341797,119.16999816894531,3804.0
2024-08-21 15:45:00,TMC,1.090000033378601,1.090000033378601,1.090000033378601,1.0812000036239624,1.0812000036239624,569.0
2024-08-21 15:45:00,UFPI,120.59400177001953,120.59400177001953,120.69999694824219,120.55000305175781,120.69999694824219,1358.0
2024-08-21 15:45:00,USLM,78.46499633789062,78.46499633789062,78.46499633789062,78.46499633789062,78.46499633789062,210.0
2024-08-21 15:45:00,ZEUS,41.28499984741211,41.28499984741211,41.38999938964844,41.28499984741211,41.349998474121094,486.0
2024-08-21 15:46:00,ACNT,9.975000381469727,9.975000381469727,9.975000381469727,9.975000381469727,9.975000381469727,288.0
2024-08-21 15:46:00,ASTL,9.704999923706055,9.704999923706055,9.704999923706055,9.694999694824219,9.694999694824219,2528.0
2024-08-21 15:46:00,CENX,14.670000076293945,14.670000076293945,14.680000305175781,14.664999961853027,14.664999961853027,4162.0
2024-08-21 15:46:00,GEVO,0.7685999870300293,0.7685999870300293,0.7685999870300293,0.7685999870300293,0.7685999870300293,273.0
2024-08-21 15:46:00,GPRE,13.975000381469727,13.975000381469727,13.975000381469727,13.975000381469727,13.975000381469727,1534.0
2024-08-21 15:46:00,GSM,4.414999961853027,4.414999961853027,4.414999961853027,4.414999961853027,4.414999961853027,871.0
2024-08-21 15:46:00,HDSN,8.140000343322754,8.140000343322754,8.140000343322754,8.140000343322754,8.140000343322754,544.0
2024-08-21 15:46:00,IOSP,111.52999877929688,111.52999877929688,111.52999877929688,111.52999877929688,111.52999877929688,764.0
2024-08-21 15:46:00,KALU,72.25,72.25,72.25,72.25,72.25,1959.0
2024-08-21 15:46:00,LWLG,2.710099935531616,2.710099935531616,2.710099935531616,2.710099935531616,2.710099935531616,99.0
2024-08-21 15:46:00,MEOH,44.755001068115234,44.755001068115234,44.755001068115234,44.75,44.75,1610.0
2024-08-21 15:46:00,MERC,6.309999942779541,6.309999942779541,6.329999923706055,6.309999942779541,6.320000171661377,4050.0
2024-08-21 15:46:00,METC,12.15999984741211,12.15999984741211,12.164999961853027,12.154999732971191,12.15999984741211,4368.0
2024-08-21 15:46:00,ORGN,1.5049999952316284,1.5049999952316284,1.5049999952316284,1.5049999952316284,1.5049999952316284,1273.0
2024-08-21 15:46:00,PAAS,21.6200008392334,21.6200008392334,21.6299991607666,21.6200008392334,21.625,6039.0
2024-08-21 15:46:00,PLL,9.350000381469727,9.350000381469727,9.364999771118164,9.350000381469727,9.35949993133545,2552.0
2024-08-21 15:46:00,PPTA,8.8100004196167,8.8100004196167,8.829999923706055,8.8100004196167,8.829999923706055,2613.0
2024-08-21 15:46:00,RGLD,140.6649932861328,140.6649932861328,140.6739959716797,140.66000366210938,140.6739959716797,1410.0
2024-08-21 15:46:00,RKDA,2.700000047683716,2.700000047683716,2.700000047683716,2.700000047683716,2.700000047683716,100.0
2024-08-21 15:46:00,SEED,2.4000000953674316,2.4000000953674316,2.4000000953674316,2.4000000953674316,2.4000000953674316,559.0
2024-08-21 15:46:00,SGML,11.489999771118164,11.489999771118164,11.489999771118164,11.489999771118164,11.489999771118164,2493.0
2024-08-21 15:46:00,SMID,32.915000915527344,32.915000915527344,32.915000915527344,32.915000915527344,32.915000915527344,29.0
2024-08-21 15:46:00,SSRM,5.454999923706055,5.454999923706055,5.454999923706055,5.454999923706055,5.454999923706055,1722.0
2024-08-21 15:46:00,STLD,119.2300033569336,119.2300033569336,119.26499938964844,119.16000366210938,119.16000366210938,5617.0
2024-08-21 15:46:00,TMC,1.0850000381469727,1.0850000381469727,1.090000033378601,1.0839999914169312,1.0839999914169312,995.0
2024-08-21 15:46:00,UFPI,120.51000213623047,120.51000213623047,120.54000091552734,120.51000213623047,120.54000091552734,1817.0
2024-08-21 15:46:00,USAU,5.549900054931641,5.549900054931641,5.549900054931641,5.516900062561035,5.516900062561035,7446.0
2024-08-21 15:46:00,ZEUS,41.2599983215332,41.2599983215332,41.2599983215332,41.2599983215332,41.2599983215332,660.0
2024-08-21 15:47:00,ACNT,9.975000381469727,9.975000381469727,9.975000381469727,9.975000381469727,9.975000381469727,829.0
2024-08-21 15:47:00,ALTO,1.4450000524520874,1.4450000524520874,1.4450000524520874,1.4450000524520874,1.4450000524520874,442.0
2024-08-21 15:47:00,ASTL,9.729999542236328,9.729999542236328,9.729999542236328,9.704999923706055,9.704999923706055,8837.0
2024-08-21 15:47:00,CENX,14.670000076293945,14.670000076293945,14.675000190734863,14.664999961853027,14.675000190734863,3140.0
2024-08-21 15:47:00,GEVO,0.7685999870300293,0.7685999870300293,0.7699999809265137,0.7685999870300293,0.7699999809265137,2703.0
2024-08-21 15:47:00,GPRE,13.960000038146973,13.960000038146973,13.970000267028809,13.954999923706055,13.970000267028809,4180.0
2024-08-21 15:47:00,GSM,4.414999961853027,4.414999961853027,4.414999961853027,4.409999847412109,4.414999961853027,535.0
2024-08-21 15:47:00,HDSN,8.140000343322754,8.140000343322754,8.140000343322754,8.140000343322754,8.140000343322754,867.0
2024-08-21 15:47:00,HUDI,2.179800033569336,2.179800033569336,2.179800033569336,2.179800033569336,2.179800033569336,0.0
2024-08-21 15:47:00,HYMC,2.4700000286102295,2.4700000286102295,2.4700000286102295,2.4700000286102295,2.4700000286102295,869.0
2024-08-21 15:47:00,KALU,72.29000091552734,72.29000091552734,72.29000091552734,72.2300033569336,72.2300033569336,1761.0
2024-08-21 15:47:00,LGO,1.9049999713897705,1.9049999713897705,1.9049999713897705,1.9049999713897705,1.9049999713897705,149.0
2024-08-21 15:47:00,LWLG,2.7100000381469727,2.7100000381469727,2.7149999141693115,2.7100000381469727,2.7149999141693115,559.0
2024-08-21 15:47:00,MEOH,44.810001373291016,44.810001373291016,44.810001373291016,44.779998779296875,44.779998779296875,4307.0
2024-08-21 15:47:00,MERC,6.315000057220459,6.315000057220459,6.315000057220459,6.315000057220459,6.315000057220459,928.0
2024-08-21 15:47:00,METC,12.170000076293945,12.170000076293945,12.1899995803833,12.170000076293945,12.170000076293945,5797.0
2024-08-21 15:47:00,PAAS,21.6200008392334,21.6200008392334,21.625,21.614999771118164,21.614999771118164,5087.0
2024-08-21 15:47:00,PLL,9.359999656677246,9.359999656677246,9.378999710083008,9.350000381469727,9.350000381469727,2520.0
2024-08-21 15:47:00,PPTA,8.819999694824219,8.819999694824219,8.819999694824219,8.819999694824219,8.819999694824219,301.0
2024-08-21 15:47:00,SGML,11.479999542236328,11.479999542236328,11.479999542236328,11.479999542236328,11.479999542236328,3152.0
2024-08-21 15:47:00,SNES,4.700099945068359,4.700099945068359,4.700099945068359,4.700099945068359,4.700099945068359,508.0
2024-08-21 15:47:00,SSRM,5.449999809265137,5.449999809265137,5.454999923706055,5.449999809265137,5.454999923706055,12130.0
2024-08-21 15:47:00,STLD,119.30500030517578,119.30500030517578,119.30999755859375,119.21499633789062,119.26000213623047,7494.0
2024-08-21 15:47:00,TMC,1.0800000429153442,1.0800000429153442,1.0850000381469727,1.0700000524520874,1.0801000595092773,6040.0
2024-08-21 15:47:00,UFPI,120.51000213623047,120.51000213623047,120.51000213623047,120.51000213623047,120.51000213623047,386.0
2024-08-21 15:47:00,USAP,40.0099983215332,40.0099983215332,40.0099983215332,40.0099983215332,40.0099983215332,707.0
2024-08-21 15:47:00,USLM,78.5,78.5,78.5,78.45999908447266,78.45999908447266,614.0
2024-08-21 15:47:00,ZEUS,41.2400016784668,41.2400016784668,41.2400016784668,41.2400016784668,41.2400016784668,168.0
2024-08-21 15:48:00,ACNT,9.989999771118164,9.989999771118164,9.989999771118164,9.975000381469727,9.975000381469727,1518.0
2024-08-21 15:48:00,ASTL,9.739999771118164,9.739999771118164,9.739999771118164,9.739999771118164,9.739999771118164,218.0
2024-08-21 15:48:00,BCPC,169.1999969482422,169.1999969482422,169.1999969482422,169.1300048828125,169.1300048828125,1048.0
2024-08-21 15:48:00,CENX,14.65999984741211,14.65999984741211,14.65999984741211,14.654999732971191,14.65999984741211,3290.0
2024-08-21 15:48:00,CRKN,1.815000057220459,1.815000057220459,1.815000057220459,1.815000057220459,1.815000057220459,401.0
2024-08-21 15:48:00,GEVO,0.7685999870300293,0.7685999870300293,0.7687000036239624,0.7685999870300293,0.7687000036239624,1500.0
2024-08-21 15:48:00,GPRE,13.96500015258789,13.96500015258789,13.96500015258789,13.960000038146973,13.960000038146973,720.0
2024-08-21 15:48:00,GSM,4.414999961853027,4.414999961853027,4.414999961853027,4.414999961853027,4.414999961853027,170.0
2024-08-21 15:48:00,HYMC,2.4700000286102295,2.4700000286102295,2.4700000286102295,2.4700000286102295,2.4700000286102295,113.0
2024-08-21 15:48:00,IOSP,111.44000244140625,111.44000244140625,111.48999786376953,111.44000244140625,111.48999786376953,858.0
2024-08-21 15:48:00,KALU,72.25,72.25,72.25,72.25,72.25,864.0
2024-08-21 15:48:00,LWLG,2.7100000381469727,2.7100000381469727,2.7100000381469727,2.7100000381469727,2.7100000381469727,339.0
2024-08-21 15:48:00,MERC,6.315000057220459,6.315000057220459,6.315000057220459,6.315000057220459,6.315000057220459,329.0
2024-08-21 15:48:00,METC,12.149999618530273,12.149999618530273,12.15999984741211,12.149999618530273,12.15999984741211,1519.0
2024-08-21 15:48:00,ORGN,1.5049999952316284,1.5049999952316284,1.5099999904632568,1.5049999952316284,1.5049999952316284,10907.0
2024-08-21 15:48:00,PAAS,21.614999771118164,21.614999771118164,21.61989974975586,21.610000610351562,21.614999771118164,3024.0
2024-08-21 15:48:00,PLL,9.319999694824219,9.319999694824219,9.361599922180176,9.319999694824219,9.361599922180176,4252.0
2024-08-21 15:48:00,PPTA,8.8100004196167,8.8100004196167,8.819999694824219,8.8100004196167,8.819999694824219,2270.0
2024-08-21 15:48:00,RGLD,140.52499389648438,140.52499389648438,140.55999755859375,140.52499389648438,140.55999755859375,1167.0
2024-08-21 15:48:00,SGML,11.489999771118164,11.489999771118164,11.489999771118164,11.489999771118164,11.489999771118164,849.0
2024-08-21 15:48:00,SMID,32.564998626708984,32.564998626708984,32.564998626708984,32.564998626708984,32.564998626708984,200.0
2024-08-21 15:48:00,SNES,4.824999809265137,4.824999809265137,4.824999809265137,4.710000038146973,4.710000038146973,621.0
2024-08-21 15:48:00,SSRM,5.445000171661377,5.445000171661377,5.454999923706055,5.445000171661377,5.449999809265137,2853.0
2024-08-21 15:48:00,STLD,119.22000122070312,119.22000122070312,119.30500030517578,119.22000122070312,119.30500030517578,5258.0
2024-08-21 15:48:00,TMC,1.0713000297546387,1.0713000297546387,1.0713000297546387,1.0713000297546387,1.0713000297546387,292.0
2024-08-21 15:48:00,UFPI,120.44100189208984,120.44100189208984,120.57099914550781,120.44100189208984,120.57099914550781,2842.0
2024-08-21 15:48:00,USAP,39.939998626708984,39.939998626708984,39.959999084472656,39.939998626708984,39.959999084472656,857.0
2024-08-21 15:48:00,ZEUS,41.2400016784668,41.2400016784668,41.2400016784668,41.2400016784668,41.2400016784668,474.0
2024-08-21 15:49:00,ACNT,9.975000381469727,9.975000381469727,9.975000381469727,9.970000267028809,9.970000267028809,1402.0
2024-08-21 15:49:00,ASTL,9.729999542236328,9.729999542236328,9.734999656677246,9.729999542236328,9.734999656677246,3878.0
2024-08-21 15:49:00,BIOX,10.109999656677246,10.109999656677246,10.109999656677246,10.109999656677246,10.109999656677246,591.0
2024-08-21 15:49:00,CENX,14.65999984741211,14.65999984741211,14.670000076293945,14.65999984741211,14.666500091552734,4445.0
2024-08-21 15:49:00,CRKN,1.809999942779541,1.809999942779541,1.809999942779541,1.809999942779541,1.809999942779541,938.0
2024-08-21 15:49:00,FEAM,0.8453999757766724,0.8453999757766724,0.8453999757766724,0.8399999737739563,0.8453999757766724,401.0
2024-08-21 15:49:00,GEVO,0.7687000036239624,0.7687000036239624,0.7687000036239624,0.7685999870300293,0.7685999870300293,4608.0
2024-08-21 15:49:00,GPRE,13.975000381469727,13.975000381469727,13.975000381469727,13.96500015258789,13.96500015258789,3636.0
2024-08-21 15:49:00,GSM,4.409999847412109,4.409999847412109,4.4197001457214355,4.409999847412109,4.409999847412109,25442.0
2024-08-21 15:49:00,HDSN,8.140000343322754,8.140000343322754,8.140000343322754,8.134699821472168,8.134699821472168,851.0
2024-08-21 15:49:00,HUDI,2.180000066757202,2.180000066757202,2.180000066757202,2.180000066757202,2.180000066757202,483.0
2024-08-21 15:49:00,HWKN,122.9000015258789,122.9000015258789,122.90499877929688,122.9000015258789,122.90499877929688,729.0
2024-08-21 15:49:00,HYMC,2.4800000190734863,2.4800000190734863,2.4800000190734863,2.4784998893737793,2.4784998893737793,934.0
2024-08-21 15:49:00,HYMCL,0.02800000086426735,0.02800000086426735,0.02800000086426735,0.02800000086426735,0.02800000086426735,6200.0
2024-08-21 15:49:00,LGO,1.9199999570846558,1.9199999570846558,1.9199999570846558,1.9199999570846558,1.9199999570846558,200.0
2024-08-21 15:49:00,LWLG,2.7049999237060547,2.7049999237060547,2.7114999294281006,2.700000047683716,2.7100000381469727,4549.0
2024-08-21 15:49:00,MEOH,44.779998779296875,44.779998779296875,44.779998779296875,44.77000045776367,44.779998779296875,853.0
2024-08-21 15:49:00,MERC,6.315000057220459,6.315000057220459,6.320000171661377,6.315000057220459,6.320000171661377,2274.0
2024-08-21 15:49:00,METC,12.149999618530273,12.149999618530273,12.149999618530273,12.149999618530273,12.149999618530273,835.0
2024-08-21 15:49:00,ORGN,1.511199951171875,1.511199951171875,1.5149999856948853,1.5099999904632568,1.5149999856948853,2471.0
2024-08-21 15:49:00,PAAS,21.614999771118164,21.614999771118164,21.6200008392334,21.614999771118164,21.61989974975586,2236.0
2024-08-21 15:49:00,PLL,9.3149995803833,9.3149995803833,9.3149995803833,9.300100326538086,9.300100326538086,694.0
2024-08-21 15:49:00,PPTA,8.805000305175781,8.805000305175781,8.819999694824219,8.800000190734863,8.819999694824219,4278.0
2024-08-21 15:49:00,RGLD,140.57989501953125,140.57989501953125,140.57989501953125,140.57989501953125,140.57989501953125,2304.0
2024-08-21 15:49:00,SGML,11.529999732971191,11.529999732971191,11.5378999710083,11.489999771118164,11.489999771118164,4256.0
2024-08-21 15:49:00,SSRM,5.445000171661377,5.445000171661377,5.445000171661377,5.445000171661377,5.445000171661377,2569.0
2024-08-21 15:49:00,STLD,119.29199981689453,119.29199981689453,119.29199981689453,119.23500061035156,119.25,3570.0
2024-08-21 15:49:00,TMC,1.0712000131607056,1.0712000131607056,1.0750000476837158,1.070099949836731,1.0712000131607056,964.0
2024-08-21 15:49:00,UFPI,120.5199966430664,120.5199966430664,120.58000183105469,120.5199966430664,120.5199966430664,953.0
2024-08-21 15:49:00,USAU,5.559899806976318,5.559899806976318,5.559899806976318,5.559899806976318,5.559899806976318,300.0
2024-08-21 15:49:00,USLM,78.48999786376953,78.48999786376953,78.48999786376953,78.48999786376953,78.48999786376953,2028.0
2024-08-21 15:49:00,WDFC,252.3000030517578,252.3000030517578,252.3000030517578,252.3000030517578,252.3000030517578,1339.0
2024-08-21 15:49:00,ZEUS,41.28499984741211,41.28499984741211,41.28499984741211,41.28499984741211,41.28499984741211,810.0
2024-08-21 15:50:00,ACNT,9.975000381469727,9.975000381469727,9.975000381469727,9.975000381469727,9.975000381469727,937.0
2024-08-21 15:50:00,ALTO,1.4450000524520874,1.4450000524520874,1.4450000524520874,1.440000057220459,1.440000057220459,5723.0
2024-08-21 15:50:00,ASTL,9.75,9.75,9.75,9.734999656677246,9.734999656677246,2005.0
2024-08-21 15:50:00,CENX,14.625,14.625,14.649999618530273,14.625,14.649999618530273,3075.0
2024-08-21 15:50:00,CRKN,1.8109999895095825,1.8109999895095825,1.8109999895095825,1.8109999895095825,1.8109999895095825,311.0
2024-08-21 15:50:00,FEAM,0.8435999751091003,0.8435999751091003,0.8435999751091003,0.8435999751091003,0.8435999751091003,577.0
2024-08-21 15:50:00,GEVO,0.7775999903678894,0.7775999903678894,0.777999997138977,0.7688000202178955,0.7688000202178955,24731.0
2024-08-21 15:50:00,GPRE,13.970000267028809,13.970000267028809,14.0,13.970000267028809,13.979999542236328,9204.0
2024-08-21 15:50:00,GSM,4.409999847412109,4.409999847412109,4.414999961853027,4.409999847412109,4.414999961853027,2340.0
2024-08-21 15:50:00,HWKN,122.87999725341797,122.87999725341797,122.87999725341797,122.87999725341797,122.87999725341797,921.0
2024-08-21 15:50:00,IOSP,111.4800033569336,111.4800033569336,111.4800033569336,111.4800033569336,111.4800033569336,1477.0
2024-08-21 15:50:00,IPX,15.390000343322754,15.390000343322754,15.390000343322754,15.390000343322754,15.390000343322754,200.0
2024-08-21 15:50:00,KALU,72.18000030517578,72.18000030517578,72.18000030517578,72.18000030517578,72.18000030517578,808.0
2024-08-21 15:50:00,LGO,1.9199999570846558,1.9199999570846558,1.9199999570846558,1.9199999570846558,1.9199999570846558,161.0
2024-08-21 15:50:00,LOOP,1.4199999570846558,1.4199999570846558,1.4199999570846558,1.4199999570846558,1.4199999570846558,180.0
2024-08-21 15:50:00,LWLG,2.7149999141693115,2.7149999141693115,2.7149999141693115,2.7100000381469727,2.7100000381469727,3144.0
2024-08-21 15:50:00,MEOH,44.80500030517578,44.80500030517578,44.80500030517578,44.77000045776367,44.77000045776367,2245.0
2024-08-21 15:50:00,MERC,6.295000076293945,6.295000076293945,6.315000057220459,6.295000076293945,6.309999942779541,2934.0
2024-08-21 15:50:00,METC,12.135000228881836,12.135000228881836,12.149999618530273,12.135000228881836,12.149999618530273,4137.0
2024-08-21 15:50:00,ORGN,1.511299967765808,1.511299967765808,1.511299967765808,1.511299967765808,1.511299967765808,341.0
2024-08-21 15:50:00,PAAS,21.625,21.625,21.635000228881836,21.610000610351562,21.6200008392334,26994.0
2024-08-21 15:50:00,PLL,9.300100326538086,9.300100326538086,9.329999923706055,9.300100326538086,9.329999923706055,1609.0
2024-08-21 15:50:00,PPTA,8.800000190734863,8.800000190734863,8.800000190734863,8.800000190734863,8.800000190734863,318.0
2024-08-21 15:50:00,RGLD,140.4600067138672,140.4600067138672,140.4600067138672,140.4199981689453,140.4600067138672,2458.0
2024-08-21 15:50:00,SGML,11.520000457763672,11.520000457763672,11.53499984741211,11.505000114440918,11.53499984741211,3078.0
2024-08-21 15:50:00,SSRM,5.454999923706055,5.454999923706055,5.454999923706055,5.449999809265137,5.449999809265137,17048.0
2024-08-21 15:50:00,STLD,119.15499877929688,119.15499877929688,119.29399871826172,119.1500015258789,119.26499938964844,14041.0
2024-08-21 15:50:00,TMC,1.070099949836731,1.070099949836731,1.070099949836731,1.070099949836731,1.070099949836731,347.0
2024-08-21 15:50:00,UFPI,120.61499786376953,120.61499786376953,120.63909912109375,120.5,120.5,2604.0
2024-08-21 15:50:00,USAP,39.98500061035156,39.98500061035156,39.98500061035156,39.98500061035156,39.98500061035156,740.0
2024-08-21 15:50:00,USAU,5.559999942779541,5.559999942779541,5.559999942779541,5.559999942779541,5.559999942779541,206.0
2024-08-21 15:51:00,ACNT,9.975000381469727,9.975000381469727,9.975000381469727,9.975000381469727,9.975000381469727,820.0
2024-08-21 15:51:00,ASTL,9.760000228881836,9.760000228881836,9.760000228881836,9.760000228881836,9.760000228881836,101.0
2024-08-21 15:51:00,BIOX,10.140000343322754,10.140000343322754,10.140000343322754,10.140000343322754,10.140000343322754,300.0
2024-08-21 15:51:00,CENX,14.619999885559082,14.619999885559082,14.645000457763672,14.614999771118164,14.630000114440918,11267.0
2024-08-21 15:51:00,GEVO,0.7784000039100647,0.7784000039100647,0.7784000039100647,0.7784000039100647,0.7784000039100647,3681.0
2024-08-21 15:51:00,GPRE,13.975000381469727,13.975000381469727,13.979999542236328,13.970000267028809,13.970000267028809,4575.0
2024-08-21 15:51:00,GSM,4.409999847412109,4.409999847412109,4.414999961853027,4.409999847412109,4.409999847412109,1018.0
2024-08-21 15:51:00,HDSN,8.135000228881836,8.135000228881836,8.140000343322754,8.135000228881836,8.140000343322754,1439.0
2024-08-21 15:51:00,HWKN,122.95999908447266,122.95999908447266,122.95999908447266,122.83999633789062,122.83999633789062,421.0
2024-08-21 15:51:00,HYMC,2.478600025177002,2.478600025177002,2.478600025177002,2.478600025177002,2.478600025177002,944.0
2024-08-21 15:51:00,LGO,1.9299999475479126,1.9299999475479126,1.9299999475479126,1.9299999475479126,1.9299999475479126,327.0
2024-08-21 15:51:00,LWLG,2.7149999141693115,2.7149999141693115,2.7149999141693115,2.7100000381469727,2.7100000381469727,945.0
2024-08-21 15:51:00,MEOH,44.7599983215332,44.7599983215332,44.790000915527344,44.7599983215332,44.790000915527344,1676.0
2024-08-21 15:51:00,MERC,6.300000190734863,6.300000190734863,6.300000190734863,6.300000190734863,6.300000190734863,1791.0
2024-08-21 15:51:00,METC,12.149999618530273,12.149999618530273,12.15999984741211,12.140000343322754,12.140000343322754,1697.0
2024-08-21 15:51:00,NTIC,12.829999923706055,12.829999923706055,12.829999923706055,12.829999923706055,12.829999923706055,373.0
2024-08-21 15:51:00,ORGN,1.5109000205993652,1.5109000205993652,1.5149999856948853,1.5109000205993652,1.5149999856948853,247.0
2024-08-21 15:51:00,PAAS,21.625,21.625,21.639999389648438,21.614900588989258,21.6299991607666,36886.0
2024-08-21 15:51:00,PLL,9.329999923706055,9.329999923706055,9.329999923706055,9.300100326538086,9.3149995803833,6135.0
2024-08-21 15:51:00,PPTA,8.800000190734863,8.800000190734863,8.800000190734863,8.795000076293945,8.795000076293945,969.0
2024-08-21 15:51:00,RGLD,140.44000244140625,140.44000244140625,140.44000244140625,140.44000244140625,140.44000244140625,1410.0
2024-08-21 15:51:00,SGML,11.5,11.5,11.520000457763672,11.494999885559082,11.520000457763672,2134.0
2024-08-21 15:51:00,SMID,32.560001373291016,32.560001373291016,32.560001373291016,32.560001373291016,32.560001373291016,100.0
2024-08-21 15:51:00,SNES,4.807300090789795,4.807300090789795,4.807300090789795,4.807300090789795,4.807300090789795,326.0
2024-08-21 15:51:00,SSRM,5.454999923706055,5.454999923706055,5.460000038146973,5.454999923706055,5.454999923706055,5726.0
2024-08-21 15:51:00,STLD,119.02999877929688,119.02999877929688,119.1449966430664,119.01000213623047,119.13999938964844,10204.0
2024-08-21 15:51:00,TMC,1.0712000131607056,1.0712000131607056,1.0712000131607056,1.0712000131607056,1.0712000131607056,269.0
2024-08-21 15:51:00,UFPI,120.62000274658203,120.62000274658203,120.62000274658203,120.61000061035156,120.61000061035156,464.0
2024-08-21 15:51:00,USAU,5.5345001220703125,5.5345001220703125,5.545000076293945,5.5345001220703125,5.545000076293945,244.0
2024-08-21 15:51:00,USLM,78.18000030517578,78.18000030517578,78.18000030517578,78.18000030517578,78.18000030517578,376.0
2024-08-21 15:52:00,ACNT,10.0,10.0,10.0,9.975000381469727,9.975000381469727,849.0
2024-08-21 15:52:00,ALTO,1.4450000524520874,1.4450000524520874,1.4485000371932983,1.4450000524520874,1.4485000371932983,775.0
2024-08-21 15:52:00,AREC,0.5498999953269958,0.5498999953269958,0.5498999953269958,0.5498999953269958,0.5498999953269958,1168.0
2024-08-21 15:52:00,ASTL,9.75,9.75,9.755000114440918,9.75,9.755000114440918,2887.0
2024-08-21 15:52:00,CENX,14.604999542236328,14.604999542236328,14.619999885559082,14.600000381469727,14.609999656677246,3962.0
2024-08-21 15:52:00,FEAM,0.8453999757766724,0.8453999757766724,0.8453999757766724,0.8399999737739563,0.8399999737739563,347.0
2024-08-21 15:52:00,GEVO,0.7717000246047974,0.7717000246047974,0.777899980545044,0.7717000246047974,0.7778000235557556,2924.0
2024-08-21 15:52:00,GPRE,13.960000038146973,13.960000038146973,13.970000267028809,13.960000038146973,13.970000267028809,4427.0
2024-08-21 15:52:00,GSM,4.400000095367432,4.400000095367432,4.409999847412109,4.400000095367432,4.409999847412109,11158.0
2024-08-21 15:52:00,HDSN,8.15999984741211,8.15999984741211,8.15999984741211,8.140000343322754,8.140000343322754,1433.0
2024-08-21 15:52:00,HWKN,122.76000213623047,122.76000213623047,122.88500213623047,122.76000213623047,122.88500213623047,1130.0
2024-08-21 15:52:00,IOSP,111.4000015258789,111.4000015258789,111.5,111.4000015258789,111.47000122070312,2270.0
2024-08-21 15:52:00,KALU,72.1500015258789,72.1500015258789,72.1500015258789,72.06999969482422,72.06999969482422,1468.0
2024-08-21 15:52:00,LWLG,2.7200000286102295,2.7200000286102295,2.7200000286102295,2.7100000381469727,2.7200000286102295,2986.0
2024-08-21 15:52:00,MEOH,44.7599983215332,44.7599983215332,44.779998779296875,44.7599983215332,44.779998779296875,507.0
2024-08-21 15:52:00,MERC,6.300000190734863,6.300000190734863,6.300000190734863,6.300000190734863,6.300000190734863,929.0
2024-08-21 15:52:00,METC,12.130000114440918,12.130000114440918,12.145000457763672,12.119999885559082,12.140000343322754,4133.0
2024-08-21 15:52:00,ORGN,1.5149999856948853,1.5149999856948853,1.5149999856948853,1.5149999856948853,1.5149999856948853,681.0
2024-08-21 15:52:00,PAAS,21.6200008392334,21.6200008392334,21.6299991607666,21.610000610351562,21.6299991607666,7856.0
2024-08-21 15:52:00,PLL,9.3100004196167,9.3100004196167,9.329999923706055,9.300000190734863,9.329999923706055,6615.0
2024-08-21 15:52:00,PPTA,8.800000190734863,8.800000190734863,8.805000305175781,8.760000228881836,8.800000190734863,8085.0
2024-08-21 15:52:00,SEED,2.4000000953674316,2.4000000953674316,2.4000000953674316,2.390000104904175,2.390000104904175,1822.0
2024-08-21 15:52:00,SGML,11.470000267028809,11.470000267028809,11.5,11.470000267028809,11.5,2533.0
2024-08-21 15:52:00,SSRM,5.454999923706055,5.454999923706055,5.454999923706055,5.454999923706055,5.454999923706055,3922.0
2024-08-21 15:52:00,STLD,119.01000213623047,119.01000213623047,119.03500366210938,118.98999786376953,119.0,8497.0
2024-08-21 15:52:00,TMC,1.0713000297546387,1.0713000297546387,1.0750000476837158,1.0713000297546387,1.0750000476837158,392.0
2024-08-21 15:52:00,UFPI,120.69999694824219,120.69999694824219,120.69999694824219,120.44000244140625,120.44000244140625,1382.0
2024-08-21 15:52:00,USAU,5.550000190734863,5.550000190734863,5.550000190734863,5.550000190734863,5.550000190734863,674.0
2024-08-21 15:52:00,ZEUS,41.35499954223633,41.35499954223633,41.35499954223633,41.28499984741211,41.28499984741211,1919.0
2024-08-21 15:53:00,ACNT,9.949999809265137,9.949999809265137,9.949999809265137,9.949999809265137,9.949999809265137,679.0
2024-08-21 15:53:00,ALTO,1.4450000524520874,1.4450000524520874,1.4450000524520874,1.4450000524520874,1.4450000524520874,941.0
2024-08-21 15:53:00,ASTL,9.744999885559082,9.744999885559082,9.744999885559082,9.744999885559082,9.744999885559082,842.0
2024-08-21 15:53:00,BCPC,169.05999755859375,169.05999755859375,169.05999755859375,169.05999755859375,169.05999755859375,2179.0
2024-08-21 15:53:00,BIOX,10.140000343322754,10.140000343322754,10.140000343322754,10.140000343322754,10.140000343322754,101.0
2024-08-21 15:53:00,CENX,14.600000381469727,14.600000381469727,14.604999542236328,14.600000381469727,14.604999542236328,5806.0
2024-08-21 15:53:00,FEAM,0.8453999757766724,0.8453999757766724,0.8453999757766724,0.8399999737739563,0.8399999737739563,255.0
2024-08-21 15:53:00,GEVO,0.7753000259399414,0.7753000259399414,0.7757999897003174,0.7753000259399414,0.7757999897003174,1262.0
2024-08-21 15:53:00,GPRE,13.930000305175781,13.930000305175781,13.949999809265137,13.920000076293945,13.949999809265137,6228.0
2024-08-21 15:53:00,GSM,4.400000095367432,4.400000095367432,4.40500020980835,4.400000095367432,4.40500020980835,3067.0
2024-08-21 15:53:00,HDSN,8.154999732971191,8.154999732971191,8.15999984741211,8.145000457763672,8.154999732971191,4533.0
2024-08-21 15:53:00,HWKN,122.87000274658203,122.87000274658203,122.87000274658203,122.87000274658203,122.87000274658203,542.0
2024-08-21 15:53:00,IOSP,111.5199966430664,111.5199966430664,111.5199966430664,111.41000366210938,111.41500091552734,940.0
2024-08-21 15:53:00,IPX,15.390000343322754,15.390000343322754,15.390000343322754,15.390000343322754,15.390000343322754,3.0
2024-08-21 15:53:00,LOOP,1.413699984550476,1.413699984550476,1.4199999570846558,1.4000999927520752,1.4199999570846558,2339.0
2024-08-21 15:53:00,LWLG,2.7249999046325684,2.7249999046325684,2.7300000190734863,2.7200000286102295,2.7200000286102295,3629.0
2024-08-21 15:53:00,MEOH,44.775001525878906,44.775001525878906,44.775001525878906,44.77000045776367,44.77000045776367,526.0
2024-08-21 15:53:00,METC,12.109999656677246,12.109999656677246,12.130000114440918,12.100000381469727,12.130000114440918,5313.0
2024-08-21 15:53:00,PAAS,21.604999542236328,21.604999542236328,21.614999771118164,21.59000015258789,21.614999771118164,18021.0
2024-08-21 15:53:00,PLL,9.274999618530273,9.274999618530273,9.32699966430664,9.25,9.319999694824219,3332.0
2024-08-21 15:53:00,PPTA,8.765000343322754,8.765000343322754,8.800000190734863,8.760000228881836,8.795000076293945,2961.0
2024-08-21 15:53:00,RGLD,140.33999633789062,140.33999633789062,140.44000244140625,140.33999633789062,140.44000244140625,1617.0
2024-08-21 15:53:00,SGML,11.46500015258789,11.46500015258789,11.475000381469727,11.460000038146973,11.475000381469727,4643.0
2024-08-21 15:53:00,SSRM,5.454999923706055,5.454999923706055,5.454999923706055,5.454999923706055,5.454999923706055,5905.0
2024-08-21 15:53:00,STLD,118.86499786376953,118.86499786376953,118.98999786376953,118.86000061035156,118.98999786376953,13690.0
2024-08-21 15:53:00,TMC,1.075600028038025,1.075600028038025,1.075600028038025,1.0710999965667725,1.0710999965667725,1187.0
2024-08-21 15:53:00,UFPI,120.62999725341797,120.62999725341797,120.66000366210938,120.5999984741211,120.66000366210938,843.0
2024-08-21 15:53:00,ZEUS,41.29999923706055,41.29999923706055,41.29999923706055,41.275001525878906,41.29499816894531,1411.0
2024-08-21 15:54:00,ACNT,9.949999809265137,9.949999809265137,9.949999809265137,9.949999809265137,9.949999809265137,231.0
2024-08-21 15:54:00,ALTO,1.4450000524520874,1.4450000524520874,1.4450000524520874,1.4450000524520874,1.4450000524520874,1099.0
2024-08-21 15:54:00,ASTL,9.725000381469727,9.725000381469727,9.760000228881836,9.725000381469727,9.744999885559082,6466.0
2024-08-21 15:54:00,BIOX,10.140000343322754,10.140000343322754,10.140000343322754,10.140000343322754,10.140000343322754,228.0
2024-08-21 15:54:00,CENX,14.600000381469727,14.600000381469727,14.609999656677246,14.600000381469727,14.604999542236328,24461.0
2024-08-21 15:54:00,CRKN,1.8199000358581543,1.8199000358581543,1.8200000524520874,1.815000057220459,1.815000057220459,7178.0
2024-08-21 15:54:00,ELBM,0.5128999948501587,0.5128999948501587,0.5128999948501587,0.5128999948501587,0.5128999948501587,7417.0
2024-08-21 15:54:00,GEVO,0.7732999920845032,0.7732999920845032,0.7778000235557556,0.7732999920845032,0.7778000235557556,5087.0
2024-08-21 15:54:00,GPRE,13.930000305175781,13.930000305175781,13.9399995803833,13.930000305175781,13.930000305175781,8294.0
2024-08-21 15:54:00,GSM,4.394999980926514,4.394999980926514,4.409999847412109,4.394999980926514,4.400000095367432,20881.0
2024-08-21 15:54:00,HDSN,8.154999732971191,8.154999732971191,8.154999732971191,8.154999732971191,8.154999732971191,216.0
2024-08-21 15:54:00,HUDI,2.1700000762939453,2.1700000762939453,2.1700000762939453,2.1700000762939453,2.1700000762939453,341.0
2024-08-21 15:54:00,HWKN,122.97000122070312,122.97000122070312,122.9800033569336,122.97000122070312,122.97000122070312,1317.0
2024-08-21 15:54:00,HYMC,2.4798998832702637,2.4798998832702637,2.4798998832702637,2.4798998832702637,2.4798998832702637,813.0
2024-08-21 15:54:00,HYMCL,0.02800000086426735,0.02800000086426735,0.02800000086426735,0.02800000086426735,0.02800000086426735,1900.0
2024-08-21 15:54:00,IOSP,111.63999938964844,111.63999938964844,111.63999938964844,111.37999725341797,111.37999725341797,2346.0
2024-08-21 15:54:00,KALU,72.19999694824219,72.19999694824219,72.19999694824219,72.18000030517578,72.18000030517578,1294.0
2024-08-21 15:54:00,LOOP,1.429800033569336,1.429800033569336,1.429800033569336,1.4149999618530273,1.4149999618530273,256.0
2024-08-21 15:54:00,LWLG,2.7300000190734863,2.7300000190734863,2.7300000190734863,2.7249999046325684,2.7300000190734863,1289.0
2024-08-21 15:54:00,MEOH,44.76499938964844,44.76499938964844,44.790000915527344,44.75,44.7599983215332,5631.0
2024-08-21 15:54:00,MERC,6.28000020980835,6.28000020980835,6.300000190734863,6.28000020980835,6.300000190734863,3012.0
2024-08-21 15:54:00,METC,12.104999542236328,12.104999542236328,12.109999656677246,12.095000267028809,12.100000381469727,8463.0
2024-08-21 15:54:00,ORGN,1.5149999856948853,1.5149999856948853,1.5149999856948853,1.5149999856948853,1.5149999856948853,999.0
2024-08-21 15:54:00,PAAS,21.614999771118164,21.614999771118164,21.625,21.600000381469727,21.600000381469727,26194.0
2024-08-21 15:54:00,PLL,9.250100135803223,9.250100135803223,9.250100135803223,9.250100135803223,9.250100135803223,308.0
2024-08-21 15:54:00,PPTA,8.760000228881836,8.760000228881836,8.760000228881836,8.760000228881836,8.760000228881836,523.0
2024-08-21 15:54:00,RGLD,140.27999877929688,140.27999877929688,140.4600067138672,140.23500061035156,140.4600067138672,2818.0
2024-08-21 15:54:00,SGML,11.479999542236328,11.479999542236328,11.479999542236328,11.46500015258789,11.46500015258789,3784.0
2024-08-21 15:54:00,SMID,32.58000183105469,32.58000183105469,32.58000183105469,32.58000183105469,32.58000183105469,181.0
2024-08-21 15:54:00,SSRM,5.445000171661377,5.445000171661377,5.454999923706055,5.445000171661377,5.454999923706055,38022.0
2024-08-21 15:54:00,STLD,118.91999816894531,118.91999816894531,119.02999877929688,118.83000183105469,118.83000183105469,14261.0
2024-08-21 15:54:00,TMC,1.0799000263214111,1.0799000263214111,1.0799000263214111,1.070099949836731,1.0750000476837158,1303.0
2024-08-21 15:54:00,UFPI,120.4800033569336,120.4800033569336,120.65499877929688,120.47000122070312,120.65499877929688,5568.0
2024-08-21 15:54:00,USAP,39.97999954223633,39.97999954223633,39.97999954223633,39.91999816894531,39.91999816894531,782.0
2024-08-21 15:54:00,USLM,78.4800033569336,78.4800033569336,78.4800033569336,78.4800033569336,78.4800033569336,838.0
2024-08-21 15:54:00,WDFC,252.69000244140625,252.69000244140625,252.69000244140625,252.69000244140625,252.69000244140625,328.0
2024-08-21 15:54:00,ZEUS,41.27000045776367,41.27000045776367,41.29999923706055,41.27000045776367,41.29999923706055,270.0
2024-08-21 15:55:00,ALTO,1.4450000524520874,1.4450000524520874,1.4450000524520874,1.4450000524520874,1.4450000524520874,1495.0
2024-08-21 15:55:00,AREC,0.5450999736785889,0.5450999736785889,0.5450999736785889,0.5403000116348267,0.5404000282287598,20564.0
2024-08-21 15:55:00,ASTL,9.729999542236328,9.729999542236328,9.729999542236328,9.713000297546387,9.725000381469727,6214.0
2024-08-21 15:55:00,CENX,14.619999885559082,14.619999885559082,14.65999984741211,14.609999656677246,14.609999656677246,19463.0
2024-08-21 15:55:00,CRKN,1.8200000524520874,1.8200000524520874,1.8200000524520874,1.8200000524520874,1.8200000524520874,0.0
2024-08-21 15:55:00,ELBM,0.513700008392334,0.513700008392334,0.513700008392334,0.513700008392334,0.513700008392334,958.0
2024-08-21 15:55:00,FEAM,0.8399999737739563,0.8399999737739563,0.8435999751091003,0.8399999737739563,0.8435999751091003,1070.0
2024-08-21 15:55:00,GEVO,0.7781999707221985,0.7781999707221985,0.7781999707221985,0.7781999707221985,0.7781999707221985,5287.0
2024-08-21 15:55:00,GPRE,13.930000305175781,13.930000305175781,13.930000305175781,13.920999526977539,13.925000190734863,6572.0
2024-08-21 15:55:00,GSM,4.40500020980835,4.40500020980835,4.40500020980835,4.394999980926514,4.400000095367432,34510.0
2024-08-21 15:55:00,GURE,1.1449999809265137,1.1449999809265137,1.1449999809265137,1.1449999809265137,1.1449999809265137,519.0
2024-08-21 15:55:00,HDSN,8.159000396728516,8.159000396728516,8.159000396728516,8.159000396728516,8.159000396728516,1207.0
2024-08-21 15:55:00,HWKN,123.12000274658203,123.12000274658203,123.12000274658203,123.0,123.0,4018.0
2024-08-21 15:55:00,HYMC,2.478600025177002,2.478600025177002,2.4800000190734863,2.478600025177002,2.4800000190734863,1444.0
2024-08-21 15:55:00,KALU,72.33999633789062,72.33999633789062,72.33999633789062,72.30000305175781,72.30000305175781,502.0
2024-08-21 15:55:00,LWLG,2.7300000190734863,2.7300000190734863,2.7300000190734863,2.7300000190734863,2.7300000190734863,6589.0
2024-08-21 15:55:00,MEOH,44.779998779296875,44.779998779296875,44.779998779296875,44.75,44.75,7264.0
2024-08-21 15:55:00,MERC,6.289999961853027,6.289999961853027,6.289999961853027,6.28000020980835,6.28000020980835,3788.0
2024-08-21 15:55:00,METC,12.109999656677246,12.109999656677246,12.109999656677246,12.095000267028809,12.104999542236328,5849.0
2024-08-21 15:55:00,ORGN,1.5149999856948853,1.5149999856948853,1.5199999809265137,1.5149999856948853,1.5149999856948853,2377.0
2024-08-21 15:55:00,PAAS,21.604999542236328,21.604999542236328,21.6200008392334,21.604999542236328,21.610000610351562,14517.0
2024-08-21 15:55:00,PLL,9.260100364685059,9.260100364685059,9.274999618530273,9.25529956817627,9.25529956817627,1496.0
2024-08-21 15:55:00,PPTA,8.770000457763672,8.770000457763672,8.779999732971191,8.760000228881836,8.770000457763672,3486.0
2024-08-21 15:55:00,RGLD,140.74000549316406,140.74000549316406,140.74000549316406,140.2899932861328,140.49000549316406,7017.0
2024-08-21 15:55:00,SGML,11.489999771118164,11.489999771118164,11.494999885559082,11.470000267028809,11.479999542236328,4582.0
2024-08-21 15:55:00,SSRM,5.449999809265137,5.449999809265137,5.449999809265137,5.445000171661377,5.448500156402588,18080.0
2024-08-21 15:55:00,STLD,118.99500274658203,118.99500274658203,119.01499938964844,118.77999877929688,118.79000091552734,22026.0
2024-08-21 15:55:00,TMC,1.0713000297546387,1.0713000297546387,1.0800000429153442,1.0710999965667725,1.0712000131607056,1625.0
2024-08-21 15:55:00,UFPI,120.58999633789062,120.58999633789062,120.58999633789062,120.58999633789062,120.58999633789062,1050.0
2024-08-21 15:55:00,USAP,40.06999969482422,40.06999969482422,40.06999969482422,40.040000915527344,40.060001373291016,2108.0
2024-08-21 15:55:00,WDFC,252.74000549316406,252.74000549316406,252.74000549316406,252.24000549316406,252.24000549316406,2203.0
2024-08-21 15:55:00,ZEUS,41.29999923706055,41.29999923706055,41.345001220703125,41.29999923706055,41.345001220703125,2049.0
2024-08-21 15:56:00,ALTO,1.440000057220459,1.440000057220459,1.4450000524520874,1.440000057220459,1.4450000524520874,4126.0
2024-08-21 15:56:00,AREC,0.5299999713897705,0.5299999713897705,0.5410000085830688,0.5299999713897705,0.5410000085830688,23156.0
2024-08-21 15:56:00,ASTL,9.739999771118164,9.739999771118164,9.739999771118164,9.729999542236328,9.734999656677246,4124.0
2024-08-21 15:56:00,CENX,14.614999771118164,14.614999771118164,14.614999771118164,14.609999656677246,14.611000061035156,6732.0
2024-08-21 15:56:00,CRKN,1.8176000118255615,1.8176000118255615,1.8176000118255615,1.8176000118255615,1.8176000118255615,520.0
2024-08-21 15:56:00,FEAM,0.8467000126838684,0.8467000126838684,0.8467000126838684,0.8435999751091003,0.8435999751091003,4134.0
2024-08-21 15:56:00,GEVO,0.7771999835968018,0.7771999835968018,0.7781999707221985,0.7771999835968018,0.7781999707221985,4763.0
2024-08-21 15:56:00,GPRE,13.914999961853027,13.914999961853027,13.920000076293945,13.90999984741211,13.914999961853027,5568.0
2024-08-21 15:56:00,GSM,4.40500020980835,4.40500020980835,4.40500020980835,4.40500020980835,4.40500020980835,6348.0
2024-08-21 15:56:00,HDSN,8.15999984741211,8.15999984741211,8.15999984741211,8.154999732971191,8.15999984741211,1682.0
2024-08-21 15:56:00,IOSP,111.66000366210938,111.66000366210938,111.7300033569336,111.58999633789062,111.7300033569336,841.0
2024-08-21 15:56:00,IPX,15.390000343322754,15.390000343322754,15.390000343322754,15.390000343322754,15.390000343322754,106.0
2024-08-21 15:56:00,KALU,72.3499984741211,72.3499984741211,72.36000061035156,72.2699966430664,72.36000061035156,2532.0
2024-08-21 15:56:00,LGO,1.9299999475479126,1.9299999475479126,1.9299999475479126,1.9299999475479126,1.9299999475479126,242.0
2024-08-21 15:56:00,LWLG,2.737499952316284,2.737499952316284,2.737499952316284,2.7300000190734863,2.7300000190734863,331.0
2024-08-21 15:56:00,MEOH,44.7599983215332,44.7599983215332,44.76499938964844,44.7599983215332,44.76499938964844,1512.0
2024-08-21 15:56:00,MERC,6.295000076293945,6.295000076293945,6.300000190734863,6.289999961853027,6.289999961853027,3487.0
2024-08-21 15:56:00,METC,12.079999923706055,12.079999923706055,12.109999656677246,12.079999923706055,12.109999656677246,7389.0
2024-08-21 15:56:00,ORGN,1.5149999856948853,1.5149999856948853,1.5199999809265137,1.5099999904632568,1.5149999856948853,4783.0
2024-08-21 15:56:00,PAAS,21.614999771118164,21.614999771118164,21.614999771118164,21.604999542236328,21.610000610351562,23947.0
2024-08-21 15:56:00,PLL,9.300000190734863,9.300000190734863,9.300000190734863,9.264100074768066,9.264100074768066,4834.0
2024-08-21 15:56:00,PPTA,8.760000228881836,8.760000228881836,8.770000457763672,8.760000228881836,8.770000457763672,1519.0
2024-08-21 15:56:00,RGLD,140.69000244140625,140.69000244140625,140.69000244140625,140.68499755859375,140.68499755859375,1100.0
2024-08-21 15:56:00,SGML,11.449999809265137,11.449999809265137,11.494999885559082,11.4399995803833,11.494999885559082,16612.0
2024-08-21 15:56:00,SMID,32.625,32.625,32.625,32.625,32.625,253.0
2024-08-21 15:56:00,SSRM,5.440000057220459,5.440000057220459,5.449999809265137,5.440000057220459,5.445000171661377,10978.0
2024-08-21 15:56:00,STLD,118.95500183105469,118.95500183105469,119.02999877929688,118.91500091552734,118.98500061035156,15265.0
2024-08-21 15:56:00,TMC,1.0712000131607056,1.0712000131607056,1.079200029373169,1.0712000131607056,1.0740000009536743,2919.0
2024-08-21 15:56:00,UFPI,120.73999786376953,120.73999786376953,120.93000030517578,120.7300033569336,120.78500366210938,2871.0
2024-08-21 15:57:00,ALTO,1.440000057220459,1.440000057220459,1.4450000524520874,1.440000057220459,1.4450000524520874,3432.0
2024-08-21 15:57:00,AREC,0.5336999893188477,0.5336999893188477,0.5336999893188477,0.5336999893188477,0.5336999893188477,2061.0
2024-08-21 15:57:00,ASTL,9.729999542236328,9.729999542236328,9.744999885559082,9.729999542236328,9.739999771118164,6097.0
2024-08-21 15:57:00,BIOX,10.180000305175781,10.180000305175781,10.180000305175781,10.140000343322754,10.140000343322754,1318.0
2024-08-21 15:57:00,CENX,14.600000381469727,14.600000381469727,14.619999885559082,14.600000381469727,14.609999656677246,18144.0
2024-08-21 15:57:00,ELBM,0.5115000009536743,0.5115000009536743,0.5115000009536743,0.5115000009536743,0.5115000009536743,432.0
2024-08-21 15:57:00,FEAM,0.847000002861023,0.847000002861023,0.847000002861023,0.8463000059127808,0.8463000059127808,1555.0
2024-08-21 15:57:00,GEVO,0.7781999707221985,0.7781999707221985,0.7781999707221985,0.7764000296592712,0.7764000296592712,4820.0
2024-08-21 15:57:00,GPRE,13.890000343322754,13.890000343322754,13.930000305175781,13.890000343322754,13.914999961853027,10702.0
2024-08-21 15:57:00,GSM,4.40500020980835,4.40500020980835,4.40500020980835,4.40500020980835,4.40500020980835,5881.0
2024-08-21 15:57:00,HDSN,8.154999732971191,8.154999732971191,8.15999984741211,8.154999732971191,8.159899711608887,3852.0
2024-08-21 15:57:00,HYMC,2.4800000190734863,2.4800000190734863,2.4800000190734863,2.469899892807007,2.4790000915527344,3626.0
2024-08-21 15:57:00,HYMCL,0.02800000086426735,0.02800000086426735,0.02800000086426735,0.02800000086426735,0.02800000086426735,1566.0
2024-08-21 15:57:00,IONR,3.619999885559082,3.619999885559082,3.619999885559082,3.619999885559082,3.619999885559082,131.0
2024-08-21 15:57:00,IOSP,111.79000091552734,111.79000091552734,111.79000091552734,111.79000091552734,111.79000091552734,656.0
2024-08-21 15:57:00,LGO,1.9249999523162842,1.9249999523162842,1.9249999523162842,1.9249999523162842,1.9249999523162842,640.0
2024-08-21 15:57:00,LITM,0.4401000142097473,0.4401000142097473,0.4401000142097473,0.4401000142097473,0.4401000142097473,52078.0
2024-08-21 15:57:00,LWLG,2.738800048828125,2.738800048828125,2.740000009536743,2.7300000190734863,2.734999895095825,6607.0
2024-08-21 15:57:00,MEOH,44.775001525878906,44.775001525878906,44.790000915527344,44.7599983215332,44.7599983215332,9499.0
2024-08-21 15:57:00,MERC,6.284999847412109,6.284999847412109,6.295000076293945,6.28000020980835,6.295000076293945,6719.0
2024-08-21 15:57:00,METC,12.085000038146973,12.085000038146973,12.09000015258789,12.079999923706055,12.079999923706055,5941.0
2024-08-21 15:57:00,ORGN,1.5099999904632568,1.5099999904632568,1.5099999904632568,1.5099999904632568,1.5099999904632568,345.0
2024-08-21 15:57:00,PAAS,21.600000381469727,21.600000381469727,21.6200008392334,21.600000381469727,21.6200008392334,22685.0
2024-08-21 15:57:00,PLL,9.289999961853027,9.289999961853027,9.3100004196167,9.289999961853027,9.300000190734863,4039.0
2024-08-21 15:57:00,PPTA,8.760000228881836,8.760000228881836,8.760000228881836,8.75,8.75,2690.0
2024-08-21 15:57:00,RGLD,140.8699951171875,140.8699951171875,140.8699951171875,140.6999969482422,140.75,2567.0
2024-08-21 15:57:00,SEED,2.4000000953674316,2.4000000953674316,2.4000000953674316,2.4000000953674316,2.4000000953674316,193.0
2024-08-21 15:57:00,SGML,11.4399995803833,11.4399995803833,11.454999923706055,11.425000190734863,11.454999923706055,13793.0
2024-08-21 15:57:00,SMID,32.400001525878906,32.400001525878906,32.415000915527344,32.400001525878906,32.415000915527344,1302.0
2024-08-21 15:57:00,SSRM,5.45989990234375,5.45989990234375,5.45989990234375,5.445000171661377,5.449999809265137,15292.0
2024-08-21 15:57:00,STLD,119.12999725341797,119.12999725341797,119.12999725341797,119.01499938964844,119.02999877929688,10764.0
2024-08-21 15:57:00,TMC,1.070099949836731,1.070099949836731,1.0750000476837158,1.070099949836731,1.0713000297546387,2030.0
2024-08-21 15:57:00,UFPI,120.88999938964844,120.88999938964844,120.88999938964844,120.83999633789062,120.83999633789062,1330.0
2024-08-21 15:57:00,USAP,40.20000076293945,40.20000076293945,40.20000076293945,40.189998626708984,40.20000076293945,2103.0
2024-08-21 15:57:00,USAU,5.550000190734863,5.550000190734863,5.550000190734863,5.550000190734863,5.550000190734863,107.0
2024-08-21 15:57:00,USLM,78.30000305175781,78.30000305175781,78.3499984741211,78.30000305175781,78.3499984741211,972.0
2024-08-21 15:57:00,WDFC,252.63999938964844,252.63999938964844,252.63999938964844,252.63999938964844,252.63999938964844,512.0
2024-08-21 15:57:00,ZEUS,41.38999938964844,41.38999938964844,41.38999938964844,41.38999938964844,41.38999938964844,460.0
2024-08-21 15:58:00,ALTO,1.440000057220459,1.440000057220459,1.4450000524520874,1.440000057220459,1.4450000524520874,3840.0
2024-08-21 15:58:00,AREC,0.5303999781608582,0.5303999781608582,0.5303999781608582,0.5303999781608582,0.5303999781608582,1145.0
2024-08-21 15:58:00,ASTL,9.744999885559082,9.744999885559082,9.744999885559082,9.729999542236328,9.729999542236328,6422.0
2024-08-21 15:58:00,CENX,14.600000381469727,14.600000381469727,14.614999771118164,14.600000381469727,14.604999542236328,20179.0
2024-08-21 15:58:00,CNEY,0.33629998564720154,0.33629998564720154,0.33629998564720154,0.33629998564720154,0.33629998564720154,628.0
2024-08-21 15:58:00,CRKN,1.8140000104904175,1.8140000104904175,1.8200000524520874,1.8140000104904175,1.8164000511169434,1208.0
2024-08-21 15:58:00,FEAM,0.8514000177383423,0.8514000177383423,0.8537999987602234,0.8500000238418579,0.8514000177383423,3892.0
2024-08-21 15:58:00,GEVO,0.7778000235557556,0.7778000235557556,0.7782999873161316,0.7778000235557556,0.7782999873161316,4164.0
2024-08-21 15:58:00,GPRE,13.854999542236328,13.854999542236328,13.887999534606934,13.854999542236328,13.885000228881836,10464.0
2024-08-21 15:58:00,GSM,4.394999980926514,4.394999980926514,4.40500020980835,4.394999980926514,4.40500020980835,44056.0
2024-08-21 15:58:00,HDSN,8.15999984741211,8.15999984741211,8.168999671936035,8.154999732971191,8.154999732971191,9499.0
2024-08-21 15:58:00,HWKN,123.31500244140625,123.31500244140625,123.38500213623047,123.31500244140625,123.38500213623047,526.0
2024-08-21 15:58:00,HYMC,2.4890999794006348,2.4890999794006348,2.4890999794006348,2.4890999794006348,2.4890999794006348,465.0
2024-08-21 15:58:00,IOSP,111.77999877929688,111.77999877929688,111.77999877929688,111.77999877929688,111.77999877929688,1316.0
2024-08-21 15:58:00,KALU,72.29000091552734,72.29000091552734,72.29000091552734,72.29000091552734,72.29000091552734,3013.0
2024-08-21 15:58:00,LITM,0.45750001072883606,0.45750001072883606,0.45750001072883606,0.45750001072883606,0.45750001072883606,4281.0
2024-08-21 15:58:00,LWLG,2.7300000190734863,2.7300000190734863,2.7300000190734863,2.7300000190734863,2.7300000190734863,1032.0
2024-08-21 15:58:00,MEOH,44.78499984741211,44.78499984741211,44.790000915527344,44.779998779296875,44.790000915527344,5272.0
2024-08-21 15:58:00,MERC,6.269999980926514,6.269999980926514,6.284999847412109,6.269999980926514,6.284999847412109,4887.0
2024-08-21 15:58:00,METC,12.074999809265137,12.074999809265137,12.100000381469727,12.074999809265137,12.085000038146973,10480.0
2024-08-21 15:58:00,ORGN,1.5199999809265137,1.5199999809265137,1.5199999809265137,1.5099999904632568,1.5099999904632568,35043.0
2024-08-21 15:58:00,PAAS,21.600000381469727,21.600000381469727,21.610000610351562,21.59000015258789,21.610000610351562,27197.0
2024-08-21 15:58:00,PLL,9.288000106811523,9.288000106811523,9.295000076293945,9.288000106811523,9.289999961853027,2129.0
2024-08-21 15:58:00,PPTA,8.760000228881836,8.760000228881836,8.760000228881836,8.75,8.75,1432.0
2024-08-21 15:58:00,RGLD,140.91000366210938,140.91000366210938,140.9499969482422,140.8000030517578,140.82000732421875,4235.0
2024-08-21 15:58:00,SEED,2.4100000858306885,2.4100000858306885,2.4100000858306885,2.4100000858306885,2.4100000858306885,305.0
2024-08-21 15:58:00,SGML,11.454999923706055,11.454999923706055,11.460000038146973,11.430000305175781,11.4399995803833,55970.0
2024-08-21 15:58:00,SSRM,5.454999923706055,5.454999923706055,5.454999923706055,5.449999809265137,5.454999923706055,16294.0
2024-08-21 15:58:00,STLD,119.12000274658203,119.12000274658203,119.16999816894531,119.04499816894531,119.12999725341797,17872.0
2024-08-21 15:58:00,UFPI,120.9000015258789,120.9000015258789,120.9000015258789,120.77999877929688,120.77999877929688,2757.0
2024-08-21 15:58:00,USAP,40.22650146484375,40.22650146484375,40.279998779296875,40.22650146484375,40.22999954223633,1478.0
2024-08-21 15:58:00,WDFC,252.61000061035156,252.61000061035156,252.61000061035156,252.61000061035156,252.61000061035156,429.0
2024-08-21 15:58:00,ZEUS,41.290000915527344,41.290000915527344,41.29999923706055,41.279998779296875,41.29999923706055,2115.0
2024-08-21 15:59:00,ALTO,1.440000057220459,1.440000057220459,1.4450000524520874,1.440000057220459,1.4450000524520874,8196.0
2024-08-21 15:59:00,AREC,0.5530999898910522,0.5530999898910522,0.5530999898910522,0.5486000180244446,0.5486000180244446,1609.0
2024-08-21 15:59:00,ASTL,9.739999771118164,9.739999771118164,9.75,9.734999656677246,9.744999885559082,12159.0
2024-08-21 15:59:00,BCPC,169.25999450683594,169.25999450683594,169.4199981689453,169.25999450683594,169.4199981689453,1472.0
2024-08-21 15:59:00,CENX,14.600000381469727,14.600000381469727,14.609999656677246,14.600000381469727,14.604999542236328,20245.0
2024-08-21 15:59:00,CRKN,1.8100999593734741,1.8100999593734741,1.8200000524520874,1.8100999593734741,1.8200000524520874,3051.0
2024-08-21 15:59:00,ELBM,0.508899986743927,0.508899986743927,0.517799973487854,0.508899986743927,0.517799973487854,4725.0
2024-08-21 15:59:00,FEAM,0.8514999747276306,0.8514999747276306,0.8550999760627747,0.8514999747276306,0.8550999760627747,2021.0
2024-08-21 15:59:00,GEVO,0.7799000144004822,0.7799000144004822,0.7799999713897705,0.776199996471405,0.7782999873161316,10250.0
2024-08-21 15:59:00,GPRE,13.819999694824219,13.819999694824219,13.850000381469727,13.8100004196167,13.850000381469727,31794.0
2024-08-21 15:59:00,GSM,4.40500020980835,4.40500020980835,4.409999847412109,4.394999980926514,4.394999980926514,50450.0
2024-08-21 15:59:00,HDSN,8.170000076293945,8.170000076293945,8.180000305175781,8.154999732971191,8.154999732971191,8108.0
2024-08-21 15:59:00,HWKN,123.36000061035156,123.36000061035156,123.36000061035156,123.36000061035156,123.36000061035156,1086.0
2024-08-21 15:59:00,HYMC,2.4800000190734863,2.4800000190734863,2.484999895095825,2.4800000190734863,2.48009991645813,3123.0
2024-08-21 15:59:00,HYMCL,0.02800000086426735,0.02800000086426735,0.02800000086426735,0.02800000086426735,0.02800000086426735,1878.0
2024-08-21 15:59:00,IOSP,111.68000030517578,111.68000030517578,111.69999694824219,111.6500015258789,111.6500015258789,2762.0
2024-08-21 15:59:00,IPX,15.390000343322754,15.390000343322754,15.390000343322754,15.390000343322754,15.390000343322754,155.0
2024-08-21 15:59:00,KALU,72.22000122070312,72.22000122070312,72.22000122070312,72.0,72.0199966430664,2254.0
2024-08-21 15:59:00,LGO,1.9199999570846558,1.9199999570846558,1.9199999570846558,1.9199999570846558,1.9199999570846558,179.0
2024-08-21 15:59:00,LOOP,1.399999976158142,1.399999976158142,1.399999976158142,1.399999976158142,1.399999976158142,206.0
2024-08-21 15:59:00,LWLG,2.7200000286102295,2.7200000286102295,2.740000009536743,2.7200000286102295,2.7300000190734863,20484.0
2024-08-21 15:59:00,MEOH,44.75,44.75,44.790000915527344,44.75,44.790000915527344,7873.0
2024-08-21 15:59:00,MERC,6.260000228881836,6.260000228881836,6.28000020980835,6.239999771118164,6.269999980926514,31038.0
2024-08-21 15:59:00,METC,12.100000381469727,12.100000381469727,12.119999885559082,12.069999694824219,12.074999809265137,17375.0
2024-08-21 15:59:00,NTIC,12.8100004196167,12.8100004196167,12.8100004196167,12.8100004196167,12.8100004196167,267.0
2024-08-21 15:59:00,ORGN,1.5199999809265137,1.5199999809265137,1.5199999809265137,1.5099999904632568,1.5149999856948853,11517.0
2024-08-21 15:59:00,PAAS,21.579999923706055,21.579999923706055,21.610000610351562,21.579999923706055,21.600000381469727,40805.0
2024-08-21 15:59:00,PLL,9.279999732971191,9.279999732971191,9.300000190734863,9.279999732971191,9.289999961853027,11529.0
2024-08-21 15:59:00,PPTA,8.789999961853027,8.789999961853027,8.800000190734863,8.760000228881836,8.760000228881836,7658.0
2024-08-21 15:59:00,RGLD,141.00999450683594,141.00999450683594,141.0800018310547,140.88999938964844,140.88999938964844,10924.0
2024-08-21 15:59:00,SEED,2.4103000164031982,2.4103000164031982,2.440000057220459,2.4100000858306885,2.4100000858306885,3204.0
2024-08-21 15:59:00,SGML,11.390000343322754,11.390000343322754,11.454999923706055,11.380000114440918,11.454999923706055,100514.0
2024-08-21 15:59:00,SMID,31.559999465942383,31.559999465942383,31.559999465942383,31.559999465942383,31.559999465942383,829.0
2024-08-21 15:59:00,SSRM,5.460000038146973,5.460000038146973,5.460000038146973,5.445000171661377,5.460000038146973,90847.0
2024-08-21 15:59:00,STLD,119.05000305175781,119.05000305175781,119.16000366210938,119.02999877929688,119.09500122070312,41289.0
2024-08-21 15:59:00,TMC,1.0800000429153442,1.0800000429153442,1.0800000429153442,1.0750000476837158,1.0750000476837158,2009.0
2024-08-21 15:59:00,UFPI,120.91000366210938,120.91000366210938,120.91000366210938,120.75,120.81999969482422,4284.0
2024-08-21 15:59:00,USAP,40.224998474121094,40.224998474121094,40.224998474121094,40.224998474121094,40.224998474121094,2831.0
2024-08-21 15:59:00,USAU,5.5,5.5,5.501500129699707,5.5,5.5,545.0
2024-08-21 15:59:00,WDFC,252.6300048828125,252.6300048828125,252.6300048828125,252.6300048828125,252.6300048828125,1738.0
2024-08-21 15:59:00,ZEUS,41.34000015258789,41.34000015258789,41.34000015258789,41.34000015258789,41.34000015258789,1569.0
